day,year,day_of_year,x,y,distance_km,water_l,snow_l,wet_organic_kg,dry_organic_kg,electricity_kwh,heat_kwh,mass_kg,water_deficit_hours,organic_deficit_hours,thermal_deficit_hours,niche_count,operational,failure,max_ledger_error,actions
1,1,1,12,11,1.25,4018.44751,0,775,2547.106689,178.004822,0.066647,32082.054688,0,0,0,4,1,None,0.000488,"capture dust|burn dry organic matter|power intake and harvest|heat caravan|reject heat|maintain caravan water circuit|maintain living structure|maintain electrical systems|move|movement water loss|movement organic maintenance|grow Парус|grow Солнечный лист|grow Резервуар|grow Органическое хранилище|grow Каркас"
2,1,2,12,11,2.25,3843.755371,0,1000,2476.677979,178.009232,0.067758,32583.224609,0,0,0,4,1,None,0.000977,"capture dust|burn dry organic matter|power intake and harvest|heat caravan|reject heat|maintain caravan water circuit|maintain living structure|maintain electrical systems|move|movement water loss|movement organic maintenance|grow Парус|grow Солнечный лист|grow Резервуар|grow Органическое хранилище|grow Каркас"
3,1,3,15,12,3.559017,3679.058838,0,1225,2406.217773,166.271362,0,33040.832031,0,0,0,4,1,None,0.000977,"harvest live biomass|harvest dry biomass|capture dust|burn dry organic matter|power intake and harvest|heat caravan|reject heat|maintain caravan water circuit|maintain living structure|maintain electrical systems|grow Парус|grow Солнечный лист|grow Резервуар|grow Органическое хранилище|grow Каркас"
4,1,4,14,11,5.059017,3516.818848,0,1225,2065.599121,177.976013,0.072544,32545.791016,0,0,0,4,1,None,0.000977,"capture dust|burn dry organic matter|power intake and harvest|heat caravan|reject heat|maintain caravan water circuit|maintain living structure|maintain electrical systems|move|movement water loss|movement organic maintenance|grow Парус|grow Солнечный лист|grow Резервуар|grow Органическое хранилище|grow Каркас"
5,1,5,12,11,6.368034,3356.193359,0,1450,1994.845825,178.457352,0,33038.90625,0,0,0,4,1,None,0.001953,"burn dry organic matter|heat caravan|reject heat|maintain caravan water circuit|maintain living structure|maintain electrical systems|grow Парус|grow Солнечный лист|grow Резервуар|grow Органическое хранилище|grow Каркас"
6,1,6,12,11,7.721587,3198.171387,0,1562.165283,1924.184692,178.457382,0,33167.953125,0,0,0,4,1,None,0.001953,"burn dry organic matter|heat caravan|reject heat|maintain caravan water circuit|maintain living structure|maintain electrical systems|grow Парус|grow Солнечный лист|grow Резервуар|grow Органическое хранилище|grow Каркас"
7,1,7,12,11,8.575141,3039.813965,0,1669.546631,1853.55481,169.835922,0,33281.386719,0,0,0,4,1,None,0.001953,"harvest live biomass|harvest dry biomass|burn dry organic matter|power intake and harvest|heat caravan|reject heat|maintain caravan water circuit|maintain living structure|maintain electrical systems|grow Парус|grow Солнечный лист|grow Резервуар|grow Органическое хранилище|grow Каркас"
8,1,8,13,13,9.825141,2870.616455,0,1669.546631,1512.781006,178.457352,0,32770.214844,0,0,0,4,1,None,0.001953,"burn dry organic matter|heat caravan|reject heat|maintain caravan water circuit|maintain living structure|maintain electrical systems|grow Парус|grow Солнечный лист|grow Резервуар|grow Органическое хранилище|grow Каркас"
9,1,9,13,12,10.575141,2687.730957,0,1894.546631,1441.568604,178.421356,0,33250.953125,0,0,0,4,1,None,0.001953,"capture dust|burn dry organic matter|power intake and harvest|heat caravan|reject heat|maintain caravan water circuit|maintain living structure|maintain electrical systems|grow Парус|grow Солнечный лист|grow Резервуар|grow Органическое хранилище|grow Каркас"
10,1,10,13,12,11.075141,2501.14502,0,2015.846924,1370.399536,178.001633,0.067155,33358.90625,0,0,0,4,1,None,0.001953,"capture dust|burn dry organic matter|power intake and harvest|heat caravan|reject heat|maintain caravan water circuit|maintain living structure|maintain electrical systems|move|movement water loss|movement organic maintenance|grow Парус|grow Солнечный лист|grow Резервуар|grow Органическое хранилище|grow Каркас"
11,1,11,13,13,11.325141,2303.331055,0,2101.335205,1091.974609,178.421356,0,33183.835938,0,0,0,4,1,None,0.001953,"capture dust|burn dry organic matter|power intake and harvest|heat caravan|reject heat|maintain caravan water circuit|maintain living structure|maintain electrical systems|move|movement water loss|movement organic maintenance|grow Парус|grow Солнечный лист|grow Резервуар|grow Органическое хранилище|grow Каркас"
12,1,12,13,10,14.767724,4640.348145,0,2101.335205,1082.940063,178.421265,0,35487.664063,0,0,0,4,1,None,0.001953,"capture dust|burn dry organic matter|power intake and harvest|heat caravan|reject heat|maintain caravan water circuit|maintain living structure|maintain electrical systems|grow Парус|grow Солнечный лист|grow Резервуар|grow Органическое хранилище|grow Каркас"
13,1,13,13,11,15.517724,4451.587402,0,2186.348633,868.119141,178.401306,0,35383.722656,0,0,0,4,1,None,0.001953,"harvest dry biomass|capture dust|burn dry organic matter|power intake and harvest|heat caravan|reject heat|maintain caravan water circuit|maintain living structure|maintain electrical systems|grow Парус|grow Солнечный лист|grow Резервуар|grow Органическое хранилище|grow Каркас"
14,1,14,13,11,15.517724,4250.047363,0,2186.348633,528.754395,178.414139,0,34818.664063,0,0,0,4,1,None,0.001953,"harvest dry biomass|capture dust|burn dry organic matter|power intake and harvest|heat caravan|reject heat|maintain caravan water circuit|maintain living structure|maintain electrical systems|grow Парус|grow Солнечный лист|grow Резервуар|grow Органическое хранилище|grow Каркас"
15,1,15,13,11,16.371277,4054.724609,0,2266.27124,347.673065,178.414246,0,34673.863281,0,0,0,4,1,None,0.001953,"harvest dry biomass|capture dust|burn dry organic matter|power intake and harvest|heat caravan|reject heat|maintain caravan water circuit|maintain living structure|maintain electrical systems|grow Парус|grow Солнечный лист|grow Резервуар|grow Органическое хранилище|grow Каркас"
16,1,16,12,11,18.063234,4302.710938,0,2716.27124,546.900757,178.421249,0,36588.679688,0,0,0,4,1,None,0.001953,"capture dust|burn dry organic matter|power intake and harvest|heat caravan|reject heat|maintain caravan water circuit|maintain living structure|maintain electrical systems|grow Парус|grow Солнечный лист|grow Резервуар|grow Органическое хранилище|grow Каркас"
17,1,17,13,11,18.813234,4136.286133,0,2716.27124,235.654434,178.313644,0,36086.859375,0,0,0,4,1,None,0.001953,"harvest dry biomass|capture dust|burn dry organic matter|power intake and harvest|heat caravan|reject heat|maintain caravan water circuit|maintain living structure|maintain electrical systems|move|movement water loss|movement organic maintenance"
18,1,18,13,8,20.977449,3966.006104,0,2941.27124,174.483978,178.519974,0,36584.886719,0,0,0,4,1,None,0.001953,"harvest dry biomass|burn dry organic matter|power intake and harvest|heat caravan|reject heat|maintain caravan water circuit|maintain living structure|maintain electrical systems|move|movement water loss|movement organic maintenance"
19,1,19,10,11,22.977449,5065.658691,0,3166.27124,372.533264,173.056198,0,38605.722656,0,0,0,4,1,None,0.001953,"harvest dry biomass|burn dry organic matter|power intake and harvest|heat caravan|reject heat|maintain caravan water circuit|maintain living structure|maintain electrical systems|grow Сборщик сухой массы|grow Органическое хранилище|grow Биореактор / топка"
20,1,20,13,11,25.536467,4901.919922,0,3166.27124,300.065552,177.906158,0.088164,38368.308594,0,0,0,4,1,None,0.001953,"burn dry organic matter|heat caravan|reject heat|maintain caravan water circuit|maintain living structure|maintain electrical systems|move|movement water loss|movement organic maintenance|grow Парус|grow Солнечный лист|grow Резервуар|grow Органическое хранилище|grow Каркас"
21,1,21,13,11,28.157785,4735.687012,0,3166.27124,227.949127,178.707184,0,38128.757813,0,0,0,4,1,None,0.001953,"burn dry organic matter|heat caravan|reject heat|maintain caravan water circuit|maintain living structure|maintain electrical systems"
22,1,22,10,10,31.243866,4568.128418,0,3166.27124,158.308823,177.38353,0.207093,37890.363281,0,0,0,4,1,None,0.001953,"harvest dry biomass|burn dry organic matter|power intake and harvest|heat caravan|reject heat|maintain caravan water circuit|maintain living structure|maintain electrical systems|move|movement water loss|movement organic maintenance"
23,1,23,13,11,33.506023,4399.973145,0,3166.27124,365.369934,174.473282,0.637416,37928.070313,0,0,0,4,1,None,0.001953,"burn dry organic matter|heat caravan|reject heat|maintain caravan water circuit|maintain living structure|maintain electrical systems|move|movement water loss|movement organic maintenance|grow Парус|grow Солнечный лист|grow Резервуар|grow Органическое хранилище|grow Каркас"
24,1,24,13,11,35.447979,4219.682617,0,3166.27124,296.811951,178.421127,0,37698.714844,0,0,0,4,1,None,0.001953,"capture dust|burn dry organic matter|power intake and harvest|heat caravan|reject heat|maintain caravan water circuit|maintain living structure|maintain electrical systems|move|movement water loss|movement organic maintenance|grow Парус|grow Солнечный лист|grow Резервуар|grow Органическое хранилище|grow Каркас"
25,1,25,12,11,36.797565,5304.312012,0,3166.27124,225.42485,178.671112,0,38688.101563,0,0,0,4,1,None,0.001953,"capture dust|burn dry organic matter|power intake and harvest|heat caravan|reject heat|maintain caravan water circuit|maintain living structure|maintain electrical systems"
26,1,26,11,13,39.557446,5109.31543,0,3166.27124,155.708557,177.464844,0.188483,38450.988281,0,0,0,4,1,None,0.001953,"harvest dry biomass|capture dust|burn dry organic matter|power intake and harvest|heat caravan|reject heat|maintain caravan water circuit|maintain living structure|maintain electrical systems|move|movement water loss|movement organic maintenance"
27,1,27,13,12,42.283974,4907.018555,0,3166.27124,354.545776,178.421082,0,38423.386719,0,0,0,4,1,None,0.001953,"capture dust|burn dry organic matter|power intake and harvest|heat caravan|reject heat|maintain caravan water circuit|maintain living structure|maintain electrical systems|move|movement water loss|movement organic maintenance|grow Парус|grow Солнечный лист|grow Резервуар|grow Органическое хранилище|grow Каркас"
28,1,28,13,12,44.365112,4701.672363,0,3166.27124,284.063873,178.421066,0,38175.148438,0,0,0,4,1,None,0.001953,"capture dust|burn dry organic matter|power intake and harvest|heat caravan|reject heat|maintain caravan water circuit|maintain living structure|maintain electrical systems|move|movement water loss|movement organic maintenance|grow Парус|grow Солнечный лист|grow Резервуар|grow Органическое хранилище|grow Каркас"
29,1,29,12,11,46.645889,4523.405762,0,3166.27124,213.57431,178.671051,0,37902.25,0,0,0,4,1,None,0.001953,"capture dust|burn dry organic matter|power intake and harvest|heat caravan|reject heat|maintain caravan water circuit|maintain living structure|maintain electrical systems"
30,1,30,15,8,49.797276,4349.005371,0,3166.27124,173.248199,178.613617,0,37715.121094,0,0,0,4,1,None,0.001953,"harvest dry biomass|capture dust|burn dry organic matter|power intake and harvest|heat caravan|reject heat|maintain caravan water circuit|maintain living structure|maintain electrical systems|move|movement water loss|movement organic maintenance"
31,1,31,10,15,52.009323,4175.550293,0,3166.27124,406.360168,173.021744,0,37744.808594,0,0,0,4,1,None,0.001953,"harvest dry biomass|capture dust|burn dry organic matter|power intake and harvest|heat caravan|reject heat|maintain caravan water circuit|maintain living structure|maintain electrical systems|grow Сборщик сухой массы|grow Органическое хранилище|grow Биореактор / топка"
32,1,32,13,11,56.798199,5264.673828,0,3166.27124,325.33667,178.421005,0,38776.507813,0,0,0,4,1,None,0.001953,"capture dust|burn dry organic matter|power intake and harvest|heat caravan|reject heat|maintain caravan water circuit|maintain living structure|maintain electrical systems|move|movement water loss|movement organic maintenance|grow Парус|grow Солнечный лист|grow Резервуар|grow Органическое хранилище|grow Каркас"
33,1,33,13,11,59.369545,5097.138184,0,3166.27124,276.679779,178.121414,0.088976,38528.082031,0,0,0,4,1,None,0.001953,"capture dust|burn dry organic matter|power intake and harvest|heat caravan|reject heat|maintain caravan water circuit|maintain living structure|maintain electrical systems|move|movement water loss|movement organic maintenance"
34,1,34,13,12,64.612602,4930.786133,0,3166.27124,203.083099,178.706955,0,38296.6875,0,0,0,4,1,None,0.001953,"burn dry organic matter|heat caravan|reject heat|maintain caravan water circuit|maintain living structure|maintain electrical systems"
35,1,35,12,11,73.013359,4763.706055,0,3166.27124,390.147034,147.939438,4.312811,38323.105469,0,0,0,4,1,None,0.001953,"burn dry organic matter|heat caravan|reject heat|maintain caravan water circuit|maintain living structure|maintain electrical systems|move|movement water loss|movement organic maintenance|grow Парус|grow Солнечный лист|grow Резервуар|grow Органическое хранилище|grow Каркас"
36,1,36,13,11,75.334709,4598.280762,0,3166.27124,324.279602,178.456909,0,38092.546875,0,0,0,4,1,None,0.001953,"burn dry organic matter|heat caravan|reject heat|maintain caravan water circuit|maintain living structure|maintain electrical systems|grow Парус|grow Солнечный лист|grow Резервуар|grow Органическое хранилище|grow Каркас"
37,1,37,12,11,78.33239,4422.228516,0,3166.27124,250.483093,178.670868,0,37851.820313,0,0,0,4,1,None,0.001953,"capture dust|burn dry organic matter|power intake and harvest|heat caravan|reject heat|maintain caravan water circuit|maintain living structure|maintain electrical systems"
38,1,38,9,12,84.683395,4245.951172,0,3166.27124,178.080917,176.631668,0.324962,37575.5,0,0,0,4,1,None,0.001953,"harvest dry biomass|capture dust|burn dry organic matter|power intake and harvest|heat caravan|reject heat|maintain caravan water circuit|maintain living structure|maintain electrical systems|move|movement water loss|movement organic maintenance"
39,1,39,12,11,86.591995,5336.504883,0,3166.27124,368.005646,178.420807,0,38879.984375,0,0,0,4,1,None,0.001953,"capture dust|burn dry organic matter|power intake and harvest|heat caravan|reject heat|maintain caravan water circuit|maintain living structure|maintain electrical systems|grow Парус|grow Солнечный лист|grow Резервуар|grow Органическое хранилище|grow Каркас"
40,1,40,12,11,88.394775,5160.717773,0,3166.27124,300.401062,178.420792,0,38612.589844,0,0,0,4,1,None,0.001953,"capture dust|burn dry organic matter|power intake and harvest|heat caravan|reject heat|maintain caravan water circuit|maintain living structure|maintain electrical systems|grow Парус|grow Солнечный лист|grow Резервуар|grow Органическое хранилище|grow Каркас"
41,1,41,13,11,91.70031,4968.996094,0,3166.27124,227.522873,178.670776,0,38375.597656,0,0,0,4,1,None,0.001953,"capture dust|burn dry organic matter|power intake and harvest|heat caravan|reject heat|maintain caravan water circuit|maintain living structure|maintain electrical systems|move|movement water loss|movement organic maintenance"
42,1,42,16,8,96.306053,4770.649902,0,3166.27124,149.659836,178.661377,0,38075.234375,0,0,0,4,1,None,0.001953,"harvest dry biomass|capture dust|burn dry organic matter|power intake and harvest|heat caravan|reject heat|maintain caravan water circuit|maintain living structure|maintain electrical systems|move|movement water loss|movement organic maintenance"
43,1,43,13,11,99.545403,4578.686035,0,3166.27124,341.792114,178.420761,0,38103.007813,0,0,0,4,1,None,0.001953,"capture dust|burn dry organic matter|power intake and harvest|heat caravan|reject heat|maintain caravan water circuit|maintain living structure|maintain electrical systems|grow Парус|grow Солнечный лист|grow Резервуар|grow Органическое хранилище|grow Каркас"
44,1,44,13,11,104.053589,4389.880859,0,3166.27124,264.828583,178.6707,0,37834.085938,0,0,0,4,1,None,0.001953,"capture dust|burn dry organic matter|power intake and harvest|heat caravan|reject heat|maintain caravan water circuit|maintain living structure|maintain electrical systems"
45,1,45,15,7,110.938377,4208.692383,0,3166.27124,177.787292,178.034592,0.10066,37618.101563,0,0,0,4,1,None,0.001953,"harvest dry biomass|capture dust|collect chitin|burn dry organic matter|power intake and harvest|heat caravan|reject heat|maintain caravan water circuit|maintain living structure|maintain electrical systems|move|movement water loss|movement organic maintenance"
46,1,46,13,11,114.2351,4035.545898,0,3166.27124,371.000702,178.420654,0,37614.027344,0,0,0,4,1,None,0.001953,"capture dust|burn dry organic matter|power intake and harvest|heat caravan|reject heat|maintain caravan water circuit|maintain living structure|maintain electrical systems|grow Парус|grow Солнечный лист|grow Резервуар|grow Органическое хранилище|grow Каркас"
47,1,47,13,11,116.296654,5131.810547,0,3166.27124,305.444794,178.420624,0,38671.773438,0,0,0,4,1,None,0.001953,"capture dust|burn dry organic matter|power intake and harvest|heat caravan|reject heat|maintain caravan water circuit|maintain living structure|maintain electrical systems|grow Парус|grow Солнечный лист|grow Резервуар|grow Органическое хранилище|grow Каркас"
48,1,48,13,11,122.70742,4967.280762,0,3166.208008,219.492859,178.671722,0,38392.914063,0,0,0,4,1,None,0.001953,"capture dust|burn dry organic matter|power intake and harvest|heat caravan|reject heat|spoil wet organic matter|maintain caravan water circuit|maintain living structure|maintain electrical systems"
49,1,49,12,11,129.050339,4803.203125,0,3166.186035,403.208496,171.917603,1.046241,38415.824219,0,0,0,4,1,None,0.001953,"burn dry organic matter|heat caravan|reject heat|maintain caravan water circuit|maintain living structure|maintain electrical systems|move|movement water loss|movement organic maintenance|grow Парус|grow Солнечный лист|grow Резервуар|grow Органическое хранилище|grow Каркас"
50,1,50,13,11,132.300339,4640.208496,0,3166.141113,326.724731,178.456573,0,38179.101563,0,0,0,4,1,None,0.001953,"burn dry organic matter|heat caravan|reject heat|spoil wet organic matter|maintain caravan water circuit|maintain living structure|maintain electrical systems|grow Парус|grow Солнечный лист|grow Резервуар|grow Органическое хранилище|grow Каркас"
51,1,51,13,11,135.457291,4474.520996,0,3166.077148,251.243332,178.146729,0.089573,37936.535156,0,0,0,4,1,None,0.001953,"burn dry organic matter|heat caravan|reject heat|spoil wet organic matter|maintain caravan water circuit|maintain living structure|maintain electrical systems|move|movement water loss|movement organic maintenance"
52,1,52,13,15,142.182785,4302.505859,0,3165.967041,165.647217,177.036179,0.267037,37679.6875,0,0,0,4,1,None,0.001953,"harvest dry biomass|burn dry organic matter|power intake and harvest|heat caravan|reject heat|spoil wet organic matter|maintain caravan water circuit|maintain living structure|maintain electrical systems|move|movement water loss|movement organic maintenance"
53,1,53,12,7,146.769089,4118.273926,0,3165.846191,151.82431,178.669479,0,37500.371094,0,0,0,4,1,None,0.001953,"harvest dry biomass|capture dust|burn dry organic matter|power intake and harvest|heat caravan|reject heat|spoil wet organic matter|maintain caravan water circuit|maintain living structure|maintain electrical systems|move|movement water loss|movement organic maintenance"
54,1,54,13,11,150.855392,3929.862061,0,3165.606934,347.362457,175.780716,0.422355,37482.652344,0,0,0,4,1,None,0.001953,"capture dust|burn dry organic matter|power intake and harvest|heat caravan|reject heat|spoil wet organic matter|maintain caravan water circuit|maintain living structure|maintain electrical systems|move|movement water loss|movement organic maintenance|grow Парус|grow Солнечный лист|grow Резервуар|grow Органическое хранилище|grow Каркас"
55,1,55,13,11,153.72644,3725.949707,0,3165.380615,271.91687,178.670425,0,37230.226563,0,0,0,4,1,None,0.001953,"capture dust|burn dry organic matter|power intake and harvest|heat caravan|reject heat|spoil wet organic matter|maintain caravan water circuit|maintain living structure|maintain electrical systems"
56,1,56,13,11,157.103333,3527.800537,0,3165.078857,186.180313,178.670395,0,36921.226563,0,0,0,4,1,None,0.001953,"capture dust|burn dry organic matter|power intake and harvest|heat caravan|reject heat|spoil wet organic matter|maintain caravan water circuit|maintain living structure|maintain electrical systems"
57,1,57,18,12,161.607346,3346.050537,0,3164.708008,372.426392,173.003662,0,36952.207031,0,0,0,4,1,None,0.001953,"harvest dry biomass|capture dust|burn dry organic matter|power intake and harvest|heat caravan|reject heat|spoil wet organic matter|maintain caravan water circuit|maintain living structure|maintain electrical systems|grow Сборщик сухой массы|grow Органическое хранилище|grow Биореактор / топка"
58,1,58,12,11,165.192749,3168.200195,0,3164.182373,310.032013,178.420349,0,36686.152344,0,0,0,4,1,None,0.001953,"capture dust|burn dry organic matter|power intake and harvest|heat caravan|reject heat|spoil wet organic matter|maintain caravan water circuit|maintain living structure|maintain electrical systems|grow Парус|grow Солнечный лист|grow Резервуар|grow Органическое хранилище|grow Каркас"
59,1,59,13,11,167.942749,2984.960938,0,3163.394043,246.920273,178.670303,0,36465,0,0,0,4,1,None,0.001953,"capture dust|burn dry organic matter|power intake and harvest|heat caravan|reject heat|spoil wet organic matter|maintain caravan water circuit|maintain living structure|maintain electrical systems"
60,1,60,8,14,175.26088,2809.201172,0,3162.543213,164.446671,175.6745,0.479184,36178.949219,0,0,0,4,1,None,0.001953,"harvest dry biomass|capture dust|burn dry organic matter|power intake and harvest|heat caravan|reject heat|spoil wet organic matter|maintain caravan water circuit|maintain living structure|maintain electrical systems|move|movement water loss|movement organic maintenance"
61,1,61,13,11,179.218613,2640.407959,0,3161.556641,363.482422,174.692337,0.596466,36226.570313,0,0,0,4,1,None,0.001953,"capture dust|burn dry organic matter|power intake and harvest|heat caravan|reject heat|spoil wet organic matter|maintain caravan water circuit|maintain living structure|maintain electrical systems|move|movement water loss|movement organic maintenance|grow Парус|grow Солнечный лист|grow Резервуар|grow Органическое хранилище|grow Каркас"
62,1,62,12,11,181.271378,2470.968018,0,3160.352051,303.17215,178.420242,0,35965.867188,0,0,0,4,1,None,0.001953,"capture dust|burn dry organic matter|power intake and harvest|heat caravan|reject heat|spoil wet organic matter|maintain caravan water circuit|maintain living structure|maintain electrical systems|grow Парус|grow Солнечный лист|grow Резервуар|grow Органическое хранилище|grow Каркас"
63,1,63,12,11,184.670441,2300.830566,0,3159.139893,220.898621,178.673035,0,35735.757813,0,0,0,4,1,None,0.001953,"capture dust|burn dry organic matter|power intake and harvest|heat caravan|reject heat|spoil wet organic matter|maintain caravan water circuit|maintain living structure|maintain electrical systems"
64,1,64,12,11,195.792328,4659.150879,0,3382.232178,413.431519,172.340607,0.978498,39007.679688,0,0,0,4,1,None,0.001953,"burn dry organic matter|heat caravan|reject heat|spoil wet organic matter|maintain caravan water circuit|maintain living structure|maintain electrical systems|move|movement water loss|movement organic maintenance|grow Парус|grow Солнечный лист|grow Резервуар|grow Органическое хранилище|grow Каркас"
65,1,65,13,11,199.57785,4493.847168,0,3380.631836,342.403503,178.437088,0,38724.097656,0,0,0,4,1,None,0.001953,"capture dust|burn dry organic matter|power intake and harvest|heat caravan|reject heat|spoil wet organic matter|maintain caravan water circuit|maintain living structure|maintain electrical systems|grow Парус|grow Солнечный лист|grow Резервуар|grow Органическое хранилище|grow Каркас"
66,1,66,13,11,205.351364,4325.181641,0,3379.035889,271.416901,178.706177,0,38478.285156,0,0,0,4,1,None,0.001953,"burn dry organic matter|heat caravan|reject heat|spoil wet organic matter|maintain caravan water circuit|maintain living structure|maintain electrical systems"
67,1,67,13,11,207.985687,4150.026855,0,3377.259033,189.188171,178.67009,0,38217.785156,0,0,0,4,1,None,0.001953,"capture dust|burn dry organic matter|power intake and harvest|heat caravan|reject heat|spoil wet organic matter|maintain caravan water circuit|maintain living structure|maintain electrical systems"
68,1,68,18,8,212.260437,3963.816895,0,3375.37915,378.289398,172.998886,0,38268.679688,0,0,0,4,1,None,0.001953,"harvest dry biomass|capture dust|burn dry organic matter|power intake and harvest|heat caravan|reject heat|spoil wet organic matter|maintain caravan water circuit|maintain living structure|maintain electrical systems|grow Сборщик сухой массы|grow Органическое хранилище|grow Биореактор / топка"
69,1,69,13,11,217.349777,3768.299561,0,3373.348877,318.357849,178.420059,0,37984.683594,0,0,0,4,1,None,0.001953,"capture dust|burn dry organic matter|power intake and harvest|heat caravan|reject heat|spoil wet organic matter|maintain caravan water circuit|maintain living structure|maintain electrical systems|grow Парус|grow Солнечный лист|grow Резервуар|grow Органическое хранилище|grow Каркас"
70,1,70,13,11,220.742203,3568.5979,0,3371.290283,247.105011,178.669998,0,37734.984375,0,0,0,4,1,None,0.001953,"capture dust|burn dry organic matter|power intake and harvest|heat caravan|reject heat|spoil wet organic matter|maintain caravan water circuit|maintain living structure|maintain electrical systems"
71,1,71,11,5,225.238815,3365.143799,0,3369.102783,166.125473,178.669983,0,37419.550781,0,0,0,4,1,None,0.001953,"capture dust|burn dry organic matter|power intake and harvest|heat caravan|reject heat|spoil wet organic matter|maintain caravan water circuit|maintain living structure|maintain electrical systems|move|movement water loss|movement organic maintenance"
72,1,72,12,11,229.615402,3174.118164,0,3366.780762,368.016113,178.456039,0,37447.257813,0,0,0,4,1,None,0.001953,"burn dry organic matter|heat caravan|reject heat|spoil wet organic matter|maintain caravan water circuit|maintain living structure|maintain electrical systems|move|movement water loss|movement organic maintenance|grow Парус|grow Солнечный лист|grow Резервуар|grow Органическое хранилище|grow Каркас"
73,1,73,13,11,232.906784,2990.535645,0,3364.313477,309.971344,178.419952,0,37173.90625,0,0,0,4,1,None,0.001953,"capture dust|burn dry organic matter|power intake and harvest|heat caravan|reject heat|spoil wet organic matter|maintain caravan water circuit|maintain living structure|maintain electrical systems|grow Парус|grow Солнечный лист|grow Резервуар|grow Органическое хранилище|grow Каркас"
74,1,74,13,12,244.560257,2814.592285,0,3361.077393,234.196106,168.931946,0,36932.574219,0,0,0,4,1,None,0.001953,"capture dust|burn dry organic matter|power intake and harvest|heat caravan|reject heat|spoil wet organic matter|maintain caravan water circuit|maintain living structure|maintain electrical systems"
75,1,75,10,17,257.338928,2644.129395,0,3357.335938,168.556503,160.830856,0.554567,36693.539063,0,0,0,4,1,None,0.001953,"capture dust|burn dry organic matter|power intake and harvest|heat caravan|reject heat|spoil wet organic matter|maintain caravan water circuit|maintain living structure|maintain electrical systems|move|movement water loss|movement organic maintenance"
76,1,76,13,11,266.856903,2475.694824,0,3353.585938,376.053833,165.052795,0.080402,36722.019531,0,0,0,4,1,None,0.001953,"burn dry organic matter|heat caravan|reject heat|spoil wet organic matter|maintain caravan water circuit|maintain living structure|maintain electrical systems|move|movement water loss|movement organic maintenance|grow Парус|grow Солнечный лист|grow Резервуар|grow Органическое хранилище|grow Каркас"
77,1,77,13,11,270.058441,2302.706543,0,3350.091553,320.199249,178.431366,0,36483.566406,0,0,0,4,1,None,0.001953,"capture dust|burn dry organic matter|power intake and harvest|heat caravan|reject heat|spoil wet organic matter|maintain caravan water circuit|maintain living structure|maintain electrical systems|grow Парус|grow Солнечный лист|grow Резервуар|grow Органическое хранилище|grow Каркас"
78,1,78,12,11,281.294678,4655.717285,0,3345.672119,258.015289,178.676865,0,38718.101563,0,0,0,4,1,None,0.001953,"capture dust|burn dry organic matter|power intake and harvest|heat caravan|reject heat|spoil wet organic matter|maintain caravan water circuit|maintain living structure|maintain electrical systems"
79,1,79,13,17,292.071533,4482.319824,0,3341.102539,174.345764,172.299057,0.036725,38457.007813,0,0,0,4,1,None,0.001953,"capture dust|burn dry organic matter|power intake and harvest|heat caravan|reject heat|spoil wet organic matter|maintain caravan water circuit|maintain living structure|maintain electrical systems|move|movement water loss|movement organic maintenance"
80,1,80,12,11,302.403229,4310.004883,0,3336.204346,374.517548,161.566559,0.087557,38468.433594,0,0,0,4,1,None,0.001953,"burn dry organic matter|heat caravan|reject heat|spoil wet organic matter|maintain caravan water circuit|maintain living structure|maintain electrical systems|move|movement water loss|movement organic maintenance|grow Парус|grow Солнечный лист|grow Резервуар|grow Органическое хранилище|grow Каркас"
81,1,81,13,11,309.126587,4131.377441,0,3331.425049,299.617462,178.419693,0,38204.347656,0,0,0,4,1,None,0.003906,"capture dust|burn dry organic matter|power intake and harvest|heat caravan|reject heat|spoil wet organic matter|maintain caravan water circuit|maintain living structure|maintain electrical systems|grow Парус|grow Солнечный лист|grow Резервуар|grow Органическое хранилище|grow Каркас"
82,1,82,13,12,314.889893,3944.812012,0,3326.381592,225.477554,178.669647,0,37952.042969,0,0,0,4,1,None,0.003906,"capture dust|burn dry organic matter|power intake and harvest|heat caravan|reject heat|spoil wet organic matter|maintain caravan water circuit|maintain living structure|maintain electrical systems"
83,1,83,13,12,324.200989,3764.09668,0,3320.631348,413.383026,172.153824,1.002522,37907.730469,0,0,0,4,1,None,0.003906,"capture dust|burn dry organic matter|power intake and harvest|heat caravan|reject heat|spoil wet organic matter|maintain caravan water circuit|maintain living structure|maintain electrical systems|move|movement water loss|movement organic maintenance|grow Парус|grow Солнечный лист|grow Резервуар|grow Органическое хранилище|grow Каркас"
84,1,84,13,11,330.003662,3577.266357,0,3314.539063,341.730499,178.419586,0,37647.171875,0,0,0,4,1,None,0.003906,"capture dust|burn dry organic matter|power intake and harvest|heat caravan|reject heat|spoil wet organic matter|maintain caravan water circuit|maintain living structure|maintain electrical systems|move|movement water loss|movement organic maintenance|grow Парус|grow Солнечный лист|grow Резервуар|grow Органическое хранилище|grow Каркас"
85,1,85,13,11,332.739746,3389.307617,0,3309.03125,278.561646,178.669556,0,37355.585938,0,0,0,4,1,None,0.003906,"capture dust|burn dry organic matter|power intake and harvest|heat caravan|reject heat|spoil wet organic matter|maintain caravan water circuit|maintain living structure|maintain electrical systems|move|movement water loss|movement organic maintenance"
86,1,86,13,10.999999,340.499634,3187.596191,0,3302.903809,205.433228,178.669525,0,37082.175781,0,0,0,4,1,None,0.003906,"capture dust|burn dry organic matter|power intake and harvest|heat caravan|reject heat|spoil wet organic matter|maintain caravan water circuit|maintain living structure|maintain electrical systems"
87,1,87,13,12,349.884155,2998.949463,0,3296.207031,394.93808,173.692352,0.762125,37075.46875,0,0,0,5,1,None,0.003906,"burn dry organic matter|heat caravan|reject heat|spoil wet organic matter|maintain caravan water circuit|maintain living structure|maintain electrical systems|move|movement water loss|movement organic maintenance|grow Парус|grow Солнечный лист|grow Резервуар|grow Органическое хранилище|grow Каркас"
88,1,88,13,11,356.381165,2814.672119,0,3289.373047,324.855377,178.419449,0,36766.128906,0,0,0,5,1,None,0.003906,"capture dust|burn dry organic matter|power intake and harvest|heat caravan|reject heat|spoil wet organic matter|maintain caravan water circuit|maintain living structure|maintain electrical systems|grow Парус|grow Солнечный лист|grow Резервуар|grow Органическое хранилище|grow Каркас"
89,1,89,12,11,362.070953,2646.194824,0,3282.603271,265.860931,172.034317,0,36541.71875,0,0,0,5,1,None,0.003906,"capture dust|burn dry organic matter|power intake and harvest|heat caravan|reject heat|spoil wet organic matter|maintain caravan water circuit|maintain living structure|maintain electrical systems"
90,1,90,15,15,372.779083,2476.370605,0,3275.003418,189.185181,163.713394,0.29413,36277.625,0,0,0,5,1,None,0.003906,"capture dust|burn dry organic matter|power intake and harvest|heat caravan|reject heat|spoil wet organic matter|maintain caravan water circuit|maintain living structure|maintain electrical systems|move|movement water loss|movement organic maintenance"
91,1,91,23,19,383.911316,2304.171143,0,3266.994385,382.367004,132.79097,7.306339,36275.433594,0,0,0,5,1,None,0.003906,"burn dry organic matter|heat caravan|reject heat|spoil wet organic matter|maintain caravan water circuit|maintain living structure|maintain electrical systems|move|movement water loss|movement organic maintenance|grow Водозабор|grow Снегосборник|grow Резервуар|grow Тепловой орган|atrophy Сушильный орган"
92,1,92,13,11,397.68045,4668.766602,0,3258.967529,302.2948,119.940269,0,38538.007813,0,0,0,5,1,None,0.003906,"burn dry organic matter|heat caravan|reject heat|spoil wet organic matter|maintain caravan water circuit|maintain living structure|maintain electrical systems|grow Парус|grow Солнечный лист|grow Резервуар|grow Органическое хранилище|grow Каркас|atrophy Снегосборник|atrophy Сушильный орган|atrophy Тепловой орган"
93,1,93,13,11,406.04483,4500.48291,0,3251.170654,234.901978,173.42952,0,38276.667969,0,0,0,5,1,None,0.003906,"burn dry organic matter|heat caravan|reject heat|spoil wet organic matter|maintain caravan water circuit|maintain living structure|maintain electrical systems|atrophy Снегосборник|atrophy Сушильный орган|atrophy Тепловой орган"
94,1,94,15,16,418.529205,4326.516602,0,3242.682617,161.910599,163.556885,0,38001.910156,0,0,0,5,1,None,0.003906,"burn dry organic matter|heat caravan|reject heat|spoil wet organic matter|maintain caravan water circuit|maintain living structure|maintain electrical systems|move|movement water loss|movement organic maintenance|atrophy Снегосборник|atrophy Сушильный орган|atrophy Тепловой орган"
95,1,95,12,11,428.255768,4154.214844,0,3233.883301,369.77124,167.77774,0,38008.679688,0,0,0,5,1,None,0.003906,"burn dry organic matter|heat caravan|reject heat|spoil wet organic matter|maintain caravan water circuit|maintain living structure|maintain electrical systems|grow Парус|grow Солнечный лист|grow Резервуар|grow Органическое хранилище|grow Каркас|atrophy Снегосборник|atrophy Сушильный орган|atrophy Тепловой орган"
96,1,96,13,11,434.962708,3974.916504,0,3225.194336,302.855988,178.419662,0,37739.601563,0,0,0,5,1,None,0.003906,"capture dust|burn dry organic matter|power intake and harvest|heat caravan|reject heat|spoil wet organic matter|maintain caravan water circuit|maintain living structure|maintain electrical systems|grow Парус|grow Солнечный лист|grow Резервуар|grow Органическое хранилище|grow Каркас|atrophy Снегосборник|atrophy Сушильный орган|atrophy Тепловой орган"
97,1,97,13,11,439.160828,3795.114746,0,3216.282471,236.580429,178.136444,0.085328,37429.550781,0,0,0,5,1,None,0.003906,"capture dust|burn dry organic matter|power intake and harvest|heat caravan|reject heat|spoil wet organic matter|maintain caravan water circuit|maintain living structure|maintain electrical systems|move|movement water loss|movement organic maintenance|atrophy Снегосборник|atrophy Сушильный орган|atrophy Тепловой орган"
98,1,98,19,8,450.684326,3599.306641,0,3207.392822,158.936096,178.669785,0,37148.761719,0,0,0,5,1,None,0.003906,"capture dust|burn dry organic matter|power intake and harvest|heat caravan|reject heat|spoil wet organic matter|maintain caravan water circuit|maintain living structure|maintain electrical systems|move|movement water loss|movement organic maintenance|atrophy Снегосборник|atrophy Сушильный орган|atrophy Тепловой орган"
99,1,99,13,11,460.177734,4670.364746,0,3197.601318,368.353363,133.495804,0,38419.078125,0,0,0,5,1,None,0.003906,"capture dust|burn dry organic matter|power intake and harvest|heat caravan|reject heat|spoil wet organic matter|maintain caravan water circuit|maintain living structure|maintain electrical systems|grow Парус|grow Солнечный лист|grow Резервуар|grow Органическое хранилище|grow Каркас|atrophy Снегосборник|atrophy Сушильный орган|atrophy Тепловой орган"
100,1,100,13,12,465.81015,4473.639648,0,3187.542725,302.695709,178.419952,0,38101.515625,0,0,0,5,1,None,0.003906,"capture dust|burn dry organic matter|power intake and harvest|heat caravan|reject heat|spoil wet organic matter|maintain caravan water circuit|maintain living structure|maintain electrical systems|grow Парус|grow Солнечный лист|grow Резервуар|grow Органическое хранилище|grow Каркас|atrophy Снегосборник|atrophy Сушильный орган|atrophy Тепловой орган"
101,1,101,13,11,477.438171,4287.910156,0,3177.172363,230.117722,120.493492,4.676575,37827.65625,0,0,0,5,1,None,0.003906,"burn dry organic matter|heat caravan|reject heat|spoil wet organic matter|maintain caravan water circuit|maintain living structure|maintain electrical systems|move|movement water loss|movement organic maintenance|atrophy Снегосборник|atrophy Сушильный орган|atrophy Тепловой орган"
102,1,102,7,1,489.772095,4111.003418,0,3391.513428,423.359253,134.752441,0.452862,38543.933594,0,0,0,5,1,None,0.003906,"harvest live biomass|harvest dry biomass|burn dry organic matter|power intake and harvest|heat caravan|reject heat|spoil wet organic matter|maintain caravan water circuit|maintain living structure|maintain electrical systems|move|movement water loss|movement organic maintenance|grow Сборщик сухой массы|grow Органическое хранилище|grow Биореактор / топка|atrophy Снегосборник|atrophy Сушильный орган|atrophy Тепловой орган"
103,1,103,13,11,505.662079,3930.956299,0,3380.105225,355.946075,111.343353,4.813128,38215.746094,0,0,0,5,1,None,0.003906,"burn dry organic matter|heat caravan|reject heat|spoil wet organic matter|maintain caravan water circuit|maintain living structure|maintain electrical systems|move|movement water loss|movement organic maintenance|grow Парус|grow Солнечный лист|grow Резервуар|grow Органическое хранилище|grow Каркас|atrophy Снегосборник|atrophy Сушильный орган|atrophy Тепловой орган"
104,1,104,7,1,515.836853,3754.021484,0,3368.493652,444.06308,139.63916,0.447671,38096.519531,0,0,0,5,1,None,0.003906,"harvest dry biomass|burn dry organic matter|power intake and harvest|heat caravan|reject heat|spoil wet organic matter|maintain caravan water circuit|maintain living structure|maintain electrical systems|move|movement water loss|movement organic maintenance|grow Сборщик сухой массы|grow Органическое хранилище|grow Биореактор / топка|atrophy Снегосборник|atrophy Сушильный орган|atrophy Тепловой орган"
105,1,105,13,11,531.629822,3577.852051,0,3356.561035,377.69101,117.186165,4.826633,37815.40625,0,0,0,5,1,None,0.003906,"burn dry organic matter|heat caravan|reject heat|spoil wet organic matter|maintain caravan water circuit|maintain living structure|maintain electrical systems|move|movement water loss|movement organic maintenance|grow Парус|grow Солнечный лист|grow Резервуар|grow Органическое хранилище|grow Каркас|atrophy Снегосборник|atrophy Сушильный орган|atrophy Тепловой орган"
106,1,106,13,11,542.781616,3404.543701,0,3344.775391,320.695129,114.805748,4.819763,37546.957031,0,0,0,5,1,None,0.003906,"burn dry organic matter|heat caravan|reject heat|spoil wet organic matter|maintain caravan water circuit|maintain living structure|maintain electrical systems|move|movement water loss|movement organic maintenance|grow Парус|grow Солнечный лист|grow Резервуар|grow Органическое хранилище|grow Каркас|atrophy Снегосборник|atrophy Сушильный орган|atrophy Тепловой орган"
107,1,107,13,11,547.713989,3232.807617,0,3332.628906,262.294159,164.846375,2.217627,37277.558594,0,0,0,5,1,None,0.003906,"burn dry organic matter|heat caravan|reject heat|spoil wet organic matter|maintain caravan water circuit|maintain living structure|maintain electrical systems|move|movement water loss|movement organic maintenance|atrophy Снегосборник|atrophy Сушильный орган|atrophy Тепловой орган"
108,1,108,16,1,558.012207,3063.347168,0,3320.349365,457.657867,162.606598,0,37263.820313,0,0,0,5,1,None,0.003906,"harvest dry biomass|burn dry organic matter|power intake and harvest|heat caravan|reject heat|spoil wet organic matter|maintain caravan water circuit|maintain living structure|maintain electrical systems|grow Сборщик сухой массы|grow Органическое хранилище|grow Биореактор / топка|atrophy Снегосборник|atrophy Сушильный орган|atrophy Тепловой орган"
109,1,109,13,12,569.46405,2887.712402,0,3307.55127,390.761414,151.796097,4.265684,36980.015625,0,0,0,5,1,None,0.003906,"burn dry organic matter|heat caravan|reject heat|spoil wet organic matter|maintain caravan water circuit|maintain living structure|maintain electrical systems|move|movement water loss|movement organic maintenance|grow Парус|grow Солнечный лист|grow Резервуар|grow Органическое хранилище|grow Каркас|atrophy Снегосборник|atrophy Сушильный орган|atrophy Тепловой орган"
110,1,110,12,11,580.349182,2709.042969,0,3294.798096,336.506195,102.660713,4.390802,36705.941406,0,0,0,5,1,None,0.003906,"burn dry organic matter|heat caravan|reject heat|spoil wet organic matter|maintain caravan water circuit|maintain living structure|maintain electrical systems|move|movement water loss|movement organic maintenance|grow Парус|grow Солнечный лист|grow Резервуар|grow Органическое хранилище|grow Каркас|atrophy Снегосборник|atrophy Сушильный орган|atrophy Тепловой орган"
111,1,111,13,11,585.987671,2536.033936,0,3281.107666,279.102692,151.705414,4.320219,36439.597656,0,0,0,5,1,None,0.003906,"burn dry organic matter|heat caravan|reject heat|spoil wet organic matter|maintain caravan water circuit|maintain living structure|maintain electrical systems|move|movement water loss|movement organic maintenance|atrophy Снегосборник|atrophy Сушильный орган|atrophy Тепловой орган"
112,1,112,13,11,598.484863,2353.804199,0,3266.923828,215.498566,124.02832,4.315147,36160.613281,0,0,0,5,1,None,0.003906,"burn dry organic matter|heat caravan|reject heat|spoil wet organic matter|maintain caravan water circuit|maintain living structure|maintain electrical systems|move|movement water loss|movement organic maintenance|atrophy Снегосборник|atrophy Сушильный орган|atrophy Тепловой орган"
113,1,113,7,1,603.550232,4696.9375,0,3475.98877,421.961884,170.123627,0.463059,39391.820313,0,0,0,6,1,None,0.003906,"harvest dry biomass|burn dry organic matter|power intake and harvest|heat caravan|reject heat|spoil wet organic matter|maintain caravan water circuit|maintain living structure|maintain electrical systems|move|movement water loss|movement organic maintenance|grow Сборщик сухой массы|grow Органическое хранилище|grow Биореактор / топка|atrophy Снегосборник|atrophy Сушильный орган|atrophy Тепловой орган"
114,1,114,13,11,612.29126,4500.489258,0,3459.75415,355.443909,166.337463,1.933319,39047.015625,0,0,0,6,1,None,0.003906,"capture dust|burn dry organic matter|power intake and harvest|reject heat|spoil wet organic matter|maintain caravan water circuit|maintain living structure|maintain electrical systems|move|movement water loss|movement organic maintenance|grow Парус|grow Солнечный лист|grow Резервуар|grow Органическое хранилище|grow Каркас|atrophy Снегосборник|atrophy Сушильный орган|atrophy Тепловой орган"
115,1,115,13,12,618.897705,4307.30957,0,3443.171143,298.529755,146.519669,5.109976,38769.132813,0,0,0,6,1,None,0.003906,"burn dry organic matter|heat caravan|reject heat|spoil wet organic matter|maintain caravan water circuit|maintain living structure|maintain electrical systems|move|movement water loss|movement organic maintenance|grow Парус|grow Солнечный лист|grow Резервуар|grow Органическое хранилище|grow Каркас|atrophy Снегосборник|atrophy Сушильный орган|atrophy Тепловой орган"
116,1,116,13,11,630.430054,4122.435059,0,3426.90332,236.404068,118.26667,4.68696,38488.09375,0,0,0,6,1,None,0.003906,"burn dry organic matter|heat caravan|reject heat|spoil wet organic matter|maintain caravan water circuit|maintain living structure|maintain electrical systems|move|movement water loss|movement organic maintenance|atrophy Снегосборник|atrophy Сушильный орган|atrophy Тепловой орган"
117,1,117,7,1,641.349121,3944.793945,0,3410.749756,314.955994,141.922256,0.450291,38297.292969,0,0,0,6,1,None,0.003906,"harvest dry biomass|burn dry organic matter|power intake and harvest|heat caravan|reject heat|spoil wet organic matter|maintain caravan water circuit|maintain living structure|maintain electrical systems|move|movement water loss|movement organic maintenance|grow Сборщик сухой массы|grow Органическое хранилище|grow Биореактор / топка|atrophy Снегосборник|atrophy Сушильный орган|atrophy Тепловой орган"
118,1,118,13,11,650.372986,3774.137207,0,3394.314941,262.143036,147.531036,4.54492,38034.148438,0,0,0,6,1,None,0.003906,"burn dry organic matter|reject heat|spoil wet organic matter|maintain caravan water circuit|maintain living structure|maintain electrical systems|move|movement water loss|movement organic maintenance|atrophy Снегосборник|atrophy Сушильный орган|atrophy Тепловой орган"
119,1,119,7,1,662.599121,3603.3125,0,3377.486328,193.841217,143.090942,0.440149,37747.003906,0,0,0,6,1,None,0.003906,"burn dry organic matter|reject heat|spoil wet organic matter|maintain caravan water circuit|maintain living structure|maintain electrical systems|move|movement water loss|movement organic maintenance|atrophy Снегосборник|atrophy Сушильный орган|atrophy Тепловой орган"
120,1,120,13,12,676.64801,4699.60791,0,3360.848633,406.215149,111.571396,8.925709,39002.351563,0,0,0,6,1,None,0.003906,"withdraw surface water|burn dry organic matter|power intake and harvest|reject heat|spoil wet organic matter|maintain caravan water circuit|maintain living structure|maintain electrical systems|move|movement water loss|movement organic maintenance|grow Парус|grow Солнечный лист|grow Резервуар|grow Органическое хранилище|grow Каркас|atrophy Снегосборник|atrophy Сушильный орган|atrophy Тепловой орган"
121,1,121,13,12,688.087769,4530.025879,0,3344.204346,347.885254,113.509781,5.145922,38721.09375,0,0,0,6,1,None,0.003906,"burn dry organic matter|reject heat|spoil wet organic matter|maintain caravan water circuit|maintain living structure|maintain electrical systems|move|movement water loss|movement organic maintenance|grow Парус|grow Солнечный лист|grow Резервуар|grow Органическое хранилище|grow Каркас|atrophy Снегосборник|atrophy Сушильный орган|atrophy Тепловой орган"
122,1,122,13,11,696.77771,4357.682129,0,3325.716064,297.624695,153.4077,2.215524,38439.371094,0,0,0,6,1,None,0.003906,"burn dry organic matter|reject heat|spoil wet organic matter|maintain caravan water circuit|maintain living structure|maintain electrical systems|move|movement water loss|movement organic maintenance|grow Парус|grow Солнечный лист|grow Резервуар|grow Органическое хранилище|grow Каркас|atrophy Снегосборник|atrophy Сушильный орган|atrophy Тепловой орган"
123,1,123,13,11,708.822998,4184.02002,0,3307.719482,237.725662,117.529175,4.853491,38148.25,0,0,0,6,1,None,0.003906,"burn dry organic matter|reject heat|spoil wet organic matter|maintain caravan water circuit|maintain living structure|maintain electrical systems|move|movement water loss|movement organic maintenance|atrophy Снегосборник|atrophy Сушильный орган|atrophy Тепловой орган"
124,1,124,7,2,721.502441,4010.31665,0,3290.347656,172.162003,141.81221,0.534899,37853.386719,0,0,0,6,1,None,0.003906,"burn dry organic matter|reject heat|spoil wet organic matter|maintain caravan water circuit|maintain living structure|maintain electrical systems|move|movement water loss|movement organic maintenance|atrophy Снегосборник|atrophy Сушильный орган|atrophy Тепловой орган"
125,1,125,13,12,730.263428,3835.968262,0,3274.655762,382.872925,169.859833,1.375632,37839.378906,0,0,0,6,1,None,0.003906,"burn dry organic matter|reject heat|spoil wet organic matter|maintain caravan water circuit|maintain living structure|maintain electrical systems|move|movement water loss|movement organic maintenance|grow Парус|grow Солнечный лист|grow Резервуар|grow Органическое хранилище|grow Каркас|atrophy Снегосборник|atrophy Сушильный орган|atrophy Тепловой орган"
126,1,126,13,12,733.488953,3647.279297,0,3256.449463,330.720032,172.386414,0.96558,37566.28125,0,0,0,6,1,None,0.003906,"capture dust|burn dry organic matter|power intake and harvest|reject heat|spoil wet organic matter|maintain caravan water circuit|maintain living structure|maintain electrical systems|move|movement water loss|movement organic maintenance|grow Парус|grow Солнечный лист|grow Резервуар|grow Органическое хранилище|grow Каркас|atrophy Снегосборник|atrophy Сушильный орган|atrophy Тепловой орган"
127,1,127,13,11,742.286316,3454.082275,0,3236.678223,279.2995,151.158875,4.40781,37232.472656,0,0,0,6,1,None,0.003906,"burn dry organic matter|reject heat|spoil wet organic matter|maintain caravan water circuit|maintain living structure|maintain electrical systems|move|movement water loss|movement organic maintenance|atrophy Снегосборник|atrophy Сушильный орган|atrophy Тепловой орган"
128,1,128,13,11,749.054321,3262.509766,0,3216.665283,217.756729,151.559753,4.343678,36940.9375,0,0,0,6,1,None,0.003906,"burn dry organic matter|reject heat|spoil wet organic matter|maintain caravan water circuit|maintain living structure|maintain electrical systems|move|movement water loss|movement organic maintenance|atrophy Снегосборник|atrophy Сушильный орган|atrophy Тепловой орган"
129,1,129,13,12,756.982056,3078.848877,0,3197.047363,414.705475,175.27388,0.503612,36861.75,0,0,0,6,1,None,0.003906,"capture dust|burn dry organic matter|power intake and harvest|reject heat|spoil wet organic matter|maintain caravan water circuit|maintain living structure|maintain electrical systems|move|movement water loss|movement organic maintenance|grow Ростовая ткань|grow Каркас|atrophy Снегосборник|atrophy Сушильный орган|atrophy Тепловой орган"
130,1,130,13,12,758.563232,2894.852539,0,3299.730469,363.209076,176.06546,0.376318,37011.121094,0,0,0,6,1,None,0.003906,"capture dust|burn dry organic matter|power intake and harvest|reject heat|spoil wet organic matter|maintain caravan water circuit|maintain living structure|maintain electrical systems|move|movement water loss|movement organic maintenance|grow Парус|grow Солнечный лист|grow Резервуар|grow Органическое хранилище|grow Каркас|atrophy Снегосборник|atrophy Сушильный орган|atrophy Тепловой орган"
131,1,131,13,12,766.03894,2710.150146,0,3278.874756,312.676727,142.041489,4.612488,36682.644531,0,0,0,6,1,None,0.003906,"burn dry organic matter|reject heat|spoil wet organic matter|maintain caravan water circuit|maintain living structure|maintain electrical systems|move|movement water loss|movement organic maintenance|grow Парус|grow Солнечный лист|grow Резервуар|grow Органическое хранилище|grow Каркас|atrophy Снегосборник|atrophy Сушильный орган|atrophy Тепловой орган"
132,1,132,13,11,771.648987,2529.743896,0,3258.755127,265.285065,149.380081,4.21599,36405.117188,0,0,0,6,1,None,0.003906,"burn dry organic matter|reject heat|spoil wet organic matter|maintain caravan water circuit|maintain living structure|maintain electrical systems|move|movement water loss|movement organic maintenance|atrophy Снегосборник|atrophy Сушильный орган|atrophy Тепловой орган"
133,1,133,13,11,787.399475,2353.128418,0,3238.877686,200.318619,141.965103,4.471548,36110.980469,0,0,0,6,1,None,0.003906,"burn dry organic matter|reject heat|spoil wet organic matter|maintain caravan water circuit|maintain living structure|maintain electrical systems|move|movement water loss|movement organic maintenance|atrophy Снегосборник|atrophy Сушильный орган|atrophy Тепловой орган"
134,1,134,9,5,798.929199,4720.608887,0,3441.407471,418.324829,166.425903,0,39354.527344,0,0,0,6,1,None,0.003906,"harvest dry biomass|burn dry organic matter|power intake and harvest|reject heat|spoil wet organic matter|maintain caravan water circuit|maintain living structure|maintain electrical systems|grow Сборщик сухой массы|grow Органическое хранилище|grow Биореактор / топка|atrophy Снегосборник|atrophy Сушильный орган|atrophy Тепловой орган"
135,1,135,13,11,813.609497,4544.059082,0,3420.842529,362.252106,114.395439,4.81168,39061.722656,0,0,0,6,1,None,0.003906,"burn dry organic matter|reject heat|spoil wet organic matter|maintain caravan water circuit|maintain living structure|maintain electrical systems|move|movement water loss|movement organic maintenance|grow Парус|grow Солнечный лист|grow Резервуар|grow Органическое хранилище|grow Каркас|atrophy Снегосборник|atrophy Сушильный орган|atrophy Тепловой орган"
136,1,136,13,11,825.102844,4374.186035,0,3400.486816,316.557739,132.310913,4.840302,38783.152344,0,0,0,6,1,None,0.003906,"burn dry organic matter|reject heat|spoil wet organic matter|maintain caravan water circuit|maintain living structure|maintain electrical systems|move|movement water loss|movement organic maintenance|grow Парус|grow Солнечный лист|grow Резервуар|grow Органическое хранилище|grow Каркас|atrophy Снегосборник|atrophy Сушильный орган|atrophy Тепловой орган"
137,1,137,13,12,830.956543,4208.341797,0,3377.108398,269.792603,161.973541,2.677382,38495.984375,0,0,0,6,1,None,0.003906,"burn dry organic matter|reject heat|spoil wet organic matter|maintain caravan water circuit|maintain living structure|maintain electrical systems|move|movement water loss|movement organic maintenance|atrophy Снегосборник|atrophy Сушильный орган|atrophy Тепловой орган"
138,1,138,13,11,843.69873,4035.236572,0,3356.354004,204.772812,138.81842,4.849659,38191.539063,0,0,0,6,1,None,0.003906,"burn dry organic matter|reject heat|spoil wet organic matter|maintain caravan water circuit|maintain living structure|maintain electrical systems|move|movement water loss|movement organic maintenance|atrophy Снегосборник|atrophy Сушильный орган|atrophy Тепловой орган"
139,1,139,13,12,852.920776,3862.402832,0,3336.425293,420.510681,169.509399,1.431184,38170.695313,0,0,0,6,1,None,0.003906,"burn dry organic matter|reject heat|spoil wet organic matter|maintain caravan water circuit|maintain living structure|maintain electrical systems|move|movement water loss|movement organic maintenance|grow Парус|grow Солнечный лист|grow Резервуар|grow Органическое хранилище|grow Каркас|atrophy Снегосборник|atrophy Сушильный орган|atrophy Тепловой орган"
140,1,140,13,13,860.359558,3680.019043,0,3314.221436,362.099518,178.131775,0,37864.859375,0,0,0,6,1,None,0.003906,"capture dust|burn dry organic matter|power intake and harvest|reject heat|spoil wet organic matter|maintain caravan water circuit|maintain living structure|maintain electrical systems|move|movement water loss|movement organic maintenance|grow Парус|grow Солнечный лист|grow Резервуар|grow Органическое хранилище|grow Каркас|atrophy Снегосборник|atrophy Сушильный орган|atrophy Тепловой орган"
141,1,141,13,12,862.730896,3487.982422,0,3291.738525,312.714844,178.418045,0,37528.992188,0,0,0,6,1,None,0.003906,"capture dust|burn dry organic matter|power intake and harvest|reject heat|spoil wet organic matter|maintain caravan water circuit|maintain living structure|maintain electrical systems|grow Парус|grow Солнечный лист|grow Резервуар|grow Органическое хранилище|grow Каркас|atrophy Снегосборник|atrophy Сушильный орган|atrophy Тепловой орган"
142,1,142,13,12,866.085022,3292.894531,0,3270.753662,264.147888,178.671036,0,37247.265625,0,0,0,6,1,None,0.003906,"capture dust|burn dry organic matter|power intake and harvest|reject heat|spoil wet organic matter|maintain caravan water circuit|maintain living structure|maintain electrical systems|atrophy Снегосборник|atrophy Сушильный орган|atrophy Тепловой орган"
143,1,143,14,20,870.607849,3109.438721,0,3251.251465,467.262909,173.004044,0,37165.269531,0,0,0,6,1,None,0.003906,"harvest dry biomass|burn dry organic matter|power intake and harvest|reject heat|spoil wet organic matter|maintain caravan water circuit|maintain living structure|maintain electrical systems|move|movement water loss|movement organic maintenance|grow Сборщик сухой массы|grow Органическое хранилище|grow Биореактор / топка|atrophy Снегосборник|atrophy Сушильный орган|atrophy Тепловой орган"
144,1,144,15,18,874.204529,2921.960205,0,3453.665283,408.363342,166.230743,0,37594.535156,0,0,0,6,1,None,0.003906,"harvest live biomass|harvest dry biomass|capture dust|burn dry organic matter|power intake and harvest|reject heat|spoil wet organic matter|maintain caravan water circuit|maintain living structure|maintain electrical systems|grow Сборщик сухой массы|grow Органическое хранилище|grow Биореактор / топка|atrophy Снегосборник|atrophy Сушильный орган|atrophy Тепловой орган"
145,1,145,8,2,885.020386,2741.18457,0,3431.445068,185.727951,146.893417,0.140757,37131.027344,0,0,0,6,1,None,0.003906,"burn dry organic matter|reject heat|spoil wet organic matter|maintain caravan water circuit|maintain living structure|maintain electrical systems|move|movement water loss|movement organic maintenance|atrophy Снегосборник|atrophy Сушильный орган|atrophy Тепловой орган"
146,1,146,13,11,898.146545,5105.774902,0,3409.188721,403.415802,108.161591,9.760082,39645.820313,0,0,0,6,1,None,0.003906,"withdraw surface water|burn dry organic matter|power intake and harvest|reject heat|spoil wet organic matter|maintain caravan water circuit|maintain living structure|maintain electrical systems|move|movement water loss|movement organic maintenance|grow Парус|grow Солнечный лист|grow Резервуар|grow Органическое хранилище|grow Каркас|atrophy Снегосборник|atrophy Сушильный орган|atrophy Тепловой орган"
147,1,147,13,12,911.249695,4928.501465,0,3383.900391,223.323593,112.127861,5.17498,39217.582031,0,0,0,6,1,None,0.003906,"burn dry organic matter|reject heat|spoil wet organic matter|maintain caravan water circuit|maintain living structure|maintain electrical systems|move|movement water loss|movement organic maintenance|atrophy Снегосборник|atrophy Сушильный орган|atrophy Тепловой орган"
148,1,148,9,1,923.502014,4752.526855,0,3359.199219,160.499542,165.203674,0.346317,38855.546875,0,0,0,6,1,None,0.003906,"burn dry organic matter|reject heat|spoil wet organic matter|maintain caravan water circuit|maintain living structure|maintain electrical systems|move|movement water loss|movement organic maintenance|atrophy Снегосборник|atrophy Сушильный орган|atrophy Тепловой орган"
149,1,149,13,12,932.170227,4582.05957,0,3338.589111,399.396973,157.931595,3.283735,38860.917969,0,0,0,6,1,None,0.003906,"burn dry organic matter|reject heat|spoil wet organic matter|maintain caravan water circuit|maintain living structure|maintain electrical systems|move|movement water loss|movement organic maintenance|grow Парус|grow Солнечный лист|grow Резервуар|grow Органическое хранилище|grow Каркас|atrophy Снегосборник|atrophy Сушильный орган|atrophy Тепловой орган"
150,1,150,13,12,938.713257,4412.726563,0,3316.012207,357.364777,161.377808,2.732353,38586.335938,0,0,0,6,1,None,0.003906,"burn dry organic matter|reject heat|spoil wet organic matter|maintain caravan water circuit|maintain living structure|maintain electrical systems|move|movement water loss|movement organic maintenance|grow Парус|grow Солнечный лист|grow Резервуар|grow Органическое хранилище|grow Каркас|atrophy Снегосборник|atrophy Сушильный орган|atrophy Тепловой орган"
151,1,151,13,11,949.941101,4232.65918,0,3291.155518,313.01236,143.884796,4.706495,38285.394531,0,0,0,6,1,None,0.003906,"burn dry organic matter|reject heat|spoil wet organic matter|maintain caravan water circuit|maintain living structure|maintain electrical systems|move|movement water loss|movement organic maintenance|grow Парус|grow Солнечный лист|grow Резервуар|grow Органическое хранилище|grow Каркас|atrophy Снегосборник|atrophy Сушильный орган|atrophy Тепловой орган"
152,1,152,13,11,958.497986,4061.174316,0,3267.462402,270.798279,143.625,4.714661,37996.042969,0,0,0,6,1,None,0.003906,"burn dry organic matter|reject heat|spoil wet organic matter|maintain caravan water circuit|maintain living structure|maintain electrical systems|move|movement water loss|movement organic maintenance|atrophy Снегосборник|atrophy Сушильный орган|atrophy Тепловой орган"
153,1,153,13,13,971.639404,3884.147705,0,3242.235596,208.552185,135.989944,5.458845,37676.347656,0,0,0,6,1,None,0.003906,"burn dry organic matter|reject heat|spoil wet organic matter|maintain caravan water circuit|maintain living structure|maintain electrical systems|move|movement water loss|movement organic maintenance|atrophy Снегосборник|atrophy Сушильный орган|atrophy Тепловой орган"
154,1,154,13,12,980.680786,3705.796143,0,3442.78833,287.417847,171.988495,1.06932,38225.203125,0,0,0,6,1,None,0.003906,"capture dust|burn dry organic matter|power intake and harvest|reject heat|spoil wet organic matter|maintain caravan water circuit|maintain living structure|maintain electrical systems|move|movement water loss|movement organic maintenance|atrophy Снегосборник|atrophy Сушильный орган|atrophy Тепловой орган"
155,1,155,13,11,989.220764,3518.102295,0,3415.587158,231.124954,150.247498,4.55372,37919.425781,0,0,0,6,1,None,0.003906,"burn dry organic matter|reject heat|spoil wet organic matter|maintain caravan water circuit|maintain living structure|maintain electrical systems|move|movement water loss|movement organic maintenance|atrophy Снегосборник|atrophy Сушильный орган|atrophy Тепловой орган"
156,1,156,6,19,996.515137,3329.459717,0,3391.42041,439.633179,172.999771,0,37825.144531,0,0,0,6,1,None,0.003906,"harvest dry biomass|burn dry organic matter|power intake and harvest|reject heat|spoil wet organic matter|maintain caravan water circuit|maintain living structure|maintain electrical systems|grow Сборщик сухой массы|grow Органическое хранилище|grow Биореактор / топка|atrophy Снегосборник|atrophy Сушильный орган|atrophy Тепловой орган"
157,1,157,13,11,1002.775513,3134.023682,0,3365.723145,393.690247,168.631699,1.565958,37530.347656,0,0,0,6,1,None,0.003906,"capture dust|burn dry organic matter|power intake and harvest|reject heat|spoil wet organic matter|maintain caravan water circuit|maintain living structure|maintain electrical systems|move|movement water loss|movement organic maintenance|grow Парус|grow Солнечный лист|grow Резервуар|grow Органическое хранилище|grow Каркас|atrophy Снегосборник|atrophy Сушильный орган|atrophy Тепловой орган"
158,1,158,13,12,1006.202942,2933.463379,0,3341.218506,348.954803,177.88353,0.085673,37185.132813,0,0,0,6,1,None,0.003906,"capture dust|burn dry organic matter|power intake and harvest|reject heat|spoil wet organic matter|maintain caravan water circuit|maintain living structure|maintain electrical systems|move|movement water loss|movement organic maintenance|grow Парус|grow Солнечный лист|grow Резервуар|grow Органическое хранилище|grow Каркас|atrophy Снегосборник|atrophy Сушильный орган|atrophy Тепловой орган"
159,1,159,13,12,1012.553406,2743.908447,0,3315.015625,304.203308,145.083679,4.870501,36892.734375,0,0,0,6,1,None,0.003906,"burn dry organic matter|reject heat|spoil wet organic matter|maintain caravan water circuit|maintain living structure|maintain electrical systems|move|movement water loss|movement organic maintenance|grow Парус|grow Солнечный лист|grow Резервуар|grow Органическое хранилище|grow Каркас|atrophy Снегосборник|atrophy Сушильный орган|atrophy Тепловой орган"
160,1,160,13,11,1023.838745,2557.267822,0,3290.819336,252.467178,138.339706,4.433125,36593.644531,0,0,0,6,1,None,0.003906,"burn dry organic matter|reject heat|spoil wet organic matter|maintain caravan water circuit|maintain living structure|maintain electrical systems|move|movement water loss|movement organic maintenance|atrophy Снегосборник|atrophy Сушильный орган|atrophy Тепловой орган"
161,1,161,8,0,1039.115234,3649.609375,0,3268.527588,240.843781,128.918167,0.442103,37563.753906,0,0,0,6,1,None,0.003906,"harvest dry biomass|burn dry organic matter|power intake and harvest|reject heat|spoil wet organic matter|maintain caravan water circuit|maintain living structure|maintain electrical systems|move|movement water loss|movement organic maintenance|atrophy Снегосборник|atrophy Сушильный орган|atrophy Тепловой орган"
162,1,162,17,1,1052.57959,4744.692383,0,3468.057617,455.156738,159.259201,0.377631,39515.421875,0,0,0,6,1,None,0.003906,"harvest dry biomass|burn dry organic matter|power intake and harvest|reject heat|spoil wet organic matter|maintain caravan water circuit|maintain living structure|maintain electrical systems|move|movement water loss|movement organic maintenance|grow Сборщик сухой массы|grow Органическое хранилище|grow Биореактор / топка|atrophy Снегосборник|atrophy Сушильный орган|atrophy Тепловой орган"
163,1,163,13,11,1064.959839,4567.286621,0,3443.908203,218.019531,165.227585,0.666379,39030.914063,0,0,0,6,1,None,0.003906,"burn dry organic matter|reject heat|spoil wet organic matter|maintain caravan water circuit|maintain living structure|maintain electrical systems|move|movement water loss|movement organic maintenance|atrophy Снегосборник|atrophy Сушильный орган|atrophy Тепловой орган"
164,1,164,8,0,1077.282227,4389.149414,0,3420.79834,170.519073,164.975174,0.455986,38734.941406,0,0,0,6,1,None,0.003906,"harvest dry biomass|burn dry organic matter|power intake and harvest|reject heat|spoil wet organic matter|maintain caravan water circuit|maintain living structure|maintain electrical systems|move|movement water loss|movement organic maintenance|atrophy Снегосборник|atrophy Сушильный орган|atrophy Тепловой орган"
165,1,165,8,5,1088.054565,4209.92627,0,3398.309814,404.713623,165.263916,0,38725.167969,0,0,0,6,1,None,0.003906,"harvest dry biomass|burn dry organic matter|power intake and harvest|reject heat|spoil wet organic matter|maintain caravan water circuit|maintain living structure|maintain electrical systems|grow Сборщик сухой массы|grow Органическое хранилище|grow Биореактор / топка|atrophy Снегосборник|atrophy Сушильный орган|atrophy Тепловой орган"
166,1,166,9,2,1100.279663,4027.539063,0,3372.862549,177.206207,143.297394,0.28813,38239.710938,0,0,0,6,1,None,0.003906,"harvest dry biomass|burn dry organic matter|power intake and harvest|reject heat|spoil wet organic matter|maintain caravan water circuit|maintain living structure|maintain electrical systems|move|movement water loss|movement organic maintenance|atrophy Снегосборник|atrophy Сушильный орган|atrophy Тепловой орган"
167,1,167,10,4,1110.434448,3845.481689,0,3345.593994,409.720734,166.525635,0,38205.707031,0,0,0,6,1,None,0.003906,"harvest dry biomass|burn dry organic matter|power intake and harvest|reject heat|spoil wet organic matter|maintain caravan water circuit|maintain living structure|maintain electrical systems|grow Сборщик сухой массы|grow Органическое хранилище|grow Биореактор / топка|atrophy Снегосборник|atrophy Сушильный орган|atrophy Тепловой орган"
168,1,168,6,2,1121.994385,3665.405029,0,3320.79126,176.811829,147.686707,0.900853,37713.402344,0,0,0,6,1,None,0.003906,"harvest dry biomass|burn dry organic matter|power intake and harvest|reject heat|spoil wet organic matter|maintain caravan water circuit|maintain living structure|maintain electrical systems|move|movement water loss|movement organic maintenance|atrophy Снегосборник|atrophy Сушильный орган|atrophy Тепловой орган"
169,1,169,13,12,1131.241943,3481.802734,0,3295.7146,397.739838,169.026505,1.508748,37670.546875,0,0,0,6,1,None,0.003906,"burn dry organic matter|reject heat|spoil wet organic matter|maintain caravan water circuit|maintain living structure|maintain electrical systems|move|movement water loss|movement organic maintenance|grow Парус|grow Солнечный лист|grow Резервуар|grow Органическое хранилище|grow Каркас|atrophy Снегосборник|atrophy Сушильный орган|atrophy Тепловой орган"
170,1,170,13,12,1137.33313,3298.682617,0,3494.249756,367.435822,161.78833,2.666863,38107.160156,0,0,0,6,1,None,0.003906,"burn dry organic matter|reject heat|spoil wet organic matter|maintain caravan water circuit|maintain living structure|maintain electrical systems|move|movement water loss|movement organic maintenance|grow Парус|grow Солнечный лист|grow Резервуар|grow Органическое хранилище|grow Каркас|atrophy Снегосборник|atrophy Сушильный орган|atrophy Тепловой орган"
171,1,171,13,10.999999,1145.021851,3253.647949,0,3462.215332,325.424164,171.050552,1.184921,37892.65625,0,0,0,6,1,None,0.003906,"burn dry organic matter|reject heat|spoil wet organic matter|maintain caravan water circuit|maintain living structure|maintain electrical systems|move|movement water loss|movement organic maintenance|grow Парус|grow Солнечный лист|grow Резервуар|grow Органическое хранилище|grow Каркас|atrophy Снегосборник|atrophy Сушильный орган|atrophy Тепловой орган"
172,1,172,13,12,1152.745361,3053.950195,0,3433.535156,283.403442,170.988556,1.235323,37581.222656,0,0,0,6,1,None,0.003906,"burn dry organic matter|reject heat|spoil wet organic matter|maintain caravan water circuit|maintain living structure|maintain electrical systems|move|movement water loss|movement organic maintenance|atrophy Снегосборник|atrophy Сушильный орган|atrophy Тепловой орган"
173,1,173,13,12,1158.488037,2858.84082,0,3407.373535,231.048187,178.709381,0,37222.207031,0,0,0,6,1,None,0.003906,"burn dry organic matter|reject heat|spoil wet organic matter|maintain caravan water circuit|maintain living structure|maintain electrical systems|move|movement water loss|movement organic maintenance|atrophy Снегосборник|atrophy Сушильный орган|atrophy Тепловой орган"
174,1,174,14,19,1166.098755,2674.027344,0,3381.046631,440.941406,172.994583,0,37172.640625,0,0,0,6,1,None,0.003906,"harvest dry biomass|burn dry organic matter|power intake and harvest|reject heat|spoil wet organic matter|maintain caravan water circuit|maintain living structure|maintain electrical systems|move|movement water loss|movement organic maintenance|grow Сборщик сухой массы|grow Органическое хранилище|grow Биореактор / топка|atrophy Снегосборник|atrophy Сушильный орган|atrophy Тепловой орган"
175,1,175,13,12,1173.951172,2489.094482,0,3357.199463,431.396362,172.030365,1.028188,36912.632813,0,0,0,6,1,None,0.003906,"burn dry organic matter|reject heat|spoil wet organic matter|maintain caravan water circuit|maintain living structure|maintain electrical systems|move|movement water loss|movement organic maintenance|grow Парус|grow Солнечный лист|grow Резервуар|grow Органическое хранилище|grow Каркас|atrophy Снегосборник|atrophy Сушильный орган|atrophy Тепловой орган"
176,1,176,5,11,1180.925903,3576.184814,0,3333.528564,124.956009,176.924988,0,37621.550781,0,0,0,6,1,None,0.003906,"withdraw surface water|burn dry organic matter|power intake and harvest|reject heat|spoil wet organic matter|maintain caravan water circuit|maintain living structure|maintain electrical systems|atrophy Сушильный орган"
177,1,177,13,12.000001,1189.702637,4671.463379,0,3310.120605,363.857361,163.094543,2.457946,38880.683594,0,0,0,6,1,None,0.003906,"burn dry organic matter|reject heat|spoil wet organic matter|maintain caravan water circuit|maintain living structure|maintain electrical systems|move|movement water loss|movement organic maintenance|grow Парус|grow Солнечный лист|grow Резервуар|grow Органическое хранилище|grow Каркас|atrophy Снегосборник|atrophy Сушильный орган|atrophy Тепловой орган"
178,1,178,13,12,1200.488525,4493.771484,0,3287.703125,412.610657,122.711983,8.91917,38679.820313,0,0,0,6,1,None,0.003906,"burn dry organic matter|reject heat|spoil wet organic matter|maintain caravan water circuit|maintain living structure|maintain electrical systems|move|movement water loss|movement organic maintenance|grow Парус|grow Солнечный лист|grow Резервуар|grow Органическое хранилище|grow Каркас|atrophy Снегосборник|atrophy Сушильный орган|atrophy Тепловой орган"
179,1,179,13,12,1206.443604,4314.162598,0,3266.579834,388.509888,158.443954,3.202065,38408.25,0,0,0,6,1,None,0.003906,"burn dry organic matter|reject heat|spoil wet organic matter|maintain caravan water circuit|maintain living structure|maintain electrical systems|move|movement water loss|movement organic maintenance|grow Парус|grow Солнечный лист|grow Резервуар|grow Органическое хранилище|grow Каркас|atrophy Снегосборник|atrophy Сушильный орган|atrophy Тепловой орган"
180,1,180,13,11,1217.240234,4137.819336,0,3469.216797,359.23465,146.067261,4.771797,38850.84375,0,0,0,6,1,None,0.003906,"burn dry organic matter|reject heat|spoil wet organic matter|maintain caravan water circuit|maintain living structure|maintain electrical systems|move|movement water loss|movement organic maintenance|grow Парус|grow Солнечный лист|grow Резервуар|grow Органическое хранилище|grow Каркас|atrophy Снегосборник|atrophy Сушильный орган|atrophy Тепловой орган"
181,1,181,13,11,1228.543091,3955.459717,0,3444.032227,326.756714,133.300613,4.630823,38555.292969,0,0,0,6,1,None,0.003906,"burn dry organic matter|reject heat|spoil wet organic matter|maintain caravan water circuit|maintain living structure|maintain electrical systems|move|movement water loss|movement organic maintenance|grow Парус|grow Солнечный лист|grow Резервуар|grow Органическое хранилище|grow Каркас|atrophy Снегосборник|atrophy Сушильный орган|atrophy Тепловой орган"
182,1,182,13,10.999999,1235.570313,3767.210449,0,3412.147705,289.885559,143.841248,4.619484,38237.5625,0,0,0,6,1,None,0.003906,"burn dry organic matter|reject heat|spoil wet organic matter|maintain caravan water circuit|maintain living structure|maintain electrical systems|move|movement water loss|movement organic maintenance|atrophy Снегосборник|atrophy Сушильный орган|atrophy Тепловой орган"
183,1,183,13,11,1247.7854,3579.746826,0,3381.984375,243.990143,118.077637,4.620779,37913.097656,0,0,0,6,1,None,0.003906,"burn dry organic matter|reject heat|spoil wet organic matter|maintain caravan water circuit|maintain living structure|maintain electrical systems|move|movement water loss|movement organic maintenance|atrophy Снегосборник|atrophy Сушильный орган|atrophy Тепловой орган"
184,1,184,17,1,1257.09668,3393.582764,0,3353.315186,459.363312,157.205276,0.246493,37852.832031,0,0,0,6,1,None,0.003906,"harvest dry biomass|burn dry organic matter|power intake and harvest|reject heat|spoil wet organic matter|maintain caravan water circuit|maintain living structure|maintain electrical systems|move|movement water loss|movement organic maintenance|grow Сборщик сухой массы|grow Органическое хранилище|grow Биореактор / топка|atrophy Снегосборник|atrophy Сушильный орган|atrophy Тепловой орган"
185,1,185,13,11,1264.989868,3186.572998,0,3324.80542,410.331696,178.457184,0,37523.019531,0,0,0,6,1,None,0.003906,"burn dry organic matter|reject heat|spoil wet organic matter|maintain caravan water circuit|maintain living structure|maintain electrical systems|move|movement water loss|movement organic maintenance|grow Парус|grow Солнечный лист|grow Резервуар|grow Органическое хранилище|grow Каркас|atrophy Снегосборник|atrophy Сушильный орган|atrophy Тепловой орган"
186,1,186,13,12,1267.239868,2981.505371,0,3293.840088,369.530853,178.420731,0,37154.289063,0,0,0,6,1,None,0.003906,"capture dust|burn dry organic matter|power intake and harvest|reject heat|spoil wet organic matter|maintain caravan water circuit|maintain living structure|maintain electrical systems|move|movement water loss|movement organic maintenance|grow Парус|grow Солнечный лист|grow Резервуар|grow Органическое хранилище|grow Каркас|atrophy Снегосборник|atrophy Сушильный орган|atrophy Тепловой орган"
187,1,187,13,11,1278.483521,2788.392578,0,3269.969482,361.295624,113.477852,4.565403,36890.992188,0,0,0,6,1,None,0.003906,"burn dry organic matter|reject heat|spoil wet organic matter|maintain caravan water circuit|maintain living structure|maintain electrical systems|move|movement water loss|movement organic maintenance|grow Парус|grow Солнечный лист|grow Резервуар|grow Органическое хранилище|grow Каркас|atrophy Снегосборник|atrophy Сушильный орган|atrophy Тепловой орган"
188,1,188,13,12,1290.511597,2605.191162,0,3471.464111,330.802673,115.077606,5.042751,37285.050781,0,0,0,6,1,None,0.003906,"burn dry organic matter|reject heat|spoil wet organic matter|maintain caravan water circuit|maintain living structure|maintain electrical systems|move|movement water loss|movement organic maintenance|grow Парус|grow Солнечный лист|grow Резервуар|grow Органическое хранилище|grow Каркас|atrophy Снегосборник|atrophy Сушильный орган|atrophy Тепловой орган"
189,1,189,13,11,1297.291138,2424.63916,0,3445.037109,294.711365,165.474625,2.117733,36988.015625,0,0,0,6,1,None,0.003906,"burn dry organic matter|reject heat|spoil wet organic matter|maintain caravan water circuit|maintain living structure|maintain electrical systems|move|movement water loss|movement organic maintenance|atrophy Снегосборник|atrophy Сушильный орган|atrophy Тепловой орган"
190,1,190,13,11,1305.028809,4786.401367,0,3412.052734,341.622101,147.385559,4.971523,39291.308594,0,0,0,6,1,None,0.003906,"burn dry organic matter|reject heat|spoil wet organic matter|maintain caravan water circuit|maintain living structure|maintain electrical systems|move|movement water loss|movement organic maintenance|grow Парус|grow Солнечный лист|grow Резервуар|grow Органическое хранилище|grow Каркас|atrophy Снегосборник|atrophy Сушильный орган|atrophy Тепловой орган"
191,1,191,13,11,1313.660156,4604.359863,0,3382.189697,307.335144,118.526611,4.984535,38979.441406,0,0,0,6,1,None,0.003906,"burn dry organic matter|reject heat|spoil wet organic matter|maintain caravan water circuit|maintain living structure|maintain electrical systems|move|movement water loss|movement organic maintenance|grow Парус|grow Солнечный лист|grow Резервуар|grow Органическое хранилище|grow Каркас|atrophy Снегосборник|atrophy Сушильный орган|atrophy Тепловой орган"
192,1,192,13,11,1322.612793,4420.160645,0,3353.173096,262.379669,119.421204,4.934706,38657.898438,0,0,0,6,1,None,0.003906,"burn dry organic matter|reject heat|spoil wet organic matter|maintain caravan water circuit|maintain living structure|maintain electrical systems|move|movement water loss|movement organic maintenance|atrophy Снегосборник|atrophy Сушильный орган|atrophy Тепловой орган"
193,1,193,13,11,1337.645752,4228.677246,0,3327.823242,210.123749,113.412056,4.873966,38334.074219,0,0,0,6,1,None,0.003906,"burn dry organic matter|reject heat|spoil wet organic matter|maintain caravan water circuit|maintain living structure|maintain electrical systems|move|movement water loss|movement organic maintenance|atrophy Снегосборник|atrophy Сушильный орган|atrophy Тепловой орган"
194,1,194,13,11,1349.458008,4034.254395,0,3299.411865,305.556763,164.205933,0.766883,38165.195313,0,0,0,6,1,None,0.003906,"burn dry organic matter|reject heat|spoil wet organic matter|maintain caravan water circuit|maintain living structure|maintain electrical systems|move|movement water loss|movement organic maintenance|grow Парус|grow Солнечный лист|grow Резервуар|grow Органическое хранилище|grow Каркас|atrophy Снегосборник|atrophy Сушильный орган|atrophy Тепловой орган"
195,1,195,13,12,1361.675415,3833.891113,0,3271.822998,260.185059,114.737259,5.174774,37832.296875,0,0,0,6,1,None,0.003906,"burn dry organic matter|reject heat|spoil wet organic matter|maintain caravan water circuit|maintain living structure|maintain electrical systems|move|movement water loss|movement organic maintenance|atrophy Снегосборник|atrophy Сушильный орган|atrophy Тепловой орган"
196,1,196,13,12,1371.688965,3628.092041,0,3465.66748,204.330231,154.233978,2.428335,38218.453125,0,0,0,6,1,None,0.003906,"burn dry organic matter|reject heat|spoil wet organic matter|maintain caravan water circuit|maintain living structure|maintain electrical systems|move|movement water loss|movement organic maintenance|atrophy Снегосборник|atrophy Сушильный орган|atrophy Тепловой орган"
197,1,197,9,4,1378.178833,3418.086914,0,3427.768799,452.908844,172.987793,0,38137.246094,0,0,0,6,1,None,0.003906,"harvest dry biomass|burn dry organic matter|power intake and harvest|reject heat|spoil wet organic matter|maintain caravan water circuit|maintain living structure|maintain electrical systems|grow Сборщик сухой массы|grow Органическое хранилище|grow Биореактор / топка|atrophy Снегосборник|atrophy Сушильный орган|atrophy Тепловой орган"
198,1,198,13,13,1386.802612,3192.611572,0,3389.733643,404.611816,173.100647,0.852037,37751.167969,0,0,0,6,1,None,0.003906,"capture dust|burn dry organic matter|power intake and harvest|reject heat|spoil wet organic matter|maintain caravan water circuit|maintain living structure|maintain electrical systems|move|movement water loss|movement organic maintenance|grow Парус|grow Солнечный лист|grow Резервуар|grow Органическое хранилище|grow Каркас|atrophy Снегосборник|atrophy Сушильный орган|atrophy Тепловой орган"
199,1,199,13,10.999999,1395.174316,2962.440918,0,3347.170166,355.85083,171.149506,1.169367,37351.199219,0,0,0,6,1,None,0.003906,"burn dry organic matter|reject heat|spoil wet organic matter|maintain caravan water circuit|maintain living structure|maintain electrical systems|move|movement water loss|movement organic maintenance|grow Парус|grow Солнечный лист|grow Резервуар|grow Органическое хранилище|grow Каркас|atrophy Снегосборник|atrophy Сушильный орган|atrophy Тепловой орган"
200,1,200,13,10.999999,1403.607422,2729.768066,0,3311.637207,307.377106,171.218155,1.158397,36971.195313,0,0,0,6,1,None,0.003906,"burn dry organic matter|reject heat|spoil wet organic matter|maintain caravan water circuit|maintain living structure|maintain electrical systems|move|movement water loss|movement organic maintenance|grow Парус|grow Солнечный лист|grow Резервуар|grow Органическое хранилище|grow Каркас|atrophy Снегосборник|atrophy Сушильный орган|atrophy Тепловой орган"
201,1,201,13,11,1413.044312,2500.906982,0,3277.828857,260.376678,152.315918,4.22323,36601.917969,0,0,0,6,1,None,0.003906,"burn dry organic matter|reject heat|spoil wet organic matter|maintain caravan water circuit|maintain living structure|maintain electrical systems|move|movement water loss|movement organic maintenance|atrophy Снегосборник|atrophy Сушильный орган|atrophy Тепловой орган"
202,1,202,13,12,1424.267578,4813.894043,0,3464.387695,227.44014,163.911911,2.245904,39442.09375,0,0,0,6,1,None,0.003906,"withdraw surface water|burn dry organic matter|power intake and harvest|reject heat|spoil wet organic matter|maintain caravan water circuit|maintain living structure|maintain electrical systems|move|movement water loss|movement organic maintenance|atrophy Снегосборник|atrophy Сушильный орган|atrophy Тепловой орган"
203,1,203,16,0,1434.602539,4594.166016,0,3432.576904,365.168396,156.626602,0.471678,39272.921875,0,0,0,6,1,None,0.003906,"harvest dry biomass|burn dry organic matter|power intake and harvest|reject heat|spoil wet organic matter|maintain caravan water circuit|maintain living structure|maintain electrical systems|move|movement water loss|movement organic maintenance|grow Сборщик сухой массы|grow Органическое хранилище|grow Биореактор / топка|atrophy Снегосборник|atrophy Сушильный орган|atrophy Тепловой орган"
204,1,204,13,11,1448.393555,4384.350098,0,3399.836426,221.440933,161.685349,0.976526,38820.832031,0,0,0,6,1,None,0.003906,"burn dry organic matter|reject heat|spoil wet organic matter|maintain caravan water circuit|maintain living structure|maintain electrical systems|move|movement water loss|movement organic maintenance|atrophy Снегосборник|atrophy Сушильный орган|atrophy Тепловой орган"
205,1,205,9,0,1458.644531,4181.349609,0,3367.875488,370.915192,158.703278,0.644507,38673.308594,0,0,0,6,1,None,0.003906,"harvest dry biomass|burn dry organic matter|power intake and harvest|reject heat|spoil wet organic matter|maintain caravan water circuit|maintain living structure|maintain electrical systems|move|movement water loss|movement organic maintenance|grow Сборщик сухой массы|grow Органическое хранилище|grow Биореактор / топка|atrophy Снегосборник|atrophy Сушильный орган|atrophy Тепловой орган"
206,1,206,13,12,1473.84729,5256.84668,0,3342.475586,351.197327,118.773491,5.434778,39651.855469,0,0,0,6,1,None,0.003906,"burn dry organic matter|reject heat|spoil wet organic matter|maintain caravan water circuit|maintain living structure|maintain electrical systems|move|movement water loss|movement organic maintenance|grow Парус|grow Солнечный лист|grow Резервуар|grow Органическое хранилище|grow Каркас|atrophy Снегосборник|atrophy Сушильный орган|atrophy Тепловой орган"
207,1,207,13,11,1484.798706,5063.193359,0,3315.614746,323.166412,142.88324,4.966185,39343.925781,0,0,0,6,1,None,0.003906,"burn dry organic matter|reject heat|spoil wet organic matter|maintain caravan water circuit|maintain living structure|maintain electrical systems|move|movement water loss|movement organic maintenance|grow Парус|grow Солнечный лист|grow Резервуар|grow Органическое хранилище|grow Каркас|atrophy Снегосборник|atrophy Сушильный орган|atrophy Тепловой орган"
208,1,208,13,11,1490.907104,4884.549805,0,3510.962402,290.037994,144.44519,4.76033,39757.054688,0,0,0,6,1,None,0.003906,"burn dry organic matter|reject heat|spoil wet organic matter|maintain caravan water circuit|maintain living structure|maintain electrical systems|move|movement water loss|movement organic maintenance|atrophy Снегосборник|atrophy Сушильный орган|atrophy Тепловой орган"
209,1,209,13,11,1503.791016,4706.1875,0,3483.121094,248.487473,113.772141,5.021706,39447.742188,0,0,0,6,1,None,0.003906,"burn dry organic matter|reject heat|spoil wet organic matter|maintain caravan water circuit|maintain living structure|maintain electrical systems|move|movement water loss|movement organic maintenance|atrophy Снегосборник|atrophy Сушильный орган|atrophy Тепловой орган"
210,1,210,9,0,1515.166016,4529.321289,0,3457.511963,220.946045,137.909607,0.652822,39161.007813,0,0,0,6,1,None,0.003906,"harvest dry biomass|burn dry organic matter|power intake and harvest|reject heat|spoil wet organic matter|maintain caravan water circuit|maintain living structure|maintain electrical systems|move|movement water loss|movement organic maintenance|atrophy Снегосборник|atrophy Сушильный орган|atrophy Тепловой орган"
211,1,211,12,21,1522.241943,4353.807617,0,3436.983887,439.741089,171.852921,0.180893,39138.019531,0,0,0,6,1,None,0.003906,"harvest dry biomass|burn dry organic matter|power intake and harvest|reject heat|spoil wet organic matter|maintain caravan water circuit|maintain living structure|maintain electrical systems|move|movement water loss|movement organic maintenance|grow Сборщик сухой массы|grow Органическое хранилище|grow Биореактор / топка|atrophy Снегосборник|atrophy Сушильный орган|atrophy Тепловой орган"
212,1,212,13,12,1531.166382,4174.798828,0,3415.699463,357.558594,172.947357,0.881825,38808.15625,0,0,0,6,1,None,0.003906,"burn dry organic matter|reject heat|spoil wet organic matter|maintain caravan water circuit|maintain living structure|maintain electrical systems|move|movement water loss|movement organic maintenance|grow Парус|grow Солнечный лист|grow Резервуар|grow Органическое хранилище|grow Каркас|atrophy Снегосборник|atrophy Сушильный орган|atrophy Тепловой орган"
213,1,213,13,12,1538.180786,3988.456055,0,3393.837891,337.340393,178.422134,0,38545.765625,0,0,0,6,1,None,0.003906,"capture dust|burn dry organic matter|power intake and harvest|reject heat|spoil wet organic matter|maintain caravan water circuit|maintain living structure|maintain electrical systems|move|movement water loss|movement organic maintenance|grow Парус|grow Солнечный лист|grow Резервуар|grow Органическое хранилище|grow Каркас|atrophy Снегосборник|atrophy Сушильный орган|atrophy Тепловой орган"
214,1,214,13,11,1546.141357,3795.638672,0,3368.888184,301.166931,150.27298,4.55022,38210.074219,0,0,0,6,1,None,0.003906,"burn dry organic matter|reject heat|spoil wet organic matter|maintain caravan water circuit|maintain living structure|maintain electrical systems|move|movement water loss|movement organic maintenance|atrophy Снегосборник|atrophy Сушильный орган|atrophy Тепловой орган"
215,1,215,13,11,1553.914307,3612.239014,0,3345.699707,257.535156,144.143112,4.631773,37934.054688,0,0,0,6,1,None,0.003906,"burn dry organic matter|reject heat|spoil wet organic matter|maintain caravan water circuit|maintain living structure|maintain electrical systems|move|movement water loss|movement organic maintenance|atrophy Снегосборник|atrophy Сушильный орган|atrophy Тепловой орган"
216,1,216,19,3,1558.956055,3426.936279,0,3326.045166,476.1297,167.396622,0.893645,37866.003906,0,0,0,6,1,None,0.003906,"harvest dry biomass|burn dry organic matter|power intake and harvest|reject heat|spoil wet organic matter|maintain caravan water circuit|maintain living structure|maintain electrical systems|move|movement water loss|movement organic maintenance|grow Сборщик сухой массы|grow Органическое хранилище|grow Биореактор / топка|atrophy Снегосборник|atrophy Сушильный орган|atrophy Тепловой орган"
217,1,217,13,11,1565.765869,3241.959473,0,3304.723633,212.311371,172.969482,0.811621,37368.84375,0,0,0,6,1,None,0.003906,"burn dry organic matter|reject heat|spoil wet organic matter|maintain caravan water circuit|maintain living structure|maintain electrical systems|move|movement water loss|movement organic maintenance|atrophy Снегосборник|atrophy Сушильный орган|atrophy Тепловой орган"
218,1,218,13,12,1577.432739,3065.762695,0,3507.90918,442.76236,155.598129,3.657757,38086.492188,0,0,0,6,1,None,0.003906,"burn dry organic matter|reject heat|spoil wet organic matter|maintain caravan water circuit|maintain living structure|maintain electrical systems|move|movement water loss|movement organic maintenance|grow Ростовая ткань|grow Каркас|atrophy Снегосборник|atrophy Сушильный орган|atrophy Тепловой орган"
219,1,219,11,3,1587.138306,2891.293701,0,3483.335938,407.580383,149.465271,0,37829.460938,0,0,0,6,1,None,0.003906,"harvest dry biomass|burn dry organic matter|power intake and harvest|reject heat|spoil wet organic matter|maintain caravan water circuit|maintain living structure|maintain electrical systems|grow Сборщик сухой массы|grow Органическое хранилище|grow Биореактор / топка|atrophy Снегосборник|atrophy Сушильный орган|atrophy Тепловой орган"
220,1,220,13,12,1602.486206,2713.198486,0,3462.317627,365.573181,124.34745,4.975689,37548.820313,0,0,0,6,1,None,0.003906,"burn dry organic matter|reject heat|spoil wet organic matter|maintain caravan water circuit|maintain living structure|maintain electrical systems|move|movement water loss|movement organic maintenance|grow Парус|grow Солнечный лист|grow Резервуар|grow Органическое хранилище|grow Каркас|atrophy Снегосборник|atrophy Сушильный орган|atrophy Тепловой орган"
221,1,221,13,11,1614.370605,2538.310791,0,3442.236816,339.774963,129.329132,4.380095,37285.855469,0,0,0,6,1,None,0.003906,"burn dry organic matter|reject heat|spoil wet organic matter|maintain caravan water circuit|maintain living structure|maintain electrical systems|move|movement water loss|movement organic maintenance|grow Парус|grow Солнечный лист|grow Резервуар|grow Органическое хранилище|grow Каркас|atrophy Снегосборник|atrophy Сушильный орган|atrophy Тепловой орган"
222,1,222,4,10,1621.836914,2370.612061,0,3418.642578,308.505341,147.769196,4.062923,37010.847656,0,0,0,6,1,None,0.003906,"burn dry organic matter|reject heat|spoil wet organic matter|maintain caravan water circuit|maintain living structure|maintain electrical systems|move|movement water loss|movement organic maintenance|grow Водозабор|grow Снегосборник|grow Резервуар|grow Тепловой орган|atrophy Сушильный орган"
223,1,223,13,11,1638.166382,4740.352051,0,3396.500488,272.883362,110.501358,4.899618,39273.542969,0,0,0,6,1,None,0.003906,"burn dry organic matter|reject heat|spoil wet organic matter|maintain caravan water circuit|maintain living structure|maintain electrical systems|move|movement water loss|movement organic maintenance|atrophy Снегосборник|atrophy Сушильный орган|atrophy Тепловой орган"
224,1,224,13,11,1651.379761,4569.617676,0,3376.937012,225.047455,111.709961,4.875029,38991.707031,0,0,0,6,1,None,0.003906,"burn dry organic matter|reject heat|spoil wet organic matter|maintain caravan water circuit|maintain living structure|maintain electrical systems|move|movement water loss|movement organic maintenance|atrophy Снегосборник|atrophy Сушильный орган|atrophy Тепловой орган"
225,1,225,7,0,1664.053223,4395.657227,0,3357.71167,187.266907,142.496185,0.645695,38717.765625,0,0,0,6,1,None,0.003906,"harvest dry biomass|burn dry organic matter|power intake and harvest|reject heat|spoil wet organic matter|maintain caravan water circuit|maintain living structure|maintain electrical systems|move|movement water loss|movement organic maintenance|atrophy Снегосборник|atrophy Сушильный орган|atrophy Тепловой орган"
226,1,226,12,21,1671.31897,4219.073242,0,3339.825928,465.405762,172.974869,0,38763.84375,0,0,0,6,1,None,0.003906,"harvest dry biomass|burn dry organic matter|power intake and harvest|reject heat|spoil wet organic matter|maintain caravan water circuit|maintain living structure|maintain electrical systems|grow Сборщик сухой массы|grow Органическое хранилище|grow Биореактор / топка|atrophy Снегосборник|atrophy Сушильный орган|atrophy Тепловой орган"
227,1,227,6,10,1675.402832,4033.340088,0,3544.529297,420.786621,166.224594,0,39159.121094,0,0,0,6,1,None,0.003906,"harvest live biomass|harvest dry biomass|burn dry organic matter|power intake and harvest|reject heat|spoil wet organic matter|maintain caravan water circuit|maintain living structure|maintain electrical systems|grow Сборщик сухой массы|grow Органическое хранилище|grow Биореактор / топка|atrophy Снегосборник|atrophy Сушильный орган|atrophy Тепловой орган"
228,1,228,10,0,1687.995239,3850.491455,0,3525.166016,164.317078,152.03157,0.961024,38666.347656,0,0,0,6,1,None,0.003906,"burn dry organic matter|reject heat|spoil wet organic matter|maintain caravan water circuit|maintain living structure|maintain electrical systems|move|movement water loss|movement organic maintenance|atrophy Снегосборник|atrophy Сушильный орган|atrophy Тепловой орган"
229,1,229,13,12,1699.878052,4686.10791,0,3508.580078,409.428009,159.399185,3.049036,39700.359375,0,0,0,6,1,None,0.003906,"burn dry organic matter|reject heat|spoil wet organic matter|maintain caravan water circuit|maintain living structure|maintain electrical systems|move|movement water loss|movement organic maintenance|grow Парус|grow Солнечный лист|grow Резервуар|grow Органическое хранилище|grow Каркас|atrophy Снегосборник|atrophy Сушильный орган|atrophy Тепловой орган"
230,1,230,13,12,1703.913696,4492.609863,0,3490.023438,376.341461,170.692337,1.242144,39387.621094,0,0,0,6,1,None,0.003906,"burn dry organic matter|reject heat|spoil wet organic matter|maintain caravan water circuit|maintain living structure|maintain electrical systems|move|movement water loss|movement organic maintenance|grow Парус|grow Солнечный лист|grow Резервуар|grow Органическое хранилище|grow Каркас|atrophy Снегосборник|atrophy Сушильный орган|atrophy Тепловой орган"
231,1,231,13,11,1710.970093,4303.743164,0,3471.952637,343.412048,148.325516,4.820847,39131.132813,0,0,0,6,1,None,0.003906,"burn dry organic matter|reject heat|spoil wet organic matter|maintain caravan water circuit|maintain living structure|maintain electrical systems|move|movement water loss|movement organic maintenance|grow Парус|grow Солнечный лист|grow Резервуар|grow Органическое хранилище|grow Каркас|atrophy Снегосборник|atrophy Сушильный орган|atrophy Тепловой орган"
232,1,232,13,11,1719.996094,4126.552734,0,3453.912109,314.802399,119.995163,4.803877,38881.128906,0,0,0,6,1,None,0.003906,"burn dry organic matter|reject heat|spoil wet organic matter|maintain caravan water circuit|maintain living structure|maintain electrical systems|move|movement water loss|movement organic maintenance|grow Парус|grow Солнечный лист|grow Резервуар|grow Органическое хранилище|grow Каркас|atrophy Снегосборник|atrophy Сушильный орган|atrophy Тепловой орган"
233,1,233,13,11,1727.19812,3959.491943,0,3437.372314,285.102753,143.016968,4.785084,38637.898438,0,0,0,6,1,None,0.003906,"burn dry organic matter|reject heat|spoil wet organic matter|maintain caravan water circuit|maintain living structure|maintain electrical systems|move|movement water loss|movement organic maintenance|atrophy Снегосборник|atrophy Сушильный орган|atrophy Тепловой орган"
234,1,234,13,11,1732.629883,3792.40918,0,3420.924072,244.642822,165.060089,2.184285,38384.257813,0,0,0,6,1,None,0.003906,"burn dry organic matter|reject heat|spoil wet organic matter|maintain caravan water circuit|maintain living structure|maintain electrical systems|move|movement water loss|movement organic maintenance|atrophy Снегосборник|atrophy Сушильный орган|atrophy Тепловой орган"
235,1,235,8,3,1747.526367,3614.686279,0,3404.439697,197.477554,139.673874,0.437251,38060.074219,0,0,0,6,1,None,0.003906,"burn dry organic matter|reject heat|spoil wet organic matter|maintain caravan water circuit|maintain living structure|maintain electrical systems|move|movement water loss|movement organic maintenance|atrophy Снегосборник|atrophy Сушильный орган|atrophy Тепловой орган"
236,1,236,13,12,1761.03479,3436.897461,0,3388.904785,431.216156,145.150497,4.175209,38071.722656,0,0,0,6,1,None,0.003906,"burn dry organic matter|reject heat|spoil wet organic matter|maintain caravan water circuit|maintain living structure|maintain electrical systems|move|movement water loss|movement organic maintenance|grow Парус|grow Солнечный лист|grow Резервуар|grow Органическое хранилище|grow Каркас|atrophy Снегосборник|atrophy Сушильный орган|atrophy Тепловой орган"
237,1,237,13,11,1770.128052,3264.099609,0,3372.681396,403.44281,147.515381,4.950525,37821.308594,0,0,0,6,1,None,0.003906,"burn dry organic matter|reject heat|spoil wet organic matter|maintain caravan water circuit|maintain living structure|maintain electrical systems|move|movement water loss|movement organic maintenance|grow Парус|grow Солнечный лист|grow Резервуар|grow Органическое хранилище|grow Каркас|atrophy Снегосборник|atrophy Сушильный орган|atrophy Тепловой орган"
238,1,238,13,12,1779.181763,3092.842041,0,3357.298096,374.200684,152.39035,4.170542,37570.699219,0,0,0,6,1,None,0.003906,"burn dry organic matter|heat caravan|reject heat|spoil wet organic matter|maintain caravan water circuit|maintain living structure|maintain electrical systems|move|movement water loss|movement organic maintenance|grow Парус|grow Солнечный лист|grow Резервуар|grow Органическое хранилище|grow Каркас|atrophy Снегосборник|atrophy Сушильный орган|atrophy Тепловой орган"
239,1,239,13,11,1790.409912,2921.995117,0,3341.508789,344.540314,146.329056,4.555143,37318.792969,0,0,0,6,1,None,0.003906,"burn dry organic matter|reject heat|spoil wet organic matter|maintain caravan water circuit|maintain living structure|maintain electrical systems|move|movement water loss|movement organic maintenance|grow Парус|grow Солнечный лист|grow Резервуар|grow Органическое хранилище|grow Каркас|atrophy Снегосборник|atrophy Сушильный орган|atrophy Тепловой орган"
240,1,240,13,11,1796.368042,2750.555176,0,3325.677734,313.898621,150.811554,4.42317,37065.183594,0,0,0,6,1,None,0.003906,"burn dry organic matter|reject heat|spoil wet organic matter|maintain caravan water circuit|maintain living structure|maintain electrical systems|move|movement water loss|movement organic maintenance|grow Парус|grow Солнечный лист|grow Резервуар|grow Органическое хранилище|grow Каркас|atrophy Снегосборник|atrophy Сушильный орган|atrophy Тепловой орган"
241,1,241,13,12,1803.328369,2571.800781,0,3433.67041,284.408691,141.975952,5.046844,37219.226563,0,0,0,6,1,None,0.003906,"burn dry organic matter|reject heat|spoil wet organic matter|maintain caravan water circuit|maintain living structure|maintain electrical systems|move|movement water loss|movement organic maintenance|atrophy Снегосборник|atrophy Сушильный орган|atrophy Тепловой орган"
242,1,242,13,12,1815.050781,2386.760986,0,3418.227295,245.751648,118.158493,5.019539,36962.609375,0,0,0,6,1,None,0.003906,"burn dry organic matter|reject heat|spoil wet organic matter|maintain caravan water circuit|maintain living structure|maintain electrical systems|move|movement water loss|movement organic maintenance|atrophy Снегосборник|atrophy Сушильный орган|atrophy Тепловой орган"
243,1,243,13,11,1824.299805,4750.969727,0,3401.829102,315.821655,119.773026,4.930454,39350.25,0,0,0,6,1,None,0.003906,"burn dry organic matter|reject heat|spoil wet organic matter|maintain caravan water circuit|maintain living structure|maintain electrical systems|move|movement water loss|movement organic maintenance|grow Парус|grow Солнечный лист|grow Резервуар|grow Органическое хранилище|grow Каркас|atrophy Снегосборник|atrophy Сушильный орган|atrophy Тепловой орган"
244,1,244,13,11,1834.043823,4559.010742,0,3386.911377,284.946259,149.060211,4.744358,39043.347656,0,0,0,6,1,None,0.003906,"burn dry organic matter|reject heat|spoil wet organic matter|maintain caravan water circuit|maintain living structure|maintain electrical systems|move|movement water loss|movement organic maintenance|atrophy Снегосборник|atrophy Сушильный орган|atrophy Тепловой орган"
245,1,245,13,11,1844.015625,4368.677246,0,3373.848633,258.720886,138.777908,0,38806.132813,0,0,0,6,1,None,0.003906,"capture dust|burn dry organic matter|power intake and harvest|reject heat|spoil wet organic matter|maintain caravan water circuit|maintain living structure|maintain electrical systems|move|movement water loss|movement organic maintenance|atrophy Снегосборник|atrophy Сушильный орган|atrophy Тепловой орган"
246,1,246,13,12,1859.600464,4188.440918,0,3360.545898,222.673523,129.56189,0.227831,38564.761719,0,0,0,6,1,None,0.003906,"capture dust|burn dry organic matter|power intake and harvest|reject heat|spoil wet organic matter|maintain caravan water circuit|maintain living structure|maintain electrical systems|move|movement water loss|movement organic maintenance|atrophy Снегосборник|atrophy Сушильный орган|atrophy Тепловой орган"
247,1,247,7,5,1876.283203,4012.193848,0,3348.214355,185.819641,135.447342,0.955595,38272.007813,0,0,0,6,1,None,0.003906,"capture dust|burn dry organic matter|power intake and harvest|reject heat|spoil wet organic matter|maintain caravan water circuit|maintain living structure|maintain electrical systems|move|movement water loss|movement organic maintenance|atrophy Снегосборник|atrophy Сушильный орган|atrophy Тепловой орган"
248,1,248,13,11,1889.484497,3839.156494,0,3335.339111,420.795471,145.45813,4.012218,38294.199219,0,0,0,6,1,None,0.003906,"burn dry organic matter|heat caravan|reject heat|spoil wet organic matter|maintain caravan water circuit|maintain living structure|maintain electrical systems|move|movement water loss|movement organic maintenance|grow Парус|grow Солнечный лист|grow Резервуар|grow Органическое хранилище|grow Каркас|atrophy Снегосборник|atrophy Сушильный орган|atrophy Тепловой орган"
249,1,249,13,11,1896.701782,3673.837402,0,3547.866699,393.738495,159.996399,2.953672,38783.523438,0,0,0,6,1,None,0.003906,"burn dry organic matter|heat caravan|reject heat|spoil wet organic matter|maintain caravan water circuit|maintain living structure|maintain electrical systems|move|movement water loss|movement organic maintenance|grow Парус|grow Солнечный лист|grow Резервуар|grow Органическое хранилище|grow Каркас|atrophy Снегосборник|atrophy Сушильный орган|atrophy Тепловой орган"
250,1,250,13,12,1904.168335,3504.057129,0,3536.752686,373.32663,170.444931,0.126713,38564.261719,0,0,0,6,1,None,0.003906,"capture dust|burn dry organic matter|power intake and harvest|heat caravan|reject heat|spoil wet organic matter|maintain caravan water circuit|maintain living structure|maintain electrical systems|move|movement water loss|movement organic maintenance|grow Парус|grow Солнечный лист|grow Резервуар|grow Органическое хранилище|grow Каркас|atrophy Снегосборник|atrophy Сушильный орган|atrophy Тепловой орган"
251,1,251,13,11,1912.369263,3329.175293,0,3524.847412,351.467621,170.304169,0,38342.523438,0,0,0,6,1,None,0.003906,"capture dust|burn dry organic matter|power intake and harvest|heat caravan|reject heat|spoil wet organic matter|maintain caravan water circuit|maintain living structure|maintain electrical systems|grow Парус|grow Солнечный лист|grow Резервуар|grow Органическое хранилище|grow Каркас|atrophy Снегосборник|atrophy Сушильный орган|atrophy Тепловой орган"
252,1,252,13,11,1919.65332,3157.326416,0,3511.429199,331.417694,152.451523,0,38106.671875,0,0,0,6,1,None,0.003906,"burn dry organic matter|heat caravan|reject heat|spoil wet organic matter|maintain caravan water circuit|maintain living structure|maintain electrical systems|grow Парус|grow Солнечный лист|grow Резервуар|grow Органическое хранилище|grow Каркас|atrophy Снегосборник|atrophy Сушильный орган|atrophy Тепловой орган"
253,1,253,13,11,1927.172485,2983.723145,0,3498.01416,311.53891,152.959457,0,37869.246094,0,0,0,6,1,None,0.003906,"burn dry organic matter|heat caravan|reject heat|spoil wet organic matter|maintain caravan water circuit|maintain living structure|maintain electrical systems|grow Парус|grow Солнечный лист|grow Резервуар|grow Органическое хранилище|grow Каркас|atrophy Снегосборник|atrophy Сушильный орган|atrophy Тепловой орган"
254,1,254,12,11,1936.778198,2808.300293,0,3485.358154,282.289368,141.33345,0,37623.054688,0,0,0,6,1,None,0.003906,"burn dry organic matter|heat caravan|reject heat|spoil wet organic matter|maintain caravan water circuit|maintain living structure|maintain electrical systems|atrophy Снегосборник|atrophy Сушильный орган|atrophy Тепловой орган"
255,1,255,12.999999,11,1947.610962,2631.034424,0,3473.26416,252.723404,151.598312,0,37378.628906,0,0,0,6,1,None,0.003906,"burn dry organic matter|heat caravan|reject heat|spoil wet organic matter|maintain caravan water circuit|maintain living structure|maintain electrical systems|atrophy Снегосборник|atrophy Сушильный орган|atrophy Тепловой орган"
256,1,256,13,12,1962.380005,2449.05835,0,3460.196289,214.639679,155.855804,0,37123.144531,0,0,0,6,1,None,0.003906,"capture dust|burn dry organic matter|power intake and harvest|heat caravan|reject heat|spoil wet organic matter|maintain caravan water circuit|maintain living structure|maintain electrical systems|move|movement water loss|movement organic maintenance|atrophy Снегосборник|atrophy Сушильный орган|atrophy Тепловой орган"
257,1,257,1,14,1975.552734,4811.710938,0,3446.709717,183.8125,159.990463,1.45496,39418.234375,0,0,0,6,1,None,0.003906,"capture dust|burn dry organic matter|power intake and harvest|heat caravan|reject heat|spoil wet organic matter|maintain caravan water circuit|maintain living structure|maintain electrical systems|move|movement water loss|movement organic maintenance|atrophy Снегосборник|atrophy Сушильный орган|atrophy Тепловой орган"
258,1,258,12,11,1987.89624,4617.765137,0,3435.495605,415.716339,152.906631,4.088125,39431.355469,0,0,0,6,1,None,0.003906,"burn dry organic matter|heat caravan|reject heat|spoil wet organic matter|maintain caravan water circuit|maintain living structure|maintain electrical systems|move|movement water loss|movement organic maintenance|grow Парус|grow Солнечный лист|grow Резервуар|grow Органическое хранилище|grow Каркас|atrophy Снегосборник|atrophy Сушильный орган|atrophy Тепловой орган"
259,1,259,13,12,1997.793823,4431.588379,0,3425.798096,383.145294,157.100891,3.417059,39142.011719,0,0,0,6,1,None,0.003906,"burn dry organic matter|heat caravan|reject heat|spoil wet organic matter|maintain caravan water circuit|maintain living structure|maintain electrical systems|move|movement water loss|movement organic maintenance|grow Парус|grow Солнечный лист|grow Резервуар|grow Органическое хранилище|grow Каркас|atrophy Снегосборник|atrophy Сушильный орган|atrophy Тепловой орган"
260,1,260,12.999999,11,2007.477295,4248.672852,0,3416.623291,362.205383,171.495819,0,38926.121094,0,0,0,6,1,None,0.003906,"capture dust|burn dry organic matter|power intake and harvest|heat caravan|reject heat|spoil wet organic matter|maintain caravan water circuit|maintain living structure|maintain electrical systems|grow Парус|grow Солнечный лист|grow Резервуар|grow Органическое хранилище|grow Каркас|atrophy Снегосборник|atrophy Сушильный орган|atrophy Тепловой орган"
261,1,261,13,11,2016.13623,4070.560547,0,3407.280029,340.571014,170.68367,0.034511,38706.390625,0,0,0,6,1,None,0.003906,"capture dust|burn dry organic matter|power intake and harvest|heat caravan|reject heat|spoil wet organic matter|maintain caravan water circuit|maintain living structure|maintain electrical systems|move|movement water loss|movement organic maintenance|grow Парус|grow Солнечный лист|grow Резервуар|grow Органическое хранилище|grow Каркас|atrophy Снегосборник|atrophy Сушильный орган|atrophy Тепловой орган"
262,1,262,13,11,2024.019897,3894.905762,0,3398.140869,319.825775,148.716812,0,38484.449219,0,0,0,6,1,None,0.003906,"capture dust|burn dry organic matter|power intake and harvest|heat caravan|reject heat|spoil wet organic matter|maintain caravan water circuit|maintain living structure|maintain electrical systems|grow Парус|grow Солнечный лист|grow Резервуар|grow Органическое хранилище|grow Каркас|atrophy Снегосборник|atrophy Сушильный орган|atrophy Тепловой орган"
263,1,263,12,11,2032.80188,3725.571045,0,3389.335449,298.192047,151.95459,0,38264.144531,0,0,0,6,1,None,0.003906,"burn dry organic matter|heat caravan|reject heat|spoil wet organic matter|maintain caravan water circuit|maintain living structure|maintain electrical systems|atrophy Снегосборник|atrophy Сушильный орган|atrophy Тепловой орган"
264,1,264,13,11,2041.425659,3554.874756,0,3380.014648,264.68277,171.701004,0,38028.996094,0,0,0,6,1,None,0.003906,"burn dry organic matter|heat caravan|reject heat|spoil wet organic matter|maintain caravan water circuit|maintain living structure|maintain electrical systems|atrophy Снегосборник|atrophy Сушильный орган|atrophy Тепловой орган"
265,1,265,1,9,2049.16333,3382.474609,0,3718.58374,0,124.700157,0,38674.421875,0,0,0,6,1,None,0.003906,"heat caravan|spoil wet organic matter|maintain caravan water circuit|maintain living structure|maintain electrical systems|atrophy Снегосборник"
266,1,266,1,9,2050.16333,3218.652344,0,3700.2229,0,89.458702,0,38451.152344,0,0,0,6,1,None,0.003906,"heat caravan|spoil wet organic matter|maintain caravan water circuit|maintain living structure|maintain electrical systems|atrophy Снегосборник"
267,1,267,1,9,2051.16333,3053.467041,0,3682.199219,0,52.235916,0,38227.589844,0,0,0,6,1,None,0.003906,"heat caravan|spoil wet organic matter|maintain caravan water circuit|maintain living structure|maintain electrical systems|atrophy Снегосборник"
268,1,268,1,9,2052.16333,2887.638916,0,3664.467041,0,13.628516,0,38004.304688,0,0,0,6,1,None,0.003906,"heat caravan|spoil wet organic matter|maintain caravan water circuit|maintain living structure|maintain electrical systems|atrophy Снегосборник"
269,1,269,1,9,2052.286865,2721.848633,0,3647.097168,0,3.764702,0,37782.207031,0,0,0,6,1,None,0.003906,"heat caravan|spoil wet organic matter|maintain caravan water circuit|maintain living structure|maintain electrical systems|atrophy Снегосборник"
270,1,270,1,9,2052.443604,2555.194824,0,3629.97876,0,2.418828,0,37560.046875,0,0,0,6,1,None,0.003906,"heat caravan|spoil wet organic matter|maintain caravan water circuit|maintain living structure|maintain electrical systems|atrophy Снегосборник"
271,1,271,9.974781,6.025219,2055.005615,2384.363281,0,3612.649658,0,0,0,37340.285156,0,0,3,6,1,None,0.003906,"capture dust|spoil wet organic matter|maintain caravan water circuit|maintain living structure|move|movement water loss|movement organic maintenance|atrophy Сушильный орган"
272,1,272,9.212708,6.787292,2055.275146,2215.087891,0,3596.463867,0,0,0,37096.175781,0,0,14.914933,6,1,None,0.003906,"capture dust|spoil wet organic matter|maintain caravan water circuit|maintain living structure|atrophy Сушильный орган"
273,1,273,8.013136,7.986865,2055.699219,2047.250122,0,3580.418945,0,0,0,36903.632813,0,0,26.861763,6,1,None,0.003906,"capture dust|spoil wet organic matter|maintain caravan water circuit|maintain living structure|atrophy Сушильный орган"
274,1,274,7.272413,8.727587,2055.961182,1958.755737,0,3564.625732,0,0,0,36775.800781,0,0,35.663273,6,1,None,0.003906,"withdraw surface water|spoil wet organic matter|maintain caravan water circuit|maintain living structure|atrophy Сушильный орган"
275,1,275,5,11,2056.764404,4464.258301,0,3548.645996,0,0,0,39187.484375,0,0,44.612087,6,1,None,0.003906,"withdraw surface water|spoil wet organic matter|maintain caravan water circuit|maintain living structure|atrophy Снегосборник"
276,1,276,3.279068,10.139534,2057.245361,4296.546875,0,3533.071777,0,0,0,38969.160156,0,0,53.631393,6,1,None,0.003906,"spoil wet organic matter|maintain caravan water circuit|maintain living structure|atrophy Снегосборник"
277,1,277,2.195369,9.597685,2057.548096,4132.616699,0,3517.905273,0,0,0,38755.914063,0,0,62.781391,6,1,None,0.003906,"spoil wet organic matter|maintain caravan water circuit|maintain living structure|atrophy Снегосборник"
278,1,278,1.077422,9.038711,2057.860596,3969.048828,0,3502.501953,0,0,0,38542.273438,0,0,66.9814,6,1,None,0.003906,"spoil wet organic matter|maintain caravan water circuit|maintain living structure|atrophy Снегосборник"
279,1,279,1.765048,9.805496,2058.323975,3805.072754,0,3486.703125,0,0,0,38327.253906,0,0,79.299873,6,1,None,0.003906,"spoil wet organic matter|maintain caravan water circuit|maintain living structure|atrophy Снегосборник"
280,1,280,1,9,2058.601807,3640.611084,0,3471.807129,0,0,0,38115.53125,0,0,83.499886,6,1,None,0.003906,"spoil wet organic matter|maintain caravan water circuit|maintain living structure|atrophy Снегосборник"
281,1,281,1,9,2058.601807,3477.421875,0,3457.121094,0,0,0,37905.75,0,0,85.746933,6,1,None,0.003906,"heat caravan|spoil wet organic matter|maintain caravan water circuit|maintain living structure|atrophy Снегосборник"
282,1,282,1,9,2058.601807,3313.961914,0,3442.631592,0,0,0,37696.320313,0,0,91.417419,6,1,None,0.003906,"heat caravan|spoil wet organic matter|maintain caravan water circuit|maintain living structure|atrophy Снегосборник"
283,1,283,1,9,2058.601807,3149.020264,0,3428.330078,0,0,0,37486.007813,0,0,98.163742,6,1,None,0.003906,"heat caravan|spoil wet organic matter|maintain caravan water circuit|maintain living structure|atrophy Снегосборник"
284,1,284,1,9,2058.601807,2981.978516,0,3414.208496,0,0,0,37274.160156,0,0,105.632225,6,1,None,0.003906,"spoil wet organic matter|maintain caravan water circuit|maintain living structure|atrophy Снегосборник"
285,1,285,2.257435,8.056924,2059.224854,2812.282471,0,3400.308594,0,0,0,37062.457031,0,0,117.452911,6,1,None,0.003906,"spoil wet organic matter|maintain caravan water circuit|maintain living structure|atrophy Снегосборник"
286,1,286,5.713577,6.157419,2060.210693,2635.130371,0,3386.674072,0,0,0,36847.25,0,0,130.849442,6,1,None,0.003906,"spoil wet organic matter|maintain caravan water circuit|maintain living structure|atrophy Снегосборник"
287,1,287,14,11,2062.610107,3778.819092,0,3373.731445,0,0,0,37997.070313,0,0,144.3479,6,1,None,0.003906,"capture dust|spoil wet organic matter|maintain caravan water circuit|maintain living structure|atrophy Снегосборник"
288,1,288,14,11,2062.610107,3592.464844,0,3361.337646,0,0,0,37795.257813,0,0,157.663559,6,1,None,0.003906,"capture dust|spoil wet organic matter|maintain caravan water circuit|maintain living structure|atrophy Снегосборник"
289,1,289,14,11,2062.610107,3407.660156,0,3349.162354,0,0,0,37543.902344,0,0,171.053619,6,1,None,0.003906,"capture dust|spoil wet organic matter|maintain caravan water circuit|maintain living structure|atrophy Снегосборник"
290,1,290,14,11,2062.610107,3231.800049,0,3337.18042,0,0,0,37352.566406,0,0,184.483322,6,1,None,0.003906,"capture dust|spoil wet organic matter|maintain caravan water circuit|maintain living structure|atrophy Снегосборник"
291,1,291,14,11,2062.610107,3071.762939,0,3325.374756,0,0,0,37111.925781,0,0,197.899521,6,1,None,0.003906,"spoil wet organic matter|maintain caravan water circuit|maintain living structure|atrophy Снегосборник"
292,1,292,13.886138,10.982483,2062.638916,2916.964844,0,3313.72998,0,0,0,36921.035156,0,0,211.369736,6,1,None,0.003906,"spoil wet organic matter|maintain caravan water circuit|maintain living structure|atrophy Снегосборник"
293,1,293,13.785511,10.997128,2062.672607,2761.726074,0,3302.249756,0,0,0,36728.515625,0,0,224.896957,6,1,None,0.003906,"spoil wet organic matter|maintain caravan water circuit|maintain living structure|atrophy Снегосборник"
294,1,294,13.655727,10.806878,2062.730225,2606.097412,0,3290.917236,0,0,0,36536.929688,0,0,238.468002,6,1,None,0.003906,"spoil wet organic matter|maintain caravan water circuit|maintain living structure|atrophy Снегосборник"
295,1,295,12.962653,10.707927,2062.905273,2443.297119,0,3279.702148,0,0,0,36338.546875,0,0,252.071243,6,1,None,0.003906,"spoil wet organic matter|maintain caravan water circuit|maintain living structure|atrophy Снегосборник"
296,1,296,12.962653,10.707927,2062.905273,2277.375732,0,3268.631592,0,0,0,36137.414063,0,0,265.691132,6,1,None,0.003906,"spoil wet organic matter|maintain caravan water circuit|maintain living structure|atrophy Сушильный орган"
297,1,297,12.962653,10.707927,2062.905273,2104.833496,0,3257.720215,0,0,0,35930.128906,0,0,279.356812,6,1,None,0.003906,"spoil wet organic matter|maintain caravan water circuit|maintain living structure|atrophy Сушильный орган"
298,1,298,12.962653,10.707927,2062.905273,1921.908569,0,3246.948242,0,0,0,35719.636719,0,0,293.070343,6,1,None,0.003906,"spoil wet organic matter|maintain caravan water circuit|maintain living structure|atrophy Сушильный орган"
299,1,299,12.962653,10.707927,2062.905273,1734.666504,0,3236.296387,0,0,0,35518.96875,0,0,306.824799,6,1,None,0.003906,"capture dust|spoil wet organic matter|maintain caravan water circuit|maintain living structure|atrophy Сушильный орган"
300,1,300,12.962653,10.707927,2062.905273,1548.180664,0,3225.748047,0,0,0,35319.398438,0,0,320.612396,6,1,None,0.003906,"capture dust|spoil wet organic matter|maintain caravan water circuit|maintain living structure|atrophy Сушильный орган"
301,1,301,12.962653,10.707927,2062.905273,1356.023315,0,3215.295654,0,0,0,35063.9375,0,0,334.444244,6,1,None,0.003906,"capture dust|spoil wet organic matter|maintain caravan water circuit|maintain living structure|atrophy Сушильный орган"
302,1,302,12.962653,10.707927,2062.905273,1156.491089,0,3204.948242,0,0,0,34851.4375,0,0,351.311829,6,1,None,0.003906,"capture dust|spoil wet organic matter|maintain caravan water circuit|maintain living structure|atrophy Сушильный орган"
303,1,303,12.962653,10.707927,2062.905273,962.385498,0,3194.72168,0,0,0,34594.464844,0,0,368.255646,6,1,None,0.003906,"capture dust|spoil wet organic matter|maintain caravan water circuit|maintain living structure|atrophy Сушильный орган"
304,1,304,12.962653,10.707927,2062.905273,783.814636,0,3184.619385,0,0,0,34403.199219,0,0,385.175903,6,1,None,0.003906,"capture dust|spoil wet organic matter|maintain caravan water circuit|maintain living structure|atrophy Сушильный орган"
305,1,305,12.265831,10.733486,2063.07959,611.775146,0,3174.621094,0,0,0,34218.558594,0,0,402.211182,6,1,None,0.003906,"capture dust|spoil wet organic matter|maintain caravan water circuit|maintain living structure|move|movement water loss|movement organic maintenance|atrophy Сушильный орган"
306,1,306,10.070106,10.814027,2063.628906,448.883881,0,3164.687988,0,0,0,33981.460938,0,0,419.279053,6,1,None,0.003906,"spoil wet organic matter|maintain caravan water circuit|maintain living structure|atrophy Сушильный орган"
307,1,307,10.070106,10.814027,2063.628906,289.25354,0,3154.833496,0,0,0,33789.242188,0,0,436.337067,6,1,None,0.003906,"spoil wet organic matter|maintain caravan water circuit|maintain living structure|atrophy Сушильный орган"
308,1,308,9.851295,10.822052,2063.683594,131.170593,0,3145.080322,0,0,0,33598.894531,0,0,453.495911,6,1,None,0.003906,"spoil wet organic matter|maintain caravan water circuit|maintain living structure|move|movement water loss|movement organic maintenance|atrophy Сушильный орган"
309,1,309,9.472872,10.835933,2063.77832,0,0,3135.356201,0,0,0,33435.652344,3,0,470.424225,6,1,None,0.003906,"spoil wet organic matter|maintain living structure|atrophy Сушильный орган"
310,1,310,9.472872,10.835933,2063.77832,0,0,3125.675049,0,0,0,33404.816406,27,0,487.445862,6,1,None,0.003906,"spoil wet organic matter|maintain living structure|atrophy Сушильный орган"
311,1,311,9.472872,10.835933,2063.77832,0,0,3116.022461,0,0,0,33374.074219,51,0,504.548157,6,1,None,0.003906,"spoil wet organic matter|maintain living structure|atrophy Сушильный орган"
312,1,312,9.472872,10.835933,2063.77832,0,0,3106.397217,0,0,0,33355.753906,75,0,521.776123,6,1,None,0.003906,"capture dust|spoil wet organic matter|maintain living structure|atrophy Сушильный орган"
313,1,313,9.472872,10.835933,2063.77832,0,0,3096.810547,0,0,0,33342.578125,99,0,542.037842,6,1,None,0.003906,"capture dust|spoil wet organic matter|maintain living structure|atrophy Сушильный орган"
314,1,314,9.472872,10.835933,2063.77832,0,0,3087.26709,0,0,0,33329.320313,123,0,562.45697,6,1,None,0.003906,"capture dust|spoil wet organic matter|maintain living structure|atrophy Сушильный орган"
315,1,315,9.472872,10.835933,2063.77832,0,0,3077.750977,0,0,0,33264.847656,147,0,583.064453,6,1,None,0.003906,"capture dust|spoil wet organic matter|maintain living structure|atrophy Сушильный орган"
316,1,316,9.472872,10.835933,2063.77832,0,0,3068.246582,0,0,0,33251.277344,171,0,603.889648,6,1,None,0.003906,"capture dust|spoil wet organic matter|maintain living structure|atrophy Сушильный орган"
317,1,317,9.472872,10.835933,2063.77832,0,0,3058.746582,0,0,0,33237.511719,195,0,624.824646,6,1,None,0.003906,"capture dust|maintain living structure|atrophy Сушильный орган"
318,1,318,9.472872,10.835933,2063.77832,0,0,3049.232178,0,0,0,33171.351563,219,0,645.780579,6,1,None,0.003906,"maintain living structure|atrophy Сушильный орган"
319,1,319,9.472872,10.835933,2063.77832,0,0,3039.695313,0,0,0,33141.933594,243,0,666.736328,6,1,None,0.003906,"maintain living structure|atrophy Сушильный орган"
320,1,320,9.472872,10.835933,2063.77832,0,0,3030.137695,0,0,0,33110.289063,267,0,687.809998,6,1,None,0.003906,"maintain living structure|atrophy Сушильный орган"
321,1,321,9.472872,10.835933,2063.77832,0,0,3020.557129,0,0,0,33078.578125,291,0,709.005676,6,1,None,0.003906,"maintain living structure|atrophy Сушильный орган"
322,1,322,9.472872,10.835933,2063.77832,0,0,3015.745361,0,0,0,33062.050781,303,0,720.938904,6,0,ThermalSystemCollapse,0.003906,""
323,1,323,9.472872,10.835933,2063.77832,0,0,3015.745361,0,0,0,33060.851563,303,0,720.938904,6,0,ThermalSystemCollapse,0.003906,""
324,1,324,9.472872,10.835933,2063.77832,0,0,3015.745361,0,0,0,33059.652344,303,0,720.938904,6,0,ThermalSystemCollapse,0.003906,""
325,1,325,9.472872,10.835933,2063.77832,0,0,3015.745361,0,0,0,33058.449219,303,0,720.938904,6,0,ThermalSystemCollapse,0.003906,""
326,1,326,9.472872,10.835933,2063.77832,0,0,3015.745361,0,0,0,33057.25,303,0,720.938904,6,0,ThermalSystemCollapse,0.003906,""
327,1,327,9.472872,10.835933,2063.77832,0,0,3015.745361,0,0,0,33056.050781,303,0,720.938904,6,0,ThermalSystemCollapse,0.003906,""
328,1,328,9.472872,10.835933,2063.77832,0,0,3015.745361,0,0,0,33054.851563,303,0,720.938904,6,0,ThermalSystemCollapse,0.003906,""
329,1,329,9.472872,10.835933,2063.77832,0,0,3015.745361,0,0,0,33054.679688,303,0,720.938904,6,0,ThermalSystemCollapse,0.003906,""
330,1,330,9.472872,10.835933,2063.77832,0,0,3015.745361,0,0,0,33054.679688,303,0,720.938904,6,0,ThermalSystemCollapse,0.003906,""
331,1,331,9.472872,10.835933,2063.77832,0,0,3015.745361,0,0,0,33054.679688,303,0,720.938904,6,0,ThermalSystemCollapse,0.003906,""
332,1,332,9.472872,10.835933,2063.77832,0,0,3015.745361,0,0,0,33054.679688,303,0,720.938904,6,0,ThermalSystemCollapse,0.003906,""
333,1,333,9.472872,10.835933,2063.77832,0,0,3015.745361,0,0,0,33054.679688,303,0,720.938904,6,0,ThermalSystemCollapse,0.003906,""
334,1,334,9.472872,10.835933,2063.77832,0,0,3015.745361,0,0,0,33054.679688,303,0,720.938904,6,0,ThermalSystemCollapse,0.003906,""
335,1,335,9.472872,10.835933,2063.77832,0,0,3015.745361,0,0,0,33054.679688,303,0,720.938904,6,0,ThermalSystemCollapse,0.003906,""
336,1,336,9.472872,10.835933,2063.77832,0,0,3015.745361,0,0,0,33054.679688,303,0,720.938904,6,0,ThermalSystemCollapse,0.003906,""
337,1,337,9.472872,10.835933,2063.77832,0,0,3015.745361,0,0,0,33054.679688,303,0,720.938904,6,0,ThermalSystemCollapse,0.003906,""
338,1,338,9.472872,10.835933,2063.77832,0,0,3015.745361,0,0,0,33054.679688,303,0,720.938904,6,0,ThermalSystemCollapse,0.003906,""
339,1,339,9.472872,10.835933,2063.77832,0,0,3015.745361,0,0,0,33054.679688,303,0,720.938904,6,0,ThermalSystemCollapse,0.003906,""
340,1,340,9.472872,10.835933,2063.77832,0,0,3015.745361,0,0,0,33054.679688,303,0,720.938904,6,0,ThermalSystemCollapse,0.003906,""
341,1,341,9.472872,10.835933,2063.77832,0,0,3015.745361,0,0,0,33054.679688,303,0,720.938904,6,0,ThermalSystemCollapse,0.003906,""
342,1,342,9.472872,10.835933,2063.77832,0,0,3015.745361,0,0,0,33054.679688,303,0,720.938904,6,0,ThermalSystemCollapse,0.003906,""
343,1,343,9.472872,10.835933,2063.77832,0,0,3015.745361,0,0,0,33054.679688,303,0,720.938904,6,0,ThermalSystemCollapse,0.003906,""
344,1,344,9.472872,10.835933,2063.77832,0,0,3015.745361,0,0,0,33054.679688,303,0,720.938904,6,0,ThermalSystemCollapse,0.003906,""
345,1,345,9.472872,10.835933,2063.77832,0,0,3015.745361,0,0,0,33054.679688,303,0,720.938904,6,0,ThermalSystemCollapse,0.003906,""
346,1,346,9.472872,10.835933,2063.77832,0,0,3015.745361,0,0,0,33054.679688,303,0,720.938904,6,0,ThermalSystemCollapse,0.003906,""
347,1,347,9.472872,10.835933,2063.77832,0,0,3015.745361,0,0,0,33054.679688,303,0,720.938904,6,0,ThermalSystemCollapse,0.003906,""
348,1,348,9.472872,10.835933,2063.77832,0,0,3015.745361,0,0,0,33054.679688,303,0,720.938904,6,0,ThermalSystemCollapse,0.003906,""
349,1,349,9.472872,10.835933,2063.77832,0,0,3015.745361,0,0,0,33054.679688,303,0,720.938904,6,0,ThermalSystemCollapse,0.003906,""
350,1,350,9.472872,10.835933,2063.77832,0,0,3015.745361,0,0,0,33054.679688,303,0,720.938904,6,0,ThermalSystemCollapse,0.003906,""
351,1,351,9.472872,10.835933,2063.77832,0,0,3015.745361,0,0,0,33054.679688,303,0,720.938904,6,0,ThermalSystemCollapse,0.003906,""
352,1,352,9.472872,10.835933,2063.77832,0,0,3015.745361,0,0,0,33054.679688,303,0,720.938904,6,0,ThermalSystemCollapse,0.003906,""
353,1,353,9.472872,10.835933,2063.77832,0,0,3015.745361,0,0,0,33054.679688,303,0,720.938904,6,0,ThermalSystemCollapse,0.003906,""
354,1,354,9.472872,10.835933,2063.77832,0,0,3015.745361,0,0,0,33054.679688,303,0,720.938904,6,0,ThermalSystemCollapse,0.003906,""
355,1,355,9.472872,10.835933,2063.77832,0,0,3015.745361,0,0,0,33054.679688,303,0,720.938904,6,0,ThermalSystemCollapse,0.003906,""
356,1,356,9.472872,10.835933,2063.77832,0,0,3015.745361,0,0,0,33054.679688,303,0,720.938904,6,0,ThermalSystemCollapse,0.003906,""
357,1,357,9.472872,10.835933,2063.77832,0,0,3015.745361,0,0,0,33054.679688,303,0,720.938904,6,0,ThermalSystemCollapse,0.003906,""
358,1,358,9.472872,10.835933,2063.77832,0,0,3015.745361,0,0,0,33054.679688,303,0,720.938904,6,0,ThermalSystemCollapse,0.003906,""
359,1,359,9.472872,10.835933,2063.77832,0,0,3015.745361,0,0,0,33054.679688,303,0,720.938904,6,0,ThermalSystemCollapse,0.003906,""
360,1,360,9.472872,10.835933,2063.77832,0,0,3015.745361,0,0,0,33054.679688,303,0,720.938904,6,0,ThermalSystemCollapse,0.003906,""
361,1,361,9.472872,10.835933,2063.77832,0,0,3015.745361,0,0,0,33054.679688,303,0,720.938904,6,0,ThermalSystemCollapse,0.003906,""
362,1,362,9.472872,10.835933,2063.77832,0,0,3015.745361,0,0,0,33054.679688,303,0,720.938904,6,0,ThermalSystemCollapse,0.003906,""
363,1,363,9.472872,10.835933,2063.77832,0,0,3015.745361,0,0,0,33054.679688,303,0,720.938904,6,0,ThermalSystemCollapse,0.003906,""
364,1,364,9.472872,10.835933,2063.77832,0,0,3015.745361,0,0,0,33054.679688,303,0,720.938904,6,0,ThermalSystemCollapse,0.003906,""
365,1,365,9.472872,10.835933,2063.77832,0,0,3015.745361,0,0,0,33054.679688,303,0,720.938904,6,0,ThermalSystemCollapse,0.003906,""
