day,year,day_of_year,x,y,distance_km,water_l,snow_l,wet_organic_kg,dry_organic_kg,electricity_kwh,heat_kwh,mass_kg,water_deficit_hours,organic_deficit_hours,thermal_deficit_hours,niche_count,operational,failure,max_ledger_error,actions
1,1,1,11,14,1.103553,4027.389893,0,775,4436.390625,172.109024,0.151456,33976.277344,0,0,0,3,1,None,0.000488,"harvest dry biomass|burn dry organic matter|power intake and harvest|heat caravan|reject heat|maintain caravan water circuit|maintain living structure|maintain electrical systems|move|movement water loss|movement organic maintenance|grow Жатка живой массы|grow Сборщик сухой массы|grow Сушильный орган|grow Органическое хранилище|grow Биореактор / топка"
2,1,2,11,15,1.853553,3858.138184,0,775,4689.243164,177.556763,0,34083.878906,0,0,0,3,1,None,0.000977,"harvest dry biomass|capture dust|burn dry organic matter|power intake and harvest|heat caravan|reject heat|maintain caravan water circuit|maintain living structure|maintain electrical systems|grow Жатка живой массы|grow Сборщик сухой массы|grow Сушильный орган|grow Органическое хранилище|grow Биореактор / топка"
3,1,3,11,18,2.603553,3692.001465,0,775,4693.340332,177.594666,0,33922.6875,0,0,0,3,1,None,0.000977,"harvest dry biomass|burn dry organic matter|power intake and harvest|heat caravan|reject heat|maintain caravan water circuit|maintain living structure|maintain electrical systems|grow Жатка живой массы|grow Сборщик сухой массы|grow Сушильный орган|grow Органическое хранилище|grow Биореактор / топка"
4,1,4,12,16,3.353553,3531.335449,0,775,4697.533691,176.79512,0.127606,33765.015625,0,0,0,3,1,None,0.000977,"harvest dry biomass|burn dry organic matter|power intake and harvest|heat caravan|reject heat|maintain caravan water circuit|maintain living structure|maintain electrical systems|move|movement water loss|movement organic maintenance|grow Жатка живой массы|grow Сборщик сухой массы|grow Сушильный орган|grow Органическое хранилище|grow Биореактор / топка"
5,1,5,13,14,4.103553,3372.847656,0,775,4701.948242,177.075928,0.082568,33609.738281,0,0,0,3,1,None,0.000977,"harvest dry biomass|burn dry organic matter|power intake and harvest|heat caravan|reject heat|maintain caravan water circuit|maintain living structure|maintain electrical systems|move|movement water loss|movement organic maintenance|grow Жатка живой массы|grow Сборщик сухой массы|grow Сушильный орган|grow Органическое хранилище|grow Биореактор / топка"
6,1,6,15,16,4.957107,3878.592041,0,775,4706.568848,176.303421,0.206135,34118.90625,0,0,0,3,1,None,0.001953,"harvest dry biomass|burn dry organic matter|power intake and harvest|heat caravan|reject heat|maintain caravan water circuit|maintain living structure|maintain electrical systems|move|movement water loss|movement organic maintenance|grow Жатка живой массы|grow Сборщик сухой массы|grow Сушильный орган|grow Органическое хранилище|grow Биореактор / топка"
7,1,7,15,18,5.81066,4976.726563,0,775,4711.345215,177.589584,0,35220.617188,0,0,0,3,1,None,0.001953,"harvest dry biomass|burn dry organic matter|power intake and harvest|heat caravan|reject heat|maintain caravan water circuit|maintain living structure|maintain electrical systems|grow Жатка живой массы|grow Сборщик сухой массы|grow Сушильный орган|grow Органическое хранилище|grow Биореактор / топка"
8,1,8,14,20,6.56066,4814.857422,0,775,4716.25293,177.589233,0,35062.457031,0,0,0,3,1,None,0.001953,"harvest dry biomass|burn dry organic matter|power intake and harvest|heat caravan|reject heat|maintain caravan water circuit|maintain living structure|maintain electrical systems|grow Жатка живой массы|grow Сборщик сухой массы|grow Сушильный орган|grow Органическое хранилище|grow Биореактор / топка"
9,1,9,14,21,7.164213,4656.658691,0,775,4721.376465,177.590607,0,34908.183594,0,0,0,3,1,None,0.001953,"harvest dry biomass|burn dry organic matter|power intake and harvest|heat caravan|reject heat|maintain caravan water circuit|maintain living structure|maintain electrical systems|grow Жатка живой массы|grow Сборщик сухой массы|grow Сушильный орган|grow Органическое хранилище|grow Биореактор / топка"
10,1,10,13,19,8.12132,4478.114746,0,775,4726.541016,176.550964,0.166148,34745.164063,0,0,0,4,1,None,0.001953,"harvest dry biomass|burn dry organic matter|power intake and harvest|heat caravan|reject heat|maintain caravan water circuit|maintain living structure|maintain electrical systems|move|movement water loss|movement organic maintenance|grow Жатка живой массы|grow Сборщик сухой массы|grow Сушильный орган|grow Органическое хранилище|grow Биореактор / топка"
11,1,11,10,18,9.12132,4308.473633,0,775,4731.907227,177.551804,0,34557.03125,0,0,0,4,1,None,0.001953,"harvest dry biomass|capture dust|burn dry organic matter|power intake and harvest|heat caravan|reject heat|maintain caravan water circuit|maintain living structure|maintain electrical systems|grow Жатка живой массы|grow Сборщик сухой массы|grow Сушильный орган|grow Органическое хранилище|grow Биореактор / топка"
12,1,12,9,15,9.974874,4131.890137,0,775,4737.348145,176.658264,0.143002,34413.492188,0,0,0,4,1,None,0.001953,"harvest dry biomass|capture dust|burn dry organic matter|power intake and harvest|heat caravan|reject heat|maintain caravan water circuit|maintain living structure|maintain electrical systems|move|movement water loss|movement organic maintenance|grow Жатка живой массы|grow Сборщик сухой массы|grow Сушильный орган|grow Органическое хранилище|grow Биореактор / топка"
13,1,13,9,13,10.474874,5153.162598,0,775,4742.908203,177.55011,0,35416.171875,0,0,0,4,1,None,0.001953,"harvest dry biomass|capture dust|burn dry organic matter|power intake and harvest|heat caravan|reject heat|maintain caravan water circuit|maintain living structure|maintain electrical systems|grow Жатка живой массы|grow Сборщик сухой массы|grow Сушильный орган|grow Органическое хранилище|grow Биореактор / топка"
14,1,14,10,11,11.224874,4967.031738,0,775,4748.632324,177.550629,0,35263.367188,0,0,0,4,1,None,0.001953,"harvest dry biomass|capture dust|burn dry organic matter|power intake and harvest|heat caravan|reject heat|maintain caravan water circuit|maintain living structure|maintain electrical systems|grow Жатка живой массы|grow Сборщик сухой массы|grow Сушильный орган|grow Органическое хранилище|grow Биореактор / топка"
15,1,15,11,9,11.974874,4783.084473,0,775,4754.46875,177.55101,0,35061.101563,0,0,0,4,1,None,0.001953,"harvest dry biomass|capture dust|burn dry organic matter|power intake and harvest|heat caravan|reject heat|maintain caravan water circuit|maintain living structure|maintain electrical systems|grow Жатка живой массы|grow Сборщик сухой массы|grow Сушильный орган|grow Органическое хранилище|grow Биореактор / топка"
16,1,16,13,7,12.974874,4612.456055,0,775,4760.382813,177.551071,0,34872.242188,0,0,0,4,1,None,0.001953,"harvest dry biomass|capture dust|burn dry organic matter|power intake and harvest|heat caravan|reject heat|maintain caravan water circuit|maintain living structure|maintain electrical systems|move|movement water loss|movement organic maintenance|grow Жатка живой массы|grow Сборщик сухой массы|grow Сушильный орган|grow Органическое хранилище|grow Биореактор / топка"
17,1,17,14,8,13.474874,4450.694336,0,775,4766.415527,177.563522,0,34742.929688,0,0,0,4,1,None,0.001953,"harvest dry biomass|capture dust|burn dry organic matter|power intake and harvest|heat caravan|reject heat|maintain caravan water circuit|maintain living structure|maintain electrical systems|grow Жатка живой массы|grow Сборщик сухой массы|grow Сушильный орган|grow Органическое хранилище|grow Биореактор / топка"
18,1,18,18,9,14.578427,4290.201172,0,775,4772.48584,176.887741,0.111939,34603.484375,0,0,0,4,1,None,0.001953,"harvest dry biomass|burn dry organic matter|power intake and harvest|heat caravan|reject heat|maintain caravan water circuit|maintain living structure|maintain electrical systems|move|movement water loss|movement organic maintenance|grow Жатка живой массы|grow Сборщик сухой массы|grow Сушильный орган|grow Органическое хранилище|grow Биореактор / топка"
19,1,19,19,7,15.328427,4131.72168,0,775,4778.741699,176.550934,0.165889,34409.867188,0,0,0,4,1,None,0.001953,"harvest dry biomass|burn dry organic matter|power intake and harvest|heat caravan|reject heat|maintain caravan water circuit|maintain living structure|maintain electrical systems|move|movement water loss|movement organic maintenance|grow Жатка живой массы|grow Сборщик сухой массы|grow Сушильный орган|grow Органическое хранилище|grow Биореактор / топка"
20,1,20,17,8,16.078426,5233.598633,0,775,4784.976563,176.596085,0.15885,35531.722656,0,0,0,4,1,None,0.001953,"harvest dry biomass|burn dry organic matter|power intake and harvest|heat caravan|reject heat|maintain caravan water circuit|maintain living structure|maintain electrical systems|move|movement water loss|movement organic maintenance|grow Жатка живой массы|grow Сборщик сухой массы|grow Сушильный орган|grow Органическое хранилище|grow Биореактор / топка"
21,1,21,16,7,16.578426,5078.3125,0,775,4791.361328,177.586288,0,35383.648438,0,0,0,4,1,None,0.001953,"harvest dry biomass|burn dry organic matter|power intake and harvest|heat caravan|reject heat|maintain caravan water circuit|maintain living structure|maintain electrical systems|grow Жатка живой массы|grow Сборщик сухой массы|grow Сушильный орган|grow Органическое хранилище|grow Биореактор / топка"
22,1,22,15,8,17.078426,4918.89502,0,775,4797.67334,177.585556,0,35229.339844,0,0,0,4,1,None,0.001953,"harvest dry biomass|burn dry organic matter|power intake and harvest|heat caravan|reject heat|maintain caravan water circuit|maintain living structure|maintain electrical systems|grow Жатка живой массы|grow Сборщик сухой массы|grow Сушильный орган|grow Органическое хранилище|grow Биореактор / топка"
23,1,23,17,10,18.078426,4747.433594,0,775,4804.152344,177.557495,0,35080.378906,0,0,0,4,1,None,0.001953,"harvest dry biomass|capture dust|burn dry organic matter|power intake and harvest|heat caravan|reject heat|maintain caravan water circuit|maintain living structure|maintain electrical systems|grow Жатка живой массы|grow Сборщик сухой массы|grow Сушильный орган|grow Органическое хранилище|grow Биореактор / топка"
24,1,24,20,8,19.035534,4572.246094,0,775,4810.713379,177.586014,0,34926.164063,0,0,0,4,1,None,0.001953,"harvest dry biomass|burn dry organic matter|power intake and harvest|heat caravan|reject heat|maintain caravan water circuit|maintain living structure|maintain electrical systems|move|movement water loss|movement organic maintenance|grow Жатка живой массы|grow Сборщик сухой массы|grow Сушильный орган|grow Органическое хранилище|grow Биореактор / топка"
25,1,25,20,6,19.535534,4405.525879,0,775,4817.459961,177.590424,0,34764.992188,0,0,0,4,1,None,0.001953,"harvest dry biomass|burn dry organic matter|power intake and harvest|heat caravan|reject heat|maintain caravan water circuit|maintain living structure|maintain electrical systems|grow Жатка живой массы|grow Сборщик сухой массы|grow Сушильный орган|grow Органическое хранилище|grow Биореактор / топка"
26,1,26,22,5,20.285534,4243.192383,0,775,4824.469238,177.59137,0,34608.460938,0,0,0,4,1,None,0.001953,"harvest dry biomass|burn dry organic matter|power intake and harvest|heat caravan|reject heat|maintain caravan water circuit|maintain living structure|maintain electrical systems|grow Жатка живой массы|grow Сборщик сухой массы|grow Сушильный орган|grow Органическое хранилище|grow Биореактор / топка"
27,1,27,19,6,21.139088,4084.698486,0,775,4830.882324,175.687393,0.298532,34414.984375,0,0,0,4,1,None,0.001953,"harvest dry biomass|capture dust|burn dry organic matter|power intake and harvest|heat caravan|reject heat|maintain caravan water circuit|maintain living structure|maintain electrical systems|move|movement water loss|movement organic maintenance|grow Жатка живой массы|grow Сборщик сухой массы|grow Сушильный орган|grow Органическое хранилище|grow Биореактор / топка"
28,1,28,16,6,21.889088,5168.046875,0,775,4837.53418,175.860458,0.270449,35532.585938,0,0,0,4,1,None,0.001953,"harvest dry biomass|capture dust|burn dry organic matter|power intake and harvest|heat caravan|reject heat|maintain caravan water circuit|maintain living structure|maintain electrical systems|move|movement water loss|movement organic maintenance|grow Жатка живой массы|grow Сборщик сухой массы|grow Сушильный орган|grow Органическое хранилище|grow Биореактор / топка"
29,1,29,18,8,22.596195,5002.790039,0,775,4844.395996,177.551178,0,35350.035156,0,0,0,4,1,None,0.001953,"harvest dry biomass|capture dust|burn dry organic matter|power intake and harvest|heat caravan|reject heat|maintain caravan water circuit|maintain living structure|maintain electrical systems|grow Жатка живой массы|grow Сборщик сухой массы|grow Сушильный орган|grow Органическое хранилище|grow Биореактор / топка"
30,1,30,18,12,23.803303,4837.558594,0,775,4851.194336,176.82518,0.116104,35219.207031,0,0,0,4,1,None,0.001953,"harvest dry biomass|capture dust|burn dry organic matter|power intake and harvest|heat caravan|reject heat|maintain caravan water circuit|maintain living structure|maintain electrical systems|move|movement water loss|movement organic maintenance|grow Жатка живой массы|grow Сборщик сухой массы|grow Сушильный орган|grow Органическое хранилище|grow Биореактор / топка"
31,1,31,17,11,24.303303,4675.900879,0,775,4858.19873,177.552139,0,35040.402344,0,0,0,4,1,None,0.001953,"harvest dry biomass|capture dust|burn dry organic matter|power intake and harvest|heat caravan|reject heat|maintain caravan water circuit|maintain living structure|maintain electrical systems|grow Жатка живой массы|grow Сборщик сухой массы|grow Сушильный орган|grow Органическое хранилище|grow Биореактор / топка"
32,1,32,19,15,25.465874,4511.607422,0,775,4865.259766,177.553864,0,34910.773438,0,0,0,4,1,None,0.001953,"harvest dry biomass|capture dust|burn dry organic matter|power intake and harvest|heat caravan|reject heat|maintain caravan water circuit|maintain living structure|maintain electrical systems|grow Жатка живой массы|grow Сборщик сухой массы|grow Сушильный орган|grow Органическое хранилище|grow Биореактор / топка"
33,1,33,22,16,26.319427,4352.5625,0,775,4872.581055,177.590881,0,34764.195313,0,0,0,4,1,None,0.001953,"harvest dry biomass|burn dry organic matter|power intake and harvest|heat caravan|reject heat|maintain caravan water circuit|maintain living structure|maintain electrical systems|grow Жатка живой массы|grow Сборщик сухой массы|grow Сушильный орган|grow Органическое хранилище|grow Биореактор / топка"
34,1,34,22,14,27.172981,4188.94043,0,775,4879.644043,176.835876,0.121424,34606.433594,0,0,0,4,1,None,0.001953,"harvest dry biomass|burn dry organic matter|power intake and harvest|heat caravan|reject heat|maintain caravan water circuit|maintain living structure|maintain electrical systems|move|movement water loss|movement organic maintenance|grow Жатка живой массы|grow Сборщик сухой массы|grow Сушильный орган|grow Органическое хранилище|grow Биореактор / топка"
35,1,35,20,15,27.922981,5285.214355,0,775,4886.478516,175.304672,0.245018,35708.34375,0,0,0,4,1,None,0.001953,"withdraw surface water|harvest dry biomass|burn dry organic matter|power intake and harvest|heat caravan|reject heat|maintain caravan water circuit|maintain living structure|maintain electrical systems|move|movement water loss|movement organic maintenance|grow Жатка живой массы|grow Сборщик сухой массы|grow Сушильный орган|grow Органическое хранилище|grow Биореактор / топка"
36,1,36,20,17,28.776535,5122.978516,0,775,4893.626953,175.909683,0.26887,35552.054688,0,0,0,4,1,None,0.001953,"harvest dry biomass|burn dry organic matter|power intake and harvest|heat caravan|reject heat|maintain caravan water circuit|maintain living structure|maintain electrical systems|move|movement water loss|movement organic maintenance|grow Жатка живой массы|grow Сборщик сухой массы|grow Сушильный орган|grow Органическое хранилище|grow Биореактор / топка"
37,1,37,21,19,29.526535,4964.241211,0,775,4900.930176,177.590652,0,35399.421875,0,0,0,4,1,None,0.001953,"harvest dry biomass|burn dry organic matter|power intake and harvest|heat caravan|reject heat|maintain caravan water circuit|maintain living structure|maintain electrical systems|grow Жатка живой массы|grow Сборщик сухой массы|grow Сушильный орган|grow Органическое хранилище|grow Биореактор / топка"
38,1,38,22,17,30.276535,4805.436035,0,775,4908.166016,175.326187,0.363271,35246.652344,0,0,0,4,1,None,0.001953,"harvest dry biomass|burn dry organic matter|power intake and harvest|heat caravan|reject heat|maintain caravan water circuit|maintain living structure|maintain electrical systems|move|movement water loss|movement organic maintenance|grow Жатка живой массы|grow Сборщик сухой массы|grow Сушильный орган|grow Органическое хранилище|grow Биореактор / топка"
39,1,39,23,16,30.776535,4647.844727,0,774.987366,4915.52832,177.595016,0,35095.183594,0,0,0,4,1,None,0.001953,"harvest dry biomass|burn dry organic matter|power intake and harvest|heat caravan|reject heat|spoil wet organic matter|maintain caravan water circuit|maintain living structure|maintain electrical systems|grow Жатка живой массы|grow Сборщик сухой массы|grow Сушильный орган|grow Органическое хранилище|grow Биореактор / топка"
40,1,40,20,14,31.835552,4486.856445,0,774.968567,4922.696289,177.553894,0,34946.179688,0,0,0,4,1,None,0.001953,"harvest dry biomass|capture dust|burn dry organic matter|power intake and harvest|heat caravan|reject heat|maintain caravan water circuit|maintain living structure|maintain electrical systems|grow Жатка живой массы|grow Сборщик сухой массы|grow Сушильный орган|grow Органическое хранилище|grow Биореактор / топка"
41,1,41,22,13,32.585552,4315.854492,0,774.968567,4929.946777,177.590729,0,34755.316406,0,0,0,4,1,None,0.001953,"harvest dry biomass|burn dry organic matter|power intake and harvest|heat caravan|reject heat|maintain caravan water circuit|maintain living structure|maintain electrical systems|grow Жатка живой массы|grow Сборщик сухой массы|grow Сушильный орган|grow Органическое хранилище|grow Биореактор / топка"
42,1,42,22,12,33.335552,4160.33252,0,774.934143,4937.550781,176.047791,0.247771,34606.101563,0,0,0,4,1,None,0.001953,"harvest dry biomass|burn dry organic matter|power intake and harvest|heat caravan|reject heat|spoil wet organic matter|maintain caravan water circuit|maintain living structure|maintain electrical systems|move|movement water loss|movement organic maintenance|grow Жатка живой массы|grow Сборщик сухой массы|grow Сушильный орган|grow Органическое хранилище|grow Биореактор / топка"
43,1,43,20,11,33.939106,4453.01416,0,774.934143,4944.621582,177.279404,0,34922.65625,0,0,0,4,1,None,0.001953,"withdraw surface water|harvest dry biomass|capture dust|burn dry organic matter|power intake and harvest|heat caravan|reject heat|maintain caravan water circuit|maintain living structure|maintain electrical systems|grow Жатка живой массы|grow Сборщик сухой массы|grow Сушильный орган|grow Органическое хранилище|grow Биореактор / топка"
44,1,44,18,11,34.79266,4294.492188,0,774.934143,4952.066406,174.443405,0.498014,34749.222656,0,0,0,4,1,None,0.001953,"harvest dry biomass|capture dust|burn dry organic matter|power intake and harvest|heat caravan|reject heat|maintain caravan water circuit|maintain living structure|maintain electrical systems|move|movement water loss|movement organic maintenance|grow Жатка живой массы|grow Сборщик сухой массы|grow Сушильный орган|grow Органическое хранилище|grow Биореактор / топка"
45,1,45,21,7,36.103321,4128.109375,0,774.934143,4959.489258,176.117889,0.235831,34608.972656,0,0,0,4,1,None,0.001953,"harvest dry biomass|burn dry organic matter|power intake and harvest|heat caravan|reject heat|maintain caravan water circuit|maintain living structure|maintain electrical systems|move|movement water loss|movement organic maintenance|grow Жатка живой массы|grow Сборщик сухой массы|grow Сушильный орган|grow Органическое хранилище|grow Биореактор / топка"
46,1,46,22,8,36.603321,3964.004883,0,774.908752,4967.146484,177.597839,0,34451.25,0,0,0,4,1,None,0.001953,"harvest dry biomass|burn dry organic matter|power intake and harvest|heat caravan|reject heat|spoil wet organic matter|maintain caravan water circuit|maintain living structure|maintain electrical systems|grow Жатка живой массы|grow Сборщик сухой массы|grow Сушильный орган|grow Органическое хранилище|grow Биореактор / топка"
47,1,47,21,10,37.353321,4930.636719,0,774.901978,4974.506836,177.592117,0,35424.027344,0,0,0,4,1,None,0.001953,"harvest dry biomass|burn dry organic matter|power intake and harvest|heat caravan|reject heat|spoil wet organic matter|maintain caravan water circuit|maintain living structure|maintain electrical systems|grow Жатка живой массы|grow Сборщик сухой массы|grow Сушильный орган|grow Органическое хранилище|grow Биореактор / топка"
48,1,48,19,8,38.206875,4768.508789,0,774.893738,4982.117188,177.591431,0,35268.289063,0,0,0,4,1,None,0.001953,"harvest dry biomass|burn dry organic matter|power intake and harvest|heat caravan|reject heat|spoil wet organic matter|maintain caravan water circuit|maintain living structure|maintain electrical systems|grow Жатка живой массы|grow Сборщик сухой массы|grow Сушильный орган|grow Органическое хранилище|grow Биореактор / топка"
49,1,49,19,7,38.956875,4606.989746,0,774.861572,4989.737793,177.594864,0,35113.097656,0,0,0,4,1,None,0.001953,"harvest dry biomass|burn dry organic matter|power intake and harvest|heat caravan|reject heat|spoil wet organic matter|maintain caravan water circuit|maintain living structure|maintain electrical systems|grow Жатка живой массы|grow Сборщик сухой массы|grow Сушильный орган|grow Органическое хранилище|grow Биореактор / топка"
50,1,50,18,2,40.265892,4442.778809,0,774.815308,4997.415039,177.595078,0,34955.238281,0,0,0,4,1,None,0.001953,"harvest dry biomass|burn dry organic matter|power intake and harvest|heat caravan|reject heat|spoil wet organic matter|maintain caravan water circuit|maintain living structure|maintain electrical systems|grow Жатка живой массы|grow Сборщик сухой массы|grow Сушильный орган|grow Органическое хранилище|grow Биореактор / топка"
51,1,51,16,3,41.015892,4279.585938,0,774.732788,5004.855957,175.842346,0.280521,34798.050781,0,0,0,4,1,None,0.001953,"harvest dry biomass|burn dry organic matter|power intake and harvest|heat caravan|reject heat|spoil wet organic matter|maintain caravan water circuit|maintain living structure|maintain electrical systems|move|movement water loss|movement organic maintenance|grow Жатка живой массы|grow Сборщик сухой массы|grow Сушильный орган|grow Органическое хранилище|grow Биореактор / топка"
52,1,52,15,2,41.515892,4119.730469,0,774.654114,5012.565918,177.599136,0,34644.484375,0,0,0,4,1,None,0.001953,"harvest dry biomass|burn dry organic matter|power intake and harvest|heat caravan|reject heat|spoil wet organic matter|maintain caravan water circuit|maintain living structure|maintain electrical systems|grow Жатка живой массы|grow Сборщик сухой массы|grow Сушильный орган|grow Органическое хранилище|grow Биореактор / топка"
53,1,53,14,0,42.265892,3958.602783,0,774.402588,5020.574707,177.602142,0,34489.464844,0,0,0,4,1,None,0.001953,"harvest dry biomass|burn dry organic matter|power intake and harvest|heat caravan|reject heat|spoil wet organic matter|maintain caravan water circuit|maintain living structure|maintain electrical systems|grow Жатка живой массы|grow Сборщик сухой массы|grow Сушильный орган|grow Органическое хранилище|grow Биореактор / топка"
54,1,54,14,1,43.015892,3792.674072,0,774.0896,5028.480469,177.600342,0,34329.363281,0,0,0,4,1,None,0.001953,"harvest dry biomass|burn dry organic matter|power intake and harvest|heat caravan|reject heat|spoil wet organic matter|maintain caravan water circuit|maintain living structure|maintain electrical systems|grow Жатка живой массы|grow Сборщик сухой массы|grow Сушильный орган|grow Органическое хранилище|grow Биореактор / топка"
55,1,55,12,3,44.015892,3613.067871,0,773.984619,5036.041016,176.879807,0.108853,34173.824219,0,0,0,4,1,None,0.001953,"harvest dry biomass|capture dust|burn dry organic matter|power intake and harvest|heat caravan|reject heat|spoil wet organic matter|maintain caravan water circuit|maintain living structure|maintain electrical systems|move|movement water loss|movement organic maintenance|grow Жатка живой массы|grow Сборщик сухой массы|grow Сушильный орган|grow Органическое хранилище|grow Биореактор / топка"
56,1,56,10,5,44.869446,3442.468506,0,773.919495,5043.76416,176.000504,0.249566,33986.058594,0,0,0,4,1,None,0.001953,"harvest dry biomass|capture dust|burn dry organic matter|power intake and harvest|heat caravan|reject heat|spoil wet organic matter|maintain caravan water circuit|maintain living structure|maintain electrical systems|move|movement water loss|movement organic maintenance|grow Жатка живой массы|grow Сборщик сухой массы|grow Сушильный орган|grow Органическое хранилище|grow Биореактор / топка"
57,1,57,7,4,45.723,3264.171875,0,773.830444,5051.613281,177.56076,0,33842.964844,0,0,0,4,1,None,0.001953,"harvest dry biomass|capture dust|burn dry organic matter|power intake and harvest|heat caravan|reject heat|spoil wet organic matter|maintain caravan water circuit|maintain living structure|maintain electrical systems|grow Жатка живой массы|grow Сборщик сухой массы|grow Сушильный орган|grow Органическое хранилище|grow Биореактор / топка"
58,1,58,5,3,46.680107,3088.662109,0,773.649048,5059.61084,177.563919,0,33690.191406,0,0,0,4,1,None,0.001953,"harvest dry biomass|capture dust|burn dry organic matter|power intake and harvest|heat caravan|reject heat|spoil wet organic matter|maintain caravan water circuit|maintain living structure|maintain electrical systems|grow Жатка живой массы|grow Сборщик сухой массы|grow Сушильный орган|grow Органическое хранилище|grow Биореактор / топка"
59,1,59,4,3,47.430107,2914.718994,0,773.390442,5067.550781,177.600845,0,33525.671875,0,0,0,4,1,None,0.001953,"harvest dry biomass|burn dry organic matter|power intake and harvest|heat caravan|reject heat|spoil wet organic matter|maintain caravan water circuit|maintain living structure|maintain electrical systems|move|movement water loss|movement organic maintenance|grow Жатка живой массы|grow Сборщик сухой массы|grow Сушильный орган|grow Органическое хранилище|grow Биореактор / топка"
60,1,60,6,4,48.180107,2748.873535,0,773.186462,5075.398438,176.860825,0.118247,33365.90625,0,0,0,4,1,None,0.001953,"harvest dry biomass|burn dry organic matter|power intake and harvest|heat caravan|reject heat|spoil wet organic matter|maintain caravan water circuit|maintain living structure|maintain electrical systems|move|movement water loss|movement organic maintenance|grow Жатка живой массы|grow Сборщик сухой массы|grow Сушильный орган|grow Органическое хранилище|grow Биореактор / топка"
61,1,61,8,6,49.033661,2587.324951,0,772.994934,5083.340332,177.288208,0.050027,33210.5625,0,0,0,4,1,None,0.001953,"harvest dry biomass|burn dry organic matter|power intake and harvest|heat caravan|reject heat|spoil wet organic matter|maintain caravan water circuit|maintain living structure|maintain electrical systems|move|movement water loss|movement organic maintenance|grow Жатка живой массы|grow Сборщик сухой массы|grow Сушильный орган|grow Органическое хранилище|grow Биореактор / топка"
62,1,62,8,4,49.842678,2420.873291,0,772.77301,5091.363281,177.606613,0,33050.316406,0,0,0,4,1,None,0.001953,"harvest dry biomass|burn dry organic matter|power intake and harvest|heat caravan|reject heat|spoil wet organic matter|maintain caravan water circuit|maintain living structure|maintain electrical systems|grow Жатка живой массы|grow Сборщик сухой массы|grow Сушильный орган|grow Органическое хранилище|grow Биореактор / топка"
63,1,63,7,2,50.592678,2254.156006,0,772.447388,5099.630371,177.602081,0,32889.757813,0,0,0,4,1,None,0.001953,"harvest dry biomass|burn dry organic matter|power intake and harvest|heat caravan|reject heat|spoil wet organic matter|maintain caravan water circuit|maintain living structure|maintain electrical systems|grow Жатка живой массы|grow Сборщик сухой массы|grow Сушильный орган|grow Органическое хранилище|grow Биореактор / топка"
64,1,64,6,0,51.342678,2088.331055,0,771.935181,5107.933105,175.459229,0.343446,32729.595703,0,0,0,4,1,None,0.001953,"harvest dry biomass|burn dry organic matter|power intake and harvest|heat caravan|reject heat|spoil wet organic matter|maintain caravan water circuit|maintain living structure|maintain electrical systems|move|movement water loss|movement organic maintenance|grow Жатка живой массы|grow Сборщик сухой массы|grow Сушильный орган|grow Органическое хранилище|grow Биореактор / топка"
65,1,65,5,1,51.842678,1922.855957,0,771.250305,5116.429199,177.60643,0,32569.5,0,0,0,4,1,None,0.001953,"harvest dry biomass|burn dry organic matter|power intake and harvest|heat caravan|reject heat|spoil wet organic matter|maintain caravan water circuit|maintain living structure|maintain electrical systems|grow Жатка живой массы|grow Сборщик сухой массы|grow Сушильный орган|grow Органическое хранилище|grow Биореактор / топка"
66,1,66,3,3,52.842678,1756.764526,0,770.6875,5124.743652,177.451538,0.024758,32408.947266,0,0,0,4,1,None,0.001953,"harvest dry biomass|burn dry organic matter|power intake and harvest|heat caravan|reject heat|spoil wet organic matter|maintain caravan water circuit|maintain living structure|maintain electrical systems|move|movement water loss|movement organic maintenance|grow Жатка живой массы|grow Сборщик сухой массы|grow Сушильный орган|grow Органическое хранилище|grow Биореактор / топка"
67,1,67,2,4,53.342678,1587.055054,0,770.177002,5133.098633,177.606552,0,32244.962891,0,0,0,4,1,None,0.001953,"harvest dry biomass|burn dry organic matter|power intake and harvest|heat caravan|reject heat|spoil wet organic matter|maintain caravan water circuit|maintain living structure|maintain electrical systems|grow Жатка живой массы|grow Сборщик сухой массы|grow Сушильный орган|grow Органическое хранилище|grow Биореактор / топка"
68,1,68,4,5,54.092678,1405.482788,0,769.613831,5141.458008,177.569641,0,32072.574219,0,0,0,4,1,None,0.001953,"harvest dry biomass|capture dust|burn dry organic matter|power intake and harvest|heat caravan|reject heat|spoil wet organic matter|maintain caravan water circuit|maintain living structure|maintain electrical systems|grow Жатка живой массы|grow Сборщик сухой массы|grow Сушильный орган|grow Органическое хранилище|grow Биореактор / топка"
69,1,69,5,7,54.842678,1223.372925,0,769.06189,5143.099121,177.841278,0,31856.152344,0,0,0,4,1,None,0.001953,"harvest dry biomass|capture dust|burn dry organic matter|power intake and harvest|heat caravan|reject heat|spoil wet organic matter|maintain caravan water circuit|maintain living structure|maintain electrical systems|move|movement water loss|movement organic maintenance"
70,1,70,6,5,55.446232,1037.460693,0,768.529358,5143.641113,177.841095,0,31693.029297,0,0,0,4,1,None,0.001953,"harvest dry biomass|capture dust|burn dry organic matter|power intake and harvest|heat caravan|reject heat|spoil wet organic matter|maintain caravan water circuit|maintain living structure|maintain electrical systems"
71,1,71,6,7,56.299786,843.684631,0,767.957336,5144.249023,177.841873,0,31511.460938,0,0,0,4,1,None,0.001953,"harvest dry biomass|capture dust|burn dry organic matter|power intake and harvest|heat caravan|reject heat|spoil wet organic matter|maintain caravan water circuit|maintain living structure|maintain electrical systems"
72,1,72,9,8,57.108803,677.748535,0,767.391968,5144.963379,177.847885,0,31321.513672,0,0,0,4,1,None,0.001953,"harvest dry biomass|capture dust|burn dry organic matter|power intake and harvest|heat caravan|reject heat|spoil wet organic matter|maintain caravan water circuit|maintain living structure|maintain electrical systems"
73,1,73,12,7,57.91782,514.309937,0,766.736816,5145.600098,177.848526,0,31184.478516,0,0,0,4,1,None,0.001953,"harvest dry biomass|capture dust|burn dry organic matter|power intake and harvest|heat caravan|reject heat|spoil wet organic matter|maintain caravan water circuit|maintain living structure|maintain electrical systems"
74,1,74,12,4,58.976837,351.649689,0,766.118347,5146.1875,175.979752,0.304128,30992.925781,0,0,0,4,1,None,0.001953,"harvest dry biomass|burn dry organic matter|power intake and harvest|heat caravan|reject heat|spoil wet organic matter|maintain caravan water circuit|maintain living structure|maintain electrical systems|move|movement water loss|movement organic maintenance"
75,1,75,14,4,59.476837,192.439743,0,765.417053,5147.017578,177.88353,0,30831.380859,0,0,0,4,1,None,0.001953,"harvest dry biomass|burn dry organic matter|power intake and harvest|heat caravan|reject heat|spoil wet organic matter|maintain caravan water circuit|maintain living structure|maintain electrical systems"
76,1,76,14,3,60.226837,29.752451,0,764.629028,5147.844727,177.294098,0.094309,30666.115234,0,0,0,4,1,None,0.001953,"harvest dry biomass|burn dry organic matter|power intake and harvest|heat caravan|reject heat|spoil wet organic matter|maintain caravan water circuit|maintain living structure|maintain electrical systems|move|movement water loss|movement organic maintenance"
77,1,77,11,2,61.080391,0,0,763.679321,5099.518555,175.373734,0.190826,30584.175781,19.74192,0,0,4,1,None,0.001953,"harvest dry biomass|burn dry organic matter|power intake and harvest|heat caravan|reject heat|spoil wet organic matter|maintain living structure|maintain electrical systems|move|movement organic maintenance"
78,1,78,10,3,61.580391,0,0,762.691162,5030.489258,174.442139,0,30511.179688,43.74192,0,0,4,1,None,0.001953,"harvest dry biomass|burn dry organic matter|power intake and harvest|heat caravan|reject heat|spoil wet organic matter|maintain living structure|maintain electrical systems"
79,1,79,10,4,62.330391,0,0,761.75769,4962.245117,172.344299,0,30439.125,67.74192,0,0,4,1,None,0.001953,"harvest dry biomass|burn dry organic matter|power intake and harvest|heat caravan|reject heat|spoil wet organic matter|maintain living structure|maintain electrical systems"
80,1,80,9,2,63.242962,0,0,760.710876,4895.047363,168.432236,0.294843,30367.792969,91.74192,0,0,4,1,None,0.001953,"harvest dry biomass|burn dry organic matter|power intake and harvest|heat caravan|reject heat|spoil wet organic matter|maintain living structure|maintain electrical systems|move|movement organic maintenance"
81,1,81,8,1,63.742962,0,0,759.538574,4828.685547,166.491257,0.277377,30296.949219,115.74192,0,0,4,1,None,0.001953,"harvest dry biomass|burn dry organic matter|power intake and harvest|heat caravan|reject heat|spoil wet organic matter|maintain living structure|maintain electrical systems|move|movement organic maintenance"
82,1,82,10,1,64.242966,0,0,758.120911,4763.547852,166.209137,0,30226.640625,139.741913,0,0,4,1,None,0.001953,"harvest dry biomass|burn dry organic matter|power intake and harvest|heat caravan|reject heat|spoil wet organic matter|maintain living structure|maintain electrical systems"
83,1,83,12,1,64.742966,0,0,756.618408,4699.161133,164.209991,0,30156.847656,163.741913,0,0,4,1,None,0.001953,"harvest dry biomass|burn dry organic matter|power intake and harvest|heat caravan|reject heat|spoil wet organic matter|maintain living structure|maintain electrical systems"
84,1,84,10,0,65.492966,4504.506348,0,755.068176,4685.373047,163.201263,0,34642.027344,158.041931,0,0,4,1,None,0.001953,"harvest dry biomass|burn dry organic matter|power intake and harvest|heat caravan|reject heat|spoil wet organic matter|maintain caravan water circuit|maintain living structure|maintain electrical systems|grow Жатка живой массы|grow Сборщик сухой массы|grow Сушильный орган|grow Органическое хранилище|grow Биореактор / топка"
85,1,85,7,0,66.242966,4337.069336,0,753.442993,4702.998535,163.490829,0,34486.464844,142.441956,0,0,4,1,None,0.001953,"harvest dry biomass|burn dry organic matter|power intake and harvest|heat caravan|reject heat|spoil wet organic matter|maintain caravan water circuit|maintain living structure|maintain electrical systems|grow Жатка живой массы|grow Сборщик сухой массы|grow Сушильный орган|grow Органическое хранилище|grow Биореактор / топка"
86,1,86,6,3,67.096519,4169.804688,0,751.912048,4720.711426,163.736267,0,34334.746094,126.84198,0,0,4,1,None,0.001953,"harvest dry biomass|capture dust|burn dry organic matter|power intake and harvest|heat caravan|reject heat|spoil wet organic matter|maintain caravan water circuit|maintain living structure|maintain electrical systems|grow Жатка живой массы|grow Сборщик сухой массы|grow Сушильный орган|grow Органическое хранилище|grow Биореактор / топка"
87,1,87,6,4,67.846519,3990.421631,0,750.441467,4738.10791,164.009598,0,34192.9375,111.242004,0,0,4,1,None,0.001953,"harvest dry biomass|capture dust|burn dry organic matter|power intake and harvest|heat caravan|reject heat|spoil wet organic matter|maintain caravan water circuit|maintain living structure|maintain electrical systems|move|movement water loss|movement organic maintenance|grow Жатка живой массы|grow Сборщик сухой массы|grow Сушильный орган|grow Органическое хранилище|grow Биореактор / топка"
88,1,88,8,5,68.596519,3813.541748,0,748.948486,4755.57373,164.282776,0,34001.941406,95.642029,0,0,4,1,None,0.001953,"harvest dry biomass|capture dust|burn dry organic matter|power intake and harvest|heat caravan|reject heat|spoil wet organic matter|maintain caravan water circuit|maintain living structure|maintain electrical systems|grow Жатка живой массы|grow Сборщик сухой массы|grow Сушильный орган|grow Органическое хранилище|grow Биореактор / топка"
89,1,89,11,5,69.346519,3651.622559,0,747.388977,4772.784668,163.68718,0.143261,33871.917969,80.042053,0,0,4,1,None,0.001953,"harvest dry biomass|burn dry organic matter|power intake and harvest|heat caravan|reject heat|spoil wet organic matter|maintain caravan water circuit|maintain living structure|maintain electrical systems|move|movement water loss|movement organic maintenance|grow Жатка живой массы|grow Сборщик сухой массы|grow Сушильный орган|grow Органическое хранилище|grow Биореактор / топка"
90,1,90,10,3,69.950073,3494.067139,0,745.698181,4790.076172,164.844498,0,33733.925781,64.442078,0,0,4,1,None,0.001953,"harvest dry biomass|burn dry organic matter|power intake and harvest|heat caravan|reject heat|spoil wet organic matter|maintain caravan water circuit|maintain living structure|maintain electrical systems|grow Жатка живой массы|grow Сборщик сухой массы|grow Сушильный орган|grow Органическое хранилище|grow Биореактор / топка"
91,1,91,8,3,70.803627,3335.340576,0,743.983276,4807.17041,165.095001,0,33586.082031,48.842072,0,0,4,1,None,0.001953,"harvest dry biomass|burn dry organic matter|power intake and harvest|heat caravan|reject heat|spoil wet organic matter|maintain caravan water circuit|maintain living structure|maintain electrical systems|grow Жатка живой массы|grow Сборщик сухой массы|grow Сушильный орган|grow Органическое хранилище|grow Биореактор / топка|atrophy Снегосборник|atrophy Электромотор|atrophy Тепловой орган"
92,1,92,7,2,71.303627,3173.351563,0,742.151611,4824.228027,165.346313,0,33434.609375,33.242065,0,0,4,1,None,0.001953,"harvest dry biomass|burn dry organic matter|power intake and harvest|heat caravan|reject heat|spoil wet organic matter|maintain caravan water circuit|maintain living structure|maintain electrical systems|grow Жатка живой массы|grow Сборщик сухой массы|grow Сушильный орган|grow Органическое хранилище|grow Биореактор / топка|atrophy Снегосборник|atrophy Электромотор|atrophy Тепловой орган"
93,1,93,4,2,72.260735,3007.360596,0,740.17688,4841.497559,165.591843,0,33278.949219,17.642059,0,0,4,1,None,0.003906,"harvest dry biomass|burn dry organic matter|power intake and harvest|heat caravan|reject heat|spoil wet organic matter|maintain caravan water circuit|maintain living structure|maintain electrical systems|grow Жатка живой массы|grow Сборщик сухой массы|grow Сушильный орган|grow Органическое хранилище|grow Биореактор / топка|atrophy Снегосборник|atrophy Электромотор|atrophy Тепловой орган"
94,1,94,2,5,73.319748,2846.437988,0,738.2677,4858.289551,164.247559,0.252932,33128.058594,2.042061,0,0,5,1,None,0.003906,"harvest dry biomass|burn dry organic matter|power intake and harvest|heat caravan|reject heat|spoil wet organic matter|maintain caravan water circuit|maintain living structure|maintain electrical systems|move|movement water loss|movement organic maintenance|grow Жатка живой массы|grow Сборщик сухой массы|grow Сушильный орган|grow Органическое хранилище|grow Биореактор / топка|atrophy Снегосборник|atrophy Электромотор|atrophy Тепловой орган"
95,1,95,2,7,73.819748,2678.888672,0,736.13031,4875.341309,166.064362,0,32970.167969,0,0,0,5,1,None,0.003906,"harvest dry biomass|burn dry organic matter|power intake and harvest|heat caravan|reject heat|spoil wet organic matter|maintain caravan water circuit|maintain living structure|maintain electrical systems|grow Жатка живой массы|grow Сборщик сухой массы|grow Сушильный орган|grow Органическое хранилище|grow Биореактор / топка|atrophy Снегосборник|atrophy Электромотор|atrophy Тепловой орган"
96,1,96,4,10,74.878761,4872.213379,0,733.998901,4892.351563,166.256149,0,35176.496094,0,0,0,5,1,None,0.003906,"harvest dry biomass|capture dust|burn dry organic matter|power intake and harvest|heat caravan|reject heat|spoil wet organic matter|maintain caravan water circuit|maintain living structure|maintain electrical systems|grow Жатка живой массы|grow Сборщик сухой массы|grow Сушильный орган|grow Органическое хранилище|grow Биореактор / топка|atrophy Снегосборник|atrophy Электромотор|atrophy Тепловой орган"
97,1,97,3,12,75.482315,4703.560059,0,731.684448,4909.227051,166.5215,0,35023.570313,0,0,0,5,1,None,0.003906,"harvest dry biomass|burn dry organic matter|power intake and harvest|heat caravan|reject heat|spoil wet organic matter|maintain caravan water circuit|maintain living structure|maintain electrical systems|grow Жатка живой массы|grow Сборщик сухой массы|grow Сушильный орган|grow Органическое хранилище|grow Биореактор / топка|atrophy Снегосборник|atrophy Электромотор|atrophy Тепловой орган"
98,1,98,5,12,76.335869,4524.333008,0,729.336487,4926.084961,166.741791,0,34853.21875,0,0,0,5,1,None,0.003906,"harvest dry biomass|burn dry organic matter|power intake and harvest|heat caravan|reject heat|spoil wet organic matter|maintain caravan water circuit|maintain living structure|maintain electrical systems|move|movement water loss|movement organic maintenance|grow Жатка живой массы|grow Сборщик сухой массы|grow Сушильный орган|grow Органическое хранилище|grow Биореактор / топка|atrophy Снегосборник|atrophy Электромотор|atrophy Тепловой орган"
99,1,99,7,13,77.085869,4339.404785,0,726.978333,4942.866211,166.935928,0,34694.808594,0,0,0,5,1,None,0.003906,"harvest dry biomass|capture dust|burn dry organic matter|power intake and harvest|heat caravan|reject heat|spoil wet organic matter|maintain caravan water circuit|maintain living structure|maintain electrical systems|grow Жатка живой массы|grow Сборщик сухой массы|grow Сушильный орган|grow Органическое хранилище|grow Биореактор / топка|atrophy Снегосборник|atrophy Электромотор|atrophy Тепловой орган"
100,1,100,9,12,77.835869,4155.088867,0,724.597534,4959.555176,167.136246,0,34493.363281,0,0,0,5,1,None,0.003906,"harvest dry biomass|capture dust|burn dry organic matter|power intake and harvest|heat caravan|reject heat|spoil wet organic matter|maintain caravan water circuit|maintain living structure|maintain electrical systems|grow Жатка живой массы|grow Сборщик сухой массы|grow Сушильный орган|grow Органическое хранилище|grow Биореактор / топка|atrophy Снегосборник|atrophy Электромотор|atrophy Тепловой орган"
101,1,101,8,11,78.335869,3979.820313,0,722.18512,4976.183594,167.346436,0,34353.695313,0,0,0,5,1,None,0.003906,"harvest dry biomass|capture dust|burn dry organic matter|power intake and harvest|heat caravan|reject heat|spoil wet organic matter|maintain caravan water circuit|maintain living structure|maintain electrical systems|grow Жатка живой массы|grow Сборщик сухой массы|grow Сушильный орган|grow Органическое хранилище|grow Биореактор / топка|atrophy Снегосборник|atrophy Электромотор|atrophy Тепловой орган"
102,1,102,5,11,79.085869,4995.272461,0,719.642456,4992.856445,166.870071,0,35335.738281,0,0,0,5,1,None,0.003906,"withdraw surface water|harvest dry biomass|burn dry organic matter|power intake and harvest|heat caravan|reject heat|spoil wet organic matter|maintain caravan water circuit|maintain living structure|maintain electrical systems|grow Жатка живой массы|grow Сборщик сухой массы|grow Сушильный орган|grow Органическое хранилище|grow Биореактор / топка|atrophy Снегосборник|atrophy Электромотор|atrophy Тепловой орган"
103,1,103,7,9,79.939423,4827.206543,0,717.026794,5009.336914,165.768372,0.321804,35180.648438,0,0,0,5,1,None,0.003906,"harvest dry biomass|burn dry organic matter|power intake and harvest|heat caravan|reject heat|spoil wet organic matter|maintain caravan water circuit|maintain living structure|maintain electrical systems|move|movement water loss|movement organic maintenance|grow Жатка живой массы|grow Сборщик сухой массы|grow Сушильный орган|grow Органическое хранилище|grow Биореактор / топка|atrophy Снегосборник|atrophy Электромотор|atrophy Тепловой орган"
104,1,104,8,10,80.439423,4662.227051,0,714.413086,5025.970703,167.978165,0,35025.613281,0,0,0,5,1,None,0.003906,"harvest dry biomass|burn dry organic matter|power intake and harvest|heat caravan|reject heat|spoil wet organic matter|maintain caravan water circuit|maintain living structure|maintain electrical systems|grow Жатка живой массы|grow Сборщик сухой массы|grow Сушильный орган|grow Органическое хранилище|grow Биореактор / топка|atrophy Снегосборник|atrophy Электромотор|atrophy Тепловой орган"
105,1,105,8,8,81.292976,4497.525391,0,711.761902,5042.291504,167.768692,0.064499,34868.398438,0,0,0,5,1,None,0.003906,"harvest dry biomass|burn dry organic matter|power intake and harvest|heat caravan|reject heat|spoil wet organic matter|maintain caravan water circuit|maintain living structure|maintain electrical systems|move|movement water loss|movement organic maintenance|grow Жатка живой массы|grow Сборщик сухой массы|grow Сушильный орган|grow Органическое хранилище|grow Биореактор / топка|atrophy Снегосборник|atrophy Электромотор|atrophy Тепловой орган"
106,1,106,8,6,82.10199,4338.426758,0,709.072876,5058.67334,168.363922,0,34716.738281,0,0,0,5,1,None,0.003906,"harvest dry biomass|burn dry organic matter|power intake and harvest|heat caravan|reject heat|spoil wet organic matter|maintain caravan water circuit|maintain living structure|maintain electrical systems|grow Жатка живой массы|grow Сборщик сухой массы|grow Сушильный орган|grow Органическое хранилище|grow Биореактор / топка|atrophy Снегосборник|atrophy Электромотор|atrophy Тепловой орган"
107,1,107,6,6,82.955544,4173.742676,0,706.236755,5075.04541,167.913513,0.101123,34559.078125,0,0,0,5,1,None,0.003906,"harvest dry biomass|burn dry organic matter|power intake and harvest|heat caravan|reject heat|spoil wet organic matter|maintain caravan water circuit|maintain living structure|maintain electrical systems|move|movement water loss|movement organic maintenance|grow Жатка живой массы|grow Сборщик сухой массы|grow Сушильный орган|grow Органическое хранилище|grow Биореактор / топка|atrophy Снегосборник|atrophy Электромотор|atrophy Тепловой орган"
108,1,108,3,7,83.955544,4014.100586,0,703.337646,5091.436035,168.166397,0.089754,34406.300781,0,0,0,5,1,None,0.003906,"harvest dry biomass|burn dry organic matter|power intake and harvest|heat caravan|reject heat|spoil wet organic matter|maintain caravan water circuit|maintain living structure|maintain electrical systems|move|movement water loss|movement organic maintenance|grow Жатка живой массы|grow Сборщик сухой массы|grow Сушильный орган|grow Органическое хранилище|grow Биореактор / топка|atrophy Снегосборник|atrophy Электромотор|atrophy Тепловой орган"
109,1,109,4,8,84.455544,3848.489258,0,700.273743,5107.92627,168.911713,0,34247.191406,0,0,0,5,1,None,0.003906,"harvest dry biomass|burn dry organic matter|power intake and harvest|heat caravan|reject heat|spoil wet organic matter|maintain caravan water circuit|maintain living structure|maintain electrical systems|grow Жатка живой массы|grow Сборщик сухой массы|grow Сушильный орган|grow Органическое хранилище|grow Биореактор / топка|atrophy Снегосборник|atrophy Электромотор|atrophy Тепловой орган"
110,1,110,5,7,84.955544,4882.498047,0,697.143494,5124.334473,169.082275,0,35289.96875,0,0,0,5,1,None,0.003906,"harvest dry biomass|burn dry organic matter|power intake and harvest|heat caravan|reject heat|spoil wet organic matter|maintain caravan water circuit|maintain living structure|maintain electrical systems|grow Жатка живой массы|grow Сборщик сухой массы|grow Сушильный орган|grow Органическое хранилище|grow Биореактор / топка|atrophy Снегосборник|atrophy Электромотор|atrophy Тепловой орган"
111,1,111,5,5,85.809097,4713.376953,0,693.96167,5140.720703,169.251221,0,35126.914063,0,0,0,5,1,None,0.003906,"harvest dry biomass|burn dry organic matter|power intake and harvest|heat caravan|reject heat|spoil wet organic matter|maintain caravan water circuit|maintain living structure|maintain electrical systems|grow Жатка живой массы|grow Сборщик сухой массы|grow Сушильный орган|grow Органическое хранилище|grow Биореактор / топка|atrophy Снегосборник|atrophy Электромотор|atrophy Тепловой орган"
112,1,112,6,3,86.559097,4536.96875,0,690.905212,5156.958496,169.420868,0,34968.421875,0,0,0,5,1,None,0.003906,"harvest dry biomass|burn dry organic matter|power intake and harvest|heat caravan|reject heat|spoil wet organic matter|maintain caravan water circuit|maintain living structure|maintain electrical systems|grow Жатка живой массы|grow Сборщик сухой массы|grow Сушильный орган|grow Органическое хранилище|grow Биореактор / топка|atrophy Снегосборник|atrophy Электромотор|atrophy Тепловой орган"
113,1,113,4,0,87.516205,4366.199219,0,688.358643,5172.087891,169.582703,0,34804.246094,0,0,0,5,1,None,0.003906,"harvest dry biomass|burn dry organic matter|power intake and harvest|heat caravan|reject heat|spoil wet organic matter|maintain caravan water circuit|maintain living structure|maintain electrical systems|grow Жатка живой массы|grow Сборщик сухой массы|grow Сушильный орган|grow Органическое хранилище|grow Биореактор / топка|atrophy Снегосборник|atrophy Электромотор|atrophy Тепловой орган"
114,1,114,2,1,88.266205,4197.994629,0,685.478638,5188.052246,169.745117,0,34642.527344,0,0,0,5,1,None,0.003906,"harvest dry biomass|burn dry organic matter|power intake and harvest|heat caravan|reject heat|spoil wet organic matter|maintain caravan water circuit|maintain living structure|maintain electrical systems|grow Жатка живой массы|grow Сборщик сухой массы|grow Сушильный орган|grow Органическое хранилище|grow Биореактор / топка|atrophy Снегосборник|atrophy Электромотор|atrophy Тепловой орган"
115,1,115,1,1,89.016205,4026.841309,0,682.282654,5204.149902,169.899231,0,34477.121094,0,0,0,5,1,None,0.003906,"harvest dry biomass|burn dry organic matter|power intake and harvest|heat caravan|reject heat|spoil wet organic matter|maintain caravan water circuit|maintain living structure|maintain electrical systems|grow Жатка живой массы|grow Сборщик сухой массы|grow Сушильный орган|grow Органическое хранилище|grow Биореактор / топка|atrophy Снегосборник|atrophy Электромотор|atrophy Тепловой орган"
116,1,116,0,1,89.766205,3861.908691,0,679.738586,5219.254883,170.048187,0,34318.753906,0,0,0,5,1,None,0.003906,"harvest dry biomass|burn dry organic matter|power intake and harvest|heat caravan|reject heat|spoil wet organic matter|maintain caravan water circuit|maintain living structure|maintain electrical systems|grow Жатка живой массы|grow Сборщик сухой массы|grow Сушильный орган|grow Органическое хранилище|grow Биореактор / топка|atrophy Снегосборник|atrophy Электромотор|atrophy Тепловой орган"
117,1,117,0,4,90.516205,4900.993164,0,676.957458,5234.618164,166.944855,0.520761,35364.007813,0,0,0,5,1,None,0.003906,"harvest dry biomass|burn dry organic matter|power intake and harvest|heat caravan|reject heat|spoil wet organic matter|maintain caravan water circuit|maintain living structure|maintain electrical systems|move|movement water loss|movement organic maintenance|grow Жатка живой массы|grow Сборщик сухой массы|grow Сушильный орган|grow Органическое хранилище|grow Биореактор / топка|atrophy Снегосборник|atrophy Электромотор|atrophy Тепловой орган"
118,1,118,0,6,91.016205,4733.469238,0,673.881714,5250.260742,170.348175,0,35202.105469,0,0,0,5,1,None,0.003906,"harvest dry biomass|burn dry organic matter|power intake and harvest|heat caravan|reject heat|spoil wet organic matter|maintain caravan water circuit|maintain living structure|maintain electrical systems|grow Жатка живой массы|grow Сборщик сухой массы|grow Сушильный орган|grow Органическое хранилище|grow Биореактор / топка|atrophy Снегосборник|atrophy Электромотор|atrophy Тепловой орган"
119,1,119,1,8,91.766205,4568.173828,0,670.303345,5266.76123,170.496765,0,35041.882813,0,0,0,5,1,None,0.003906,"harvest dry biomass|burn dry organic matter|power intake and harvest|reject heat|spoil wet organic matter|maintain caravan water circuit|maintain living structure|maintain electrical systems|grow Жатка живой массы|grow Сборщик сухой массы|grow Сушильный орган|grow Органическое хранилище|grow Биореактор / топка|atrophy Снегосборник|atrophy Электромотор|atrophy Тепловой орган"
120,1,120,0,9,92.266205,4404.555176,0,666.883545,5282.187988,170.643463,0,34882.707031,0,0,0,5,1,None,0.003906,"harvest dry biomass|burn dry organic matter|power intake and harvest|heat caravan|reject heat|spoil wet organic matter|maintain caravan water circuit|maintain living structure|maintain electrical systems|grow Жатка живой массы|grow Сборщик сухой массы|grow Сушильный орган|grow Органическое хранилище|grow Биореактор / топка|atrophy Снегосборник|atrophy Электромотор|atrophy Тепловой орган"
121,1,121,2,12,93.325218,4239.32959,0,662.960938,5298.749023,170.775421,0,34721.652344,0,0,0,5,1,None,0.003906,"harvest dry biomass|burn dry organic matter|power intake and harvest|reject heat|spoil wet organic matter|maintain caravan water circuit|maintain living structure|maintain electrical systems|grow Жатка живой массы|grow Сборщик сухой массы|grow Сушильный орган|grow Органическое хранилище|grow Биореактор / топка|atrophy Снегосборник|atrophy Электромотор|atrophy Тепловой орган"
122,1,122,3,15,94.178772,4078.094238,0,658.891602,5314.94873,170.17305,0.118761,34563.8125,0,0,0,5,1,None,0.003906,"harvest dry biomass|burn dry organic matter|power intake and harvest|reject heat|spoil wet organic matter|maintain caravan water circuit|maintain living structure|maintain electrical systems|move|movement water loss|movement organic maintenance|grow Жатка живой массы|grow Сборщик сухой массы|grow Сушильный орган|grow Органическое хранилище|grow Биореактор / топка|atrophy Снегосборник|atrophy Электромотор|atrophy Тепловой орган"
123,1,123,3,18,94.928772,3912.456055,0,654.896423,5331.17627,170.208771,0.134565,34401.808594,0,0,0,5,1,None,0.003906,"harvest dry biomass|burn dry organic matter|power intake and harvest|reject heat|spoil wet organic matter|maintain caravan water circuit|maintain living structure|maintain electrical systems|move|movement water loss|movement organic maintenance|grow Жатка живой массы|grow Сборщик сухой массы|grow Сушильный орган|grow Органическое хранилище|grow Биореактор / топка|atrophy Снегосборник|atrophy Электромотор|atrophy Тепловой орган"
124,1,124,2,19,95.428772,3745.77417,0,651.497681,5346.784668,171.18454,0,34239.804688,0,0,0,5,1,None,0.003906,"harvest dry biomass|burn dry organic matter|power intake and harvest|reject heat|spoil wet organic matter|maintain caravan water circuit|maintain living structure|maintain electrical systems|grow Жатка живой массы|grow Сборщик сухой массы|grow Сушильный орган|grow Органическое хранилище|grow Биореактор / топка|atrophy Снегосборник|atrophy Электромотор|atrophy Тепловой орган"
125,1,125,0,18,96.178772,4791.67334,0,648.491455,5361.67627,170.579193,0,35291.179688,0,0,0,5,1,None,0.003906,"withdraw surface water|harvest dry biomass|burn dry organic matter|power intake and harvest|heat caravan|reject heat|spoil wet organic matter|maintain caravan water circuit|maintain living structure|maintain electrical systems|grow Жатка живой массы|grow Сборщик сухой массы|grow Сушильный орган|grow Органическое хранилище|grow Биореактор / топка|atrophy Снегосборник|atrophy Электромотор|atrophy Тепловой орган"
126,1,126,2,17,96.928772,4620.67334,0,645.104126,5377.171875,171.437515,0,35125.980469,0,0,0,5,1,None,0.003906,"harvest dry biomass|burn dry organic matter|power intake and harvest|reject heat|spoil wet organic matter|maintain caravan water circuit|maintain living structure|maintain electrical systems|move|movement water loss|movement organic maintenance|grow Жатка живой массы|grow Сборщик сухой массы|grow Сушильный орган|grow Органическое хранилище|grow Биореактор / топка|atrophy Снегосборник|atrophy Электромотор|atrophy Тепловой орган"
127,1,127,2,15,97.428772,4447.138672,0,641.433411,5392.692871,171.559479,0,34957.484375,0,0,0,5,1,None,0.003906,"harvest dry biomass|burn dry organic matter|power intake and harvest|reject heat|spoil wet organic matter|maintain caravan water circuit|maintain living structure|maintain electrical systems|grow Жатка живой массы|grow Сборщик сухой массы|grow Сушильный орган|grow Органическое хранилище|grow Биореактор / топка|atrophy Снегосборник|atrophy Электромотор|atrophy Тепловой орган"
128,1,128,1,13,98.178772,4274.517578,0,637.502258,5408.425781,170.227982,0.232509,34789.378906,0,0,0,5,1,None,0.003906,"harvest dry biomass|burn dry organic matter|power intake and harvest|reject heat|spoil wet organic matter|maintain caravan water circuit|maintain living structure|maintain electrical systems|move|movement water loss|movement organic maintenance|grow Жатка живой массы|grow Сборщик сухой массы|grow Сушильный орган|grow Органическое хранилище|grow Биореактор / топка|atrophy Снегосборник|atrophy Электромотор|atrophy Тепловой орган"
129,1,129,1,16,98.928772,4104.512695,0,633.340454,5424.325195,170.043243,0.280747,34623.414063,0,0,0,5,1,None,0.003906,"harvest dry biomass|burn dry organic matter|power intake and harvest|reject heat|spoil wet organic matter|maintain caravan water circuit|maintain living structure|maintain electrical systems|move|movement water loss|movement organic maintenance|grow Жатка живой массы|grow Сборщик сухой массы|grow Сушильный орган|grow Органическое хранилище|grow Биореактор / топка|atrophy Снегосборник|atrophy Электромотор|atrophy Тепловой орган"
130,1,130,0,17,99.428772,3933.266113,0,629.623047,5439.849121,171.917191,0,34457.074219,0,0,0,5,1,None,0.003906,"harvest dry biomass|burn dry organic matter|power intake and harvest|heat caravan|reject heat|spoil wet organic matter|maintain caravan water circuit|maintain living structure|maintain electrical systems|grow Жатка живой массы|grow Сборщик сухой массы|grow Сушильный орган|grow Органическое хранилище|grow Биореактор / топка|atrophy Снегосборник|atrophy Электромотор|atrophy Тепловой орган"
131,1,131,2,20,100.487785,4983.12207,0,626.261475,5454.911621,172.030746,0,35512.375,0,0,0,5,1,None,0.003906,"harvest dry biomass|burn dry organic matter|power intake and harvest|reject heat|spoil wet organic matter|maintain caravan water circuit|maintain living structure|maintain electrical systems|grow Жатка живой массы|grow Сборщик сухой массы|grow Сушильный орган|grow Органическое хранилище|grow Биореактор / топка|atrophy Снегосборник|atrophy Электромотор|atrophy Тепловой орган"
132,1,132,5,20,101.237785,4816.942871,0,622.857239,5469.839355,172.142761,0,35351.382813,0,0,0,5,1,None,0.003906,"harvest dry biomass|burn dry organic matter|power intake and harvest|reject heat|spoil wet organic matter|maintain caravan water circuit|maintain living structure|maintain electrical systems|grow Жатка живой массы|grow Сборщик сухой массы|grow Сушильный орган|grow Органическое хранилище|grow Биореактор / топка|atrophy Снегосборник|atrophy Электромотор|atrophy Тепловой орган"
133,1,133,6,22,101.987785,4655.005859,0,619.700562,5484.602539,171.06929,0.189356,35195.164063,0,0,0,5,1,None,0.003906,"harvest dry biomass|burn dry organic matter|power intake and harvest|reject heat|spoil wet organic matter|maintain caravan water circuit|maintain living structure|maintain electrical systems|move|movement water loss|movement organic maintenance|grow Жатка живой массы|grow Сборщик сухой массы|grow Сушильный орган|grow Органическое хранилище|grow Биореактор / топка|atrophy Снегосборник|atrophy Электромотор|atrophy Тепловой орган"
134,1,134,4,22,102.487785,4491.515625,0,616.872925,5498.931641,172.360626,0,35037.878906,0,0,0,5,1,None,0.003906,"harvest dry biomass|burn dry organic matter|power intake and harvest|reject heat|spoil wet organic matter|maintain caravan water circuit|maintain living structure|maintain electrical systems|grow Жатка живой массы|grow Сборщик сухой массы|grow Сушильный орган|grow Органическое хранилище|grow Биореактор / топка|atrophy Снегосборник|atrophy Электромотор|atrophy Тепловой орган"
135,1,135,3,22,103.237785,4330.232422,0,613.965576,5513.336426,172.46463,0,34882.652344,0,0,0,5,1,None,0.003906,"harvest dry biomass|burn dry organic matter|power intake and harvest|reject heat|spoil wet organic matter|maintain caravan water circuit|maintain living structure|maintain electrical systems|grow Жатка живой массы|grow Сборщик сухой массы|grow Сушильный орган|grow Органическое хранилище|grow Биореактор / топка|atrophy Снегосборник|atrophy Электромотор|atrophy Тепловой орган"
136,1,136,1,21,103.987785,4166.154785,0,610.926453,5527.553711,171.080109,0.238074,34724.078125,0,0,0,5,1,None,0.003906,"harvest dry biomass|burn dry organic matter|power intake and harvest|reject heat|spoil wet organic matter|maintain caravan water circuit|maintain living structure|maintain electrical systems|move|movement water loss|movement organic maintenance|grow Жатка живой массы|grow Сборщик сухой массы|grow Сушильный орган|grow Органическое хранилище|grow Биореактор / топка|atrophy Снегосборник|atrophy Электромотор|atrophy Тепловой орган"
137,1,137,0,20,104.487785,4000.779541,0,607.339294,5542.463379,172.670334,0,34563.363281,0,0,0,5,1,None,0.003906,"harvest dry biomass|burn dry organic matter|power intake and harvest|reject heat|spoil wet organic matter|maintain caravan water circuit|maintain living structure|maintain electrical systems|grow Жатка живой массы|grow Сборщик сухой массы|grow Сушильный орган|grow Органическое хранилище|grow Биореактор / топка|atrophy Снегосборник|atrophy Электромотор|atrophy Тепловой орган"
138,1,138,3,19,105.487785,3835.512695,0,603.770569,5557.177246,172.773621,0,34402.609375,0,0,0,5,1,None,0.003906,"harvest dry biomass|burn dry organic matter|power intake and harvest|reject heat|spoil wet organic matter|maintain caravan water circuit|maintain living structure|maintain electrical systems|grow Жатка живой массы|grow Сборщик сухой массы|grow Сушильный орган|grow Органическое хранилище|grow Биореактор / топка|atrophy Снегосборник|atrophy Электромотор|atrophy Тепловой орган"
139,1,139,4,17,106.237785,3913.583496,0,600.079834,5572.032715,172.720947,0,34484.992188,0,0,0,5,1,None,0.003906,"withdraw surface water|harvest dry biomass|burn dry organic matter|power intake and harvest|reject heat|spoil wet organic matter|maintain caravan water circuit|maintain living structure|maintain electrical systems|grow Жатка живой массы|grow Сборщик сухой массы|grow Сушильный орган|grow Органическое хранилище|grow Биореактор / топка|atrophy Снегосборник|atrophy Электромотор|atrophy Тепловой орган"
140,1,140,5,17,106.987785,4012.429688,0,596.255188,5587.023926,172.927612,0,34596.976563,0,0,0,5,1,None,0.003906,"harvest dry biomass|capture dust|burn dry organic matter|power intake and harvest|reject heat|spoil wet organic matter|maintain caravan water circuit|maintain living structure|maintain electrical systems|grow Жатка живой массы|grow Сборщик сухой массы|grow Сушильный орган|grow Органическое хранилище|grow Биореактор / топка|atrophy Снегосборник|atrophy Электромотор|atrophy Тепловой орган"
141,1,141,7,16,107.737785,3840.569824,0,592.63916,5601.677734,172.976288,0.007156,34456.292969,0,0,0,5,1,None,0.003906,"harvest dry biomass|capture dust|burn dry organic matter|power intake and harvest|reject heat|spoil wet organic matter|maintain caravan water circuit|maintain living structure|maintain electrical systems|move|movement water loss|movement organic maintenance|grow Жатка живой массы|grow Сборщик сухой массы|grow Сушильный орган|grow Органическое хранилище|grow Биореактор / топка|atrophy Снегосборник|atrophy Электромотор|atrophy Тепловой орган"
142,1,142,7,14,108.237785,3658.641846,0,588.747314,5616.544434,173.126633,0,34250.425781,0,0,0,5,1,None,0.003906,"harvest dry biomass|capture dust|burn dry organic matter|power intake and harvest|reject heat|spoil wet organic matter|maintain caravan water circuit|maintain living structure|maintain electrical systems|grow Жатка живой массы|grow Сборщик сухой массы|grow Сушильный орган|grow Органическое хранилище|grow Биореактор / топка|atrophy Снегосборник|atrophy Электромотор|atrophy Тепловой орган"
143,1,143,8,16,108.987785,3481.265381,0,584.594421,5631.70166,173.20134,0,34099.140625,0,0,0,5,1,None,0.003906,"harvest dry biomass|capture dust|burn dry organic matter|power intake and harvest|reject heat|spoil wet organic matter|maintain caravan water circuit|maintain living structure|maintain electrical systems|grow Жатка живой массы|grow Сборщик сухой массы|grow Сушильный орган|grow Органическое хранилище|grow Биореактор / топка|atrophy Снегосборник|atrophy Электромотор|atrophy Тепловой орган"
144,1,144,9,18,109.737785,4534.394043,0,580.875793,5646.43457,172.55159,0,35128.769531,0,0,0,5,1,None,0.003906,"withdraw surface water|harvest dry biomass|capture dust|burn dry organic matter|power intake and harvest|reject heat|spoil wet organic matter|maintain caravan water circuit|maintain living structure|maintain electrical systems|grow Жатка живой массы|grow Сборщик сухой массы|grow Сушильный орган|grow Органическое хранилище|grow Биореактор / топка|atrophy Снегосборник|atrophy Электромотор|atrophy Тепловой орган"
145,1,145,10,20,110.487785,4368.061035,0,576.979614,5661.083496,173.34549,0.010557,34985.414063,0,0,0,5,1,None,0.003906,"harvest dry biomass|burn dry organic matter|power intake and harvest|reject heat|spoil wet organic matter|maintain caravan water circuit|maintain living structure|maintain electrical systems|move|movement water loss|movement organic maintenance|grow Жатка живой массы|grow Сборщик сухой массы|grow Сушильный орган|grow Органическое хранилище|grow Биореактор / топка|atrophy Снегосборник|atrophy Электромотор|atrophy Тепловой орган"
146,1,146,8,21,111.091339,4207.665039,0,573.526184,5675.650879,173.493042,0,34828.507813,0,0,0,5,1,None,0.003906,"harvest dry biomass|burn dry organic matter|power intake and harvest|reject heat|spoil wet organic matter|maintain caravan water circuit|maintain living structure|maintain electrical systems|grow Жатка живой массы|grow Сборщик сухой массы|grow Сушильный орган|grow Органическое хранилище|grow Биореактор / топка|atrophy Снегосборник|atrophy Электромотор|atrophy Тепловой орган"
147,1,147,8,22,111.841339,4048.101563,0,570.52832,5689.330566,171.485901,0.334455,34672.824219,0,0,0,5,1,None,0.003906,"harvest dry biomass|burn dry organic matter|power intake and harvest|reject heat|spoil wet organic matter|maintain caravan water circuit|maintain living structure|maintain electrical systems|move|movement water loss|movement organic maintenance|grow Жатка живой массы|grow Сборщик сухой массы|grow Сушильный орган|grow Органическое хранилище|grow Биореактор / топка|atrophy Снегосборник|atrophy Электромотор|atrophy Тепловой орган"
148,1,148,10,22,112.694893,3886.785645,0,567.821289,5702.82373,172.612518,0.167854,34516.019531,0,0,0,5,1,None,0.003906,"harvest dry biomass|burn dry organic matter|power intake and harvest|reject heat|spoil wet organic matter|maintain caravan water circuit|maintain living structure|maintain electrical systems|move|movement water loss|movement organic maintenance|grow Жатка живой массы|grow Сборщик сухой массы|grow Сушильный орган|grow Органическое хранилище|grow Биореактор / топка|atrophy Снегосборник|atrophy Электромотор|atrophy Тепловой орган"
149,1,149,12,22,113.194893,3724.513916,0,564.857971,5716.430664,173.74028,0,34357.648438,0,0,0,5,1,None,0.003906,"harvest dry biomass|burn dry organic matter|power intake and harvest|reject heat|spoil wet organic matter|maintain caravan water circuit|maintain living structure|maintain electrical systems|grow Жатка живой массы|grow Сборщик сухой массы|grow Сушильный орган|grow Органическое хранилище|grow Биореактор / топка|atrophy Снегосборник|atrophy Электромотор|atrophy Тепловой орган"
150,1,150,14,23,113.944893,3564.030762,0,562.150696,5729.930176,173.819489,0,34201.675781,0,0,0,5,1,None,0.003906,"harvest dry biomass|burn dry organic matter|power intake and harvest|reject heat|spoil wet organic matter|maintain caravan water circuit|maintain living structure|maintain electrical systems|grow Жатка живой массы|grow Сборщик сухой массы|grow Сушильный орган|grow Органическое хранилище|grow Биореактор / топка|atrophy Снегосборник|atrophy Электромотор|atrophy Тепловой орган"
151,1,151,16,22,114.694893,3401.087646,0,559.154541,5743.329102,171.992722,0.30388,34042.335938,0,0,0,5,1,None,0.003906,"harvest dry biomass|burn dry organic matter|power intake and harvest|reject heat|spoil wet organic matter|maintain caravan water circuit|maintain living structure|maintain electrical systems|move|movement water loss|movement organic maintenance|grow Жатка живой массы|grow Сборщик сухой массы|grow Сушильный орган|grow Органическое хранилище|grow Биореактор / топка|atrophy Снегосборник|atrophy Электромотор|atrophy Тепловой орган"
152,1,152,18,21,115.444893,3235.164551,0,555.170776,5757.759277,173.158524,0.129513,33878.285156,0,0,0,5,1,None,0.003906,"harvest dry biomass|burn dry organic matter|power intake and harvest|reject heat|spoil wet organic matter|maintain caravan water circuit|maintain living structure|maintain electrical systems|move|movement water loss|movement organic maintenance|grow Жатка живой массы|grow Сборщик сухой массы|grow Сушильный орган|grow Органическое хранилище|grow Биореактор / топка|atrophy Снегосборник|atrophy Электромотор|atrophy Тепловой орган"
153,1,153,19,22,115.944893,3073.047363,0,551.636475,5771.987305,174.040817,0,33719.097656,0,0,0,5,1,None,0.003906,"harvest dry biomass|burn dry organic matter|power intake and harvest|reject heat|spoil wet organic matter|maintain caravan water circuit|maintain living structure|maintain electrical systems|grow Жатка живой массы|grow Сборщик сухой массы|grow Сушильный орган|grow Органическое хранилище|grow Биореактор / топка|atrophy Снегосборник|atrophy Электромотор|atrophy Тепловой орган"
154,1,154,19,23,116.694893,3622.953857,0,548.908447,5785.35498,173.68692,0,34273.328125,0,0,0,5,1,None,0.003906,"withdraw surface water|harvest dry biomass|burn dry organic matter|power intake and harvest|reject heat|spoil wet organic matter|maintain caravan water circuit|maintain living structure|maintain electrical systems|grow Жатка живой массы|grow Сборщик сухой массы|grow Сушильный орган|grow Органическое хранилище|grow Биореактор / топка|atrophy Снегосборник|atrophy Электромотор|atrophy Тепловой орган"
155,1,155,20,21,117.444893,4172.182617,0,546.040955,5798.491699,172.765854,0.226698,34826.257813,0,0,0,5,1,None,0.003906,"harvest dry biomass|burn dry organic matter|power intake and harvest|reject heat|spoil wet organic matter|maintain caravan water circuit|maintain living structure|maintain electrical systems|move|movement water loss|movement organic maintenance|grow Жатка живой массы|grow Сборщик сухой массы|grow Сушильный орган|grow Органическое хранилище|grow Биореактор / топка|atrophy Снегосборник|atrophy Электромотор|atrophy Тепловой орган"
156,1,156,20,20,118.048447,4005.528564,0,542.798218,5812.086426,174.259766,0,34662.71875,0,0,0,5,1,None,0.003906,"harvest dry biomass|burn dry organic matter|power intake and harvest|reject heat|spoil wet organic matter|maintain caravan water circuit|maintain living structure|maintain electrical systems|grow Жатка живой массы|grow Сборщик сухой массы|grow Сушильный орган|grow Органическое хранилище|grow Биореактор / топка|atrophy Снегосборник|atrophy Электромотор|atrophy Тепловой орган"
157,1,157,19,18,118.798447,3824.195313,0,539.578186,5825.714844,174.325073,0,34489.589844,0,0,0,5,1,None,0.003906,"harvest dry biomass|burn dry organic matter|power intake and harvest|reject heat|spoil wet organic matter|maintain caravan water circuit|maintain living structure|maintain electrical systems|grow Жатка живой массы|grow Сборщик сухой массы|grow Сушильный орган|grow Органическое хранилище|grow Биореактор / топка|atrophy Снегосборник|atrophy Электромотор|atrophy Тепловой орган"
158,1,158,18,20,119.548447,4880.431641,0,536.397827,5839.222656,174.393539,0,35549.019531,0,0,0,5,1,None,0.003906,"harvest dry biomass|burn dry organic matter|power intake and harvest|reject heat|spoil wet organic matter|maintain caravan water circuit|maintain living structure|maintain electrical systems|grow Жатка живой массы|grow Сборщик сухой массы|grow Сушильный орган|grow Органическое хранилище|grow Биореактор / топка|atrophy Снегосборник|atrophy Электромотор|atrophy Тепловой орган"
159,1,159,16,20,120.402,4705.781738,0,532.911255,5852.827637,174.454636,0,35376.808594,0,0,0,5,1,None,0.003906,"harvest dry biomass|burn dry organic matter|power intake and harvest|reject heat|spoil wet organic matter|maintain caravan water circuit|maintain living structure|maintain electrical systems|move|movement water loss|movement organic maintenance|grow Жатка живой массы|grow Сборщик сухой массы|grow Сушильный орган|grow Органическое хранилище|grow Биореактор / топка|atrophy Снегосборник|atrophy Электромотор|atrophy Тепловой орган"
160,1,160,17,18,121.152,4536.426758,0,528.927917,5867.051758,174.012619,0.081294,35209.117188,0,0,0,5,1,None,0.003906,"harvest dry biomass|burn dry organic matter|power intake and harvest|reject heat|spoil wet organic matter|maintain caravan water circuit|maintain living structure|maintain electrical systems|move|movement water loss|movement organic maintenance|grow Жатка живой массы|grow Сборщик сухой массы|grow Сушильный орган|grow Органическое хранилище|grow Биореактор / топка|atrophy Снегосборник|atrophy Электромотор|atrophy Тепловой орган"
161,1,161,18,16,121.902,4366.846191,0,525.126343,5881.122559,174.583801,0,35041.558594,0,0,0,5,1,None,0.003906,"harvest dry biomass|burn dry organic matter|power intake and harvest|reject heat|spoil wet organic matter|maintain caravan water circuit|maintain living structure|maintain electrical systems|grow Жатка живой массы|grow Сборщик сухой массы|grow Сушильный орган|grow Органическое хранилище|grow Биореактор / топка|atrophy Снегосборник|atrophy Электромотор|atrophy Тепловой орган"
162,1,162,19,16,122.652,4197.53125,0,521.387268,5895.020996,174.644424,0,34876.289063,0,0,0,5,1,None,0.003906,"harvest dry biomass|burn dry organic matter|power intake and harvest|reject heat|spoil wet organic matter|maintain caravan water circuit|maintain living structure|maintain electrical systems|grow Жатка живой массы|grow Сборщик сухой массы|grow Сушильный орган|grow Органическое хранилище|grow Биореактор / топка|atrophy Снегосборник|atrophy Электромотор|atrophy Тепловой орган"
163,1,163,21,18,123.652,4027.814941,0,517.390991,5909.139648,173.730576,0.156034,34708.101563,0,0,0,5,1,None,0.003906,"harvest dry biomass|burn dry organic matter|power intake and harvest|reject heat|spoil wet organic matter|maintain caravan water circuit|maintain living structure|maintain electrical systems|move|movement water loss|movement organic maintenance|grow Жатка живой массы|grow Сборщик сухой массы|grow Сушильный орган|grow Органическое хранилище|grow Биореактор / топка|atrophy Снегосборник|atrophy Электромотор|atrophy Тепловой орган"
164,1,164,21,21,124.609108,3858.003418,0,513.854553,5922.884277,174.765976,0,34540.726563,0,0,0,5,1,None,0.003906,"harvest dry biomass|burn dry organic matter|power intake and harvest|reject heat|spoil wet organic matter|maintain caravan water circuit|maintain living structure|maintain electrical systems|grow Жатка живой массы|grow Сборщик сухой массы|grow Сушильный орган|grow Органическое хранилище|grow Биореактор / топка|atrophy Снегосборник|atrophy Электромотор|atrophy Тепловой орган"
165,1,165,23,23,125.609108,4594.429688,0,511.115356,5935.799805,172.649704,0.261145,35280.992188,0,0,0,5,1,None,0.003906,"withdraw surface water|harvest dry biomass|burn dry organic matter|power intake and harvest|reject heat|spoil wet organic matter|maintain caravan water circuit|maintain living structure|maintain electrical systems|move|movement water loss|movement organic maintenance|grow Жатка живой массы|grow Сборщик сухой массы|grow Сушильный орган|grow Органическое хранилище|grow Биореактор / топка|atrophy Снегосборник|atrophy Электромотор|atrophy Тепловой орган"
166,1,166,21,16,127.566216,4427.390137,0,507.920349,5948.845703,164.115173,1.723663,35116.652344,0,0,0,5,1,None,0.003906,"harvest dry biomass|burn dry organic matter|power intake and harvest|reject heat|spoil wet organic matter|maintain caravan water circuit|maintain living structure|maintain electrical systems|move|movement water loss|movement organic maintenance|grow Жатка живой массы|grow Сборщик сухой массы|grow Сушильный орган|grow Органическое хранилище|grow Биореактор / топка|atrophy Снегосборник|atrophy Электромотор|atrophy Тепловой орган"
167,1,167,20,13,128.773315,4255.676758,0,503.495361,5963.258789,174.295013,0.102747,34945.558594,0,0,0,5,1,None,0.003906,"harvest dry biomass|burn dry organic matter|power intake and harvest|reject heat|spoil wet organic matter|maintain caravan water circuit|maintain living structure|maintain electrical systems|move|movement water loss|movement organic maintenance|grow Жатка живой массы|grow Сборщик сухой массы|grow Сушильный орган|grow Органическое хранилище|grow Биореактор / топка|atrophy Снегосборник|atrophy Электромотор|atrophy Тепловой орган"
168,1,168,18,17,130.333969,4086.420654,0,499.019501,5977.705078,174.994049,0,34776.8125,0,0,0,5,1,None,0.003906,"harvest dry biomass|burn dry organic matter|power intake and harvest|reject heat|spoil wet organic matter|maintain caravan water circuit|maintain living structure|maintain electrical systems|grow Жатка живой массы|grow Сборщик сухой массы|grow Сушильный орган|grow Органическое хранилище|grow Биореактор / топка|atrophy Снегосборник|atrophy Электромотор|atrophy Тепловой орган"
169,1,169,16,17,131.64299,3917.800537,0,495.065735,5991.751465,175.040619,0,34609.761719,0,0,0,5,1,None,0.003906,"harvest dry biomass|burn dry organic matter|power intake and harvest|reject heat|spoil wet organic matter|maintain caravan water circuit|maintain living structure|maintain electrical systems|grow Жатка живой массы|grow Сборщик сухой массы|grow Сушильный орган|grow Органическое хранилище|grow Биореактор / топка|atrophy Снегосборник|atrophy Электромотор|atrophy Тепловой орган"
170,1,170,15,20,132.952011,3735.81958,0,491.486542,6005.155273,174.380707,0.114277,34432.222656,0,0,0,5,1,None,0.003906,"harvest dry biomass|burn dry organic matter|power intake and harvest|reject heat|spoil wet organic matter|maintain caravan water circuit|maintain living structure|maintain electrical systems|move|movement water loss|movement organic maintenance|grow Жатка живой массы|grow Сборщик сухой массы|grow Сушильный орган|grow Органическое хранилище|grow Биореактор / топка|atrophy Снегосборник|atrophy Электромотор|atrophy Тепловой орган"
171,1,171,12,21,133.805557,3562.946045,0,488.390869,6018.345703,175.145523,0,34269.460938,0,0,0,5,1,None,0.003906,"harvest dry biomass|burn dry organic matter|power intake and harvest|reject heat|spoil wet organic matter|maintain caravan water circuit|maintain living structure|maintain electrical systems|grow Жатка живой массы|grow Сборщик сухой массы|grow Сушильный орган|grow Органическое хранилище|grow Биореактор / топка|atrophy Снегосборник|atrophy Электромотор|atrophy Тепловой орган"
172,1,172,11,23,134.555557,3387.820557,0,485.68277,6030.894043,175.199951,0,34097.898438,0,0,0,5,1,None,0.003906,"harvest dry biomass|burn dry organic matter|power intake and harvest|reject heat|spoil wet organic matter|maintain caravan water circuit|maintain living structure|maintain electrical systems|grow Жатка живой массы|grow Сборщик сухой массы|grow Сушильный орган|grow Органическое хранилище|grow Биореактор / топка|atrophy Снегосборник|atrophy Электромотор|atrophy Тепловой орган"
173,1,173,14,22,135.409103,3217.328125,0,482.964264,6043.493652,175.244049,0,33930.992188,0,0,0,5,1,None,0.003906,"harvest dry biomass|burn dry organic matter|power intake and harvest|reject heat|spoil wet organic matter|maintain caravan water circuit|maintain living structure|maintain electrical systems|grow Жатка живой массы|grow Сборщик сухой массы|grow Сушильный орган|grow Органическое хранилище|grow Биореактор / топка|atrophy Снегосборник|atrophy Электромотор|atrophy Тепловой орган"
174,1,174,16,23,136.468124,3050.17627,0,479.861694,6056.235352,175.295883,0,33766.488281,0,0,0,5,1,None,0.003906,"harvest dry biomass|burn dry organic matter|power intake and harvest|reject heat|spoil wet organic matter|maintain caravan water circuit|maintain living structure|maintain electrical systems|grow Жатка живой массы|grow Сборщик сухой массы|grow Сушильный орган|grow Органическое хранилище|grow Биореактор / топка|atrophy Снегосборник|atrophy Электромотор|atrophy Тепловой орган"
175,1,175,18,21,137.675217,4120.09668,0,476.728363,6069.15625,175.344284,0,34839.15625,0,0,0,5,1,None,0.003906,"harvest dry biomass|burn dry organic matter|power intake and harvest|reject heat|spoil wet organic matter|maintain caravan water circuit|maintain living structure|maintain electrical systems|move|movement water loss|movement organic maintenance|grow Жатка живой массы|grow Сборщик сухой массы|grow Сушильный орган|grow Органическое хранилище|grow Биореактор / топка|atrophy Снегосборник|atrophy Электромотор|atrophy Тепловой орган"
176,1,176,12,20,139.867172,3951.114014,0,474.155609,6081.55127,172.894608,0.399429,34673.964844,0,0,0,5,1,None,0.003906,"harvest dry biomass|burn dry organic matter|power intake and harvest|reject heat|spoil wet organic matter|maintain caravan water circuit|maintain living structure|maintain electrical systems|move|movement water loss|movement organic maintenance|grow Жатка живой массы|grow Сборщик сухой массы|grow Сушильный орган|grow Органическое хранилище|grow Биореактор / топка|atrophy Снегосборник|atrophy Электромотор|atrophy Тепловой орган"
177,1,177,14,18,140.720718,3780.704102,0,471.103302,6094.26416,175.437012,0,34506.320313,0,0,0,5,1,None,0.003906,"harvest dry biomass|burn dry organic matter|power intake and harvest|reject heat|spoil wet organic matter|maintain caravan water circuit|maintain living structure|maintain electrical systems|grow Жатка живой массы|grow Сборщик сухой массы|grow Сушильный орган|grow Органическое хранилище|grow Биореактор / топка|atrophy Снегосборник|atrophy Электромотор|atrophy Тепловой орган"
178,1,178,13,15,141.574265,3603.682373,0,467.742188,6107.258789,175.480759,0,34331.792969,0,0,0,5,1,None,0.003906,"harvest dry biomass|burn dry organic matter|power intake and harvest|reject heat|spoil wet organic matter|maintain caravan water circuit|maintain living structure|maintain electrical systems|grow Жатка живой массы|grow Сборщик сухой массы|grow Сушильный орган|grow Органическое хранилище|grow Биореактор / топка|atrophy Снегосборник|atrophy Электромотор|atrophy Тепловой орган"
179,1,179,11,17,142.427811,3429.888428,0,464.433899,6120.297363,175.523544,0,34161.574219,0,0,0,5,1,None,0.003906,"harvest dry biomass|burn dry organic matter|power intake and harvest|reject heat|spoil wet organic matter|maintain caravan water circuit|maintain living structure|maintain electrical systems|grow Жатка живой массы|grow Сборщик сухой массы|grow Сушильный орган|grow Органическое хранилище|grow Биореактор / топка|atrophy Снегосборник|atrophy Электромотор|atrophy Тепловой орган"
180,1,180,10,19,143.177811,3260.76709,0,461.238525,6133.151855,175.566315,0,33996.15625,0,0,0,5,1,None,0.003906,"harvest dry biomass|burn dry organic matter|power intake and harvest|reject heat|spoil wet organic matter|maintain caravan water circuit|maintain living structure|maintain electrical systems|grow Жатка живой массы|grow Сборщик сухой массы|grow Сушильный орган|grow Органическое хранилище|grow Биореактор / топка|atrophy Снегосборник|atrophy Электромотор|atrophy Тепловой орган"
181,1,181,12,17,144.031357,3092.079102,0,457.970886,6146.037109,175.606003,0,33831,0,0,0,5,1,None,0.003906,"harvest dry biomass|burn dry organic matter|power intake and harvest|reject heat|spoil wet organic matter|maintain caravan water circuit|maintain living structure|maintain electrical systems|grow Жатка живой массы|grow Сборщик сухой массы|grow Сушильный орган|grow Органическое хранилище|grow Биореактор / топка|atrophy Снегосборник|atrophy Электромотор|atrophy Тепловой орган"
182,1,182,10,14,145.134903,2914.442383,0,453.418732,6159.913574,174.960999,0.109509,33668.507813,0,0,0,5,1,None,0.003906,"harvest dry biomass|burn dry organic matter|power intake and harvest|reject heat|spoil wet organic matter|maintain caravan water circuit|maintain living structure|maintain electrical systems|move|movement water loss|movement organic maintenance|grow Жатка живой массы|grow Сборщик сухой массы|grow Сушильный орган|grow Органическое хранилище|grow Биореактор / топка|atrophy Снегосборник|atrophy Электромотор|atrophy Тепловой орган"
183,1,183,9,14,145.738449,2732.812012,0,448.50296,6174.373047,175.666504,0,33488.21875,0,0,0,5,1,None,0.003906,"harvest dry biomass|capture dust|burn dry organic matter|power intake and harvest|reject heat|spoil wet organic matter|maintain caravan water circuit|maintain living structure|maintain electrical systems|grow Жатка живой массы|grow Сборщик сухой массы|grow Сушильный орган|grow Органическое хранилище|grow Биореактор / топка|atrophy Снегосборник|atrophy Электромотор|atrophy Тепловой орган"
184,1,184,9,16,146.238449,2549.625488,0,443.785248,6188.729492,175.726852,0,33317.160156,0,0,0,5,1,None,0.003906,"harvest dry biomass|burn dry organic matter|power intake and harvest|reject heat|spoil wet organic matter|maintain caravan water circuit|maintain living structure|maintain electrical systems|grow Жатка живой массы|grow Сборщик сухой массы|grow Сушильный орган|grow Органическое хранилище|grow Биореактор / топка|atrophy Снегосборник|atrophy Электромотор|atrophy Тепловой орган"
185,1,185,7,19,147.29747,2352.602295,0,440.233917,6201.946777,175.733398,0,33143.046875,0,0,0,5,1,None,0.003906,"harvest dry biomass|capture dust|burn dry organic matter|power intake and harvest|reject heat|spoil wet organic matter|maintain caravan water circuit|maintain living structure|maintain electrical systems|grow Жатка живой массы|grow Сборщик сухой массы|grow Сушильный орган|grow Органическое хранилище|grow Биореактор / топка|atrophy Снегосборник|atrophy Электромотор|atrophy Тепловой орган"
186,1,186,5,18,148.04747,2155.314697,0,437.00238,6214.67627,175.232254,0.088543,32921.5625,0,0,0,5,1,None,0.003906,"harvest dry biomass|capture dust|burn dry organic matter|power intake and harvest|reject heat|spoil wet organic matter|maintain caravan water circuit|maintain living structure|maintain electrical systems|move|movement water loss|movement organic maintenance|grow Жатка живой массы|grow Сборщик сухой массы|grow Сушильный орган|grow Органическое хранилище|grow Биореактор / топка|atrophy Снегосборник|atrophy Электромотор|atrophy Тепловой орган"
187,1,187,6,20,148.651016,1974.92395,0,433.972046,6227.259277,175.846344,0,32757.353516,0,0,0,5,1,None,0.003906,"harvest dry biomass|burn dry organic matter|power intake and harvest|reject heat|spoil wet organic matter|maintain caravan water circuit|maintain living structure|maintain electrical systems|grow Жатка живой массы|grow Сборщик сухой массы|grow Сушильный орган|grow Органическое хранилище|grow Биореактор / топка|atrophy Снегосборник|atrophy Электромотор|atrophy Тепловой орган"
188,1,188,8,19,149.401016,1801.501343,0,431.30603,6239.379883,175.882828,0,32587.183594,0,0,0,5,1,None,0.003906,"harvest dry biomass|burn dry organic matter|power intake and harvest|reject heat|spoil wet organic matter|maintain caravan water circuit|maintain living structure|maintain electrical systems|grow Жатка живой массы|grow Сборщик сухой массы|grow Сушильный орган|grow Органическое хранилище|grow Биореактор / топка|atrophy Снегосборник|atrophy Электромотор|atrophy Тепловой орган"
189,1,189,8,16,150.151016,1633.257813,0,428.354736,6251.72168,175.880081,0.00619,32421.617188,0,0,0,5,1,None,0.003906,"harvest dry biomass|burn dry organic matter|power intake and harvest|reject heat|spoil wet organic matter|maintain caravan water circuit|maintain living structure|maintain electrical systems|move|movement water loss|movement organic maintenance|grow Жатка живой массы|grow Сборщик сухой массы|grow Сушильный орган|grow Органическое хранилище|grow Биореактор / топка|atrophy Снегосборник|atrophy Электромотор|atrophy Тепловой орган"
190,1,190,6,13,151.210037,1459.504028,0,424.320007,6264.989258,175.660629,0.046312,32248.431641,0,0,0,5,1,None,0.003906,"harvest dry biomass|burn dry organic matter|power intake and harvest|reject heat|spoil wet organic matter|maintain caravan water circuit|maintain living structure|maintain electrical systems|move|movement water loss|movement organic maintenance|grow Жатка живой массы|grow Сборщик сухой массы|grow Сушильный орган|grow Органическое хранилище|grow Биореактор / топка|atrophy Снегосборник|atrophy Электромотор|atrophy Тепловой орган"
191,1,191,5,15,151.960037,1288.74939,0,419.805481,6274.955078,175.580856,0.107836,32073.601563,0,0,0,5,1,None,0.003906,"harvest dry biomass|burn dry organic matter|power intake and harvest|reject heat|spoil wet organic matter|maintain caravan water circuit|maintain living structure|maintain electrical systems|move|movement water loss|movement organic maintenance|atrophy Снегосборник|atrophy Электромотор|atrophy Тепловой орган"
192,1,192,4,14,152.460037,1117.611328,0,415.704926,6280.342773,176.28978,0,31894.970703,0,0,0,5,1,None,0.003906,"harvest dry biomass|burn dry organic matter|power intake and harvest|reject heat|spoil wet organic matter|maintain caravan water circuit|maintain living structure|maintain electrical systems|atrophy Снегосборник|atrophy Электромотор|atrophy Тепловой орган"
193,1,193,1,12,153.563583,937.657898,0,411.388794,6285.976563,174.697006,0.260233,31707.164063,0,0,0,5,1,None,0.003906,"harvest dry biomass|burn dry organic matter|power intake and harvest|reject heat|spoil wet organic matter|maintain caravan water circuit|maintain living structure|maintain electrical systems|move|movement water loss|movement organic maintenance|atrophy Снегосборник|atrophy Электромотор|atrophy Тепловой орган"
194,1,194,0,14,154.313583,4507.593262,0,407.9776,6297.741699,172.259628,0.612379,35277.914063,0,0,0,5,1,None,0.003906,"harvest dry biomass|burn dry organic matter|power intake and harvest|reject heat|spoil wet organic matter|maintain caravan water circuit|maintain living structure|maintain electrical systems|move|movement water loss|movement organic maintenance|grow Жатка живой массы|grow Сборщик сухой массы|grow Сушильный орган|grow Органическое хранилище|grow Биореактор / топка|atrophy Снегосборник|atrophy Электромотор|atrophy Тепловой орган"
195,1,195,0,16,154.813583,4327.679688,0,404.640717,6310.618164,176.120239,0,35100.132813,0,0,0,5,1,None,0.003906,"harvest dry biomass|burn dry organic matter|power intake and harvest|reject heat|spoil wet organic matter|maintain caravan water circuit|maintain living structure|maintain electrical systems|grow Жатка живой массы|grow Сборщик сухой массы|grow Сушильный орган|grow Органическое хранилище|grow Биореактор / топка|atrophy Снегосборник|atrophy Электромотор|atrophy Тепловой орган"
196,1,196,1,18,155.563583,4133.049316,0,399.728607,6324.039063,174.349167,0.286754,34903.769531,0,0,0,5,1,None,0.003906,"harvest dry biomass|burn dry organic matter|power intake and harvest|reject heat|spoil wet organic matter|maintain caravan water circuit|maintain living structure|maintain electrical systems|move|movement water loss|movement organic maintenance|grow Жатка живой массы|grow Сборщик сухой массы|grow Сушильный орган|grow Органическое хранилище|grow Биореактор / топка|atrophy Снегосборник|atrophy Электромотор|atrophy Тепловой орган"
197,1,197,2,19,156.063583,3931.038818,0,392.075592,6341.07373,176.169769,0,34695.964844,0,0,0,5,1,None,0.003906,"harvest dry biomass|burn dry organic matter|power intake and harvest|reject heat|spoil wet organic matter|maintain caravan water circuit|maintain living structure|maintain electrical systems|grow Жатка живой массы|grow Сборщик сухой массы|grow Сушильный орган|grow Органическое хранилище|grow Биореактор / топка|atrophy Снегосборник|atrophy Электромотор|atrophy Тепловой орган"
198,1,198,1,22,157.063583,3724.424805,0,388.33725,6354.607422,176.214157,0,34491.015625,0,0,0,5,1,None,0.003906,"harvest dry biomass|burn dry organic matter|power intake and harvest|reject heat|spoil wet organic matter|maintain caravan water circuit|maintain living structure|maintain electrical systems|grow Жатка живой массы|grow Сборщик сухой массы|grow Сушильный орган|grow Органическое хранилище|grow Биореактор / топка|atrophy Снегосборник|atrophy Электромотор|atrophy Тепловой орган"
199,1,199,0,21,157.563583,4041.799316,0,385.552277,6366.63623,176.241333,0,34811.21875,0,0,0,5,1,None,0.003906,"harvest dry biomass|burn dry organic matter|power intake and harvest|reject heat|spoil wet organic matter|maintain caravan water circuit|maintain living structure|maintain electrical systems|grow Жатка живой массы|grow Сборщик сухой массы|grow Сушильный орган|grow Органическое хранилище|grow Биореактор / топка|atrophy Снегосборник|atrophy Электромотор|atrophy Тепловой орган"
200,1,200,2,23,158.563583,4148.689453,0,382.829926,6378.695801,176.267838,0,34921.148438,0,0,0,5,1,None,0.003906,"harvest dry biomass|burn dry organic matter|power intake and harvest|reject heat|spoil wet organic matter|maintain caravan water circuit|maintain living structure|maintain electrical systems|grow Жатка живой массы|grow Сборщик сухой массы|grow Сушильный орган|grow Органическое хранилище|grow Биореактор / топка|atrophy Снегосборник|atrophy Электромотор|atrophy Тепловой орган"
201,1,201,5,23,159.313583,3952.207031,0,380.274567,6390.461426,176.295975,0,34727.878906,0,0,0,5,1,None,0.003906,"harvest dry biomass|burn dry organic matter|power intake and harvest|reject heat|spoil wet organic matter|maintain caravan water circuit|maintain living structure|maintain electrical systems|grow Жатка живой массы|grow Сборщик сухой массы|grow Сушильный орган|grow Органическое хранилище|grow Биореактор / топка|atrophy Снегосборник|atrophy Электромотор|atrophy Тепловой орган"
202,1,202,7,23,159.813583,3759.830566,0,377.777771,6402.09082,176.325302,0,34538.734375,0,0,0,5,1,None,0.003906,"harvest dry biomass|burn dry organic matter|power intake and harvest|reject heat|spoil wet organic matter|maintain caravan water circuit|maintain living structure|maintain electrical systems|grow Жатка живой массы|grow Сборщик сухой массы|grow Сушильный орган|grow Органическое хранилище|grow Биореактор / топка|atrophy Снегосборник|atrophy Электромотор|atrophy Тепловой орган"
203,1,203,10,22,160.813583,3566.406494,0,375.302277,6413.713867,175.644333,0.113106,34348.605469,0,0,0,5,1,None,0.003906,"harvest dry biomass|burn dry organic matter|power intake and harvest|reject heat|spoil wet organic matter|maintain caravan water circuit|maintain living structure|maintain electrical systems|move|movement water loss|movement organic maintenance|grow Жатка живой массы|grow Сборщик сухой массы|grow Сушильный орган|grow Органическое хранилище|grow Биореактор / топка|atrophy Снегосборник|atrophy Электромотор|atrophy Тепловой орган"
204,1,204,11,23,161.313583,3370.964111,0,372.098114,6426.157227,176.372543,0,34155.234375,0,0,0,5,1,None,0.003906,"harvest dry biomass|burn dry organic matter|power intake and harvest|reject heat|spoil wet organic matter|maintain caravan water circuit|maintain living structure|maintain electrical systems|grow Жатка живой массы|grow Сборщик сухой массы|grow Сушильный орган|grow Органическое хранилище|grow Биореактор / топка|atrophy Снегосборник|atrophy Электромотор|atrophy Тепловой орган"
205,1,205,12,21,162.063583,3183.068115,0,369.572357,6437.771973,175.41449,0.157936,33970.484375,0,0,0,5,1,None,0.003906,"harvest dry biomass|burn dry organic matter|power intake and harvest|reject heat|spoil wet organic matter|maintain caravan water circuit|maintain living structure|maintain electrical systems|move|movement water loss|movement organic maintenance|grow Жатка живой массы|grow Сборщик сухой массы|grow Сушильный орган|grow Органическое хранилище|grow Биореактор / топка|atrophy Снегосборник|atrophy Электромотор|atrophy Тепловой орган"
206,1,206,11,20,162.563583,2992.793213,0,366.891022,6449.508301,176.431564,0,33783.035156,0,0,0,5,1,None,0.003906,"harvest dry biomass|burn dry organic matter|power intake and harvest|reject heat|spoil wet organic matter|maintain caravan water circuit|maintain living structure|maintain electrical systems|grow Жатка живой массы|grow Сборщик сухой массы|grow Сушильный орган|grow Органическое хранилище|grow Биореактор / топка|atrophy Снегосборник|atrophy Электромотор|atrophy Тепловой орган"
207,1,207,13,19,163.313583,2805.959473,0,363.979218,6461.518555,175.523117,0.149031,33598.65625,0,0,0,5,1,None,0.003906,"harvest dry biomass|burn dry organic matter|power intake and harvest|reject heat|spoil wet organic matter|maintain caravan water circuit|maintain living structure|maintain electrical systems|move|movement water loss|movement organic maintenance|grow Жатка живой массы|grow Сборщик сухой массы|grow Сушильный орган|grow Органическое хранилище|grow Биореактор / топка|atrophy Снегосборник|atrophy Электромотор|atrophy Тепловой орган"
208,1,208,13,22,164.063583,2628.765869,0,361.469482,6473.264648,175.204514,0.204077,33424.785156,0,0,0,5,1,None,0.003906,"harvest dry biomass|burn dry organic matter|power intake and harvest|reject heat|spoil wet organic matter|maintain caravan water circuit|maintain living structure|maintain electrical systems|move|movement water loss|movement organic maintenance|grow Жатка живой массы|grow Сборщик сухой массы|grow Сушильный орган|grow Органическое хранилище|grow Биореактор / топка|atrophy Снегосборник|atrophy Электромотор|atrophy Тепловой орган"
209,1,209,14,23,164.563583,2462.710205,0,359.694702,6484.190918,176.506744,0,33263.289063,0,0,0,5,1,None,0.003906,"harvest dry biomass|burn dry organic matter|power intake and harvest|reject heat|spoil wet organic matter|maintain caravan water circuit|maintain living structure|maintain electrical systems|grow Жатка живой массы|grow Сборщик сухой массы|grow Сушильный орган|grow Органическое хранилище|grow Биореактор / топка|atrophy Снегосборник|atrophy Электромотор|atrophy Тепловой орган"
210,1,210,18,23,165.563583,4799.695313,0,358.015503,6494.940918,172.722305,0.489046,35604.925781,0,0,0,5,1,None,0.003906,"withdraw surface water|harvest dry biomass|burn dry organic matter|power intake and harvest|reject heat|spoil wet organic matter|maintain caravan water circuit|maintain living structure|maintain electrical systems|move|movement water loss|movement organic maintenance|grow Жатка живой массы|grow Сборщик сухой массы|grow Сушильный орган|grow Органическое хранилище|grow Биореактор / топка|atrophy Снегосборник|atrophy Электромотор|atrophy Тепловой орган"
211,1,211,20,23,166.063583,4633.679199,0,356.050537,6505.889648,176.552109,0,35442.960938,0,0,0,5,1,None,0.003906,"harvest dry biomass|burn dry organic matter|power intake and harvest|reject heat|spoil wet organic matter|maintain caravan water circuit|maintain living structure|maintain electrical systems|grow Жатка живой массы|grow Сборщик сухой массы|grow Сушильный орган|grow Органическое хранилище|grow Биореактор / топка|atrophy Снегосборник|atrophy Электромотор|atrophy Тепловой орган"
212,1,212,23,23,166.813583,4465.224121,0,354.03302,6517.042969,176.579941,0,35278.609375,0,0,0,5,1,None,0.003906,"harvest dry biomass|burn dry organic matter|power intake and harvest|reject heat|spoil wet organic matter|maintain caravan water circuit|maintain living structure|maintain electrical systems|grow Жатка живой массы|grow Сборщик сухой массы|grow Сушильный орган|grow Органическое хранилище|grow Биореактор / топка|atrophy Снегосборник|atrophy Электромотор|atrophy Тепловой орган"
213,1,213,22,22,167.66713,4298.725586,0,352.389679,6527.695313,171.965897,0.741339,35117.265625,0,0,0,5,1,None,0.003906,"harvest dry biomass|burn dry organic matter|power intake and harvest|reject heat|spoil wet organic matter|maintain caravan water circuit|maintain living structure|maintain electrical systems|move|movement water loss|movement organic maintenance|grow Жатка живой массы|grow Сборщик сухой массы|grow Сушильный орган|grow Органическое хранилище|grow Биореактор / топка|atrophy Снегосборник|atrophy Электромотор|atrophy Тепловой орган"
214,1,214,19,21,168.520676,4133.149902,0,350.68573,6538.594727,176.615128,0,34959.152344,0,0,0,5,1,None,0.003906,"harvest dry biomass|burn dry organic matter|power intake and harvest|reject heat|spoil wet organic matter|maintain caravan water circuit|maintain living structure|maintain electrical systems|grow Жатка живой массы|grow Сборщик сухой массы|grow Сушильный орган|grow Органическое хранилище|grow Биореактор / топка|atrophy Снегосборник|atrophy Электромотор|atrophy Тепловой орган"
215,1,215,20,19,169.270676,3964.056396,0,348.883698,6549.192871,175.966934,0.108045,34794.214844,0,0,0,5,1,None,0.003906,"harvest dry biomass|burn dry organic matter|power intake and harvest|reject heat|spoil wet organic matter|maintain caravan water circuit|maintain living structure|maintain electrical systems|move|movement water loss|movement organic maintenance|grow Жатка живой массы|grow Сборщик сухой массы|grow Сушильный орган|grow Органическое хранилище|grow Биореактор / топка|atrophy Снегосборник|atrophy Электромотор|atrophy Тепловой орган"
216,1,216,19,17,169.874222,3793.33667,0,346.983948,6560.088379,176.661621,0,34628.546875,0,0,0,5,1,None,0.003906,"harvest dry biomass|burn dry organic matter|power intake and harvest|reject heat|spoil wet organic matter|maintain caravan water circuit|maintain living structure|maintain electrical systems|grow Жатка живой массы|grow Сборщик сухой массы|grow Сушильный орган|grow Органическое хранилище|grow Биореактор / топка|atrophy Снегосборник|atrophy Электромотор|atrophy Тепловой орган"
217,1,217,18,19,170.624222,3632.663574,0,345.08667,6571.028809,176.658798,0,34475.53125,0,0,0,5,1,None,0.003906,"harvest dry biomass|capture dust|burn dry organic matter|power intake and harvest|reject heat|spoil wet organic matter|maintain caravan water circuit|maintain living structure|maintain electrical systems|grow Жатка живой массы|grow Сборщик сухой массы|grow Сушильный орган|grow Органическое хранилище|grow Биореактор / топка|atrophy Снегосборник|atrophy Электромотор|atrophy Тепловой орган"
218,1,218,17,21,171.374222,3467.512695,0,343.235565,6581.822754,176.704178,0,34316.835938,0,0,0,5,1,None,0.003906,"harvest dry biomass|burn dry organic matter|power intake and harvest|reject heat|spoil wet organic matter|maintain caravan water circuit|maintain living structure|maintain electrical systems|grow Жатка живой массы|grow Сборщик сухой массы|grow Сушильный орган|grow Органическое хранилище|grow Биореактор / топка|atrophy Снегосборник|atrophy Электромотор|atrophy Тепловой орган"
219,1,219,19,22,172.124222,3305.922607,0,341.167633,6592.774414,174.340057,0.380224,34159.007813,0,0,0,5,1,None,0.003906,"harvest dry biomass|burn dry organic matter|power intake and harvest|reject heat|spoil wet organic matter|maintain caravan water circuit|maintain living structure|maintain electrical systems|move|movement water loss|movement organic maintenance|grow Жатка живой массы|grow Сборщик сухой массы|grow Сушильный орган|grow Органическое хранилище|grow Биореактор / топка|atrophy Снегосборник|atrophy Электромотор|atrophy Тепловой орган"
220,1,220,21,19,173.081314,3142.508057,0,339.027466,6603.96875,176.741684,0,33999.398438,0,0,0,5,1,None,0.003906,"harvest dry biomass|burn dry organic matter|power intake and harvest|reject heat|spoil wet organic matter|maintain caravan water circuit|maintain living structure|maintain electrical systems|grow Жатка живой массы|grow Сборщик сухой массы|grow Сушильный орган|grow Органическое хранилище|grow Биореактор / топка|atrophy Снегосборник|atrophy Электромотор|atrophy Тепловой орган"
221,1,221,19,16,174.18486,2977.959229,0,336.967346,6614.89502,176.76033,0,33838.945313,0,0,0,5,1,None,0.003906,"harvest dry biomass|burn dry organic matter|power intake and harvest|reject heat|spoil wet organic matter|maintain caravan water circuit|maintain living structure|maintain electrical systems|grow Жатка живой массы|grow Сборщик сухой массы|grow Сушильный орган|grow Органическое хранилище|grow Биореактор / топка|atrophy Снегосборник|atrophy Электромотор|atrophy Тепловой орган"
222,1,222,17,18,175.18486,2815.949219,0,334.915466,6625.848633,175.595428,0.189459,33681.945313,0,0,0,5,1,None,0.003906,"harvest dry biomass|burn dry organic matter|power intake and harvest|reject heat|spoil wet organic matter|maintain caravan water circuit|maintain living structure|maintain electrical systems|move|movement water loss|movement organic maintenance|grow Жатка живой массы|grow Сборщик сухой массы|grow Сушильный орган|grow Органическое хранилище|grow Биореактор / топка|atrophy Снегосборник|atrophy Электромотор|atrophy Тепловой орган"
223,1,223,16,21,176.038406,2650.161621,0,333.121735,6636.636719,176.799591,0,33521.726563,0,0,0,5,1,None,0.003906,"harvest dry biomass|burn dry organic matter|power intake and harvest|reject heat|spoil wet organic matter|maintain caravan water circuit|maintain living structure|maintain electrical systems|grow Жатка живой массы|grow Сборщик сухой массы|grow Сушильный орган|grow Органическое хранилище|grow Биореактор / топка|atrophy Снегосборник|atrophy Электромотор|atrophy Тепловой орган"
224,1,224,14,20,177.141953,2486.440674,0,331.656128,6647.004883,176.815521,0,33364.078125,0,0,0,5,1,None,0.003906,"harvest dry biomass|burn dry organic matter|power intake and harvest|reject heat|spoil wet organic matter|maintain caravan water circuit|maintain living structure|maintain electrical systems|grow Жатка живой массы|grow Сборщик сухой массы|grow Сушильный орган|grow Органическое хранилище|grow Биореактор / топка|atrophy Снегосборник|atrophy Электромотор|atrophy Тепловой орган"
225,1,225,19,19,178.967087,3575.976563,0,330.156097,6657.426758,176.081467,0,34459.636719,0,0,0,5,1,None,0.003906,"withdraw surface water|harvest dry biomass|burn dry organic matter|power intake and harvest|reject heat|spoil wet organic matter|maintain caravan water circuit|maintain living structure|maintain electrical systems|grow Жатка живой массы|grow Сборщик сухой массы|grow Сушильный орган|grow Органическое хранилище|grow Биореактор / топка|atrophy Снегосборник|atrophy Электромотор|atrophy Тепловой орган"
226,1,226,20,14,180.629654,4661.847656,0,328.357605,6668.09375,176.851303,0,35554.441406,0,0,0,5,1,None,0.003906,"harvest dry biomass|burn dry organic matter|power intake and harvest|reject heat|spoil wet organic matter|maintain caravan water circuit|maintain living structure|maintain electrical systems|grow Жатка живой массы|grow Сборщик сухой массы|grow Сушильный орган|grow Органическое хранилище|grow Биореактор / топка|atrophy Снегосборник|atrophy Электромотор|atrophy Тепловой орган"
227,1,227,23,8,182.542221,4494.588379,0,326.598053,6678.971191,176.86911,0,35404.59375,0,0,0,5,1,None,0.003906,"harvest dry biomass|burn dry organic matter|power intake and harvest|reject heat|spoil wet organic matter|maintain caravan water circuit|maintain living structure|maintain electrical systems|grow Жатка живой массы|grow Сборщик сухой массы|grow Сушильный орган|grow Органическое хранилище|grow Биореактор / топка|atrophy Снегосборник|atrophy Электромотор|atrophy Тепловой орган"
228,1,228,23,4,183.542221,4336.694336,0,325.003693,6689.157715,173.317307,0.571003,35251.023438,0,0,0,5,1,None,0.003906,"harvest dry biomass|burn dry organic matter|power intake and harvest|reject heat|spoil wet organic matter|maintain caravan water circuit|maintain living structure|maintain electrical systems|move|movement water loss|movement organic maintenance|grow Жатка живой массы|grow Сборщик сухой массы|grow Сушильный орган|grow Органическое хранилище|grow Биореактор / топка|atrophy Снегосборник|atrophy Электромотор|atrophy Тепловой орган"
229,1,229,19,2,184.822998,4171.679688,0,323.534546,6699.486328,176.908188,0,35090.832031,0,0,0,5,1,None,0.003906,"harvest dry biomass|burn dry organic matter|power intake and harvest|reject heat|spoil wet organic matter|maintain caravan water circuit|maintain living structure|maintain electrical systems|grow Жатка живой массы|grow Сборщик сухой массы|grow Сушильный орган|grow Органическое хранилище|grow Биореактор / топка|atrophy Снегосборник|atrophy Электромотор|atrophy Тепловой орган"
230,1,230,19,0,185.822998,4004.631104,0,322.24527,6709.649902,176.921799,0,34928.9375,0,0,0,5,1,None,0.003906,"harvest dry biomass|burn dry organic matter|power intake and harvest|reject heat|spoil wet organic matter|maintain caravan water circuit|maintain living structure|maintain electrical systems|move|movement water loss|movement organic maintenance|grow Жатка живой массы|grow Сборщик сухой массы|grow Сушильный орган|grow Органическое хранилище|grow Биореактор / топка|atrophy Снегосборник|atrophy Электромотор|atrophy Тепловой орган"
231,1,231,20,0,186.426544,3837.730713,0,320.979065,6719.970215,176.938141,0,34767.410156,0,0,0,5,1,None,0.003906,"harvest dry biomass|burn dry organic matter|power intake and harvest|reject heat|spoil wet organic matter|maintain caravan water circuit|maintain living structure|maintain electrical systems|grow Жатка живой массы|grow Сборщик сухой массы|grow Сушильный орган|grow Органическое хранилище|grow Биореактор / топка|atrophy Снегосборник|atrophy Электромотор|atrophy Тепловой орган"
232,1,232,22,0,187.426544,4924.754395,0,319.789398,6729.76709,176.478897,0.075336,35859.5,0,0,0,5,1,None,0.003906,"harvest dry biomass|burn dry organic matter|power intake and harvest|reject heat|spoil wet organic matter|maintain caravan water circuit|maintain living structure|maintain electrical systems|move|movement water loss|movement organic maintenance|grow Жатка живой массы|grow Сборщик сухой массы|grow Сушильный орган|grow Органическое хранилище|grow Биореактор / топка|atrophy Снегосборник|atrophy Электромотор|atrophy Тепловой орган"
233,1,233,20,3,188.53009,4758.790527,0,318.519012,6739.818359,175.718018,0.200294,35698.636719,0,0,0,5,1,None,0.003906,"harvest dry biomass|burn dry organic matter|power intake and harvest|reject heat|spoil wet organic matter|maintain caravan water circuit|maintain living structure|maintain electrical systems|move|movement water loss|movement organic maintenance|grow Жатка живой массы|grow Сборщик сухой массы|grow Сушильный орган|grow Органическое хранилище|grow Биореактор / топка|atrophy Снегосборник|atrophy Электромотор|atrophy Тепловой орган"
234,1,234,16,4,189.589111,4593.520996,0,317.03772,6750.066895,176.98085,0,35538.074219,0,0,0,5,1,None,0.003906,"harvest dry biomass|burn dry organic matter|power intake and harvest|reject heat|spoil wet organic matter|maintain caravan water circuit|maintain living structure|maintain electrical systems|grow Жатка живой массы|grow Сборщик сухой массы|grow Сушильный орган|grow Органическое хранилище|grow Биореактор / топка|atrophy Снегосборник|atrophy Электромотор|atrophy Тепловой орган"
235,1,235,13,3,190.442657,4425.436523,0,315.436279,6760.513672,176.996155,0,35374.554688,0,0,0,5,1,None,0.003906,"harvest dry biomass|burn dry organic matter|power intake and harvest|reject heat|spoil wet organic matter|maintain caravan water circuit|maintain living structure|maintain electrical systems|grow Жатка живой массы|grow Сборщик сухой массы|grow Сушильный орган|grow Органическое хранилище|grow Биореактор / топка|atrophy Снегосборник|atrophy Электромотор|atrophy Тепловой орган"
236,1,236,13,2,191.192657,4256.141113,0,314.213593,6770.60498,177.009583,0,35210.527344,0,0,0,5,1,None,0.003906,"harvest dry biomass|burn dry organic matter|power intake and harvest|reject heat|spoil wet organic matter|maintain caravan water circuit|maintain living structure|maintain electrical systems|grow Жатка живой массы|grow Сборщик сухой массы|grow Сушильный орган|grow Органическое хранилище|grow Биореактор / топка|atrophy Снегосборник|atrophy Электромотор|atrophy Тепловой орган"
237,1,237,12,0,191.942657,4090.108643,0,313.117004,6780.487793,177.023376,0,35049.914063,0,0,0,5,1,None,0.003906,"harvest dry biomass|burn dry organic matter|power intake and harvest|heat caravan|reject heat|spoil wet organic matter|maintain caravan water circuit|maintain living structure|maintain electrical systems|grow Жатка живой массы|grow Сборщик сухой массы|grow Сушильный орган|grow Органическое хранилище|grow Биореактор / топка|atrophy Снегосборник|atrophy Электромотор|atrophy Тепловой орган"
238,1,238,9,0,192.692657,5180.151367,0,312.055237,6790.213867,175.508789,0.244523,36145.316406,0,0,0,5,1,None,0.003906,"harvest dry biomass|burn dry organic matter|power intake and harvest|heat caravan|reject heat|spoil wet organic matter|maintain caravan water circuit|maintain living structure|maintain electrical systems|move|movement water loss|movement organic maintenance|grow Жатка живой массы|grow Сборщик сухой массы|grow Сушильный орган|grow Органическое хранилище|grow Биореактор / топка|atrophy Снегосборник|atrophy Электромотор|atrophy Тепловой орган"
239,1,239,10,2,193.796204,5013.60791,0,310.939819,6800.132813,175.96051,0.174733,35984.175781,0,0,0,5,1,None,0.003906,"harvest dry biomass|burn dry organic matter|power intake and harvest|reject heat|spoil wet organic matter|maintain caravan water circuit|maintain living structure|maintain electrical systems|move|movement water loss|movement organic maintenance|grow Жатка живой массы|grow Сборщик сухой массы|grow Сушильный орган|grow Органическое хранилище|grow Биореактор / топка|atrophy Снегосборник|atrophy Электромотор|atrophy Тепловой орган"
240,1,240,10,6,195.14975,4845.844238,0,309.815582,6809.999512,176.874847,0.030179,35822.171875,0,0,0,5,1,None,0.003906,"harvest dry biomass|burn dry organic matter|power intake and harvest|reject heat|spoil wet organic matter|maintain caravan water circuit|maintain living structure|maintain electrical systems|move|movement water loss|movement organic maintenance|grow Жатка живой массы|grow Сборщик сухой массы|grow Сушильный орган|grow Органическое хранилище|grow Биореактор / топка|atrophy Снегосборник|atrophy Электромотор|atrophy Тепловой орган"
241,1,241,16,0,197.456451,4676.452148,0,308.614594,6819.918945,173.533127,0.566839,35661.527344,0,0,0,5,1,None,0.003906,"harvest dry biomass|burn dry organic matter|power intake and harvest|reject heat|spoil wet organic matter|maintain caravan water circuit|maintain living structure|maintain electrical systems|move|movement water loss|movement organic maintenance|grow Жатка живой массы|grow Сборщик сухой массы|grow Сушильный орган|grow Органическое хранилище|grow Биореактор / топка|atrophy Снегосборник|atrophy Электромотор|atrophy Тепловой орган"
242,1,242,5,0,200.966843,4508.969727,0,307.330078,6832.007813,152.55899,0,35501.15625,0,0,0,5,1,None,0.003906,"harvest dry biomass|burn dry organic matter|power intake and harvest|heat caravan|reject heat|spoil wet organic matter|maintain caravan water circuit|maintain living structure|maintain electrical systems|grow Жатка живой массы|grow Сборщик сухой массы|grow Сушильный орган|grow Органическое хранилище|grow Биореактор / топка|atrophy Снегосборник|atrophy Тепловой орган"
243,1,243,1,5,202.716843,4338.431641,0,306.171722,6840.00293,177.099396,0,35334.0625,0,0,0,5,1,None,0.003906,"harvest dry biomass|burn dry organic matter|power intake and harvest|reject heat|spoil wet organic matter|maintain caravan water circuit|maintain living structure|maintain electrical systems|grow Жатка живой массы|grow Сборщик сухой массы|grow Сушильный орган|grow Органическое хранилище|grow Биореактор / топка|atrophy Снегосборник|atrophy Тепловой орган"
244,1,244,0,5,203.466843,4165.51416,0,305.015533,6849.548828,177.105972,0,35167.335938,0,0,0,5,1,None,0.003906,"harvest dry biomass|burn dry organic matter|power intake and harvest|heat caravan|reject heat|spoil wet organic matter|maintain caravan water circuit|maintain living structure|maintain electrical systems|grow Жатка живой массы|grow Сборщик сухой массы|grow Сушильный орган|grow Органическое хранилище|grow Биореактор / топка|atrophy Снегосборник|atrophy Тепловой орган"
245,1,245,0,1,204.673935,3992.837646,0,303.91153,6859.578125,174.584686,0.406078,35001.480469,0,0,0,5,1,None,0.003906,"harvest dry biomass|burn dry organic matter|power intake and harvest|heat caravan|reject heat|spoil wet organic matter|maintain caravan water circuit|maintain living structure|maintain electrical systems|move|movement water loss|movement organic maintenance|grow Жатка живой массы|grow Сборщик сухой массы|grow Сушильный орган|grow Органическое хранилище|grow Биореактор / топка|atrophy Снегосборник|atrophy Тепловой орган"
246,1,246,1,7,206.777481,3822.546875,0,302.888947,6869.856445,177.1353,0,34838.484375,0,0,0,5,1,None,0.003906,"harvest dry biomass|burn dry organic matter|power intake and harvest|heat caravan|reject heat|spoil wet organic matter|maintain caravan water circuit|maintain living structure|maintain electrical systems|grow Жатка живой массы|grow Сборщик сухой массы|grow Сушильный орган|grow Органическое хранилище|grow Биореактор / топка|atrophy Снегосборник|atrophy Тепловой орган"
247,1,247,1,14,208.690048,4911.267578,0,301.666962,6879.253418,177.149139,0,35933.0625,0,0,0,5,1,None,0.003906,"harvest dry biomass|burn dry organic matter|power intake and harvest|reject heat|spoil wet organic matter|maintain caravan water circuit|maintain living structure|maintain electrical systems|grow Жатка живой массы|grow Сборщик сухой массы|grow Сушильный орган|grow Органическое хранилище|grow Биореактор / топка|atrophy Снегосборник|atrophy Тепловой орган"
248,1,248,0,19,210.841431,4745.518066,0,300.533234,6889.043457,175.096832,0.330452,35773.8125,0,0,0,5,1,None,0.003906,"harvest dry biomass|burn dry organic matter|power intake and harvest|heat caravan|reject heat|spoil wet organic matter|maintain caravan water circuit|maintain living structure|maintain electrical systems|move|movement water loss|movement organic maintenance|grow Жатка живой массы|grow Сборщик сухой массы|grow Сушильный орган|grow Органическое хранилище|grow Биореактор / топка|atrophy Снегосборник|atrophy Тепловой орган"
249,1,249,12,11,216.807388,4580.821289,0,335.507843,6862.717773,173.058853,0.601104,35695.132813,0,0,0,5,1,None,0.003906,"harvest live biomass|burn dry organic matter|power intake and harvest|reject heat|spoil wet organic matter|maintain caravan water circuit|maintain living structure|maintain electrical systems|move|movement water loss|movement organic maintenance|grow Жатка живой массы|grow Сборщик сухой массы|grow Сушильный орган|grow Органическое хранилище|grow Биореактор / топка|atrophy Снегосборник|atrophy Тепловой орган"
250,1,250,13,11,217.910934,4413.213379,0,597.756287,6576.43457,177.062103,0.114773,36243.289063,0,0,0,5,1,None,0.003906,"harvest live biomass|burn dry organic matter|power intake and harvest|heat caravan|reject heat|spoil wet organic matter|maintain caravan water circuit|maintain living structure|maintain electrical systems|move|movement water loss|movement organic maintenance|grow Жатка живой массы|grow Сборщик сухой массы|grow Сушильный орган|grow Органическое хранилище|grow Биореактор / топка|atrophy Снегосборник|atrophy Тепловой орган"
251,1,251,13,10,218.160934,4241.543457,0,825.751465,6289.716309,177.926926,0,36543.6875,0,0,0,5,1,None,0.003906,"burn dry organic matter|heat caravan|reject heat|spoil wet organic matter|maintain caravan water circuit|maintain living structure|maintain electrical systems|grow Жатка живой массы|grow Сборщик сухой массы|grow Сушильный орган|grow Органическое хранилище|grow Биореактор / топка|atrophy Снегосборник|atrophy Тепловой орган"
252,1,252,13,12,219.014481,4073.770508,0,1117.742065,6002.59082,174.200729,0,37022.332031,0,0,0,5,1,None,0.003906,"harvest live biomass|burn dry organic matter|power intake and harvest|heat caravan|reject heat|spoil wet organic matter|maintain caravan water circuit|maintain living structure|maintain electrical systems|grow Жатка живой массы|grow Сборщик сухой массы|grow Сушильный орган|grow Органическое хранилище|grow Биореактор / топка|atrophy Снегосборник|atrophy Тепловой орган"
253,1,253,13,11,219.764481,3904.083984,0,1242.998535,5715.293945,177.591934,0,36965.324219,0,0,0,5,1,None,0.003906,"harvest live biomass|burn dry organic matter|power intake and harvest|heat caravan|reject heat|spoil wet organic matter|maintain caravan water circuit|maintain living structure|maintain electrical systems|grow Жатка живой массы|grow Сборщик сухой массы|grow Сушильный орган|grow Органическое хранилище|grow Биореактор / топка|atrophy Снегосборник|atrophy Тепловой орган"
254,1,254,13,10,220.014481,3732.543701,0,1319.802246,5427.73877,177.956436,0,36757.28125,0,0,0,5,1,None,0.003906,"burn dry organic matter|heat caravan|reject heat|spoil wet organic matter|maintain caravan water circuit|maintain living structure|maintain electrical systems|grow Жатка живой массы|grow Сборщик сухой массы|grow Сушильный орган|grow Органическое хранилище|grow Биореактор / топка|atrophy Снегосборник|atrophy Тепловой орган"
255,1,255,13,11,220.764481,3561.844971,0,1406.048828,5139.898926,177.879013,0.013899,36577.832031,0,0,0,5,1,None,0.003906,"burn dry organic matter|heat caravan|reject heat|spoil wet organic matter|maintain caravan water circuit|maintain living structure|maintain electrical systems|move|movement water loss|movement organic maintenance|grow Жатка живой массы|grow Сборщик сухой массы|grow Сушильный орган|grow Органическое хранилище|grow Биореактор / топка|atrophy Снегосборник|atrophy Тепловой орган"
256,1,256,13,11,221.264481,3383.044678,0,1520.286011,4851.853516,177.975128,0,36479.28125,0,0,0,5,1,None,0.003906,"burn dry organic matter|heat caravan|reject heat|spoil wet organic matter|maintain caravan water circuit|maintain living structure|maintain electrical systems|move|movement water loss|movement organic maintenance|grow Жатка живой массы|grow Сборщик сухой массы|grow Сушильный орган|grow Органическое хранилище|grow Биореактор / топка|atrophy Снегосборник|atrophy Тепловой орган"
257,1,257,13,11,221.764481,3193.260498,0,1616.110352,4563.379395,177.948288,0,36283.503906,0,0,0,5,1,None,0.003906,"capture dust|burn dry organic matter|power intake and harvest|heat caravan|reject heat|spoil wet organic matter|maintain caravan water circuit|maintain living structure|maintain electrical systems|move|movement water loss|movement organic maintenance|grow Жатка живой массы|grow Сборщик сухой массы|grow Сушильный орган|grow Органическое хранилище|grow Биореактор / топка|atrophy Снегосборник|atrophy Тепловой орган"
258,1,258,13,11,223.118027,2999.276123,0,1869.836548,4274.291992,176.481003,0,36640.210938,0,0,0,5,1,None,0.003906,"harvest live biomass|capture dust|burn dry organic matter|power intake and harvest|heat caravan|reject heat|spoil wet organic matter|maintain caravan water circuit|maintain living structure|maintain electrical systems|move|movement water loss|movement organic maintenance|grow Жатка живой массы|grow Сборщик сухой массы|grow Сушильный орган|grow Органическое хранилище|grow Биореактор / топка|atrophy Снегосборник|atrophy Тепловой орган"
259,1,259,13,12,223.868027,2808.870361,0,2021.879761,3985.257324,177.965881,0,36623.480469,0,0,0,5,1,None,0.003906,"capture dust|burn dry organic matter|power intake and harvest|heat caravan|reject heat|spoil wet organic matter|maintain caravan water circuit|maintain living structure|maintain electrical systems|grow Жатка живой массы|grow Сборщик сухой массы|grow Сушильный орган|grow Органическое хранилище|grow Биореактор / топка|atrophy Снегосборник|atrophy Тепловой орган"
260,1,260,13,10,224.868027,2635.612305,0,2293.393066,3696.155518,175.963196,0,37054.140625,0,0,0,5,1,None,0.003906,"harvest live biomass|capture dust|burn dry organic matter|power intake and harvest|heat caravan|reject heat|spoil wet organic matter|maintain caravan water circuit|maintain living structure|maintain electrical systems|grow Жатка живой массы|grow Сборщик сухой массы|grow Сушильный орган|grow Органическое хранилище|grow Биореактор / топка|atrophy Снегосборник|atrophy Тепловой орган"
261,1,261,13,11,225.618027,2462.275635,0,2350.280518,3406.793701,177.43985,0,36790.933594,0,0,0,5,1,None,0.003906,"harvest live biomass|capture dust|burn dry organic matter|power intake and harvest|heat caravan|reject heat|spoil wet organic matter|maintain caravan water circuit|maintain living structure|maintain electrical systems|grow Жатка живой массы|grow Сборщик сухой массы|grow Сушильный орган|grow Органическое хранилище|grow Биореактор / топка|atrophy Снегосборник|atrophy Тепловой орган"
262,1,262,13,11,226.971573,2291.219482,0,2741.405273,3117.280273,177.422729,0,37542.355469,0,0,0,5,1,None,0.003906,"harvest live biomass|burn dry organic matter|power intake and harvest|heat caravan|reject heat|spoil wet organic matter|maintain caravan water circuit|maintain living structure|maintain electrical systems|grow Жатка живой массы|grow Сборщик сухой массы|grow Сушильный орган|grow Органическое хранилище|grow Биореактор / топка|atrophy Снегосборник|atrophy Тепловой орган"
263,1,263,13,10,227.721573,2126.163574,0,2849.549316,2827.370605,176.237442,0,37432.40625,0,0,0,5,1,None,0.003906,"harvest live biomass|burn dry organic matter|power intake and harvest|heat caravan|reject heat|spoil wet organic matter|maintain caravan water circuit|maintain living structure|maintain electrical systems|grow Жатка живой массы|grow Сборщик сухой массы|grow Сушильный орган|grow Органическое хранилище|grow Биореактор / топка|atrophy Снегосборник|atrophy Тепловой орган"
264,1,264,13,11,227.971573,1956.415405,0,2861.785889,2537.239014,178.04277,0,37010.601563,0,0,0,5,1,None,0.003906,"burn dry organic matter|heat caravan|reject heat|spoil wet organic matter|maintain caravan water circuit|maintain living structure|maintain electrical systems|grow Жатка живой массы|grow Сборщик сухой массы|grow Сушильный орган|grow Органическое хранилище|grow Биореактор / топка|atrophy Снегосборник|atrophy Тепловой орган"
265,1,265,13,11,229.178665,1786.817261,0,2968.268311,2246.969238,178.042389,0,36890.386719,0,0,0,5,1,None,0.003906,"harvest live biomass|burn dry organic matter|power intake and harvest|heat caravan|reject heat|spoil wet organic matter|maintain caravan water circuit|maintain living structure|maintain electrical systems|grow Жатка живой массы|grow Сборщик сухой массы|grow Сушильный орган|grow Органическое хранилище|grow Биореактор / топка|atrophy Снегосборник|atrophy Тепловой орган"
266,1,266,12,11,229.928665,1624.483032,0,3072.979492,1956.518311,177.171417,0,36771.597656,0,0,0,5,1,None,0.003906,"harvest live biomass|burn dry organic matter|power intake and harvest|heat caravan|reject heat|spoil wet organic matter|maintain caravan water circuit|maintain living structure|maintain electrical systems|grow Жатка живой массы|grow Сборщик сухой массы|grow Сушильный орган|grow Органическое хранилище|grow Биореактор / топка|atrophy Снегосборник|atrophy Тепловой орган"
267,1,267,13,11,230.678665,1462.041016,0,3143.19873,1665.794556,178.065445,0,36542.078125,0,0,0,5,1,None,0.003906,"burn dry organic matter|heat caravan|reject heat|spoil wet organic matter|maintain caravan water circuit|maintain living structure|maintain electrical systems|grow Жатка живой массы|grow Сборщик сухой массы|grow Сушильный орган|grow Органическое хранилище|grow Биореактор / топка|atrophy Снегосборник|atrophy Тепловой орган"
268,1,268,13,12,231.782211,1296.773682,0,3241.071289,1375.185425,178.32225,0,36398.335938,0,0,0,5,1,None,0.003906,"burn dry organic matter|heat caravan|reject heat|spoil wet organic matter|maintain caravan water circuit|maintain living structure|maintain electrical systems|atrophy Снегосборник|atrophy Тепловой орган"
269,1,269,13,10,232.782211,1118.783081,0,3275.486328,1084.516846,177.677521,0.104315,36044.351563,0,0,0,5,1,None,0.003906,"burn dry organic matter|heat caravan|reject heat|spoil wet organic matter|maintain caravan water circuit|maintain living structure|maintain electrical systems|move|movement water loss|movement organic maintenance|atrophy Снегосборник|atrophy Тепловой орган"
270,1,270,12,11,233.282211,934.761902,0,3320.003906,793.664917,178.302505,0,35728.671875,0,0,0,5,1,None,0.003906,"capture dust|burn dry organic matter|power intake and harvest|heat caravan|reject heat|spoil wet organic matter|maintain caravan water circuit|maintain living structure|maintain electrical systems|atrophy Снегосборник|atrophy Тепловой орган"
271,1,271,13,12,234.635757,749.807312,0,3390.319336,502.568298,177.239044,0,35505.320313,0,0,0,5,1,None,0.003906,"harvest live biomass|capture dust|burn dry organic matter|power intake and harvest|heat caravan|reject heat|spoil wet organic matter|maintain caravan water circuit|maintain living structure|maintain electrical systems|atrophy Снегосборник|atrophy Тепловой орган"
272,1,272,12,11,234.989304,567.106323,0,3400.135498,211.245865,178.314423,0,35037.328125,0,0,0,5,1,None,0.003906,"capture dust|burn dry organic matter|power intake and harvest|heat caravan|reject heat|spoil wet organic matter|maintain caravan water circuit|maintain living structure|maintain electrical systems|atrophy Снегосборник|atrophy Тепловой орган"
273,1,273,13,11,235.739304,389.047028,0,3439.165527,0,161.168503,0,34749.046875,0,0,0,5,1,None,0.003906,"capture dust|power intake and harvest|heat caravan|spoil wet organic matter|maintain caravan water circuit|maintain living structure|maintain electrical systems|move|movement water loss|movement organic maintenance|atrophy Снегосборник|atrophy Тепловой орган"
274,1,274,13,12,235.989304,205.61142,0,3460.072021,0,128.149857,0,34660.445313,0,0,0,5,1,None,0.003906,"capture dust|power intake and harvest|heat caravan|spoil wet organic matter|maintain caravan water circuit|maintain living structure|maintain electrical systems|atrophy Снегосборник|atrophy Тепловой орган"
275,1,275,13,11,236.739304,29.125069,0,3465.613525,0,96.868172,0,34477.332031,0,0,0,5,1,None,0.003906,"capture dust|power intake and harvest|heat caravan|spoil wet organic matter|maintain caravan water circuit|maintain living structure|maintain electrical systems|move|movement water loss|movement organic maintenance|atrophy Снегосборник|atrophy Тепловой орган"
276,1,276,13,11,237.239304,0,0,3472.921875,0,66.421539,0,34485.277344,20.070005,0,0,5,1,None,0.003906,"heat caravan|spoil wet organic matter|maintain living structure|maintain electrical systems|atrophy Снегосборник|atrophy Тепловой орган"
277,1,277,13,12,237.989304,0,0,3524.325439,0,33.14069,0,34653.234375,44.070007,0,0,5,1,None,0.003906,"harvest live biomass|capture dust|power intake and harvest|heat caravan|spoil wet organic matter|maintain living structure|maintain electrical systems|atrophy Снегосборник|atrophy Тепловой орган"
278,1,278,13,11,239.09285,0,0,3523.861328,0,0.271927,0.112851,34650.878906,68.070007,0,0,5,1,None,0.003906,"heat caravan|spoil wet organic matter|maintain living structure|maintain electrical systems|move|movement organic maintenance|atrophy Снегосборник|atrophy Тепловой орган"
279,1,279,12,11,239.34285,0,0,3515.169434,0,0,0,34652.007813,92.070007,0,11.721563,5,1,None,0.003906,"collect chitin|spoil wet organic matter|maintain living structure|atrophy Снегосборник|atrophy Тепловой орган"
280,1,280,12.975006,10.024994,239.687561,0,0,3519.888184,0,0,0,34666.203125,116.070007,0,23.912334,5,1,None,0.003906,"spoil wet organic matter|maintain living structure|atrophy Снегосборник|atrophy Тепловой орган"
281,1,281,12.975006,10.024994,239.687561,0,0,3509.448486,0,0,0,34631.882813,140.070007,0,36.252712,5,1,None,0.003906,"spoil wet organic matter|maintain living structure|atrophy Снегосборник|atrophy Тепловой орган"
282,1,282,12.975006,10.024994,239.687561,0,0,3498.695313,0,0,0,34596.554688,164.070007,0,48.733334,5,1,None,0.003906,"spoil wet organic matter|maintain living structure|atrophy Снегосборник|atrophy Тепловой орган"
283,1,283,12.975006,10.024994,239.687561,0,0,3487.55249,0,0,0,34559.976563,188.070007,0,61.347046,5,1,None,0.003906,"spoil wet organic matter|maintain living structure|atrophy Снегосборник|atrophy Тепловой орган"
284,1,284,13,11,239.931396,0,0,3487.651611,0,0,0,34571.808594,212.070007,0,74.254578,5,1,None,0.003906,"capture dust|spoil wet organic matter|maintain living structure|atrophy Снегосборник|atrophy Тепловой орган"
285,1,285,13,11,240.431396,0,0,3476.088135,0,0,0,34559.617188,236.070007,0,87.365875,5,1,None,0.003906,"capture dust|spoil wet organic matter|maintain living structure|atrophy Снегосборник|atrophy Тепловой орган"
286,1,286,13,11,240.431396,0,0,3463.742432,0,0,0,34493.765625,260.070007,0,100.523201,5,1,None,0.003906,"capture dust|spoil wet organic matter|maintain living structure|atrophy Снегосборник|atrophy Тепловой орган"
287,1,287,13,12,240.681396,0,0,3474.131348,0,0,0,34551.195313,284.070007,0,113.806099,5,1,None,0.003906,"capture dust|spoil wet organic matter|maintain living structure|atrophy Снегосборник|atrophy Тепловой орган"
288,1,288,13,12,240.681396,0,0,3461.845215,0,0,0,34484.746094,308.070007,0,127.193085,5,1,None,0.003906,"capture dust|spoil wet organic matter|maintain living structure|atrophy Снегосборник|atrophy Тепловой орган"
289,1,289,13,12,240.681396,0,0,3449.629639,0,0,0,34469.226563,332.070007,0,140.631622,5,1,None,0.003906,"capture dust|spoil wet organic matter|maintain living structure|atrophy Снегосборник|atrophy Тепловой орган"
290,1,290,13,12,240.681396,0,0,3437.53125,0,0,0,34400.011719,356.070007,0,154.093842,5,1,None,0.003906,"capture dust|spoil wet organic matter|maintain living structure|atrophy Снегосборник|atrophy Тепловой орган"
291,1,291,13,12,240.681396,0,0,3425.591064,0,0,0,34369.261719,380.070007,0,167.549149,5,1,None,0.003906,"spoil wet organic matter|maintain living structure|atrophy Снегосборник|atrophy Тепловой орган"
292,1,292,12.915075,11.966199,240.711853,0,0,3413.811768,0,0,0,34330.609375,404.070007,0,181.065811,5,1,None,0.003906,"spoil wet organic matter|maintain living structure|atrophy Снегосборник|atrophy Тепловой орган"
293,1,293,12.559868,11.979321,240.800705,0,0,3402.192627,0,0,0,34292.464844,428.070007,0,194.633636,5,1,None,0.003906,"spoil wet organic matter|maintain living structure|move|movement organic maintenance|atrophy Снегосборник|atrophy Тепловой орган"
294,1,294,12.180686,11.993326,240.895569,0,0,3412.415527,0,0,0,34324.203125,452.070007,0,208.309647,5,1,None,0.003906,"spoil wet organic matter|maintain living structure|atrophy Снегосборник|atrophy Тепловой орган"
295,1,295,12.180686,11.993326,240.895569,0,0,3401.121094,0,0,0,34287.089844,476.070007,0,222.019592,5,1,None,0.003906,"spoil wet organic matter|maintain living structure|atrophy Снегосборник|atrophy Тепловой орган"
296,1,296,12.180686,11.993326,240.895569,0,0,3389.975586,0,0,0,34250.445313,500.070007,0,235.749924,5,1,None,0.003906,"spoil wet organic matter|maintain living structure|atrophy Снегосборник|atrophy Тепловой орган"
297,1,297,12.180686,11.993326,240.895569,0,0,3378.960938,0,0,0,34214.214844,524.070007,0,249.510925,5,1,None,0.003906,"spoil wet organic matter|maintain living structure|atrophy Снегосборник|atrophy Тепловой орган"
298,1,298,12.180686,11.993326,240.895569,0,0,3368.074463,0,0,0,34183.359375,548.070007,0,263.314789,5,1,None,0.003906,"spoil wet organic matter|maintain living structure|atrophy Снегосборник|atrophy Тепловой орган"
299,1,299,12.180686,11.993326,240.895569,0,0,3357.320068,0,0,0,34166.851563,572.070007,0,277.149353,5,1,None,0.003906,"capture dust|spoil wet organic matter|maintain living structure|atrophy Снегосборник|atrophy Тепловой орган"
300,1,300,12.180686,11.993326,240.895569,0,0,3346.664551,0,0,0,34101.242188,596.070007,0,293.959167,5,1,None,0.003906,"capture dust|spoil wet organic matter|maintain living structure|atrophy Снегосборник|atrophy Тепловой орган"
301,1,301,12.180686,11.993326,240.895569,0,0,3336.094727,0,0,0,34087.644531,620.070007,0,311.06015,5,1,None,0.003906,"capture dust|spoil wet organic matter|maintain living structure|atrophy Снегосборник|atrophy Тепловой орган"
302,1,302,12.180686,11.993326,240.895569,0,0,3325.641357,0,0,0,34074.164063,644.070007,0,331.371918,5,1,None,0.003906,"capture dust|spoil wet organic matter|maintain living structure|atrophy Снегосборник|atrophy Тепловой орган"
303,1,303,12.180686,11.993326,240.895569,0,0,3315.320068,0,0,0,34008.824219,668.070007,0,351.772644,5,1,None,0.003906,"capture dust|spoil wet organic matter|maintain living structure|atrophy Снегосборник|atrophy Тепловой орган"
304,1,304,12.180686,11.993326,240.895569,0,0,3305.146973,0,0,0,33995.738281,692.070007,0,372.073212,5,1,None,0.003906,"capture dust|spoil wet organic matter|maintain living structure|atrophy Снегосборник|atrophy Тепловой орган"
305,1,305,12.180686,11.993326,240.895569,0,0,3295.099609,0,0,0,33982.804688,716.070007,0,392.507538,5,1,None,0.003906,"capture dust|spoil wet organic matter|maintain living structure|atrophy Снегосборник|atrophy Тепловой орган"
306,1,306,12.180686,11.993326,240.895569,0,0,3292.600098,0,0,0,33929.257813,722.070007,0,398.507538,5,0,WaterSystemCollapse,0.003906,""
307,1,307,12.180686,11.993326,240.895569,0,0,3292.600098,0,0,0,33929.257813,722.070007,0,398.507538,5,0,WaterSystemCollapse,0.003906,""
308,1,308,12.180686,11.993326,240.895569,0,0,3292.600098,0,0,0,33929.257813,722.070007,0,398.507538,5,0,WaterSystemCollapse,0.003906,""
309,1,309,12.180686,11.993326,240.895569,0,0,3292.600098,0,0,0,33929.257813,722.070007,0,398.507538,5,0,WaterSystemCollapse,0.003906,""
310,1,310,12.180686,11.993326,240.895569,0,0,3292.600098,0,0,0,33929.257813,722.070007,0,398.507538,5,0,WaterSystemCollapse,0.003906,""
311,1,311,12.180686,11.993326,240.895569,0,0,3292.600098,0,0,0,33929.257813,722.070007,0,398.507538,5,0,WaterSystemCollapse,0.003906,""
312,1,312,12.180686,11.993326,240.895569,0,0,3292.600098,0,0,0,33929.257813,722.070007,0,398.507538,5,0,WaterSystemCollapse,0.003906,""
313,1,313,12.180686,11.993326,240.895569,0,0,3292.600098,0,0,0,33929.257813,722.070007,0,398.507538,5,0,WaterSystemCollapse,0.003906,""
314,1,314,12.180686,11.993326,240.895569,0,0,3292.600098,0,0,0,33929.257813,722.070007,0,398.507538,5,0,WaterSystemCollapse,0.003906,""
315,1,315,12.180686,11.993326,240.895569,0,0,3292.600098,0,0,0,33929.257813,722.070007,0,398.507538,5,0,WaterSystemCollapse,0.003906,""
316,1,316,12.180686,11.993326,240.895569,0,0,3292.600098,0,0,0,33929.257813,722.070007,0,398.507538,5,0,WaterSystemCollapse,0.003906,""
317,1,317,12.180686,11.993326,240.895569,0,0,3292.600098,0,0,0,33929.257813,722.070007,0,398.507538,5,0,WaterSystemCollapse,0.003906,""
318,1,318,12.180686,11.993326,240.895569,0,0,3292.600098,0,0,0,33929.257813,722.070007,0,398.507538,5,0,WaterSystemCollapse,0.003906,""
319,1,319,12.180686,11.993326,240.895569,0,0,3292.600098,0,0,0,33929.257813,722.070007,0,398.507538,5,0,WaterSystemCollapse,0.003906,""
320,1,320,12.180686,11.993326,240.895569,0,0,3292.600098,0,0,0,33929.257813,722.070007,0,398.507538,5,0,WaterSystemCollapse,0.003906,""
321,1,321,12.180686,11.993326,240.895569,0,0,3292.600098,0,0,0,33929.257813,722.070007,0,398.507538,5,0,WaterSystemCollapse,0.003906,""
322,1,322,12.180686,11.993326,240.895569,0,0,3292.600098,0,0,0,33929.257813,722.070007,0,398.507538,5,0,WaterSystemCollapse,0.003906,""
323,1,323,12.180686,11.993326,240.895569,0,0,3292.600098,0,0,0,33929.257813,722.070007,0,398.507538,5,0,WaterSystemCollapse,0.003906,""
324,1,324,12.180686,11.993326,240.895569,0,0,3292.600098,0,0,0,33929.257813,722.070007,0,398.507538,5,0,WaterSystemCollapse,0.003906,""
325,1,325,12.180686,11.993326,240.895569,0,0,3292.600098,0,0,0,33929.257813,722.070007,0,398.507538,5,0,WaterSystemCollapse,0.003906,""
326,1,326,12.180686,11.993326,240.895569,0,0,3292.600098,0,0,0,33929.257813,722.070007,0,398.507538,5,0,WaterSystemCollapse,0.003906,""
327,1,327,12.180686,11.993326,240.895569,0,0,3292.600098,0,0,0,33929.257813,722.070007,0,398.507538,5,0,WaterSystemCollapse,0.003906,""
328,1,328,12.180686,11.993326,240.895569,0,0,3292.600098,0,0,0,33929.257813,722.070007,0,398.507538,5,0,WaterSystemCollapse,0.003906,""
329,1,329,12.180686,11.993326,240.895569,0,0,3292.600098,0,0,0,33929.257813,722.070007,0,398.507538,5,0,WaterSystemCollapse,0.003906,""
330,1,330,12.180686,11.993326,240.895569,0,0,3292.600098,0,0,0,33929.257813,722.070007,0,398.507538,5,0,WaterSystemCollapse,0.003906,""
331,1,331,12.180686,11.993326,240.895569,0,0,3292.600098,0,0,0,33929.257813,722.070007,0,398.507538,5,0,WaterSystemCollapse,0.003906,""
332,1,332,12.180686,11.993326,240.895569,0,0,3292.600098,0,0,0,33929.257813,722.070007,0,398.507538,5,0,WaterSystemCollapse,0.003906,""
333,1,333,12.180686,11.993326,240.895569,0,0,3292.600098,0,0,0,33929.257813,722.070007,0,398.507538,5,0,WaterSystemCollapse,0.003906,""
334,1,334,12.180686,11.993326,240.895569,0,0,3292.600098,0,0,0,33929.257813,722.070007,0,398.507538,5,0,WaterSystemCollapse,0.003906,""
335,1,335,12.180686,11.993326,240.895569,0,0,3292.600098,0,0,0,33929.257813,722.070007,0,398.507538,5,0,WaterSystemCollapse,0.003906,""
336,1,336,12.180686,11.993326,240.895569,0,0,3292.600098,0,0,0,33929.257813,722.070007,0,398.507538,5,0,WaterSystemCollapse,0.003906,""
337,1,337,12.180686,11.993326,240.895569,0,0,3292.600098,0,0,0,33929.257813,722.070007,0,398.507538,5,0,WaterSystemCollapse,0.003906,""
338,1,338,12.180686,11.993326,240.895569,0,0,3292.600098,0,0,0,33929.257813,722.070007,0,398.507538,5,0,WaterSystemCollapse,0.003906,""
339,1,339,12.180686,11.993326,240.895569,0,0,3292.600098,0,0,0,33929.257813,722.070007,0,398.507538,5,0,WaterSystemCollapse,0.003906,""
340,1,340,12.180686,11.993326,240.895569,0,0,3292.600098,0,0,0,33929.257813,722.070007,0,398.507538,5,0,WaterSystemCollapse,0.003906,""
341,1,341,12.180686,11.993326,240.895569,0,0,3292.600098,0,0,0,33929.257813,722.070007,0,398.507538,5,0,WaterSystemCollapse,0.003906,""
342,1,342,12.180686,11.993326,240.895569,0,0,3292.600098,0,0,0,33929.257813,722.070007,0,398.507538,5,0,WaterSystemCollapse,0.003906,""
343,1,343,12.180686,11.993326,240.895569,0,0,3292.600098,0,0,0,33929.257813,722.070007,0,398.507538,5,0,WaterSystemCollapse,0.003906,""
344,1,344,12.180686,11.993326,240.895569,0,0,3292.600098,0,0,0,33929.257813,722.070007,0,398.507538,5,0,WaterSystemCollapse,0.003906,""
345,1,345,12.180686,11.993326,240.895569,0,0,3292.600098,0,0,0,33929.257813,722.070007,0,398.507538,5,0,WaterSystemCollapse,0.003906,""
346,1,346,12.180686,11.993326,240.895569,0,0,3292.600098,0,0,0,33929.257813,722.070007,0,398.507538,5,0,WaterSystemCollapse,0.003906,""
347,1,347,12.180686,11.993326,240.895569,0,0,3292.600098,0,0,0,33929.257813,722.070007,0,398.507538,5,0,WaterSystemCollapse,0.003906,""
348,1,348,12.180686,11.993326,240.895569,0,0,3292.600098,0,0,0,33929.257813,722.070007,0,398.507538,5,0,WaterSystemCollapse,0.003906,""
349,1,349,12.180686,11.993326,240.895569,0,0,3292.600098,0,0,0,33929.257813,722.070007,0,398.507538,5,0,WaterSystemCollapse,0.003906,""
350,1,350,12.180686,11.993326,240.895569,0,0,3292.600098,0,0,0,33929.257813,722.070007,0,398.507538,5,0,WaterSystemCollapse,0.003906,""
351,1,351,12.180686,11.993326,240.895569,0,0,3292.600098,0,0,0,33929.257813,722.070007,0,398.507538,5,0,WaterSystemCollapse,0.003906,""
352,1,352,12.180686,11.993326,240.895569,0,0,3292.600098,0,0,0,33929.257813,722.070007,0,398.507538,5,0,WaterSystemCollapse,0.003906,""
353,1,353,12.180686,11.993326,240.895569,0,0,3292.600098,0,0,0,33929.257813,722.070007,0,398.507538,5,0,WaterSystemCollapse,0.003906,""
354,1,354,12.180686,11.993326,240.895569,0,0,3292.600098,0,0,0,33929.257813,722.070007,0,398.507538,5,0,WaterSystemCollapse,0.003906,""
355,1,355,12.180686,11.993326,240.895569,0,0,3292.600098,0,0,0,33929.257813,722.070007,0,398.507538,5,0,WaterSystemCollapse,0.003906,""
356,1,356,12.180686,11.993326,240.895569,0,0,3292.600098,0,0,0,33929.257813,722.070007,0,398.507538,5,0,WaterSystemCollapse,0.003906,""
357,1,357,12.180686,11.993326,240.895569,0,0,3292.600098,0,0,0,33929.257813,722.070007,0,398.507538,5,0,WaterSystemCollapse,0.003906,""
358,1,358,12.180686,11.993326,240.895569,0,0,3292.600098,0,0,0,33929.257813,722.070007,0,398.507538,5,0,WaterSystemCollapse,0.003906,""
359,1,359,12.180686,11.993326,240.895569,0,0,3292.600098,0,0,0,33929.257813,722.070007,0,398.507538,5,0,WaterSystemCollapse,0.003906,""
360,1,360,12.180686,11.993326,240.895569,0,0,3292.600098,0,0,0,33929.257813,722.070007,0,398.507538,5,0,WaterSystemCollapse,0.003906,""
361,1,361,12.180686,11.993326,240.895569,0,0,3292.600098,0,0,0,33929.257813,722.070007,0,398.507538,5,0,WaterSystemCollapse,0.003906,""
362,1,362,12.180686,11.993326,240.895569,0,0,3292.600098,0,0,0,33929.257813,722.070007,0,398.507538,5,0,WaterSystemCollapse,0.003906,""
363,1,363,12.180686,11.993326,240.895569,0,0,3292.600098,0,0,0,33929.257813,722.070007,0,398.507538,5,0,WaterSystemCollapse,0.003906,""
364,1,364,12.180686,11.993326,240.895569,0,0,3292.600098,0,0,0,33929.257813,722.070007,0,398.507538,5,0,WaterSystemCollapse,0.003906,""
365,1,365,12.180686,11.993326,240.895569,0,0,3292.600098,0,0,0,33929.257813,722.070007,0,398.507538,5,0,WaterSystemCollapse,0.003906,""
