year,day,elapsed_hours,temperature_c,precipitation_mm_h,surface_water_mm,root_water_mm,groundwater_mm,snow_mm,live_biomass_gm2,dry_biomass_gm2,soil_compaction,dust_gm2,climate_temperature_offset_c,climate_moisture_multiplier,climate_wind_multiplier,climate_storm_frequency,climate_storm_intensity,climate_phase_shift_days,heatwave,cold_snap,rain_burst,wind_storm
1,15,360,-10.467889785766602,0.035762414336204529,0.019559726119041443,52.516670227050781,29.93182373046875,20.771060943603516,25.842983245849609,23.472316741943359,0,0.032788582146167755,-0.73960524797439575,0.94848209619522095,0.99728578329086304,1.1382597684860229,0.81245481967926025,9.4253749847412109,0,0,0,0
1,30,720,-9.0398073196411133,0.040298346430063248,0.13620756566524506,52.515960693359375,29.93303108215332,33.757968902587891,22.756475448608398,24.377912521362305,0,0.024056283757090569,-0.76327866315841675,0.94324588775634766,0.99728578329086304,1.1382597684860229,0.81245481967926025,9.4253749847412109,0,0,0,0
1,45,1080,-6.8897647857666016,0.038216080516576767,0.021169496700167656,53.591686248779297,29.934446334838867,46.425769805908203,20.104562759399414,24.785192489624023,0,0.045711692422628403,-0.83640152215957642,0.9311034083366394,0.99728578329086304,1.1382597684860229,0.81245481967926025,9.4253749847412109,0,0,0,0
1,60,1440,-3.9654903411865234,0.035633698105812073,0.00021265547547955066,57.539264678955078,29.998203277587891,54.789257049560547,18.355173110961914,24.291776657104492,0,0.047086101025342941,-0.94967031478881836,0.91229456663131714,0.99728578329086304,1.1382597684860229,0.81245481967926025,9.4253749847412109,0,0,0,0
1,75,1800,-0.19607727229595184,0.028047623112797737,0.004183656070381403,72.356697082519531,34.423927307128906,45.430305480957031,17.833185195922852,22.675596237182617,0,0.020656842738389969,-1.081578254699707,0.89039069414138794,0.99728578329086304,1.1382597684860229,0.81245481967926025,9.4253749847412109,0,0,0,0
1,90,2160,5.4820828437805176,0.0043933652341365814,0.23382006585597992,79.590606689453125,59.558612823486328,8.3105974197387695,18.460710525512695,20.729497909545898,0,0.01500252727419138,-1.2106186151504517,0.86896288394927979,0.99728578329086304,1.1382597684860229,0.81245481967926025,9.4253749847412109,0,0,0,0
1,105,2520,9.941309928894043,3.97235453419853E-06,0.068586677312850952,77.88775634765625,61.449195861816406,0,21.696660995483398,18.943714141845703,0,0.021670304238796234,-1.3152846097946167,0.85158252716064453,0.99728578329086304,1.1382597684860229,0.81245481967926025,9.4253749847412109,0,0,0,0
1,120,2880,14.164684295654297,0,0.059202071279287338,77.679115295410156,59.888500213623047,0,26.661445617675781,17.314853668212891,0,0.013230836018919945,-1.3740696907043457,0.84182101488113403,0.99728578329086304,1.1382597684860229,0.81245481967926025,9.4253749847412109,0,0,0,0
1,135,3240,17.823429107666016,0,0.048539768904447556,77.289466857910156,58.193416595458984,0,31.566226959228516,15.921699523925781,0,0.0025832874234765768,-1.3387799263000488,0.84693354368209839,0.99728578329086304,1.1382597684860229,0.81245481967926025,9.4253749847412109,0,0,0,0
1,150,3600,20.683656692504883,0,0.038501724600791931,76.735511779785156,56.537944793701172,0,34.845695495605469,15.235326766967773,0,0.0048646684736013412,-1.1209973096847534,0.87914001941680908,0.99728578329086304,1.1382597684860229,0.81245481967926025,9.4253749847412109,0,0,0,0
1,165,3960,22.572399139404297,0,0.031629063189029694,76.029563903808594,55.011157989501953,0,36.735622406005859,15.200814247131348,0,0.0038517918437719345,-0.78499734401702881,0.9288288950920105,0.99728578329086304,1.1382597684860229,0.81245481967926025,9.4253749847412109,0,0,0,0
1,180,4320,23.292150497436523,0,0.026625311002135277,75.26800537109375,53.589042663574219,0,38.208038330078125,15.421494483947754,0,0.0014513615751639009,-0.40959161520004272,0.98434531688690186,0.99728578329086304,1.1382597684860229,0.81245481967926025,9.4253749847412109,0,0,0,0
1,195,4680,27.409006118774414,0,0.020905934274196625,74.482246398925781,52.2705078125,0,39.553215026855469,15.745302200317383,0,0.00038877234328538179,3.8073453903198242,1.0340341329574585,0.99728578329086304,1.1382597684860229,0.97423553466796875,9.4253749847412109,1,0,0,0
1,210,5040,21.370111465454102,0,0.024205993860960007,74.196083068847656,51.243045806884766,0,40.107109069824219,16.371627807617188,0,0.0014089086325839162,0.99177873134613037,1.0662407875061035,0.99728578329086304,1.1382597684860229,0.81245481967926025,9.4253749847412109,0,0,0,0
1,225,5400,17.988142013549805,0,0.028065511956810951,73.45928955078125,50.117900848388672,0,44.908512115478516,15.52927303314209,0,0.0014114672085270286,0.18138110637664795,1.0733007192611694,0.99728578329086304,1.1382597684860229,0.81245481967926025,9.4253749847412109,0,0,0,0
1,240,5760,14.268331527709961,0,0.031520381569862366,72.764541625976562,49.069057464599609,0,51.292835235595703,14.236662864685059,0,0.00040664742118678987,0.14251017570495605,1.0829073190689087,0.99728578329086304,1.1382597684860229,0.81245481967926025,9.4253749847412109,0,0,0,0
1,255,6120,10.122929573059082,0,0.034426175057888031,72.119590759277344,48.101028442382812,0,56.977996826171875,13.026494979858398,0,0.0012519301380962133,0.075833678245544434,1.0993858575820923,0.99728578329086304,1.1382597684860229,0.81245481967926025,9.4253749847412109,0,0,0,0
1,270,6480,5.0290799140930176,0,0.036588273942470551,71.611373901367188,47.195899963378906,0,60.692234039306641,11.9228515625,0,0.0042656972073018551,-0.0016244649887084961,1.1185290813446045,0.99728578329086304,1.1382597684860229,0.81245481967926025,9.4253749847412109,0,0,0,0
1,285,6840,0.93252605199813843,3.1715621844341513E-06,0.038410753011703491,71.392929077148438,46.342086791992188,0,61.749217987060547,10.91551685333252,0,0.0060740453191101551,-0.072840571403503418,1.13612961769104,0.99728578329086304,1.1382597684860229,0.81245481967926025,9.4253749847412109,0,0,0,0
1,300,7200,-2.7496592998504639,0.027338722720742226,0.053043819963932037,71.441368103027344,45.569854736328125,0.059775657951831818,61.534175872802734,10.24367618560791,0,0.00289150420576334,-0.12079089879989624,1.1479800939559937,0.99728578329086304,1.1382597684860229,2.0723745822906494,9.4253749847412109,0,0,1,0
1,315,7560,-5.8756580352783203,0.0039652837440371513,0.052014254033565521,73.005523681640625,45.544853210449219,8.2344865798950195,58.370018005371094,12.40748119354248,0,0.013418183661997318,-0.13927415013313293,1.1480000019073486,0.99728578329086304,1.1382597684860229,0.81245481967926025,9.4253749847412109,0,0,0,0
1,330,7920,-8.2348756790161133,0.022988101467490196,0.071352310478687286,73.592666625976562,45.037441253662109,10.623711585998535,52.422401428222656,17.032188415527344,0,0.058564163744449615,-0.23948147892951965,1.1146963834762573,1.059471607208252,1.1382597684860229,0.81245481967926025,9.4253749847412109,0,0,0,0
1,345,8280,-9.8558454513549805,0.044646110385656357,0.1200358048081398,73.381546020507812,44.337699890136719,15.519495964050293,46.241634368896484,21.462074279785156,0,0.020670920610427856,-0.4086838960647583,1.0584626197814941,0.99728578329086304,1.1382597684860229,0.81245481967926025,9.4253749847412109,0,0,0,0
1,360,8640,-9.697474479675293,0.052363120019435883,0.1255505234003067,73.1849365234375,43.621131896972656,22.174589157104492,40.753219604492188,24.844825744628906,0,0.016556855291128159,0.26229840517044067,0.85051929950714111,1.0027369260787964,0.97126328945159912,1.0108325481414795,9.8919343948364258,0,0,0,0
1,365,8760,-9.6048097610473633,0.01674225926399231,0.12946616113185883,73.121139526367188,43.388832092285156,24.589885711669922,39.072784423828125,25.760271072387695,0,0.023726643994450569,0.39197155833244324,0.81466186046600342,1.0037463903427124,0.94033801555633545,1.0475691556930542,9.9783344268798828,0,0,0,0
2,15,9120,-9.2500972747802734,0.024635776877403259,0.18080748617649078,72.923072814941406,42.728618621826172,34.688125610351562,34.435298919677734,27.950429916381836,0,0.043021999299526215,0.10535813868045807,0.83083754777908325,1.002350926399231,0.98308908939361572,0.99678444862365723,9.8588953018188477,0,0,0,0
2,30,9480,-7.6329889297485352,0.069790467619895935,0.21204806864261627,72.910911560058594,42.150287628173828,40.851921081542969,30.388572692871094,29.389017105102539,0,0.036347854882478714,0.31274113059043884,0.79771524667739868,1.0037463903427124,0.94033801555633545,1.0475691556930542,9.9783344268798828,0,0,0,0
2,45,9840,-5.4704751968383789,0.032218363136053085,0.047362174838781357,74.279693603515625,41.817176818847656,48.01373291015625,27.231407165527344,29.843496322631836,0,0.024158751592040062,0.21478982269763947,0.80031096935272217,1.0037463903427124,0.94033801555633545,1.0475691556930542,9.9783344268798828,0,0,0,0
2,60,10200,-2.583099365234375,0.021395714953541756,0.067559711635112762,75.971412658691406,42.396499633789062,53.32672119140625,25.577892303466797,28.818670272827148,0,0.028119085356593132,0.063061326742172241,0.80433177947998047,1.0037463903427124,0.94033801555633545,1.0475691556930542,9.9783344268798828,0,0,0,0
2,75,10560,1.0601505041122437,0.020992286503314972,0.24164968729019165,81.506744384765625,49.680419921875,36.081741333007812,25.2996826171875,26.605037689208984,0,0.036857154220342636,-0.11363512277603149,0.80901426076889038,1.0037463903427124,0.94033801555633545,1.0475691556930542,9.9783344268798828,0,0,0,0
2,90,10920,6.4814338684082031,0.00059637543745338917,0.21753180027008057,81.7783203125,64.325218200683594,4.3883533477783203,26.530967712402344,24.313993453979492,0,0.020046580582857132,-0.28649038076400757,0.8135949969291687,1.0037463903427124,0.94033801555633545,1.0475691556930542,9.9783344268798828,0,0,0,0
2,105,11280,10.673366546630859,1.9385290215723217E-05,0.078620947897434235,80.560134887695312,64.5272216796875,0,30.954280853271484,22.223474502563477,0,0.0090742586180567741,-0.42669516801834106,0.81731045246124268,1.0037463903427124,0.94033801555633545,1.0475691556930542,9.9783344268798828,0,0,0,0
2,120,11640,15.01115608215332,0,0.062367226928472519,80.044281005859375,62.907516479492188,0,36.967037200927734,20.318389892578125,0,0.013804048299789429,-0.505440354347229,0.8193972110748291,1.0037463903427124,0.94033801555633545,1.0475691556930542,9.9783344268798828,0,0,0,0
2,135,12000,18.608985900878906,0,0.047656092792749405,79.416915893554688,61.209941864013672,0,42.482551574707031,18.773908615112305,0,0.0090348077937960625,-0.48509538173675537,0.81898677349090576,1.0037463903427124,0.94033801555633545,1.0475691556930542,9.9783344268798828,0,0,0,0
2,150,12360,21.422056198120117,0,0.036897394806146622,78.566925048828125,59.615070343017578,0,45.727748870849609,18.209260940551758,0,0.0020075030624866486,-0.33591187000274658,0.81571471691131592,1.0037463903427124,0.94033801555633545,1.0475691556930542,9.9783344268798828,0,0,0,0
2,165,12720,23.22590446472168,0,0.02437603659927845,77.595939636230469,58.147823333740234,0,47.316806793212891,18.415956497192383,0,0.0015986813232302666,-0.10574823617935181,0.81066656112670898,1.0037463903427124,0.94033801555633545,1.0475691556930542,9.9783344268798828,0,0,0,0
2,180,13080,23.85145378112793,0,0.020050477236509323,76.572586059570312,56.868083953857422,0,48.487773895263672,18.856452941894531,0,0.0025181137025356293,0.151408851146698,0.80502647161483765,1.0037463903427124,0.94033801555633545,1.0475691556930542,9.9783344268798828,0,0,0,0
2,195,13440,23.223594665527344,0,0.020485179498791695,75.508102416992188,55.721431732177734,0,49.741554260253906,19.270631790161133,0,0.0014901633840054274,0.38157248497009277,0.79997831583023071,1.0037463903427124,0.94033801555633545,1.0475691556930542,9.9783344268798828,0,0,0,0
2,210,13800,21.370464324951172,0,0.020782778039574623,74.494834899902344,54.613517761230469,0,51.842262268066406,19.338354110717773,0,0.00024345918791368604,0.53075599670410156,0.79670625925064087,1.0037463903427124,0.94033801555633545,1.0475691556930542,9.9783344268798828,0,0,0,0
2,225,14160,18.438520431518555,0,0.024954603984951973,73.5740966796875,53.512081146240234,0,56.380378723144531,18.505640029907227,0,0.0010815206915140152,0.56025683879852295,0.79734599590301514,1.0037463903427124,0.94033801555633545,1.0475691556930542,9.9783344268798828,0,0,0,0
2,240,14520,14.789885520935059,0,0.030742136761546135,72.73785400390625,52.435417175292969,0,62.882228851318359,16.998458862304688,0,0.0014821260701864958,0.5732458233833313,0.80972570180892944,1.0037463903427124,0.94033801555633545,1.0475691556930542,9.9783344268798828,0,0,0,0
2,255,14880,10.753898620605469,0,0.032975256443023682,72.007049560546875,51.398265838623047,0,68.750877380371094,15.563748359680176,0,0.0015233970480039716,0.59552621841430664,0.83096086978912354,1.0037463903427124,0.94033801555633545,5.5,9.9783344268798828,0,0,1,0
2,270,15240,5.7143197059631348,2.5112049115705304E-05,0.037587743252515793,71.839057922363281,50.469783782958984,0,72.814201354980469,14.255385398864746,0,0.0012115908320993185,0.62140941619873047,0.85562986135482788,1.0037463903427124,0.94033801555633545,1.0475691556930542,9.9783344268798828,0,0,0,0
2,285,15600,1.7485673427581787,3.6049559639650397E-06,0.044031374156475067,71.454803466796875,49.5870361328125,0,74.198463439941406,13.062541007995605,0,0.0072471620514988899,0.64520680904388428,0.87831085920333862,1.0037463903427124,0.94033801555633545,1.0475691556930542,9.9783344268798828,0,0,0,0
2,300,15960,-1.835864782333374,1.2886764579889132E-06,0.043622568249702454,71.276290893554688,48.781524658203125,8.1712159953895025E-06,74.205963134765625,12.060436248779297,0,0.011321315541863441,0.66122972965240479,0.89358210563659668,1.0037463903427124,0.94033801555633545,1.0475691556930542,9.9783344268798828,0,0,0,0
2,315,16320,-4.9148530960083008,1.6634628991596401E-05,0.050087928771972656,71.529556274414062,48.071922302246094,0.42787298560142517,71.774314880371094,13.375518798828125,0,0.0067516095004975796,0.66056817770004272,0.89569729566574097,1.0037463903427124,0.94033801555633545,1.0475691556930542,9.9783344268798828,0,0,0,0
2,330,16680,-7.3065447807312012,0.0041692601516842842,0.052013996988534927,72.05474853515625,47.454669952392578,2.4501850605010986,65.569610595703125,18.172260284423828,0,0.013043811544775963,0.60675084590911865,0.87946063280105591,1.0037463903427124,0.94033801555633545,1.0475691556930542,9.9783344268798828,0,0,0,0
2,345,17040,-15.54145622253418,0.032720115035772324,0.16637496650218964,72.158706665039062,46.877582550048828,7.0440707206726074,58.036701202392578,23.80145263671875,0,0.033047247678041458,-5.9237298965454102,0.85204464197158813,1.0037463903427124,0.94033801555633545,1.0475691556930542,9.9783344268798828,0,1,0,0
2,360,17400,-8.5315237045288086,0.012108837254345417,0.19664683938026428,71.919715881347656,46.209621429443359,14.884494781494141,51.140312194824219,28.324241638183594,0,0.026362473145127296,1.370296835899353,0.73678821325302124,0.96864819526672363,1.1186869144439697,1.0342354774475098,2.7286467552185059,0,0,0,0
2,365,17520,-8.1923589706420898,0.088273368775844574,0.17915238440036774,71.888595581054688,45.987533569335938,16.12379264831543,49.045230865478516,29.546337127685547,0,0.018790602684020996,1.5823047161102295,0.71488851308822632,0.96214854717254639,1.151714563369751,1.0317662954330444,1.3861122131347656,0,0,0,0
3,15,17880,-7.4570255279541016,0.092572838068008423,0.12157242745161057,71.883163452148438,45.293277740478516,22.504213333129883,43.254642486572266,32.515060424804688,0,0.10577260702848434,1.3682811260223389,0.72391539812088013,1.2753673791885376,1.1060571670532227,1.0351797342300415,3.242032527923584,0,0,0,1
3,30,18240,-5.2591590881347656,0.047148358076810837,0.050301376730203629,73.063529968261719,44.671077728271484,26.677385330200195,38.869926452636719,33.878448486328125,0,0.032528083771467209,1.6235736608505249,0.70327764749526978,0.96214854717254639,1.151714563369751,1.0317662954330444,1.3861122131347656,0,0,0,0
3,45,18600,-2.7720389366149902,0.024966379627585411,0.08003031462430954,74.79827880859375,44.518093109130859,28.219699859619141,36.460296630859375,33.232990264892578,0,0.066654101014137268,1.4665400981903076,0.70693379640579224,1.0300551652908325,1.151714563369751,1.0317662954330444,1.3861122131347656,0,0,0,0
3,60,18960,0.46174177527427673,0.010761413723230362,0.18698999285697937,79.007087707519531,48.337516784667969,17.141929626464844,35.908851623535156,30.883054733276367,0,0.014845709316432476,1.2232917547225952,0.71259719133377075,0.96214854717254639,1.151714563369751,1.0317662954330444,1.3861122131347656,0,0,0,0
3,75,19320,4.4783978462219238,0.00018026161706075072,0.21457386016845703,79.408615112304688,56.642620086669922,1.624742865562439,36.443477630615234,28.24066162109375,0,0.011881818063557148,0.94001543521881104,0.71919262409210205,0.96214854717254639,1.151714563369751,1.0317662954330444,1.3861122131347656,0,0,0,0
3,90,19680,9.2796039581298828,7.8529901657020673E-06,0.22707073390483856,78.48809814453125,56.382965087890625,0,39.500453948974609,25.822357177734375,0,0.016752632334828377,0.66289716958999634,0.72564464807510376,0.96214854717254639,1.151714563369751,1.0317662954330444,1.3861122131347656,0,0,0,0
3,105,20040,13.400601387023926,2.0964664315670234E-07,0.24394692480564117,78.090911865234375,54.842288970947266,0,45.010044097900391,23.615739822387695,0,0.0083280317485332489,0.43812358379364014,0.73087793588638306,0.96214854717254639,1.151714563369751,1.0317662954330444,1.3861122131347656,0,0,0,0
3,120,20400,17.314001083374023,0,0.21682737767696381,77.480110168457031,53.417800903320312,0,51.035999298095703,21.63067626953125,0,0.001600620336830616,0.31188082695007324,0.73381721973419189,0.96214854717254639,1.151714563369751,1.0317662954330444,1.3861122131347656,0,0,0,0
3,135,20760,20.560708999633789,0,0.14793360233306885,77.425125122070312,52.856876373291016,0,55.440402984619141,20.442211151123047,0,0.0036621107719838619,0.32754939794540405,0.73615938425064087,0.96214854717254639,1.151714563369751,1.0317662954330444,1.3861122131347656,0,0,0,0
3,150,21120,22.964523315429688,0,0.046060804277658463,76.342582702636719,51.740669250488281,0,57.18634033203125,20.544977188110352,0,0.0023755866568535566,0.47699844837188721,0.74700981378555298,0.96214854717254639,1.151714563369751,1.0317662954330444,1.3861122131347656,0,0,0,0
3,165,21480,24.32392692565918,0,0.014183887280523777,75.155975341796875,50.788223266601562,0,57.848297119140625,21.212600708007812,0,0.0007604283164255321,0.70757186412811279,0.76375007629394531,0.96214854717254639,1.151714563369751,1.0317662954330444,1.3861122131347656,0,0,0,0
3,180,21840,24.489719390869141,0,0.012706042267382145,73.91778564453125,49.973930358886719,0,58.337486267089844,21.979873657226562,0,0.00023756036534905434,0.9651867151260376,0.78245371580123901,0.96214854717254639,1.151714563369751,1.0317662954330444,1.3861122131347656,0,0,0,0
3,195,22200,23.412698745727539,0,0.013162971474230289,72.698127746582031,49.252540588378906,0,59.0416259765625,22.600931167602539,0,0.0010747713968157768,1.1957600116729736,0.79919403791427612,0.96214854717254639,1.151714563369751,1.0317662954330444,1.3861122131347656,0,0,0,0
3,210,22560,21.149801254272461,0,0.013451387174427509,71.544235229492188,48.577415466308594,0,60.811573028564453,22.705904006958008,0,0.00062813807744532824,1.3452091217041016,0.81004446744918823,0.96214854717254639,1.151714563369751,1.0317662954330444,1.3861122131347656,0,0,0,0
3,225,22920,17.870845794677734,0,0.015172723680734634,70.485939025878906,47.911056518554688,0,65.413101196289062,21.642871856689453,0,0.00014764459047000855,1.371633768081665,0.81160908937454224,0.96214854717254639,1.151714563369751,1.0317662954330444,1.3861122131347656,0,0,0,0
3,240,23280,13.937887191772461,0,0.017980828881263733,69.544578552246094,47.226192474365234,0,71.883224487304688,19.871946334838867,0,0.00068726373137906194,1.3538520336151123,0.80683505535125732,0.96214854717254639,1.151714563369751,1.0317662954330444,1.3861122131347656,0,0,0,0
3,255,23640,9.698150634765625,0,0.021997591480612755,68.733711242675781,46.536094665527344,0,77.582672119140625,18.216152191162109,0,0.0024961375165730715,1.3233509063720703,0.79864603281021118,0.96214854717254639,1.151714563369751,1.0317662954330444,1.3861122131347656,0,0,0,0
3,270,24000,4.6264433860778809,0,0.026800770312547684,68.119247436523438,45.809665679931641,0,81.160957336425781,16.708938598632812,0,0.0027591381222009659,1.2879173755645752,0.78913277387619019,0.96214854717254639,1.151714563369751,1.0317662954330444,1.3861122131347656,0,0,0,0
3,285,24360,0.6096617579460144,1.182457162940409E-05,0.030441373586654663,67.731422424316406,45.107894897460938,5.7122718999380595E-08,82.077102661132812,15.334964752197266,0,0.0013310397043824196,1.255339503288269,0.78038620948791504,0.96214854717254639,1.151714563369751,1.0317662954330444,1.3861122131347656,0,0,0,0
3,300,24720,-2.8266098499298096,2.7058080220854208E-09,0.031765889376401901,67.565345764160156,44.5062255859375,0.00011419023212511092,81.690689086914062,14.440356254577637,0,0.0089507298544049263,1.2334045171737671,0.77449709177017212,0.96214854717254639,1.151714563369751,1.0317662954330444,1.3861122131347656,0,0,0,0
3,315,25080,-5.5869174003601074,4.697321401181398E-06,0.03450138121843338,67.814064025878906,43.917991638183594,0.22002425789833069,77.827239990234375,16.922365188598633,0,0.017669420689344406,1.2340056896209717,0.77229005098342896,0.96214854717254639,1.151714563369751,1.0317662954330444,1.3861122131347656,0,0,0,0
3,330,25440,-7.4451799392700195,0.0011016854550689459,0.038917515426874161,68.484916687011719,43.347667694091797,1.1435672044754028,70.486076354980469,22.495227813720703,0,0.012334019877016544,1.3037927150726318,0.76078879833221436,0.96214854717254639,1.151714563369751,1.0317662954330444,1.3861122131347656,0,0,0,0
3,345,25800,-8.3499011993408203,0.0065784403122961521,0.088648363947868347,68.825515747070312,42.833602905273438,3.2800366878509521,62.469764709472656,28.213951110839844,0,0.010704329237341881,1.4216295480728149,0.74136865139007568,0.96214854717254639,1.151714563369751,1.0317662954330444,1.3861122131347656,0,0,0,0
3,360,26160,-4.6382155418395996,0.00068974139867350459,0.041612539440393448,69.29168701171875,42.3203125,5.6041116714477539,55.780792236328125,32.150764465332031,0,0.035372406244277954,5.1517949104309082,0.77631902694702148,1.0324180126190186,1.0308989286422729,1.0888429880142212,3.6381261348724365,0,0,0,0
3,365,26280,-3.9821681976318359,0.00085734750609844923,0.047202445566654205,69.583992004394531,42.182445526123047,6.1501884460449219,54.446144104003906,32.511344909667969,0,0.042426224797964096,5.8621835708618164,0.77022945880889893,1.0454308986663818,1.0085256099700928,1.0994127988815308,4.0551657676696777,0,0,0,0
4,15,26640,-3.6856541633605957,0.0032007808331400156,0.065503627061843872,70.534034729003906,41.769706726074219,9.3485612869262695,49.266998291015625,34.641330718994141,0,0.03362688422203064,5.0177617073059082,0.73089784383773804,1.0274418592453003,1.039454460144043,1.084801197052002,3.4786500930786133,0,0,0,0
4,30,27000,-1.1204570531845093,0.056761451065540314,0.2096143513917923,72.313980102539062,42.312458038330078,6.5404200553894043,47.736831665039062,33.097755432128906,0,0.023368597030639648,5.920595645904541,0.73818212747573853,1.0454308986663818,1.0085256099700928,1.0994127988815308,4.0551657676696777,0,0,0,0
4,45,27360,1.5698399543762207,0.00011623591126408428,0.2129075825214386,73.23529052734375,45.045234680175781,0.79405426979064941,47.583908081054688,30.410869598388672,0,0.029578680172562599,5.7776646614074707,0.74831026792526245,1.0454308986663818,1.0085256099700928,1.0994127988815308,4.0551657676696777,0,0,0,0
4,60,27720,4.7906394004821777,4.1302487261418719E-06,0.26076999306678772,72.983116149902344,45.444473266601562,0,48.045177459716797,27.820693969726562,0,0.037286888808012009,5.5562615394592285,0.76399898529052734,1.0454308986663818,1.0085256099700928,1.0994127988815308,4.0551657676696777,0,0,0,0
4,75,28080,8.4320163726806641,3.8012285585864447E-06,0.28159084916114807,72.961273193359375,44.706855773925781,0,50.180992126464844,25.455738067626953,0,0.019806526601314545,5.2984247207641602,0.78226941823959351,1.0454308986663818,1.0085256099700928,1.0994127988815308,4.0551657676696777,0,0,0,0
4,90,28440,13.219622611999512,0,0.26601964235305786,72.73175048828125,43.875240325927734,0,54.621799468994141,23.298307418823242,0,0.013610838912427425,5.0461931228637695,0.80014264583587646,1.0454308986663818,1.0085256099700928,1.0994127988815308,4.0551657676696777,0,0,0,0
4,105,28800,17.383962631225586,0,0.19980284571647644,72.15338134765625,43.138442993164062,0,60.106151580810547,21.338624954223633,0,0.016438594087958336,4.8416051864624023,0.8146398663520813,1.0454308986663818,1.0085256099700928,1.0994127988815308,4.0551657676696777,0,0,0,0
4,120,29160,21.207492828369141,0,0.11455168575048447,71.349189758300781,42.511734008789062,0,64.59326171875,20.087360382080078,0,0.010862195864319801,4.7266998291015625,0.82278203964233398,1.0454308986663818,1.0085256099700928,1.0994127988815308,4.0551657676696777,0,0,0,0
4,135,29520,24.536481857299805,0,0.0091652199625968933,70.326446533203125,41.975852966308594,0,65.691825866699219,20.540420532226562,0,0.0025050644762814045,4.7698421478271484,0.8261110782623291,1.0454308986663818,1.0085256099700928,1.0994127988815308,4.0551657676696777,0,0,0,0
4,150,29880,27.210161209106445,0,0.0056943926028907299,69.153587341308594,41.515533447265625,0,65.170951843261719,21.87293815612793,0,0.002674394752830267,5.0587577819824219,0.83944427967071533,1.0454308986663818,1.0085256099700928,1.0994127988815308,4.0551657676696777,0,0,0,0
4,165,30240,28.921524047851562,0,0.0064198323525488377,67.928611755371094,41.1219482421875,0,63.821033477783203,23.638811111450195,0,0.0036134817637503147,5.5045037269592285,0.86001527309417725,1.0454308986663818,1.0085256099700928,1.0994127988815308,4.0551657676696777,0,0,0,0
4,180,30600,29.465175628662109,0,0.0034002305474132299,66.738143920898438,40.760635375976562,0,62.000053405761719,25.510320663452148,0,0.0015221255598589778,6.0025262832641602,0.88299870491027832,1.0454308986663818,1.0085256099700928,1.0994127988815308,4.0551657676696777,0,0,0,0
4,195,30960,28.739612579345703,0,0.0034356634132564068,65.630882263183594,40.416786193847656,0,60.454544067382812,27.03118896484375,0,0.00024413932987954468,6.4482722282409668,0.90356957912445068,1.0454308986663818,1.0085256099700928,1.0994127988815308,4.0551657676696777,0,0,0,0
4,210,31320,26.741800308227539,0,0.0039515076205134392,64.644233703613281,40.059009552001953,0,59.817741394042969,27.879367828369141,0,0.0013779661385342479,6.7371878623962402,0.91690289974212646,1.0454308986663818,1.0085256099700928,1.0994127988815308,4.0551657676696777,0,0,0,0
4,225,31680,26.014184951782227,0,0.00483660027384758,63.769424438476562,39.700839996337891,0,60.236492156982422,28.036113739013672,0,0.0017952867783606052,8.7179288864135742,0.91956841945648193,1.0454308986663818,1.0085256099700928,1.0994127988815308,4.0551657676696777,1,0,0,0
4,240,32040,20.242948532104492,0,0.0056846430525183678,63.021598815917969,39.345611572265625,0,61.680850982666016,27.649618148803711,0,0.0011586173204705119,7.6454520225524902,0.921012282371521,1.0454308986663818,1.0085256099700928,1.0994127988815308,4.0551657676696777,1,0,0,0
4,255,32400,15.134443283081055,0,0.0079318759962916374,62.393768310546875,38.989620208740234,0,67.729782104492188,25.392282485961914,0,0.0013757800916209817,6.3252358436584473,0.92348909378051758,1.0454308986663818,1.0085256099700928,1.0994127988815308,4.0551657676696777,0,0,0,0
4,270,32760,9.7759780883789062,0,0.010685844346880913,61.884857177734375,38.627471923828125,0,72.726913452148438,23.299951553344727,0,0.0071641267277300358,5.9952125549316406,0.92636644840240479,1.0454308986663818,1.0085256099700928,1.0994127988815308,4.0551657676696777,0,0,0,0
4,285,33120,5.5055069923400879,0,0.013582660816609859,61.507457733154297,38.27099609375,0,75.774032592773438,21.395881652832031,0,0.0091753667220473289,5.6917848587036133,0.92901188135147095,1.0454308986663818,1.0085256099700928,1.0994127988815308,4.0551657676696777,0,0,0,0
4,300,33480,1.8061990737915039,0.0027043314184993505,0.020675590261816978,61.361377716064453,37.920169830322266,0,76.59869384765625,19.659862518310547,0,0.0054590832442045212,5.4874849319458008,0.93079310655593872,1.0454308986663818,1.0085256099700928,1.0994127988815308,4.0551657676696777,0,0,0,0
4,315,33840,-1.0320721864700317,0,0.017782526090741158,61.365097045898438,37.650390625,0,76.530746459960938,18.112766265869141,0,0.011807604692876339,5.4486641883850098,0.92870110273361206,1.0454308986663818,1.0085256099700928,1.0994127988815308,4.0551657676696777,0,0,0,0
4,330,34200,-2.9966835975646973,0,0.020276952534914017,61.86541748046875,37.502655029296875,0.017637079581618309,75.218795776367188,17.821861267089844,0,0.030374843627214432,5.5315189361572266,0.89694893360137939,1.0454308986663818,1.0085256099700928,1.0994127988815308,4.0551657676696777,0,0,0,0
4,345,34560,-4.0562348365783691,3.7406134651973844E-05,0.025671347975730896,62.551258087158203,37.338825225830078,0.55646556615829468,71.875457763671875,19.492916107177734,0,0.029238663613796234,5.6714215278625488,0.8433346152305603,1.0454308986663818,1.0085256099700928,1.0994127988815308,4.0551657676696777,0,0,0,0
4,360,34920,-7.3614010810852051,0.0075167701579630375,0.023785069584846497,63.476322174072266,37.079460144042969,3.0640363693237305,66.201126098632812,23.262170791625977,0,0.020198283717036247,2.6000261306762695,0.7814706563949585,1.0121396780014038,1.1703948974609375,0.85616493225097656,-3.6492300033569336,0,0,0,0
4,365,35040,-7.4008846282958984,0.0082237487658858299,0.027192642912268639,63.774620056152344,36.989566802978516,3.5664272308349609,63.682746887207031,25.053091049194336,0,0.018818061798810959,2.0922861099243164,0.7712472677230835,1.0059746503829956,1.2003706693649292,0.81111901998519897,-5.0759701728820801,0,0,0,0
5,15,35400,-5.3684024810791016,0.0070533021353185177,0.025503182783722878,64.930625915527344,36.802337646484375,5.2785792350769043,58.947757720947266,27.406715393066406,0,0.035626232624053955,3.0590105056762695,0.75006407499313354,1.0144971609115601,1.158932089805603,0.87339049577713013,-3.103644847869873,0,0,0,0
5,30,35760,-3.6687774658203125,0.068615615367889404,0.045681539922952652,66.204620361328125,36.661277770996094,8.9458093643188477,54.687084197998047,29.096006393432617,0,0.037872795015573502,2.2415924072265625,0.7560456395149231,1.0059746503829956,1.2003706693649292,0.81111901998519897,-5.0759706497192383,0,0,0,0
5,45,36120,-0.87275040149688721,0.011340204626321793,0.086428828537464142,68.52081298828125,37.853954315185547,7.6965770721435547,53.066307067871094,28.111820220947266,0,0.018321165814995766,2.0765013694763184,0.77544581890106201,1.0059746503829956,1.2003706693649292,0.81111901998519897,-5.0759706497192383,0,0,0,0
5,60,36480,2.6325225830078125,0.0010003582574427128,0.11928403377532959,69.58929443359375,42.229843139648438,0.83381164073944092,53.049827575683594,25.809457778930664,0,0.017203515395522118,1.8207715749740601,0.80549705028533936,1.0059746503829956,1.2003706693649292,0.81111901998519897,-5.0759706497192383,0,0,0,0
5,75,36840,6.3732681274414062,1.2538960618257988E-05,0.1642286479473114,69.113082885742188,43.012260437011719,0,54.330768585205078,23.642080307006836,0,0.022584397345781326,1.5229599475860596,0.84049338102340698,1.0059746503829956,1.2003706693649292,0.81111901998519897,-5.0759706497192383,0,0,0,0
5,90,37200,11.175342559814453,7.014706170593854E-06,0.1589159220457077,68.89813232421875,42.444126129150391,0,58.271408081054688,21.666746139526367,0,0.012290633283555508,1.2316223382949829,0.87472891807556152,1.0059746503829956,1.2003706693649292,0.81111901998519897,-5.0759706497192383,0,0,0,0
5,105,37560,15.029936790466309,1.0091557669511531E-05,0.12132265418767929,68.492813110351562,41.5701904296875,0,63.9564208984375,19.870279312133789,0,0.0030875212978571653,0.99531519412994385,0.90249782800674438,1.0059746503829956,1.2003706693649292,0.81111901998519897,-5.0759706497192383,0,0,0,0
5,120,37920,18.702760696411133,0,0.041055914014577866,67.763198852539062,40.745613098144531,0,69.614227294921875,18.410253524780273,0,0.0062540201470255852,0.86259472370147705,0.91809403896331787,1.0059746503829956,1.2003706693649292,0.81111901998519897,-5.0759706497192383,0,0,0,0
5,135,38280,21.618289947509766,0,0.01074407622218132,66.794540405273438,40.039699554443359,0,72.504280090332031,18.347719192504883,0,0.0047610560432076454,0.84107190370559692,0.91682100296020508,1.0059746503829956,1.2003706693649292,0.81111901998519897,-5.0759706497192383,0,0,0,0
5,150,38640,23.5152587890625,0,0.0071894312277436256,65.666099548339844,39.427085876464844,0,72.887405395507812,19.562627792358398,0,0.0012006659526377916,0.79705190658569336,0.90186607837677002,1.0059746503829956,1.2003706693649292,0.81111901998519897,-5.0759706497192383,0,0,0,0
5,165,39000,24.215236663818359,0,0.0064762849360704422,64.449462890625,38.880924224853516,0,72.57098388671875,21.104488372802734,0,0.00041428228723816574,0.7291368842124939,0.87879323959350586,1.0059746503829956,1.2003706693649292,0.81111901998519897,-5.0759706497192383,0,0,0,0
5,180,39360,23.71959114074707,0,0.0043894494883716106,63.206619262695312,38.421981811523438,0,72.253082275390625,22.552078247070312,0,0.001785159227438271,0.65325683355331421,0.85301446914672852,1.0059746503829956,1.2003706693649292,0.81111901998519897,-5.0759706497192383,0,0,0,0
5,195,39720,22.024013519287109,0,0.0032652230001986027,62.020893096923828,38.001220703125,0,72.418991088867188,23.611492156982422,0,0.0011986654717475176,0.58534181118011475,0.82994163036346436,1.0059746503829956,1.2003706693649292,0.81111901998519897,-5.0759706497192383,0,0,0,0
5,210,40080,19.295673370361328,0,0.0036378807853907347,60.908710479736328,37.631813049316406,0,74.349685668945312,23.697555541992188,0,0.00021629393449984491,0.54132187366485596,0.8149867057800293,1.0059746503829956,1.2003706693649292,0.81111901998519897,-5.0759706497192383,0,0,0,0
5,225,40440,15.781512260437012,0,0.0043569407425820827,59.878585815429688,37.294948577880859,0,79.298309326171875,22.329566955566406,0,0.00096096174092963338,0.54160261154174805,0.81278860569000244,1.0059746503829956,1.2003706693649292,0.81111901998519897,-5.0759706497192383,0,0,0,0
5,240,40800,11.81173038482666,0,0.0056162746623158455,58.927665710449219,37.012424468994141,0,85.036788940429688,20.579826354980469,0,0.0025273046921938658,0.62620663642883301,0.81895941495895386,1.0059746503829956,1.2003706693649292,0.81111901998519897,-5.0759706497192383,0,0,0,0
5,255,41160,7.6895570755004883,0,0.0080518368631601334,58.100021362304688,36.752029418945312,0,89.735031127929688,18.992109298706055,0,0.0023318205494433641,0.77133041620254517,0.82954442501068115,1.0059746503829956,1.2003706693649292,0.81111901998519897,-5.0759706497192383,0,0,0,0
5,270,41520,2.8110697269439697,0,0.011361688375473022,57.440334320068359,36.487144470214844,0,92.021461486816406,17.555875778198242,0,0.0010502046206966043,0.93992090225219727,0.84184104204177856,1.0059746503829956,1.2003706693649292,0.81111901998519897,-5.0759706497192383,0,0,0,0
5,285,41880,-0.86458659172058105,0.0097661521285772324,0.019441524520516396,57.090866088867188,36.222198486328125,0.0030162064358592033,92.222625732421875,16.255527496337891,0,0.0079715978354215622,1.0949254035949707,0.85314661264419556,1.0059746503829956,1.2003706693649292,0.81111901998519897,-5.0759706497192383,0,0,0,0
5,300,42240,-4.1068940162658691,0.00110212666913867,0.016651896759867668,57.140544891357422,35.964427947998047,0.14530763030052185,90.729949951171875,16.314250946044922,0,0.01623920351266861,1.1992909908294678,0.86075884103775024,1.0059746503829956,1.2003706693649292,0.81111901998519897,-5.0759706497192383,0,0,0,0
5,315,42600,-6.5349645614624023,0.00022459297906607389,0.017016638070344925,57.706939697265625,35.735870361328125,0.61743062734603882,84.61480712890625,20.786342620849609,0,0.012299902737140656,1.235877513885498,0.86103790998458862,1.0059746503829956,1.2003706693649292,0.81111901998519897,-5.0759706497192383,0,0,0,0
5,330,42960,-7.9497466087341309,0.0046187085099518299,0.031933929771184921,58.642105102539062,35.510555267333984,1.7402245998382568,75.695419311523438,27.526149749755859,0,0.013251166790723801,1.4074718952178955,0.84304708242416382,1.0059746503829956,1.2003706693649292,0.81111901998519897,-5.0759706497192383,0,0,0,0
5,345,43320,-8.3595428466796875,0.013105086982250214,0.070376858115196228,58.929782867431641,35.279598236083984,4.5036163330078125,66.852226257324219,33.595314025878906,0,0.10903127491474152,1.6972129344940186,0.81266897916793823,1.1684625148773193,1.2003706693649292,0.81111901998519897,-5.0759706497192383,0,0,0,1
5,360,43680,-8.7319183349609375,0.016492335125803947,0.080493390560150146,58.979793548583984,35.052688598632812,9.1459674835205078,58.927848815917969,38.256397247314453,0,0.025360967963933945,1.3328900337219238,0.83815652132034302,0.94491612911224365,1.2242963314056396,0.94789892435073853,-1.2351863384246826,0,0,0,0
5,365,43800,-8.7453937530517578,0.019907392561435699,0.095785282552242279,58.964576721191406,34.976913452148438,12.122082710266113,56.482997894287109,39.523048400878906,0,0.021400460973381996,1.1259732246398926,0.86600136756896973,0.9336090087890625,1.2287269830703735,0.97322851419448853,-0.52393007278442383,0,0,0,0
6,15,44160,-7.4599590301513672,0.020380264148116112,0.033479213714599609,59.621147155761719,34.758041381835938,17.754573822021484,50.073265075683594,42.216941833496094,0,0.015698440372943878,1.2460305690765381,0.86776494979858398,0.94923996925354004,1.2226020097732544,0.93821287155151367,-1.5071709156036377,0,0,0,0
6,30,44520,-5.825162410736084,0.023242136463522911,0.019442882388830185,60.952243804931641,34.544231414794922,36.961040496826172,44.717292785644531,43.621608734130859,0,0.021694811061024666,0.93910545110702515,0.90220141410827637,0.9336090087890625,1.2287269830703735,0.97322851419448853,-0.52393007278442383,0,0,0,0
6,45,44880,-3.1678707599639893,0.020975463092327118,0.029356451705098152,63.150592803955078,34.436809539794922,43.851169586181641,41.484748840332031,42.897201538085938,0,0.029893124476075172,0.87470889091491699,0.90349102020263672,0.9336090087890625,1.2287269830703735,0.97322851419448853,-0.52393007278442383,0,0,0,0
6,60,45240,0.23590300977230072,0.1064116358757019,0.31193920969963074,70.209716796875,38.435680389404297,35.840396881103516,40.638637542724609,39.964897155761719,0,0.012077723629772663,0.77495729923248291,0.90548849105834961,0.9336090087890625,1.2287269830703735,0.97322851419448853,-0.52393007278442383,0,0,0,0
6,75,45600,4.4122982025146484,0.004079209640622139,0.6190028190612793,73.0963134765625,54.487358093261719,5.9813103675842285,40.955547332763672,36.561561584472656,0,0.0080504100769758224,0.6587909460067749,0.907814621925354,0.9336090087890625,1.2287269830703735,0.97322851419448853,-0.52393007278442383,0,0,0,0
6,90,45960,9.4526252746582031,4.0604103560326621E-05,0.54495799541473389,71.793075561523438,56.246856689453125,0,43.610984802246094,33.454765319824219,0,0.013426229357719421,0.54514992237091064,0.91009026765823364,0.9336090087890625,1.2287269830703735,0.97322851419448853,-0.52393007278442383,0,0,0,0
6,105,46320,13.688547134399414,5.3251369536155835E-06,0.47044286131858826,71.395378112792969,55.269554138183594,0,48.509590148925781,30.626157760620117,0,0.0071031767874956131,0.45297449827194214,0.91193604469299316,0.9336090087890625,1.2287269830703735,0.97322851419448853,-0.52393007278442383,0,0,0,0
6,120,46680,17.493396759033203,0,0.27153211832046509,70.83782958984375,54.029914855957031,0,53.897418975830078,28.090347290039062,0,0.0012314086779952049,0.40120470523834229,0.91297274827957153,0.9336090087890625,1.2287269830703735,0.97322851419448853,-0.52393007278442383,0,0,0,0
6,135,47040,20.686702728271484,0,0.10782807320356369,69.995468139648438,52.839756011962891,0,57.540176391601562,26.51673698425293,0,0.0020446323323994875,0.38034307956695557,0.90783500671386719,0.9336090087890625,1.2287269830703735,0.97322851419448853,-0.52393007278442383,0,0,0,0
6,150,47400,22.755214691162109,0.0042537297122180462,0.030365739017724991,68.973556518554688,51.754985809326172,0,58.782657623291016,26.210739135742188,0,0.0027057691477239132,0.29717910289764404,0.88009107112884521,0.9336090087890625,1.2287269830703735,0.97322851419448853,-0.52393007278442383,0,0,0,0
6,165,47760,23.655889511108398,0,0.017737563699483871,67.823081970214844,50.776561737060547,0,59.095584869384766,26.444307327270508,0,0.00079135614214465022,0.16887181997299194,0.83728712797164917,0.9336090087890625,1.2287269830703735,0.97322851419448853,-0.52393007278442383,0,0,0,0
6,180,48120,23.344348907470703,0,0.014765492640435696,67.877983093261719,50.214313507080078,0,59.405696868896484,26.7027587890625,0,0.00015612936113029718,0.025516748428344727,0.7894631028175354,0.9336090087890625,1.2287269830703735,0.97322851419448853,-0.52393007278442383,0,0,0,0
6,195,48480,21.821603775024414,0,0.01525716669857502,66.708908081054688,49.350166320800781,0,60.101268768310547,26.780200958251953,0,0.00055780657567083836,-0.10279059410095215,0.74665915966033936,0.9336090087890625,1.2287269830703735,0.97322851419448853,-0.52393007278442383,0,0,0,0
6,210,48840,19.257204055786133,0,0.015693642199039459,65.611244201660156,48.51568603515625,0,62.393516540527344,26.125995635986328,0,0.0029889200814068317,-0.18595457077026367,0.71891522407531738,1.0808541774749756,1.2287269830703735,0.97322851419448853,-0.52393007278442383,0,0,0,1
6,225,49200,15.917189598083496,0,0.017260871827602386,64.626991271972656,47.688365936279297,0,67.268768310546875,24.386449813842773,0,0.00017896392091643065,-0.17497420310974121,0.71346813440322876,0.9336090087890625,1.2287269830703735,0.97322851419448853,-0.52393007278442383,0,0,0,0
6,240,49560,12.237981796264648,0,0.021865488961338997,63.740272521972656,46.900772094726562,0,72.809951782226562,22.40631103515625,0,0.0003830170608125627,0.087709903717041016,0.71143859624862671,0.9336090087890625,1.2287269830703735,0.97322851419448853,-0.52393007278442383,0,0,0,0
6,255,49920,8.4605636596679688,0,0.024977128952741623,62.9881591796875,46.124420166015625,0,77.469825744628906,20.603132247924805,0,0.0024561258032917976,0.53829962015151978,0.70795732736587524,0.9336090087890625,1.2287269830703735,0.97322851419448853,-0.52393007278442383,0,0,0,0
6,270,50280,3.9357273578643799,0,0.027952048927545547,62.365184783935547,45.387866973876953,0,80.112190246582031,18.964498519897461,0,0.0025866276118904352,1.0617505311965942,0.70391309261322021,0.9336090087890625,1.2287269830703735,0.97322851419448853,-0.52393007278442383,0,0,0,0
6,285,50640,0.51962399482727051,0,0.03083081915974617,61.91253662109375,44.661724090576172,0,80.685760498046875,17.471267700195312,0,0.0013910855632275343,1.5430185794830322,0.7001948356628418,0.9336090087890625,1.2287269830703735,0.97322851419448853,-0.52393007278442383,0,0,0,0
6,300,51000,-2.5661742687225342,3.5599880447989563E-06,0.032551668584346771,61.709358215332031,43.920322418212891,4.9253176257479936E-06,80.308952331542969,16.377719879150391,0,0.0042947791516780853,1.8670597076416016,0.69769126176834106,0.9336090087890625,1.2287269830703735,0.97322851419448853,-0.52393007278442383,0,0,0,0
6,315,51360,-5.1909871101379395,2.7907095301316076E-08,0.032677512615919113,61.798480987548828,43.192714691162109,0.030491583049297333,77.087882995605469,18.075334548950195,0,0.013333760201931,1.9263656139373779,0.69974517822265625,0.9336090087890625,1.2287269830703735,0.97322851419448853,-0.52393007278442383,0,0,0,0
6,330,51720,-7.2192878723144531,0.04617844894528389,0.033051248639822006,62.257621765136719,42.530242919921875,0.84636384248733521,70.352790832519531,22.973112106323242,0,0.013624175451695919,1.7659950256347656,0.73305708169937134,0.9336090087890625,1.2287269830703735,0.97322851419448853,-0.52393007278442383,0,0,0,0
6,345,52080,-8.4495525360107422,0.01007571630179882,0.076376475393772125,62.793243408203125,41.955375671386719,3.3639025688171387,62.462814331054688,28.530460357666016,0,0.009113699197769165,1.4952054023742676,0.78930503129959106,0.9336090087890625,1.2287269830703735,0.97322851419448853,-0.52393007278442383,0,0,0,0
6,360,52440,-7.6585597991943359,0.011474782600998878,0.075506642460823059,62.891166687011719,41.431297302246094,8.0596370697021484,55.141853332519531,33.051582336425781,0,0.019725197926163673,2.2080368995666504,0.86495625972747803,0.92635393142700195,1.0941522121429443,0.91763031482696533,-2.5708990097045898,0,0,0,0
6,365,52560,-7.2510318756103516,0.05025927722454071,0.051550239324569702,63.004035949707031,41.260322570800781,10.410664558410645,52.975021362304688,34.200729370117188,0,0.024546816945075989,2.4300017356872559,0.88025212287902832,0.92501038312911987,1.0692309141159058,0.90733432769775391,-2.9499673843383789,0,0,0,0
7,15,52920,-6.2337899208068848,0.069974198937416077,0.038128938525915146,63.514354705810547,40.754997253417969,17.036846160888672,46.938392639160156,36.995090484619141,0,0.029632888734340668,2.1698000431060791,0.90309083461761475,0.92686766386032104,1.1036820411682129,0.92156749963760376,-2.4259433746337891,0,0,0,0
7,30,53280,-3.8268344402313232,0.019149674102663994,0.044086690992116928,64.967117309570312,40.305324554443359,23.465253829956055,43.160205841064453,37.3779296875,0,0.014288801699876785,2.5005481243133545,0.90805745124816895,0.92501038312911987,1.0692309141159058,0.90733432769775391,-2.9499673843383789,0,0,0,0
7,45,53640,-0.95773273706436157,0.013937085866928101,0.11175814270973206,68.544204711914062,41.375411987304688,22.984867095947266,41.720378875732422,35.494514465332031,0,0.017032770439982414,2.4699301719665527,0.91755527257919312,0.92501038312911987,1.0692309141159058,0.90733432769775391,-2.9499673843383789,0,0,0,0
7,60,54000,2.8305854797363281,0.0059198667295277119,0.40397965908050537,71.646171569824219,48.9654541015625,5.1392068862915039,41.667644500732422,32.545063018798828,0,0.093953073024749756,2.4225025177001953,0.93226772546768188,1.1036477088928223,1.0692309141159058,0.90733432769775391,-2.9499673843383789,0,0,0,1
7,75,54360,6.8395519256591797,2.3848144337534904E-05,0.43112099170684814,70.660789489746094,52.170204162597656,0,42.809974670410156,29.782627105712891,0,0.011164993979036808,2.3672702312469482,0.94940125942230225,0.92501038312911987,1.0692309141159058,0.90733432769775391,-2.9499673843383789,0,0,0,0
7,90,54720,11.843806266784668,8.0918989624478854E-06,0.43233653903007507,70.473464965820312,51.560554504394531,0,46.21722412109375,27.265937805175781,0,0.002987958025187254,2.3132386207580566,0.96616226434707642,1.0559935569763184,1.0692309141159058,0.90733432769775391,-2.9499673843383789,0,0,0,1
7,105,55080,15.964794158935547,0,0.3008994460105896,70.097526550292969,50.431842803955078,0,50.994819641113281,24.976160049438477,0,0.007678711786866188,2.2694129943847656,0.97975718975067139,0.92501038312911987,1.0692309141159058,0.90733432769775391,-2.9499673843383789,0,0,0,0
7,120,55440,19.730886459350586,0,0.15696501731872559,69.496284484863281,49.300403594970703,0,55.56463623046875,23.118339538574219,0,0.0056220507249236107,2.2447986602783203,0.98739278316497803,0.92501038312911987,1.0692309141159058,0.90733432769775391,-2.9499673843383789,0,0,0,0
7,135,55800,22.678516387939453,0.00074346689507365227,0.071060620248317719,68.649444580078125,48.283657073974609,0,57.546607971191406,22.605464935302734,0,0.0012846952304244041,2.1896891593933105,0.9821087121963501,0.92501038312911987,1.0692309141159058,0.90733432769775391,-2.9499673843383789,0,0,0,0
7,150,56160,24.506948471069336,0,0.015982557088136673,67.634849548339844,47.351299285888672,0,57.74700927734375,23.055349349975586,0,0.0005161697044968605,1.9109207391738892,0.95011359453201294,0.92501038312911987,1.0692309141159058,0.90733432769775391,-2.9499673843383789,0,0,0,0
7,165,56520,24.976472854614258,0,0.012125477194786072,66.56939697265625,46.492805480957031,0,57.612091064453125,23.73487663269043,0,0.0014752940041944385,1.4808303117752075,0.90075087547302246,0.92501038312911987,1.0692309141159058,0.90733432769775391,-2.9499673843383789,0,0,0,0
7,180,56880,24.176881790161133,0,0.0098677193745970726,65.460426330566406,45.74798583984375,0,57.591106414794922,24.35040283203125,0,0.00037689274176955223,1.0002992153167725,0.84559893608093262,0.92501038312911987,1.0692309141159058,0.90733432769775391,-2.9499673843383789,0,0,0,0
7,195,57240,22.233879089355469,0,0.009604928083717823,64.376640319824219,45.070899963378906,0,58.066715240478516,24.673515319824219,0,9.725580457597971E-05,0.57020878791809082,0.79623615741729736,0.92501038312911987,1.0692309141159058,0.90733432769775391,-2.9499673843383789,0,0,0,0
7,210,57600,26.833644866943359,0,0.0075985756702721119,63.40435791015625,44.392551422119141,0,58.136653900146484,25.150733947753906,0,0.00032111158361658454,8.1056766510009766,0.76424109935760498,0.92501038312911987,1.0692309141159058,0.90733432769775391,-2.9499673843383789,1,0,0,0
7,225,57960,15.91026496887207,0,0.012928781099617481,62.558937072753906,43.708843231201172,0,61.827533721923828,23.973766326904297,0,0.00085665640654042363,0.26157832145690918,0.75820964574813843,0.92501038312911987,1.0692309141159058,0.90733432769775391,-2.9499673843383789,0,0,0,0
7,240,58320,12.135574340820312,0,0.015330825001001358,61.798614501953125,43.035907745361328,0,67.482032775878906,22.019863128662109,0,0.00063550425693392754,0.48595571517944336,0.75833296775817871,0.92501038312911987,1.0692309141159058,0.90733432769775391,-2.9499673843383789,0,0,0,0
7,255,58680,8.2617588043212891,0,0.019995875656604767,61.129611968994141,42.390056610107422,0,72.221809387207031,20.239570617675781,0,0.00020792194118257612,0.87083685398101807,0.75854432582855225,0.92501038312911987,1.0692309141159058,0.90733432769775391,-2.9499673843383789,0,0,0,0
7,270,59040,3.667996883392334,0,0.025067292153835297,60.561824798583984,41.792301177978516,0,74.833396911621094,18.621150970458984,0,0.0028611717280000448,1.3179539442062378,0.75878995656967163,0.92501038312911987,1.0692309141159058,0.90733432769775391,-2.9499673843383789,0,0,0,0
7,285,59400,0.22097979485988617,0,0.024593861773610115,60.171409606933594,41.240123748779297,0,75.362037658691406,17.145687103271484,0,0.0059104827232658863,1.7290396690368652,0.75901579856872559,0.92501038312911987,1.0692309141159058,0.90733432769775391,-2.9499673843383789,0,0,0,0
7,300,59760,-2.8414111137390137,1.8471215526005835E-06,0.026631761342287064,60.000137329101562,40.747810363769531,5.4024990276957396E-06,74.911247253417969,16.140371322631836,0,0.0050250226631760597,2.005826473236084,0.75916785001754761,0.92501038312911987,1.0692309141159058,0.90733432769775391,-2.9499673843383789,0,0,0,0
7,315,60120,-5.3670053482055664,1.1685768185998313E-05,0.027817565947771072,60.115116119384766,40.30712890625,0.073501698672771454,71.631973266601562,17.911882400512695,0,0.0048803999088704586,2.0728187561035156,0.76107197999954224,0.92501038312911987,1.0692309141159058,0.90733432769775391,-2.9499673843383789,0,0,0,0
7,330,60480,-7.023592472076416,0.00046804206795059144,0.02785152941942215,60.685955047607422,39.881618499755859,0.84614354372024536,65.319328308105469,22.415685653686523,0,0.016030432656407356,2.144385814666748,0.78495150804519653,0.92501038312911987,1.0692309141159058,0.90733432769775391,-2.9499673843383789,0,0,0,0
7,345,60840,-7.7104625701904297,0.007487972266972065,0.04242204874753952,61.369850158691406,39.482593536376953,3.0035295486450195,58.217136383056641,27.268232345581055,0,0.020936841145157814,2.265228271484375,0.82527261972427368,0.92501038312911987,1.0692309141159058,0.90733432769775391,-2.9499673843383789,0,0,0,0
7,360,61200,-5.6621608734130859,0.006896627601236105,0.029906231909990311,62.052143096923828,39.085620880126953,6.6455798149108887,52.0428466796875,30.797658920288086,0,0.020872371271252632,4.2245821952819824,0.95673727989196777,1.0254518985748291,1.0467286109924316,0.80709636211395264,-1.3668961524963379,0,0,0,0
7,365,61320,-5.323455810546875,0.067862033843994141,0.029896659776568413,62.319839477539062,38.951763153076172,7.5512857437133789,50.488002777099609,31.414667129516602,0,0.024715878069400787,4.4531173706054688,0.98286193609237671,1.0440521240234375,1.0425615310668945,0.78853374719619751,-1.0737347602844238,0,0,0,0
8,15,61680,-4.6191511154174805,0.011898273602128029,0.030313929542899132,63.364692687988281,38.595123291015625,13.443559646606445,45.750644683837891,33.210403442382812,0,0.033694200217723846,3.8633303642272949,0.98058032989501953,1.0183391571044922,1.0483220815658569,0.81419467926025391,-1.4790010452270508,0,0,0,0
8,30,62040,-2.2997188568115234,0.013741940259933472,0.052146118134260178,65.527183532714844,38.797878265380859,16.897418975830078,43.421787261962891,32.539768218994141,0,0.04775717481970787,4.246579647064209,1.0024998188018799,1.0440521240234375,1.0425615310668945,0.78853374719619751,-1.0737347602844238,0,0,0,0
8,45,62400,0.82879000902175903,0.010814947076141834,0.36718598008155823,69.728347778320312,43.023761749267578,7.2246184349060059,42.914936065673828,30.198146820068359,0,0.025111045688390732,4.3615398406982422,0.9996635913848877,1.0440521240234375,1.0425615310668945,0.78853374719619751,-1.0737347602844238,0,0,0,0
8,60,62760,4.6570215225219727,0.001371474820189178,0.43136453628540039,68.961082458496094,48.402454376220703,0.2784368097782135,43.206031799316406,27.638513565063477,0,0.020620495080947876,4.5396151542663574,0.99527019262313843,1.0440521240234375,1.0425615310668945,0.78853374719619751,-1.0737347602844238,0,0,0,0
8,75,63120,8.7840614318847656,3.6022418498760089E-05,0.47911059856414795,68.848220825195312,48.372787475585938,0,45.083805084228516,25.303623199462891,0,0.030113965272903442,4.7469944953918457,0.99015378952026367,1.0440521240234375,1.0425615310668945,0.78853374719619751,-1.0737347602844238,0,0,0,0
8,90,63480,14.157947540283203,0.016003977507352829,0.43472754955291748,68.5797119140625,47.384006500244141,0,49.037624359130859,23.17768669128418,0,0.020397601649165154,4.9498653411865234,0.98514854907989502,1.0440521240234375,1.0425615310668945,0.78853374719619751,-1.0737347602844238,0,0,0,0
8,105,63840,18.586231231689453,0,0.18120256066322327,68.147117614746094,46.271144866943359,0,53.842964172363281,21.266889572143555,0,0.0064247790724039078,5.1144161224365234,0.98108887672424316,1.0440521240234375,1.0425615310668945,0.78853374719619751,-1.0737347602844238,0,0,0,0
8,120,64200,22.453683853149414,0,0.088640421628952026,67.463249206542969,45.272998809814453,0,57.11590576171875,20.282146453857422,0,0.005944286473095417,5.2068347930908203,0.97880864143371582,1.0440521240234375,1.0425615310668945,0.78853374719619751,-1.0737347602844238,0,0,0,0
8,135,64560,25.539152145385742,0,0.013009043410420418,66.599319458007812,44.395252227783203,0,57.508872985839844,20.761512756347656,0,0.0081674559041857719,5.2135648727416992,0.97828036546707153,1.0440521240234375,1.0425615310668945,0.78853374719619751,-1.0737347602844238,0,0,0,0
8,150,64920,27.663442611694336,0,0.0088176727294921875,65.620521545410156,43.646858215332031,0,56.856006622314453,21.853748321533203,0,0.0029150701593607664,5.2005057334899902,0.9766848087310791,1.0440521240234375,1.0425615310668945,0.78853374719619751,-1.0737347602844238,0,0,0,0
8,165,65280,28.643539428710938,0,0.0072734514251351357,64.632644653320312,42.936397552490234,0,55.667106628417969,23.218133926391602,0,0.00064303900580853224,5.1803579330444336,0.97422325611114502,1.0440521240234375,1.0425615310668945,0.78853374719619751,-1.0737347602844238,0,0,0,0
8,180,65640,28.401397705078125,0,0.0095011955127120018,63.661022186279297,42.25250244140625,0,54.429302215576172,24.504743576049805,0,0.0018866235623136163,5.1578474044799805,0.97147291898727417,1.0440521240234375,1.0425615310668945,0.78853374719619751,-1.0737347602844238,0,0,0,0
8,195,66000,26.958255767822266,0,0.0066723567433655262,62.722179412841797,41.615798950195312,0,53.731536865234375,25.378931045532227,0,0.0011734324507415295,5.1376996040344238,0.96901136636734009,1.0440521240234375,1.0425615310668945,0.78853374719619751,-1.0737347602844238,0,0,0,0
8,210,66360,24.438222885131836,0,0.0070516197010874748,61.830184936523438,41.042873382568359,0,53.843070983886719,25.709260940551758,0,0.00053417065646499395,5.1246404647827148,0.96741580963134766,1.0440521240234375,1.0425615310668945,0.78853374719619751,-1.0737347602844238,0,0,0,0
8,225,66720,26.004520416259766,0,0.0069226296618580818,61.004764556884766,40.525291442871094,0,54.849056243896484,25.543361663818359,0,0.00046299997484311461,9.6810054779052734,0.96612364053726196,1.0440521240234375,1.0425615310668945,0.78853374719619751,-1.0737347602844238,1,0,0,0
8,240,67080,17.153711318969727,0,0.0092141497880220413,60.290550231933594,40.0369873046875,0,58.260066986083984,24.374370574951172,0,0.00322143011726439,5.1787939071655273,0.95637309551239014,1.0440521240234375,1.0425615310668945,0.78853374719619751,-1.0737347602844238,0,0,0,0
8,255,67440,13.019900321960449,0,0.011381626129150391,59.679595947265625,39.578125,0,63.666877746582031,22.376073837280273,0,0.0039688968099653721,5.2669577598571777,0.93964779376983643,1.0440521240234375,1.0425615310668945,0.78853374719619751,-1.0737347602844238,0,0,0,0
8,270,67800,8.0689640045166016,0,0.015782153233885765,59.169631958007812,39.158668518066406,0,67.901107788085938,20.557134628295898,0,0.0021731748711317778,5.3693780899047852,0.92021781206130981,1.0440521240234375,1.0425615310668945,0.78853374719619751,-1.0737347602844238,0,0,0,0
8,285,68160,4.301783561706543,0,0.017712241038680077,58.768814086914062,38.747554779052734,0,70.084854125976562,18.901540756225586,0,0.0057151229120790958,5.4635443687438965,0.90235364437103271,1.0440521240234375,1.0425615310668945,0.78853374719619751,-1.0737347602844238,0,0,0,0
8,300,68520,0.99366927146911621,0,0.018465954810380936,58.486740112304688,38.348751068115234,0,70.545524597167969,17.39088249206543,0,0.016649283468723297,5.526947021484375,0.89032554626464844,1.0440521240234375,1.0425615310668945,0.78853374719619751,-1.0737347602844238,0,0,0,0
8,315,68880,-5.5753445625305176,2.9235175134090241E-06,0.022964233532547951,58.768100738525391,37.953857421875,0.16416452825069427,69.100021362304688,17.348100662231445,0,0.017498018220067024,1.2636728286743164,0.8891289234161377,1.0440521240234375,1.0425615310668945,3.0433454513549805,-1.0737347602844238,0,1,1,0
8,330,69240,-3.7302360534667969,2.4795177523628809E-05,0.025123130530118942,59.898246765136719,37.795459747314453,0.70162445306777954,65.931884765625,18.858484268188477,0,0.01357684750109911,5.3095927238464355,0.90790975093841553,1.0440521240234375,1.0425615310668945,0.78853374719619751,-1.0737347602844238,0,0,0,0
8,345,69600,-5.0266122817993164,0.001191456918604672,0.027825552970170975,60.519863128662109,37.544376373291016,1.6027401685714722,62.114955902099609,20.892631530761719,0,0.029461247846484184,4.9472227096557617,0.93962156772613525,1.0440521240234375,1.0425615310668945,0.78853374719619751,-1.0737347602844238,0,0,0,0
8,360,69960,-7.9880757331848145,0.022477107122540474,0.031411893665790558,61.561176300048828,37.266178131103516,6.8578495979309082,56.387134552001953,24.576391220092773,0,0.045130465179681778,1.7884535789489746,0.95032042264938354,1.0525157451629639,1.0980743169784546,0.88822102546691895,-8.5410213470458984,0,0,0,0
8,365,70080,-7.9510865211486816,0.025105895474553108,0.054161641746759415,61.678627014160156,37.164226531982422,8.4835968017578125,54.140026092529297,26.058340072631836,0,0.046815700829029083,1.2853696346282959,0.94613313674926758,1.0540831089019775,1.1083544492721558,0.90668165683746338,-9.9238510131835938,0,0,0,0
9,15,70440,-6.0082187652587891,0.021113518625497818,0.02775982953608036,62.855236053466797,36.873321533203125,14.863424301147461,49.169754028320312,28.539817810058594,0,0.029050908982753754,1.9397629499435425,0.95819342136383057,1.0519163608551025,1.0941431522369385,0.88116168975830078,-8.0122261047363281,0,0,0,0
9,30,70800,-3.9734878540039062,0.022904995828866959,0.034188244491815567,64.307823181152344,36.653671264648438,24.199253082275391,45.180789947509766,29.853570938110352,0,0.036008939146995544,1.3029690980911255,0.94850450754165649,1.0540831089019775,1.1083544492721558,0.90668165683746338,-9.9238519668579102,0,0,0,0
9,45,71160,-0.88921064138412476,0.017738724127411842,0.12122701108455658,68.489151000976562,38.701751708984375,23.979574203491211,43.630870819091797,28.718774795532227,0,0.043637041002511978,1.2793309688568115,0.95901548862457275,1.0540831089019775,1.1083544492721558,0.90668165683746338,-9.9238519668579102,0,0,0,0
9,60,71520,-1.177943229675293,0.030360026285052299,0.46918010711669922,70.044204711914062,43.651050567626953,28.327442169189453,42.528709411621094,27.280204772949219,0,0.023341041058301926,-3.4089334011077881,0.97529733180999756,1.0540831089019775,1.1083544492721558,0.90668165683746338,-9.9238519668579102,0,1,0,0
9,75,71880,7.1130185127258301,0.0007137983338907361,0.76006954908370972,72.207550048828125,54.223739624023438,1.0208002328872681,43.450725555419922,25.044208526611328,0,0.0097414972260594368,1.2000738382339478,0.99425840377807617,1.0540831089019775,1.1083544492721558,0.90668165683746338,-9.9238519668579102,0,0,0,0
9,90,72240,12.06635856628418,1.2725388842227403E-05,0.71161454916000366,71.717094421386719,54.162441253662109,0,47.345916748046875,22.920284271240234,0,0.01556363794952631,1.1583595275878906,1.0128073692321777,1.0540831089019775,1.1083544492721558,0.90668165683746338,-9.9238519668579102,0,0,0,0
9,105,72600,16.114679336547852,3.8302246139210183E-06,0.6100890040397644,71.311866760253906,53.025566101074219,0,52.698757171630859,20.989480972290039,0,0.013488871045410633,1.1245245933532715,1.0278525352478027,1.0540831089019775,1.1083544492721558,0.90668165683746338,-9.9238519668579102,0,0,0,0
9,120,72960,19.680540084838867,0,0.36272716522216797,70.682220458984375,51.808124542236328,0,57.871547698974609,19.456005096435547,0,0.0024034390226006508,1.1055213212966919,1.0363025665283203,1.0597901344299316,1.1083544492721558,0.90668165683746338,-9.9238519668579102,0,0,0,0
9,135,73320,22.397701263427734,0,0.10764186829328537,69.784812927246094,50.688053131103516,0,60.390304565429688,19.217281341552734,0,0.0015570502728223801,1.0975747108459473,1.0338447093963623,1.0540831089019775,1.1083544492721558,0.90668165683746338,-9.9238519668579102,0,0,0,0
9,150,73680,24.055183410644531,0,0.018285499885678291,68.740005493164062,49.657520294189453,0,60.928928375244141,19.977428436279297,0,0.0035185527522116899,1.065517783164978,1.0163822174072266,1.0540831089019775,1.1083544492721558,0.90668165683746338,-9.9238519668579102,0,0,0,0
9,165,74040,29.525350570678711,0,0.011743239127099514,67.585624694824219,48.697563171386719,0,60.075244903564453,21.492149353027344,0,0.0013122998643666506,6.3177022933959961,0.98944056034088135,1.0540831089019775,1.1083544492721558,0.90668165683746338,-9.9238519668579102,1,0,0,0
9,180,74400,23.792997360229492,0,0.013497536070644855,66.440208435058594,47.785697937011719,0,59.973663330078125,22.500349044799805,0,0.00026029162108898163,0.96080106496810913,0.95933932065963745,1.0540831089019775,1.1083544492721558,0.90668165683746338,-9.9238519668579102,0,0,0,0
9,195,74760,21.883543014526367,0,0.013495688326656818,65.346000671386719,46.940113067626953,0,60.772453308105469,22.996044158935547,0,0.00073411769699305296,0.91134297847747803,0.93239772319793701,1.0540831089019775,1.1083544492721558,0.90668165683746338,-9.9238519668579102,0,0,0,0
9,210,75120,18.963939666748047,0,0.015936726704239845,64.32489013671875,46.139636993408203,0,63.400066375732422,22.642795562744141,0,0.0021447646431624889,0.87928605079650879,0.91493511199951172,1.0540831089019775,1.1083544492721558,0.90668165683746338,-9.9238519668579102,0,0,0,0
9,225,75480,15.25727367401123,0,0.019598541781306267,63.372493743896484,45.387683868408203,0,68.830062866210938,21.118450164794922,0,0.0015484947944059968,0.87703776359558105,0.91206085681915283,1.0540831089019775,1.1083544492721558,0.90668165683746338,-9.9238519668579102,0,0,0,0
9,240,75840,11.140346527099609,0,0.022483736276626587,62.505947113037109,44.661849975585938,0,74.743621826171875,19.390094757080078,0,0.00052934855921193957,0.91450965404510498,0.91623848676681519,1.0540831089019775,1.1083544492721558,0.90668165683746338,-9.9238519668579102,0,0,0,0
9,255,76200,6.9274368286132812,0.0042425161227583885,0.031009383499622345,61.796077728271484,43.917350769042969,0,79.479789733886719,17.817773818969727,0,0.0043494501151144505,0.97878628969192505,0.92340439558029175,1.0540831089019775,1.1083544492721558,0.90668165683746338,-9.9238519668579102,0,0,0,0
9,270,76560,1.9866961240768433,0.00076173333218321204,0.028893262147903442,61.35931396484375,43.166221618652344,0,81.557838439941406,16.387044906616211,0,0.0094245458021759987,1.0534565448760986,0.9317290186882019,1.0540831089019775,1.1083544492721558,0.90668165683746338,-9.9238519668579102,0,0,0,0
9,285,76920,-1.6822469234466553,2.0504876374616288E-06,0.029479498043656349,61.179637908935547,42.466590881347656,2.9308041575859534E-06,81.6888427734375,15.112439155578613,0,0.0078326594084501266,1.1221094131469727,0.93938279151916504,1.0540831089019775,1.1083544492721558,1.7218718528747559,-9.9238519668579102,0,0,1,0
9,300,77280,-4.7473530769348145,1.5912983144517057E-05,0.031988058239221573,61.569019317626953,41.846885681152344,0.031447034329175949,79.697364807128906,15.744052886962891,0,0.0087481122463941574,1.1683340072631836,0.94453614950180054,1.0540831089019775,1.1083544492721558,0.90668165683746338,-9.9238519668579102,0,0,0,0
9,315,77640,-7.0369777679443359,0.0012372760102152824,0.03526609018445015,62.637874603271484,41.296356201171875,0.98508912324905396,73.512214660644531,20.323202133178711,0,0.024247637018561363,1.180235743522644,0.94568610191345215,1.0540831089019775,1.1083544492721558,0.90668165683746338,-9.9238519668579102,0,0,0,0
9,330,78000,-8.4023141860961914,0.011928011663258076,0.096191063523292542,63.46881103515625,40.826244354248047,3.9151737689971924,65.440147399902344,26.284994125366211,0,0.03154393658041954,1.2013008594512939,0.94577568769454956,1.0540831089019775,1.1083544492721558,0.90668165683746338,-9.9238519668579102,0,0,0,0
9,345,78360,-8.8246259689331055,0.017716996371746063,0.1367066502571106,63.461078643798828,40.337867736816406,9.8353967666625977,57.722030639648438,31.37762451171875,0,0.020947560667991638,1.2368699312210083,0.94592690467834473,1.0540831089019775,1.1083544492721558,0.90668165683746338,-9.9238519668579102,0,0,0,0
9,360,78720,-8.5394773483276367,0.034431416541337967,0.114178866147995,63.385250091552734,39.856281280517578,20.152334213256836,50.881908416748047,35.176429748535156,0,0.041482884436845779,1.1905050277709961,1.153491735458374,1.1395138502120972,1.0442808866500854,1.0436723232269287,-8.059051513671875,0,0,0,0
9,365,78840,-8.2480831146240234,0.041145887225866318,0.095541119575500488,63.385669708251953,39.699947357177734,26.739118576049805,48.798423767089844,36.165714263916016,0,0.054179832339286804,1.1931306123733521,1.1994891166687012,1.1553343534469604,1.0324153900146484,1.0690408945083618,-7.7137184143066406,0,0,0,0
10,15,79200,-6.6933140754699707,0.048461731523275375,0.034701000899076462,63.933605194091797,39.263999938964844,39.901996612548828,43.308937072753906,38.237018585205078,0,0.06191694363951683,1.2452578544616699,1.1563259363174438,1.1334640979766846,1.0488182306289673,1.0339713096618652,-8.1911067962646484,0,0,0,0
10,30,79560,-4.5013856887817383,0.23206137120723724,0.052977103739976883,65.443389892578125,38.901134490966797,56.019130706787109,39.332950592041016,38.655239105224609,0,0.045422632247209549,1.2239999771118164,1.2177205085754395,1.1553343534469604,1.0324153900146484,1.0690408945083618,-7.7137184143066406,0,0,0,0
10,45,79920,-1.5380756855010986,0.060499519109725952,0.14877408742904663,70.656539916992188,40.576847076416016,62.076007843017578,37.519264221191406,36.961772918701172,0,0.03674687072634697,1.1908881664276123,1.2286063432693481,1.1553343534469604,1.0324153900146484,1.0690408945083618,-7.7137184143066406,0,0,0,0
10,60,80280,2.2555615901947021,0.030230008065700531,1.693009614944458,79.659431457519531,55.350265502929688,28.951688766479492,37.332695007324219,33.913265228271484,0,0.046097900718450546,1.1395974159240723,1.2454688549041748,1.1553343534469604,1.0324153900146484,1.0690408945083618,-7.7137184143066406,0,0,0,0
10,75,80640,6.4788112640380859,0.014737029559910297,1.7718437910079956,77.617088317871094,67.648025512695312,1.467985987663269,38.310337066650391,30.977893829345703,0,0.035284794867038727,1.0798662900924683,1.265106201171875,1.1553343534469604,1.0324153900146484,1.0690408945083618,-7.7137184143066406,0,0,0,0
10,90,81000,11.369698524475098,0.0045465808361768723,1.856502890586853,77.576545715332031,67.953376770019531,0,41.822330474853516,28.310955047607422,0,0.013736199587583542,1.0214337110519409,1.2843165397644043,1.1553343534469604,1.0324153900146484,1.0690408945083618,-7.7137184143066406,0,0,0,0
10,105,81360,15.210433959960938,0.0056060836650431156,2.0117018222808838,77.509201049804688,67.202438354492188,0,46.938709259033203,25.891214370727539,0,0.011473040096461773,0.97403848171234131,1.2998983860015869,1.1553343534469604,1.0324153900146484,1.0690408945083618,-7.7137184143066406,0,0,0,0
10,120,81720,19.230913162231445,0.00018629762053024024,1.8797223567962646,76.930549621582031,65.882225036621094,0,52.275772094726562,23.815763473510742,0,0.014006148092448711,0.94741916656494141,1.3086497783660889,1.1553343534469604,1.0324153900146484,1.0690408945083618,-7.7137184143066406,0,0,0,0
10,135,82080,22.045589447021484,0,1.6700806617736816,76.321617126464844,64.171051025390625,0,55.629581451416016,22.765884399414062,0,0.0052445661276578903,0.92313694953918457,1.3055046796798706,1.1553343534469604,1.0324153900146484,1.0690408945083618,-7.7137184143066406,0,0,0,0
10,150,82440,23.725677490234375,0,1.3402211666107178,75.505767822265625,62.518749237060547,0,56.773872375488281,22.836973190307617,0,0.0011694571003317833,0.808616042137146,1.2842448949813843,1.1553343534469604,1.0324153900146484,1.0690408945083618,-7.7137184143066406,0,0,0,0
10,165,82800,24.317943572998047,0,0.94357216358184814,74.521499633789062,60.962497711181641,0,57.273990631103516,23.297506332397461,0,0.0034438942093402147,0.63193047046661377,1.2514448165893555,1.1553343534469604,1.0324153900146484,1.0690408945083618,-7.7137184143066406,0,0,0,0
10,180,83160,23.548820495605469,0,0.51361703872680664,73.493995666503906,59.478549957275391,0,57.849517822265625,23.748680114746094,0,0.0026150415651500225,0.43452334403991699,1.2147979736328125,1.1553343534469604,1.0324153900146484,1.0690408945083618,-7.7137184143066406,0,0,0,0
10,195,83520,21.510744094848633,0.0064616110175848007,0.34751048684120178,72.426544189453125,58.109706878662109,0,59.028560638427734,23.911394119262695,0,0.0010739883873611689,0.25783783197402954,1.1819978952407837,1.1553343534469604,1.0324153900146484,1.0690408945083618,-7.7137184143066406,0,0,0,0
10,210,83880,18.693626403808594,0,0.21865753829479218,71.34344482421875,56.878196716308594,0,62.186927795410156,23.224672317504883,0,0.00063044932903721929,0.14331680536270142,1.1607381105422974,1.1553343534469604,1.0324153900146484,1.0690408945083618,-7.7137184143066406,0,0,0,0
10,225,84240,15.049189567565918,0,0.13928438723087311,70.373123168945312,55.726863861083984,0,67.946113586425781,21.513669967651367,0,0.0038131517358124256,0.13281357288360596,1.1563248634338379,1.1553343534469604,1.0324153900146484,1.0690408945083618,-7.7137184143066406,0,0,0,0
10,240,84600,11.00108814239502,0,0.07575681060552597,69.552284240722656,54.625717163085938,0,73.873649597167969,19.7275390625,0,0.0045913932844996452,0.24235492944717407,1.1524145603179932,1.1553343534469604,1.0324153900146484,1.0690408945083618,-7.7137184143066406,0,0,0,0
10,255,84960,6.8580241203308105,0,0.04127628356218338,68.976791381835938,53.556446075439453,0,78.554420471191406,18.100248336791992,0,0.0027476977556943893,0.43025442957878113,1.1457072496414185,1.1553343534469604,1.0324153900146484,1.0690408945083618,-7.7137184143066406,0,0,0,0
10,270,85320,1.9816436767578125,1.2734355436805345E-07,0.052919503301382065,68.783683776855469,52.536014556884766,0,80.635208129882812,16.615692138671875,0,0.0071479990147054195,0.64853757619857788,1.1379153728485107,1.1553343534469604,1.0324153900146484,1.0690408945083618,-7.7137184143066406,0,0,0,0
10,285,85680,-1.4727354049682617,0.027040053158998489,0.081597790122032166,68.729949951171875,51.620494842529297,0.026371898129582405,80.818191528320312,15.285820007324219,0,0.020268253982067108,0.84923022985458374,1.130751371383667,1.2925050258636475,1.0324153900146484,1.0690408945083618,-7.7137184143066406,0,0,0,1
10,300,86040,-4.5487465858459473,0.0001129074371419847,0.066711567342281342,69.471626281738281,50.836082458496094,0.48330926895141602,79.024131774902344,15.711123466491699,0,0.020707588642835617,0.98435795307159424,1.1259278059005737,1.1553343534469604,1.0324153900146484,1.0690408945083618,-7.7137184143066406,0,0,0,0
10,315,86400,-6.9381647109985352,0.0036913033109158278,0.098029032349586487,70.627464294433594,50.136798858642578,3.4000420570373535,73.042510986328125,20.096773147583008,0,0.017319658771157265,1.0170897245407104,1.1260111331939697,1.1553343534469604,1.0324153900146484,1.0690408945083618,-7.7137184143066406,0,0,0,0
10,330,86760,-8.3774700164794922,0.015663823112845421,0.2062188982963562,71.219718933105469,49.457210540771484,9.5156621932983398,65.031837463378906,26.013761520385742,0,0.036016613245010376,1.0523622035980225,1.1407335996627808,1.1553343534469604,1.0324153900146484,1.0690408945083618,-7.7137184143066406,0,0,0,0
10,345,87120,-8.8907289505004883,0.02812148816883564,0.25560837984085083,71.001266479492188,48.740108489990234,19.708223342895508,57.375267028808594,31.060014724731445,0,0.049344740808010101,1.1119204759597778,1.1655926704406738,1.1553343534469604,1.0324153900146484,1.0690408945083618,-7.7137184143066406,0,0,0,0
10,360,87480,-9.9997310638427734,0.16147778928279877,0.26217716932296753,70.725318908691406,48.081031799316406,38.748435974121094,50.561038970947266,34.835609436035156,0,0.020696965977549553,0.002098768949508667,1.4605716466903687,1.0002858638763428,1.1667056083679199,1.2553031444549561,-0.66729354858398438,0,0,0,0
10,365,87600,-9.9316530227661133,0.07243955135345459,0.27146932482719421,70.637825012207031,47.861007690429688,44.614898681640625,48.467685699462891,35.845794677734375,0,0.01472911424934864,-0.11949026584625244,1.5233907699584961,0.97157317399978638,1.1915740966796875,1.2897961139678955,0.63759994506835938,0,0,0,0
11,15,87960,-8.3681392669677734,0.090872950851917267,0.31250080466270447,70.444534301757812,47.205718994140625,65.93572998046875,42.798130035400391,38.087120056152344,0,0.028092920780181885,0.31706127524375916,1.4764788150787354,1.0112656354904175,1.1571958065032959,1.2421129941940308,-1.1662850379943848,0,0,0,0
11,30,88320,-6.8525395393371582,0.12804876267910004,0.28640130162239075,70.678802490234375,46.61285400390625,98.102195739746094,37.892684936523438,39.339038848876953,0,0.035185202956199646,0.060348883271217346,1.5615088939666748,0.97157317399978638,1.1915740966796875,1.2897961139678955,0.63760042190551758,0,0,0,0
11,45,88680,-4.3188352584838867,0.45338839292526245,0.34597596526145935,72.078392028808594,46.285419464111328,129.56892395019531,34.442356109619141,39.028606414794922,0,0.023443233221769333,-0.032783545553684235,1.6113561391830444,0.97157317399978638,1.1915740966796875,1.2897961139678955,0.63760042190551758,0,0,0,0
11,60,89040,-1.111736536026001,0.26281803846359253,1.0375158786773682,79.194198608398438,50.294849395751953,139.56484985351562,33.043540954589844,36.766590118408203,0,0.010328574106097221,-0.17704752087593079,1.688570499420166,0.97157317399978638,1.1915740966796875,1.2897961139678955,0.63760042190551758,0,0,0,0
11,75,89400,-1.3841297626495361,0.15812751650810242,3.4063034057617188,84.001243591308594,70.520721435546875,106.38468933105469,32.950717926025391,33.566329956054688,0,0.015095955692231655,-3.6091530323028564,1.7784909009933472,0.97157317399978638,1.1915740966796875,1.2897961139678955,0.63760042190551758,0,1,0,0
11,90,89760,6.9407105445861816,0.10260704159736633,5.7965965270996094,92.018707275390625,83.22442626953125,93.5487060546875,32.773059844970703,30.859710693359375,0,0.015356968156993389,-1.2849138975143433,1.8664566278457642,0.97157317399978638,1.1915740966796875,1.2897961139678955,0.63760042190551758,0,0,0,0
11,105,90120,12.03531551361084,0.068104267120361328,5.7572669982910156,89.70880126953125,92.283538818359375,0.84290677309036255,36.515323638916016,28.126047134399414,0,0.0051308129914104939,-0.64270955324172974,1.9378063678741455,0.97157317399978638,1.1915740966796875,1.2897961139678955,0.63760042190551758,0,0,0,0
11,120,90480,15.74260139465332,0.038954988121986389,5.6265354156494141,89.464324951171875,92.110687255859375,0,42.249904632568359,25.660274505615234,0,0.0021953678224235773,-0.71758073568344116,1.9778797626495361,0.97157317399978638,1.1915740966796875,1.2897961139678955,0.63760042190551758,0,0,0,0
11,135,90840,19.123146057128906,0.01749887689948082,5.6784415245056152,89.014213562011719,91.413993835449219,0,47.951560974121094,23.534746170043945,0,0.0043167606927454472,-0.71897250413894653,1.9728209972381592,0.97157317399978638,1.1915740966796875,1.2897961139678955,0.63760042190551758,0,0,0,0
11,150,91200,21.562723159790039,0.0021600574254989624,5.6666855812072754,88.464653015136719,90.374740600585938,0,52.056266784667969,22.235136032104492,0,0.0011667354265227914,-0.68689829111099243,1.9249320030212402,0.97157317399978638,1.1915740966796875,1.2897961139678955,0.63760042190551758,0,0,0,0
11,165,91560,22.943094253540039,0,5.5656781196594238,87.64324951171875,89.100166320800781,0,54.405223846435547,21.838932037353516,0,0.00014324429503176361,-0.63741344213485718,1.8510477542877197,0.97157317399978638,1.1915740966796875,1.2897961139678955,0.63760042190551758,0,0,0,0
11,180,91920,22.995115280151367,0,5.3775300979614258,87.188468933105469,87.67156982421875,0,56.006572723388672,21.836917877197266,0,0.0003451536176726222,-0.58212506771087646,1.7684983015060425,0.97157317399978638,1.1915740966796875,1.2897961139678955,0.63760042190551758,0,0,0,0
11,195,92280,21.620113372802734,0.13235576450824738,5.5522646903991699,86.187995910644531,86.044105529785156,0,58.056461334228516,21.718217849731445,0,0.0006813932559452951,-0.53264021873474121,1.6946139335632324,0.97157317399978638,1.1915740966796875,1.2897961139678955,0.63760042190551758,0,0,0,0
11,210,92640,18.923419952392578,4.0462338802171871E-05,4.9404888153076172,85.01837158203125,84.414634704589844,0,61.566791534423828,21.013372421264648,0,0.00017730121908243746,-0.50056600570678711,1.646725058555603,0.97157317399978638,1.1915740966796875,1.2897961139678955,0.63760042190551758,0,0,0,0
11,225,93000,15.826265335083008,3.8047350244596601E-05,4.7099957466125488,84.061714172363281,82.774848937988281,0,67.212089538574219,19.485061645507812,0,5.9766658523585647E-05,-0.50155389308929443,1.6346516609191895,0.97157317399978638,1.1915740966796875,1.2897961139678955,0.63760042190551758,0,0,0,0
11,240,93360,11.869705200195312,2.9195072784204967E-05,4.5486412048339844,83.441566467285156,81.106483459472656,0,73.109756469726562,17.84575080871582,0,0.00094404531409963965,-0.57090771198272705,1.6048599481582642,0.97157317399978638,1.1915740966796875,1.2897961139678955,0.63760042190551758,0,0,0,0
11,255,93720,7.5658321380615234,4.4626132876146585E-05,4.4345593452453613,82.94488525390625,79.466888427734375,0,77.938491821289062,16.347261428833008,0,0.0012203871738165617,-0.68987226486206055,1.5537575483322144,0.97157317399978638,1.1915740966796875,1.2897961139678955,0.63760042190551758,0,0,0,0
11,270,94080,2.4753053188323975,8.3030390669591725E-05,4.3625583648681641,82.791427612304688,77.889175415039062,0,80.239234924316406,14.978375434875488,0,0.001620721654035151,-0.82807368040084839,1.494391918182373,0.97157317399978638,1.1915740966796875,1.2897961139678955,0.63760042190551758,0,0,0,0
11,285,94440,-1.5646243095397949,0.00062728032935410738,4.3431544303894043,82.902877807617188,76.459075927734375,0.0015722406096756458,80.4775390625,13.761971473693848,0,0.0012623039074242115,-0.95513790845870972,1.4398101568222046,0.97157317399978638,1.1915740966796875,1.2897961139678955,0.63760042190551758,0,0,0,0
11,300,94800,-5.1496238708496094,0.0019698010291904211,4.3888673782348633,83.230812072753906,75.173919677734375,3.1225059032440186,78.199813842773438,14.784337997436523,0,0.02135661244392395,-1.0406911373138428,1.4030599594116211,1.2897989749908447,1.1915740966796875,1.2897961139678955,0.63760042190551758,0,0,0,1
11,315,95160,-7.8675098419189453,0.0094263600185513496,4.4855484962463379,83.543678283691406,73.992752075195312,9.7123527526855469,71.211784362792969,20.205846786499023,0,0.0092657068744301796,-1.0451388359069824,1.3968945741653442,0.97157317399978638,1.1915740966796875,1.2897961139678955,0.63760042190551758,0,0,0,0
11,330,95520,-9.5223608016967773,0.10200152546167374,4.8182921409606934,83.055465698242188,72.385391235351562,20.750545501708984,62.946514129638672,26.342470169067383,0,0.005059338640421629,-0.85967129468917847,1.4222400188446045,0.97157317399978638,1.1915740966796875,1.2897961139678955,0.63760042190551758,0,0,0,0
11,345,95880,-10.214507102966309,0.22036886215209961,4.7988343238830566,82.592689514160156,70.643760681152344,39.955432891845703,55.469898223876953,31.167974472045898,0,0.011999181471765041,-0.54650485515594482,1.4650362730026245,0.97157317399978638,1.1915740966796875,1.2897961139678955,0.63760042190551758,0,0,0,0
11,360,96240,-7.9584078788757324,0.025893790647387505,4.7423162460327148,82.121047973632812,69.03289794921875,53.755081176757812,48.900993347167969,34.711101531982422,0,0.022622851654887199,1.7505085468292236,1.050956130027771,0.9402318000793457,1.1038742065429688,1.0978142023086548,0.58383125066757202,0,0,0,0
11,365,96360,-7.4400019645690918,0.02138851210474968,4.7172126770019531,82.054519653320312,68.506942749023438,54.463462829589844,46.954383850097656,35.594490051269531,0,0.020579889416694641,2.1953024864196777,0.96186822652816772,0.93442785739898682,1.087633490562439,1.0622619390487671,0.57387399673461914,0,0,0,0
12,15,96720,-6.637120246887207,0.051639121025800705,4.7061843872070312,81.790969848632812,66.962577819824219,76.74041748046875,41.499378204345703,37.652122497558594,0,0.012414439581334591,1.8582464456558228,1.0825183391571045,0.94245123863220215,1.1100846529006958,1.1114093065261841,0.58763891458511353,0,0,0,0
12,30,97080,-4.4008688926696777,0.044909760355949402,4.7264833450317383,82.40240478515625,65.874893188476562,84.307823181152344,37.823314666748047,37.859283447265625,0,0.010191698558628559,2.3022563457489014,0.95467990636825562,0.93442785739898682,1.087633490562439,1.0622619390487671,0.57387399673461914,0,0,0,0
12,45,97440,-2.0214769840240479,0.024620767682790756,4.905787467956543,83.732093811035156,65.679061889648438,87.357246398925781,36.009151458740234,36.270011901855469,0,0.019621282815933228,2.015514612197876,0.96031719446182251,0.93442785739898682,1.087633490562439,1.0622619390487671,0.57387399673461914,0,0,0,0
12,60,97800,1.0261753797531128,0.021341646090149879,6.5679287910461426,88.550613403320312,71.458045959472656,64.32525634765625,35.657192230224609,33.444602966308594,0,0.01592966727912426,1.5713460445404053,0.96904951333999634,0.93442785739898682,1.087633490562439,1.0622619390487671,0.57387399673461914,0,0,0,0
12,75,98160,1.6267756223678589,0.023378543555736542,7.2242679595947266,90.366912841796875,82.780632019042969,19.882148742675781,36.031570434570312,30.555702209472656,0,0.0055839135311543941,-1.4320898056030273,0.97921872138977051,0.93442785739898682,1.087633490562439,1.0622619390487671,0.57387399673461914,0,1,0,0
12,90,98520,9.3652133941650391,0.00048154391697607934,7.2234096527099609,89.781982421875,84.062507629394531,3.8188228607177734,37.224761962890625,27.913103103637695,0,0.0058906744234263897,0.40563312172889709,0.98916691541671753,0.93442785739898682,1.087633490562439,1.0622619390487671,0.57387399673461914,0,0,0,0
12,105,98880,13.257987022399902,3.2463391107739881E-05,6.9814081192016602,89.255821228027344,82.547340393066406,0,42.285743713378906,25.516691207885742,0,0.0092109944671392441,0.13763725757598877,0.99723601341247559,1.2935519218444824,1.087633490562439,1.0622619390487671,0.57387399673461914,0,0,0,1
12,120,99240,16.896720886230469,6.6320312726020347E-06,6.8656625747680664,88.326492309570312,80.732643127441406,0,48.128757476806641,23.345413208007812,0,0.0024400192778557539,-0.092880606651306152,1.0017679929733276,0.93442785739898682,1.087633490562439,1.0622619390487671,0.57387399673461914,0,0,0,0
12,135,99600,20.227237701416016,0,6.6350011825561523,87.167579650878906,78.978622436523438,0,52.868873596191406,21.815999984741211,0,0.00036047122557647526,-0.080194592475891113,0.99915915727615356,0.93442785739898682,1.087633490562439,1.0622619390487671,0.57387399673461914,0,0,0,0
12,150,99960,22.749313354492188,0.0060635502450168133,6.3004264831542969,85.781013488769531,77.255592346191406,0,55.101799011230469,21.497121810913086,0,0.001486959052272141,0.10839736461639404,0.98296183347702026,0.93442785739898682,1.087633490562439,1.0622619390487671,0.57387399673461914,0,0,0,0
12,165,100320,24.256307601928711,5.5299995437962934E-05,5.7820992469787598,84.305007934570312,75.587997436523438,0,55.980270385742188,21.882919311523438,0,0.00064301409292966127,0.399361252784729,0.95797228813171387,0.93442785739898682,1.087633490562439,1.0622619390487671,0.57387399673461914,0,0,0,0
12,180,100680,24.458194732666016,0,5.2481513023376465,82.859138488769531,74.005165100097656,0,56.592487335205078,22.431221008300781,0,4.9244325055042282E-05,0.72444921731948853,0.93005192279815674,0.93442785739898682,1.087633490562439,1.0622619390487671,0.57387399673461914,0,0,0,0
12,195,101040,23.388513565063477,0,4.7244935035705566,81.503173828125,72.440818786621094,0,57.426235198974609,22.852134704589844,0,7.9635450674686581E-05,1.0154131650924683,0.90506231784820557,0.93442785739898682,1.087633490562439,1.0622619390487671,0.57387399673461914,0,0,0,0
12,210,101400,21.112133026123047,0,4.2599782943725586,80.219062805175781,70.929580688476562,0,59.441051483154297,22.730934143066406,0,1.6001617950678337E-06,1.2040051221847534,0.88886499404907227,1.3153630495071411,1.087633490562439,1.0622619390487671,0.57387399673461914,0,0,0,1
12,225,101760,20.284858703613281,0,3.8043727874755859,79.079627990722656,69.420982360839844,0,61.503635406494141,22.557037353515625,0,0.00016532673907931894,4.5262227058410645,0.88724654912948608,0.93442785739898682,1.087633490562439,1.0622619390487671,0.57387399673461914,1,0,0,0
12,240,102120,13.849222183227539,0,3.4770452976226807,78.0692138671875,67.964393615722656,0,67.8936767578125,20.700265884399414,0,3.491993629722856E-05,1.2614169120788574,0.90143132209777832,0.93442785739898682,1.087633490562439,1.0622619390487671,0.57387399673461914,0,0,0,0
12,255,102480,9.5746326446533203,0,3.2257354259490967,77.179885864257812,66.572998046875,0,73.569633483886719,18.951980590820312,0,0.00063579564448446035,1.2953407764434814,0.9257628321647644,0.93442785739898682,1.087633490562439,1.0622619390487671,0.57387399673461914,0,0,0,0
12,270,102840,4.6089057922363281,5.9704261730075814E-06,3.0405857563018799,76.579986572265625,65.207283020019531,0,77.128646850585938,17.356542587280273,0,0.0025760743301361799,1.3347501754760742,0.95402878522872925,0.93442785739898682,1.087633490562439,1.0622619390487671,0.57387399673461914,0,0,0,0
12,285,103200,0.7284775972366333,8.3287908637430519E-05,2.9269020557403564,76.366729736328125,63.830436706542969,5.7472669141134247E-05,78.073532104492188,15.898613929748535,0,0.0019326548790559173,1.3709838390350342,0.98001694679260254,0.93442785739898682,1.087633490562439,1.0622619390487671,0.57387399673461914,0,0,0,0
12,300,103560,-2.6880993843078613,0.00033527892082929611,2.885986328125,76.584060668945312,62.516025543212891,0.052950650453567505,77.77392578125,14.877925872802734,0,0.0011971464846283197,1.3953801393508911,0.99751496315002441,0.93442785739898682,1.087633490562439,1.0622619390487671,0.57387399673461914,0,0,0,0
12,315,103920,-5.4355621337890625,0.0026753570418804884,2.8706634044647217,77.11004638671875,61.289649963378906,1.6089620590209961,74.402778625488281,16.846719741821289,0,0.0083792507648468018,1.4130667448043823,1.0007849931716919,0.93442785739898682,1.087633490562439,1.0622619390487671,0.57387399673461914,0,0,0,0
12,330,104280,-7.1389579772949219,0.033566560596227646,2.9185597896575928,77.8795166015625,60.160030364990234,4.4578967094421387,67.723098754882812,21.789630889892578,0,0.014673984609544277,1.5697994232177734,0.99298739433288574,0.93442785739898682,1.087633490562439,1.0622619390487671,0.57387399673461914,0,0,0,0
12,345,104640,-7.8623175621032715,0.11216291785240173,3.0214302539825439,78.163536071777344,59.059169769287109,8.369227409362793,60.275547027587891,27.02244758605957,0,0.0088980728760361671,1.8344461917877197,0.97982108592987061,0.93442785739898682,1.087633490562439,1.0622619390487671,0.57387399673461914,0,0,0,0
12,360,105000,-8.5882949829101562,0.041592426598072052,3.1247785091400146,78.019744873046875,57.929103851318359,15.901530265808105,53.304237365722656,31.336906433105469,0,0.041169710457324982,1.1358959674835205,1.0780012607574463,1.2660061120986938,1.2564272880554199,0.95847892761230469,-3.197777271270752,0,0,0,0
12,365,105120,-8.3317298889160156,0.034127283841371536,3.1488480567932129,77.948966979980469,57.560626983642578,20.560083389282227,51.136283874511719,32.532264709472656,0,0.060180246829986572,1.0976543426513672,1.1173005104064941,1.3274095058441162,1.2876853942871094,0.93925988674163818,-3.8962311744689941,0,0,0,0
13,15,105480,-6.6918730735778809,0.037333078682422638,3.1575770378112793,78.422988891601562,56.594825744628906,30.066219329833984,45.518772125244141,35.060840606689453,0,0.061501532793045044,1.5860644578933716,1.1102367639541626,1.2425254583358765,1.2444741725921631,0.9658282995223999,-2.9306883811950684,0,0,0,0
13,30,105840,-6.8528566360473633,0.1126525029540062,3.2034330368041992,79.531570434570312,55.900352478027344,46.087635040283203,41.262374877929688,36.038528442382812,0,0.063428416848182678,0.047275781631469727,1.1512579917907715,1.3274095058441162,1.2876853942871094,0.93925988674163818,-3.8962314128875732,0,1,0,0
13,45,106200,-2.1278352737426758,0.066700167953968048,3.4320576190948486,81.803604125976562,55.8443603515625,60.904144287109375,37.305698394775391,36.611808776855469,0,0.048914682120084763,1.1370464563369751,1.1289819478988647,1.3274095058441162,1.2876853942871094,0.93925988674163818,-3.8962314128875732,0,0,0,0
13,60,106560,1.1296093463897705,0.025638937950134277,5.4683318138122559,87.703231811523438,63.612640380859375,37.476966857910156,36.896102905273438,33.800746917724609,0,0.04989280179142952,0.80632245540618896,1.0944756269454956,1.3274095058441162,1.2876853942871094,0.93925988674163818,-3.8962314128875732,0,0,0,0
13,75,106920,5.1441540718078613,0.01627127081155777,5.9583268165588379,87.286689758300781,76.483467102050781,3.5778367519378662,37.519802093505859,30.879962921142578,0,0.049765828996896744,0.42117556929588318,1.0542911291122437,1.3274095058441162,1.2876853942871094,0.93925988674163818,-3.8962314128875732,0,0,0,0
13,90,107280,9.7103862762451172,0.00028575395117513835,6.0735740661621094,86.597053527832031,76.659866333007812,0.051908109337091446,40.725448608398438,28.217681884765625,0,0.028940362855792046,0.044401258230209351,1.0149801969528198,1.3274095058441162,1.2876853942871094,0.93925988674163818,-3.8962314128875732,0,0,0,0
13,105,107640,13.667580604553223,2.8582124286913313E-05,6.0618815422058105,86.274192810058594,75.123184204101562,0,46.212615966796875,25.79768180847168,0,0.054348036646842957,-0.26120427250862122,0.98309469223022461,1.4968587160110474,1.2876853942871094,0.93925988674163818,-3.8962314128875732,0,0,0,1
13,120,108000,17.450099945068359,1.5312982668547193E-06,5.9112381935119629,85.603004455566406,73.095664978027344,0,52.338718414306641,23.618646621704102,0,0.021342108026146889,-0.43284597992897034,0.96518635749816895,1.3274095058441162,1.2876853942871094,0.93925988674163818,-3.8962314128875732,0,0,0,0
13,135,108360,20.467290878295898,0.013034132309257984,5.6623101234436035,85.074737548828125,71.182167053222656,0,57.142749786376953,22.155197143554688,0,0.014810319989919662,-0.42986825108528137,0.96337920427322388,1.3274095058441162,1.2876853942871094,0.93925988674163818,-3.8962314128875732,0,0,0,0
13,150,108720,22.715793609619141,0,5.1821627616882324,83.947998046875,69.358673095703125,0,59.305442810058594,21.980995178222656,0,0.0037421681918203831,-0.32368579506874084,0.96324652433395386,1.3274095058441162,1.2876853942871094,0.93925988674163818,-3.8962314128875732,0,0,0,0
13,165,109080,23.743301391601562,0,4.6347165107727051,82.664779663085938,67.770835876464844,0,60.252861022949219,22.44696044921875,0,0.0042232638224959373,-0.15986517071723938,0.96304172277450562,1.3274095058441162,1.2876853942871094,0.93925988674163818,-3.8962314128875732,0,0,0,0
13,180,109440,23.547500610351562,0,4.0387449264526367,81.275932312011719,66.41015625,0,61.028556823730469,23.022434234619141,0,0.0066039427183568478,0.023168265819549561,0.96281290054321289,1.3274095058441162,1.2876853942871094,0.93925988674163818,-3.8962314128875732,0,0,0,0
13,195,109800,22.079240798950195,0,3.4998230934143066,79.903694152832031,65.168663024902344,0,62.2821044921875,23.361806869506836,0,0.0029815263114869595,0.18698891997337341,0.96260815858840942,1.3274095058441162,1.2876853942871094,0.93925988674163818,-3.8962314128875732,0,0,0,0
13,210,110160,19.570470809936523,0,3.0388808250427246,78.621681213378906,63.966823577880859,0,65.270217895507812,22.937986373901367,0,0.0010195212671533227,0.29317137598991394,0.96247541904449463,1.3274095058441162,1.2876853942871094,0.93925988674163818,-3.8962314128875732,0,0,0,0
13,225,110520,16.076910018920898,0,2.6357882022857666,77.417343139648438,62.813571929931641,0,71.081092834472656,21.38136100769043,0,0.0051784273236989975,0.30547821521759033,0.96210819482803345,1.3274095058441162,1.2876853942871094,0.93925988674163818,-3.8962314128875732,0,0,0,0
13,240,110880,11.912317276000977,0,2.3050558567047119,76.357917785644531,61.667732238769531,0,77.553070068359375,19.576316833496094,0,0.0094200382009148598,0.22919058799743652,0.95873993635177612,1.3274095058441162,1.2876853942871094,0.93925988674163818,-3.8962314128875732,0,0,0,0
13,255,111240,7.4284286499023438,0,2.0511057376861572,75.486946105957031,60.555038452148438,0,82.890373229980469,17.926342010498047,0,0.0068474761210381985,0.098332196474075317,0.95296233892440796,1.3274095058441162,1.2876853942871094,0.93925988674163818,-3.8962314128875732,0,0,0,0
13,270,111600,2.2631802558898926,7.5740268812296563E-07,1.8828494548797607,75.075836181640625,59.434432983398438,0,85.362060546875,16.42017936706543,0,0.0090656019747257233,-0.053686171770095825,0.94625037908554077,1.3274095058441162,1.2876853942871094,0.93925988674163818,-3.8962314128875732,0,0,0,0
13,285,111960,-1.6939566135406494,9.9977398804185214E-07,1.7750369310379028,74.905281066894531,58.374485015869141,5.5338523452519439E-07,85.598808288574219,15.085511207580566,0,0.026466354727745056,-0.19345405697822571,0.94007939100265503,1.3274095058441162,1.2876853942871094,0.93925988674163818,-3.8962314128875732,0,0,0,0
13,300,112320,-5.1135220527648926,0.049523551017045975,1.7361729145050049,75.340484619140625,57.388923645019531,0.34653887152671814,83.211074829101562,16.103973388671875,0,0.03394419327378273,-0.28756067156791687,0.93592435121536255,1.3274095058441162,1.2876853942871094,0.93925988674163818,-3.8962314128875732,0,0,0,0
13,315,112680,-7.6898784637451172,0.0038938983343541622,1.7657507658004761,76.393081665039062,56.535305023193359,1.8198047876358032,76.029037475585938,21.604650497436523,0,0.027217958122491837,-0.28670665621757507,0.93781954050064087,1.3274095058441162,1.2876853942871094,0.93925988674163818,-3.8962314128875732,0,0,0,0
13,330,113040,-9.0701389312744141,0.012955463491380215,2.0326223373413086,76.461509704589844,55.776569366455078,4.9811649322509766,67.326332092285156,28.053508758544922,0,0.041312891989946365,-0.0093291699886322021,0.9737812876701355,1.3274095058441162,1.2876853942871094,0.93925988674163818,-3.8962314128875732,0,0,0,0
13,345,113400,-9.3840179443359375,0.021008849143981934,2.0876078605651855,76.155075073242188,54.985397338867188,11.166400909423828,59.356124877929688,33.233421325683594,0,0.065853402018547058,0.45902934670448303,1.0345034599304199,1.3274095058441162,1.2876853942871094,0.93925988674163818,-3.8962314128875732,0,0,0,0
13,360,113760,-8.7263927459716797,0.084226250648498535,2.1252069473266602,75.890830993652344,54.203800201416016,24.176923751831055,52.330471038818359,37.043407440185547,0,0.028851713985204697,1.0100798606872559,1.2070469856262207,1.0536284446716309,1.0405848026275635,1.020089864730835,-3.6552488803863525,0,0,0,0
13,365,113880,-8.3846063613891602,0.044832110404968262,2.1397981643676758,75.817703247070312,53.941959381103516,27.441448211669922,50.192363739013672,38.042030334472656,0,0.018030570819973946,1.1247137784957886,1.2277356386184692,1.0029282569885254,0.99482548236846924,1.0350583791732788,-3.6106224060058594,0,0,0,0
14,15,114240,-6.9263720512390137,0.050925642251968384,2.1354715824127197,75.872505187988281,53.188919067382812,42.644359588623047,44.461051940917969,40.17950439453125,0,0.023488663136959076,1.3375236988067627,1.2126168012619019,1.0730161666870117,1.0580832958221436,1.0143659114837646,-3.672313928604126,0,0,0,0
14,30,114600,-4.9066348075866699,0.057090513408184052,2.1674821376800537,77.079330444335938,52.568294525146484,62.511234283447266,40.183357238769531,40.718147277832031,0,0.026489486917853355,1.2902177572250366,1.2242332696914673,1.0029282569885254,0.99482548236846924,1.0350583791732788,-3.6106224060058594,0,0,0,0
14,45,114960,-2.3307380676269531,0.078691445291042328,2.3656678199768066,80.240936279296875,53.026035308837891,74.996170043945312,37.92578125,39.270294189453125,0,0.026194164529442787,1.0460958480834961,1.2019006013870239,1.0029282569885254,0.99482548236846924,1.0350583791732788,-3.6106224060058594,0,0,0,0
14,60,115320,0.88052606582641602,0.046101231127977371,3.9288256168365479,87.140228271484375,60.546413421630859,55.739978790283203,37.464687347412109,36.271842956542969,0,0.010461731813848019,0.66794615983963013,1.1673071384429932,1.0029282569885254,0.99482548236846924,1.0350583791732788,-3.6106224060058594,0,0,0,0
14,75,115680,4.8205561637878418,0.013963526114821434,4.7058095932006836,88.728805541992188,78.764312744140625,8.4474105834960938,37.937171936035156,33.122020721435547,0,0.012363086454570293,0.22756952047348022,1.1270210742950439,1.0029282569885254,0.99482548236846924,1.0350583791732788,-3.6106224060058594,0,0,0,0
14,90,116040,9.4712915420532227,0.0031849667429924011,4.7061576843261719,87.177253723144531,80.248115539550781,0.15134763717651367,40.906223297119141,30.259521484375,0,0.014195874333381653,-0.20323401689529419,1.0876107215881348,1.0029282569885254,0.99482548236846924,1.0350583791732788,-3.6106224060058594,0,0,0,0
14,105,116400,13.080331802368164,6.5164866100531071E-05,4.7436838150024414,86.817955017089844,78.892410278320312,0,46.271461486816406,27.657859802246094,0,0.0059234797954559326,-0.55266326665878296,1.0556446313858032,1.0029282569885254,0.99482548236846924,1.0350583791732788,-3.6106224060058594,0,0,0,0
14,120,116760,17.022911071777344,7.9949058999773115E-06,4.6370530128479004,86.123069763183594,77.053596496582031,0,52.374931335449219,25.308843612670898,0,0.0011452225735411048,-0.74891811609268188,1.0376911163330078,1.0029282569885254,0.99482548236846924,1.0350583791732788,-3.6106224060058594,0,0,0,0
14,135,117120,20.183431625366211,0,4.426368236541748,85.391265869140625,75.007850646972656,0,57.440464019775391,23.608345031738281,0,0.0031180786900222301,-0.71660131216049194,1.0379596948623657,1.0029282569885254,0.99482548236846924,1.0350583791732788,-3.6106224060058594,0,0,0,0
14,150,117480,22.532815933227539,0,4.0612826347351074,84.385078430175781,72.965469360351562,0,59.906566619873047,23.181644439697266,0,0.0017544337315484881,-0.44213837385177612,1.0488393306732178,1.0029282569885254,0.99482548236846924,1.0350583791732788,-3.6106224060058594,0,0,0,0
14,165,117840,23.850263595581055,0,3.5786573886871338,83.262916564941406,71.033790588378906,0,60.893310546875,23.530839920043945,0,0.00024690211284905672,-0.018690824508666992,1.0656247138977051,1.0029282569885254,0.99482548236846924,1.0350583791732788,-3.6106224060058594,0,0,0,0
14,180,118200,23.991806030273438,0,3.0735929012298584,82.03009033203125,69.248268127441406,0,61.538528442382812,24.07630729675293,0,0.00019302367581985891,0.4544183611869812,1.084378719329834,1.0029282569885254,0.99482548236846924,1.0350583791732788,-3.6106224060058594,0,0,0,0
14,195,118560,22.822849273681641,0,2.6168749332427979,80.802337646484375,67.588233947753906,0,62.505584716796875,24.448860168457031,0,0.0012032452505081892,0.87786597013473511,1.1011641025543213,1.0029282569885254,0.99482548236846924,1.0350583791732788,-3.6106224060058594,0,0,0,0
14,210,118920,20.460805892944336,0,2.2161059379577637,79.599021911621094,66.070045471191406,0,64.917655944824219,24.161968231201172,0,0.00030052298097871244,1.1523289680480957,1.1120438575744629,1.0029282569885254,0.99482548236846924,1.0350583791732788,-3.6106224060058594,0,0,0,0
14,225,119280,16.977886199951172,0,1.8565783500671387,78.46649169921875,64.650772094726562,0,70.240814208984375,22.682781219482422,0,9.9062148365192115E-05,1.1903870105743408,1.1154379844665527,1.0029282569885254,0.99482548236846924,1.0350583791732788,-3.6106224060058594,0,0,0,0
14,240,119640,16.409229278564453,0,1.5340338945388794,77.437599182128906,63.301235198974609,0,76.727912902832031,20.773897171020508,0,0.00092855747789144516,4.2896475791931152,1.1286152601242065,1.0029282569885254,0.99482548236846924,1.0350583791732788,-3.6106224060058594,1,0,0,0
14,255,120000,8.2122945785522461,1.2150760085205548E-05,1.3615132570266724,76.68890380859375,62.001075744628906,0,82.271568298339844,19.018924713134766,0,4.8922935093287379E-05,0.82190024852752686,1.1512187719345093,1.309262752532959,0.99482548236846924,1.0350583791732788,-3.6106224060058594,0,0,0,1
14,270,120360,2.913259744644165,1.6631183825666085E-05,1.3491170406341553,76.491935729980469,60.802616119384766,0,85.086250305175781,17.415605545043945,0,0.0029433309100568295,0.55147850513458252,1.1774774789810181,1.0029282569885254,0.99482548236846924,1.0350583791732788,-3.6106224060058594,0,0,0,0
14,285,120720,-1.2534275054931641,0.00026056423666886985,1.3649425506591797,76.841018676757812,59.750652313232422,0.00076400878606364131,85.478706359863281,15.962668418884277,0,0.001493602292612195,0.30284899473190308,1.2016199827194214,1.0029282569885254,0.99482548236846924,1.0350583791732788,-3.6106224060058594,0,0,0,0
14,300,121080,-4.6909666061401367,0.04705294594168663,1.4040493965148926,77.361526489257812,58.823246002197266,0.62887448072433472,83.5946044921875,16.422958374023438,0,0.0092749800533056259,0.13544505834579468,1.2178752422332764,1.0029282569885254,0.99482548236846924,1.0350583791732788,-3.6106224060058594,0,0,0,0
14,315,121440,-12.549004554748535,0.028695890679955482,1.6946011781692505,78.543495178222656,57.974399566650391,6.2059721946716309,75.954246520996094,22.348180770874023,0,0.016785390675067902,-5.0062932968139648,1.2215769290924072,1.0029282569885254,0.99482548236846924,1.0350583791732788,-3.6106224060058594,0,1,0,0
14,330,121800,-8.7517023086547852,0.018774110823869705,1.8961730003356934,78.224746704101562,57.013751983642578,16.068561553955078,66.941551208496094,29.010448455810547,0,0.010057250037789345,0.31665265560150146,1.2228109836578369,1.0029282569885254,0.99482548236846924,1.0350583791732788,-3.6106224060058594,0,0,0,0
14,345,122160,-9.1983060836791992,0.029637927189469337,1.9187175035476685,77.96533203125,56.055095672607422,27.396120071411133,59.022640228271484,34.045509338378906,0,0.011018604040145874,0.65853875875473022,1.2248945236206055,1.0029282569885254,0.99482548236846924,1.0350583791732788,-3.6106224060058594,0,0,0,0
14,360,122520,-9.5049848556518555,0.09326770156621933,1.928702712059021,77.694015502929688,55.19219970703125,35.402355194091797,52.025299072265625,37.767971038818359,0,0.029395915567874908,0.19165655970573425,0.75898849964141846,1.0513981580734253,0.92068839073181152,0.98568093776702881,-5.8866701126098633,0,0,0,0
14,365,122640,-9.3318805694580078,0.020190911367535591,1.9440281391143799,77.598533630371094,54.929508209228516,37.335224151611328,49.880805969238281,38.753467559814453,0,0.035028275102376938,0.030503749847412109,0.68169373273849487,1.0603740215301514,0.90695929527282715,0.97653692960739136,-6.3081607818603516,0,0,0,0
15,15,123000,-7.7801790237426758,0.039344456046819687,1.9783552885055542,77.402664184570312,54.191543579101562,51.366859436035156,44.072086334228516,40.908191680908203,0,0.028981413692235947,0.29888790845870972,0.8141903281211853,1.0479657649993896,0.92593836784362793,0.98917758464813232,-5.7254924774169922,0,0,0,0
15,30,123360,-5.7627391815185547,0.032932419329881668,1.9609705209732056,78.09246826171875,53.62371826171875,54.939643859863281,39.319087982177734,41.886772155761719,0,0.020228713750839233,0.013744890689849854,0.69826740026473999,1.0603740215301514,0.90695929527282715,0.97653692960739136,-6.3081607818603516,0,0,0,0
15,45,123720,-2.8524789810180664,0.017800869420170784,2.0803289413452148,79.51025390625,53.488906860351562,58.007862091064453,36.569942474365234,40.855995178222656,0,0.025048870593309402,0.010665059089660645,0.68406283855438232,1.0603740215301514,0.90695929527282715,0.97653692960739136,-6.3081607818603516,0,0,0,0
15,60,124080,0.86561226844787598,0.038877230137586594,3.4355313777923584,85.525337219238281,57.543560028076172,41.120826721191406,35.973106384277344,37.883041381835938,0,0.027865210548043251,0.0058943629264831543,0.66205954551696777,1.0603740215301514,0.90695929527282715,0.97653692960739136,-6.3081607818603516,0,0,0,0
15,75,124440,5.4225106239318848,5.7880730309989303E-05,4.0584568977355957,86.794937133789062,70.843399047851562,6.1211509704589844,36.615024566650391,34.631267547607422,0,0.021113980561494827,0.00033861398696899414,0.63643544912338257,1.2646818161010742,0.90695929527282715,0.97653692960739136,-6.3081607818603516,0,0,0,1
15,90,124800,10.427560806274414,0,3.9941365718841553,84.899528503417969,71.10638427734375,0.012502907775342464,40.188831329345703,31.660486221313477,0,0.0073152282275259495,-0.0050963759422302246,0.61136841773986816,1.0603740215301514,0.90695929527282715,0.97653692960739136,-6.3081607818603516,0,0,0,0
15,105,125160,14.634779930114746,0,3.8394491672515869,84.25634765625,69.045372009277344,0,45.992984771728516,28.949140548706055,0,0.012082807719707489,-0.0095047354698181152,0.59103626012802124,1.0603740215301514,0.90695929527282715,0.97653692960739136,-6.3081607818603516,0,0,0,0
15,120,125520,18.29583740234375,0,3.5649206638336182,83.453605651855469,67.139060974121094,0,52.088287353515625,26.53386116027832,0,0.0063793258741497993,-0.011980652809143066,0.57961684465408325,1.0603740215301514,0.90695929527282715,0.97653692960739136,-6.3081607818603516,0,0,0,0
15,135,125880,21.194477081298828,0,3.1545243263244629,82.437217712402344,65.426643371582031,0,56.234607696533203,25.087730407714844,0,0.001077227178029716,-0.0068863034248352051,0.57466858625411987,1.0603740215301514,0.90695929527282715,0.97653692960739136,-6.3081607818603516,0,0,0,0
15,150,126240,23.118070602416992,0,2.674828052520752,81.279449462890625,63.892173767089844,0,58.015449523925781,24.821802139282227,0,0.0016552968882024288,0.021386086940765381,0.55448925495147705,1.0603740215301514,0.90695929527282715,0.97653692960739136,-6.3081607818603516,0,0,0,0
15,165,126600,23.89158821105957,0,2.1283237934112549,80.030410766601562,62.5694580078125,0,58.900218963623047,25.069494247436523,0,0.0023217336274683475,0.065005481243133545,0.52335619926452637,1.0603740215301514,0.90695929527282715,0.97653692960739136,-6.3081607818603516,0,0,0,0
15,180,126960,23.396583557128906,0,1.5580475330352783,78.70635986328125,61.395778656005859,0,59.738826751708984,25.390745162963867,0,0.01209592167288065,0.11374050378799438,0.48857185244560242,1.0603740215301514,0.90695929527282715,0.97653692960739136,-6.3081607818603516,0,0,0,0
15,195,127320,21.739950180053711,0,1.3808486461639404,77.388137817382812,60.273311614990234,0,61.132530212402344,25.473264694213867,0,0.00020493958436418325,0.15735986828804016,0.45743879675865173,1.0603740215301514,0.90695929527282715,0.97653692960739136,-6.3081607818603516,0,0,0,0
15,210,127680,21.85569953918457,0,1.2396397590637207,76.176338195800781,59.173538208007812,0,62.033733367919922,25.752895355224609,0,0.0014075732324272394,3.9740321636199951,0.43725946545600891,1.0603740215301514,0.90695929527282715,0.97653692960739136,-6.3081607818603516,1,0,0,0
15,225,128040,15.448500633239746,0,1.1277012825012207,75.077262878417969,58.121162414550781,0,68.121170043945312,23.919469833374023,0,0.0018678087508305907,0.18991547822952271,0.43539118766784668,1.0603740215301514,0.90695929527282715,0.97653692960739136,-6.3081607818603516,0,0,0,0
15,240,128400,11.336294174194336,0,1.0423134565353394,74.071151733398438,57.088233947753906,0,74.780731201171875,21.893167495727539,0,0.0011661063181236386,0.17950686812400818,0.45452034473419189,1.0603740215301514,0.90695929527282715,0.97653692960739136,-6.3081607818603516,0,0,0,0
15,255,128760,7.0169353485107422,0,0.97797697782516479,73.219406127929688,56.054527282714844,0,80.160842895507812,20.043300628662109,0,0.0014858446083962917,0.16165265440940857,0.48733311891555786,1.0603740215301514,0.90695929527282715,0.97653692960739136,-6.3081607818603516,0,0,0,0
15,270,129120,1.9374368190765381,2.4549881345592439E-06,0.93933248519897461,72.5386962890625,55.061820983886719,0,82.553817749023438,18.355106353759766,0,0.0079516991972923279,0.14091143012046814,0.52545177936553955,1.0603740215301514,0.90695929527282715,0.97653692960739136,-6.3081607818603516,0,0,0,0
15,285,129480,-1.8567982912063599,0.0012125229695811868,0.91776657104492188,72.052536010742188,54.15460205078125,0.0011057219235226512,82.7431640625,16.860328674316406,0,0.010519186966121197,0.12184160947799683,0.56049859523773193,1.0603740215301514,0.90695929527282715,0.97653692960739136,-6.3081607818603516,0,0,0,0
15,300,129840,-5.1192235946655273,1.6445039364043623E-05,0.91940146684646606,72.026649475097656,53.356719970703125,0.0023110024631023407,80.358802795410156,17.722173690795898,0,0.006604805588722229,0.10900181531906128,0.58409583568572998,1.0603740215301514,0.90695929527282715,0.97653692960739136,-6.3081607818603516,0,0,0,0
15,315,130200,-7.612769603729248,0.00087608228204771876,0.93455976247787476,72.303558349609375,52.645275115966797,0.44488686323165894,73.508255004882812,22.767604827880859,0,0.012105681002140045,0.10498526692390442,0.59075641632080078,1.0603740215301514,0.90695929527282715,0.97653692960739136,-6.3081607818603516,0,0,0,0
15,330,130560,-9.1487102508544922,0.0076751280575990677,1.1163430213928223,72.327911376953125,51.988040924072266,1.0948392152786255,65.142868041992188,28.799814224243164,0,0.027506308630108833,0.090061783790588379,0.60897707939147949,1.0603740215301514,0.90695929527282715,0.97653692960739136,-6.3081607818603516,0,0,0,0
15,345,130920,-9.8363275527954102,0.012023762799799442,1.201223611831665,72.13519287109375,51.260334014892578,4.2570462226867676,57.42633056640625,33.680564880371094,0,0.026312639936804771,0.064863115549087524,0.63974308967590332,1.0603740215301514,0.90695929527282715,0.97653692960739136,-6.3081607818603516,0,0,0,0
15,360,131280,-7.9235491752624512,0.13186615705490112,1.1909283399581909,72.049766540527344,50.478282928466797,11.341882705688477,50.633056640625,37.247344970703125,0,0.011725926771759987,1.7557265758514404,1.1981165409088135,0.95996057987213135,0.80830585956573486,0.79911446571350098,-4.5598011016845703,0,0,0,0
15,365,131400,-7.5032691955566406,0.038729287683963776,1.1388808488845825,72.137710571289062,50.226177215576172,16.818330764770508,48.611770629882812,38.120861053466797,0,0.010940864682197571,2.0340065956115723,1.3148351907730103,0.94136548042297363,0.79003673791885376,0.76625841856002808,-4.2360310554504395,0,0,0,0
16,15,131760,-6.5753302574157715,0.061449989676475525,1.14689040184021,72.339157104492188,49.491142272949219,25.821941375732422,42.984920501708984,40.178939819335938,0,0.025559905916452408,1.5375232696533203,1.2114348411560059,0.9670712947845459,0.81529200077056885,0.81167858839035034,-4.6836109161376953,0,0,0,0
16,30,132120,-4.1727075576782227,0.062218848615884781,1.1772408485412598,73.929191589355469,48.892875671386719,48.043346405029297,39.235492706298828,40.212944030761719,0,0.025355245918035507,1.9439932107925415,1.3485839366912842,0.94136548042297363,0.79003673791885376,0.76625841856002808,-4.2360310554504395,0,0,0,0
16,45,132480,-1.2781503200531006,0.061138153076171875,1.3659980297088623,79.110099792480469,50.670738220214844,53.8804931640625,37.654045104980469,38.182212829589844,0,0.0097684981301426888,1.9125881195068359,1.3175350427627563,0.94136548042297363,0.79003673791885376,0.76625841856002808,-4.2360310554504395,0,0,0,0
16,60,132840,2.4493420124053955,0.057548750191926956,2.5166137218475342,86.080947875976562,62.427352905273438,24.451457977294922,37.551223754882812,34.976016998291016,0,0.011560116894543171,1.8639411926269531,1.269439697265625,0.94136548042297363,0.79003673791885376,0.76625841856002808,-4.2360310554504395,0,0,0,0
16,75,133200,6.6151938438415527,0.010615739040076733,2.4070444107055664,84.230911254882812,69.901077270507812,1.3505426645278931,38.674343109130859,31.952276229858398,0,0.015761148184537888,1.8072891235351562,1.2134300470352173,0.94136548042297363,0.79003673791885376,0.76625841856002808,-4.2360310554504395,0,0,0,0
16,90,133560,11.604619026184082,0.00062840391183272004,2.4332351684570312,83.886619567871094,69.413558959960938,0,42.585041046142578,29.203577041625977,0,0.0079993950203061104,1.7518684864044189,1.1586378812789917,0.94136548042297363,0.79003673791885376,0.76625841856002808,-4.2360310554504395,0,0,0,0
16,105,133920,15.72953987121582,3.3830325264716521E-05,2.446568489074707,83.552482604980469,68.038055419921875,0,48.232536315917969,26.699489593505859,0,0.0014149281196296215,1.7069162130355835,1.1141954660415649,0.94136548042297363,0.79003673791885376,0.76625841856002808,-4.2360310554504395,0,0,0,0
16,120,134280,19.634286880493164,0,2.2369527816772461,82.751930236816406,66.324508666992188,0,54.037113189697266,24.564510345458984,0,0.0040810983628034592,1.6816689968109131,1.0892345905303955,0.94136548042297363,0.79003673791885376,0.76625841856002808,-4.2360310554504395,0,0,0,0
16,135,134640,22.531406402587891,0,1.9114353656768799,81.735794067382812,64.706268310546875,0,57.246601104736328,23.670589447021484,0,0.0022202611435204744,1.683598518371582,1.0846735239028931,0.94136548042297363,0.79003673791885376,0.76625841856002808,-4.2360310554504395,0,0,0,0
16,150,135000,24.630931854248047,0,1.5118811130523682,80.554855346679688,63.214908599853516,0,58.20013427734375,23.900196075439453,0,0.00062868709210306406,1.7071127891540527,1.0736777782440186,0.94136548042297363,0.79003673791885376,0.76625841856002808,-4.2360310554504395,0,0,0,0
16,165,135360,25.505834579467773,0,1.3914535045623779,79.298980712890625,61.809112548828125,0,58.565593719482422,24.49677848815918,0,0.0002315338933840394,1.7433911561965942,1.0567132234573364,0.94136548042297363,0.79003673791885376,0.76625841856002808,-4.2360310554504395,0,0,0,0
16,180,135720,25.156167984008789,0,1.2608953714370728,78.024284362792969,60.530284881591797,0,58.927818298339844,25.116357803344727,0,0.00098248268477618694,1.7839242219924927,1.0377591848373413,0.94136548042297363,0.79003673791885376,0.76625841856002808,-4.2360310554504395,0,0,0,0
16,195,136080,23.601936340332031,0,1.1283254623413086,76.756927490234375,59.364585876464844,0,59.652656555175781,25.518522262573242,0,0.00030417009838856757,1.8202025890350342,1.0207946300506592,0.94136548042297363,0.79003673791885376,0.76625841856002808,-4.2360310554504395,0,0,0,0
16,210,136440,20.950611114501953,0,1.0132225751876831,75.568023681640625,58.240150451660156,0,61.691898345947266,25.318845748901367,0,9.7178381111007184E-05,1.8437168598175049,1.0097988843917847,0.94136548042297363,0.79003673791885376,0.76625841856002808,-4.2360310554504395,0,0,0,0
16,225,136800,17.467477798461914,0,0.90580588579177856,74.465431213378906,57.165447235107422,0,66.819206237792969,23.893800735473633,0,0.00050751894013956189,1.855353832244873,1.0091789960861206,0.94136548042297363,0.79003673791885376,0.76625841856002808,-4.2360310554504395,0,0,0,0
16,240,137160,13.467245101928711,0,0.81692242622375488,73.463264465332031,56.126266479492188,0,73.547309875488281,21.895166397094727,0,0.0014036584179848433,1.9261670112609863,1.0235210657119751,0.94136548042297363,0.79003673791885376,0.76625841856002808,-4.2360310554504395,0,0,0,0
16,255,137520,9.2943534851074219,0,0.75280606746673584,72.597686767578125,55.114097595214844,0,79.378997802734375,20.047714233398438,0,0.001155407982878387,2.0476350784301758,1.0481224060058594,0.94136548042297363,0.79003673791885376,0.76625841856002808,-4.2360310554504395,0,0,0,0
16,270,137880,4.4239063262939453,3.420770099182846E-06,0.70157128572463989,71.9644775390625,54.154060363769531,0,82.927742004394531,18.362495422363281,0,0.00041145781870000064,2.1887445449829102,1.0767017602920532,0.94136548042297363,0.79003673791885376,0.76625841856002808,-4.2360310554504395,0,0,0,0
16,285,138240,0.69722718000411987,0.0161704421043396,0.70531779527664185,71.626060485839844,53.249916076660156,0.0001852752611739561,83.844192504882812,16.823225021362305,0,0.0043751043267548084,2.3184828758239746,1.102977991104126,0.94136548042297363,0.79003673791885376,0.76625841856002808,-4.2360310554504395,0,0,0,0
16,300,138600,-2.5108127593994141,1.0729267160058953E-05,0.66673898696899414,71.74853515625,52.473228454589844,0.001966866897419095,83.551376342773438,15.713396072387695,0,0.0089094135910272598,2.4058363437652588,1.1206700801849365,0.94136548042297363,0.79003673791885376,0.76625841856002808,-4.2360310554504395,0,0,0,0
16,315,138960,-5.0494794845581055,0.00065528880804777145,0.67455959320068359,72.178146362304688,51.775127410888672,0.42960691452026367,80.229324340820312,17.564966201782227,0,0.0069441567175090313,2.4191656112670898,1.1275333166122437,0.94136548042297363,0.79003673791885376,0.76625841856002808,-4.2360310554504395,0,0,0,0
16,330,139320,-6.8305425643920898,0.005671920720487833,0.70037746429443359,73.214874267578125,51.142093658447266,3.9065496921539307,73.423965454101562,22.568601608276367,0,0.0064740707166492939,2.3419930934906006,1.1650619506835938,0.94136548042297363,0.79003673791885376,0.76625841856002808,-4.2360310554504395,0,0,0,0
16,345,139680,-7.7100210189819336,0.017791949212551117,0.73914933204650879,73.857398986816406,50.568885803222656,8.9321537017822266,65.494430541992188,28.195392608642578,0,0.016975851729512215,2.2116856575012207,1.2284301519393921,0.94136548042297363,0.79003673791885376,0.76625841856002808,-4.2360310554504395,0,0,0,0
16,360,140040,-9.0655078887939453,0.15011993050575256,0.8075101375579834,73.798934936523438,49.918666839599609,20.368839263916016,57.896598815917969,32.999622344970703,0,0.071561619639396667,0.66962772607803345,1.1931896209716797,1.357738733291626,0.78389978408813477,0.88996988534927368,-6.6253013610839844,0,0,0,0
16,365,140160,-9.0360851287841797,0.051214747130870819,0.82318925857543945,73.735275268554688,49.692253112792969,26.274078369140625,55.515701293945312,34.351306915283203,0,0.087988421320915222,0.33313745260238647,1.1937294006347656,1.4348448514938354,0.78276330232620239,0.91287940740585327,-7.0677590370178223,0,0,0,0
17,15,140520,-7.496373176574707,0.072088383138179779,0.83079820871353149,73.936660766601562,49.093269348144531,42.604694366455078,49.214954376220703,37.357013702392578,0,0.060119599103927612,0.56756657361984253,1.257628321647644,1.3282532691955566,0.78433436155319214,0.88120925426483154,-6.4561057090759277,0,0,0,0
17,30,140880,-5.5225167274475098,0.08018697053194046,0.84118831157684326,75.028541564941406,48.593032836914062,63.973945617675781,44.034748077392578,38.990886688232422,0,0.087601304054260254,0.20106333494186401,1.2281641960144043,1.4348448514938354,0.78276330232620239,0.91287940740585327,-7.0677590370178223,0,0,0,0
17,45,141240,-2.4908809661865234,0.08226379007101059,0.95206236839294434,78.044921875,49.051322937011719,74.041145324707031,41.171520233154297,38.260334014892578,0,0.084521211683750153,0.32985430955886841,1.1989427804946899,1.4348448514938354,0.78276330232620239,0.91287940740585327,-7.0677590370178223,0,0,0,0
17,60,141600,1.4394333362579346,0.14064581692218781,3.6622421741485596,87.558158874511719,60.700588226318359,45.746204376220703,40.664230346679688,35.3843994140625,0,0.058196194469928741,0.52935409545898438,1.1536779403686523,1.4348448514938354,0.78276330232620239,0.91287940740585327,-7.0677590370178223,0,0,0,0
17,75,141960,6.1588425636291504,0.0056211082264780998,4.5662388801574707,86.525733947753906,80.876731872558594,3.4507749080657959,41.498443603515625,32.323013305664062,0,0.050399519503116608,0.76168286800384521,1.1009645462036133,1.4348448514938354,0.78276330232620239,0.91287940740585327,-7.0677590370178223,0,0,0,0
17,90,142320,11.442190170288086,4.7396147238032427E-06,4.775749683380127,85.339691162109375,80.981918334960938,0,45.354774475097656,29.544486999511719,0,0.052966628223657608,0.98896110057830811,1.0493971109390259,1.4348448514938354,0.78276330232620239,0.91287940740585327,-7.0677590370178223,0,0,0,0
17,105,142680,15.531427383422852,2.6932730179396458E-06,4.820742130279541,84.785301208496094,79.004661560058594,0,51.169277191162109,27.012308120727539,0,0.040236003696918488,1.1733088493347168,1.0075701475143433,1.4348448514938354,0.78276330232620239,0.91287940740585327,-7.0677590370178223,0,0,0,0
17,120,143040,19.602193832397461,1.4614499832532601E-06,4.651158332824707,84.129508972167969,76.754035949707031,0,57.088436126708984,24.852375030517578,0,0.015576857142150402,1.2768468856811523,0.98407828807830811,1.4348448514938354,0.78276330232620239,0.91287940740585327,-7.0677590370178223,0,0,0,0
17,135,143400,22.558643341064453,0,4.3564906120300293,83.121864318847656,74.604011535644531,0,60.396286010742188,23.966360092163086,0,0.013047804124653339,1.2724008560180664,0.9863927960395813,1.4348448514938354,0.78276330232620239,0.91287940740585327,-7.0677590370178223,0,0,0,0
17,150,143760,24.340934753417969,0,3.96494460105896,81.992439270019531,72.591453552246094,0,61.451332092285156,24.215734481811523,0,0.017575901001691818,1.1943217515945435,1.0110205411911011,1.4348448514938354,0.78276330232620239,0.91287940740585327,-7.0677590370178223,0,0,0,0
17,165,144120,24.910228729248047,0,3.4907660484313965,80.78253173828125,70.728218078613281,0,61.901992797851562,24.833261489868164,0,0.0080225979909300804,1.0738595724105835,1.0490165948867798,1.4348448514938354,0.78276330232620239,0.91287940740585327,-7.0677590370178223,0,0,0,0
17,180,144480,24.195354461669922,0.0046009249053895473,3.0059208869934082,79.563507080078125,69.023666381835938,0,62.432910919189453,25.430049896240234,0,0.0028063314966857433,0.93926966190338135,1.0914688110351562,1.4348448514938354,0.78276330232620239,0.91287940740585327,-7.0677590370178223,0,0,0,0
17,195,144840,22.384880065917969,0,2.4871289730072021,78.36553955078125,67.416961669921875,0,63.569179534912109,25.718524932861328,0,0.0069185039028525352,0.81880748271942139,1.1294649839401245,1.4348448514938354,0.78276330232620239,0.91287940740585327,-7.0677590370178223,0,0,0,0
17,210,145200,19.512372970581055,0,2.0217020511627197,77.225028991699219,65.870330810546875,0,66.688766479492188,25.14752197265625,0,0.0090239578858017921,0.74072837829589844,1.1540926694869995,1.4348448514938354,0.78276330232620239,0.91287940740585327,-7.0677590370178223,0,0,0,0
17,225,145560,15.842440605163574,0,1.615626335144043,76.193984985351562,64.362724304199219,0,72.838760375976562,23.37803840637207,0,0.005692643579095602,0.73045623302459717,1.1567920446395874,1.4348448514938354,0.78276330232620239,0.91287940740585327,-7.0677590370178223,0,0,0,0
17,240,145920,11.771817207336426,0,1.3443120718002319,75.304634094238281,62.925201416015625,0,79.528770446777344,21.402450561523438,0,0.0058659417554736137,0.77451938390731812,1.1375718116760254,1.4348448514938354,0.78276330232620239,0.91287940740585327,-7.0677590370178223,0,0,0,0
17,255,146280,7.5553779602050781,0,1.2908483743667603,74.551734924316406,61.575424194335938,0,85.013442993164062,19.597463607788086,0,0.020261012017726898,0.85010218620300293,1.1046030521392822,1.4348448514938354,0.78276330232620239,0.91287940740585327,-7.0677590370178223,0,0,0,0
17,270,146640,2.5790607929229736,5.2646096264652442E-06,1.2742865085601807,74.272026062011719,60.284328460693359,0,87.640602111816406,17.949686050415039,0,0.028550004586577415,0.93790692090988159,1.0663031339645386,1.4348448514938354,0.78276330232620239,0.91287940740585327,-7.0677590370178223,0,0,0,0
17,285,147000,-1.0949358940124512,2.2386020646081306E-06,1.2681853771209717,74.098655700683594,59.064449310302734,4.1007879190146923E-06,87.995208740234375,16.458023071289062,0,0.023660251870751381,1.0186358690261841,1.0310895442962646,1.4348448514938354,0.78276330232620239,0.91287940740585327,-7.0677590370178223,0,0,0,0
17,300,147360,-4.3689451217651367,0.014600797556340694,1.2873247861862183,74.469100952148438,57.937385559082031,0.81488585472106934,86.387535095214844,16.608173370361328,0,0.035728942602872849,1.0729911327362061,1.0073801279067993,1.4348448514938354,0.78276330232620239,0.91287940740585327,-7.0677590370178223,0,0,0,0
17,315,147720,-6.715278148651123,0.0025749425403773785,1.3334487676620483,75.512939453125,56.983375549316406,1.550513744354248,80.222320556640625,21.098325729370117,0,0.057905469089746475,1.0734285116195679,1.0050822496414185,1.4348448514938354,0.78276330232620239,0.91287940740585327,-7.0677590370178223,0,0,0,0
17,330,148080,-8.4021148681640625,0.01461353711783886,1.4525902271270752,76.1884765625,56.132453918457031,4.0602288246154785,71.575897216796875,27.546485900878906,0,0.062532514333724976,0.92510008811950684,1.0428805351257324,1.4348448514938354,0.78276330232620239,0.91287940740585327,-7.0677590370178223,0,0,0,0
17,345,148440,-9.2845783233642578,0.026746828109025955,1.573153018951416,75.953125,55.246860504150391,13.182849884033203,63.149631500244141,33.200862884521484,0,0.064545422792434692,0.67464405298233032,1.1067037582397461,1.4348448514938354,0.78276330232620239,0.91287940740585327,-7.0677590370178223,0,0,0,0
17,360,148800,-10.145180702209473,0.057064488530158997,1.6390982866287231,75.659858703613281,54.420143127441406,27.207887649536133,55.654102325439453,37.460426330566406,0,0.029138460755348206,-0.40844827890396118,1.3260077238082886,1.0481264591217041,1.0176568031311035,0.99597173929214478,-6.2077884674072266,0,0,0,0
17,365,148920,-9.9970130920410156,0.18412920832633972,1.6687166690826416,75.555206298828125,54.161029815673828,37.854896545410156,53.356704711914062,38.583866119384766,0,0.02499692514538765,-0.56790679693222046,1.3774088621139526,0.97651195526123047,1.0611555576324463,1.0113592147827148,-6.0485343933105469,0,0,0,0
18,15,149280,-8.4830207824707031,0.13201706111431122,1.754454493522644,75.255104064941406,53.407192230224609,56.105205535888672,47.052932739257812,41.207260131835938,0,0.041871324181556702,-0.41743928194046021,1.3813307285308838,1.0755119323730469,1.0010228157043457,0.99008756875991821,-6.2686867713928223,0,0,0,0
18,30,149640,-6.4784903526306152,0.12405524402856827,1.7797690629959106,75.497749328613281,52.772281646728516,86.451377868652344,41.705276489257812,42.638919830322266,0,0.015382152982056141,-0.57766890525817871,1.4243160486221313,0.97651195526123047,1.0611555576324463,1.0113592147827148,-6.0485343933105469,0,0,0,0
18,45,150000,-3.5813727378845215,0.13181447982788086,1.9004244804382324,77.296463012695312,52.445213317871094,112.63561248779297,38.242317199707031,42.110694885253906,0,0.01859310083091259,-0.54575413465499878,1.4158749580383301,0.97651195526123047,1.0611555576324463,1.0113592147827148,-6.0485343933105469,0,0,0,0
18,60,150360,0.056535560637712479,0.076631106436252594,3.0035755634307861,85.825332641601562,58.040565490722656,106.86263275146484,37.226608276367188,39.309207916259766,0,0.023489858955144882,-0.49631756544113159,1.4027994871139526,0.97651195526123047,1.0611555576324463,1.0113592147827148,-6.0485343933105469,0,0,0,0
18,75,150720,4.3087692260742188,0.045739248394966125,5.3183035850524902,92.868278503417969,82.144729614257812,43.416072845458984,37.490097045898438,35.878433227539062,0,0.011755278334021568,-0.4387458860874176,1.3875725269317627,0.97651195526123047,1.0611555576324463,1.0113592147827148,-6.0485343933105469,0,0,0,0
18,90,151080,9.6767377853393555,0.017382349818944931,5.0095043182373047,91.107147216796875,90.060447692871094,0.65585410594940186,40.196968078613281,32.755908966064453,0,0.0033056049142032862,-0.38242572546005249,1.3726764917373657,0.97651195526123047,1.0611555576324463,1.0113592147827148,-6.0485343933105469,0,0,0,0
18,105,151440,13.76653003692627,0.0045753628946840763,5.0021829605102539,90.567138671875,89.296028137207031,0,45.727890014648438,29.923967361450195,0,0.065180003643035889,-0.33674389123916626,1.3605940341949463,1.3135542869567871,1.0611555576324463,1.0113592147827148,-6.0485343933105469,0,0,0,1
18,120,151800,17.509195327758789,0.10191043466329575,5.3340106010437012,89.763374328613281,87.98785400390625,0,51.994338989257812,27.372673034667969,0,0.0049904421903192997,-0.31108692288398743,1.3538081645965576,0.97651195526123047,1.0611555576324463,1.0113592147827148,-6.0485343933105469,0,0,0,0
18,135,152160,20.761333465576172,9.9766998573613819E-07,4.8669686317443848,88.668777465820312,86.266471862792969,0,57.090618133544922,25.547691345214844,0,0.00098304613493382931,-0.30453747510910034,1.349998950958252,0.97651195526123047,1.0611555576324463,1.0113592147827148,-6.0485343933105469,0,0,0,0
18,150,152520,22.819858551025391,0,4.6268153190612793,87.452621459960938,84.265792846679688,0,59.720771789550781,24.937997817993164,0,0.00048594805411994457,-0.28338229656219482,1.3334096670150757,0.97651195526123047,1.0611555576324463,1.0113592147827148,-6.0485343933105469,0,0,0,0
18,165,152880,23.598451614379883,0,4.280217170715332,86.016044616699219,82.354629516601562,0,61.027053833007812,25.044153213500977,0,0.0013162149116396904,-0.25074362754821777,1.3078151941299438,0.97651195526123047,1.0611555576324463,1.0113592147827148,-6.0485343933105469,0,0,0,0
18,180,153240,23.17304801940918,0,3.8870627880096436,84.670387268066406,80.4298095703125,0,62.192146301269531,25.278303146362305,0,0.00026817171601578593,-0.21427708864212036,1.2792190313339233,0.97651195526123047,1.0611555576324463,1.0113592147827148,-6.0485343933105469,0,0,0,0
18,195,153600,21.552743911743164,0,3.5100305080413818,83.390365600585938,78.499481201171875,0,64.052001953125,25.225093841552734,0,8.4867126133758575E-05,-0.18163840472698212,1.2536245584487915,0.97651195526123047,1.0611555576324463,1.0113592147827148,-6.0485343933105469,0,0,0,0
18,210,153960,20.615697860717773,0,3.0974340438842773,82.054550170898438,76.565513610839844,0,65.302749633789062,25.416751861572266,0,0.00033722093212418258,2.2593002319335938,1.2370351552963257,0.97651195526123047,1.0611555576324463,1.0113592147827148,-6.0485343933105469,1,0,0,0
18,225,154320,15.095284461975098,1.9812769096461125E-06,2.7976305484771729,81.058219909667969,74.725730895996094,0,71.6961669921875,23.505134582519531,0,0.0010086455149576068,-0.16063974797725677,1.2328341007232666,0.97651195526123047,1.0611555576324463,1.0113592147827148,-6.0485343933105469,0,0,0,0
18,240,154680,10.989596366882324,0.024002688005566597,2.6193339824676514,80.187126159667969,72.936172485351562,0,78.292984008789062,21.509532928466797,0,0.00046458683209493756,-0.20151135325431824,1.2223306894302368,0.97651195526123047,1.0611555576324463,1.0113592147827148,-6.0485343933105469,0,0,0,0
18,255,155040,6.6568613052368164,1.539616278023459E-05,2.3661141395568848,79.608100891113281,71.183265686035156,0,83.420906066894531,19.687850952148438,0,0.00021333724725991488,-0.27161961793899536,1.2043136358261108,0.97651195526123047,1.0611555576324463,1.0113592147827148,-6.0485343933105469,0,0,0,0
18,270,155400,1.6187230348587036,8.5661149569205008E-06,2.2567274570465088,79.516349792480469,69.4442138671875,1.575859300828597E-06,85.492622375488281,18.023574829101562,0,0.0029697190038859844,-0.35306447744369507,1.1833833456039429,0.97651195526123047,1.0611555576324463,1.0113592147827148,-6.0485343933105469,0,0,0,0
18,285,155760,-2.2895972728729248,2.1587478840956464E-05,2.2049510478973389,79.854476928710938,67.863967895507812,4.5868706365581602E-05,85.519615173339844,16.636627197265625,0,0.005865403451025486,-0.4279460608959198,1.1641396284103394,0.97651195526123047,1.0611555576324463,1.0113592147827148,-6.0485343933105469,0,0,0,0
18,300,156120,-5.6360368728637695,0.0013034517178311944,2.2388443946838379,80.511062622070312,66.516571044921875,1.4566811323165894,82.281745910644531,18.334205627441406,0,0.0043799378909170628,-0.47836431860923767,1.1511827707290649,0.97651195526123047,1.0611555576324463,1.0113592147827148,-6.0485343933105469,0,0,0,0
18,315,156480,-8.1200618743896484,0.0088220285251736641,2.3756957054138184,81.159873962402344,65.42315673828125,5.3944869041442871,74.474113464355469,24.231777191162109,0,0.0051079345867037773,-0.49075701832771301,1.1518489122390747,0.97651195526123047,1.0611555576324463,1.0113592147827148,-6.0485343933105469,0,0,0,0
18,330,156840,-9.6772499084472656,0.022364966571331024,2.8174335956573486,80.837654113769531,64.106719970703125,13.432777404785156,65.7738037109375,30.439062118530273,0,0.014703996479511261,-0.50621509552001953,1.1970431804656982,0.97651195526123047,1.0611555576324463,1.0113592147827148,-6.0485343933105469,0,0,0,0
18,345,157200,-10.385104179382324,0.051626328378915787,2.7956392765045166,80.4996337890625,62.766273498535156,27.03221321105957,57.965892791748047,35.239395141601562,0,0.018837597221136093,-0.53231650590896606,1.2733548879623413,0.97651195526123047,1.0611555576324463,1.0113592147827148,-6.0485343933105469,0,0,0,0
18,360,157560,-11.731878280639648,0.26561585068702698,2.7446386814117432,80.170379638671875,61.508769989013672,47.379177093505859,51.082317352294922,38.717731475830078,0,0.0095105981454253197,-2.1655821800231934,1.3304094076156616,0.94991153478622437,0.99306577444076538,1.1757019758224487,-8.2264404296875,0,0,0,0
18,365,157680,-11.595058441162109,0.086433961987495422,2.744429349899292,80.055999755859375,61.110137939453125,56.397438049316406,48.974540710449219,39.617599487304688,0,0.010127953253686428,-2.4384968280792236,1.335620641708374,0.94498550891876221,0.98045653104782104,1.2061358690261841,-8.6297569274902344,0,0,0,0
19,15,158040,-9.7844324111938477,0.11173576861619949,2.7691977024078369,79.71978759765625,59.963665008544922,85.6666259765625,43.160751342773438,41.646053314208984,0,0.019684096798300743,-2.0006375312805176,1.369010329246521,0.95179522037506104,0.99788749217987061,1.1640641689300537,-8.0722122192382812,0,0,0,0
19,30,158400,-7.7331829071044922,0.23035822808742523,2.8855438232421875,79.436439514160156,58.852546691894531,116.39459228515625,38.068923950195312,42.762813568115234,0,0.023360393941402435,-2.3513524532318115,1.353914737701416,0.94498550891876221,0.98045653104782104,1.2061358690261841,-8.6297569274902344,0,0,0,0
19,45,158760,-4.6638178825378418,0.18735554814338684,2.7354834079742432,80.458724975585938,58.119846343994141,137.3543701171875,34.248683929443359,42.545124053955078,0,0.011522472836077213,-2.1847877502441406,1.3456482887268066,0.94498550891876221,0.98045653104782104,1.2061358690261841,-8.6297569274902344,0,0,0,0
19,60,159120,-0.90357142686843872,0.12621714174747467,3.2775077819824219,85.5455322265625,60.173530578613281,144.55877685546875,32.769252777099609,40.104164123535156,0,0.0085519980639219284,-1.9267756938934326,1.3328431844711304,0.94498550891876221,0.98045653104782104,1.2061358690261841,-8.6297569274902344,0,0,0,0
19,75,159480,3.4910714626312256,0.044292774051427841,6.7384953498840332,95.610504150390625,81.564163208007812,84.780372619628906,32.831230163574219,36.638908386230469,0,0.014252476394176483,-1.6263058185577393,1.3179309368133545,0.94498550891876221,0.98045653104782104,1.2061358690261841,-8.6297569274902344,0,0,0,0
19,90,159840,1.4409449100494385,0.31385299563407898,7.6418652534484863,96.500267028808594,97.783615112304688,19.857481002807617,34.17193603515625,33.427494049072266,0,0.0084686009213328362,-8.6249408721923828,1.3033429384231567,0.94498550891876221,0.98045653104782104,1.2061358690261841,-8.6297569274902344,0,1,0,0
19,105,160200,13.683481216430664,0.0026704526972025633,6.9252266883850098,95.340370178222656,97.160324096679688,0,37.863014221191406,30.520687103271484,0,0.0017388011328876019,-1.0939517021179199,1.2915104627609253,0.94498550891876221,0.98045653104782104,1.2061358690261841,-8.6297569274902344,0,0,0,0
19,120,160560,17.51893424987793,8.0291747508454137E-06,6.901240348815918,94.210220336914062,96.088066101074219,0,44.273284912109375,27.90252685546875,0,0.067483209073543549,-0.96004670858383179,1.2848647832870483,1.1694824695587158,0.98045653104782104,1.2061358690261841,-8.6297569274902344,0,0,0,1
19,135,160920,20.268947601318359,3.6736949482474301E-07,6.7969040870666504,92.906730651855469,94.447105407714844,0,49.738899230957031,25.882574081420898,0,0.0024947852361947298,-0.9568135142326355,1.2841235399246216,0.94498550891876221,0.98045653104782104,1.2061358690261841,-8.6297569274902344,0,0,0,0
19,150,161280,22.25615119934082,0,6.5808782577514648,91.497474670410156,92.607223510742188,0,53.024826049804688,24.904863357543945,0,0.00041867230902425945,-1.0102381706237793,1.2837004661560059,0.94498550891876221,0.98045653104782104,1.2061358690261841,-8.6297569274902344,0,0,0,0
19,165,161640,22.6683349609375,2.8127803375355143E-07,6.2960481643676758,90.1812744140625,90.613334655761719,0,55.149856567382812,24.566627502441406,0,0.00015316215285565704,-1.092663049697876,1.2830479145050049,0.94498550891876221,0.98045653104782104,1.2061358690261841,-8.6297569274902344,0,0,0,0
19,180,162000,21.993759155273438,0,5.9723634719848633,88.832443237304688,88.703323364257812,0,57.201717376708984,24.374288558959961,0,0.00049646291881799698,-1.1847546100616455,1.2823187112808228,0.94498550891876221,0.98045653104782104,1.2061358690261841,-8.6297569274902344,0,0,0,0
19,195,162360,19.954900741577148,2.8513372285488003E-07,5.6732449531555176,87.635986328125,86.860252380371094,0,60.301967620849609,23.82733154296875,0,0.00023912900360301137,-1.2671793699264526,1.2816661596298218,0.94498550891876221,0.98045653104782104,1.2061358690261841,-8.6297569274902344,0,0,0,0
19,210,162720,17.20709228515625,2.1642887077177875E-05,5.3725099563598633,86.418128967285156,84.987396240234375,0,65.536544799804688,22.497753143310547,0,4.888953480985947E-05,-1.3206040859222412,1.2812430858612061,0.94498550891876221,0.98045653104782104,1.2061358690261841,-8.6297569274902344,0,0,0,0
19,225,163080,13.448310852050781,6.9200075813569129E-05,5.1673145294189453,85.482162475585938,83.120330810546875,0,72.31451416015625,20.636886596679688,0,0.00013893471623305231,-1.3475039005279541,1.2806650400161743,0.94498550891876221,0.98045653104782104,1.2061358690261841,-8.6297569274902344,0,0,0,0
19,240,163440,9.0752162933349609,5.7732573623070493E-05,5.0385618209838867,84.729721069335938,81.342979431152344,0,78.592506408691406,18.881328582763672,0,0.0012973733246326447,-1.5129261016845703,1.2757620811462402,0.94498550891876221,0.98045653104782104,1.2061358690261841,-8.6297569274902344,0,0,0,0
19,255,163800,4.4670934677124023,0.077523976564407349,5.2411680221557617,84.339111328125,79.639556884765625,0,82.7177734375,17.278474807739258,0,0.0011905963765457273,-1.7966793775558472,1.2673519849777222,0.94498550891876221,0.98045653104782104,1.2061358690261841,-8.6297569274902344,0,0,0,0
19,270,164160,-0.70201480388641357,0.00020262223551981151,4.9923138618469238,84.453765869140625,78.118125915527344,0.00036996230483055115,83.759048461914062,15.81611156463623,0,0.00055946421343833208,-2.1263160705566406,1.2575819492340088,0.94498550891876221,0.98045653104782104,1.2061358690261841,-8.6297569274902344,0,0,0,0
19,285,164520,-4.867640495300293,0.00098997354507446289,5.0289478302001953,85.009178161621094,76.718437194824219,1.8088964223861694,82.343368530273438,15.848275184631348,0,0.0025924374349415302,-2.4293889999389648,1.2485991716384888,0.94498550891876221,0.98045653104782104,1.2061358690261841,-8.6297569274902344,0,0,0,0
19,300,164880,-8.2419118881225586,0.0072754542343318462,5.1415843963623047,85.518020629882812,75.505508422851562,7.9628486633300781,75.430404663085938,21.116907119750977,0,0.0083096353337168694,-2.6334497928619385,1.2425512075424194,0.94498550891876221,0.98045653104782104,1.2061358690261841,-8.6297569274902344,0,0,0,0
19,315,165240,-10.523280143737793,0.11071960628032684,5.6229996681213379,85.052993774414062,73.884254455566406,14.25456714630127,66.612747192382812,27.709091186523438,0,0.0067800241522490978,-2.6749956607818604,1.2426685094833374,0.94498550891876221,0.98045653104782104,1.2061358690261841,-8.6297569274902344,0,0,0,0
19,330,165600,-11.90195369720459,0.038390513509511948,5.7693533897399902,84.5750732421875,72.216903686523438,27.753505706787109,58.704776763916016,32.843017578125,0,0.0040991427376866341,-2.6276097297668457,1.2612929344177246,0.94498550891876221,0.98045653104782104,1.2061358690261841,-8.6297569274902344,0,0,0,0
19,345,165960,-12.356650352478027,0.057352736592292786,5.654442310333252,84.132789611816406,70.646614074707031,47.65399169921875,51.735759735107422,36.614551544189453,0,0.012479138560593128,-2.5475969314575195,1.2927404642105103,0.94498550891876221,0.98045653104782104,1.2061358690261841,-8.6297569274902344,0,0,0,0
19,360,166320,-12.008327484130859,0.061821173876523972,5.5641040802001953,83.6834716796875,69.201095581054688,68.508758544921875,45.594261169433594,39.254051208496094,0,0.03313509002327919,-2.3672983646392822,1.0481703281402588,1.0763357877731323,0.99256086349487305,1.3061221837997437,-4.2699985504150391,0,0,0,0
19,365,166440,-11.717117309570312,0.062026519328355789,5.5537495613098145,83.53131103515625,68.74005126953125,71.273468017578125,43.713649749755859,39.927314758300781,0,0.036344841122627258,-2.277848482131958,0.99214953184127808,1.100659966468811,0.99480241537094116,1.3246381282806396,-3.4626359939575195,0,0,0,0
20,15,166800,-10.276606559753418,0.10694505274295807,5.5625839233398438,83.098617553710938,67.359687805175781,96.664505004882812,38.524677276611328,41.333217620849609,0,0.020074000582098961,-2.1932010650634766,1.0634158849716187,1.0670342445373535,0.99170368909835815,1.2990416288375854,-4.5787343978881836,0,0,0,0
20,30,167160,-8.2357072830200195,0.10176128149032593,5.6734786033630371,82.734161376953125,65.992500305175781,113.63441467285156,33.963169097900391,42.018989562988281,0,0.02882990799844265,-2.1017310619354248,0.98597985506057739,1.100659966468811,0.99480241537094116,1.3246381282806396,-3.4626357555389404,0,0,0,0
20,45,167520,-5.401707649230957,0.26200884580612183,5.5182003974914551,83.481208801269531,65.013336181640625,126.82160186767578,30.318422317504883,41.758373260498047,0,0.040343545377254486,-1.9813910722732544,1.0016177892684937,1.100659966468811,0.99480241537094116,1.3246381282806396,-3.4626357555389404,0,0,0,0
20,60,167880,-1.8832162618637085,0.10865510255098343,5.7562270164489746,85.773887634277344,65.1075439453125,132.94010925292969,28.555871963500977,39.717720031738281,0,0.025537017732858658,-1.7949819564819336,1.0258413553237915,1.100659966468811,0.99480241537094116,1.3246381282806396,-3.4626357555389404,0,0,0,0
20,75,168240,2.3919131755828857,0.04276459664106369,8.4326715469360352,95.444404602050781,78.933647155761719,89.734001159667969,28.401004791259766,36.425090789794922,0,0.010751582682132721,-1.5778981447219849,1.0540510416030884,1.100659966468811,0.99480241537094116,1.3246381282806396,-3.4626357555389404,0,0,0,0
20,90,168600,8.1168155670166016,0.0075993612408638,8.2405261993408203,96.770866394042969,99.442039489746094,9.8228187561035156,30.008335113525391,33.2598876953125,0,0.015680044889450073,-1.3655333518981934,1.0816473960876465,1.100659966468811,0.99480241537094116,1.3246381282806396,-3.4626357555389404,0,0,0,0
20,105,168960,12.617428779602051,0.16641327738761902,8.1309804916381836,95.548583984375,98.939582824707031,0,35.104957580566406,30.387327194213867,0,0.0156078040599823,-1.1932821273803711,1.1040310859680176,1.100659966468811,0.99480241537094116,1.3246381282806396,-3.4626357555389404,0,0,0,0
20,120,169320,16.706670761108398,8.7453008745796978E-06,7.6218347549438477,94.393577575683594,97.487068176269531,0,41.317802429199219,27.778964996337891,0,0.0050238142721354961,-1.0965381860733032,1.1166027784347534,1.100659966468811,0.99480241537094116,1.3246381282806396,-3.4626357555389404,0,0,0,0
20,135,169680,19.671449661254883,4.7207108764268924E-06,7.5616645812988281,93.179237365722656,95.52606201171875,0,46.898368835449219,25.656135559082031,0,0.0020073656924068928,-1.1029024124145508,1.1161377429962158,1.100659966468811,0.99480241537094116,1.3246381282806396,-3.4626357555389404,0,0,0,0
20,150,170040,21.796518325805664,0,7.3880634307861328,91.843109130859375,93.338417053222656,0,50.319721221923828,24.552875518798828,0,0.0040228357538580894,-1.1875574588775635,1.1070530414581299,1.100659966468811,0.99480241537094116,1.3246381282806396,-3.4626357555389404,0,0,0,0
20,165,170400,22.456245422363281,0.034331463277339935,7.2729482650756836,90.535118103027344,91.164619445800781,0,52.494785308837891,24.128944396972656,0,0.0014758339384570718,-1.3181650638580322,1.0930368900299072,1.100659966468811,0.99480241537094116,1.3246381282806396,-3.4626357555389404,0,0,0,0
20,180,170760,22.103723526000977,7.0026140974732698E-07,6.8225412368774414,89.084762573242188,89.077262878417969,0,54.464794158935547,23.911542892456055,0,0.00023708750086370856,-1.4640902280807495,1.0773769617080688,1.100659966468811,0.99480241537094116,1.3246381282806396,-3.4626357555389404,0,0,0,0
20,195,171120,20.344015121459961,1.3086454373478773E-06,6.4912867546081543,87.7274169921875,87.081352233886719,0,57.293472290039062,23.423871994018555,0,0.00072808214463293552,-1.5946977138519287,1.0633608102798462,1.100659966468811,0.99480241537094116,1.3246381282806396,-3.4626357555389404,0,0,0,0
20,210,171480,17.646936416625977,2.1848125015822006E-06,6.1570320129394531,86.554130554199219,85.058700561523438,0,62.170154571533203,22.196372985839844,0,0.0026888877619057894,-1.6793527603149414,1.0542761087417603,1.100659966468811,0.99480241537094116,1.3246381282806396,-3.4626357555389404,0,0,0,0
20,225,171840,14.021564483642578,0.0054523576982319355,5.9610257148742676,85.696998596191406,83.013450622558594,0,68.773193359375,20.385011672973633,0,0.00089291553013026714,-1.7114039659500122,1.0523667335510254,1.100659966468811,0.99480241537094116,1.3246381282806396,-3.4626357555389404,0,0,0,0
20,240,172200,13.283607482910156,0,5.7092471122741699,84.812576293945312,81.088592529296875,0,75.060089111328125,18.652317047119141,0,0.00030508273630402982,0.6296999454498291,1.0504649877548218,1.100659966468811,0.99480241537094116,1.3246381282806396,-3.4626357555389404,1,0,0,0
20,255,172560,5.3498616218566895,2.5034834834514186E-05,5.5427241325378418,84.198028564453125,79.178878784179688,0,80.142913818359375,17.071134567260742,0,0.003133266931399703,-2.1405847072601318,1.0472028255462646,1.100659966468811,0.99480241537094116,1.3246381282806396,-3.4626357555389404,0,0,0,0
20,270,172920,0.010773489251732826,0.00021611225383821875,5.488248348236084,84.220298767089844,77.464851379394531,0.00028443319024518132,81.551780700683594,15.625467300415039,0,0.0064163100905716419,-2.4555480480194092,1.0434130430221558,1.100659966468811,0.99480241537094116,1.3246381282806396,-3.4626357555389404,0,0,0,0
20,285,173280,-4.3143448829650879,0.025223793461918831,5.458519458770752,84.42413330078125,75.93402099609375,1.9032211303710938,80.777183532714844,15.080971717834473,0,0.0046182209625840187,-2.7451298236846924,1.0399287939071655,1.100659966468811,0.99480241537094116,1.3246381282806396,-3.4626357555389404,0,0,0,0
20,300,173640,-7.705958366394043,0.0036601161118596792,5.4808921813964844,85.070442199707031,74.668212890625,3.2820906639099121,74.853858947753906,19.480009078979492,0,0.0056753400713205338,-2.9401071071624756,1.0375828742980957,1.100659966468811,0.99480241537094116,1.3246381282806396,-3.4626357555389404,0,0,0,0
20,315,174000,-10.258123397827148,0.015745513141155243,5.8690204620361328,84.857833862304688,73.200538635253906,9.9373989105224609,66.232833862304688,26.030412673950195,0,0.01667499914765358,-2.9724493026733398,1.0363686084747314,1.100659966468811,0.99480241537094116,1.3246381282806396,-3.4626357555389404,0,0,0,0
20,330,174360,-14.3756103515625,0.028096646070480347,6.0435190200805664,84.405555725097656,71.601165771484375,25.952682495117188,58.369586944580078,31.263492584228516,0,0.021510282531380653,-6.2628879547119141,1.0275086164474487,1.100659966468811,0.99480241537094116,1.3246381282806396,-3.4626357555389404,0,1,0,0
20,345,174720,-12.362005233764648,0.069575808942317963,5.8964662551879883,84.009414672851562,70.079032897949219,38.806278228759766,51.439781188964844,35.152961730957031,0,0.015697414055466652,-2.5982773303985596,1.0125483274459839,1.100659966468811,0.99480241537094116,1.3246381282806396,-3.4626357555389404,0,0,0,0
20,360,175080,-11.204790115356445,0.055003520101308823,5.810814380645752,83.621116638183594,68.6319580078125,50.174705505371094,45.332912445068359,37.915622711181641,0,0.045767609030008316,-1.4810614585876465,1.1330415010452271,1.2909058332443237,1.002646803855896,1.0332366228103638,-1.0869326591491699,0,0,0,0
20,365,175200,-10.913731575012207,0.061951342970132828,5.7968759536743164,83.493675231933594,68.165840148925781,56.561813354492188,43.462917327880859,38.610782623291016,0,0.060357868671417236,-1.320220947265625,1.1679407358169556,1.326136589050293,1.0040994882583618,0.97927337884902954,-0.6469876766204834,0,0,0,0
21,15,175560,-9.8946046829223633,0.08528224378824234,5.7932286262512207,83.120712280273438,66.830963134765625,75.445472717285156,38.303310394287109,40.134891510009766,0,0.059458527714014053,-1.4970040321350098,1.1427386999130249,1.2774336338043213,1.0020912885665894,1.0538721084594727,-1.2551677227020264,0,0,0,0
21,30,175920,-7.8769321441650391,0.26326534152030945,5.8643031120300293,82.788345336914062,65.580192565917969,93.064834594726562,33.781784057617188,40.892444610595703,0,0.051432840526103973,-1.3125724792480469,1.1887863874435425,1.326136589050293,1.0040994882583618,0.97927337884902954,-0.6469876766204834,0,0,0,0
21,45,176280,-5.2375144958496094,0.13163498044013977,5.7283201217651367,83.745681762695312,64.750297546386719,110.28946685791016,30.238510131835938,40.623874664306641,0,0.047953095287084579,-1.2772490978240967,1.1917939186096191,1.326136589050293,1.0040994882583618,0.97927337884902954,-0.6469876766204834,0,0,0,0
21,60,176640,-1.9343962669372559,0.098702810704708099,5.9251151084899902,86.785591125488281,65.128067016601562,119.81753540039062,28.509933471679688,38.631748199462891,0,0.05682840570807457,-1.2225325107574463,1.1964528560638428,1.326136589050293,1.0040994882583618,0.97927337884902954,-0.6469876766204834,0,0,0,0
21,75,177000,2.2007403373718262,0.053620282560586929,8.6735334396362305,97.133148193359375,80.839706420898438,74.399253845214844,28.322954177856445,35.441436767578125,0,0.043795410543680191,-1.1588119268417358,1.2018783092498779,1.326136589050293,1.0040994882583618,0.97927337884902954,-0.6469876766204834,0,0,0,0
21,90,177360,7.7761988639831543,0.072799861431121826,8.6301708221435547,96.760810852050781,101.5994873046875,7.3947658538818359,29.868770599365234,32.360279083251953,0,0.02531268447637558,-1.0964765548706055,1.2071858644485474,1.326136589050293,1.0040994882583618,0.97927337884902954,-0.6469876766204834,0,0,0,0
21,105,177720,12.258646965026855,0.0041734408587217331,7.9432024955749512,95.541786193847656,101.42904663085938,0,34.763565063476562,29.565128326416016,0,0.019563436508178711,-1.0459157228469849,1.2114908695220947,1.326136589050293,1.0040994882583618,0.97927337884902954,-0.6469876766204834,0,0,0,0
21,120,178080,16.266565322875977,5.3358471632236615E-06,7.9464526176452637,94.688148498535156,100.01462554931641,0,40.893878936767578,27.019975662231445,0,0.021948710083961487,-1.0175185203552246,1.2139087915420532,1.326136589050293,1.0040994882583618,0.97927337884902954,-0.6469876766204834,0,0,0,0
21,135,178440,19.512893676757812,3.4247336770931724E-06,7.885930061340332,93.691993713378906,97.984336853027344,0,46.568592071533203,24.915111541748047,0,0.011370723135769367,-1.0129270553588867,1.2130526304244995,1.326136589050293,1.0040994882583618,0.97927337884902954,-0.6469876766204834,0,0,0,0
21,150,178800,21.745401382446289,0,7.7450008392333984,92.621482849121094,95.525062561035156,0,50.146343231201172,23.795759201049805,0,0.0032120223622769117,-1.0035808086395264,1.2072464227676392,1.326136589050293,1.0040994882583618,0.97927337884902954,-0.6469876766204834,0,0,0,0
21,165,179160,22.954677581787109,0,7.5160617828369141,91.392173767089844,93.0665283203125,0,52.183357238769531,23.46992301940918,0,0.0061430959030985832,-0.98916089534759521,1.1982884407043457,1.326136589050293,1.0040994882583618,0.97927337884902954,-0.6469876766204834,0,0,0,0
21,180,179520,22.736051559448242,0,7.237480640411377,90.089942932128906,90.721778869628906,0,53.890903472900391,23.392660140991211,0,0.0061707440763711929,-0.97304999828338623,1.1882799863815308,1.326136589050293,1.0040994882583618,0.97927337884902954,-0.6469876766204834,0,0,0,0
21,195,179880,21.387609481811523,0,6.9377379417419434,88.842933654785156,88.427215576171875,0,56.157855987548828,23.148246765136719,0,0.0020815257448703051,-0.95863020420074463,1.1793221235275269,1.326136589050293,1.0040994882583618,0.97927337884902954,-0.6469876766204834,0,0,0,0
21,210,180240,18.877920150756836,0,6.6546821594238281,87.720291137695312,86.218620300292969,0,60.291580200195312,22.213275909423828,0,0.0012135739671066403,-0.94928383827209473,1.1735159158706665,1.326136589050293,1.0040994882583618,0.97927337884902954,-0.6469876766204834,0,0,0,0
21,225,180600,15.414303779602051,0.011786992661654949,6.434847354888916,86.754745483398438,84.134613037109375,0,66.589553833007812,20.518405914306641,0,0.0055328449234366417,-0.95216560363769531,1.1711796522140503,1.326136589050293,1.0040994882583618,0.97927337884902954,-0.6469876766204834,0,0,0,0
21,240,180960,11.380752563476562,2.9805625672452152E-05,6.1862707138061523,85.897926330566406,82.160987854003906,0,73.002548217773438,18.771577835083008,0,0.006414100993424654,-0.99790441989898682,1.1589798927307129,1.326136589050293,1.0040994882583618,0.97927337884902954,-0.6469876766204834,0,0,0,0
21,255,181320,6.9907889366149902,5.1836675993399695E-05,6.0715408325195312,85.314743041992188,80.257476806640625,0,78.110801696777344,17.176334381103516,0,0.0035283456090837717,-1.0763615369796753,1.1380534172058105,1.326136589050293,1.0040994882583618,0.97927337884902954,-0.6469876766204834,0,0,0,0
21,270,181680,1.9008231163024902,0.00012997808516956866,6.0111942291259766,84.985771179199219,78.447052001953125,2.1083953470224515E-05,80.33489990234375,15.719231605529785,0,0.0081899259239435196,-1.1675053834915161,1.1137430667877197,1.326136589050293,1.0040994882583618,0.97927337884902954,-0.6469876766204834,0,0,0,0
21,285,182040,-2.1790235042572021,0.0025807006750255823,5.9748234748840332,85.022651672363281,76.845947265625,0.21930524706840515,80.466888427734375,14.471116065979004,0,0.021128663793206215,-1.2513042688369751,1.091391921043396,1.326136589050293,1.0040994882583618,0.97927337884902954,-0.6469876766204834,0,0,0,0
21,300,182400,-5.5086979866027832,0.0011877452488988638,5.9427556991577148,85.353958129882812,75.50714111328125,0.48698291182518005,77.652107238769531,15.950650215148926,0,0.022934943437576294,-1.3077266216278076,1.0763425827026367,1.326136589050293,1.0040994882583618,0.97927337884902954,-0.6469876766204834,0,0,0,0
21,315,182760,-8.2444877624511719,0.0095635149627923965,6.0280823707580566,85.94573974609375,74.363357543945312,3.2620372772216797,70.297401428222656,21.623760223388672,0,0.020868020132184029,-1.3202399015426636,1.0744717121124268,1.326136589050293,1.0040994882583618,0.97927337884902954,-0.6469876766204834,0,0,0,0
21,330,183120,-10.069473266601562,0.018970770761370659,6.2921700477600098,85.563652038574219,72.845527648925781,9.6153526306152344,62.054111480712891,27.623931884765625,0,0.038294445723295212,-1.3202360868453979,1.093199610710144,1.326136589050293,1.0040994882583618,0.97927337884902954,-0.6469876766204834,0,0,0,0
21,345,183480,-11.032992362976074,0.032940138131380081,6.232696533203125,85.214790344238281,71.344490051269531,19.754047393798828,54.689601898193359,32.254226684570312,0,0.054492555558681488,-1.3202296495437622,1.1248221397399902,1.326136589050293,1.0040994882583618,0.97927337884902954,-0.6469876766204834,0,0,0,0
21,360,183840,-12.324816703796387,0.14027896523475647,6.207512378692627,84.881080627441406,69.921791076660156,32.00555419921875,48.198955535888672,35.640777587890625,0,0.023861154913902283,-2.4534413814544678,1.1088364124298096,1.1057881116867065,0.84328675270080566,0.92471325397491455,0.74368476867675781,0,0,0,0
21,365,183960,-12.504244804382324,0.061264060437679291,6.2122416496276855,84.764823913574219,69.473213195800781,38.721992492675781,46.211387634277344,36.524589538574219,0,0.015965601429343224,-2.8334281444549561,1.1215537786483765,1.0649828910827637,0.8135066032409668,0.91460955142974854,1.0012166500091553,0,0,0,0
22,15,184320,-11.444624900817871,0.20811650156974792,6.2345495223999023,84.406242370605469,68.185890197753906,58.499286651611328,40.727176666259766,38.548599243164062,0,0.029160944744944572,-2.7653281688690186,1.1688882112503052,1.1213921308517456,0.85467469692230225,0.92857694625854492,0.64520442485809326,0,0,0,0
22,30,184680,-9.9105825424194336,0.097991891205310822,6.3682494163513184,84.047111511230469,66.996826171875,83.281196594238281,35.894031524658203,39.749889373779297,0,0.033494465053081512,-3.1526422500610352,1.1587791442871094,1.0649828910827637,0.8135066032409668,0.91460955142974854,1.0012166500091553,0,0,0,0
22,45,185040,-7.3943705558776855,0.12848621606826782,6.3008098602294922,84.112678527832031,65.851921081542969,104.12429809570312,31.693145751953125,40.22802734375,0,0.026173330843448639,-2.983154296875,1.1193447113037109,1.0649828910827637,0.8135066032409668,0.91460955142974854,1.0012166500091553,0,0,0,0
22,60,185400,-3.7360804080963135,0.13578750193119049,6.2441740036010742,84.886093139648438,65.089591979980469,127.51345062255859,28.209850311279297,39.93878173828125,0,0.013766287826001644,-2.720613956451416,1.0582598447799683,1.0649828910827637,0.8135066032409668,0.91460955142974854,1.0012166500091553,0,0,0,0
22,75,185760,0.38090986013412476,0.042146500200033188,7.3347249031066895,92.245895385742188,69.795066833496094,113.78636932373047,27.423465728759766,37.162677764892578,0,0.017132213339209557,-2.4148707389831543,0.98712301254272461,1.0649828910827637,0.8135066032409668,0.91460955142974854,1.0012166500091553,0,0,0,0
22,90,186120,6.0200934410095215,0.0071013583801686764,8.9724750518798828,99.529853820800781,95.723526000976562,34.817943572998047,28.188507080078125,33.946914672851562,0,0.019084209576249123,-2.1157741546630859,0.91753262281417847,1.0649828910827637,0.8135066032409668,0.91460955142974854,1.0012166500091553,0,0,0,0
22,105,186480,11.305233955383301,3.5360997571842745E-05,8.0017681121826172,96.827667236328125,99.826194763183594,0.055035389959812164,32.434253692626953,31.023889541625977,0,0.007106137927621603,-1.8731738328933716,0.86108708381652832,1.0649828910827637,0.8135066032409668,0.91460955142974854,1.0012166500091553,0,0,0,0
22,120,186840,15.273146629333496,0.0084139201790094376,7.9842920303344727,95.390823364257812,98.064689636230469,0,38.704502105712891,28.359029769897461,0,0.0030969141516834497,-1.7369186878204346,0.82938486337661743,1.0649828910827637,0.8135066032409668,0.91460955142974854,1.0012166500091553,0,0,0,0
22,135,187200,18.695156097412109,1.0284265954396687E-06,7.8065638542175293,94.040924072265625,95.872032165527344,0,44.616165161132812,26.08489990234375,0,0.0057351537980139256,-1.7426064014434814,0.83031332492828369,1.0649828910827637,0.8135066032409668,0.91460955142974854,1.0012166500091553,0,0,0,0
22,150,187560,20.866767883300781,0,7.5862069129943848,92.713790893554688,93.554534912109375,0,48.598724365234375,24.715814590454102,0,0.0016746040200814605,-1.8444938659667969,0.85192877054214478,1.1047829389572144,0.8135066032409668,0.91460955142974854,1.0012166500091553,0,0,0,0
22,165,187920,21.917367935180664,0,7.2721366882324219,91.363441467285156,91.2802734375,0,51.150218963623047,24.098756790161133,0,0.00034655680065043271,-2.0016884803771973,0.88527762889862061,1.0649828910827637,0.8135066032409668,0.91460955142974854,1.0012166500091553,0,0,0,0
22,180,188280,21.607833862304688,0,6.9057679176330566,89.912872314453125,89.13348388671875,0,53.390434265136719,23.743879318237305,0,0.00066502293338999152,-2.1773183345794678,0.92253762483596802,1.0649828910827637,0.8135066032409668,0.91460955142974854,1.0012166500091553,0,0,0,0
22,195,188640,20.12568473815918,6.7527963665270363E-08,6.5500636100769043,88.58642578125,87.042587280273438,0,56.445335388183594,23.155368804931641,0,0.0012505905469879508,-2.3345129489898682,0.95588648319244385,1.0649828910827637,0.8135066032409668,0.91460955142974854,1.0012166500091553,0,0,0,0
22,210,189000,17.465656280517578,2.2464244466391392E-05,6.1970558166503906,87.488021850585938,85.026947021484375,0,61.481914520263672,21.869010925292969,0,0.0004582259280141443,-2.4364004135131836,0.97750198841094971,1.0649828910827637,0.8135066032409668,0.91460955142974854,1.0012166500091553,0,0,0,0
22,225,189360,14.139163970947266,9.3354619821184315E-06,5.9101238250732422,86.383277893066406,83.162445068359375,0,68.023239135742188,20.084783554077148,0,0.00012809407780878246,-2.4394969940185547,0.9806482195854187,1.0649828910827637,0.8135066032409668,0.91460955142974854,1.0012166500091553,0,0,0,0
22,240,189720,10.403350830078125,3.4335767850279808E-05,5.6810078620910645,85.494422912597656,81.301109313964844,0,74.256675720214844,18.375604629516602,0,0.00092002225574105978,-2.280545711517334,0.97142636775970459,1.0726563930511475,0.8135066032409668,0.91460955142974854,1.0012166500091553,0,0,0,0
22,255,190080,6.4831943511962891,0.0011968003818765283,5.5367636680603027,84.777053833007812,79.511238098144531,0,78.980865478515625,16.815790176391602,0,0.0024562268517911434,-2.0078926086425781,0.95560795068740845,1.0649828910827637,0.8135066032409668,0.91460955142974854,1.0012166500091553,0,0,0,0
22,270,190440,1.7913949489593506,4.3373329390306026E-05,5.4346776008605957,84.359260559082031,77.722145080566406,7.1872259468364064E-06,80.94537353515625,15.391302108764648,0,0.0016612181207165122,-1.6911506652832031,0.93723171949386597,1.0649828910827637,0.8135066032409668,0.91460955142974854,1.0012166500091553,0,0,0,0
22,285,190800,-1.8403432369232178,3.7602781958412379E-05,5.385009765625,84.183685302734375,75.965408325195312,9.2403577582444996E-05,81.071144104003906,14.16167163848877,0,0.0024086916819214821,-1.3999336957931519,0.92033630609512329,1.0649828910827637,0.8135066032409668,0.91460955142974854,1.0012166500091553,0,0,0,0
22,300,191160,-5.1508035659790039,0.00090072024613618851,5.3675203323364258,84.642433166503906,74.372222900390625,0.55826598405838013,78.629676818847656,15.30770206451416,0,0.011120892129838467,-1.2038553953170776,0.90896046161651611,1.0649828910827637,0.8135066032409668,0.91460955142974854,1.0012166500091553,0,0,0,0
22,315,191520,-7.8559842109680176,0.004437553696334362,5.3804359436035156,85.097038269042969,72.985610961914062,1.3200833797454834,71.71453857421875,20.621912002563477,0,0.014732919633388519,-1.1862188577651978,0.90976130962371826,1.0649828910827637,0.8135066032409668,0.91460955142974854,1.0012166500091553,0,0,0,0
22,330,191880,-10.14240550994873,0.018535230308771133,5.639223575592041,84.810127258300781,71.541473388671875,6.3148298263549805,63.400459289550781,26.781274795532227,0,0.0084701618179678917,-1.5162619352340698,0.95219713449478149,1.0649828910827637,0.8135066032409668,0.91460955142974854,1.0012166500091553,0,0,0,0
22,345,192240,-11.741728782653809,0.027993293479084969,5.6111812591552734,84.46697998046875,70.084541320800781,13.478784561157227,55.875274658203125,31.645393371582031,0,0.015909848734736443,-2.0735476016998291,1.0238509178161621,1.0649828910827637,0.8135066032409668,0.91460955142974854,1.0012166500091553,0,0,0,0
22,360,192600,-11.669618606567383,0.16872970759868622,5.568453311920166,84.1373291015625,68.740028381347656,28.12042236328125,49.243171691894531,35.218353271484375,0,0.030926389619708061,-2.1013221740722656,1.0311751365661621,1.0327013731002808,0.85580325126647949,0.93955457210540771,-5.3057928085327148,0,0,0,0
22,365,192720,-11.410298347473145,0.051655460149049759,5.5698390007019043,84.022880554199219,68.317314147949219,33.540576934814453,47.212303161621094,36.161224365234375,0,0.029057977721095085,-2.1417045593261719,1.0319380760192871,1.0267232656478882,0.86363595724105835,0.94417405128479004,-6.4737567901611328,0,0,0,0
23,15,193080,-10.544869422912598,0.20946319401264191,5.6072530746459961,83.66485595703125,67.115715026855469,54.987941741943359,41.608680725097656,38.334022521972656,0,0.019292639568448067,-2.5821037292480469,1.0809155702590942,1.0349873304367065,0.85280799865722656,0.93778812885284424,-4.8591623306274414,0,0,0,0
23,30,193440,-8.0635585784912109,0.085259541869163513,5.7490487098693848,83.310104370117188,65.959426879882812,75.3199462890625,36.685661315917969,39.658626556396484,0,0.013336264528334141,-2.4055931568145752,1.0570213794708252,1.0267232656478882,0.86363595724105835,0.94417405128479004,-6.4737567901611328,0,0,0,0
23,45,193800,-5.0583581924438477,0.15420888364315033,5.6061606407165527,84.244926452636719,65.101737976074219,95.297523498535156,32.84515380859375,39.812435150146484,0,0.024297963827848434,-2.2286784648895264,1.0429284572601318,1.0267232656478882,0.86363595724105835,0.94417405128479004,-6.4737567901611328,0,0,0,0
23,60,194160,-1.3321210145950317,0.059383794665336609,5.8868470191955566,87.656478881835938,65.577888488769531,99.33026123046875,31.194190979003906,37.870536804199219,0,0.022415323182940483,-1.954634428024292,1.0210980176925659,1.0267232656478882,0.86363595724105835,0.94417405128479004,-6.4737567901611328,0,0,0,0
23,75,194520,3.1530239582061768,0.034524861723184586,8.1903181076049805,95.820953369140625,79.331657409667969,55.000118255615234,31.181528091430664,34.689922332763672,0,0.0074393060058355331,-1.6354944705963135,0.99567538499832153,1.0267232656478882,0.86363595724105835,0.94417405128479004,-6.4737567901611328,0,0,0,0
23,90,194880,9.0189342498779297,0.00094209244707599282,7.953984260559082,94.406318664550781,91.546104431152344,2.7510368824005127,33.276405334472656,31.696832656860352,0,0.0070946556515991688,-1.3232922554016113,0.97080534696578979,1.0267232656478882,0.86363595724105835,0.94417405128479004,-6.4737567901611328,0,0,0,0
23,105,195240,13.268431663513184,4.8646626964909956E-05,7.7601943016052246,93.549468994140625,90.043411254882812,0,38.448184967041016,28.969259262084961,0,0.0097122816368937492,-1.0700616836547852,0.95063304901123047,1.0267232656478882,0.86363595724105835,0.94417405128479004,-6.4737567901611328,0,0,0,0
23,120,195600,17.381881713867188,2.3288310330826789E-05,7.6482148170471191,92.624588012695312,87.936302185058594,0,44.435718536376953,26.500997543334961,0,0.0036931347567588091,-0.92783623933792114,0.93930339813232422,1.0267232656478882,0.86363595724105835,0.94417405128479004,-6.4737567901611328,0,0,0,0
23,135,195960,20.370637893676758,0,7.4110174179077148,91.533035278320312,85.759780883789062,0,49.341388702392578,24.66926383972168,0,0.00055585592053830624,-0.93570894002914429,0.94120132923126221,1.0267232656478882,0.86363595724105835,0.94417405128479004,-6.4737567901611328,0,0,0,0
23,150,196320,22.160310745239258,0,7.0347719192504883,90.256561279296875,83.711540222167969,0,52.082286834716797,23.901741027832031,0,0.0018523118924349546,-1.0523084402084351,0.95721715688705444,1.0267232656478882,0.86363595724105835,0.94417405128479004,-6.4737567901611328,0,0,0,0
23,165,196680,22.704757690429688,0,6.6114845275878906,88.932998657226562,81.820335388183594,0,53.863044738769531,23.700555801391602,0,0.0011078433599323034,-1.2322008609771729,0.98192667961120605,1.0267232656478882,0.86363595724105835,0.94417405128479004,-6.4737567901611328,0,0,0,0
23,180,197040,21.967657089233398,0,6.1448702812194824,87.577651977539062,80.057708740234375,0,55.689464569091797,23.593082427978516,0,0.00017355744785163552,-1.4331909418106079,1.0095340013504028,1.0267232656478882,0.86363595724105835,0.94417405128479004,-6.4737567901611328,0,0,0,0
23,195,197400,20.112752914428711,0,5.685727596282959,86.319129943847656,78.359573364257812,0,58.502883911132812,23.153234481811523,0,0.00018115653074346483,-1.6130833625793457,1.0342437028884888,1.0267232656478882,0.86363595724105835,0.94417405128479004,-6.4737567901611328,0,0,0,0
23,210,197760,17.164979934692383,4.8221686483884696E-06,5.2707157135009766,85.183403015136719,76.812583923339844,0,63.55010986328125,21.891384124755859,0,0.0011478954693302512,-1.7296829223632812,1.0502593517303467,1.0267232656478882,0.86363595724105835,0.94417405128479004,-6.4737567901611328,0,0,0,0
23,225,198120,20.112548828125,0,4.8440518379211426,83.945487976074219,75.224853515625,0,68.646759033203125,20.643390655517578,0,0.00054784060921519995,4.9488821029663086,1.0513696670532227,1.0267232656478882,0.86363595724105835,0.94417405128479004,-6.4737567901611328,1,0,0,0
23,240,198480,9.6303749084472656,1.1810917385446373E-05,4.5280718803405762,82.995170593261719,73.736099243164062,0,74.846427917480469,18.945882797241211,0,0.0002323593944311142,-1.6123969554901123,1.0325204133987427,1.0267232656478882,0.86363595724105835,0.94417405128479004,-6.4737567901611328,0,0,0,0
23,255,198840,5.3943514823913574,5.5396380048478022E-05,4.3407273292541504,82.471099853515625,72.318870544433594,0,79.350044250488281,17.337535858154297,0,0.0016095202881842852,-1.3954720497131348,1.0001877546310425,1.0267232656478882,0.86363595724105835,0.94417405128479004,-6.4737567901611328,0,0,0,0
23,270,199200,0.81423002481460571,9.9207745734020136E-06,4.2002367973327637,82.081802368164062,70.966156005859375,2.1644182197633199E-06,80.898193359375,15.868961334228516,0,0.0053937360644340515,-1.1434699296951294,0.96262669563293457,1.0267232656478882,0.86363595724105835,0.94417405128479004,-6.4737567901611328,0,0,0,0
23,285,199560,-2.7932515144348145,4.1941533709177747E-05,4.1224431991577148,82.053031921386719,69.672813415527344,0.0013499695342034101,80.695655822753906,14.800810813903809,0,0.0050948737189173698,-0.91177564859390259,0.92809253931045532,1.0267232656478882,0.86363595724105835,0.94417405128479004,-6.4737567901611328,0,0,0,0
23,300,199920,-5.8923587799072266,0.033618591725826263,4.0995769500732422,82.323921203613281,68.478736877441406,0.53969371318817139,77.09765625,16.999977111816406,0,0.0032312541734427214,-0.75577437877655029,0.90484052896499634,1.0267232656478882,0.86363595724105835,0.94417405128479004,-6.4737567901611328,0,0,0,0
23,315,200280,-8.3725566864013672,0.0090323556214570999,4.2449755668640137,83.129493713378906,67.419517517089844,2.2569682598114014,69.518196105957031,22.793678283691406,0,0.073344357311725616,-0.74312436580657959,0.90172702074050903,1.170060396194458,0.86363595724105835,0.94417405128479004,-6.4737567901611328,0,0,0,1
23,330,200640,-10.210859298706055,0.10972826182842255,4.6275262832641602,82.831298828125,66.147163391113281,7.2408747673034668,61.355297088623047,28.617778778076172,0,0.021754955872893333,-1.0233509540557861,0.92781674861907959,1.0267232656478882,0.86363595724105835,0.94417405128479004,-6.4737567901611328,0,0,0,0
23,345,201000,-18.048616409301758,0.05599864199757576,4.7033953666687012,82.491973876953125,64.91302490234375,21.502902984619141,54.072322845458984,33.077255249023438,0,0.015511788427829742,-8.5776500701904297,0.97186994552612305,1.0267232656478882,0.86363595724105835,0.94417405128479004,-6.4737567901611328,0,1,0,0
23,360,201360,-11.386914253234863,0.10256417840719223,4.7233171463012695,82.156883239746094,63.758010864257812,37.467296600341797,47.653854370117188,36.316722869873047,0,0.012510361149907112,-1.6337605714797974,1.0508196353912354,1.0088086128234863,0.90946567058563232,0.94142872095108032,-1.565861701965332,0,0,0,0
23,365,201480,-11.230589866638184,0.048812542110681534,4.727386474609375,82.050209045410156,63.389198303222656,41.128662109375,45.68841552734375,37.165847778320312,0,0.015180764719843864,-1.6277031898498535,1.0775902271270752,1.0054911375045776,0.91795265674591064,0.94092035293579102,-0.65699195861816406,0,0,0,0
24,15,201840,-10.245169639587402,0.067147009074687958,4.7627897262573242,81.726295471191406,62.343341827392578,61.818222045898438,40.265357971191406,39.077892303466797,0,0.029427699744701385,-1.8924208879470825,1.1049745082855225,1.0100772380828857,0.90622025728225708,0.94162315130233765,-1.9134130477905273,0,0,0,0
24,30,202200,-8.2902631759643555,0.091233871877193451,4.9092221260070801,81.407249450683594,61.343059539794922,80.173263549804688,35.497882843017578,40.190052032470703,0,0.022708563134074211,-1.7542891502380371,1.1169168949127197,1.0054911375045776,0.91795265674591064,0.94092035293579102,-0.65699195861816406,0,0,0,0
24,45,202560,-5.6497921943664551,0.10608126223087311,4.753659725189209,82.209907531738281,60.580326080322266,100.52452087402344,31.645248413085938,40.304550170898438,0,0.012990538962185383,-1.7471092939376831,1.0977417230606079,1.0054911375045776,0.91795265674591064,0.94092035293579102,-0.65699195861816406,0,0,0,0
24,60,202920,-2.3583748340606689,0.16728150844573975,4.954002857208252,84.586814880371094,60.639736175537109,112.82539367675781,29.637468338012695,38.643306732177734,0,0.016998300328850746,-1.7359875440597534,1.0680388212203979,1.0054911375045776,0.91795265674591064,0.94092035293579102,-0.65699195861816406,0,0,0,0
24,75,203280,1.643638014793396,0.029854061082005501,6.8745951652526855,92.832221984863281,70.471290588378906,84.375404357910156,29.343198776245117,35.565994262695312,0,0.019247282296419144,-1.7230355739593506,1.0334481000900269,1.0054911375045776,0.91795265674591064,0.94092035293579102,-0.65699195861816406,0,0,0,0
24,90,203640,7.1075520515441895,0.0069902841933071613,8.0711603164672852,95.089424133300781,92.056304931640625,13.985713958740234,30.579578399658203,32.483917236328125,0,0.0075021046213805676,-1.7103652954101562,0.99960941076278687,1.0054911375045776,0.91795265674591064,0.94092035293579102,-0.65699195861816406,0,0,0,0
24,105,204000,11.674554824829102,0.0028306667227298021,7.5145277976989746,93.572021484375,92.03131103515625,0,35.283710479736328,29.68658447265625,0,0.0031922918278723955,-1.7000882625579834,0.97216236591339111,1.0054911375045776,0.91795265674591064,0.94092035293579102,-0.65699195861816406,0,0,0,0
24,120,204360,15.693052291870117,7.9465607996098697E-06,7.4695415496826172,92.715377807617188,90.195587158203125,0,41.466541290283203,27.13709831237793,0,0.0063659208826720715,-1.6943161487579346,0.95674705505371094,1.0054911375045776,0.91795265674591064,0.94092035293579102,-0.65699195861816406,0,0,0,0
24,135,204720,18.733940124511719,9.9806220532627776E-06,7.310401439666748,91.683723449707031,87.973655700683594,0,47.261531829833984,24.992042541503906,0,0.0029774042777717113,-1.6868386268615723,0.95547002553939819,1.0054911375045776,0.91795265674591064,0.94092035293579102,-0.65699195861816406,0,0,0,0
24,150,205080,21.157995223999023,5.4545699867958319E-07,7.0212421417236328,90.566459655761719,85.816474914550781,0,51.076271057128906,23.792724609375,0,0.0003618544724304229,-1.6502947807312012,0.95683085918426514,1.0054911375045776,0.91795265674591064,0.94092035293579102,-0.65699195861816406,0,0,0,0
24,165,205440,22.302942276000977,0,6.6368412971496582,89.198738098144531,83.822296142578125,0,53.290328979492188,23.413768768310547,0,0.00065464107319712639,-1.593914270401001,0.95893043279647827,1.0054911375045776,0.91795265674591064,0.94092035293579102,-0.65699195861816406,0,0,0,0
24,180,205800,22.128824234008789,0.0047968202270567417,6.2143330574035645,87.830665588378906,81.882499694824219,0,55.163028717041016,23.29156494140625,0,0.0010117822093889117,-1.5309213399887085,0.96127617359161377,1.0054911375045776,0.91795265674591064,0.94092035293579102,-0.65699195861816406,0,0,0,0
24,195,206160,20.801939010620117,2.8661881970037939E-06,5.7504572868347168,86.531669616699219,79.999481201171875,0,57.615245819091797,22.996585845947266,0,0.00023813737789168954,-1.4745407104492188,0.9633757472038269,1.0054911375045776,0.91795265674591064,0.94092035293579102,-0.65699195861816406,0,0,0,0
24,210,206520,18.357967376708984,6.6623096017792705E-07,5.3595480918884277,85.317817687988281,78.214851379394531,0,61.941181182861328,21.999658584594727,0,7.7264936408028007E-05,-1.4379969835281372,0.96473658084869385,1.0054911375045776,0.91795265674591064,0.94092035293579102,-0.65699195861816406,0,0,0,0
24,225,206880,14.948633193969727,7.5117445703654084E-06,5.0036501884460449,84.198074340820312,76.501937866210938,0,68.291648864746094,20.283748626708984,0,0.00080374261597171426,-1.4260343313217163,0.96384918689727783,1.0054911375045776,0.91795265674591064,0.94092035293579102,-0.65699195861816406,0,0,0,0
24,240,207240,10.986414909362793,2.4886287064873613E-05,4.7152681350708008,83.274391174316406,74.846687316894531,0,74.615531921386719,18.559600830078125,0,0.0011442657560110092,-1.3762390613555908,0.95258551836013794,1.0054911375045776,0.91795265674591064,0.94092035293579102,-0.65699195861816406,0,0,0,0
24,255,207600,6.7210593223571777,1.5033953786769416E-05,4.4959688186645508,82.517021179199219,73.232940673828125,0,79.585433959960938,16.986001968383789,0,0.00062095659086480737,-1.2908238172531128,0.93326461315155029,1.0054911375045776,0.91795265674591064,0.94092035293579102,-0.65699195861816406,0,0,0,0
24,270,207960,1.950697660446167,2.4823671083140653E-06,4.3454270362854004,82.042808532714844,71.663795471191406,1.7337890767521458E-07,81.695075988769531,15.549318313598633,0,0.0011855748016387224,-1.1915967464447021,0.91081947088241577,1.0054911375045776,0.91795265674591064,0.94092035293579102,-0.65699195861816406,0,0,0,0
24,285,208320,-1.936610221862793,0.00011196582636330277,4.2821974754333496,81.955657958984375,70.19873046875,0.0003031599335372448,81.835639953613281,14.308176040649414,0,0.006554141640663147,-1.1003659963607788,0.89018315076828003,1.0054911375045776,0.91795265674591064,0.94092035293579102,-0.65699195861816406,0,0,0,0
24,300,208680,-5.2899203300476074,0.13534462451934814,4.2441797256469727,82.088829040527344,68.876007080078125,1.1286594867706299,79.26519775390625,15.566228866577148,0,0.013202874921262264,-1.0389397144317627,0.87628859281539917,1.0054911375045776,0.91795265674591064,4.4303908348083496,-0.65699195861816406,0,0,1,0
24,315,209040,-7.9858827590942383,0.0030059057753533125,4.2983217239379883,82.89398193359375,67.7459716796875,3.3525168895721436,72.00238037109375,21.187883377075195,0,0.0020057493820786476,-1.0346238613128662,0.87636488676071167,1.2246218919754028,0.91795265674591064,0.94092035293579102,-0.65699195861816406,0,0,0,1
24,330,209400,-9.929290771484375,0.014015479013323784,4.646726131439209,82.657928466796875,66.514747619628906,7.6879630088806152,63.613094329833984,27.370143890380859,0,0.0094135664403438568,-1.1534562110900879,0.91668343544006348,1.0054911375045776,0.91795265674591064,0.94092035293579102,-0.65699195861816406,0,0,0,0
24,345,209760,-11.073086738586426,0.024409942328929901,4.7260842323303223,82.333938598632812,65.235771179199219,13.685074806213379,56.061935424804688,32.210426330566406,0,0.023087315261363983,-1.3541073799133301,0.98476219177246094,1.0054911375045776,0.91795265674591064,0.94092035293579102,-0.65699195861816406,0,0,0,0
24,360,210120,-10.137202262878418,0.029067721217870712,4.6975674629211426,82.010261535644531,64.030517578125,25.673967361450195,49.406509399414062,35.762496948242188,0,0.019333181902766228,-0.32327273488044739,1.0375270843505859,1.0021147727966309,0.94640332460403442,1.1368110179901123,5.7557625770568848,0,0,0,0
24,365,210240,-9.9254932403564453,0.17991641163825989,4.7001137733459473,81.895492553710938,63.655609130859375,29.36888313293457,47.368705749511719,36.700412750244141,0,0.015555217862129211,-0.10373365879058838,1.0570027828216553,1.001489520072937,0.95167195796966553,1.1730871200561523,6.9433097839355469,0,0,0,0
25,15,210600,-9.4055280685424805,0.052124794572591782,4.73638916015625,81.547431945800781,62.604484558105469,46.615898132324219,41.745952606201172,38.857311248779297,0,0.013339033350348473,-0.47481977939605713,1.1052091121673584,1.0023539066314697,0.94438856840133667,1.1229391098022461,5.3016443252563477,0,0,0,0
25,30,210960,-7.6453037261962891,0.059405438601970673,4.8230123519897461,81.293830871582031,61.615707397460938,65.926231384277344,36.845996856689453,40.120475769042969,0,0.023676805198192596,-0.13397336006164551,1.1009297370910645,1.001489520072937,0.95167195796966553,1.1730871200561523,6.9433097839355469,0,0,0,0
25,45,211320,-5.320530891418457,0.22960144281387329,4.7017607688903809,82.331832885742188,60.943649291992188,83.484458923339844,33.041530609130859,40.214000701904297,0,0.027105506509542465,-0.17048576474189758,1.0811430215835571,1.001489520072937,0.95167195796966553,1.1730871200561523,6.9433097839355469,0,0,0,0
25,60,211680,-2.2885525226593018,0.077015243470668793,4.8367829322814941,84.423507690429688,60.989715576171875,92.530632019042969,31.096639633178711,38.524269104003906,0,0.012426266446709633,-0.22704425454139709,1.0504928827285767,1.001489520072937,0.95167195796966553,1.1730871200561523,6.9433097839355469,0,0,0,0
25,75,212040,1.5574494600296021,0.028844669461250305,6.5177221298217773,91.892967224121094,69.726478576660156,68.421394348144531,30.80354118347168,35.455944061279297,0,0.012356377206742764,-0.29290977120399475,1.0147991180419922,1.001489520072937,0.95167195796966553,1.1730871200561523,6.9433097839355469,0,0,0,0
25,90,212400,6.8873176574707031,0.0567924864590168,7.4267950057983398,93.012832641601562,86.975517272949219,10.87275218963623,32.040824890136719,32.384536743164062,0,0.017224030569195747,-0.35734352469444275,0.97988128662109375,1.001489520072937,0.95167195796966553,1.1730871200561523,6.9433097839355469,0,0,0,0
25,105,212760,11.544745445251465,3.6843015550402924E-05,6.9663310050964355,91.7828369140625,86.708389282226562,0,36.602890014648438,29.595779418945312,0,0.0082528172060847282,-0.40960636734962463,0.95155900716781616,1.001489520072937,0.95167195796966553,1.1730871200561523,6.9433097839355469,0,0,0,0
25,120,213120,15.590620040893555,1.2952557881362736E-05,6.909449577331543,91.121681213378906,84.775772094726562,0,42.661861419677734,27.053314208984375,0,0.0017678565345704556,-0.43895944952964783,0.93565201759338379,1.001489520072937,0.95167195796966553,1.1730871200561523,6.9433097839355469,0,0,0,0
25,135,213480,19.00328254699707,0,6.7136797904968262,90.246932983398438,82.639404296875,0,48.270118713378906,24.941810607910156,0,0.0040518604218959808,-0.4339849054813385,0.93762379884719849,1.001489520072937,0.95167195796966553,1.1730871200561523,6.9433097839355469,0,0,0,0
25,150,213840,21.774927139282227,0,6.3695836067199707,89.11175537109375,80.617027282714844,0,51.605964660644531,23.901712417602539,0,0.0027870079502463341,-0.39218786358833313,0.95644164085388184,1.001489520072937,0.95167195796966553,5.5,6.9433097839355469,0,0,1,0
25,165,214200,23.354583740234375,0,5.984673023223877,88.121620178222656,78.924232482910156,0,53.337146759033203,23.681789398193359,0,0.00047645749873481691,-0.32770237326622009,0.98547428846359253,1.001489520072937,0.95167195796966553,1.1730871200561523,6.9433097839355469,0,0,0,0
25,180,214560,23.576835632324219,0,5.5631594657897949,86.797233581542969,77.173568725585938,0,54.558547973632812,23.78459358215332,0,0.00024956261040642858,-0.25565406680107117,1.0179117918014526,1.001489520072937,0.95167195796966553,1.1730871200561523,6.9433097839355469,0,0,0,0
25,195,214920,22.668727874755859,0,5.115267276763916,85.490158081054688,75.522911071777344,0,55.997661590576172,23.829965591430664,0,0.0011531028430908918,-0.19116851687431335,1.046944260597229,1.001489520072937,0.95167195796966553,1.1730871200561523,6.9433097839355469,0,0,0,0
25,210,215280,20.532951354980469,8.130259629979264E-07,4.7052927017211914,84.278045654296875,73.956832885742188,0,58.813163757324219,23.329048156738281,0,0.00034908848465420306,-0.14937147498130798,1.0657622814178467,1.001489520072937,0.95167195796966553,1.1730871200561523,6.9433097839355469,0,0,0,0
25,225,215640,17.419794082641602,4.7606099542463198E-06,4.3601608276367188,83.1827392578125,72.432899475097656,0,64.2025146484375,21.862829208374023,0,7.6750809967052191E-05,-0.13969597220420837,1.0663375854492188,1.001489520072937,0.95167195796966553,1.1730871200561523,6.9433097839355469,0,0,0,0
25,240,216000,13.707124710083008,3.9658413442111851E-08,4.0502667427062988,82.201744079589844,70.9774169921875,0,70.702766418457031,20.020393371582031,0,0.00070965621853247285,-0.12217786908149719,1.0370151996612549,1.001489520072937,0.95167195796966553,1.1730871200561523,6.9433097839355469,0,0,0,0
25,255,216360,9.5718917846679688,5.8968171288142912E-06,3.8225183486938477,81.481224060058594,69.568138122558594,0,76.314605712890625,18.320459365844727,0,0.0018762758700177073,-0.092128604650497437,0.98671764135360718,1.001489520072937,0.95167195796966553,1.1730871200561523,6.9433097839355469,0,0,0,0
25,270,216720,4.5608367919921875,5.1830982556566596E-05,3.658045768737793,80.993370056152344,68.269645690917969,0,79.800132751464844,16.768716812133789,0,0.0016153666656464338,-0.057220309972763062,0.9282868504524231,1.001489520072937,0.95167195796966553,1.1730871200561523,6.9433097839355469,0,0,0,0
25,285,217080,0.68649935722351074,1.9164422155881766E-06,3.5410661697387695,80.569572448730469,67.006248474121094,3.4417058714097948E-07,80.712631225585938,15.351657867431641,0,0.00072192208608612418,-0.02512514591217041,0.8745647668838501,1.001489520072937,0.95167195796966553,1.1730871200561523,6.9433097839355469,0,0,0,0
25,300,217440,-2.8914568424224854,8.4692665041075088E-06,3.4948830604553223,80.624801635742188,65.832801818847656,0.0017142225988209248,80.306137084960938,14.472959518432617,0,0.006208695936948061,-0.0035152435302734375,0.83839333057403564,1.001489520072937,0.95167195796966553,1.1730871200561523,6.9433097839355469,0,0,0,0
25,315,217800,-5.9071979522705078,0.001113921171054244,3.4905836582183838,80.902061462402344,64.780540466308594,1.2250890731811523,76.271797180175781,17.115598678588867,0,0.012222444638609886,-0.00034505128860473633,0.83387279510498047,1.001489520072937,0.95167195796966553,1.1730871200561523,6.9433097839355469,0,0,0,0
25,330,218160,-8.0817441940307617,0.026559384539723396,3.5390844345092773,81.322998046875,63.833366394042969,2.4544093608856201,68.672904968261719,22.916278839111328,0,0.0085015567019581795,-0.02106049656867981,0.87858015298843384,1.001489520072937,0.95167195796966553,1.1730871200561523,6.9433097839355469,0,0,0,0
25,345,218520,-9.4622840881347656,0.013739351183176041,3.6927013397216797,81.057060241699219,62.809200286865234,8.2577438354492188,60.646999359130859,28.59935188293457,0,0.0087999794632196426,-0.056039035320281982,0.95406979322433472,1.001489520072937,0.95167195796966553,1.1730871200561523,6.9433097839355469,0,0,0,0
25,360,218880,-8.5879611968994141,0.012453032657504082,3.7490789890289307,80.684150695800781,61.809486389160156,16.204051971435547,53.467868804931641,32.974575042724609,0,0.018491048365831375,1.1769980192184448,0.78508692979812622,0.9597022533416748,0.69708037376403809,1.1777467727661133,2.0974602699279785,0,0,0,0
25,365,219000,-8.3401603698730469,0.01389309111982584,3.7555475234985352,80.58013916015625,61.482902526855469,16.86882209777832,51.288761138916016,34.142425537109375,0,0.022155296057462692,1.3133468627929688,0.74965274333953857,0.95196390151977539,0.64993375539779663,1.1786097288131714,1.2000808715820312,0,0,0,0
26,15,219360,-7.8006806373596191,0.14644216001033783,3.863304615020752,80.29559326171875,60.486198425292969,30.985195159912109,45.233676910400391,36.946849822998047,0,0.019310323521494865,0.8524472713470459,0.84189915657043457,0.96266144514083862,0.71510922908782959,1.1774168014526367,2.4406185150146484,0,0,0,0
26,30,219720,-5.6433606147766113,0.023051481693983078,3.8363151550292969,81.164237976074219,59.701370239257812,38.877189636230469,40.463821411132812,38.283622741699219,0,0.010344104841351509,1.0941110849380493,0.77064216136932373,0.95196390151977539,0.64993375539779663,1.1786097288131714,1.2000808715820312,0,0,0,0
26,45,220080,-3.01814866065979,0.01475209929049015,3.9309918880462646,82.417503356933594,59.387447357177734,42.915821075439453,37.690715789794922,37.597927093505859,0,0.016451830044388771,1.0365263223648071,0.76465827226638794,0.95196390151977539,0.64993375539779663,1.1786097288131714,1.2000808715820312,0,0,0,0
26,60,220440,0.3426593542098999,0.0074364230968058109,4.8114938735961914,86.03759765625,61.717670440673828,33.45458984375,37.002395629882812,34.990242004394531,0,0.020356185734272003,0.9473264217376709,0.75538915395736694,0.95196390151977539,0.64993375539779663,1.1786097288131714,1.2000808715820312,0,0,0,0
26,75,220800,4.5748486518859863,0.00028934763395227492,5.2031316757202148,87.690162658691406,70.376510620117188,5.3919239044189453,37.444648742675781,31.990510940551758,0,0.0082924123853445053,0.84055733680725098,0.74459469318389893,0.95196390151977539,0.64993375539779663,1.1786097288131714,1.2000808715820312,0,0,0,0
26,90,221160,5.876126766204834,0.00018756269128061831,5.2773914337158203,86.859298706054688,71.465301513671875,0.42955401539802551,39.060775756835938,29.235565185546875,0,0.0041632633656263351,-3.206214427947998,0.7340349555015564,0.95196390151977539,0.64993375539779663,1.1786097288131714,1.2000808715820312,0,1,0,0
26,105,221520,13.930601119995117,3.2363459467887878E-07,5.1112461090087891,86.139137268066406,69.868019104003906,0,44.050468444824219,26.726861953735352,0,0.0084858313202857971,0.65940272808074951,0.72546976804733276,0.95196390151977539,0.64993375539779663,1.1786097288131714,1.2000808715820312,0,0,0,0
26,120,221880,17.634944915771484,0.0044281994923949242,4.8834853172302246,85.431175231933594,68.235183715820312,0,50.169818878173828,24.468900680541992,0,0.004097670316696167,0.61310911178588867,0.72065913677215576,0.95196390151977539,0.64993375539779663,1.1786097288131714,1.2000808715820312,0,0,0,0
26,135,222240,21.033891677856445,0,4.4748916625976562,84.406562805175781,66.800094604492188,0,54.621097564697266,23.058032989501953,0,0.00054317980539053679,0.62263739109039307,0.72310525178909302,0.95196390151977539,0.64993375539779663,1.1786097288131714,1.2000808715820312,0,0,0,0
26,150,222600,23.366388320922852,0,3.992034912109375,83.181854248046875,65.535980224609375,0,56.457046508789062,22.904762268066406,0,0.00090161693515256047,0.69746512174606323,0.73858845233917236,0.95196390151977539,0.64993375539779663,1.1786097288131714,1.2000808715820312,0,0,0,0
26,165,222960,24.607070922851562,0,3.4681005477905273,81.855621337890625,64.425544738769531,0,57.250873565673828,23.321163177490234,0,0.0013617695076391101,0.81291103363037109,0.76247626543045044,0.95196390151977539,0.64993375539779663,1.1786097288131714,1.2000808715820312,0,0,0,0
26,180,223320,24.632524490356445,0,2.9260213375091553,80.510246276855469,63.399715423583984,0,57.886306762695312,23.856243133544922,0,0.00019559475185815245,0.94189643859863281,0.78916561603546143,0.95196390151977539,0.64993375539779663,1.1786097288131714,1.2000808715820312,0,0,0,0
26,195,223680,23.427734375,0,2.4184486865997314,79.226043701171875,62.390739440917969,0,58.811927795410156,24.237176895141602,0,7.4813557148445398E-05,1.0573422908782959,0.81305336952209473,0.95196390151977539,0.64993375539779663,1.1786097288131714,1.2000808715820312,0,0,0,0
26,210,224040,21.077848434448242,0,1.931952953338623,78.033370971679688,61.396316528320312,0,60.986751556396484,24.061729431152344,0,0.00051014090422540903,1.1321700811386108,0.82853657007217407,0.95196390151977539,0.64993375539779663,1.1786097288131714,1.2000808715820312,0,0,0,0
26,225,224400,17.679647445678711,0,1.5173882246017456,76.9539794921875,60.431831359863281,0,66.067840576171875,22.738794326782227,0,0.00045512610813602805,1.1605081558227539,0.82913511991500854,0.95196390151977539,0.64993375539779663,1.1786097288131714,1.2000808715820312,0,0,0,0
26,240,224760,15.090482711791992,0,1.3721401691436768,75.910408020019531,59.519550323486328,0,71.693702697753906,21.195831298828125,0,0.00028411674429662526,3.0982680320739746,0.8062402606010437,0.95196390151977539,0.64993375539779663,1.1786097288131714,1.2000808715820312,1,0,0,0
26,255,225120,9.8920049667358398,1.1098755749117117E-05,1.2964075803756714,75.071174621582031,58.642166137695312,0,77.633399963378906,19.399742126464844,0,0.0005080510163679719,1.5400675535202026,0.76696813106536865,0.95196390151977539,0.64993375539779663,1.1786097288131714,1.2000808715820312,0,0,0,0
26,270,225480,5.2377414703369141,0,1.2372320890426636,74.408554077148438,57.781742095947266,0,81.524566650390625,17.761102676391602,0,0.0031674331985414028,1.818615198135376,0.72134560346603394,0.95196390151977539,0.64993375539779663,1.1786097288131714,1.2000808715820312,0,0,0,0
26,285,225840,1.5568755865097046,8.6017907960922457E-06,1.1979210376739502,73.913314819335938,56.920700073242188,2.1766704776382539E-06,82.770500183105469,16.26494026184082,0,0.004085236694663763,2.0747158527374268,0.67939954996109009,0.95196390151977539,0.64993375539779663,1.1786097288131714,1.2000808715820312,0,0,0,0
26,300,226200,-1.7162289619445801,0,1.1785162687301636,73.721626281738281,56.072940826416016,0,82.76177978515625,14.989240646362305,0,0.0023893914185464382,2.247150182723999,0.65115702152252197,0.95196390151977539,0.64993375539779663,1.1786097288131714,1.2000808715820312,0,0,0,0
26,315,226560,-4.4612722396850586,0.002258738037198782,1.1675828695297241,73.666069030761719,55.278579711914062,0.0089541049674153328,80.471275329589844,15.915897369384766,0,0.00503199128434062,2.2703742980957031,0.64651197195053101,0.95196390151977539,0.64993375539779663,1.1786097288131714,1.2000808715820312,0,0,0,0
26,330,226920,-6.6524448394775391,0.0059250975027680397,1.1721023321151733,74.137359619140625,54.532703399658203,1.4783432483673096,74.317710876464844,20.447477340698242,0,0.014954480342566967,2.0786194801330566,0.66717773675918579,0.95196390151977539,0.64993375539779663,1.1786097288131714,1.2000808715820312,0,0,0,0
26,345,227280,-7.9881548881530762,0.0071596992202103138,1.2211064100265503,74.69207763671875,53.842746734619141,3.3032591342926025,66.38531494140625,26.268461227416992,0,0.014624736271798611,1.7548369169235229,0.70207244157791138,0.95196390151977539,0.64993375539779663,1.1786097288131714,1.2000808715820312,0,0,0,0
26,360,227640,-9.7080602645874023,0.016650917008519173,1.3192250728607178,74.653915405273438,53.123149871826172,8.0437917709350586,58.620204925537109,31.413759231567383,0,0.010853288695216179,0.25691309571266174,0.78082799911499023,0.97902995347976685,0.62350046634674072,1.1042366027832031,2.9261298179626465,0,0,0,0
26,365,227760,-9.8132200241088867,0.018394861370325089,1.3358858823776245,74.618247985839844,52.866401672363281,9.2355766296386719,56.202198028564453,32.862266540527344,0,0.012186977081000805,-0.015993714332580566,0.79674476385116577,0.98404216766357422,0.61860543489456177,1.0904638767242432,3.2457683086395264,0,0,0,0
27,15,228120,-8.7382707595825195,0.024964917451143265,1.4284337759017944,74.543815612792969,52.118858337402344,16.434741973876953,49.582408905029297,36.334590911865234,0,0.023700371384620667,0.1400429904460907,0.80346375703811646,0.97711324691772461,0.62537235021591187,1.1095033884048462,2.8038997650146484,0,0,0,0
27,30,228480,-12.392901420593262,0.13638631999492645,1.7586896419525146,74.496726989746094,51.407218933105469,29.061897277832031,43.7408447265625,38.746223449707031,0,0.025895213708281517,-4.7789034843444824,0.81528562307357788,0.98404216766357422,0.61860543489456177,1.0904638767242432,3.2457683086395264,0,1,0,0
27,45,228840,-4.8822007179260254,0.11879159510135651,1.5271769762039185,75.008049011230469,50.752670288085938,47.878871917724609,38.632892608642578,40.221031188964844,0,0.01418748963624239,-0.4779755175113678,0.82197898626327515,0.98404216766357422,0.61860543489456177,1.0904638767242432,3.2457683086395264,0,0,0,0
27,60,229200,-1.572270393371582,0.024773469194769859,1.6730632781982422,79.125595092773438,51.167861938476562,49.423229217529297,36.696769714355469,38.551445007324219,0,0.015972385182976723,-0.29771941900253296,0.83234721422195435,0.98404216766357422,0.61860543489456177,1.0904638767242432,3.2457683086395264,0,0,0,0
27,75,229560,2.4585099220275879,0.0078392410650849342,2.7101366519927979,85.024024963378906,60.724258422851562,23.520391464233398,36.615360260009766,35.37542724609375,0,0.022153628990054131,-0.4010297954082489,0.84442150592803955,0.98404216766357422,0.61860543489456177,1.0904638767242432,3.2457683086395264,0,0,0,0
27,90,229920,7.764371395111084,0.00019427946244832128,2.7195310592651367,83.909988403320312,68.476753234863281,1.3029665946960449,38.593818664550781,32.330459594726562,0,0.011296863667666912,-0.50209438800811768,0.85623335838317871,0.98404216766357422,0.61860543489456177,1.0904638767242432,3.2457683086395264,0,0,0,0
27,105,230280,12.056632041931152,2.5109080524998717E-05,2.6393206119537354,83.444862365722656,67.488014221191406,0,43.812229156494141,29.55522346496582,0,0.0028217132203280926,-0.5840688943862915,0.86581414937973022,0.98404216766357422,0.61860543489456177,1.0904638767242432,3.2457683086395264,0,0,0,0
27,120,230640,16.108179092407227,0,2.5037379264831543,82.850791931152344,65.977699279785156,0,50.196098327636719,27.030742645263672,0,0.0060119936242699623,-0.63010942935943604,0.87119501829147339,0.98404216766357422,0.61860543489456177,1.0904638767242432,3.2457683086395264,0,0,0,0
27,135,231000,19.393316268920898,0,2.2055721282958984,82.051750183105469,64.48602294921875,0,55.801177978515625,25.037094116210938,0,0.0044800369068980217,-0.63447248935699463,0.87165182828903198,0.98404216766357422,0.61860543489456177,1.0904638767242432,3.2457683086395264,0,0,0,0
27,150,231360,21.78863525390625,0,1.8056676387786865,80.924476623535156,63.138111114501953,0,58.708717346191406,24.328401565551758,0,0.0008010069141164422,-0.63331568241119385,0.87123501300811768,0.98404216766357422,0.61860543489456177,1.0904638767242432,3.2457683086395264,0,0,0,0
27,165,231720,22.999092102050781,0,1.551410436630249,79.693466186523438,61.91607666015625,0,60.050197601318359,24.437448501586914,0,0.00053015665616840124,-0.63153088092803955,0.87059205770492554,0.98404216766357422,0.61860543489456177,1.0904638767242432,3.2457683086395264,0,0,0,0
27,180,232080,23.015598297119141,0,1.402851939201355,78.391799926757812,60.806377410888672,0,61.02838134765625,24.767898559570312,0,0.0013289698399603367,-0.62953686714172363,0.8698737621307373,0.98404216766357422,0.61860543489456177,1.0904638767242432,3.2457683086395264,0,0,0,0
27,195,232440,21.788421630859375,0,1.2568408250808716,77.078323364257812,59.786243438720703,0,62.43548583984375,24.914018630981445,0,0.00053385301725938916,-0.62775206565856934,0.86923080682754517,0.98404216766357422,0.61860543489456177,1.0904638767242432,3.2457683086395264,0,0,0,0
27,210,232800,19.406631469726562,0,1.1284822225570679,75.897575378417969,58.765186309814453,0,65.521018981933594,24.340940475463867,0,0.00011762746726162732,-0.62659525871276855,0.86881399154663086,0.98404216766357422,0.61860543489456177,1.0904638767242432,3.2457683086395264,0,0,0,0
27,225,233160,16.251598358154297,0,1.0134309530258179,74.842308044433594,57.775295257568359,0,71.318557739257812,22.681652069091797,0,0.0042982720769941807,-0.61153590679168701,0.8668358325958252,1.1033787727355957,0.61860543489456177,1.0904638767242432,3.2457683086395264,0,0,0,1
27,240,233520,12.477688789367676,0,0.91481524705886841,73.843429565429688,56.855541229248047,0,77.778945922851562,20.772991180419922,0,0.0016682414570823312,-0.46547338366508484,0.84814101457595825,0.98404216766357422,0.61860543489456177,1.0904638767242432,3.2457683086395264,0,0,0,0
27,255,233880,8.57940673828125,0,0.84912294149398804,73.102294921875,55.993198394775391,0,83.201866149902344,19.026250839233398,0,0.001204613596200943,-0.21492806077003479,0.81607341766357422,0.98404216766357422,0.61860543489456177,1.0904638767242432,3.2457683086395264,0,0,0,0
27,270,234240,3.8128681182861328,3.0901472200639546E-05,0.80450761318206787,72.57135009765625,55.176101684570312,0,86.267288208007812,17.433439254760742,0,0.00040192934102378786,0.076130956411361694,0.7788204550743103,0.98404216766357422,0.61860543489456177,1.0904638767242432,3.2457683086395264,0,0,0,0
27,285,234600,0.18832205235958099,1.2319771940383362E-06,0.77400106191635132,72.201164245605469,54.408134460449219,3.9330529943981674E-08,86.945014953613281,15.979565620422363,0,0.0037699600216001272,0.34373471140861511,0.74456948041915894,0.98404216766357422,0.61860543489456177,1.0904638767242432,3.2457683086395264,0,0,0,0
27,300,234960,-3.1370177268981934,1.1042178812203929E-05,0.75391954183578491,72.106185913085938,53.727085113525391,0.00019101161160506308,86.336753845214844,15.227742195129395,0,0.0085961306467652321,0.52391409873962402,0.72150808572769165,0.98404216766357422,0.61860543489456177,1.0904638767242432,3.2457683086395264,0,0,0,0
27,315,235320,-5.9623022079467773,5.6291853979928419E-05,0.74246042966842651,72.236625671386719,53.082263946533203,0.35476225614547729,81.776077270507812,18.31114387512207,0,0.0072564026340842247,0.55491542816162109,0.71763497591018677,0.98404216766357422,0.61860543489456177,1.0904638767242432,3.2457683086395264,0,0,0,0
27,330,235680,-8.0961780548095703,0.0040388219058513641,0.76730620861053467,72.83056640625,52.468269348144531,1.2246295213699341,73.589027404785156,24.57232666015625,0,0.0069564920850098133,0.44052520394325256,0.73348581790924072,0.98404216766357422,0.61860543489456177,1.0904638767242432,3.2457683086395264,0,0,0,0
27,345,236040,-9.4453544616699219,0.011483044363558292,0.88329309225082397,72.780006408691406,51.851634979248047,4.0298199653625488,64.980323791503906,30.673894882202148,0,0.018604189157485962,0.24737459421157837,0.7602502703666687,0.98404216766357422,0.61860543489456177,1.0904638767242432,3.2457683086395264,0,0,0,0
27,360,236400,-10.036020278930664,0.11817658692598343,0.91062617301940918,72.619384765625,51.187934875488281,11.515246391296387,57.258766174316406,35.388214111328125,0,0.032280854880809784,-0.21424801647663116,0.90203720331192017,1.0529800653457642,0.66435927152633667,1.0519105195999146,-2.6981155872344971,0,0,0,0
27,365,236520,-9.8499174118041992,0.030312953516840935,0.91710925102233887,72.568679809570312,50.974227905273438,17.020687103271484,54.893264770507812,36.656509399414062,0,0.033247843384742737,-0.30180838704109192,0.91418296098709106,1.0657463073730469,0.672832190990448,1.0447710752487183,-3.7988350391387939,0,0,0,0
28,15,236880,-8.7217636108398438,0.03335895761847496,0.97665214538574219,72.422012329101562,50.357433319091797,26.026279449462891,48.374042510986328,39.696334838867188,0,0.020799674093723297,-0.32550573348999023,0.87875580787658691,1.0480982065200806,0.66111922264099121,1.0546407699584961,-2.27720046043396,0,0,0,0
28,30,237240,-6.624478816986084,0.032442566007375717,0.89277905225753784,73.019630432128906,49.766845703125,37.009681701660156,42.845512390136719,41.511287689208984,0,0.033682744950056076,-0.4172208309173584,0.89574849605560303,1.0657463073730469,0.672832190990448,1.0447710752487183,-3.798835277557373,0,0,0,0
28,45,237600,-3.9651522636413574,0.03861425444483757,0.92427664995193481,74.894744873046875,49.332233428955078,46.267120361328125,39.159168243408203,41.398941040039062,0,0.040105540305376053,-0.56458002328872681,0.89626622200012207,1.0657463073730469,0.672832190990448,1.0447710752487183,-3.798835277557373,0,0,0,0
28,60,237960,-0.71351730823516846,0.064795516431331635,1.1623402833938599,80.519493103027344,51.187442779541016,46.305892944335938,37.885169982910156,38.985218048095703,0,0.021039417013525963,-0.7928423285484314,0.8970680832862854,1.0657463073730469,0.672832190990448,1.0447710752487183,-3.798835277557373,0,0,0,0
28,75,238320,3.3898742198944092,0.010037459433078766,2.4422457218170166,85.303787231445312,64.456108093261719,13.526852607727051,38.001609802246094,35.677757263183594,0,0.013053947128355503,-1.0586667060852051,0.89800196886062622,1.0657463073730469,0.672832190990448,1.0447710752487183,-3.798835277557373,0,0,0,0
28,90,238680,8.3697423934936523,0.00016748288180679083,2.5166435241699219,83.257011413574219,69.5823974609375,0.28683909773826599,40.322021484375,32.607925415039062,0,0.020137432962656021,-1.3187124729156494,0.89891546964645386,1.0657463073730469,0.672832190990448,1.0447710752487183,-3.798835277557373,0,0,0,0
28,105,239040,12.411008834838867,1.5147774320212193E-05,2.5420989990234375,82.863479614257812,68.481086730957031,0,45.420421600341797,29.810567855834961,0,0.012910176999866962,-1.5296382904052734,0.89965647459030151,1.0657463073730469,0.672832190990448,1.0447710752487183,-3.798835277557373,0,0,0,0
28,120,239400,16.12782096862793,1.9227304619562346E-06,2.4400041103363037,82.3389892578125,66.905433654785156,0,51.449611663818359,27.267236709594727,0,0.0029584439471364021,-1.6481034755706787,0.90007269382476807,1.0657463073730469,0.672832190990448,1.0447710752487183,-3.798835277557373,0,0,0,0
28,135,239760,19.093877792358398,0.017982326447963715,2.2264916896820068,81.594322204589844,65.266555786132812,0,56.724201202392578,25.273736953735352,0,0.0029069490265101194,-1.6219189167022705,0.90245693922042847,1.0657463073730469,0.672832190990448,1.0447710752487183,-3.798835277557373,0,0,0,0
28,150,240120,21.476217269897461,0,1.7732411623001099,80.536300659179688,63.775760650634766,0,59.717006683349609,24.445175170898438,0,0.0040977536700665951,-1.4208981990814209,0.91485941410064697,1.0657463073730469,0.672832190990448,1.0447710752487183,-3.798835277557373,0,0,0,0
28,165,240480,22.678667068481445,0,1.3219524621963501,79.378433227539062,62.40631103515625,0,61.137863159179688,24.466835021972656,0,0.0009591028792783618,-1.1107586622238159,0.93399429321289062,1.0657463073730469,0.672832190990448,1.0447710752487183,-3.798835277557373,0,0,0,0
28,180,240840,29.775640487670898,0,1.0909202098846436,78.070579528808594,61.194366455078125,0,60.9681396484375,25.335853576660156,0,0.00035698097781278193,6.3970189094543457,0.95537328720092773,1.0657463073730469,0.672832190990448,1.0447710752487183,-3.798835277557373,1,0,0,0
28,195,241200,21.371614456176758,0,0.96618860960006714,76.750648498535156,60.093032836914062,0,61.622642517089844,25.731233596801758,0,0.0014628069475293159,-0.45410674810409546,0.97450810670852661,1.0657463073730469,0.672832190990448,1.0447710752487183,-3.798835277557373,0,0,0,0
28,210,241560,18.933284759521484,0,0.8696405291557312,75.557487487792969,59.003505706787109,0,64.987167358398438,24.926752090454102,0,0.0012038514250889421,-0.2530859112739563,0.98691070079803467,1.0657463073730469,0.672832190990448,1.0447710752487183,-3.798835277557373,0,0,0,0
28,225,241920,15.427130699157715,0,0.78417521715164185,74.47430419921875,57.924312591552734,0,70.939338684082031,23.106781005859375,0,0.00070162391057237983,-0.21129794418811798,0.98940467834472656,1.0657463073730469,0.672832190990448,1.0447710752487183,-3.798835277557373,0,0,0,0
28,240,242280,11.30272102355957,3.6964342143619433E-05,0.71932965517044067,73.651466369628906,56.89105224609375,0,77.205619812011719,21.158742904663086,0,0.00059098872588947415,-0.17375396192073822,0.99089151620864868,1.0657463073730469,0.672832190990448,1.0447710752487183,-3.798835277557373,0,0,0,0
28,255,242640,7.2239871025085449,0,0.66452306509017944,72.994651794433594,55.902366638183594,0,82.241989135742188,19.380937576293945,0,0.0038050210569053888,-0.1093536913394928,0.99344193935394287,1.0657463073730469,0.672832190990448,1.0447710752487183,-3.798835277557373,0,0,0,0
28,270,243000,2.2850816249847412,7.6809010352008045E-06,0.62861460447311401,72.578170776367188,54.987918853759766,0,84.551017761230469,17.759273529052734,0,0.0060912664048373699,-0.034539788961410522,0.99640488624572754,1.0657463073730469,0.672832190990448,1.0447710752487183,-3.798835277557373,0,0,0,0
28,285,243360,-1.5226626396179199,0.00065655569778755307,0.61121946573257446,72.614974975585938,54.158222198486328,0.00039753879536874592,84.777130126953125,16.306705474853516,0,0.0039638387970626354,0.034245193004608154,0.99912905693054199,1.0657463073730469,0.672832190990448,1.672349214553833,-3.798835277557373,0,0,1,0
28,300,243720,-4.9661908149719238,0.011561895720660686,0.63141888380050659,75.237327575683594,54.595699310302734,10.33913516998291,82.407600402832031,17.182867050170898,0,0.0074830097146332264,0.080558568239212036,1.0009632110595703,1.0657463073730469,0.672832190990448,1.0447710752487183,-3.798835277557373,0,0,0,0
28,315,244080,-7.4101982116699219,0.0024928015191107988,0.65251362323760986,75.931983947753906,54.196086883544922,12.135804176330566,75.443153381347656,22.381118774414062,0,0.019346579909324646,0.084763467311859131,1.0000230073928833,1.0657463073730469,0.672832190990448,1.0447710752487183,-3.798835277557373,0,0,0,0
28,330,244440,-15.554379463195801,0.034848593175411224,0.92636221647262573,75.953079223632812,53.613056182861328,19.727575302124023,66.76153564453125,28.736413955688477,0,0.019511550664901733,-6.7256193161010742,0.98282355070114136,1.0657463073730469,0.672832190990448,1.0447710752487183,-3.798835277557373,0,1,0,0
28,345,244800,-10.030850410461426,0.022823609411716461,0.88884526491165161,75.661956787109375,52.949745178222656,26.677017211914062,58.823116302490234,33.823249816894531,0,0.015528169460594654,-0.12347739934921265,0.95378208160400391,1.0657463073730469,0.672832190990448,1.0447710752487183,-3.798835277557373,0,0,0,0
28,360,245160,-6.804664134979248,0.013865940272808075,0.79414093494415283,75.480316162109375,52.341201782226562,32.347385406494141,51.898464202880859,37.499786376953125,0,0.046748016029596329,2.8174397945404053,0.84342062473297119,1.1952095031738281,0.88207471370697021,0.92455363273620605,-4.042121410369873,0,0,0,0
28,365,245280,-6.0193548202514648,0.011537720449268818,0.76954823732376099,75.72021484375,52.176811218261719,34.413822174072266,50.012859344482422,38.237632751464844,0,0.055717602372169495,3.4951138496398926,0.8085482120513916,1.2191841602325439,0.92082333564758301,0.90229111909866333,-4.0871744155883789,0,0,0,0
29,15,245640,-5.2167696952819824,0.019799185916781425,0.79206693172454834,76.039848327636719,51.686271667480469,40.337661743164062,44.360618591308594,40.309413909912109,0,0.057377561926841736,2.8216381072998047,0.79703980684280396,1.1860415935516357,0.86725723743438721,0.93306678533554077,-4.0248932838439941,0,0,0,0
29,30,246000,-2.3741471767425537,0.025993062183260918,0.87142395973205566,77.616127014160156,51.735630035400391,40.8922119140625,41.7847900390625,39.255664825439453,0,0.044324945658445358,3.6841773986816406,0.77155572175979614,1.2191841602325439,0.92082333564758301,0.90229111909866333,-4.0871744155883789,0,0,0,0
29,45,246360,0.47565111517906189,0.015191446989774704,2.1385550498962402,82.459701538085938,55.518341064453125,26.437726974487305,41.204246520996094,36.404090881347656,0,0.044921621680259705,3.5193748474121094,0.79516613483428955,1.2191841602325439,0.92082333564758301,0.90229111909866333,-4.0871744155883789,0,0,0,0
29,60,246720,4.1412043571472168,0.0003581698692869395,3.0155489444732666,83.126846313476562,66.028564453125,2.9118657112121582,41.454643249511719,33.286727905273438,0,0.051397647708654404,3.2640924453735352,0.83173900842666626,1.2191841602325439,0.92082333564758301,0.90229111909866333,-4.0871744155883789,0,0,0,0
29,75,247080,7.8936748504638672,1.2413420336088166E-05,3.2237534523010254,82.120918273925781,66.699752807617188,0,43.247909545898438,30.430917739868164,0,0.033125780522823334,2.966801643371582,0.87433028221130371,1.2191841602325439,0.92082333564758301,0.90229111909866333,-4.0871744155883789,0,0,0,0
29,90,247440,12.653833389282227,0.015499248169362545,3.3100359439849854,81.742942810058594,65.108642578125,0,47.425945281982422,27.826057434082031,0,0.014859095215797424,2.675973653793335,0.91599559783935547,1.2191841602325439,0.92082333564758301,0.90229111909866333,-4.0871744155883789,0,0,0,0
29,105,247800,16.630393981933594,0,3.1666939258575439,81.325347900390625,63.426902770996094,0,52.846237182617188,25.449983596801758,0,0.018497318029403687,2.440079927444458,0.9497908353805542,1.2191841602325439,0.92082333564758301,0.90229111909866333,-4.0871744155883789,0,0,0,0
29,120,248160,20.190677642822266,0,2.8792364597320557,80.574249267578125,61.861343383789062,0,58.052803039550781,23.525884628295898,0,0.018222203478217125,2.307591438293457,0.96877175569534302,1.2191841602325439,0.92082333564758301,0.90229111909866333,-4.0871744155883789,0,0,0,0
29,135,248520,23.285411834716797,0,2.4344041347503662,79.555061340332031,60.511890411376953,0,60.459701538085938,23.010961532592773,0,0.05762922391295433,2.3492825031280518,0.97028160095214844,1.579835057258606,0.92082333564758301,0.90229111909866333,-4.0871744155883789,0,0,0,1
29,150,248880,25.588172912597656,0,1.9806877374649048,78.379173278808594,59.304046630859375,0,60.841815948486328,23.563013076782227,0,0.0026945925783365965,2.6397774219512939,0.96827584505081177,1.2191841602325439,0.92082333564758301,0.90229111909866333,-4.0871744155883789,0,0,0,0
29,165,249240,26.843238830566406,0,1.4554740190505981,77.080642700195312,58.294116973876953,0,60.630352020263672,24.494802474975586,0,0.0049143210053443909,3.0879592895507812,0.96518129110336304,1.2191841602325439,0.92082333564758301,0.90229111909866333,-4.0871744155883789,0,0,0,0
29,180,249600,26.948419570922852,0,1.2530553340911865,75.728813171386719,57.392364501953125,0,60.272850036621094,25.48704719543457,0,0.0031560617499053478,3.5887041091918945,0.9617239236831665,1.2191841602325439,0.92082333564758301,0.90229111909866333,-4.0871744155883789,0,0,0,0
29,195,249960,25.807258605957031,0,1.1180672645568848,74.435073852539062,56.554332733154297,0,60.216495513916016,26.240909576416016,0,0.00082353060133755207,4.0368862152099609,0.95862936973571777,1.2191841602325439,0.92082333564758301,0.90229111909866333,-4.0871744155883789,0,0,0,0
29,210,250320,23.433551788330078,0,0.99456512928009033,73.25628662109375,55.719451904296875,0,60.906730651855469,26.522966384887695,0,0.001774668344296515,4.3273811340332031,0.9566236138343811,1.2191841602325439,0.92082333564758301,0.90229111909866333,-4.0871744155883789,0,0,0,0
29,225,250680,19.951339721679688,0,0.89115691184997559,72.175132751464844,54.920608520507812,0,64.033149719238281,25.739957809448242,0,0.0049292952753603458,4.3580222129821777,0.9568709135055542,1.2191841602325439,0.92082333564758301,0.90229111909866333,-4.0871744155883789,0,0,0,0
29,240,251040,15.653376579284668,0,0.80951786041259766,71.241584777832031,54.09783935546875,0,70.324104309082031,23.746654510498047,0,0.004749941173940897,4.1195125579833984,0.96303445100784302,1.2191841602325439,0.92082333564758301,0.90229111909866333,-4.0871744155883789,0,0,0,0
29,255,251400,10.965660095214844,0,0.74565982818603516,70.461456298828125,53.262100219726562,0,76.33416748046875,21.745418548583984,0,0.0021939766593277454,3.7103900909423828,0.97360688447952271,1.2191841602325439,0.92082333564758301,0.90229111909866333,-4.0871744155883789,0,0,0,0
29,270,251760,5.4396705627441406,1.036645585372753E-06,0.70551830530166626,69.859992980957031,52.468612670898438,0,80.484275817871094,19.920707702636719,0,0.0088608888909220695,3.2351114749908447,0.98588889837265015,1.2191841602325439,0.92082333564758301,0.90229111909866333,-4.0871744155883789,0,0,0,0
29,285,252120,1.1270900964736938,0.00037846266059204936,0.69206470251083374,72.016120910644531,53.315475463867188,1.7442125681554899E-05,81.721282958984375,18.241235733032227,0,0.020690668374300003,2.7981338500976562,0.99718117713928223,1.2191841602325439,0.92082333564758301,0.90229111909866333,-4.0871744155883789,0,0,0,0
29,300,252480,-2.3852941989898682,3.7535587580350693E-06,0.67950147390365601,71.830398559570312,52.757568359375,1.4504453247354832E-05,81.534446716308594,16.936080932617188,0,0.017926152795553207,2.5039138793945312,1.0047843456268311,1.2191841602325439,0.92082333564758301,0.90229111909866333,-4.0871744155883789,0,0,0,0
29,315,252840,-5.0028247833251953,0.00043891739915125072,0.69776391983032227,72.313758850097656,52.152629852294922,0.70399802923202515,78.407752990722656,18.494451522827148,0,0.020948916673660278,2.4549837112426758,1.0034124851226807,1.2191841602325439,0.92082333564758301,0.90229111909866333,-4.0871744155883789,0,0,0,0
29,330,253200,-6.4585161209106445,0.42211771011352539,0.72232913970947266,73.029434204101562,51.617679595947266,5.0437912940979004,71.977134704589844,23.055948257446289,0,0.040305826812982559,2.6633894443511963,0.96436858177185059,1.2191841602325439,0.92082333564758301,4.1489734649658203,-4.0871744155883789,0,0,1,0
29,345,253560,-6.8941941261291504,0.0069044921547174454,0.73958802223205566,73.843765258789062,51.086746215820312,16.592962265014648,64.606697082519531,28.096542358398438,0,0.04849151149392128,3.0152873992919922,0.8984418511390686,1.2191841602325439,0.92082333564758301,0.90229111909866333,-4.0871744155883789,0,0,0,0
29,360,253920,-9.2125606536865234,0.012874129228293896,0.79424834251403809,74.108024597167969,50.542278289794922,19.088790893554688,57.38873291015625,32.569530487060547,0,0.034751560539007187,0.79971766471862793,0.48101082444190979,1.2010164260864258,0.72851866483688354,0.98829060792922974,-0.095167160034179688,0,0,0,0
29,365,254040,-9.4439077377319336,0.010870643891394138,0.81122440099716187,74.04754638671875,50.335891723632812,19.191555023193359,55.025547027587891,33.931541442871094,0,0.038342833518981934,0.29533207416534424,0.40803128480911255,1.1976521015167236,0.69290667772293091,1.0042164325714111,0.64409351348876953,0,0,0,0
30,15,254400,-7.7396459579467773,0.031890314072370529,0.81056046485900879,74.696495056152344,49.858226776123047,21.848735809326172,49.253684997558594,36.508766174316406,0,0.056336428970098495,0.99327647686004639,0.47303369641304016,1.2023030519485474,0.74213671684265137,0.98220056295394897,-0.37786054611206055,0,0,0,0
30,30,254760,-6.5247178077697754,0.0075639090500771999,0.85403323173522949,74.954681396484375,49.429721832275391,22.625324249267578,43.778514862060547,38.581623077392578,0,0.060765240341424942,0.21319723129272461,0.39308464527130127,1.1976521015167236,0.69290667772293091,1.0042164325714111,0.64409375190734863,0,0,0,0
30,45,255120,-3.938683032989502,0.007636642549186945,0.93093335628509521,75.736648559570312,49.291656494140625,21.733049392700195,40.113418579101562,38.739517211914062,0,0.041406620293855667,0.076602816581726074,0.40712228417396545,1.1976521015167236,0.69290667772293091,1.0042164325714111,0.64409375190734863,0,0,0,0
30,60,255480,-0.55489921569824219,0.0009212385630235076,1.4649533033370972,77.563575744628906,50.624614715576172,15.964717864990234,38.885177612304688,36.559486389160156,0,0.031164092943072319,-0.13498461246490479,0.42886683344841003,1.1976521015167236,0.69290667772293091,1.0042164325714111,0.64409375190734863,0,0,0,0
30,75,255840,3.5349371433258057,1.7075872449368035E-07,2.1548078060150146,78.592239379882812,55.372932434082031,2.0584256649017334,39.162513732910156,33.475265502929688,0,0.042601261287927628,-0.38139015436172485,0.45418956875801086,1.1976521015167236,0.69290667772293091,1.0042164325714111,0.64409375190734863,0,0,0,0
30,90,256200,8.2556676864624023,2.1502030449482845E-06,2.1948821544647217,77.379142761230469,56.294124603271484,0.00028640992240980268,41.900222778320312,30.610635757446289,0,0.034108806401491165,-0.62243914604187012,0.47896185517311096,1.1976521015167236,0.69290667772293091,1.0042164325714111,0.64409375190734863,0,0,0,0
30,105,256560,12.359684944152832,6.1156065385148395E-06,2.0404379367828369,76.858665466308594,54.946071624755859,0,47.473789215087891,27.995885848999023,0,0.012879831716418266,-0.81795662641525269,0.49905496835708618,1.1976521015167236,0.69290667772293091,1.0042164325714111,0.64409375190734863,0,0,0,0
30,120,256920,16.195671081542969,0,1.7174124717712402,76.163253784179688,53.697826385498047,0,53.796211242675781,25.620920181274414,0,0.010100242681801319,-0.92776781320571899,0.51034009456634521,1.1976521015167236,0.69290667772293091,1.0042164325714111,0.64409375190734863,0,0,0,0
30,135,257280,19.381414413452148,0,1.4359049797058105,75.236709594726562,52.652072906494141,0,58.943180084228516,23.898042678833008,0,0.012666432186961174,-0.89885538816452026,0.50608879327774048,1.1976521015167236,0.69290667772293091,1.0042164325714111,0.64409375190734863,0,0,0,0
30,150,257640,21.821550369262695,0,1.2926911115646362,74.108795166015625,51.787109375,0,61.403400421142578,23.489322662353516,0,0.0056976187042891979,-0.68795281648635864,0.47763863205909729,1.1976521015167236,0.69290667772293091,1.0042164325714111,0.64409375190734863,0,0,0,0
30,165,258000,23.241714477539062,0,1.1648454666137695,72.884597778320312,51.04766845703125,0,62.32989501953125,23.875774383544922,0,0.001160407206043601,-0.36256754398345947,0.43374508619308472,1.1976521015167236,0.69290667772293091,1.0042164325714111,0.64409375190734863,0,0,0,0
30,180,258360,23.474916458129883,0,1.0292669534683228,71.6407470703125,50.392971038818359,0,62.902069091796875,24.452177047729492,0,0.0031978215556591749,0.00097864866256713867,0.38470366597175598,1.1976521015167236,0.69290667772293091,1.0042164325714111,0.64409375190734863,0,0,0,0
30,195,258720,22.455421447753906,0,0.89139866828918457,70.425857543945312,49.793350219726562,0,63.734020233154297,24.875400543212891,0,0.0032092144247144461,0.32636398077011108,0.34081012010574341,1.1976521015167236,0.69290667772293091,1.0042164325714111,0.64409375190734863,0,0,0,0
30,210,259080,20.220746994018555,0,0.76298540830612183,69.267066955566406,49.235832214355469,0,65.913581848144531,24.657482147216797,0,0.0015036410186439753,0.53726655244827271,0.31235992908477783,1.1976521015167236,0.69290667772293091,1.0042164325714111,0.64409375190734863,0,0,0,0
30,225,259440,16.929311752319336,0,0.64923173189163208,68.217575073242188,48.674644470214844,0,70.925140380859375,23.229206085205078,0,0.0007289373897947371,0.57667487859725952,0.30929970741271973,1.1976521015167236,0.69290667772293091,1.0042164325714111,0.64409375190734863,0,0,0,0
30,240,259800,12.993582725524902,0,0.55363339185714722,67.2794189453125,48.117317199707031,0,77.194221496582031,21.304988861083984,0,0.004450690932571888,0.57242608070373535,0.33207467198371887,1.1976521015167236,0.69290667772293091,1.0042164325714111,0.64409375190734863,0,0,0,0
30,255,260160,8.7698640823364258,0,0.4812743067741394,66.475349426269531,47.572174072265625,0,82.559608459472656,19.534088134765625,0,0.0065401326864957809,0.56513798236846924,0.37114125490188599,1.1976521015167236,0.69290667772293091,1.0042164325714111,0.64409375190734863,0,0,0,0
30,270,260520,3.7353980541229248,0,0.42588132619857788,65.810836791992188,47.047630310058594,0,85.625480651855469,17.921951293945312,0,0.018109176307916641,0.5566713809967041,0.41652494668960571,1.2285633087158203,0.69290667772293091,1.0042164325714111,0.64409375190734863,0,0,0,0
30,285,260880,-0.19581440091133118,0,0.39180788397789001,65.316116333007812,46.549503326416016,0,86.239433288574219,16.452465057373047,0,0.0087594622746109962,0.54888707399368286,0.45825135707855225,1.1976521015167236,0.69290667772293091,1.0042164325714111,0.64409375190734863,0,0,0,0
30,300,261240,-3.6813383102416992,9.9357261206023395E-05,0.37853005528450012,65.104743957519531,46.091106414794922,0.00041477216291241348,85.386573791503906,15.887053489685059,0,0.022997016087174416,0.54364579916000366,0.486346036195755,1.1976521015167236,0.69290667772293091,1.0042164325714111,0.64409375190734863,0,0,0,0
30,315,261600,-6.3790168762207031,4.6166937863745261E-06,0.37820315361022949,65.233375549316406,45.658184051513672,0.031153790652751923,80.224998474121094,19.487115859985352,0,0.025714823976159096,0.53866463899612427,0.49127066135406494,1.1976521015167236,0.69290667772293091,1.0042164325714111,0.64409375190734863,0,0,0,0
30,330,261960,-8.3233518600463867,0.0022956663742661476,0.38993468880653381,65.448806762695312,45.254962921142578,0.2056543231010437,71.900367736816406,25.776090621948242,0,0.022356996312737465,0.48990935087203979,0.4745924174785614,1.1976521015167236,0.69290667772293091,1.0042164325714111,0.64409375190734863,0,0,0,0
30,345,262320,-9.407135009765625,0.0062594907358288765,0.4577639102935791,65.440940856933594,44.860633850097656,0.8554651141166687,63.46722412109375,31.609766006469727,0,0.041595607995986938,0.40758472681045532,0.44643077254295349,1.1976521015167236,0.69290667772293091,1.0042164325714111,0.64409375190734863,0,0,0,0
30,360,262680,-9.6056528091430664,0.031938988715410233,0.51359331607818604,65.357803344726562,44.449928283691406,6.7644786834716797,55.921665191650391,36.077663421630859,0,0.034600265324115753,0.34131616353988647,0.92784571647644043,1.008033275604248,0.89943921566009521,0.87761300802230835,-0.49331080913543701,0,0,0,0
30,365,262800,-9.4635019302368164,0.029859529808163643,0.52402973175048828,65.334808349609375,44.310417175292969,8.9089317321777344,53.607997894287109,37.282417297363281,0,0.028247134760022163,0.29940289258956909,1.0095227956771851,0.97291874885559082,0.93768602609634399,0.85416793823242188,-0.70394134521484375,0,0,0,0
31,15,263160,-8.4243459701538086,0.029172154143452644,0.57018554210662842,65.280303955078125,43.900669097900391,13.961828231811523,47.242244720458984,40.132137298583984,0,0.020941125229001045,0.21837353706359863,0.85623753070831299,1.0214611291885376,0.88481366634368896,0.88657844066619873,-0.4127657413482666,0,0,0,0
31,30,263520,-6.4753966331481934,0.033010229468345642,0.49278095364570618,66.2169189453125,43.526996612548828,25.069194793701172,41.900943756103516,41.733303070068359,0,0.021183092147111893,0.20413759350776672,0.98423844575881958,0.97291874885559082,0.93768602609634399,0.85416793823242188,-0.70394134521484375,0,0,0,0
31,45,263880,-3.7458539009094238,0.030411548912525177,0.51264208555221558,68.544357299804688,43.230140686035156,37.458251953125,38.441356658935547,41.379169464111328,0,0.033093579113483429,0.20639942586421967,0.99299311637878418,0.97291874885559082,0.93768602609634399,0.85416793823242188,-0.70394134521484375,0,0,0,0
31,60,264240,-0.26502811908721924,0.030114946886897087,0.73311775922775269,76.139572143554688,45.688026428222656,34.845176696777344,37.389137268066406,38.761524200439453,0,0.017978357151150703,0.20990303158760071,1.0065542459487915,0.97291874885559082,0.93768602609634399,0.85416793823242188,-0.70394134521484375,0,0,0,0
31,75,264600,4.1101865768432617,0.010732199996709824,1.1919345855712891,79.027336120605469,59.656349182128906,6.9659347534179688,37.651828765869141,35.4447021484375,0,0.0068548158742487431,0.2139832079410553,1.0223468542098999,0.97291874885559082,0.93768602609634399,0.85416793823242188,-0.70394134521484375,0,0,0,0
31,90,264960,9.2225971221923828,0.0016035431763157248,1.1841809749603271,77.916885375976562,62.526664733886719,0,40.290424346923828,32.394012451171875,0,0.01014089398086071,0.21797466278076172,1.0377962589263916,0.97291874885559082,0.93768602609634399,0.85416793823242188,-0.70394134521484375,0,0,0,0
31,105,265320,13.220362663269043,0.00066249014344066381,1.2358015775680542,77.760147094726562,61.709552764892578,0,45.420810699462891,29.618982315063477,0,0.0096589261665940285,0.22121217846870422,1.0503274202346802,0.97291874885559082,0.93768602609634399,0.85416793823242188,-0.70394134521484375,0,0,0,0
31,120,265680,17.485433578491211,0,1.066423773765564,77.218727111816406,60.475948333740234,0,51.187648773193359,27.124557495117188,0,0.027219710871577263,0.22303052246570587,1.0573654174804688,0.97291874885559082,0.93768602609634399,0.85416793823242188,-0.70394134521484375,0,0,0,0
31,135,266040,20.412206649780273,4.3323265686012746E-07,0.81014204025268555,77.278518676757812,59.658946990966797,0,55.625717163085938,25.377939224243164,0,0.0010479128686711192,0.20672403275966644,1.0599668025970459,0.97291874885559082,0.93768602609634399,0.85416793823242188,-0.70394134521484375,0,0,0,0
31,150,266400,22.562538146972656,6.186626706039533E-06,0.74536532163619995,76.024169921875,58.593570709228516,0,57.514659881591797,24.943220138549805,0,0.025258582085371017,0.11944380402565002,1.0700300931930542,1.3756530284881592,0.93768602609634399,0.85416793823242188,-0.70394134521484375,0,0,0,1
31,165,266760,23.600496292114258,0,0.62097889184951782,74.848808288574219,57.457565307617188,0,58.285354614257812,25.13697624206543,0,0.00090781744802370667,-0.015214085578918457,1.0855560302734375,0.97291874885559082,0.93768602609634399,0.85416793823242188,-0.70394134521484375,0,0,0,0
31,180,267120,23.268577575683594,0,0.51006811857223511,73.654510498046875,56.423542022705078,0,58.968986511230469,25.426572799682617,0,0.00012350671750027686,-0.16566458344459534,1.1029025316238403,0.97291874885559082,0.93768602609634399,0.85416793823242188,-0.70394134521484375,0,0,0,0
31,195,267480,21.668376922607422,0.0023656112607568502,0.42047128081321716,72.463294982910156,55.471969604492188,0,60.183586120605469,25.486371994018555,0,0.00023771190899424255,-0.30032247304916382,1.1184283494949341,0.97291874885559082,0.93768602609634399,0.85416793823242188,-0.70394134521484375,0,0,0,0
31,210,267840,19.13572883605957,0,0.30428153276443481,71.296905517578125,54.591503143310547,0,63.165966033935547,24.793827056884766,0,0.00068229879252612591,-0.38760274648666382,1.1284917593002319,0.97291874885559082,0.93768602609634399,0.85416793823242188,-0.70394134521484375,0,0,0,0
31,225,268200,17.807064056396484,0,0.21746329963207245,70.238426208496094,53.76348876953125,0,68.769195556640625,23.055953979492188,0,0.00054547801846638322,0.80010318756103516,1.1304787397384644,0.97291874885559082,0.93768602609634399,0.85416793823242188,-0.70394134521484375,0,0,0,0
31,240,268560,11.896603584289551,0.005016022827476263,0.14632900059223175,69.301643371582031,52.952949523925781,0,73.985084533691406,21.458789825439453,0,0.00011225530761294067,-0.24813640117645264,1.131325364112854,0.97291874885559082,0.93768602609634399,0.85416793823242188,-0.70394134521484375,0,0,0,0
31,255,268920,7.8827452659606934,3.9357839654030613E-08,0.087095692753791809,68.69842529296875,52.144683837890625,0,79.062889099121094,19.67218017578125,0,0.0016838596202433109,-0.005298227071762085,1.1327775716781616,0.97291874885559082,0.93768602609634399,0.85416793823242188,-0.70394134521484375,0,0,0,0
31,270,269280,3.0750918388366699,1.0094706340169068E-05,0.056483764201402664,68.357322692871094,51.379230499267578,0,81.67047119140625,18.042469024658203,0,0.0030347276479005814,0.27680736780166626,1.1344645023345947,0.97291874885559082,0.93768602609634399,0.85416793823242188,-0.70394134521484375,0,0,0,0
31,285,269640,-0.49589046835899353,0.0090099181979894638,0.048496272414922714,68.204475402832031,50.632575988769531,0.00056433986173942685,82.112129211425781,16.555644989013672,0,0.0029282195027917624,0.53617918491363525,1.1360155344009399,0.97291874885559082,0.93768602609634399,0.85416793823242188,-0.70394134521484375,0,0,0,0
31,300,270000,-3.7174696922302246,6.3651888922322541E-05,0.04168311133980751,68.786102294921875,50.020717620849609,0.019813835620880127,81.117225646972656,16.110452651977539,0,0.0028966865502297878,0.71081602573394775,1.1370599269866943,0.97291874885559082,0.93768602609634399,0.85416793823242188,-0.70394134521484375,0,0,0,0
31,315,270360,-6.4096722602844238,0.0013393547851592302,0.063212834298610687,69.677787780761719,49.459175109863281,2.0651867389678955,76.06414794921875,19.581583023071289,0,0.012778962962329388,0.742592453956604,1.1353174448013306,0.97291874885559082,0.93768602609634399,0.85416793823242188,-0.70394134521484375,0,0,0,0
31,330,270720,-8.3054990768432617,0.022109182551503181,0.11223699152469635,70.516426086425781,48.944389343261719,4.2477402687072754,68.080184936523438,25.531108856201172,0,0.017247520387172699,0.65379273891448975,1.1101126670837402,0.97291874885559082,0.93768602609634399,0.85416793823242188,-0.70394134521484375,0,0,0,0
31,345,271080,-9.3957328796386719,0.01992851123213768,0.20285768806934357,70.41448974609375,48.392818450927734,11.623085021972656,60.054191589355469,30.982540130615234,0,0.010230658575892448,0.50385236740112305,1.0675536394119263,0.97291874885559082,0.93768602609634399,0.85416793823242188,-0.70394134521484375,0,0,0,0
31,360,271440,-9.9663305282592773,0.034860569983720779,0.18674218654632568,70.259262084960938,47.855709075927734,23.534507751464844,52.908145904541016,35.107574462890625,0,0.022011246532201767,-0.22722452878952026,1.0145310163497925,1.0329265594482422,1.029118537902832,1.0076144933700562,-6.7490792274475098,0,0,0,0
31,365,271560,-9.841160774230957,0.039277259260416031,0.18803209066390991,70.211502075195312,47.675674438476562,26.361078262329102,50.719390869140625,36.214881896972656,0,0.033274326473474503,-0.47806179523468018,1.0136696100234985,1.0440391302108765,1.0460505485534668,1.0360305309295654,-7.8685493469238281,0,0,0,0
32,15,271920,-8.6099987030029297,0.048924647271633148,0.22569696605205536,70.0806884765625,47.126426696777344,39.928604125976562,44.697593688964844,38.800571441650391,0,0.039274804294109344,-0.54959344863891602,1.0082683563232422,1.0286771059036255,1.0226438045501709,0.99674820899963379,-6.3209939002990723,0,0,0,0
32,30,272280,-6.4267449378967285,0.060681682080030441,0.15465262532234192,70.616676330566406,46.623092651367188,56.682876586914062,39.615089416503906,40.241592407226562,0,0.026248347014188766,-0.78016293048858643,1.0120958089828491,1.0440391302108765,1.0460505485534668,1.0360305309295654,-7.8685493469238281,0,0,0,0
32,45,272640,-3.5024971961975098,0.057825177907943726,0.20275163650512695,72.451896667480469,46.441562652587891,70.295440673828125,36.389823913574219,39.773029327392578,0,0.018447456881403923,-0.77609860897064209,0.99885767698287964,1.0440391302108765,1.0460505485534668,1.0360305309295654,-7.8685493469238281,0,0,0,0
32,60,273000,0.13203442096710205,0.025760022923350334,0.7446521520614624,79.994483947753906,50.898262023925781,60.691959381103516,35.479217529296875,37.149383544921875,0,0.026362551376223564,-0.76980280876159668,0.9783516526222229,1.0440391302108765,1.0460505485534668,1.0360305309295654,-7.8685493469238281,0,0,0,0
32,75,273360,4.5737342834472656,0.12541958689689636,2.3874049186706543,83.478996276855469,70.389846801757812,14.909272193908691,35.8095703125,33.956584930419922,0,0.021189695224165916,-0.76247096061706543,0.95447123050689697,1.0440391302108765,1.0460505485534668,1.0360305309295654,-7.8685493469238281,0,0,0,0
32,90,273720,9.7788009643554688,2.7380072424421087E-05,2.0224182605743408,80.926559448242188,73.563583374023438,0.1874832808971405,38.657974243164062,31.039346694946289,0,0.0071474430151283741,-0.75529849529266357,0.93110984563827515,1.0440391302108765,1.0460505485534668,1.0360305309295654,-7.8685493469238281,0,0,0,0
32,105,274080,13.954336166381836,1.7755019143805839E-05,2.0039689540863037,80.503509521484375,72.103790283203125,0,43.870941162109375,28.380964279174805,0,0.0062561654485762119,-0.74948090314865112,0.91216129064559937,1.0440391302108765,1.0460505485534668,1.0360305309295654,-7.8685493469238281,0,0,0,0
32,120,274440,17.616086959838867,3.7588179679914901E-07,1.8618842363357544,79.91082763671875,70.237724304199219,0,49.610157012939453,25.99036979675293,0,0.0075835245661437511,-0.74621343612670898,0.90151888132095337,1.0440391302108765,1.0460505485534668,1.0360305309295654,-7.8685493469238281,0,0,0,0
32,135,274800,20.509748458862305,0,1.5967679023742676,79.05908203125,68.411521911621094,0,53.958438873291016,24.373430252075195,0,0.0021970933303236961,-0.76965618133544922,0.90239322185516357,1.0440391302108765,1.0460505485534668,1.0360305309295654,-7.8685493469238281,0,0,0,0
32,150,275160,22.210353851318359,0,1.2375572919845581,78.013412475585938,66.734207153320312,0,56.072605133056641,23.895681381225586,0,0.00043509667739272118,-0.89547717571258545,0.91262805461883545,1.0440391302108765,1.0460505485534668,1.0360305309295654,-7.8685493469238281,0,0,0,0
32,165,275520,22.572065353393555,0,0.78952538967132568,76.906501770019531,65.165306091308594,0,57.275382995605469,23.958864212036133,0,0.0017243432812392712,-1.0895967483520508,0.92841863632202148,1.0440391302108765,1.0460505485534668,1.0360305309295654,-7.8685493469238281,0,0,0,0
32,180,275880,21.81077766418457,0,0.45121645927429199,75.738632202148438,63.684429168701172,0,58.527748107910156,24.07899284362793,0,0.0012444743188098073,-1.3064825534820557,0.94606119394302368,1.0440391302108765,1.0460505485534668,1.0360305309295654,-7.8685493469238281,0,0,0,0
32,195,276240,19.773168563842773,0,0.34203746914863586,74.566169738769531,62.320743560791016,0,60.825290679931641,23.787506103515625,0,0.00044573406921699643,-1.5006020069122314,0.96185177564620972,1.0440391302108765,1.0460505485534668,1.0360305309295654,-7.8685493469238281,0,0,0,0
32,210,276600,16.848709106445312,0,0.2512490451335907,73.420562744140625,61.084480285644531,0,65.403144836425781,22.577169418334961,0,0.00027381055406294763,-1.6264230012893677,0.97208660840988159,1.0440391302108765,1.0460505485534668,1.0360305309295654,-7.8685493469238281,0,0,0,0
32,225,276960,13.225473403930664,0,0.17088370025157928,72.398025512695312,59.867496490478516,0,71.649742126464844,20.743434906005859,0,0.0018518548458814621,-1.6178168058395386,0.97443866729736328,1.0440391302108765,1.0460505485534668,1.0360305309295654,-7.8685493469238281,0,0,0,0
32,240,277320,9.4007139205932617,8.4385037553147413E-06,0.10483720153570175,71.548652648925781,58.723945617675781,0,77.46405029296875,19.008146286010742,0,0.0018106078496202826,-1.2991921901702881,0.97855949401855469,1.0440391302108765,1.0460505485534668,1.0360305309295654,-7.8685493469238281,0,0,0,0
32,255,277680,5.6034927368164062,6.7299873762749485E-07,0.049710292369127274,70.938285827636719,57.629970550537109,0,81.607566833496094,17.426136016845703,0,0.0010250464547425508,-0.75264614820480347,0.98562800884246826,1.0440391302108765,1.0460505485534668,1.0360305309295654,-7.8685493469238281,0,0,0,0
32,270,278040,1.3350065946578979,0.030641671270132065,0.1175960972905159,70.564567565917969,56.550365447998047,4.9654256145004183E-05,83.178924560546875,15.982067108154297,0,0.0038034638855606318,-0.11772263050079346,0.99383950233459473,1.0440391302108765,1.0460505485534668,1.0360305309295654,-7.8685493469238281,0,0,0,0
32,285,278400,-1.8392041921615601,2.7913531539525138E-06,0.04721267893910408,70.518760681152344,55.552005767822266,1.3118954029778251E-06,83.217216491699219,14.734007835388184,0,0.011945950798690319,0.46603500843048096,1.0013892650604248,1.0440391302108765,1.0460505485534668,1.0360305309295654,-7.8685493469238281,0,0,0,0
32,300,278760,-4.6611447334289551,1.6318648704327643E-05,0.057916238903999329,71.025390625,54.682411193847656,0.43525406718254089,81.06231689453125,15.552803039550781,0,0.012573219835758209,0.85908305644989014,1.0064725875854492,1.0440391302108765,1.0460505485534668,1.0360305309295654,-7.8685493469238281,0,0,0,0
32,315,279120,-7.0154333114624023,0.0023817764595150948,0.07432883232831955,71.951202392578125,53.944782257080078,2.520000696182251,74.787269592285156,20.233684539794922,0,0.0083792684599757195,0.9242476224899292,1.0076937675476074,1.0440391302108765,1.0460505485534668,1.0360305309295654,-7.8685493469238281,0,0,0,0
32,330,279480,-8.7899065017700195,0.013794183731079102,0.21555238962173462,72.443191528320312,53.271488189697266,7.2979311943054199,66.4918212890625,26.414669036865234,0,0.021831611171364784,0.64327383041381836,1.0088911056518555,1.0440391302108765,1.0460505485534668,1.0360305309295654,-7.8685493469238281,0,0,0,0
32,345,279840,-9.8305692672729492,0.024894570931792259,0.27121251821517944,72.240455627441406,52.481166839599609,16.105007171630859,58.606037139892578,31.650447845458984,0,0.035945877432823181,0.16884297132492065,1.0109128952026367,1.0440391302108765,1.0460505485534668,1.0360305309295654,-7.8685493469238281,0,0,0,0
32,360,280200,-10.688896179199219,0.050889257341623306,0.26510491967201233,72.018463134765625,51.738357543945312,25.576471328735352,51.633735656738281,35.555789947509766,0,0.0235856082290411,-0.73834699392318726,0.83026087284088135,1.0371018648147583,0.93182390928268433,0.90889769792556763,-1.5053682327270508,0,0,0,0
32,365,280320,-10.764595031738281,0.029348980635404587,0.27074173092842102,71.942550659179688,51.501846313476562,27.090415954589844,49.498844146728516,36.599998474121094,0,0.018224699422717094,-0.99004685878753662,0.79275804758071899,1.0358171463012695,0.91067081689834595,0.88535457849502563,-0.32700109481811523,0,0,0,0
33,15,280680,-9.7692451477050781,0.038943085819482803,0.31019660830497742,71.711151123046875,50.837436676025391,41.868476867675781,43.611957550048828,39.019290924072266,0,0.024939410388469696,-1.2088577747344971,0.83517837524414062,1.0375931262969971,0.93991285562515259,0.91790056228637695,-1.9559755325317383,0,0,0,0
33,30,281040,-8.0323953628540039,0.050736930221319199,0.44920817017555237,71.508094787597656,50.243621826171875,49.754997253417969,38.444931030273438,40.552822113037109,0,0.037495560944080353,-1.3136547803878784,0.78641897439956665,1.0358171463012695,0.91067081689834595,0.88535457849502563,-0.32700109481811523,0,0,0,0
33,45,281400,-5.1741690635681152,0.040190882980823517,0.27877777814865112,72.828361511230469,49.782726287841797,58.277416229248047,34.402107238769531,40.863620758056641,0,0.031129447743296623,-1.1011971235275269,0.79243379831314087,1.0358171463012695,0.91067081689834595,0.88535457849502563,-0.32700109481811523,0,0,0,0
33,60,281760,-1.5007063150405884,0.038116715848445892,0.40117081999778748,76.505851745605469,50.233497619628906,59.31390380859375,32.607032775878906,39.000877380371094,0,0.01664946973323822,-0.77209585905075073,0.80175089836120605,1.0358171463012695,0.91067081689834595,0.88535457849502563,-0.32700109481811523,0,0,0,0
33,75,282120,3.279545783996582,0.0053082862868905067,2.2825770378112793,84.121650695800781,63.140327453613281,23.777816772460938,32.581562042236328,35.757209777832031,0,0.018161231651902199,-0.38883882761001587,0.81260114908218384,1.0358171463012695,0.91067081689834595,0.88535457849502563,-0.32700109481811523,0,0,0,0
33,90,282480,9.0543527603149414,9.8738992164726369E-06,2.4546971321105957,81.128631591796875,72.017158508300781,1.1202306747436523,34.794910430908203,32.6849365234375,0,0.019299261271953583,-0.013913273811340332,0.8232155442237854,1.0358171463012695,0.91067081689834595,0.88535457849502563,-0.32700109481811523,0,0,0,0
33,105,282840,13.694252014160156,0.0013757816050201654,2.3654599189758301,80.397293090820312,70.473960876464844,0,39.751560211181641,29.886697769165039,0,0.0068004312925040722,0.29019272327423096,0.83182501792907715,1.0358171463012695,0.91067081689834595,0.88535457849502563,-0.32700109481811523,0,0,0,0
33,120,283200,17.717216491699219,0,2.2209467887878418,79.832366943359375,68.584465026855469,0,45.263927459716797,27.364011764526367,0,0.0027746888808906078,0.46099221706390381,0.83666044473648071,1.0358171463012695,0.91067081689834595,0.88535457849502563,-0.32700109481811523,0,0,0,0
33,135,283560,20.933013916015625,0,1.9369574785232544,79.001258850097656,66.743698120117188,0,49.236576080322266,25.668661117553711,0,0.0058434391394257545,0.45785999298095703,0.83719462156295776,1.0358171463012695,0.91067081689834595,0.88535457849502563,-0.32700109481811523,0,0,0,0
33,150,283920,23.019735336303711,0,1.5498231649398804,78.004646301269531,65.071426391601562,0,50.981765747070312,25.100736618041992,0,0.0023589525371789932,0.35130345821380615,0.8374750018119812,1.0358171463012695,0.91067081689834595,0.88535457849502563,-0.32700109481811523,0,0,0,0
33,165,284280,23.901079177856445,0,1.0944881439208984,76.952064514160156,63.521396636962891,0,51.890495300292969,25.044883728027344,0,0.00028740853304043412,0.18690556287765503,0.83790761232376099,1.0358171463012695,0.91067081689834595,0.88535457849502563,-0.32700109481811523,0,0,0,0
33,180,284640,23.495532989501953,0,0.61549890041351318,75.878898620605469,62.114429473876953,0,52.746147155761719,25.100543975830078,0,0.00064637989271432161,0.0032272040843963623,0.83839094638824463,1.0358171463012695,0.91067081689834595,0.88535457849502563,-0.32700109481811523,0,0,0,0
33,195,285000,21.937282562255859,0,0.46291071176528931,74.76190185546875,60.868301391601562,0,54.075080871582031,24.990743637084961,0,0.0012080217711627483,-0.16117066144943237,0.83882349729537964,1.0358171463012695,0.91067081689834595,0.88535457849502563,-0.32700109481811523,0,0,0,0
33,210,285360,24.499078750610352,0,0.34594926238059998,73.671363830566406,59.741329193115234,0,54.966133117675781,25.087255477905273,0,0.00073580123716965318,5.6954245567321777,0.83910393714904785,1.0358171463012695,0.91067081689834595,0.88535457849502563,-0.32700109481811523,1,0,0,0
33,225,285720,15.986636161804199,0,0.25261053442955017,72.706611633300781,58.612136840820312,0,60.182746887207031,23.474254608154297,0,0.049622897058725357,-0.27494797110557556,0.83902627229690552,1.3310788869857788,0.91067081689834595,0.88535457849502563,-0.32700109481811523,0,0,0,1
33,240,286080,12.145309448242188,0,0.17794930934906006,71.838432312011719,57.499099731445312,0,66.473426818847656,21.498592376708984,0,0.0021106326021254063,-0.1479077935218811,0.83774024248123169,1.0358171463012695,0.91067081689834595,0.88535457849502563,-0.32700109481811523,0,0,0,0
33,255,286440,8.1002683639526367,0,0.12414797395467758,71.09600830078125,56.433597564697266,0,71.708518981933594,19.694511413574219,0,0.0030099637806415558,0.070007920265197754,0.83553427457809448,1.0358171463012695,0.91067081689834595,0.88535457849502563,-0.32700109481811523,0,0,0,0
33,270,286800,3.2977416515350342,1.3494099221134093E-05,0.08523356169462204,70.589241027832031,55.389087677001953,0,74.489280700683594,18.049449920654297,0,0.0024206771049648523,0.32316097617149353,0.83297163248062134,1.0358171463012695,0.91067081689834595,0.88535457849502563,-0.32700109481811523,0,0,0,0
33,285,287160,-0.38024348020553589,2.661609323695302E-05,0.067619167268276215,70.331405639648438,54.355892181396484,5.2637296903412789E-05,75.006500244140625,16.548355102539062,0,0.002885936526581645,0.55591356754302979,0.83061552047729492,1.0358171463012695,0.91067081689834595,0.88535457849502563,-0.32700109481811523,0,0,0,0
33,300,287520,-3.5996174812316895,2.2724346138147666E-07,0.060729153454303741,70.307212829589844,53.407421112060547,0.0002232267870567739,74.217018127441406,15.909811019897461,0,0.013823202811181545,0.71262741088867188,0.8290291428565979,1.0358171463012695,0.91067081689834595,0.88535457849502563,-0.32700109481811523,0,0,0,0
33,315,287880,-6.314124584197998,0.00030900136334821582,0.073847495019435883,70.756263732910156,52.622272491455078,0.46228489279747009,69.801620483398438,18.788227081298828,0,0.018761906772851944,0.72053897380828857,0.82812231779098511,1.0358171463012695,0.91067081689834595,0.88535457849502563,-0.32700109481811523,0,0,0,0
33,330,288240,-8.5358037948608398,0.037035994231700897,0.14878919720649719,71.281875610351562,51.990131378173828,2.3710660934448242,62.549415588378906,24.108345031738281,0,0.011622296646237373,0.3777974545955658,0.82103651762008667,1.0358171463012695,0.91067081689834595,0.88535457849502563,-0.32700109481811523,0,0,0,0
33,345,288600,-10.071872711181641,0.013270024210214615,0.25652790069580078,71.13134765625,51.361801147460938,5.5350131988525391,55.163177490234375,29.079460144042969,0,0.018552783876657486,-0.20092982053756714,0.80907207727432251,1.0358171463012695,0.91067081689834595,0.88535457849502563,-0.32700109481811523,0,0,0,0
33,360,288960,-10.327383995056152,0.024912746623158455,0.27529361844062805,70.9111328125,50.714717864990234,14.091163635253906,48.598846435546875,32.823085784912109,0,0.027750736102461815,-0.54677790403366089,0.87119871377944946,0.94256281852722168,0.96865218877792358,0.93766319751739502,-4.1089076995849609,0,0,0,0
33,365,289080,-10.054903984069824,0.028476929292082787,0.28670740127563477,70.839981079101562,50.502540588378906,16.14251708984375,46.589260101318359,33.825054168701172,0,0.025493457913398743,-0.54349988698959351,0.88487958908081055,0.92529350519180298,0.979389488697052,0.94734996557235718,-4.8092608451843262,0,0,0,0
34,15,289440,-9.0163869857788086,0.036594308912754059,0.3522983193397522,70.637245178222656,49.871265411376953,26.786769866943359,41.046749114990234,36.172798156738281,0,0.017897762358188629,-0.78408592939376831,0.86319416761398315,0.94916659593582153,0.96454626321792603,0.93395894765853882,-3.841092586517334,0,0,0,0
34,30,289800,-6.6679353713989258,0.035260491073131561,0.28041809797286987,71.077354431152344,49.247665405273438,39.563438415527344,36.326061248779297,37.518791198730469,0,0.011077250353991985,-0.59873557090759277,0.88653683662414551,0.92529350519180298,0.979389488697052,0.94734996557235718,-4.8092608451843262,0,0,0,0
34,45,290160,-3.6241378784179688,0.13666163384914398,0.3236059844493866,72.976486206054688,48.799190521240234,48.021312713623047,33.259532928466797,37.164405822753906,0,0.019577154889702797,-0.40844836831092834,0.89582580327987671,0.92529350519180298,0.979389488697052,0.94734996557235718,-4.8092608451843262,0,0,0,0
34,60,290520,0.30572336912155151,0.018448721617460251,0.90084600448608398,79.068473815917969,52.105289459228516,40.104228973388672,32.426876068115234,34.714710235595703,0,0.016296356916427612,-0.11368978023529053,0.91021448373794556,0.92529350519180298,0.979389488697052,0.94734996557235718,-4.8092608451843262,0,0,0,0
34,75,290880,5.1137537956237793,0.0040140566416084766,1.468580961227417,81.251663208007812,65.381553649902344,7.136176586151123,32.887401580810547,31.731142044067383,0,0.0052667423151433468,0.22957324981689453,0.9269709587097168,0.92529350519180298,0.979389488697052,5.5,-4.8092608451843262,0,0,1,0
34,90,291240,10.397405624389648,6.0620102885877714E-05,1.4495085477828979,79.876144409179688,66.409805297851562,0,36.023769378662109,29.006635665893555,0,0.0057951034978032112,0.56537425518035889,0.94336318969726562,0.92529350519180298,0.979389488697052,0.94734996557235718,-4.8092608451843262,0,0,0,0
34,105,291600,15.058418273925781,4.1769130803004373E-06,1.4140280485153198,79.385093688964844,64.940254211425781,0,41.305389404296875,26.526311874389648,0,0.0076515679247677326,0.83774590492248535,0.95665907859802246,0.92529350519180298,0.979389488697052,0.94734996557235718,-4.8092608451843262,0,0,0,0
34,120,291960,18.91937255859375,1.911152907041469E-07,1.2240359783172607,78.789642333984375,63.276851654052734,0,46.833324432373047,24.349288940429688,0,0.0020465299021452665,0.9907219409942627,0.96412664651870728,0.92529350519180298,0.979389488697052,0.94734996557235718,-4.8092608451843262,0,0,0,0
34,135,292320,21.933242797851562,0,0.8918832540512085,77.963905334472656,61.731365203857422,0,50.253768920898438,23.190252304077148,0,0.00031703439890407026,0.96708095073699951,0.9674757719039917,0.92529350519180298,0.979389488697052,0.94734996557235718,-4.8092608451843262,0,0,0,0
34,150,292680,23.576244354248047,0,0.54626595973968506,76.986213684082031,60.335342407226562,0,51.614158630371094,23.057985305786133,0,0.0012553089763969183,0.76134496927261353,0.98127168416976929,0.92529350519180298,0.979389488697052,0.94734996557235718,-4.8092608451843262,0,0,0,0
34,165,293040,24.134077072143555,0,0.4257047176361084,75.878097534179688,59.090328216552734,0,52.405437469482422,23.293613433837891,0,0.00058653019368648529,0.44393080472946167,1.0025560855865479,0.92529350519180298,0.979389488697052,0.94734996557235718,-4.8092608451843262,0,0,0,0
34,180,293400,23.363243103027344,0,0.31721606850624084,74.737480163574219,57.985111236572266,0,53.313133239746094,23.540298461914062,0,0.00012651286670006812,0.0892905592918396,1.0263367891311646,0.92529350519180298,0.979389488697052,0.94734996557235718,-4.8092608451843262,0,0,0,0
34,195,293760,21.436565399169922,0,0.21223890781402588,73.625213623046875,56.933109283447266,0,54.889381408691406,23.527313232421875,0,7.1398564614355564E-05,-0.22812354564666748,1.0476211309432983,0.92529350519180298,0.979389488697052,0.94734996557235718,-4.8092608451843262,0,0,0,0
34,210,294120,18.504751205444336,0.0027833129279315472,0.12703809142112732,72.569084167480469,55.924835205078125,0,58.493732452392578,22.72831916809082,0,0.00061617512255907059,-0.43385958671569824,1.0614169836044312,0.92529350519180298,0.979389488697052,0.94734996557235718,-4.8092608451843262,0,0,0,0
34,225,294480,14.951106071472168,0,0.027112901210784912,71.55712890625,54.975772857666016,0,64.562339782714844,21.02618408203125,0,0.00039600575109943748,-0.46795463562011719,1.0618100166320801,0.92529350519180298,0.979389488697052,0.94734996557235718,-4.8092608451843262,0,0,0,0
34,240,294840,10.953176498413086,0,0.026426192373037338,70.619338989257812,54.111968994140625,0,70.749122619628906,19.263097763061523,0,0.00015815664664842188,-0.42101863026618958,1.0400301218032837,0.92529350519180298,0.979389488697052,0.94734996557235718,-4.8092608451843262,0,0,0,0
34,255,295200,6.7023987770080566,0,0.03166121244430542,69.897254943847656,53.310249328613281,0,75.591117858886719,17.656251907348633,0,0.0011013449402526021,-0.34050798416137695,1.0026700496673584,0.92529350519180298,0.979389488697052,0.94734996557235718,-4.8092608451843262,0,0,0,0
34,270,295560,1.8075853586196899,4.3905233724217396E-06,0.033545106649398804,69.425765991210938,52.551860809326172,0,77.65399169921875,16.190767288208008,0,0.0039684940129518509,-0.24697861075401306,0.95926892757415771,0.92529350519180298,0.979389488697052,0.94734996557235718,-4.8092608451843262,0,0,0,0
34,285,295920,-1.9611575603485107,1.9751465515582822E-05,0.035119235515594482,69.278541564941406,51.881740570068359,2.157705239369534E-05,77.770057678222656,14.910199165344238,0,0.0039771641604602337,-0.16098636388778687,0.91936534643173218,0.92529350519180298,0.979389488697052,0.94734996557235718,-4.8092608451843262,0,0,0,0
34,300,296280,-5.2062907218933105,3.9085796743165702E-05,0.043430682271718979,69.588035583496094,51.264011383056641,0.37421122193336487,75.448188781738281,15.877058982849121,0,0.0018755168421193957,-0.10308721661567688,0.8924979567527771,0.92529350519180298,0.979389488697052,0.94734996557235718,-4.8092608451843262,0,0,0,0
34,315,296640,-7.8004183769226074,0.016197560355067253,0.049960557371377945,70.329826354980469,50.668663024902344,11.206697463989258,68.893821716308594,20.782426834106445,0,0.011241528205573559,-0.097249343991279602,0.88651353120803833,0.92529350519180298,0.979389488697052,5.5,-4.8092608451843262,0,0,1,0
34,330,297000,-9.4551858901977539,0.01238902285695076,0.24685782194137573,70.498275756835938,50.102745056152344,13.16947078704834,60.898887634277344,26.627277374267578,0,0.018040107563138008,-0.18666233122348785,0.88618618249893188,0.92529350519180298,0.979389488697052,0.94734996557235718,-4.8092608451843262,0,0,0,0
34,345,297360,-10.324069976806641,0.020042805001139641,0.2626989483833313,70.320075988769531,49.486728668212891,19.685054779052734,53.652969360351562,31.238107681274414,0,0.011190876364707947,-0.33763831853866577,0.88563340902328491,0.92529350519180298,0.979389488697052,0.94734996557235718,-4.8092608451843262,0,0,0,0
34,360,297720,-11.617359161376953,0.028911417350172997,0.2285560816526413,70.170822143554688,48.873790740966797,29.562053680419922,47.267982482910156,34.618274688720703,0,0.0092600919306278229,-1.5566272735595703,0.86395925283432007,0.90658152103424072,0.89085555076599121,1.0979264974594116,2.4217681884765625,0,0,0,0
34,365,297840,-11.696647644042969,0.031141944229602814,0.22875356674194336,70.124160766601562,48.669700622558594,31.517436981201172,45.313278198242188,35.512180328369141,0,0.010585726238787174,-1.7795408964157104,0.85683488845825195,0.90311634540557861,0.87446033954620361,1.1258111000061035,3.7608475685119629,0,0,0,0
35,15,298200,-10.515175819396973,0.038545798510313034,0.26906222105026245,69.994819641113281,48.080314636230469,44.492294311523438,39.921218872070312,37.559791564941406,0,0.02312166802585125,-1.5725717544555664,0.8579261302947998,0.90790659189224243,0.8971250057220459,1.0872634649276733,1.9097042083740234,0,0,0,0
35,30,298560,-9.0383234024047852,0.11579233407974243,0.43171709775924683,69.877822875976562,47.504730224609375,56.315723419189453,35.172924041748047,38.811477661132812,0,0.017189031466841698,-1.7834962606430054,0.84880781173706055,0.90311634540557861,0.87446033954620361,1.1258111000061035,3.7608480453491211,0,0,0,0
35,45,298920,-6.3258881568908691,0.054353490471839905,0.21602414548397064,70.706298828125,46.952171325683594,76.321617126464844,31.161857604980469,39.211978912353516,0,0.0094143608585000038,-1.5430868864059448,0.84283089637756348,0.90311634540557861,0.87446033954620361,1.1258111000061035,3.7608480453491211,0,0,0,0
35,60,299280,-5.2706027030944824,0.16528230905532837,0.37763223052024841,71.787109375,46.498950958251953,94.073402404785156,27.672611236572266,39.085739135742188,0,0.014397641643881798,-4.4629554748535156,0.8335726261138916,0.90311634540557861,0.87446033954620361,1.1258111000061035,3.7608480453491211,0,1,0,0
35,75,299640,1.7284318208694458,0.010322605259716511,1.4822022914886475,82.225578308105469,54.91522216796875,69.032638549804688,26.890790939331055,36.435039520263672,0,0.015548189170658588,-0.73700869083404541,0.82279086112976074,0.90311634540557861,0.87446033954620361,1.1258111000061035,3.7608480453491211,0,0,0,0
35,90,300000,7.5100107192993164,0.00072054238989949226,2.2394309043884277,82.687690734863281,76.201972961425781,8.7093610763549805,28.285318374633789,33.295211791992188,0,0.0052125495858490467,-0.31275677680969238,0.81224346160888672,0.90311634540557861,0.87446033954620361,1.1258111000061035,3.7608480453491211,0,0,0,0
35,105,300360,12.63671875,1.0040999768534675E-05,1.8635966777801514,81.435768127441406,75.610633850097656,0,33.124500274658203,30.440008163452148,0,0.0023961593396961689,0.03135836124420166,0.80368828773498535,0.90311634540557861,0.87446033954620361,1.1258111000061035,3.7608480453491211,0,0,0,0
35,120,300720,16.766458511352539,0,1.7300193309783936,80.682456970214844,73.668907165527344,0,39.004730224609375,27.843317031860352,0,0.0053680278360843658,0.22462868690490723,0.79888337850570679,0.90311634540557861,0.87446033954620361,1.1258111000061035,3.7608480453491211,0,0,0,0
35,135,301080,20.078697204589844,0,1.4708957672119141,79.827262878417969,71.773605346679688,0,43.794734954833984,25.850957870483398,0,0.0018190322443842888,0.16614413261413574,0.79848223924636841,0.90311634540557861,0.87446033954620361,1.1258111000061035,3.7608480453491211,0,0,0,0
35,150,301440,22.101388931274414,0,1.1268706321716309,78.843360900878906,69.981971740722656,0,46.355384826660156,24.905189514160156,0,0.00017741057672537863,-0.24527096748352051,0.7988898754119873,0.90311634540557861,0.87446033954620361,1.1258111000061035,3.7608480453491211,0,0,0,0
35,165,301800,22.719205856323242,0,0.71023201942443848,77.740203857421875,68.363739013671875,0,47.938297271728516,24.524007797241211,0,0.00042097934056073427,-0.88001155853271484,0.79951876401901245,0.90311634540557861,0.87446033954620361,1.1258111000061035,3.7608480453491211,0,0,0,0
35,180,302160,22.703136444091797,0,0.29552754759788513,76.687744140625,66.78326416015625,0,49.502391815185547,24.271844863891602,0,0.00067797204246744514,-1.209259033203125,0.80022144317626953,0.90311634540557861,0.87446033954620361,1.1258111000061035,3.7608480453491211,0,0,0,0
35,195,302520,22.078380584716797,0,0.17079894244670868,75.618080139160156,65.247650146484375,0,50.299308776855469,24.391813278198242,0,0.00022431631805375218,0.17934489250183105,0.80085033178329468,0.90311634540557861,0.87446033954620361,1.1258111000061035,3.7608480453491211,1,0,0,0
35,210,302880,17.45848274230957,0,0.07880866527557373,74.613883972167969,63.794498443603516,0,54.681861877441406,23.156591415405273,0,3.5750392271438614E-05,-2.6353497505187988,0.80125796794891357,0.90311634540557861,0.87446033954620361,1.1258111000061035,3.7608480453491211,0,0,0,0
35,225,303240,14.166808128356934,0.0011086323065683246,0.047148406505584717,73.672065734863281,62.416065216064453,0,60.972530364990234,21.298160552978516,0,0.00049266609130427241,-2.698145866394043,0.8024216890335083,0.90311634540557861,0.87446033954620361,1.1258111000061035,3.7608480453491211,0,0,0,0
35,240,303600,10.528399467468262,0,0.042440343648195267,72.772117614746094,61.124782562255859,0,67.019554138183594,19.508649826049805,0,0.00057744648074731231,-2.5512914657592773,0.81311696767807007,0.90311634540557861,0.87446033954620361,1.1258111000061035,3.7608480453491211,0,0,0,0
35,255,303960,6.4457759857177734,0,0.055551029741764069,72.089439392089844,59.897811889648438,0,71.669715881347656,17.878259658813477,0,0.00040836699190549552,-2.2993884086608887,0.83146291971206665,0.90311634540557861,0.87446033954620361,1.1258111000061035,3.7608480453491211,0,0,0,0
35,270,304320,1.8314720392227173,1.1955854688494583E-06,0.054861236363649368,71.679954528808594,58.721580505371094,0,73.614532470703125,16.390813827514648,0,0.00068805762566626072,-2.0067517757415771,0.85277539491653442,0.90311634540557861,0.87446033954620361,1.1258111000061035,3.7608480453491211,0,0,0,0
35,285,304680,-1.9541478157043457,4.4927332055522129E-05,0.061380587518215179,71.622962951660156,57.594657897949219,0.0015488837379962206,73.75048828125,15.077738761901855,0,0.0046528247185051441,-1.7376976013183594,0.87237042188644409,0.90311634540557861,0.87446033954620361,1.1258111000061035,3.7608480453491211,0,0,0,0
35,300,305040,-5.2261967658996582,1.714320205792319E-05,0.061828803271055222,71.931816101074219,56.583454132080078,0.35074719786643982,71.55914306640625,15.904708862304688,0,0.0057393205352127552,-1.5565416812896729,0.88556391000747681,0.90311634540557861,0.87446033954620361,1.1258111000061035,3.7608480453491211,0,0,0,0
35,315,305400,-8.0789098739624023,0.004328074399381876,0.072076447308063507,72.755531311035156,55.664249420166016,2.8698031902313232,65.17523193359375,20.656095504760742,0,0.10211704671382904,-1.5204305648803711,0.88800090551376343,1.2257730960845947,0.87446033954620361,1.1258111000061035,3.7608480453491211,0,0,0,1
35,330,305760,-10.115690231323242,0.010728207416832447,0.32494252920150757,72.704689025878906,54.810680389404297,5.5276241302490234,57.543159484863281,26.162824630737305,0,0.0056477696634829044,-1.5723471641540527,0.8817562460899353,0.90311634540557861,0.87446033954620361,1.1258111000061035,3.7608480453491211,0,0,0,0
35,345,306120,-11.3743896484375,0.018493134528398514,0.34709364175796509,72.441047668457031,53.941879272460938,13.459720611572266,50.694801330566406,30.431894302368164,0,0.016289325430989265,-1.6600096225738525,0.87121224403381348,0.90311634540557861,0.87446033954620361,1.1258111000061035,3.7608480453491211,0,0,0,0
35,360,306480,-12.796796798706055,0.049271184951066971,0.30098557472229004,72.143402099609375,53.168964385986328,22.933280944824219,44.661724090576172,33.547836303710938,0,0.015808094292879105,-2.8662636280059814,0.90684801340103149,0.9238542914390564,0.79850286245346069,0.967612624168396,-1.742530345916748,0,0,0,0
35,365,306600,-12.823312759399414,0.045632731169462204,0.30103364586830139,72.043495178222656,52.927268981933594,29.36787223815918,42.81475830078125,34.356529235839844,0,0.013529560528695583,-3.1860358715057373,0.90399980545043945,0.92769467830657959,0.78443664312362671,0.93831664323806763,-2.7616744041442871,0,0,0,0
36,15,306960,-11.644062042236328,0.052425697445869446,0.34579208493232727,71.76739501953125,52.216091156005859,41.518421173095703,37.719810485839844,36.224239349365234,0,0.011098538525402546,-3.0661780834197998,0.87495201826095581,0.92238575220108032,0.80388176441192627,0.97881543636322021,-1.3528094291687012,0,0,0,0
36,30,307320,-9.7182540893554688,0.058292198926210403,0.51980829238891602,71.526809692382812,51.494556427001953,60.599151611328125,33.231578826904297,37.324066162109375,0,0.020265238359570503,-3.3683528900146484,0.8867911696434021,0.92769467830657959,0.78443664312362671,0.93831664323806763,-2.7616744041442871,0,0,0,0
36,45,307680,-6.7650227546691895,0.06240081787109375,0.33127811551094055,71.984786987304688,50.812618255615234,75.528373718261719,29.363437652587891,37.733993530273438,0,0.022057745605707169,-3.1130070686340332,0.91856676340103149,0.92769467830657959,0.78443664312362671,0.93831664323806763,-2.7616744041442871,0,0,0,0
36,60,308040,-3.0435123443603516,0.49449291825294495,0.47272145748138428,74.226364135742188,50.478431701660156,89.453926086425781,27.002273559570312,36.650012969970703,0,0.0089842658489942551,-2.7174713611602783,0.96778780221939087,0.92769467830657959,0.78443664312362671,5.5,-2.7616744041442871,0,0,1,0
36,75,308400,1.4601243734359741,0.032407011836767197,1.7180836200714111,83.317108154296875,59.754600524902344,78.455635070800781,26.571460723876953,33.810031890869141,0,0.0094376141205430031,-2.256847620010376,1.0251085758209229,0.92769467830657959,0.78443664312362671,0.93831664323806763,-2.7616744041442871,0,0,0,0
36,90,308760,7.3188018798828125,0.010438345372676849,2.6943950653076172,83.936248779296875,80.396018981933594,13.103977203369141,27.744779586791992,30.88739013671875,0,0.012673497200012207,-1.8062372207641602,1.0811833143234253,0.92769467830657959,0.78443664312362671,0.93831664323806763,-2.7616744041442871,0,0,0,0
36,105,309120,11.923138618469238,0.0074427383951842785,2.3450443744659424,83.129142761230469,80.306175231933594,0,32.177516937255859,28.223981857299805,0,0.0045424294658005238,-1.4407423734664917,1.1266660690307617,0.92769467830657959,0.78443664312362671,0.93831664323806763,-2.7616744041442871,0,0,0,0
36,120,309480,16.238727569580078,5.4271285989671014E-06,2.3304369449615479,82.533432006835938,78.945732116699219,0,37.837936401367188,25.811426162719727,0,0.00078415684401988983,-1.235464334487915,1.15221107006073,0.92769467830657959,0.78443664312362671,0.93831664323806763,-2.7616744041442871,0,0,0,0
36,135,309840,19.439218521118164,0,2.2002384662628174,81.67718505859375,77.206855773925781,0,42.915241241455078,23.853914260864258,0,0.0026269245427101851,-1.2623633146286011,1.1509209871292114,0.92769467830657959,0.78443664312362671,0.93831664323806763,-2.7616744041442871,0,0,0,0
36,150,310200,21.240669250488281,0,1.9726645946502686,80.837173461914062,75.252464294433594,0,46.225685119628906,22.756433486938477,0,0.00079266790999099612,-1.5128977298736572,1.1306347846984863,0.98062640428543091,0.78443664312362671,0.93831664323806763,-2.7616744041442871,0,0,0,0
36,165,310560,21.729034423828125,0,1.6601561307907104,79.866096496582031,73.370918273925781,0,48.435897827148438,22.278228759765625,0,0.00012356966908555478,-1.8994280099868774,1.0993367433547974,0.92769467830657959,0.78443664312362671,0.93831664323806763,-2.7616744041442871,0,0,0,0
36,180,310920,20.980812072753906,0.005744042806327343,1.3429175615310669,78.827621459960938,71.611404418945312,0,50.588050842285156,21.956174850463867,0,0.00014312863640952855,-2.3312902450561523,1.0643680095672607,0.92769467830657959,0.78443664312362671,0.93831664323806763,-2.7616744041442871,0,0,0,0
36,195,311280,19.139064788818359,0,0.93615418672561646,77.807586669921875,69.912696838378906,0,53.720916748046875,21.333780288696289,0,0.00078515603672713041,-2.7178206443786621,1.0330698490142822,0.92769467830657959,0.78443664312362671,0.93831664323806763,-2.7616744041442871,0,0,0,0
36,210,311640,23.369407653808594,0,0.54087883234024048,76.807792663574219,68.276580810546875,0,57.637928009033203,20.474424362182617,0,0.00022904595243744552,3.6373395919799805,1.0127836465835571,0.92769467830657959,0.78443664312362671,0.93831664323806763,-2.7616744041442871,1,0,0,0
36,225,312000,12.789813041687012,0,0.44853857159614563,76.052825927734375,66.685653686523438,0,62.798858642578125,19.170948028564453,0,8.086691377684474E-05,-3.0038800239562988,1.0090546607971191,0.92769467830657959,0.78443664312362671,0.93831664323806763,-2.7616744041442871,0,0,0,0
36,240,312360,8.911961555480957,2.8860015390819171E-06,0.39260992407798767,75.370513916015625,65.113731384277344,0,68.539291381835938,17.558925628662109,0,0.00071487925015389919,-2.8877298831939697,1.0100699663162231,0.92769467830657959,0.78443664312362671,0.93831664323806763,-2.7616744041442871,0,0,0,0
36,255,312720,4.8504142761230469,0.001394177321344614,0.3511403501033783,74.807716369628906,63.639457702636719,0,72.373031616210938,16.088779449462891,0,0.0022675679065287113,-2.6884942054748535,1.0118116140365601,0.92769467830657959,0.78443664312362671,0.93831664323806763,-2.7616744041442871,0,0,0,0
36,270,313080,0.021373322233557701,3.8452020817203447E-05,0.32215026021003723,74.693550109863281,62.308158874511719,6.8207268668629695E-06,73.520301818847656,14.745573043823242,0,0.001967650605365634,-2.4570415019989014,1.0138348340988159,0.92769467830657959,0.78443664312362671,0.93831664323806763,-2.7616744041442871,0,0,0,0
36,285,313440,-3.6073784828186035,0.00017244502669200301,0.30492526292800903,74.869949340820312,61.070362091064453,0.001628536731004715,73.025985717773438,14.010199546813965,0,0.00076841691043227911,-2.2442407608032227,1.0156949758529663,0.92769467830657959,0.78443664312362671,0.93831664323806763,-2.7616744041442871,0,0,0,0
36,300,313800,-6.9318361282348633,0.0073617245070636272,0.33397659659385681,75.612472534179688,59.960041046142578,2.3167743682861328,68.721527099609375,16.94892692565918,0,0.0061190766282379627,-2.1009604930877686,1.0169475078582764,0.92769467830657959,0.78443664312362671,0.93831664323806763,-2.7616744041442871,0,0,0,0
36,315,314160,-9.4187564849853516,0.012389819137752056,0.60691916942596436,76.090568542480469,58.987831115722656,4.4586305618286133,61.237308502197266,22.645605087280273,0,0.01188750471919775,-2.0864396095275879,1.015475869178772,0.92769467830657959,0.78443664312362671,0.93831664323806763,-2.7616744041442871,0,0,0,0
36,330,314520,-11.348000526428223,0.021224789321422577,0.93614369630813599,75.811714172363281,57.8555908203125,9.4741592407226562,53.962265014648438,27.631772994995117,0,0.0070014013908803463,-2.306760311126709,0.99313998222351074,0.92769467830657959,0.78443664312362671,0.93831664323806763,-2.7616744041442871,0,0,0,0
36,345,314880,-12.548179626464844,0.030678862705826759,0.92014205455780029,75.518394470214844,56.8050537109375,21.260656356811523,47.544990539550781,31.353418350219727,0,0.008062395267188549,-2.678776741027832,0.95542526245117188,0.92769467830657959,0.78443664312362671,0.93831664323806763,-2.7616744041442871,0,0,0,0
36,360,315240,-9.4740018844604492,0.03331485390663147,0.84065431356430054,75.213768005371094,55.829292297363281,32.34906005859375,41.891189575195312,34.021598815917969,0,0.018845591694116592,0.27411544322967529,1.1498494148254395,0.92542684078216553,0.88495481014251709,1.1156352758407593,-0.64766931533813477,0,0,0,0
36,365,315360,-9.0160770416259766,0.070386029779911041,0.84342628717422485,75.110992431640625,55.527244567871094,40.551315307617188,40.16265869140625,34.694065093994141,0,0.022214360535144806,0.71549057960510254,1.1994459629058838,0.92500686645507812,0.90356928110122681,1.1484720706939697,-0.25618696212768555,0,0,0,0
37,15,315720,-8.8571624755859375,0.060625005513429642,0.89028173685073853,74.801567077636719,54.677268981933594,55.445022583007812,35.387542724609375,36.214801788330078,0,0.017760582268238068,-0.44610023498535156,1.1402361392974854,0.92558741569519043,0.87783664464950562,1.1030784845352173,-0.79737234115600586,0,0,0,0
37,30,316080,-6.2888388633728027,0.084280334413051605,0.73643893003463745,75.249076843261719,53.9517822265625,78.15911865234375,31.395515441894531,36.820037841796875,0,0.010183311067521572,0.41253113746643066,1.2106807231903076,0.92500686645507812,0.90356928110122681,1.1484720706939697,-0.25618696212768555,0,0,0,0
37,45,316440,-3.2830071449279785,0.073886722326278687,0.81700628995895386,76.589149475097656,53.628414154052734,92.977523803710938,28.906887054443359,35.934684753417969,0,0.017412321642041206,0.73668754100799561,1.202654242515564,0.92500686645507812,0.90356928110122681,1.1484720706939697,-0.25618696212768555,0,0,0,0
37,60,316800,0.74171745777130127,0.035234041512012482,2.1662261486053467,84.391845703125,59.421707153320312,79.958221435546875,28.288557052612305,33.347846984863281,0,0.020017661154270172,1.2388122081756592,1.190220832824707,0.92500686645507812,0.90356928110122681,1.1484720706939697,-0.25618696212768555,0,0,0,0
37,75,317160,5.609316349029541,0.078563757240772247,3.7606899738311768,87.062484741210938,80.134147644042969,18.991853713989258,28.754423141479492,30.451663970947266,0,0.00755278579890728,1.8235650062561035,1.1757416725158691,0.92500686645507812,0.90356928110122681,1.1484720706939697,-0.25618696212768555,0,0,0,0
37,90,317520,11.478586196899414,0.00022929422266315669,3.2101325988769531,85.1947021484375,81.816566467285156,0,31.910354614257812,27.827028274536133,0,0.0040426831692457199,2.3956060409545898,1.1615771055221558,0.92500686645507812,0.90356928110122681,1.1484720706939697,-0.25618696212768555,0,0,0,0
37,105,317880,16.114152908325195,3.721729081007652E-05,3.2817668914794922,84.648094177246094,80.337364196777344,0,36.948169708251953,25.435358047485352,0,0.0082961991429328918,2.8595943450927734,1.1500879526138306,0.92500686645507812,0.90356928110122681,1.1484720706939697,-0.25618696212768555,0,0,0,0
37,120,318240,20.474267959594727,0,3.1309323310852051,83.776748657226562,78.395294189453125,0,41.980915069580078,23.427371978759766,0,0.0037016894202679396,3.1201908588409424,1.1436352729797363,0.92500686645507812,0.90356928110122681,1.1484720706939697,-0.25618696212768555,0,0,0,0
37,135,318600,23.698293685913086,0,2.8511714935302734,82.866691589355469,76.377029418945312,0,44.543933868408203,22.546003341674805,0,0.00045692664571106434,3.1584572792053223,1.1425720453262329,0.92500686645507812,0.90356928110122681,1.1484720706939697,-0.25618696212768555,0,0,0,0
37,150,318960,25.850246429443359,0.0082225073128938675,2.5401997566223145,81.792922973632812,74.469406127929688,0,45.447643280029297,22.512905120849609,0,0.00083413900574669242,3.223750114440918,1.140343189239502,0.92500686645507812,0.90356928110122681,1.1484720706939697,-0.25618696212768555,0,0,0,0
37,165,319320,27.122739791870117,0,2.0496184825897217,80.615745544433594,72.730178833007812,0,45.87335205078125,22.833705902099609,0,0.001391740282997489,3.3244848251342773,1.1369043588638306,0.92500686645507812,0.90356928110122681,1.1484720706939697,-0.25618696212768555,0,0,0,0
37,180,319680,27.060354232788086,0,1.6195964813232422,79.529617309570312,71.027702331542969,0,46.225215911865234,23.241294860839844,0,0.00017810318968258798,3.4370336532592773,1.1330622434616089,0.92500686645507812,0.90356928110122681,1.1484720706939697,-0.25618696212768555,0,0,0,0
37,195,320040,25.753179550170898,0,1.1164077520370483,78.531509399414062,69.327919006347656,0,46.878669738769531,23.504762649536133,0,0.0060263331979513168,3.5377683639526367,1.1296234130859375,0.9381517767906189,0.90356928110122681,1.1484720706939697,-0.25618696212768555,0,0,0,0
37,210,320400,23.30268669128418,0,0.84370231628417969,77.576042175292969,67.716995239257812,0,48.226276397705078,23.437713623046875,0,0.00064292573370039463,3.6030609607696533,1.127394437789917,0.92500686645507812,0.90356928110122681,1.1484720706939697,-0.25618696212768555,0,0,0,0
37,225,320760,19.952339172363281,0.0046913283877074718,0.78091096878051758,76.695480346679688,66.147071838378906,0,51.820503234863281,22.562402725219727,0,0.00052102183690294623,3.601107120513916,1.1271166801452637,0.92500686645507812,0.90356928110122681,1.1484720706939697,-0.25618696212768555,0,0,0,0
37,240,321120,15.934654235839844,0,0.67652398347854614,75.877693176269531,64.638557434082031,0,55.839797973632812,21.552410125732422,0,0.00029279734008014202,3.9990906715393066,1.1285269260406494,0.92500686645507812,0.90356928110122681,1.1484720706939697,-0.25618696212768555,0,0,0,0
37,255,321480,11.295722007751465,0,0.62886470556259155,75.176017761230469,63.211406707763672,0,61.982574462890625,19.727237701416016,0,0.00044794462155550718,3.2192761898040771,1.1309459209442139,0.92500686645507812,0.90356928110122681,1.1484720706939697,-0.25618696212768555,0,0,0,0
37,270,321840,6.0243253707885742,0,0.5834968090057373,74.621749877929688,61.896049499511719,0,66.369575500488281,18.062358856201172,0,0.0032270662486553192,2.9390616416931152,1.1337560415267944,0.92500686645507812,0.90356928110122681,1.1484720706939697,-0.25618696212768555,0,0,0,0
37,285,322200,1.831798791885376,1.3112990870922658E-07,0.55536293983459473,74.49993896484375,60.677768707275391,0,67.882278442382812,16.541107177734375,0,0.0039862236008048058,2.6814284324645996,1.1363396644592285,0.92500686645507812,0.90356928110122681,1.1484720706939697,-0.25618696212768555,0,0,0,0
37,300,322560,-1.7513072490692139,0.065998025238513947,0.62434613704681396,74.509895324707031,59.564334869384766,0.093393079936504364,67.928924560546875,15.219608306884766,0,0.0023933572228997946,2.5079622268676758,1.1380792856216431,0.92500686645507812,0.90356928110122681,1.1484720706939697,-0.25618696212768555,0,0,0,0
37,315,322920,-4.5303287506103516,0.00041394177242182195,0.54491508007049561,75.336601257324219,58.581775665283203,1.0087621212005615,65.979164123535156,15.79352855682373,0,0.0053863408975303173,2.4423892498016357,1.1394072771072388,0.92500686645507812,0.90356928110122681,1.1484720706939697,-0.25618696212768555,0,0,0,0
37,330,323280,-6.7872653007507324,0.0048484420403838158,0.5656549334526062,76.10516357421875,57.660263061523438,6.2238936424255371,60.824359893798828,19.372781753540039,0,0.01463979110121727,2.096379280090332,1.1514369249343872,0.92500686645507812,0.90356928110122681,1.1484720706939697,-0.25618696212768555,0,0,0,0
37,345,323640,-8.327387809753418,0.019084719941020012,0.63460361957550049,76.446548461914062,56.805934906005859,11.64000129699707,54.17547607421875,24.053167343139648,0,0.011109325103461742,1.5121328830718994,1.1717492341995239,0.92500686645507812,0.90356928110122681,1.1484720706939697,-0.25618696212768555,0,0,0,0
37,360,324000,-11.078124046325684,0.05135822668671608,0.70526355504989624,76.127410888671875,55.909450531005859,27.923629760742188,47.775505065917969,28.062835693359375,0,0.026762194931507111,-1.045973539352417,1.2911794185638428,1.1399567127227783,1.0462535619735718,0.93490332365036011,2.2443385124206543,0,0,0,0
37,365,324120,-11.293895721435547,0.070314079523086548,0.71315014362335205,76.0113525390625,55.633464813232422,32.518840789794922,45.802360534667969,29.163843154907227,0,0.036199953407049179,-1.4669594764709473,1.316240668296814,1.1797622442245483,1.0726765394210815,0.89535355567932129,2.7073988914489746,0,0,0,0
38,15,324480,-10.081142425537109,0.079917646944522858,0.77187931537628174,75.669044494628906,54.858123779296875,53.626296997070312,40.364048004150391,31.789773941040039,0,0.043267656117677689,-1.1642175912857056,1.3041439056396484,1.1247351169586182,1.0361493825912476,0.95002716779708862,2.0672643184661865,0,0,0,0
38,30,324840,-8.6813859939575195,0.11249791085720062,0.89891088008880615,75.309074401855469,54.158737182617188,78.202369689941406,35.572227478027344,33.528530120849609,0,0.058854527771472931,-1.5687072277069092,1.3320976495742798,1.1797622442245483,1.0726765394210815,0.89535355567932129,2.7073988914489746,0,0,0,0
38,45,325200,-6.0460958480834961,0.14841592311859131,0.7704501748085022,76.100662231445312,53.565074920654297,103.92349243164062,31.585769653320312,34.328601837158203,0,0.037951301783323288,-1.4418948888778687,1.3384295701980591,1.1797622442245483,1.0726765394210815,0.89535355567932129,2.7073988914489746,0,0,0,0
38,60,325560,-2.6559972763061523,0.13363415002822876,0.93160974979400635,78.725128173828125,53.887313842773438,122.57465362548828,29.349153518676758,33.363559722900391,0,0.040560230612754822,-1.245460033416748,1.3482375144958496,1.1797622442245483,1.0726765394210815,0.89535355567932129,2.7073988914489746,0,0,0,0
38,75,325920,1.5092588663101196,0.072449527680873871,3.7669031620025635,88.774452209472656,66.325912475585938,92.873626708984375,28.971559524536133,30.766054153442383,0,0.043281190097332001,-1.0167006254196167,1.3596596717834473,1.1797622442245483,1.0726765394210815,0.89535355567932129,2.7073988914489746,0,0,0,0
38,90,326280,7.1769027709960938,0.030562793835997581,6.0704011917114258,91.62420654296875,93.802032470703125,15.502217292785645,30.224769592285156,28.076133728027344,0,0.026857994496822357,-0.79291415214538574,1.3708333969116211,1.1797622442245483,1.0726765394210815,0.89535355567932129,2.7073988914489746,0,0,0,0
38,105,326640,11.785493850708008,0.014020493254065514,5.6005096435546875,90.568077087402344,94.587852478027344,0,35.153987884521484,25.639736175537109,0,0.010503458790481091,-0.61139851808547974,1.3798967599868774,1.1797622442245483,1.0726765394210815,0.89535355567932129,2.7073988914489746,0,0,0,0
38,120,327000,15.852463722229004,0.10053210705518723,6.0160365104675293,89.92413330078125,93.658943176269531,0,41.612907409667969,23.430992126464844,0,0.013890695758163929,-0.50945138931274414,1.3849869966506958,1.1797622442245483,1.0726765394210815,0.89535355567932129,2.7073988914489746,0,0,0,0
38,135,327360,19.558820724487305,0.0090904617682099342,5.6370048522949219,88.944992065429688,92.184951782226562,0,47.592071533203125,21.631309509277344,0,0.013149896636605263,-0.48214787244796753,1.3870307207107544,1.1797622442245483,1.0726765394210815,0.89535355567932129,2.7073988914489746,0,0,0,0
38,150,327720,22.075777053833008,0,5.483309268951416,87.970268249511719,90.102760314941406,0,51.309902191162109,20.819591522216797,0,0.0035980897955596447,-0.391315758228302,1.3951689004898071,1.1797622442245483,1.0726765394210815,0.89535355567932129,2.7073988914489746,0,0,0,0
38,165,328080,23.524274826049805,0,5.2606616020202637,86.796867370605469,87.850639343261719,0,53.217315673828125,20.866477966308594,0,0.0017020214581862092,-0.25117784738540649,1.4077246189117432,1.1797622442245483,1.0726765394210815,0.89535355567932129,2.7073988914489746,0,0,0,0
38,180,328440,23.654458999633789,0,4.9767389297485352,85.426055908203125,85.765678405761719,0,54.600975036621094,21.201496124267578,0,0.0036986400373280048,-0.094604730606079102,1.4217528104782104,1.1797622442245483,1.0726765394210815,0.89535355567932129,2.7073988914489746,0,0,0,0
38,195,328800,22.577617645263672,0,4.6615853309631348,84.159912109375,83.710166931152344,0,56.297157287597656,21.417991638183594,0,0.0018502281745895743,0.045533120632171631,1.4343085289001465,1.1797622442245483,1.0726765394210815,0.89535355567932129,2.7073988914489746,0,0,0,0
38,210,329160,20.327266693115234,0,4.3783278465270996,83.153755187988281,81.564163208007812,0,59.475208282470703,21.03828239440918,0,0.00039108531200326979,0.13636529445648193,1.4424467086791992,1.1797622442245483,1.0726765394210815,0.89535355567932129,2.7073988914489746,0,0,0,0
38,225,329520,17.072565078735352,0,4.0689301490783691,82.11029052734375,79.466583251953125,0,65.144859313964844,19.716281890869141,0,0.0061948099173605442,0.14089107513427734,1.4415420293807983,1.1797622442245483,1.0726765394210815,0.89535355567932129,2.7073988914489746,0,0,0,0
38,240,329880,12.911969184875488,3.6645424188463949E-06,3.8257966041564941,81.257682800292969,77.496604919433594,0,71.718185424804688,18.054481506347656,0,0.0043441713787615299,0.016561508178710938,1.4175087213516235,1.1797622442245483,1.0726765394210815,0.89535355567932129,2.7073988914489746,0,0,0,0
38,255,330240,8.3966379165649414,0.00048549287021160126,3.680340051651001,80.688438415527344,75.618904113769531,0,77.249336242675781,16.526697158813477,0,0.0032709885854274035,-0.19670456647872925,1.3762837648391724,1.1797622442245483,1.0726765394210815,0.89535355567932129,2.7073988914489746,0,0,0,0
38,270,330600,3.3047854900360107,0.021851286292076111,3.6057424545288086,80.430717468261719,73.812095642089844,0,80.211212158203125,15.132073402404785,0,0.0019148074788972735,-0.44445616006851196,1.3283926248550415,1.1797622442245483,1.0726765394210815,0.89535355567932129,2.7073988914489746,0,0,0,0
38,285,330960,-0.86464190483093262,2.040738399955444E-05,3.5334818363189697,80.555015563964844,72.138984680175781,3.3456901292083785E-05,80.694465637207031,13.864235877990723,0,0.0090366704389452934,-0.67224246263504028,1.2843607664108276,1.1797622442245483,1.0726765394210815,0.89535355567932129,2.7073988914489746,0,0,0,0
38,300,331320,-4.5239715576171875,0.0009515841375105083,3.5831801891326904,81.073379516601562,70.670433044433594,0.39732009172439575,79.146858215332031,14.182094573974609,0,0.018719984218478203,-0.82561248540878296,1.254713773727417,1.1797622442245483,1.0726765394210815,0.89535355567932129,2.7073988914489746,0,0,0,0
38,315,331680,-7.4659929275512695,0.0071240859106183052,3.6444411277770996,81.797508239746094,69.461891174316406,16.814172744750977,72.861671447753906,18.980415344238281,0,0.014938323758542538,-0.86901134252548218,1.2491909265518188,1.1797622442245483,1.0726765394210815,0.89535355567932129,2.7073988914489746,0,0,0,0
38,330,332040,-9.5321645736694336,0.020669849589467049,3.8937509059906006,81.628288269042969,68.071319580078125,22.975734710693359,64.514663696289062,25.311792373657227,0,0.018190186470746994,-0.9888191819190979,1.2626253366470337,1.1797622442245483,1.0726765394210815,0.89535355567932129,2.7073988914489746,0,0,0,0
38,345,332400,-10.854983329772949,0.036579422652721405,3.8844091892242432,81.304794311523438,66.55645751953125,33.634223937988281,56.859195709228516,30.417032241821289,0,0.034620273858308792,-1.1911176443099976,1.2853096723556519,1.1797622442245483,1.0726765394210815,0.89535355567932129,2.7073988914489746,0,0,0,0
38,360,332760,-12.063535690307617,0.05775940790772438,3.8639278411865234,81.005683898925781,65.126625061035156,50.936943054199219,50.108306884765625,34.196994781494141,0,0.014306374825537205,-2.1331610679626465,1.3116965293884277,0.88974583148956299,1.0796105861663818,0.93171215057373047,3.7528359889984131,0,0,0,0
38,365,332880,-12.124326705932617,0.16234426200389862,3.8656013011932373,80.896713256835938,64.683219909667969,56.868255615234375,48.041126251220703,35.203083038330078,0,0.0082655362784862518,-2.3300552368164062,1.3328198194503784,0.83603906631469727,1.0808947086334229,0.93844521045684814,3.9464354515075684,0,0,0,0
39,15,333240,-11.200525283813477,0.10099578648805618,3.8763265609741211,80.550849914550781,63.450771331787109,78.891807556152344,42.337459564208984,37.526504516601562,0,0.017716700211167336,-2.2639331817626953,1.3635964393615723,0.91028326749801636,1.0791195631027222,0.92913740873336792,3.6788034439086914,0,0,0,0
39,30,333600,-9.573155403137207,0.11727648973464966,4.0450949668884277,80.216041564941406,62.275981903076172,107.60204315185547,37.311550140380859,38.977729797363281,0,0.010477620176970959,-2.400510311126709,1.3733110427856445,0.83603906631469727,1.0808947086334229,0.93844521045684814,3.9464354515075684,0,0,0,0
39,45,333960,-6.8346834182739258,0.13942931592464447,3.953899621963501,80.423263549804688,61.180328369140625,132.68196105957031,32.981952667236328,39.598075866699219,0,0.014416011981666088,-2.1259298324584961,1.36049485206604,0.83603906631469727,1.0808947086334229,0.93844521045684814,3.9464354515075684,0,0,0,0
39,60,334320,-3.2652459144592285,0.19063343107700348,4.0146012306213379,81.955078125,60.733253479003906,152.56373596191406,30.244697570800781,38.618671417236328,0,0.0055329701863229275,-1.7005994319915771,1.3406423330307007,0.83603906631469727,1.0808947086334229,0.93844521045684814,3.9464354515075684,0,0,0,0
39,75,334680,1.0210261344909668,0.083252459764480591,5.7635536193847656,90.185035705566406,68.640281677246094,134.72984313964844,29.645830154418945,35.745582580566406,0,0.0036107422783970833,-1.2052781581878662,1.3175228834152222,0.83603906631469727,1.0808947086334229,0.93844521045684814,3.9464354515075684,0,0,0,0
39,90,335040,6.6902904510498047,0.026322372257709503,8.5013694763183594,97.294822692871094,98.663414001464844,39.995693206787109,30.574535369873047,32.620552062988281,0,0.0077322274446487427,-0.72072446346282959,1.2949059009552002,0.83603906631469727,1.0808947086334229,0.93844521045684814,3.9464354515075684,0,0,0,0
39,105,335400,12.066472053527832,0.0074752881191670895,7.1091423034667969,95.230331420898438,100.19249725341797,0,35.050430297851562,29.792427062988281,0,0.0033689264673739672,-0.32769787311553955,1.2765611410140991,0.83603906631469727,1.0808947086334229,0.93844521045684814,3.9464354515075684,0,0,0,0
39,120,335760,16.194341659545898,1.2308042641961947E-05,7.0850534439086914,94.056838989257812,99.183418273925781,0,41.316616058349609,27.226856231689453,0,0.00052059721201658249,-0.1069566011428833,1.2662578821182251,0.83603906631469727,1.0808947086334229,0.93844521045684814,3.9464354515075684,0,0,0,0
39,135,336120,19.523048400878906,8.4315506683196872E-06,7.0447707176208496,92.680671691894531,97.664848327636719,0,47.034374237060547,25.121482849121094,0,0.0007534325122833252,-0.10955691337585449,1.2667553424835205,0.83603906631469727,1.0808947086334229,0.93844521045684814,3.9464354515075684,0,0,0,0
39,150,336480,22.029525756835938,0.035447824746370316,7.0167551040649414,91.386497497558594,95.735794067382812,0,50.567035675048828,24.023126602172852,0,0.00094980665016919374,-0.23960685729980469,1.2748157978057861,0.83603906631469727,1.0808947086334229,0.93844521045684814,3.9464354515075684,0,0,0,0
39,165,336840,23.244464874267578,0,6.6282720565795898,89.965965270996094,93.662818908691406,0,52.500164031982422,23.740657806396484,0,8.8540306023787707E-05,-0.44025087356567383,1.2872515916824341,0.83603906631469727,1.0808947086334229,0.93844521045684814,3.9464354515075684,0,0,0,0
39,180,337200,23.157062530517578,0,6.3272738456726074,88.585357666015625,91.609725952148438,0,54.121040344238281,23.698400497436523,0,6.8119021307211369E-05,-0.66442632675170898,1.3011460304260254,0.83603906631469727,1.0808947086334229,0.93844521045684814,3.9464354515075684,0,0,0,0
39,195,337560,21.78753662109375,0,5.9946575164794922,87.236251831054688,89.670738220214844,0,56.272228240966797,23.495254516601562,0,8.4891566075384617E-05,-0.86507034301757812,1.3135818243026733,0.83603906631469727,1.0808947086334229,0.93844521045684814,3.9464354515075684,0,0,0,0
39,210,337920,19.334047317504883,1.6106292832773761E-07,5.6950182914733887,86.043472290039062,87.743629455566406,0,60.218818664550781,22.623075485229492,0,3.9691865822533146E-05,-0.9951203465461731,1.3216423988342285,0.83603906631469727,1.0808947086334229,0.93844521045684814,3.9464354515075684,0,0,0,0
39,225,338280,16.027868270874023,3.1565086828777567E-05,5.4592790603637695,85.113937377929688,85.756523132324219,0,66.438316345214844,20.941287994384766,0,8.5114443209022284E-06,-1.0284126996994019,1.3207494020462036,0.83603906631469727,1.0808947086334229,0.93844521045684814,3.9464354515075684,0,0,0,0
39,240,338640,12.011043548583984,5.4192543757380918E-05,5.3257713317871094,84.30413818359375,83.81658935546875,0,72.877265930175781,19.162269592285156,0,3.9892711356515065E-05,-1.114290714263916,1.2969752550125122,0.83603906631469727,1.0808947086334229,0.93844521045684814,3.9464354515075684,0,0,0,0
39,255,339000,7.6680302619934082,5.0496157200541347E-05,5.2447123527526855,83.8057861328125,82.003753662109375,0,78.111373901367188,17.535560607910156,0,0.00077802961459383368,-1.2615995407104492,1.2561947107315063,0.83603906631469727,1.0808947086334229,0.93844521045684814,3.9464354515075684,0,0,0,0
39,270,339360,2.5452506542205811,0.00024147838121280074,5.1959137916564941,83.456100463867188,80.281776428222656,0,80.639877319335938,16.049844741821289,0,0.00039303425000980496,-1.4327285289764404,1.2088199853897095,0.83603906631469727,1.0808947086334229,0.93844521045684814,3.9464354515075684,0,0,0,0
39,285,339720,-1.593501091003418,0.00075850542634725571,5.1870040893554688,83.461593627929688,78.642501831054688,0.0029632153455168009,80.934272766113281,14.724015235900879,0,0.00014172231021802872,-1.5900669097900391,1.1652629375457764,0.83603906631469727,1.0808947086334229,0.93844521045684814,3.9464354515075684,0,0,0,0
39,300,340080,-5.2626252174377441,0.0065006776712834835,5.2081961631774902,83.685134887695312,77.092376708984375,1.7282810211181641,78.68267822265625,15.641848564147949,0,0.0012916580308228731,-1.6960039138793945,1.1359356641769409,0.83603906631469727,1.0808947086334229,0.93844521045684814,3.9464354515075684,0,0,0,0
39,315,340440,-8.0656223297119141,0.10387275367975235,5.3021454811096191,84.083320617675781,75.646888732910156,4.092587947845459,71.629768371582031,21.056894302368164,0,0.0045707263052463531,-1.7289327383041382,1.1325739622116089,0.83603906631469727,1.0808947086334229,0.93844521045684814,3.9464354515075684,0,0,0,0
39,330,340800,-10.204153060913086,0.037787914276123047,5.6607160568237305,83.757652282714844,73.925788879394531,8.8684673309326172,63.273578643798828,27.217411041259766,0,0.0033138091675937176,-1.8493766784667969,1.1726962327957153,0.83603906631469727,1.0808947086334229,0.93844521045684814,3.9464354515075684,0,0,0,0
39,345,341160,-11.593681335449219,0.034445431083440781,5.6844749450683594,83.353904724121094,72.232307434082031,20.123737335205078,55.76263427734375,32.021957397460938,0,0.0017020124942064285,-2.0527491569519043,1.2404435873031616,0.83603906631469727,1.0808947086334229,0.93844521045684814,3.9464354515075684,0,0,0,0
39,360,341520,-10.920269966125488,0.049753781408071518,5.5938873291015625,82.951278686523438,70.664390563964844,35.965187072753906,49.143264770507812,35.541790008544922,0,0.058172959834337234,-1.298923134803772,1.1431155204772949,1.3447189331054688,1.151975154876709,0.99124574661254883,-3.6692256927490234,0,0,0,0
39,365,341640,-10.589674949645996,0.05689099058508873,5.5857748985290527,82.812690734863281,70.166458129882812,42.021053314208984,47.116317749023438,36.464641571044922,0,0.077600643038749695,-1.2210301160812378,1.1165851354598999,1.4389188289642334,1.1651381254196167,1.0010236501693726,-5.0795331001281738,0,0,0,0
40,15,342000,-9.7892284393310547,0.086554929614067078,5.6158466339111328,82.425529479980469,68.682357788085938,65.136116027832031,41.523563385009766,38.585720062255859,0,0.061788596212863922,-1.6410583257675171,1.1792128086090088,1.3086967468261719,1.1469415426254272,0.9875066876411438,-3.1299238204956055,0,0,0,0
40,30,342360,-7.2983279228210449,0.12747618556022644,5.6519937515258789,82.214645385742188,67.244514465332031,83.083847045898438,36.659286499023438,39.804100036621094,0,0.066579185426235199,-1.377827525138855,1.1269543170928955,1.4389188289642334,1.1651381254196167,1.0010236501693726,-5.079533576965332,0,0,0,0
40,45,342720,-4.2687196731567383,0.11105592548847198,5.5843067169189453,83.443672180175781,66.395828247070312,98.716201782226562,33.161979675292969,39.586986541748047,0,0.072300262749195099,-1.1206662654876709,1.128761887550354,1.4389188289642334,1.1651381254196167,1.0010236501693726,-5.079533576965332,0,0,0,0
40,60,343080,-0.43038031458854675,0.072248466312885284,6.5376243591308594,89.385543823242188,69.034568786621094,92.458221435546875,31.926670074462891,37.233211517333984,0,0.071670949459075928,-0.72231853008270264,1.1315618753433228,1.4389188289642334,1.1651381254196167,1.0010236501693726,-5.079533576965332,0,0,0,0
40,75,343440,4.529533863067627,0.018260003998875618,8.5633182525634766,97.10626220703125,90.73699951171875,27.556938171386719,32.142425537109375,34.029796600341797,0,0.049290735274553299,-0.25842005014419556,1.1348224878311157,1.4389188289642334,1.1651381254196167,1.0010236501693726,-5.079533576965332,0,0,0,0
40,90,343800,10.27717399597168,0.0021653487347066402,7.8836026191711426,93.865447998046875,97.473030090332031,0.1251915842294693,35.063335418701172,31.086212158203125,0,0.030327202752232552,0.19539396464824677,1.1380122900009155,1.4389188289642334,1.1651381254196167,1.0010236501693726,-5.079533576965332,0,0,0,0
40,105,344160,14.896682739257812,7.0853807301318739E-06,7.8699202537536621,93.296958923339844,96.282142639160156,0,40.524208068847656,28.378103256225586,0,0.030058583244681358,0.56348723173141479,1.1405996084213257,1.4389188289642334,1.1651381254196167,5.5,-5.079533576965332,0,0,1,0
40,120,344520,18.957632064819336,0,7.8327908515930176,92.327079772949219,94.049034118652344,0,46.467735290527344,26.001916885375977,0,0.03050549142062664,0.77022475004196167,1.1420526504516602,1.4389188289642334,1.1651381254196167,1.0010236501693726,-5.079533576965332,0,0,0,0
40,135,344880,21.976430892944336,0,7.6822667121887207,91.258331298828125,91.469917297363281,0,50.590232849121094,24.534433364868164,0,0.012383321300148964,0.79795914888381958,1.1435317993164062,1.4389188289642334,1.1651381254196167,1.0010236501693726,-5.079533576965332,0,0,0,0
40,150,345240,24.031230926513672,0,7.4232654571533203,90.043281555175781,88.962387084960938,0,52.385173797607422,24.198707580566406,0,0.0066327354870736599,0.83587008714675903,1.1505962610244751,1.4389188289642334,1.1651381254196167,1.0010236501693726,-5.079533576965332,0,0,0,0
40,165,345600,24.882562637329102,0.010888481512665749,7.119990348815918,88.725662231445312,86.624549865722656,0,53.371932983398438,24.351064682006836,0,0.010220327414572239,0.8943600058555603,1.1614956855773926,1.4389188289642334,1.1651381254196167,1.0010236501693726,-5.079533576965332,0,0,0,0
40,180,345960,24.434015274047852,0.002868372481316328,6.7363004684448242,87.37603759765625,84.435707092285156,0,54.321189880371094,24.598981857299805,0,0.0073554888367652893,0.95970946550369263,1.1736733913421631,1.4389188289642334,1.1651381254196167,1.0010236501693726,-5.079533576965332,0,0,0,0
40,195,346320,22.862899780273438,0,6.2929844856262207,86.086341857910156,82.33599853515625,0,55.734378814697266,24.668325424194336,0,0.0022339948918670416,1.0181993246078491,1.1845728158950806,1.4389188289642334,1.1651381254196167,1.0010236501693726,-5.079533576965332,0,0,0,0
40,210,346680,20.235555648803711,0,5.8765654563903809,84.8626708984375,80.383270263671875,0,58.828540802001953,24.090591430664062,0,0.004058037418872118,1.0561102628707886,1.1916372776031494,1.4389188289642334,1.1651381254196167,1.0010236501693726,-5.079533576965332,0,0,0,0
40,225,347040,16.639240264892578,2.3818026306798856E-07,5.5170459747314453,83.669929504394531,78.594802856445312,0,64.850959777832031,22.457052230834961,0,0.010476945899426937,1.0472424030303955,1.1914345026016235,1.4389188289642334,1.1651381254196167,1.0010236501693726,-5.079533576965332,0,0,0,0
40,240,347400,12.366491317749023,0,5.217613697052002,82.636543273925781,76.889801025390625,0,71.687637329101562,20.547571182250977,0,0.0091779772192239761,0.88948279619216919,1.1763044595718384,1.4389188289642334,1.1651381254196167,1.0010236501693726,-5.079533576965332,0,0,0,0
40,255,347760,7.7775979042053223,0,4.9878206253051758,81.979507446289062,75.240028381347656,0,77.305732727050781,18.797765731811523,0,0.0063115609809756279,0.61887317895889282,1.1503514051437378,1.4389188289642334,1.1651381254196167,1.0010236501693726,-5.079533576965332,0,0,0,0
40,270,348120,2.4370970726013184,2.5149358407361433E-05,4.8409886360168457,81.623443603515625,73.707099914550781,1.5865994100749958E-06,80.019638061523438,17.199493408203125,0,0.017054159194231033,0.30450540781021118,1.1202018260955811,1.4389188289642334,1.1651381254196167,1.0010236501693726,-5.079533576965332,0,0,0,0
40,285,348480,-1.6350879669189453,1.1260987776040565E-05,4.779691219329834,81.686668395996094,72.242042541503906,2.1917514459346421E-05,80.311714172363281,15.777515411376953,0,0.032271340489387512,0.015471145510673523,1.0924817323684692,1.4389188289642334,1.1651381254196167,1.0010236501693726,-5.079533576965332,0,0,0,0
40,300,348840,-5.1378693580627441,0.0007618878735229373,4.815615177154541,82.337745666503906,70.879791259765625,0.7198481559753418,78.028488159179688,16.634590148925781,0,0.030357487499713898,-0.17913742363452911,1.0738177299499512,1.4389188289642334,1.1651381254196167,1.0010236501693726,-5.079533576965332,0,0,0,0
40,315,349200,-7.7264714241027832,0.0057873250916600227,4.9466919898986816,83.210487365722656,69.7457275390625,2.8854405879974365,71.196952819824219,21.751737594604492,0,0.039031323045492172,-0.23772981762886047,1.0704030990600586,1.4389188289642334,1.1651381254196167,1.0010236501693726,-5.079533576965332,0,0,0,0
40,330,349560,-9.547907829284668,0.018612867221236229,5.1755814552307129,83.077972412109375,68.501266479492188,8.1880159378051758,62.981521606445312,27.718263626098633,0,0.057554271072149277,-0.43474876880645752,1.0796563625335693,1.4389188289642334,1.1651381254196167,1.0010236501693726,-5.079533576965332,0,0,0,0
40,345,349920,-10.606568336486816,0.031825922429561615,5.1347522735595703,82.77569580078125,67.201919555664062,17.009101867675781,55.511798858642578,32.442760467529297,0,0.065258033573627472,-0.76741999387741089,1.0952807664871216,1.4389188289642334,1.1651381254196167,1.0010236501693726,-5.079533576965332,0,0,0,0
40,360,350280,-8.8751621246337891,0.0332334004342556,5.1152510643005371,82.468498229980469,65.973091125488281,28.313432693481445,48.926464080810547,35.904449462890625,0,0.022773103788495064,0.54410946369171143,1.0130705833435059,1.1111602783203125,1.065401554107666,1.1336880922317505,-7.7422933578491211,0,0,0,0
40,365,350400,-8.2128534317016602,0.034511212259531021,5.1138992309570312,82.366950988769531,65.580192565917969,33.375064849853516,46.924648284912109,36.798061370849609,0,0.017515137791633606,0.94560718536376953,0.99945688247680664,1.0504642724990845,1.0469317436218262,1.1582555770874023,-8.2353973388671875,0,0,0,0
41,15,350760,-7.0697178840637207,0.04388795793056488,5.1142683029174805,82.079116821289062,64.417037963867188,50.114727020263672,41.392402648925781,38.849010467529297,0,0.040214892476797104,0.57715165615081787,1.0338613986968994,1.1343704462051392,1.0724643468856812,1.1242934465408325,-7.5537309646606445,0,0,0,0
41,30,351120,-4.2657365798950195,0.066310741007328033,5.0968127250671387,83.195587158203125,63.543075561523438,62.686935424804688,37.577159881591797,39.077671051025391,0,0.034495804458856583,1.1649711132049561,1.0170302391052246,1.0504642724990845,1.0469317436218262,1.1582555770874023,-8.2353973388671875,0,0,0,0
41,45,351480,-1.1393139362335205,0.13111816346645355,5.5906271934509277,86.576095581054688,64.217720031738281,62.32861328125,35.998516082763672,37.158664703369141,0,0.017973709851503372,1.2755268812179565,1.0530707836151123,1.0504642724990845,1.0469317436218262,1.1582555770874023,-8.2353973388671875,0,0,0,0
41,60,351840,2.9560949802398682,0.019483761861920357,7.3173437118530273,92.965553283691406,76.419532775878906,23.658452987670898,35.930377960205078,34.04339599609375,0,0.011243347078561783,1.446779727935791,1.1088982820510864,1.0504642724990845,1.0469317436218262,1.1582555770874023,-8.2353973388671875,0,0,0,0
41,75,352200,7.4485645294189453,0.0068302210420370102,7.2849216461181641,90.925941467285156,84.2181396484375,0.53937304019927979,37.353897094726562,31.090944290161133,0,0.018149960786104202,1.6462135314941406,1.1739126443862915,1.0504642724990845,1.0469317436218262,1.1582555770874023,-8.2353973388671875,0,0,0,0
41,90,352560,12.55909252166748,0.00039164561894722283,7.4229717254638672,90.580924987792969,83.409873962402344,0,41.614574432373047,28.402730941772461,0,0.013176086358726025,1.8413119316101074,1.2375136613845825,1.0504642724990845,1.0469317436218262,1.1582555770874023,-8.2353973388671875,0,0,0,0
41,105,352920,16.783246994018555,3.9864804421085864E-05,7.4448251724243164,90.187515258789062,81.912010192871094,0,47.357814788818359,25.955831527709961,0,0.0035544165875762701,1.9995583295822144,1.2891010046005249,1.0504642724990845,1.0469317436218262,1.1582555770874023,-8.2353973388671875,0,0,0,0
41,120,353280,20.522453308105469,0,7.3295092582702637,89.545875549316406,79.990692138671875,0,53.0400390625,23.935714721679688,0,0.0032533479388803244,2.0884363651275635,1.3180748224258423,1.0504642724990845,1.0469317436218262,1.1582555770874023,-8.2353973388671875,0,0,0,0
41,135,353640,23.366687774658203,0.045130234211683273,7.2544040679931641,88.749183654785156,77.950851440429688,0,56.113456726074219,23.163473129272461,0,0.0039961370639503002,2.0931618213653564,1.3088333606719971,1.0504642724990845,1.0469317436218262,1.1582555770874023,-8.2353973388671875,0,0,0,0
41,150,354000,25.331480026245117,0,6.6776065826416016,87.605308532714844,76.03106689453125,0,57.100872039794922,23.442987442016602,0,0.0010159142548218369,2.0713567733764648,1.2446486949920654,1.0504642724990845,1.0469317436218262,1.1582555770874023,-8.2353973388671875,0,0,0,0
41,165,354360,30.550800323486328,0,6.1505484580993652,86.347770690917969,74.298210144042969,0,57.390243530273438,24.170013427734375,0,0.00019833582337014377,5.3782930374145508,1.1456229686737061,1.0504642724990845,1.0469317436218262,3.7799527645111084,-8.2353973388671875,1,0,1,0
41,180,354720,25.309953689575195,0,5.5568027496337891,85.351737976074219,72.800239562988281,0,56.658107757568359,25.347475051879883,0,0.00096378225134685636,2.0001282691955566,1.0349835157394409,1.0504642724990845,1.0469317436218262,1.1582555770874023,-8.2353973388671875,0,0,0,0
41,195,355080,23.50706672668457,0,5.0137968063354492,83.930282592773438,71.446914672851562,0,57.865074157714844,25.573707580566406,0,0.00080098235048353672,1.9664870500564575,0.93595772981643677,1.0504642724990845,1.0469317436218262,1.1582555770874023,-8.2353973388671875,0,0,0,0
41,210,355440,20.647527694702148,0,4.5214223861694336,82.510108947753906,70.235031127929688,0,60.685417175292969,25.147920608520508,0,0.00024860393023118377,1.9446818828582764,0.8717728853225708,1.0504642724990845,1.0469317436218262,1.1582555770874023,-8.2353973388671875,0,0,0,0
41,225,355800,16.947471618652344,0,4.0853362083435059,81.192672729492188,69.073348999023438,0,66.735000610351562,23.539035797119141,0,0.00030377847724594176,1.9167014360427856,0.86081862449645996,1.0504642724990845,1.0469317436218262,1.1582555770874023,-8.2353973388671875,0,0,0,0
41,240,356160,12.534111976623535,0,3.7248961925506592,79.9742431640625,67.939369201660156,0,73.92462158203125,21.539461135864258,0,0.0022054044529795647,1.6818587779998779,0.8723369836807251,1.0504642724990845,1.0469317436218262,1.1582555770874023,-8.2353973388671875,0,0,0,0
41,255,356520,7.7528700828552246,2.7306425636197673E-06,3.458693265914917,79.073654174804688,66.806045532226562,0,79.876976013183594,19.703704833984375,0,0.0025255498476326466,1.2790262699127197,0.89209467172622681,1.0504642724990845,1.0469317436218262,1.1582555770874023,-8.2353973388671875,0,0,0,0
41,270,356880,2.3051562309265137,4.3347445171093568E-05,3.2910544872283936,78.642593383789062,65.674362182617188,9.6421808848390356E-07,82.703193664550781,18.026885986328125,0,0.0015717868227511644,0.81105494499206543,0.915047287940979,1.0504642724990845,1.0469317436218262,2.7350683212280273,-8.2353973388671875,0,0,1,0
41,285,357240,-1.8952786922454834,3.7622015952365473E-05,3.2021057605743408,78.74853515625,64.606483459472656,7.1913229476194829E-05,82.960731506347656,16.550827026367188,0,0.0049767079763114452,0.38079547882080078,0.93615025281906128,1.0504642724990845,1.0469317436218262,1.1582555770874023,-8.2353973388671875,0,0,0,0
41,300,357600,-5.3963184356689453,0.00052962085464969277,3.183086633682251,79.451866149902344,63.594772338867188,0.97605961561203003,80.316795349121094,17.688119888305664,0,0.01400534063577652,0.091099023818969727,0.95035898685455322,1.0504642724990845,1.0469317436218262,1.1582555770874023,-8.2353973388671875,0,0,0,0
41,315,357960,-7.8202147483825684,0.0054620411247014999,3.2342748641967773,80.328536987304688,62.723045349121094,3.9807002544403076,73.02972412109375,23.146852493286133,0,0.013677441515028477,0.041044712066650391,0.95422017574310303,1.0504642724990845,1.0469317436218262,1.1582555770874023,-8.2353973388671875,0,0,0,0
41,330,358320,-9.0637960433959961,0.088589988648891449,3.5558791160583496,80.247901916503906,61.786380767822266,9.4737768173217773,64.609855651855469,29.186664581298828,0,0.0092415045946836472,0.22228741645812988,0.96328401565551758,1.0504642724990845,1.0469317436218262,1.1582555770874023,-8.2353973388671875,0,0,0,0
41,345,358680,-9.3008327484130859,0.02651660144329071,3.6435472965240479,79.945831298828125,60.779201507568359,15.827945709228516,56.970428466796875,33.952518463134766,0,0.021507499739527702,0.52831995487213135,0.9785885214805603,1.0504642724990845,1.0469317436218262,1.1582555770874023,-8.2353973388671875,0,0,0,0
41,360,359040,-9.1295766830444336,0.041258644312620163,3.7108860015869141,79.64752197265625,59.836605072021484,28.531791687011719,50.228839874267578,37.431262969970703,0,0.032753512263298035,0.17204806208610535,1.0802900791168213,1.0328737497329712,1.095849871635437,1.1177244186401367,-11.649579048156738,0,0,0,0
41,365,359160,-8.7448911666870117,0.048297706991434097,3.7424535751342773,79.547004699707031,59.543277740478516,35.464332580566406,48.167762756347656,38.332538604736328,0,0.029049282893538475,0.11740207672119141,1.108109712600708,1.0296162366867065,1.10490882396698,1.1102186441421509,-12.281834602355957,0,0,0,0
42,15,359520,-6.8812417984008789,0.058900579810142517,3.7744748592376709,79.593193054199219,58.704666137695312,50.414817810058594,42.684658050537109,40.211036682128906,0,0.016501497477293015,0.44388991594314575,1.1048271656036377,1.0341193675994873,1.0923857688903809,1.1205946207046509,-11.407804489135742,0,0,0,0
42,30,359880,-4.4954128265380859,0.064342834055423737,3.8376972675323486,80.618179321289062,58.062732696533203,69.052864074707031,38.678443908691406,40.490402221679688,0,0.019755477085709572,0.27870380878448486,1.1358827352523804,1.0296162366867065,1.10490882396698,1.1102186441421509,-12.281834602355957,0,0,0,0
42,45,360240,-1.3241312503814697,0.04648125171661377,4.1617155075073242,84.845069885253906,59.217334747314453,74.645408630371094,36.929389953613281,38.584281921386719,0,0.028847552835941315,0.33480954170227051,1.1483632326126099,1.0296162366867065,1.10490882396698,1.1102186441421509,-12.281834602355957,0,0,0,0
42,60,360600,2.6448831558227539,0.029708025977015495,5.8917346000671387,92.270088195800781,71.944084167480469,37.154773712158203,36.821983337402344,35.357555389404297,0,0.016787108033895493,0.42171841859817505,1.1676961183547974,1.0296162366867065,1.10490882396698,1.1102186441421509,-12.281834602355957,0,0,0,0
42,75,360960,7.0333476066589355,0.01859981007874012,5.9012532234191895,89.962684631347656,82.347282409667969,2.7044692039489746,38.12255859375,32.288684844970703,0,0.0062106861732900143,0.52292871475219727,1.1902101039886475,1.0296162366867065,1.10490882396698,1.1102186441421509,-12.281834602355957,0,0,0,0
42,90,361320,11.976141929626465,0.063187040388584137,6.1084160804748535,89.742835998535156,81.587501525878906,0,42.443496704101562,29.497797012329102,0,0.0081530697643756866,0.62193882465362549,1.2122347354888916,1.0296162366867065,1.10490882396698,1.1102186441421509,-12.281834602355957,0,0,0,0
42,105,361680,16.139797210693359,0.10999126732349396,6.1202120780944824,89.232696533203125,80.115402221679688,0,48.448867797851562,26.958835601806641,0,0.0078829126432538033,0.70224696397781372,1.2300993204116821,1.0296162366867065,1.10490882396698,1.1102186441421509,-12.281834602355957,0,0,0,0
42,120,362040,19.806411743164062,0.028046004474163055,5.7066903114318848,88.490394592285156,78.240913391113281,0,54.564105987548828,24.796962738037109,0,0.0020329910330474377,0.74735158681869507,1.2401326894760132,1.0296162366867065,1.10490882396698,1.1102186441421509,-12.281834602355957,0,0,0,0
42,135,362400,22.557477951049805,0,5.3773126602172852,87.576614379882812,76.357467651367188,0,58.366661071777344,23.762897491455078,0,0.0007190237520262599,0.76549959182739258,1.2337830066680908,1.0296162366867065,1.10490882396698,1.1102186441421509,-12.281834602355957,0,0,0,0
42,150,362760,24.261545181274414,0,4.9549283981323242,86.468353271484375,74.583656311035156,0,59.957931518554688,23.828306198120117,0,0.0020093892235308886,0.83780968189239502,1.1948834657669067,1.0296162366867065,1.10490882396698,1.1102186441421509,-12.281834602355957,0,0,0,0
42,165,363120,24.788061141967773,0,4.4407525062561035,85.189018249511719,72.888938903808594,0,60.770694732666016,24.34910774230957,0,0.00064297893550246954,0.949371337890625,1.1348685026168823,1.0296162366867065,1.10490882396698,1.1102186441421509,-12.281834602355957,0,0,0,0
42,180,363480,30.109573364257812,0,3.8443520069122314,83.800926208496094,71.353729248046875,0,60.442085266113281,25.479890823364258,0,8.7760439782869071E-05,8.1558246612548828,1.067814826965332,1.0296162366867065,1.10490882396698,1.1102186441421509,-12.281834602355957,1,0,0,0
42,195,363840,22.233701705932617,0,3.3010985851287842,82.463035583496094,69.86297607421875,0,61.854557037353516,25.706157684326172,0,0.00034381670411676168,1.185578465461731,1.0077998638153076,1.0296162366867065,1.10490882396698,1.1102186441421509,-12.281834602355957,0,0,0,0
42,210,364200,19.277744293212891,0,2.8103804588317871,81.226448059082031,68.402961730957031,0,65.613945007324219,24.982011795043945,0,0.00098468665964901447,1.2578885555267334,0.96890032291412354,1.0296162366867065,1.10490882396698,1.1102186441421509,-12.281834602355957,0,0,0,0
42,225,364560,15.500251770019531,2.1726461909565842E-06,2.3830149173736572,80.08392333984375,67.020980834960938,0,72.384605407714844,23.139209747314453,0,0.00061616103630512953,1.2484145164489746,0.96190989017486572,1.0296162366867065,1.10490882396698,1.1102186441421509,-12.281834602355957,0,0,0,0
42,240,364920,10.958294868469238,1.3281050996738486E-06,2.0415153503417969,79.069709777832031,65.749832153320312,0,79.444740295410156,21.166606903076172,0,0.00025858238223008811,1.0207340717315674,0.96543115377426147,1.0296162366867065,1.10490882396698,1.1102186441421509,-12.281834602355957,0,0,0,0
42,255,365280,6.1703195571899414,1.5449273632839322E-05,1.7815917730331421,78.335777282714844,64.557655334472656,0,84.86614990234375,19.364374160766602,0,0.0028741848655045033,0.63018745183944702,0.97147119045257568,1.0296162366867065,1.10490882396698,1.1102186441421509,-12.281834602355957,0,0,0,0
42,270,365640,0.81793785095214844,2.7072861485066824E-05,1.6541329622268677,78.009559631347656,63.441574096679688,5.4355750762624666E-06,86.832038879394531,17.717836380004883,0,0.0061513506807386875,0.17648869752883911,0.97848802804946899,1.0296162366867065,1.10490882396698,1.1102186441421509,-12.281834602355957,0,0,0,0
42,285,366000,-3.2843551635742188,7.7805867476854473E-05,1.6583855152130127,78.319580078125,62.414234161376953,0.017289802432060242,86.533096313476562,16.594997406005859,0,0.0051115946844220161,-0.24064832925796509,0.9849393367767334,1.0296162366867065,1.10490882396698,1.1102186441421509,-12.281834602355957,0,0,0,0
42,300,366360,-6.655153751373291,0.0010214322246611118,1.7031586170196533,79.074592590332031,61.535488128662109,1.9266008138656616,81.784416198730469,19.744680404663086,0,0.0051757246255874634,-0.52150946855545044,0.98928302526473999,1.0296162366867065,1.10490882396698,1.1102186441421509,-12.281834602355957,0,0,0,0
42,315,366720,-8.8593587875366211,0.012242692522704601,1.9588733911514282,79.67083740234375,60.775737762451172,5.7682890892028809,73.049400329589844,26.396224975585938,0,0.017733024433255196,-0.57296568155288696,0.99206751585006714,1.0296162366867065,1.10490882396698,1.1102186441421509,-12.281834602355957,0,0,0,0
42,330,367080,-9.9437046051025391,0.021339386701583862,2.285487174987793,79.376495361328125,59.828132629394531,13.062747955322266,64.411033630371094,32.355525970458984,0,0.020596183836460114,-0.43464010953903198,1.0153183937072754,1.0296162366867065,1.10490882396698,1.1102186441421509,-12.281834602355957,0,0,0,0
42,345,367440,-10.046745300292969,0.032830677926540375,2.2794826030731201,79.100341796875,58.908351898193359,24.310821533203125,56.769447326660156,36.836215972900391,0,0.012353130616247654,-0.20107418298721313,1.0545778274536133,1.1920170783996582,1.10490882396698,1.1102186441421509,-12.281834602355957,0,0,0,1
42,360,367800,-9.4545364379882812,0.03817189484834671,2.2878668308258057,78.810699462890625,58.075763702392578,36.814716339111328,50.036247253417969,40.0528564453125,0,0.029108235612511635,0.1128084659576416,1.0224266052246094,1.1427276134490967,1.1842997074127197,0.95357942581176758,-7.9060297012329102,0,0,0,0
42,365,367920,-9.2149810791015625,0.038461681455373764,2.3054919242858887,78.7193603515625,57.805072784423828,38.976936340332031,47.976428985595703,40.885616302490234,0,0.041052680462598801,0.094946891069412231,1.0081920623779297,1.1636741161346436,1.199001669883728,0.9245721697807312,-7.0956954956054688,0,0,0,0
43,15,368280,-7.7017221450805664,0.083797343075275421,2.3491389751434326,78.522491455078125,57.013168334960938,55.243400573730469,42.374610900878906,42.64898681640625,0,0.046058472245931625,0.083720743656158447,1.033903956413269,1.134717583656311,1.1786775588989258,0.964671790599823,-8.2159023284912109,0,0,0,0
43,30,368640,-5.6099295616149902,0.16779358685016632,2.3418030738830566,79.258766174316406,56.421493530273438,69.229728698730469,37.847972869873047,43.220531463623047,0,0.034380655735731125,0.062048137187957764,1.0110412836074829,1.1636741161346436,1.199001669883728,0.9245721697807312,-7.0956954956054688,0,0,0,0
43,45,369000,-2.5656430721282959,0.062260422855615616,2.5010273456573486,81.424537658691406,56.458694458007812,77.769577026367188,35.315071105957031,41.831573486328125,0,0.025961263105273247,0.20209580659866333,1.0298794507980347,1.1636741161346436,1.199001669883728,0.9245721697807312,-7.0956954956054688,0,0,0,0
43,60,369360,1.3838862180709839,0.025463834404945374,4.3975648880004883,90.503623962402344,64.702217102050781,52.267826080322266,34.846973419189453,38.622337341308594,0,0.031765047460794449,0.41903239488601685,1.0590602159500122,1.1636741161346436,1.199001669883728,0.9245721697807312,-7.0956954956054688,0,0,0,0
43,75,369720,6.1344442367553711,0.007753404788672924,5.0923123359680176,90.472915649414062,82.803352355957031,6.4933614730834961,35.680522918701172,35.278251647949219,0,0.028963709250092506,0.67166739702224731,1.0930428504943848,1.1636741161346436,1.199001669883728,0.9245721697807312,-7.0956954956054688,0,0,0,0
43,90,370080,11.387422561645508,0.00018060152069665492,5.0846891403198242,89.132492065429688,83.285293579101562,0,39.625949859619141,32.233406066894531,0,0.011397415772080421,0.91881036758422852,1.1262867450714111,1.1636741161346436,1.199001669883728,0.9245721697807312,-7.0956954956054688,0,0,0,0
43,105,370440,15.744570732116699,3.0168785087880678E-05,5.1148891448974609,88.637535095214844,81.595062255859375,0,45.594791412353516,29.459922790527344,0,0.0094969924539327621,1.1192706823348999,1.1532512903213501,1.1636741161346436,1.199001669883728,0.9245721697807312,-7.0956954956054688,0,0,0,0
43,120,370800,19.600004196166992,3.118224412901327E-06,4.9799180030822754,87.920188903808594,79.449668884277344,0,51.771080017089844,27.051729202270508,0,0.01218784786760807,1.2318580150604248,1.1683957576751709,1.1636741161346436,1.199001669883728,0.9245721697807312,-7.0956954956054688,0,0,0,0
43,135,371160,22.470535278320312,4.8454847956236335E-07,4.7357349395751953,87.061393737792969,77.258338928222656,0,55.599639892578125,25.769086837768555,0,0.0047989394515752792,1.2295647859573364,1.162477970123291,1.1636741161346436,1.199001669883728,0.9245721697807312,-7.0956954956054688,0,0,0,0
43,150,371520,24.3740234375,0.002999794902279973,4.3469862937927246,86.008064270019531,75.158248901367188,0,57.0703125,25.644435882568359,0,0.00078050576848909259,1.1581144332885742,1.1231732368469238,1.1636741161346436,1.199001669883728,0.9245721697807312,-7.0956954956054688,0,0,0,0
43,165,371880,24.892978668212891,0,3.8591594696044922,84.846237182617188,73.218673706054688,0,57.920864105224609,25.923921585083008,0,0.0024215881712734699,1.0478792190551758,1.0625327825546265,1.1636741161346436,1.199001669883728,0.9245721697807312,-7.0956954956054688,0,0,0,0
43,180,372240,24.288677215576172,0,3.310089111328125,83.59967041015625,71.433807373046875,0,58.828948974609375,26.241456985473633,0,0.0021580918692052364,0.92471563816070557,0.99478048086166382,1.1636741161346436,1.199001669883728,0.9245721697807312,-7.0956954956054688,0,0,0,0
43,195,372600,22.447858810424805,0,2.7520182132720947,82.320671081542969,69.804527282714844,0,59.624557495117188,26.621423721313477,0,0.00066321570193395019,0.8677058219909668,0.93414014577865601,1.1636741161346436,1.199001669883728,0.9245721697807312,-7.0956954956054688,0,0,0,0
43,210,372960,19.547208786010742,0,2.2529196739196777,81.180229187011719,68.371849060058594,0,63.256439208984375,25.830833435058594,0,0.008383152075111866,0.74303007125854492,0.89483523368835449,1.1636741161346436,1.199001669883728,0.9245721697807312,-7.0956954956054688,0,0,0,0
43,225,373320,15.937135696411133,0,1.8404393196105957,80.02703857421875,67.000778198242188,0,69.853248596191406,23.965160369873047,0,0.002923483494669199,0.72532540559768677,0.8889884352684021,1.1636741161346436,1.199001669883728,0.9245721697807312,-7.0956954956054688,0,0,0,0
43,240,373680,11.72490119934082,9.3495154942502268E-06,1.6018152236938477,79.857246398925781,65.858573913574219,0,76.91290283203125,21.917638778686523,0,0.0036971243098378181,0.68391501903533936,0.90451842546463013,1.1636741161346436,1.199001669883728,0.9245721697807312,-7.0956954956054688,0,0,0,0
43,255,374040,7.2746601104736328,1.2582559065776877E-05,1.5509011745452881,78.933372497558594,64.6185302734375,0,82.631561279296875,20.05134391784668,0,0.002298047998920083,0.61288255453109741,0.93115752935409546,1.1636741161346436,1.199001669883728,0.9245721697807312,-7.0956954956054688,0,0,0,0
43,270,374400,2.2751438617706299,4.1064259903578204E-07,1.5273534059524536,78.265777587890625,63.45428466796875,0,85.240875244140625,18.347005844116211,0,0.0058035203255712986,0.53036397695541382,0.9621042013168335,1.1636741161346436,1.199001669883728,0.9245721697807312,-7.0956954956054688,0,0,0,0
43,285,374760,-1.6378883123397827,0.033944141119718552,1.5798932313919067,78.168296813964844,62.385337829589844,0.054592661559581757,85.502548217773438,16.829732894897461,0,0.01733611524105072,0.45449525117874146,0.99055701494216919,1.1636741161346436,1.199001669883728,0.9245721697807312,-7.0956954956054688,0,0,0,0
43,300,375120,-4.9983162879943848,0.0049209278076887131,1.5680525302886963,78.5626220703125,61.400123596191406,0.73391968011856079,83.241416931152344,17.57475471496582,0,0.018392015248537064,0.4034123420715332,1.0097144842147827,1.1636741161346436,1.199001669883728,0.9245721697807312,-7.0956954956054688,0,0,0,0
43,315,375480,-7.384681224822998,0.0037495032884180546,1.6278709173202515,79.524848937988281,60.545387268066406,2.4450192451477051,76.314926147460938,22.704050064086914,0,0.013887351378798485,0.38749194145202637,1.0138741731643677,1.1636741161346436,1.199001669883728,0.9245721697807312,-7.0956954956054688,0,0,0,0
43,330,375840,-8.9503774642944336,0.013775884173810482,1.8693645000457764,79.633056640625,59.770416259765625,6.4933843612670898,67.670555114746094,29.002906799316406,0,0.024673644453287125,0.32887616753578186,1.0127356052398682,1.4903653860092163,1.199001669883728,0.9245721697807312,-7.0956954956054688,0,0,0,1
43,345,376200,-9.6562595367431641,0.024316905066370964,1.9511905908584595,79.283767700195312,58.906967163085938,13.756307601928711,59.660507202148438,34.137031555175781,0,0.04491792619228363,0.2299019992351532,1.0108132362365723,1.1636741161346436,1.199001669883728,0.9245721697807312,-7.0956954956054688,0,0,0,0
43,360,376560,-8.3527441024780273,0.023513976484537125,1.9881076812744141,78.954788208007812,58.103706359863281,22.540018081665039,52.599990844726562,37.913951873779297,0,0.022634606808423996,1.4604047536849976,1.0018428564071655,1.0542051792144775,1.1165710687637329,1.0782452821731567,0.80798959732055664,0,0,0,0
43,365,376680,-8.0206899642944336,0.026854133233428001,2.0083634853363037,78.868362426757812,57.84613037109375,26.399215698242188,50.466022491455078,38.881679534912109,0,0.015274225734174252,1.7411203384399414,1.0068187713623047,1.033933162689209,1.1013060808181763,1.1067032814025879,2.2716350555419922,0,0,0,0
44,15,377040,-7.163266658782959,0.033932719379663467,2.0472893714904785,78.6580810546875,57.124607086181641,39.050289154052734,44.584217071533203,41.103721618652344,0,0.023259649053215981,1.423757791519165,1.0163909196853638,1.0619572401046753,1.122408390045166,1.0673630237579346,0.2482914924621582,0,0,0,0
44,30,377400,-5.1892123222351074,0.032899390906095505,2.0590419769287109,79.708930969238281,56.584739685058594,50.047569274902344,40.149169921875,41.743511199951172,0,0.034131508320569992,1.7971203327178955,1.019163966178894,1.033933162689209,1.1013060808181763,1.1067032814025879,2.2716352939605713,0,0,0,0
44,45,377760,-2.639277458190918,0.050652347505092621,2.2187149524688721,81.786705017089844,56.573822021484375,57.594333648681641,37.678035736083984,40.444133758544922,0,0.027268268167972565,1.7325682640075684,1.0156949758529663,1.033933162689209,1.1013060808181763,1.1067032814025879,2.2716352939605713,0,0,0,0
44,60,378120,0.7526203989982605,0.088472507894039154,3.7498745918273926,87.790061950683594,61.506126403808594,42.069747924804688,37.127002716064453,37.440998077392578,0,0.012656230479478836,1.6325758695602417,1.0103213787078857,1.033933162689209,1.1013060808181763,1.1067032814025879,2.2716352939605713,0,0,0,0
44,75,378480,5.0362310409545898,0.13879683613777161,4.7635669708251953,89.221015930175781,75.766151428222656,4.956850528717041,37.703300476074219,34.181949615478516,0,0.021164415404200554,1.5161290168762207,1.004063606262207,1.033933162689209,1.1013060808181763,1.1067032814025879,2.2716352939605713,0,0,0,0
44,90,378840,9.9877338409423828,0.04145551472902298,4.5026583671569824,87.740165710449219,76.580818176269531,0.0074315215460956097,41.078472137451172,31.234560012817383,0,0.017247783020138741,1.4022135734558105,0.99794185161590576,1.033933162689209,1.1013060808181763,1.1067032814025879,2.2716352939605713,0,0,0,0
44,105,379200,14.25718879699707,2.7231217245571315E-05,4.3732399940490723,87.24957275390625,75.125106811523438,0,46.891471862792969,28.546964645385742,0,0.006211825180798769,1.3098154067993164,0.99297636747360229,1.033933162689209,1.1013060808181763,1.1067032814025879,2.2716352939605713,0,0,0,0
44,120,379560,18.228616714477539,0,4.2126507759094238,86.609451293945312,73.248947143554688,0,53.228969573974609,26.145143508911133,0,0.0023674578405916691,1.2579207420349121,0.99018764495849609,1.033933162689209,1.1013060808181763,1.1067032814025879,2.2716352939605713,0,0,0,0
44,135,379920,21.508035659790039,0,3.9192838668823242,85.738906860351562,71.355567932128906,0,57.740913391113281,24.681142807006836,0,0.0049956068396568298,1.2399001121520996,0.98575156927108765,1.033933162689209,1.1013060808181763,1.1067032814025879,2.2716352939605713,0,0,0,0
44,150,380280,23.770990371704102,0,3.4846141338348389,84.591407775878906,69.599296569824219,0,59.511165618896484,24.542264938354492,0,0.0021397939417511225,1.1718413829803467,0.96373742818832397,1.033933162689209,1.1013060808181763,1.1067032814025879,2.2716352939605713,0,0,0,0
44,165,380640,24.838829040527344,0,2.9925484657287598,83.326171875,68.029975891113281,0,60.246444702148438,24.98078727722168,0,0.00024338361981790513,1.0668389797210693,0.92977362871170044,1.033933162689209,1.1013060808181763,1.1067032814025879,2.2716352939605713,0,0,0,0
44,180,381000,24.676490783691406,0,2.4918231964111328,82.014617919921875,66.636497497558594,0,60.890411376953125,25.511083602905273,0,0.00053636869415640831,0.94952201843261719,0.89182645082473755,1.033933162689209,1.1013060808181763,4.3456382751464844,2.2716352939605713,0,0,1,0
44,195,381360,23.314689636230469,0,1.9950718879699707,81.166709899902344,65.475563049316406,0,61.941879272460938,25.833913803100586,0,0.00093435903545469046,0.84451961517333984,0.85786259174346924,1.033933162689209,1.1013060808181763,1.1067032814025879,2.2716352939605713,0,0,0,0
44,210,381720,20.825468063354492,0,1.5588619709014893,79.8189697265625,64.396125793457031,0,64.376991271972656,25.557384490966797,0,0.0005932260537520051,0.77646100521087646,0.83584851026535034,1.033933162689209,1.1013060808181763,1.1067032814025879,2.2716352939605713,0,0,0,0
44,225,382080,17.543750762939453,0,1.4419677257537842,78.533157348632812,63.365314483642578,0,69.855728149414062,24.078819274902344,0,0.00011517693201312795,0.77169156074523926,0.83310592174530029,1.033933162689209,1.1013060808181763,1.1067032814025879,2.2716352939605713,0,0,0,0
44,240,382440,13.709489822387695,0,1.3489800691604614,77.383949279785156,62.352104187011719,0,76.838829040527344,22.05091667175293,0,0.0013970138970762491,0.85128331184387207,0.84704214334487915,1.033933162689209,1.1013060808181763,1.1067032814025879,2.2716352939605713,0,0,0,0
44,255,382800,9.6048574447631836,9.0677968955787946E-07,1.2865381240844727,76.418540954589844,61.333938598632812,0,82.878242492675781,20.174715042114258,0,0.0023339677136391401,0.98780924081802368,0.87094730138778687,1.033933162689209,1.1013060808181763,1.1067032814025879,2.2716352939605713,0,0,0,0
44,270,383160,4.7518329620361328,6.7079276959702838E-06,1.2530199289321899,75.771537780761719,60.285240173339844,0,86.654472351074219,18.461883544921875,0,0.0019397102296352386,1.146411657333374,0.89871793985366821,1.033933162689209,1.1013060808181763,1.1067032814025879,2.2716352939605713,0,0,0,0
44,285,383520,0.94114309549331665,1.6819015513647173E-07,1.2458939552307129,75.5335693359375,59.249397277832031,0,87.707290649414062,16.896953582763672,0,0.002114076167345047,1.2922331094741821,0.92425066232681274,1.033933162689209,1.1013060808181763,1.1067032814025879,2.2716352939605713,0,0,0,0
44,300,383880,-2.4681782722473145,0.00025238230591639876,1.2573806047439575,75.673538208007812,58.341423034667969,0.02225591242313385,87.484458923339844,15.727898597717285,0,0.011012324132025242,1.3904155492782593,0.94144207239151001,1.033933162689209,1.1013060808181763,1.1067032814025879,2.2716352939605713,0,0,0,0
44,315,384240,-5.2600202560424805,0.0066949399188160896,1.2679044008255005,76.005439758300781,57.558208465576172,1.3985664844512939,84.000083923339844,17.735971450805664,0,0.015922686085104942,1.4172731637954712,0.94620603322982788,1.033933162689209,1.1013060808181763,1.1067032814025879,2.2716352939605713,0,0,0,0
44,330,384600,-7.1291093826293945,0.059066168963909149,1.3053706884384155,76.771812438964844,56.888378143310547,3.8210315704345703,76.576019287109375,23.318763732910156,0,0.0099468762055039406,1.4821608066558838,0.9583507776260376,1.033933162689209,1.1013060808181763,1.1067032814025879,2.2716352939605713,0,0,0,0
44,345,384960,-8.1063060760498047,0.11696022003889084,1.3784579038619995,77.085006713867188,56.281581878662109,7.8200950622558594,68.064628601074219,29.437353134155273,0,0.014728426933288574,1.5917251110076904,0.97885721921920776,1.033933162689209,1.1013060808181763,1.1067032814025879,2.2716352939605713,0,0,0,0
44,360,385320,-10.038090705871582,0.067813344299793243,1.4754291772842407,76.80810546875,55.617374420166016,15.389410972595215,60.074928283691406,34.516593933105469,0,0.01586638018488884,-0.025742590427398682,0.94442367553710938,0.86867046356201172,1.0104544162750244,1.1482033729553223,4.0228090286254883,0,0,0,0
44,365,385440,-10.287396430969238,0.026904584839940071,1.5059229135513306,76.712593078613281,55.385211944580078,19.849605560302734,57.597957611083984,35.923542022705078,0,0.01368243619799614,-0.44565415382385254,0.93461722135543823,0.8380662202835083,0.993630051612854,1.155888557434082,4.3471002578735352,0,0,0,0
45,15,385800,-9.1489038467407227,0.039948068559169769,1.6069886684417725,76.507904052734375,54.679782867431641,32.1981201171875,50.8365478515625,39.249755859375,0,0.011124676093459129,-0.10972613096237183,0.9537317156791687,0.88037347793579102,1.0168880224227905,1.1452645063400269,3.8987998962402344,0,0,0,0
45,30,386160,-7.872246265411377,0.076045401394367218,1.7981243133544922,76.318275451660156,53.982704162597656,47.430397033691406,44.847476959228516,41.537235260009766,0,0.0047736000269651413,-0.63511753082275391,0.93335527181625366,0.8380662202835083,0.993630051612854,1.155888557434082,4.3471002578735352,0,0,0,0
45,45,386520,-5.3299813270568848,0.053784772753715515,1.6252800226211548,77.679725646972656,53.405178070068359,57.057682037353516,40.160923004150391,42.3763427734375,0,0.094775356352329254,-0.55452358722686768,0.92183154821395874,1.1891237497329712,0.993630051612854,5.5,4.3471002578735352,0,0,1,1
45,60,386880,-1.9914265871047974,0.030996222048997879,1.7559127807617188,80.441520690917969,53.664218902587891,76.93695068359375,37.896034240722656,40.77850341796875,0,0.0098864911124110222,-0.42968195676803589,0.90398114919662476,0.8380662202835083,0.993630051612854,1.155888557434082,4.3471002578735352,0,0,0,0
45,75,387240,2.2388532161712646,0.018136529251933098,3.0329184532165527,87.698806762695312,63.229496002197266,50.650257110595703,37.690128326416016,37.490108489990234,0,0.0027224544901400805,-0.28429678082466125,0.88319313526153564,0.8380662202835083,0.993630051612854,1.155888557434082,4.3471002578735352,0,0,0,0
45,90,387600,7.7267513275146484,0.0035406332463026047,3.2266287803649902,86.903648376464844,75.251655578613281,4.7406830787658691,39.499835968017578,34.254566192626953,0,0.0035464707762002945,-0.14207208156585693,0.8628571629524231,0.8380662202835083,0.993630051612854,1.155888557434082,4.3471002578735352,0,0,0,0
45,105,387960,12.488046646118164,1.725740366964601E-05,3.0638246536254883,86.040061950683594,74.269882202148438,0,44.875133514404297,31.310335159301758,0,0.0049052471294999123,-0.026712119579315186,0.84636235237121582,0.8380662202835083,0.993630051612854,1.155888557434082,4.3471002578735352,0,0,0,0
45,120,388320,16.528879165649414,7.6418855314841494E-06,2.8973283767700195,85.278526306152344,72.511550903320312,0,51.374279022216797,28.631551742553711,0,0.0012436636025086045,0.03807908296585083,0.83709818124771118,0.8380662202835083,0.993630051612854,1.155888557434082,4.3471002578735352,0,0,0,0
45,135,388680,19.971420288085938,0,2.6109616756439209,84.295845031738281,70.71539306640625,0,56.772502899169922,26.610904693603516,0,0.00017096240480896086,0.037307709455490112,0.83425331115722656,0.8380662202835083,0.993630051612854,1.155888557434082,4.3471002578735352,0,0,0,0
45,150,389040,22.322721481323242,0,2.2230064868927002,83.088821411132812,69.072486877441406,0,59.463645935058594,25.903640747070312,0,0.00066865107510238886,-0.00090742111206054688,0.82407355308532715,0.8380662202835083,0.993630051612854,1.155888557434082,4.3471002578735352,0,0,0,0
45,165,389400,23.569786071777344,0,1.7749267816543579,81.764305114746094,67.566627502441406,0,60.632038116455078,26.005561828613281,0,0.00012155599688412622,-0.059866636991500854,0.8083680272102356,0.8380662202835083,0.993630051612854,1.155888557434082,4.3471002578735352,0,0,0,0
45,180,389760,23.56129264831543,0,1.6129660606384277,80.404823303222656,66.140907287597656,0,61.513351440429688,26.305618286132812,0,4.8631813115207478E-05,-0.12574049830436707,0.79082047939300537,0.8380662202835083,0.993630051612854,1.155888557434082,4.3471002578735352,0,0,0,0
45,195,390120,22.349496841430664,0,1.4934930801391602,79.063583374023438,64.771102905273438,0,62.783172607421875,26.444892883300781,0,1.1669192645058502E-05,-0.18469969928264618,0.77511495351791382,0.8380662202835083,0.993630051612854,1.155888557434082,4.3471002578735352,0,0,0,0
45,210,390480,20.036777496337891,0,1.3809778690338135,77.799018859863281,63.474643707275391,0,65.641090393066406,25.913421630859375,0,9.8717711807694286E-05,-0.22291484475135803,0.76493513584136963,0.8380662202835083,0.993630051612854,1.155888557434082,4.3471002578735352,0,0,0,0
45,225,390840,21.311939239501953,0,1.2665444612503052,76.617073059082031,62.263454437255859,0,70.463272094726562,24.588552474975586,0,4.926773181068711E-05,4.0039887428283691,0.76507967710494995,0.8380662202835083,0.993630051612854,1.155888557434082,4.3471002578735352,1,0,0,0
45,240,391200,13.06348991394043,0,1.1846328973770142,75.571075439453125,61.094772338867188,0,76.516189575195312,22.780735015869141,0,1.9072107534157112E-05,-0.12777996063232422,0.78542757034301758,0.8380662202835083,0.993630051612854,1.155888557434082,4.3471002578735352,0,0,0,0
45,255,391560,9.0319948196411133,0,1.1264111995697021,74.6939697265625,59.979236602783203,0,82.390281677246094,20.846576690673828,0,0.00027747885906137526,0.03159680962562561,0.82033097743988037,0.8380662202835083,0.993630051612854,1.155888557434082,4.3471002578735352,0,0,0,0
45,270,391920,4.1783838272094727,4.1643047552497592E-06,1.0849636793136597,74.092720031738281,58.928936004638672,0,85.854591369628906,19.081266403198242,0,0.0012773802736774087,0.21674510836601257,0.8608783483505249,0.8380662202835083,0.993630051612854,1.155888557434082,4.3471002578735352,0,0,0,0
45,285,392280,0.43368205428123474,2.2362102754414082E-05,1.0582245588302612,73.744438171386719,57.939582824707031,3.9383448893204331E-06,86.696578979492188,17.469121932983398,0,0.0012412710348144174,0.38697311282157898,0.89815813302993774,0.8380662202835083,0.993630051612854,1.155888557434082,4.3471002578735352,0,0,0,0
45,300,392640,-2.9790406227111816,3.4893258998636156E-05,1.0489879846572876,73.949951171875,57.016689300537109,0.0016950939316302538,86.2103271484375,16.478902816772461,0,0.00042682664934545755,0.50158870220184326,0.92325884103775024,0.8380662202835083,0.993630051612854,1.155888557434082,4.3471002578735352,0,0,0,0
45,315,393000,-5.8790378570556641,0.00033796214847825468,1.0556133985519409,74.500404357910156,56.175346374511719,1.4004224538803101,81.854515075683594,19.25712776184082,0,0.0041497237980365753,0.51198005676269531,0.92891526222229004,0.8380662202835083,0.993630051612854,1.155888557434082,4.3471002578735352,0,0,0,0
45,330,393360,-8.1524505615234375,0.0072769043035805225,1.0929611921310425,75.143821716308594,55.42535400390625,4.7622561454772949,73.701057434082031,25.401626586914062,0,0.0084799071773886681,0.32010367512702942,0.9300578236579895,0.8380662202835083,0.993630051612854,1.155888557434082,4.3471002578735352,0,0,0,0
45,345,393720,-9.6683425903320312,0.026390044018626213,1.2247034311294556,75.018394470214844,54.671092987060547,8.6267108917236328,65.06036376953125,31.459375381469727,0,0.0054090786725282669,-0.0038841664791107178,0.93198686838150024,0.8380662202835083,0.993630051612854,1.155888557434082,4.3471002578735352,0,0,0,0
45,360,394080,-13.066808700561523,0.037684474140405655,1.272269606590271,74.767822265625,53.929859161376953,20.204843521118164,57.335689544677734,36.099689483642578,0,0.0052010202780365944,-2.9809880256652832,0.93844372034072876,0.84186601638793945,1.1481668949127197,1.0725550651550293,3.484260082244873,0,0,0,0
45,365,394200,-13.455604553222656,0.042031627148389816,1.2851699590682983,74.678909301757812,53.696758270263672,26.769304275512695,54.969940185546875,37.344203948974609,0,0.0063282595947384834,-3.6011240482330322,0.92363929748535156,0.84256970882415771,1.1767847537994385,1.0571229457855225,3.3244748115539551,0,0,0,0
46,15,394560,-12.23490047454834,0.051237300038337708,1.3731294870376587,74.448867797851562,52.982898712158203,40.551830291748047,48.442562103271484,40.318374633789062,0,0.014815084636211395,-3.1622238159179688,0.90249776840209961,0.84159696102142334,1.1372233629226685,1.0784562826156616,3.5453619956970215,0,0,0,0
46,30,394920,-10.95671272277832,0.064172498881816864,1.6003882884979248,74.228836059570312,52.296897888183594,58.301593780517578,42.690441131591797,42.274494171142578,0,0.010267883539199829,-3.8269376754760742,0.89283573627471924,0.84256970882415771,1.1767847537994385,1.0571229457855225,3.3244748115539551,0,0,0,0
46,45,395280,-8.1896953582763672,0.076928332448005676,1.79048752784729,74.155189514160156,51.610134124755859,75.822303771972656,37.632884979248047,43.386928558349609,0,0.0039492854848504066,-3.5914185047149658,0.90150284767150879,0.84256970882415771,1.1767847537994385,1.0571229457855225,3.3244748115539551,0,0,0,0
46,60,395640,-4.7225942611694336,0.056503407657146454,1.4395586252212524,75.752388000488281,51.101142883300781,90.093215942382812,33.811931610107422,43.209297180175781,0,0.0098559139296412468,-3.2265944480895996,0.91492843627929688,0.84256970882415771,1.1767847537994385,1.0571229457855225,3.3244748115539551,0,0,0,0
46,75,396000,-0.55756258964538574,0.029220018535852432,1.7141646146774292,81.217880249023438,52.865139007568359,90.411087036132812,32.493278503417969,40.665946960449219,0,0.010443042032420635,-2.8017363548278809,0.93056321144104004,0.84256970882415771,1.1767847537994385,1.0571229457855225,3.3244748115539551,0,0,0,0
46,90,396360,5.2386512756347656,0.014320201240479946,3.3608143329620361,88.599250793457031,73.349334716796875,37.205734252929688,33.053691864013672,37.185451507568359,0,0.0029134792275726795,-2.3861141204833984,0.9458581805229187,0.84256970882415771,1.1767847537994385,1.0571229457855225,3.3244748115539551,0,0,0,0
46,105,396720,10.414937973022461,0.00040623376844450831,3.0242409706115723,85.947914123535156,79.365966796875,0.58512020111083984,37.004234313964844,33.977832794189453,0,0.0012628932017832994,-2.0489983558654785,0.9582640528678894,0.84256970882415771,1.1767847537994385,1.0571229457855225,3.3244748115539551,0,0,0,0
46,120,397080,14.714168548583984,2.2176318452693522E-06,2.9218361377716064,85.314399719238281,77.909637451171875,0,43.417816162109375,31.05744743347168,0,0.0030097609851509333,-1.8596591949462891,0.96523177623748779,0.84256970882415771,1.1767847537994385,1.0571229457855225,3.3244748115539551,0,0,0,0
46,135,397440,18.065366744995117,0.00079276459291577339,2.7888691425323486,84.546257019042969,76.09765625,0,49.655227661132812,28.512863159179688,0,0.00087270879885181785,-1.8562878370285034,0.96260416507720947,0.84256970882415771,1.1767847537994385,2.2797605991363525,3.3244748115539551,0,0,1,0
46,150,397800,20.335281372070312,0.019323389977216721,2.5948195457458496,83.49554443359375,74.210342407226562,0,53.951713562011719,26.908424377441406,0,5.5517917644465342E-05,-1.9381825923919678,0.94502389430999756,0.84256970882415771,1.1767847537994385,1.0571229457855225,3.3244748115539551,0,0,0,0
46,165,398160,22.068780899047852,0,2.2017652988433838,82.327018737792969,72.417312622070312,0,56.571487426757812,26.188787460327148,0,0.00014691347314510494,-1.8077249526977539,0.91790086030960083,0.84256970882415771,1.1767847537994385,1.0571229457855225,3.3244748115539551,0,0,0,0
46,180,398520,21.419902801513672,0,1.7585796117782593,81.028953552246094,70.737548828125,0,57.446434020996094,26.333868026733398,0,0.0002555481914896518,-2.0267062187194824,0.8875967264175415,0.84256970882415771,1.1767847537994385,1.0571229457855225,3.3244748115539551,0,0,0,0
46,195,398880,20.093296051025391,0,1.4636609554290771,79.797218322753906,69.160118103027344,0,60.213340759277344,25.73668098449707,0,7.5713185651693493E-05,-2.3320474624633789,0.86047357320785522,0.84256970882415771,1.1767847537994385,1.0571229457855225,3.3244748115539551,0,0,0,0
46,210,399240,17.706060409545898,0,1.3700990676879883,78.614547729492188,67.631149291992188,0,64.854667663574219,24.441497802734375,0,1.8957336578750983E-05,-2.4139423370361328,0.84289342164993286,0.84256970882415771,1.1767847537994385,1.0571229457855225,3.3244748115539551,0,0,0,0
46,225,399600,14.452481269836426,0,1.2890293598175049,77.519096374511719,66.193405151367188,0,71.311241149902344,22.493118286132812,0,0.00019101194629911333,-2.4277982711791992,0.84253615140914917,0.84256970882415771,1.1767847537994385,1.0571229457855225,3.3244748115539551,0,0,0,0
46,240,399960,10.539436340332031,2.1193145585129969E-05,1.2261303663253784,77.955940246582031,64.956306457519531,0,77.532180786132812,20.580345153808594,0,0.0001810399116948247,-2.4119129180908203,0.87170475721359253,0.84256970882415771,1.1767847537994385,4.6651167869567871,3.3244748115539551,0,0,1,0
46,255,400320,6.4155163764953613,2.0399776985868812E-05,1.1796941757202148,77.244514465332031,63.729988098144531,0,82.252342224121094,18.84526252746582,0,0.0001239490375155583,-2.3846642971038818,0.92173850536346436,0.84256970882415771,1.1767847537994385,1.0571229457855225,3.3244748115539551,0,0,0,0
46,270,400680,1.3974319696426392,5.0835846195695922E-05,1.1490192413330078,77.295875549316406,62.586818695068359,3.099046807619743E-06,84.132675170898438,17.258907318115234,0,0.00028818423743359745,-2.3530094623565674,0.97986268997192383,0.84256970882415771,1.1767847537994385,1.0571229457855225,3.3244748115539551,0,0,0,0
46,285,401040,-2.4994418621063232,2.4036549802985974E-05,1.1270867586135864,77.268638610839844,61.505863189697266,4.4833173888036981E-05,84.100059509277344,15.96611499786377,0,0.002535525243729353,-2.3239054679870605,1.0333030223846436,0.84256970882415771,1.1767847537994385,1.0571229457855225,3.3244748115539551,0,0,0,0
46,300,401400,-6.0175900459289551,0.00071229081368073821,1.1517267227172852,77.842674255371094,60.506828308105469,1.0232921838760376,80.539131164550781,18.033651351928711,0,0.0030272779986262321,-2.3043098449707031,1.0692847967147827,0.84256970882415771,1.1767847537994385,1.0571229457855225,3.3244748115539551,0,0,0,0
46,315,401760,-8.8573436737060547,0.010041483677923679,1.2780313491821289,78.443756103515625,59.615760803222656,4.0324192047119141,72.374755859375,24.297525405883789,0,0.0016736894613131881,-2.3200678825378418,1.074891209602356,0.84256970882415771,1.1767847537994385,1.0571229457855225,3.3244748115539551,0,0,0,0
46,330,402120,-11.106227874755859,0.056859917938709259,1.6475187540054321,78.143196105957031,58.57061767578125,10.344228744506836,63.8023681640625,30.378866195678711,0,0.0034999633207917213,-2.5767467021942139,1.0445855855941772,0.84256970882415771,1.1767847537994385,1.0571229457855225,3.3244748115539551,0,0,0,0
46,345,402480,-12.685352325439453,0.14906124770641327,1.6475279331207275,77.814476013183594,57.596931457519531,27.399539947509766,56.219894409179688,34.96466064453125,0,0.0098806042224168777,-3.0101549625396729,0.99341392517089844,0.84256970882415771,1.1767847537994385,1.0571229457855225,3.3244748115539551,0,0,0,0
46,360,402840,-9.8881855010986328,0.045709650963544846,1.5621744394302368,77.431434631347656,56.763877868652344,37.726680755615234,49.538787841796875,38.302143096923828,0,0.011852635070681572,-0.10076302289962769,0.9017292857170105,0.9051436185836792,1.1954882144927979,1.109474778175354,4.6229476928710938,0,0,0,0
46,365,402960,-9.2949037551879883,0.025442318990826607,1.5627251863479614,77.298591613769531,56.508998870849609,38.690555572509766,47.493862152099609,39.177211761474609,0,0.010550269857048988,0.55421900749206543,0.88067859411239624,0.91673141717910767,1.1989518404006958,1.1191695928573608,4.863405704498291,0,0,0,0
47,15,403320,-9.1486053466796875,0.041394267231225967,1.61220383644104,76.920906066894531,55.76092529296875,51.803714752197266,41.850154876708984,41.147140502929688,0,0.0081118540838360786,-0.35121989250183105,0.86196684837341309,0.90071249008178711,1.1941637992858887,1.1057674884796143,4.5309963226318359,0,0,0,0
47,30,403680,-6.7393827438354492,0.14719456434249878,1.4587380886077881,77.216239929199219,55.074192047119141,61.674720764160156,37.0565185546875,42.132900238037109,0,0.019821427762508392,0.60944664478302002,0.85053110122680664,0.91673141717910767,1.1989518404006958,1.1191695928573608,4.863405704498291,0,0,0,0
47,45,404040,-5.5714850425720215,0.05192258208990097,1.4894281625747681,78.285301208496094,54.688461303710938,71.667633056640625,33.727317810058594,41.623039245605469,0,0.020784839987754822,0.13604328036308289,0.84752088785171509,0.91673141717910767,1.1989518404006958,1.6304441690444946,4.863405704498291,0,0,1,0
47,60,404400,-1.1497420072555542,0.039083585143089294,1.7559322118759155,81.686691284179688,55.231437683105469,76.61932373046875,30.919712066650391,40.640155792236328,0,0.0073750331066548824,0.48948991298675537,0.84285807609558105,0.91673141717910767,1.1989518404006958,1.1191695928573608,4.863405704498291,0,0,0,0
47,75,404760,2.9203391075134277,0.0086347861215472221,3.5899789333343506,87.751274108886719,67.778358459472656,40.114513397216797,30.92854118347168,37.199493408203125,0,0.0087085552513599396,0.40459746122360229,0.83742797374725342,0.91673141717910767,1.1989518404006958,1.1191695928573608,4.863405704498291,0,0,0,0
47,90,405120,8.2913818359375,2.0437724742805585E-05,3.532412052154541,85.770515441894531,76.450660705566406,3.1236715316772461,32.924083709716797,33.994792938232422,0,0.012865014374256134,0.32155045866966248,0.83211588859558105,0.91673141717910767,1.1989518404006958,1.1191695928573608,4.863405704498291,0,0,0,0
47,105,405480,12.655125617980957,2.2354844986693934E-05,3.3198554515838623,85.153900146484375,74.905876159667969,0,37.941581726074219,31.073516845703125,0,0.0051176329143345356,0.25419017672538757,0.82780718803405762,0.91673141717910767,1.1989518404006958,1.1191695928573608,4.863405704498291,0,0,0,0
47,120,405840,16.595844268798828,3.7049867387395352E-06,3.1437199115753174,84.389228820800781,72.996383666992188,0,43.876125335693359,28.417695999145508,0,0.00091336737386882305,0.21635764837265015,0.82538723945617676,0.91673141717910767,1.1989518404006958,1.1191695928573608,4.863405704498291,0,0,0,0
47,135,406200,20.100688934326172,0,2.8556861877441406,83.431381225585938,71.144050598144531,0,48.767261505126953,26.388921737670898,0,0.0028207793366163969,0.22918319702148438,0.82697492837905884,0.91673141717910767,1.1989518404006958,1.1191695928573608,4.863405704498291,0,0,0,0
47,150,406560,22.640588760375977,0,2.478252649307251,82.297111511230469,69.467842102050781,0,51.219070434570312,25.546960830688477,0,0.0014631559606641531,0.31700819730758667,0.8366544246673584,0.91673141717910767,1.1989518404006958,1.1191695928573608,4.863405704498291,0,0,0,0
47,165,406920,24.052646636962891,0,2.0299074649810791,81.116065979003906,67.916961669921875,0,52.360157012939453,25.422670364379883,0,0.00015875665121711791,0.45250660181045532,0.85158812999725342,0.91673141717910767,1.1989518404006958,1.1191695928573608,4.863405704498291,0,0,0,0
47,180,407280,24.311668395996094,0,1.5430729389190674,79.937393188476562,66.412307739257812,0,53.225593566894531,25.518501281738281,0,0.00016041318303905427,0.60389614105224609,0.86827331781387329,0.91673141717910767,1.1989518404006958,1.1191695928573608,4.863405704498291,0,0,0,0
47,195,407640,23.313882827758789,0,1.3895970582962036,78.769538879394531,64.941932678222656,0,54.295368194580078,25.557695388793945,0,0.00064879900310188532,0.73939460515975952,0.88320708274841309,0.91673141717910767,1.1989518404006958,1.1191695928573608,4.863405704498291,0,0,0,0
47,210,408000,21.153457641601562,0,1.2895716428756714,77.645950317382812,63.581367492675781,0,56.473152160644531,25.158519744873047,0,0.00028348973137326539,0.82721960544586182,0.89288657903671265,0.91673141717910767,1.1989518404006958,1.1191695928573608,4.863405704498291,0,0,0,0
47,225,408360,17.987260818481445,0,1.1970552206039429,76.584587097167969,62.339157104492188,0,61.352146148681641,23.752975463867188,0,5.2215014875400811E-05,0.83636504411697388,0.89626890420913696,0.91673141717910767,1.1989518404006958,1.1191695928573608,4.863405704498291,0,0,0,0
47,240,408720,14.072243690490723,0,1.1191227436065674,75.608383178710938,61.179977416992188,0,67.916847229003906,21.773370742797852,0,0.00046402571024373174,0.7630922794342041,0.91156238317489624,0.91673141717910767,1.1989518404006958,1.1191695928573608,4.863405704498291,0,0,0,0
47,255,409080,9.7780971527099609,1.3870120483261417E-06,1.0560649633407593,74.779953002929688,60.066390991210938,0,73.659980773925781,19.931961059570312,0,0.0014293405693024397,0.63740551471710205,0.93779575824737549,0.91673141717910767,1.1989518404006958,1.1191695928573608,4.863405704498291,0,0,0,0
47,270,409440,4.5674271583557129,1.841735138441436E-05,1.0106258392333984,74.286727905273438,58.993923187255859,0,77.241897583007812,18.252069473266602,0,0.0013832665281370282,0.49139493703842163,0.96827089786529541,0.91673141717910767,1.1989518404006958,1.1191695928573608,4.863405704498291,0,0,0,0
47,285,409800,0.4973595142364502,0.028998622670769691,1.0333648920059204,74.066055297851562,57.938133239746094,7.157311756600393E-07,78.146278381347656,16.717792510986328,0,0.00053234718507155776,0.35715073347091675,0.99629032611846924,0.91673141717910767,1.1989518404006958,1.1191695928573608,4.863405704498291,0,0,0,0
47,300,410160,-3.2223124504089355,0.0033200415782630444,0.97881591320037842,74.46087646484375,56.978931427001953,0.45442035794258118,77.665252685546875,15.786826133728027,0,0.0040714801289141178,0.26676321029663086,1.0151559114456177,0.91673141717910767,1.1989518404006958,1.1191695928573608,4.863405704498291,0,0,0,0
47,315,410520,-6.092369556427002,0.0012494123075157404,0.97550845146179199,75.037322998046875,56.138507843017578,2.0764529705047607,73.466293334960938,18.471397399902344,0,0.0088820438832044601,0.25146794319152832,1.0171976089477539,0.91673141717910767,1.1989518404006958,1.1191695928573608,4.863405704498291,0,0,0,0
47,330,410880,-8.0866298675537109,0.0072327391244471073,1.0111303329467773,75.708572387695312,55.444625854492188,5.1773443222045898,66.008575439453125,24.015106201171875,0,0.0067781899124383926,0.31212866306304932,0.98984402418136597,0.91673141717910767,1.1989518404006958,1.1191695928573608,4.863405704498291,0,0,0,0
47,345,411240,-9.1976289749145508,0.013171058148145676,1.1262592077255249,75.507423400878906,54.70233154296875,10.568132400512695,58.281974792480469,29.31682014465332,0,0.0064121782779693604,0.41455575823783875,0.94365668296813965,0.91673141717910767,1.1989518404006958,1.1191695928573608,4.863405704498291,0,0,0,0
47,360,411600,-10.106586456298828,0.016381353139877319,1.1444351673126221,75.202041625976562,53.969585418701172,17.265384674072266,51.362781524658203,33.383956909179688,0,0.013312556780874729,-0.1968110203742981,0.74812585115432739,0.85335546731948853,1.1705334186553955,1.0718758106231689,0.45680856704711914,0,0,0,0
47,365,411720,-10.032733917236328,0.017247077077627182,1.1560666561126709,75.112899780273438,53.722389221191406,20.028730392456055,49.241878509521484,34.477645874023438,0,0.014559769071638584,-0.35076689720153809,0.71241742372512817,0.84161919355392456,1.1652706861495972,1.0631177425384521,-0.35922765731811523,0,0,0,0
48,15,412080,-8.8584213256835938,0.023394396528601646,1.2236543893814087,74.849906921386719,53.011795043945312,28.034002304077148,43.403339385986328,37.059516906738281,0,0.012375789694488049,-0.17361941933631897,0.72984898090362549,0.85784345865249634,1.1725457906723022,1.0752249956130981,0.76886129379272461,0,0,0,0
48,30,412440,-6.9949545860290527,0.02140883170068264,1.1646906137466431,75.068183898925781,52.3426513671875,34.717811584472656,38.378276824951172,38.639617919921875,0,0.0051635080017149448,-0.37549197673797607,0.69670367240905762,0.84161919355392456,1.1652706861495972,1.0631177425384521,-0.35922765731811523,0,0,0,0
48,45,412800,-4.1798419952392578,0.013269594870507717,1.1617163419723511,76.390609741210938,51.933437347412109,39.729846954345703,34.905380249023438,38.593742370605469,0,0.011769847944378853,-0.28997385501861572,0.70674389600753784,0.84161919355392456,1.1652706861495972,1.0631177425384521,-0.35922765731811523,0,0,0,0
48,60,413160,-0.57331454753875732,0.0075874160975217819,1.4960470199584961,79.281280517578125,53.06634521484375,36.910881042480469,33.736785888671875,36.352882385253906,0,0.013038833625614643,-0.15750455856323242,0.72229641675949097,0.84161919355392456,1.1652706861495972,1.0631177425384521,-0.35922765731811523,0,0,0,0
48,75,413520,3.9510436058044434,0.0015998330200091004,2.0817809104919434,82.937408447265625,61.655811309814453,9.8841047286987305,33.963577270507812,33.265663146972656,0,0.006046125665307045,-0.003236621618270874,0.74040818214416504,1.0909571647644043,1.1652706861495972,1.0631177425384521,-0.35922765731811523,0,0,0,1
48,90,413880,9.2877311706542969,2.4386983568547294E-05,2.0424487590789795,81.295188903808594,64.069282531738281,0,36.727703094482422,30.409673690795898,0,0.0020038881339132786,0.14767777919769287,0.75812625885009766,0.84161919355392456,1.1652706861495972,1.0631177425384521,-0.35922765731811523,0,0,0,0
48,105,414240,13.715938568115234,1.5004950455477228E-06,1.9954080581665039,80.772239685058594,62.637985229492188,0,42.19573974609375,27.804714202880859,0,0.0049284524284303188,0.27008605003356934,0.77249753475189209,0.84161919355392456,1.1652706861495972,1.0631177425384521,-0.35922765731811523,0,0,0,0
48,120,414600,17.662956237792969,0,1.7861524820327759,80.116416931152344,61.190299987792969,0,48.200603485107422,25.460720062255859,0,0.001624685013666749,0.33883589506149292,0.78056907653808594,0.84161919355392456,1.1652706861495972,1.0631177425384521,-0.35922765731811523,0,0,0,0
48,135,414960,20.829555511474609,0,1.4528548717498779,79.194908142089844,59.875602722167969,0,52.529830932617188,23.960929870605469,0,0.00019780770526267588,0.37599301338195801,0.77724790573120117,0.84161919355392456,1.1652706861495972,1.0631177425384521,-0.35922765731811523,0,0,0,0
48,150,415320,23.178291320800781,0,1.3053996562957764,78.079910278320312,58.736705780029297,0,54.336994171142578,23.684236526489258,0,0.00040133835864253342,0.53647613525390625,0.75541424751281738,0.84161919355392456,1.1652706861495972,1.0631177425384521,-0.35922765731811523,0,0,0,0
48,165,415680,24.471324920654297,0,1.1824473142623901,76.858779907226562,57.760227203369141,0,55.147293090820312,23.965831756591797,0,5.4656388783769216E-06,0.78407323360443115,0.72172892093658447,1.1950585842132568,1.1652706861495972,1.0631177425384521,-0.35922765731811523,0,0,0,1
48,180,416040,24.565231323242188,0,1.0505150556564331,75.6346435546875,56.818737030029297,0,55.805889129638672,24.378461837768555,0,0.00010231092892354354,1.0607082843780518,0.6840929388999939,0.84161919355392456,1.1652706861495972,1.0631177425384521,-0.35922765731811523,0,0,0,0
48,195,416400,23.418041229248047,0,0.91986387968063354,74.454238891601562,55.899642944335938,0,56.718761444091797,24.670143127441406,0,4.3386429751990363E-05,1.3083055019378662,0.65040761232376099,0.84161919355392456,1.1652706861495972,1.0631177425384521,-0.35922765731811523,0,0,0,0
48,210,416760,21.087200164794922,0,0.79526656866073608,73.316612243652344,55.082115173339844,0,58.775829315185547,24.466663360595703,0,0.00016301313007716089,1.4687886238098145,0.6285739541053772,0.84161919355392456,1.1652706861495972,1.0631177425384521,-0.35922765731811523,0,0,0,0
48,225,417120,17.720184326171875,0,0.68137693405151367,72.210685729980469,54.372097015380859,0,63.687282562255859,23.154983520507812,0,0.00012489527580328286,1.4785728454589844,0.62659484148025513,0.84161919355392456,1.1652706861495972,1.0631177425384521,-0.35922765731811523,0,0,0,0
48,240,417480,20.554489135742188,0,0.57579296827316284,71.20001220703125,53.704139709472656,0,69.384658813476562,21.532199859619141,0,9.4077651738189161E-05,8.4690151214599609,0.64770841598510742,0.84161919355392456,1.1652706861495972,1.0631177425384521,-0.35922765731811523,1,0,0,0
48,255,417840,8.9184122085571289,0,0.5049746036529541,70.41461181640625,53.028541564941406,0,75.146217346191406,19.748096466064453,0,0.00013840082101523876,0.92989170551300049,0.68392515182495117,0.84161919355392456,1.1652706861495972,3.6855621337890625,-0.35922765731811523,0,0,1,0
48,270,418200,3.4808464050292969,1.5454742197107407E-06,0.45524609088897705,69.750129699707031,52.327342987060547,0,78.462577819824219,18.093559265136719,0,0.0015933607937768102,0.52723056077957153,0.7259981632232666,0.84161919355392456,1.1652706861495972,1.0631177425384521,-0.35922765731811523,0,0,0,0
48,285,418560,-0.81517773866653442,4.928242924506776E-05,0.42437535524368286,69.427215576171875,51.604194641113281,9.4063529104460031E-05,79.028228759765625,16.586185455322266,0,0.0019202711991965771,0.15701824426651001,0.76468074321746826,0.84161919355392456,1.1652706861495972,1.0631177425384521,-0.35922765731811523,0,0,0,0
48,300,418920,-4.4589285850524902,0.00019862984481733292,0.41091227531433105,69.599159240722656,50.913074493408203,0.13499484956264496,77.647392272949219,16.512365341186523,0,0.0010681467829272151,-0.092248260974884033,0.7907259464263916,0.84161919355392456,1.1652706861495972,1.0631177425384521,-0.35922765731811523,0,0,0,0
48,315,419280,-7.2056961059570312,0.00049484428018331528,0.40624430775642395,70.250450134277344,50.242618560791016,1.0241625308990479,71.739105224609375,20.765670776367188,0,0.0031559523195028305,-0.15067166090011597,0.79520320892333984,0.84161919355392456,1.1652706861495972,1.0631177425384521,-0.35922765731811523,0,0,0,0
48,330,419640,-9.0937271118164062,0.011396376416087151,0.50950419902801514,70.659500122070312,49.622421264648438,3.0443339347839355,63.695228576660156,26.663913726806641,0,0.13619104027748108,-0.19076371192932129,0.77861577272415161,1.1921451091766357,1.1652706861495972,1.0631177425384521,-0.35922765731811523,0,0,0,1
48,345,420000,-10.120111465454102,0.012666204944252968,0.56594389677047729,70.529243469238281,48.996452331542969,7.2049593925476074,56.135036468505859,31.577888488769531,0,0.0079214712604880333,-0.25846016407012939,0.75060760974884033,0.84161919355392456,1.1652706861495972,1.0631177425384521,-0.35922765731811523,0,0,0,0
48,360,420360,-10.0345458984375,0.014283908531069756,0.55435436964035034,70.401473999023438,48.383995056152344,12.391086578369141,49.458274841308594,35.220848083496094,0,0.0081991488113999367,-0.12881296873092651,0.6798708438873291,0.93532627820968628,1.0740259885787964,0.97974485158920288,-0.075742959976196289,0,0,0,0
48,365,420480,-9.8096694946289062,0.01503794826567173,0.56072986125946045,70.358123779296875,48.184722900390625,14.575314521789551,47.414329528808594,36.185390472412109,0,0.012309735640883446,-0.069738566875457764,0.67100977897644043,0.95267945528030396,1.0571287870407104,0.96430540084838867,-0.023245811462402344,0,0,0,0
49,15,420840,-8.7183198928833008,0.018496172502636909,0.61101770401000977,70.226943969726562,47.59307861328125,21.407264709472656,41.78118896484375,38.427047729492188,0,0.022427015006542206,-0.10594630241394043,0.67446911334991455,0.92869043350219727,1.0804874897003174,0.98564887046813965,-0.095817893743515015,0,0,0,0
49,30,421200,-6.7055935859680176,0.075819805264472961,0.5092734694480896,70.764213562011719,47.006473541259766,26.564664840698242,37.001625061035156,39.656787872314453,0,0.028746435418725014,-0.0024471879005432129,0.66775631904602051,0.95267945528030396,1.0571287870407104,0.96430540084838867,-0.023245811462402344,0,0,0,0
49,45,421560,-3.8614614009857178,0.020596785470843315,0.51633328199386597,72.211708068847656,46.552471160888672,29.188137054443359,33.843391418457031,39.228599548339844,0,0.013243640772998333,0.097780585289001465,0.66481012105941772,0.95267945528030396,1.0571287870407104,0.96430540084838867,-0.023245811462402344,0,0,0,0
49,60,421920,-0.22500841319561005,0.0063044321723282337,0.75886541604995728,75.87762451171875,47.836738586425781,24.617401123046875,32.878761291503906,36.744716644287109,0,0.014688939787447453,0.25303539633750916,0.66024625301361084,0.95267945528030396,1.0571287870407104,0.96430540084838867,-0.023245811462402344,0,0,0,0
49,75,422280,4.3707165718078613,8.7271782831521705E-06,1.3586443662643433,77.813972473144531,57.425441741943359,4.1109657287597656,33.265789031982422,33.614356994628906,0,0.02136758528649807,0.43383845686912537,0.65493148565292358,0.95267945528030396,1.0571287870407104,0.96430540084838867,-0.023245811462402344,0,0,0,0
49,90,422640,9.7002191543579102,5.4483139138028491E-06,1.3208448886871338,76.211143493652344,58.706645965576172,0,36.426986694335938,30.734437942504883,0,0.009748402051627636,0.61071103811264038,0.64973217248916626,0.95267945528030396,1.0571287870407104,0.96430540084838867,-0.023245811462402344,0,0,0,0
49,105,423000,14.124983787536621,0,1.2138068675994873,75.795707702636719,57.20611572265625,0,42.149211883544922,28.10722541809082,0,0.002281825989484787,0.75417429208755493,0.64551496505737305,0.95267945528030396,1.0571287870407104,0.96430540084838867,-0.023245811462402344,0,0,0,0
49,120,423360,18.044559478759766,0,0.94545930624008179,75.202529907226562,55.826278686523438,0,48.196517944335938,25.76361083984375,0,0.0049989395774900913,0.83474957942962646,0.64314645528793335,0.95267945528030396,1.0571287870407104,0.96430540084838867,-0.023245811462402344,0,0,0,0
49,135,423720,21.199108123779297,0,0.70679557323455811,74.401863098144531,54.620616912841797,0,52.202865600585938,24.379312515258789,0,0.0040624723769724369,0.87204378843307495,0.64335787296295166,0.95267945528030396,1.0571287870407104,0.96430540084838867,-0.023245811462402344,0,0,0,0
49,150,424080,23.566215515136719,0,0.58096927404403687,73.443534851074219,53.552165985107422,0,53.764339447021484,24.173006057739258,0,0.00096962536917999387,1.0270230770111084,0.64572495222091675,0.95267945528030396,1.0571287870407104,2.7846465110778809,-0.023245811462402344,0,0,1,0
49,165,424440,24.869342803955078,0,0.44290363788604736,72.413185119628906,52.563442230224609,0,54.464080810546875,24.462947845458984,0,0.00049492041580379009,1.2661285400390625,0.64937686920166016,0.95267945528030396,1.0571287870407104,0.96430540084838867,-0.023245811462402344,0,0,0,0
49,180,424800,24.974662780761719,0,0.30255627632141113,71.368324279785156,51.668117523193359,0,55.027755737304688,24.873626708984375,0,0.0011734225554391742,1.5332763195037842,0.65345704555511475,0.95267945528030396,1.0571287870407104,0.96430540084838867,-0.023245811462402344,0,0,0,0
49,195,425160,23.83934211730957,0,0.1638668030500412,70.318115234375,50.884918212890625,0,55.811424255371094,25.166765213012695,0,0.00041505097760818899,1.7723817825317383,0.65710896253585815,0.95267945528030396,1.0571287870407104,0.96430540084838867,-0.023245811462402344,0,0,0,0
49,210,425520,21.509603500366211,0,0.036002267152070999,69.319282531738281,50.158233642578125,0,57.562129974365234,25.021825790405273,0,6.4522631873842329E-05,1.9273611307144165,0.65947598218917847,0.95267945528030396,1.0571287870407104,0.96430540084838867,-0.023245811462402344,0,0,0,0
49,225,425880,18.148355484008789,0,0.013438388705253601,68.405197143554688,49.427886962890625,0,62.054252624511719,23.806331634521484,0,0.00041210406925529242,1.928697943687439,0.66021466255187988,0.95267945528030396,1.0571287870407104,0.96430540084838867,-0.023245811462402344,0,0,0,0
49,240,426240,13.91572380065918,0,0.016918862238526344,67.561614990234375,48.708648681640625,0,68.576957702636719,21.858379364013672,0,0.0012993252603337169,1.6537232398986816,0.66308426856994629,0.95267945528030396,1.0571287870407104,0.96430540084838867,-0.023245811462402344,0,0,0,0
49,255,426600,9.2086267471313477,0,0.023385869339108467,66.801094055175781,48.03167724609375,0,74.303916931152344,20.031124114990234,0,0.0013996907509863377,1.1820513010025024,0.66800647974014282,0.95267945528030396,1.0571287870407104,0.96430540084838867,-0.023245811462402344,0,0,0,0
49,270,426960,3.6326291561126709,0,0.024760572239756584,66.149642944335938,47.394828796386719,0,77.642723083496094,18.366849899291992,0,0.00054313027067109942,0.6341090202331543,0.67372465133666992,0.95267945528030396,1.0571287870407104,0.96430540084838867,-0.023245811462402344,0,0,0,0
49,285,427320,-0.79580163955688477,0,0.028045140206813812,65.680519104003906,46.793647766113281,0,78.214454650878906,16.851142883300781,0,0.0041145384311676025,0.13032317161560059,0.67898201942443848,0.95267945528030396,1.0571287870407104,0.96430540084838867,-0.023245811462402344,0,0,0,0
49,300,427680,-4.547243595123291,2.9143420761101879E-06,0.029040636494755745,65.649208068847656,46.221691131591797,0.0023986927699297667,76.811599731445312,16.776235580444336,0,0.0089440047740936279,-0.20887911319732666,0.68252182006835938,0.95267945528030396,1.0571287870407104,0.96430540084838867,-0.023245811462402344,0,0,0,0
49,315,428040,-7.3259892463684082,0.00016240256081800908,0.029989283531904221,66.035774230957031,45.696300506591797,0.39128530025482178,70.840667724609375,21.067300796508789,0,0.0073097730055451393,-0.28079652786254883,0.68311691284179688,0.95267945528030396,1.0571287870407104,0.96430540084838867,-0.023245811462402344,0,0,0,0
49,330,428400,-9.1754169464111328,0.0074582677334547043,0.15512014925479889,66.417587280273438,45.203407287597656,5.0809683799743652,62.806488037109375,26.926471710205078,0,0.0068726441822946072,-0.23850792646408081,0.68069100379943848,0.95267945528030396,1.0571287870407104,0.96430540084838867,-0.023245811462402344,0,0,0,0
49,345,428760,-10.068488121032715,0.011032655835151672,0.2001824826002121,66.327552795410156,44.707798004150391,8.1910295486450195,55.330371856689453,31.739021301269531,0,0.019752729684114456,-0.16710257530212402,0.67659497261047363,0.95267945528030396,1.0571287870407104,0.96430540084838867,-0.023245811462402344,0,0,0,0
49,360,429120,-10.717275619506836,0.066853031516075134,0.17593228816986084,66.237892150878906,44.215599060058594,15.842105865478516,48.738552093505859,35.280181884765625,0,0.029102910310029984,-0.67150872945785522,0.91823881864547729,1.002593994140625,1.1200308799743652,1.0717780590057373,1.4669011831283569,0,0,0,0
49,365,429240,-10.70737361907959,0.033420708030462265,0.17965343594551086,66.2091064453125,44.051750183105469,18.213233947753906,46.720726013183594,36.216327667236328,0,0.027733892202377319,-0.82505941390991211,0.96701329946517944,1.0118374824523926,1.1316794157028198,1.0916804075241089,1.7428543567657471,0,0,0,0
50,15,429600,-9.5983343124389648,0.039102748036384583,0.23042260110378265,66.11572265625,43.579463958740234,26.348552703857422,41.156215667724609,38.384445190429688,0,0.017487837001681328,-0.72296333312988281,0.90745419263839722,0.99905931949615479,1.1155765056610107,1.0641673803329468,1.3613766431808472,0,0,0,0
50,30,429960,-7.9145832061767578,0.047512959688901901,0.31885102391242981,66.130844116210938,43.157791137695312,42.168502807617188,36.276912689208984,39.68292236328125,0,0.031056631356477737,-0.88656055927276611,0.97421276569366455,1.0118374824523926,1.1316794157028198,1.0916804075241089,1.7428543567657471,0,0,0,0
50,45,430320,-5.1856374740600586,0.043412238359451294,0.1244928240776062,67.763595581054688,42.805366516113281,56.829421997070312,32.481903076171875,39.819995880126953,0,0.040639955550432205,-0.72466695308685303,0.97632771730422974,1.0118374824523926,1.1316794157028198,1.0916804075241089,1.7428543567657471,0,0,0,0
50,60,430680,-1.6161162853240967,0.046510696411132812,0.19002902507781982,72.612007141113281,43.375339508056641,63.115135192871094,30.770679473876953,37.952857971191406,0,0.020334053784608841,-0.47389057278633118,0.97960364818572998,1.0118374824523926,1.1316794157028198,1.0916804075241089,1.7428543567657471,0,0,0,0
50,75,431040,2.8781416416168213,0.017382724210619926,1.4988522529602051,81.773002624511719,57.843894958496094,31.088356018066406,30.714120864868164,34.799930572509766,0,0.011482433415949345,-0.18184718489646912,0.98341876268386841,1.0118374824523926,1.1316794157028198,1.0916804075241089,1.7428543567657471,0,0,0,0
50,90,431400,8.6350851058959961,0.0013247865717858076,1.5362106561660767,79.811622619628906,69.869476318359375,1.8707014322280884,32.877147674560547,31.786928176879883,0,0.019294105470180511,0.10384759306907654,0.98715090751647949,1.0118374824523926,1.1316794157028198,1.0916804075241089,1.7428543567657471,0,0,0,0
50,105,431760,13.217276573181152,7.2656080192246009E-06,1.4541798830032349,79.248741149902344,69.187690734863281,0,38.134777069091797,29.05836296081543,0,0.012697217985987663,0.3355775773525238,0.99017810821533203,1.0118374824523926,1.1316794157028198,1.0916804075241089,1.7428543567657471,0,0,0,0
50,120,432120,17.261320114135742,1.428007294634881E-06,1.3505837917327881,78.747230529785156,67.600914001464844,0,44.180549621582031,26.593173980712891,0,0.0031026203650981188,0.46572741866111755,0.99187833070755005,1.0118374824523926,1.1316794157028198,1.0916804075241089,1.7428543567657471,0,0,0,0
50,135,432480,20.634635925292969,0,1.1023907661437988,77.960952758789062,65.943527221679688,0,48.822822570800781,24.857212066650391,0,0.0030035239178687334,0.46089053153991699,0.9879876971244812,1.0118374824523926,1.1316794157028198,1.0916804075241089,1.7428543567657471,0,0,0,0
50,150,432840,22.869129180908203,0,0.72314614057540894,76.979911804199219,64.437698364257812,0,51.006660461425781,24.283073425292969,0,0.0035166668239980936,0.36672329902648926,0.96649593114852905,1.0118374824523926,1.1316794157028198,1.0916804075241089,1.7428543567657471,0,0,0,0
50,165,433200,30.965122222900391,0,0.28678056597709656,75.904945373535156,63.013442993164062,0,50.9423828125,24.8636474609375,0,0.0012654999736696482,7.9137029647827148,0.9333379864692688,1.0118374824523926,1.1316794157028198,1.0916804075241089,1.7428543567657471,1,0,0,0
50,180,433560,23.591323852539062,0,0.17916207015514374,74.81939697265625,61.649517059326172,0,51.630054473876953,25.084012985229492,0,0.00024298857897520065,0.059117868542671204,0.89629125595092773,1.0118374824523926,1.1316794157028198,1.0916804075241089,1.7428543567657471,0,0,0,0
50,195,433920,22.156332015991211,0,0.065589949488639832,73.7352294921875,60.410663604736328,0,53.160289764404297,24.974771499633789,0,0.0010100464569404721,-0.086165517568588257,0.86313331127166748,1.0118374824523926,1.1316794157028198,1.0916804075241089,1.7428543567657471,0,0,0,0
50,210,434280,19.671628952026367,0,0.022444488480687141,72.654396057128906,59.302688598632812,0,56.227039337158203,24.296533584594727,0,0.00091461749980226159,-0.18033275008201599,0.84164160490036011,1.0118374824523926,1.1316794157028198,1.0916804075241089,1.7428543567657471,0,0,0,0
50,225,434640,16.369529724121094,0,0.026170514523983002,71.62200927734375,58.234073638916016,0,61.961143493652344,22.656856536865234,0,0.00031625796691514552,-0.20027968287467957,0.83880037069320679,1.1080441474914551,1.1316794157028198,1.0916804075241089,1.7428543567657471,0,0,0,1
50,240,435000,12.425535202026367,0,0.032792970538139343,70.68792724609375,57.155162811279297,0,68.453475952148438,20.758083343505859,0,0.00038616560050286353,-0.22152376174926758,0.85079437494277954,1.0118374824523926,1.1316794157028198,1.0916804075241089,1.7428543567657471,0,0,0,0
50,255,435360,8.1870393753051758,0,0.037305634468793869,69.920799255371094,56.081760406494141,0,73.869491577148438,19.021921157836914,0,0.0027695547323673964,-0.25796434283256531,0.87136805057525635,1.0118374824523926,1.1316794157028198,1.0916804075241089,1.7428543567657471,0,0,0,0
50,270,435720,3.0962715148925781,1.2595631915246486E-07,0.040030639618635178,69.440605163574219,55.068691253662109,0,76.672569274902344,17.439294815063477,0,0.003757459344342351,-0.30029746890068054,0.89526855945587158,1.0118374824523926,1.1316794157028198,1.0916804075241089,1.7428543567657471,0,0,0,0
50,285,436080,-0.91640108823776245,2.3244187104864977E-05,0.04346812516450882,69.341629028320312,54.119987487792969,7.7408722063410096E-06,77.1112060546875,15.999493598937988,0,0.0025221947580575943,-0.33921912312507629,0.91724294424057007,1.0118374824523926,1.1316794157028198,1.0916804075241089,1.7428543567657471,0,0,0,0
50,300,436440,-4.3902015686035156,1.5378840544144623E-05,0.052081674337387085,69.699813842773438,53.264434814453125,0.13038894534111023,75.753250122070312,15.951152801513672,0,0.0064020981080830097,-0.36542531847953796,0.93203848600387573,1.0118374824523926,1.1316794157028198,1.0916804075241089,1.7428543567657471,0,0,0,0
50,315,436800,-7.1867389678955078,0.00073217955650761724,0.054704580456018448,70.518997192382812,52.518856048583984,1.5966241359710693,70.047119140625,20.058418273925781,0,0.017832405865192413,-0.37824943661689758,0.93580961227416992,1.0118374824523926,1.1316794157028198,1.0916804075241089,1.7428543567657471,0,0,0,0
50,330,437160,-9.2228717803955078,0.01176888681948185,0.18704742193222046,70.889938354492188,51.90673828125,5.0816683769226074,62.159332275390625,25.866323471069336,0,0.016219181939959526,-0.46777448058128357,0.94206172227859497,1.0118374824523926,1.1316794157028198,1.0916804075241089,1.7428543567657471,0,0,0,0
50,345,437520,-10.436628341674805,0.018724434077739716,0.23026886582374573,70.652702331542969,51.216598510742188,11.863621711730957,54.76593017578125,30.684194564819336,0,0.010901079513132572,-0.61893975734710693,0.95261859893798828,1.0118374824523926,1.1316794157028198,1.0916804075241089,1.7428543567657471,0,0,0,0
50,360,437880,-10.143662452697754,0.029561469331383705,0.19805604219436646,70.415664672851562,50.575881958007812,21.831151962280273,48.246864318847656,34.241138458251953,0,0.0385601706802845,-0.20691025257110596,1.0173426866531372,1.1334563493728638,0.91201627254486084,0.98505425453186035,0.14516294002532959,0,0,0,0
50,365,438000,-9.9609127044677734,0.034526277333498001,0.19466662406921387,70.3485107421875,50.360363006591797,26.555145263671875,46.251178741455078,35.179328918457031,0,0.051776494830846786,-0.17470765113830566,1.0143584012985229,1.1559783220291138,0.871337890625,0.96530866622924805,-0.15070581436157227,0,0,0,0
51,15,438360,-10.735733032226562,0.052613429725170135,0.22444310784339905,70.164573669433594,49.720138549804688,45.274486541748047,40.746025085449219,37.347404479980469,0,0.050612077116966248,-2.5393671989440918,0.98586064577102661,1.1248438358306885,0.92757165431976318,0.99260497093200684,0.25830316543579102,0,1,0,0
51,30,438720,-7.0406365394592285,0.061477608978748322,0.16641895473003387,70.352851867675781,49.096332550048828,60.075355529785156,35.984481811523438,38.612709045410156,0,0.037132561206817627,-0.26638305187225342,0.99137264490127563,1.1559783220291138,0.871337890625,0.96530866622924805,-0.15070587396621704,0,0,0,0
51,45,439080,-4.0825071334838867,0.074217602610588074,0.16201093792915344,72.147041320800781,48.621383666992188,69.916336059570312,32.682682037353516,38.370452880859375,0,0.042502198368310928,0.022625207901000977,1.0098658800125122,1.1559783220291138,0.871337890625,0.96530866622924805,-0.15070587396621704,0,0,0,0
51,60,439440,-0.20037934184074402,0.033956240862607956,0.63582414388656616,79.108711242675781,51.708534240722656,65.166725158691406,31.605209350585938,36.018630981445312,0,0.050827287137508392,0.47030460834503174,1.0385122299194336,1.1559783220291138,0.871337890625,0.96530866622924805,-0.15070587396621704,0,0,0,0
51,75,439800,4.7404284477233887,0.12876595556735992,3.0161998271942139,84.595108032226562,71.7618408203125,15.383509635925293,31.906265258789062,32.924709320068359,0,0.012561611831188202,0.99165260791778564,1.0718724727630615,1.4385049343109131,0.871337890625,0.96530866622924805,-0.15070587396621704,0,0,0,1
51,90,440160,10.478479385375977,0.00066277390578761697,2.6619343757629395,81.370323181152344,76.233329772949219,0.16684149205684662,34.957542419433594,30.087520599365234,0,0.015087675303220749,1.5016672611236572,1.1045075654983521,1.1559783220291138,0.871337890625,0.96530866622924805,-0.15070587396621704,0,0,0,0
51,105,440520,14.950862884521484,0.015971630811691284,2.8362059593200684,81.048561096191406,74.774795532226562,0,40.330295562744141,27.50506591796875,0,0.016783669590950012,1.9153454303741455,1.1309781074523926,1.1559783220291138,0.871337890625,0.96530866622924805,-0.15070587396621704,0,0,0,0
51,120,440880,19.405593872070312,0,2.6225206851959229,80.487388610839844,72.8646240234375,0,45.957881927490234,25.252796173095703,0,0.016601692885160446,2.1476855278015137,1.1458452939987183,1.1559783220291138,0.871337890625,0.96530866622924805,-0.15070587396621704,0,0,0,0
51,135,441240,22.493013381958008,0,2.406374454498291,79.816848754882812,70.888313293457031,0,49.370014190673828,24.049314498901367,0,0.0048248013481497765,2.1293621063232422,1.1403743028640747,1.1559783220291138,0.871337890625,0.96530866622924805,-0.15070587396621704,0,0,0,0
51,150,441600,24.579961776733398,0,2.0544664859771729,78.869613647460938,69.014030456542969,0,50.622951507568359,23.908086776733398,0,0.0022567056585103273,1.9099681377410889,1.103580117225647,1.1559783220291138,0.871337890625,0.96530866622924805,-0.15070587396621704,0,0,0,0
51,165,441960,25.295951843261719,0,1.6197578907012939,77.890243530273438,67.232902526855469,0,51.338508605957031,24.137659072875977,0,0.0047090929001569748,1.5714820623397827,1.0468134880065918,1.1559783220291138,0.871337890625,0.96530866622924805,-0.15070587396621704,0,0,0,0
51,180,442320,24.747957229614258,0,1.145591139793396,76.827217102050781,65.601417541503906,0,52.105354309082031,24.414291381835938,0,0.0020622997544705868,1.1932985782623291,0.98338913917541504,1.1559783220291138,0.871337890625,0.96530866622924805,-0.15070587396621704,0,0,0,0
51,195,442680,23.003543853759766,0,0.66822171211242676,75.750946044921875,64.141204833984375,0,53.325160980224609,24.503961563110352,0,0.00037538865581154823,0.85481250286102295,0.92662245035171509,1.1559783220291138,0.871337890625,0.96530866622924805,-0.15070587396621704,0,0,0,0
51,210,443040,24.283559799194336,0,0.43089765310287476,74.669197082519531,62.809341430664062,0,55.456378936767578,24.23310661315918,0,0.0011783114168792963,4.2504701614379883,0.8898283839225769,1.1559783220291138,0.871337890625,0.96530866622924805,-0.15070587396621704,1,0,0,0
51,225,443400,16.897375106811523,0,0.3461354672908783,73.667495727539062,61.528739929199219,0,60.230049133300781,22.982936859130859,0,0.0032599449623376131,0.59342974424362183,0.88609910011291504,1.1559783220291138,0.871337890625,0.96530866622924805,-0.15070587396621704,0,0,0,0
51,240,443760,12.934540748596191,0,0.27308085560798645,72.756202697753906,60.288387298583984,0,66.9381103515625,21.056209564208984,0,0.0030893383082002401,0.58806824684143066,0.91780287027359009,1.1559783220291138,0.871337890625,0.96530866622924805,-0.15070587396621704,0,0,0,0
51,255,444120,8.5788516998291016,1.3564339496952016E-05,0.22411122918128967,72.039535522460938,59.126243591308594,0,72.593269348144531,19.288608551025391,0,0.0012482667807489634,0.57887160778045654,0.97218519449234009,1.1559783220291138,0.871337890625,0.96530866622924805,-0.15070587396621704,0,0,0,0
51,270,444480,3.6280126571655273,0.011566354893147945,0.20659007132053375,71.6378173828125,58.020557403564453,0,75.717849731445312,17.676540374755859,0,0.0072393468581140041,0.56818783283233643,1.0353612899780273,1.1559783220291138,0.871337890625,0.96530866622924805,-0.15070587396621704,0,0,0,0
51,285,444840,-0.30815219879150391,5.2882655836583581E-06,0.17386494576931,71.59661865234375,57.014209747314453,6.4593990600769757E-07,76.322174072265625,16.204511642456055,0,0.015189545229077339,0.55836498737335205,1.0934462547302246,1.1559783220291138,0.871337890625,0.96530866622924805,-0.15070587396621704,0,0,0,0
51,300,445200,-3.8376438617706299,0.033279784023761749,0.18532603979110718,72.116455078125,56.075736999511719,1.0236338376998901,75.455123901367188,15.670831680297852,0,0.012121307663619518,0.55175119638442993,1.1325552463531494,1.1559783220291138,0.871337890625,0.96530866622924805,-0.15070587396621704,0,0,0,0
51,315,445560,-6.485109806060791,0.0022582358215004206,0.20135866105556488,73.198463439941406,55.286491394042969,2.1260561943054199,70.647132873535156,18.944311141967773,0,0.014173980802297592,0.53908258676528931,1.1392686367034912,1.1559783220291138,0.871337890625,0.96530866622924805,-0.15070587396621704,0,0,0,0
51,330,445920,-8.5083808898925781,0.018383082002401352,0.29751449823379517,73.854148864746094,54.609371185302734,7.7899045944213867,63.133487701416016,24.492763519287109,0,0.034184966236352921,0.39606398344039917,1.1142408847808838,1.1559783220291138,0.871337890625,0.96530866622924805,-0.15070587396621704,0,0,0,0
51,345,446280,-9.7090539932250977,0.022958476096391678,0.40164384245872498,73.621978759765625,53.818576812744141,13.701170921325684,55.6734619140625,29.494884490966797,0,0.041514836251735687,0.15457367897033691,1.0719811916351318,1.1559783220291138,0.871337890625,0.96530866622924805,-0.15070587396621704,0,0,0,0
51,360,446640,-10.445398330688477,0.065454438328742981,0.42834469676017761,73.343673706054688,53.119125366210938,31.160844802856445,49.052997589111328,33.233005523681641,0,0.0319833904504776,-0.50625556707382202,1.5102388858795166,1.1606166362762451,0.89860540628433228,0.94793605804443359,0.028149276971817017,0,0,0,0
51,365,446760,-12.005023956298828,0.091786958277225494,0.44424432516098022,73.250656127929688,52.893821716308594,37.909709930419922,47.025619506835938,34.226268768310547,0,0.033504366874694824,-1.7785720825195312,1.5936172008514404,1.1614755392074585,0.90365493297576904,0.94471889734268188,0.061270594596862793,0,1,0,0
52,15,447120,-8.9745216369628906,0.087857998907566071,0.49868506193161011,72.997154235839844,52.203235626220703,57.725833892822266,41.437431335449219,36.54742431640625,0,0.052716623991727829,-0.29695379734039307,1.4538713693618774,1.1602880954742432,0.89667445421218872,0.94916629791259766,0.015483677387237549,0,0,0,0
52,30,447480,-7.065833568572998,0.15490357577800751,0.49436932802200317,73.077735900878906,51.547195434570312,86.049247741699219,36.621547698974609,37.880084991455078,0,0.060778137296438217,-0.26496890187263489,1.5876671075820923,1.1614755392074585,0.90365493297576904,0.94471889734268188,0.061270594596862793,0,0,0,0
52,45,447840,-4.3719749450683594,0.19730551540851593,0.50847744941711426,74.607475280761719,51.170749664306641,116.90081024169922,33.188922882080078,37.713493347167969,0,0.038657594472169876,-0.212892085313797,1.6187715530395508,1.1614755392074585,0.90365493297576904,0.94471889734268188,0.061270594596862793,0,0,0,0
52,60,448200,-0.88743126392364502,0.1981281191110611,1.3664805889129639,82.057174682617188,55.334281921386719,123.98574066162109,31.855257034301758,35.546104431152344,0,0.027672158554196358,-0.13222408294677734,1.6669526100158691,1.1614755392074585,0.90365493297576904,0.94471889734268188,0.061270594596862793,0,0,0,0
52,75,448560,3.2853353023529053,0.098205782473087311,5.233543872833252,90.784141540527344,79.382682800292969,65.522979736328125,31.898488998413086,32.456695556640625,0,0.033976200968027115,-0.038281619548797607,1.72306227684021,1.1614755392074585,0.90365493297576904,0.94471889734268188,0.061270594596862793,0,0,0,0
52,90,448920,8.7761573791503906,0.068906486034393311,5.8854780197143555,90.872406005859375,95.065803527832031,3.1866843700408936,33.958293914794922,29.586902618408203,0,0.028318969532847404,0.053618639707565308,1.7779521942138672,1.1614755392074585,0.90365493297576904,0.94471889734268188,0.061270594596862793,0,0,0,0
52,105,449280,12.97807502746582,0.045726992189884186,5.8921089172363281,90.666275024414062,95.142936706542969,0,39.067070007324219,27.000930786132812,0,0.010232298634946346,0.12815994024276733,1.8224740028381348,1.1614755392074585,0.90365493297576904,0.94471889734268188,0.061270594596862793,0,0,0,0
52,120,449640,16.920442581176758,0.019889654591679573,5.9082784652709961,90.42694091796875,94.639984130859375,0,45.079421997070312,24.65234375,0,0.0089763747528195381,0.17002561688423157,1.8474794626235962,1.1614755392074585,0.90365493297576904,0.94471889734268188,0.061270594596862793,0,0,0,0
52,135,450000,19.83924674987793,0.070229858160018921,6.2252187728881836,89.983627319335938,93.655029296875,0,50.643997192382812,22.754276275634766,0,0.01020564790815115,0.13113449513912201,1.8337734937667847,1.1614755392074585,0.90365493297576904,0.94471889734268188,0.061270594596862793,0,0,0,0
52,150,450360,22.42485237121582,8.050351851807136E-08,5.7951078414916992,89.088249206542969,92.374565124511719,0,54.173831939697266,21.863813400268555,0,0.0036121406592428684,-0.096799641847610474,1.7480449676513672,1.1614755392074585,0.90365493297576904,0.94471889734268188,0.061270594596862793,0,0,0,0
52,165,450720,23.196804046630859,1.1939182513742708E-06,5.6283707618713379,88.013786315917969,90.589996337890625,0,56.108283996582031,21.801540374755859,0,0.00059780915034934878,-0.44846165180206299,1.6157808303833008,1.1614755392074585,0.90365493297576904,0.94471889734268188,0.061270594596862793,0,0,0,0
52,180,451080,22.833335876464844,0,5.3860645294189453,86.69488525390625,88.694129943847656,0,57.722667694091797,21.977045059204102,0,0.0023700559977442026,-0.8413662314414978,1.4680051803588867,1.1614755392074585,0.90365493297576904,0.94471889734268188,0.061270594596862793,0,0,0,0
52,195,451440,21.05018424987793,0,5.1002640724182129,85.370841979980469,86.804878234863281,0,60.118587493896484,21.867774963378906,0,0.0020690555684268475,-1.1930283308029175,1.3357412815093994,1.1614755392074585,0.90365493297576904,0.94471889734268188,0.061270594596862793,0,0,0,0
52,210,451800,18.24443244934082,0.0036132733803242445,4.824526309967041,84.071556091308594,84.835105895996094,0,64.381393432617188,21.026668548583984,0,0.00070079969009384513,-1.4209624528884888,1.2500126361846924,1.1614755392074585,0.90365493297576904,0.94471889734268188,0.061270594596862793,0,0,0,0
52,225,452160,14.935360908508301,3.2031402952270582E-05,4.5080227851867676,83.133270263671875,82.849746704101562,0,70.770584106445312,19.384859085083008,0,0.00057616550475358963,-1.4638814926147461,1.2390478849411011,1.1614755392074585,0.90365493297576904,0.94471889734268188,0.061270594596862793,0,0,0,0
52,240,452520,10.86320686340332,1.4216768249752931E-05,4.271550178527832,82.282058715820312,80.905670166015625,0,77.011680603027344,17.740816116333008,0,0.0035619228146970272,-1.4625200033187866,1.2905166149139404,1.1614755392074585,0.90365493297576904,0.94471889734268188,0.061270594596862793,0,0,0,0
52,255,452880,6.758272647857666,3.4755837987177074E-05,4.1338162422180176,81.882606506347656,79.023880004882812,0,81.815658569335938,16.23980712890625,0,0.0038810663390904665,-1.4601848125457764,1.3788024187088013,1.1614755392074585,0.90365493297576904,0.94471889734268188,0.061270594596862793,0,0,0,0
52,270,453240,1.7317714691162109,9.6332478278782219E-05,4.092231273651123,82.019538879394531,77.3013916015625,2.0181783838779666E-05,83.799392700195312,14.866703987121582,0,0.0039449753239750862,-1.4574719667434692,1.4813642501831055,1.6489806175231934,0.90365493297576904,0.94471889734268188,0.061270594596862793,0,0,0,1
52,285,453600,-2.2616066932678223,0.12650908529758453,4.2362604141235352,82.427581787109375,75.855537414550781,0.79387873411178589,83.860542297363281,13.72122859954834,0,0.0066924700513482094,-1.4549777507781982,1.5756610631942749,1.1614755392074585,0.90365493297576904,0.94471889734268188,0.061270594596862793,0,0,0,0
52,300,453960,-5.6947445869445801,0.0059489747509360313,4.1698451042175293,83.254241943359375,74.709823608398438,3.751535177230835,80.6983642578125,15.596421241760254,0,0.017988221719861031,-1.4532983303070068,1.6391515731811523,1.1614755392074585,0.90365493297576904,0.94471889734268188,0.061270594596862793,0,0,0,0
52,315,454320,-8.354095458984375,0.021131047978997231,4.3337140083312988,83.657005310058594,73.627418518066406,13.38939380645752,72.856758117675781,21.754592895507812,0,0.017865266650915146,-1.4379340410232544,1.6523115634918213,1.1614755392074585,0.90365493297576904,0.94471889734268188,0.061270594596862793,0,0,0,0
52,330,454680,-9.9651165008544922,0.035441171377897263,4.6966409683227539,83.163970947265625,71.963043212890625,23.242435455322266,64.296478271484375,28.036951065063477,0,0.013770082965493202,-1.2465262413024902,1.6405514478683472,1.1614755392074585,0.90365493297576904,0.94471889734268188,0.061270594596862793,0,0,0,0
52,345,455040,-10.631876945495605,0.055424612015485764,4.6085267066955566,82.740814208984375,70.344505310058594,42.771778106689453,56.665493011474609,32.860191345214844,0,0.028901452198624611,-0.92332965135574341,1.6206938028335571,1.1614755392074585,0.90365493297576904,0.94471889734268188,0.061270594596862793,0,0,0,0
52,360,455400,-9.6128664016723633,0.14506109058856964,4.5542926788330078,82.331947326660156,68.842208862304688,57.635536193847656,49.939960479736328,36.400402069091797,0,0.040106907486915588,0.045479536056518555,1.0675342082977295,1.1140314340591431,0.92443364858627319,0.8443373441696167,-3.904691219329834,0,0,0,0
52,365,455520,-9.2925233840942383,0.044144157320261002,4.5521526336669922,82.205924987792969,68.348472595214844,60.933494567871094,47.882450103759766,37.333686828613281,0,0.035328973084688187,0.12024092674255371,0.96342962980270386,1.1052454710006714,0.92828154563903809,0.82574814558029175,-4.6391286849975586,0,0,0,0
53,15,455880,-8.1985750198364258,0.083887636661529541,4.5638132095336914,81.850173950195312,66.909439086914062,83.46527099609375,42.216175079345703,39.434806823730469,0,0.02375449612736702,-0.031465530395507812,1.088554859161377,1.1173911094665527,0.92296218872070312,0.85144585371017456,-3.6238422393798828,0,0,0,0
53,30,456240,-5.9402146339416504,0.059016108512878418,4.5105352401733398,82.328285217285156,65.689338684082031,91.578559875488281,37.582653045654297,40.392181396484375,0,0.027884259819984436,0.058453798294067383,0.95010966062545776,1.1052454710006714,0.92828154563903809,0.82574814558029175,-4.6391286849975586,0,0,0,0
53,45,456600,-3.0176818370819092,0.046870343387126923,4.6219987869262695,83.489768981933594,65.105232238769531,99.017723083496094,34.812469482421875,39.472068786621094,0,0.037459179759025574,0.17225587368011475,0.94229716062545776,1.1052454710006714,0.92828154563903809,0.82574814558029175,-4.6391286849975586,0,0,0,0
53,60,456960,-7.4193687438964844,0.16149114072322845,4.8888859748840332,85.038909912109375,66.276878356933594,107.62575531005859,32.994709014892578,37.748500823974609,0,0.025751415640115738,-8.0624179840087891,0.93019527196884155,1.1052454710006714,0.92828154563903809,0.82574814558029175,-4.6391286849975586,0,1,0,0
53,75,457320,5.2231793403625488,0.0081042833626270294,8.1651411056518555,96.585655212402344,85.948486328125,39.999488830566406,32.354240417480469,35.309799194335938,0,0.012446606531739235,0.55382746458053589,0.91610193252563477,1.1052454710006714,0.92828154563903809,0.82574814558029175,-4.6391286849975586,0,0,0,0
53,90,457680,10.842676162719727,2.0220493752276525E-05,7.5064969062805176,92.298149108886719,94.41253662109375,0.20446652173995972,35.460502624511719,32.267585754394531,0,0.01446295902132988,0.75465470552444458,0.90231496095657349,1.1052454710006714,0.92828154563903809,0.82574814558029175,-4.6391286849975586,0,0,0,0
53,105,458040,15.265048027038574,0.012156269513070583,7.4488167762756348,91.191047668457031,92.235755920410156,0,40.941883087158203,29.495616912841797,0,0.01507955975830555,0.91754776239395142,0.89113223552703857,1.1052454710006714,0.92828154563903809,0.82574814558029175,-4.6391286849975586,0,0,0,0
53,120,458400,19.062910079956055,1.0054513950308319E-06,7.320889949798584,90.164894104003906,89.715049743652344,0,46.685646057128906,27.040107727050781,0,0.004680081270635128,1.0090357065200806,0.88485157489776611,1.1052454710006714,0.92828154563903809,0.82574814558029175,-4.6391286849975586,0,0,0,0
53,135,458760,22.147914886474609,0,7.080655574798584,88.999534606933594,87.299079895019531,0,50.364887237548828,25.598657608032227,0,0.0017369878478348255,1.0091813802719116,0.88543462753295898,1.1052454710006714,0.92828154563903809,0.82574814558029175,-4.6391286849975586,0,0,0,0
53,150,459120,24.083000183105469,0,6.7329568862915039,87.691505432128906,85.048744201660156,0,51.912269592285156,25.234794616699219,0,0.004004285205155611,0.9617573618888855,0.89182960987091064,1.1052454710006714,0.92828154563903809,0.82574814558029175,-4.6391286849975586,0,0,0,0
53,165,459480,24.830102920532227,0,6.2934885025024414,86.321922302246094,82.969329833984375,0,52.826305389404297,25.301656723022461,0,0.0017746388912200928,0.88859045505523682,0.90169590711593628,1.1052454710006714,0.92828154563903809,0.82574814558029175,-4.6391286849975586,0,0,0,0
53,180,459840,24.339195251464844,0,5.833310604095459,85.039596557617188,80.892829895019531,0,53.784381866455078,25.442253112792969,0,0.00025480584008619189,0.80684256553649902,0.91271936893463135,1.1052454710006714,0.92828154563903809,0.82574814558029175,-4.6391286849975586,0,0,0,0
53,195,460200,22.652263641357422,0,5.3418703079223633,83.786300659179688,78.899696350097656,0,55.275772094726562,25.392118453979492,0,0.00069043133407831192,0.73367565870285034,0.92258566617965698,1.1052454710006714,0.92828154563903809,0.82574814558029175,-4.6391286849975586,0,0,0,0
53,210,460560,19.898765563964844,0,4.9041872024536133,82.559471130371094,77.019844055175781,0,58.529193878173828,24.683195114135742,0,0.0016330881044268608,0.68625158071517944,0.92898064851760864,1.1052454710006714,0.92828154563903809,0.82574814558029175,-4.6391286849975586,0,0,0,0
53,225,460920,16.336603164672852,0,4.5299668312072754,81.409385681152344,75.214385986328125,0,64.6573486328125,22.952301025390625,0,0.00094715494196861982,0.67541265487670898,0.93128484487533569,1.1052454710006714,0.92828154563903809,0.82574814558029175,-4.6391286849975586,0,0,0,0
53,240,461280,12.245473861694336,0,4.2131237983703613,80.372146606445312,73.52691650390625,0,71.440330505371094,21.000070571899414,0,0.00039688040851615369,0.65690553188323975,0.94207274913787842,1.1052454710006714,0.92828154563903809,0.82574814558029175,-4.6391286849975586,0,0,0,0
53,255,461640,7.8530392646789551,2.1362771803978831E-05,3.9752418994903564,79.478935241699219,71.925148010253906,0,77.039100646972656,19.21351432800293,0,0.0058252466842532158,0.62515980005264282,0.96057754755020142,1.5667152404785156,0.92828154563903809,0.82574814558029175,-4.6391286849975586,0,0,0,1
53,270,462000,2.8634226322174072,0.010375739075243473,3.8314669132232666,78.939620971679688,70.384910583496094,0,79.814369201660156,17.581981658935547,0,0.0074402014724910259,0.58828067779541016,0.98207461833953857,1.1052454710006714,0.92828154563903809,0.82574814558029175,-4.6391286849975586,0,0,0,0
53,285,462360,-1.0138813257217407,2.8836537239840254E-05,3.716517448425293,78.77520751953125,68.949630737304688,4.5928278268547729E-05,80.227745056152344,16.103324890136719,0,0.005402611568570137,0.55437356233596802,1.001839280128479,1.1052454710006714,0.92828154563903809,0.82574814558029175,-4.6391286849975586,0,0,0,0
53,300,462720,-4.3808550834655762,0.00057624455075711012,3.6749508380889893,79.0986328125,67.592369079589844,0.42746183276176453,78.736709594726562,16.172489166259766,0,0.0067426031455397606,0.53154361248016357,1.0151469707489014,1.1052454710006714,0.92828154563903809,0.82574814558029175,-4.6391286849975586,0,0,0,0
53,315,463080,-6.8858475685119629,0.008515472523868084,3.6924548149108887,79.876884460449219,66.343147277832031,0.97593492269515991,72.964218139648438,20.323347091674805,0,0.02225416898727417,0.52020353078842163,1.0172538757324219,1.1052454710006714,0.92828154563903809,0.82574814558029175,-4.6391286849975586,0,0,0,0
53,330,463440,-8.6333503723144531,0.014165017753839493,3.8841660022735596,80.3138427734375,65.192741394042969,4.6660070419311523,64.999649047851562,26.182872772216797,0,0.027299713343381882,0.44006502628326416,1.0064692497253418,1.1052454710006714,0.92828154563903809,0.82574814558029175,-4.6391286849975586,0,0,0,0
53,345,463800,-9.5172338485717773,0.021060062572360039,4.0196061134338379,80.013885498046875,63.992206573486328,11.750308990478516,57.343189239501953,31.224672317504883,0,0.01880682073533535,0.3047492504119873,0.98825943470001221,1.1052454710006714,0.92828154563903809,0.82574814558029175,-4.6391286849975586,0,0,0,0
53,360,464160,-8.9332551956176758,0.01918344758450985,4.0870647430419922,79.7144775390625,62.825664520263672,17.967876434326172,50.552112579345703,35.003170013427734,0,0.028861500322818756,0.55487525463104248,0.81287527084350586,1.1288187503814697,0.78166913986206055,0.76898694038391113,-7.6032533645629883,0,0,0,0
53,365,464280,-8.5759553909301758,0.019797038286924362,4.087092399597168,79.623268127441406,62.448184967041016,20.56165885925293,48.482650756835938,35.997287750244141,0,0.036856748163700104,0.59414410591125488,0.76267552375793457,1.1331841945648193,0.75451868772506714,0.75847560167312622,-8.152165412902832,0,0,0,0
54,15,464640,-8.1493892669677734,0.022171638906002045,4.1169562339782715,79.320465087890625,61.35369873046875,35.89013671875,42.737205505371094,38.335655212402344,0,0.045968733727931976,-1.2907522916793823,0.77132916450500488,1.1271494626998901,0.79205143451690674,0.77300649881362915,-7.3933496475219727,0,1,0,0
54,30,465000,-4.9069857597351074,0.068035110831260681,4.0372319221496582,80.322456359863281,60.425216674804688,39.831630706787109,38.378890991210938,39.154216766357422,0,0.031760837882757187,0.52255344390869141,0.72361612319946289,1.1331841945648193,0.75451868772506714,0.75847560167312622,-8.152165412902832,0,0,0,0
54,45,465360,-1.8917595148086548,0.02202802337706089,4.1661787033081055,82.494239807128906,60.170597076416016,39.560638427734375,36.342849731445312,37.688770294189453,0,0.024381803348660469,0.51623165607452393,0.74892038106918335,1.1331841945648193,0.75451868772506714,0.75847560167312622,-8.152165412902832,0,0,0,0
54,60,465720,2.0242514610290527,0.0057193799875676632,5.6957449913024902,88.125900268554688,66.066780090332031,16.275104522705078,36.099277496337891,34.685314178466797,0,0.046435490250587463,0.50643908977508545,0.78811728954315186,1.4920902252197266,0.75451868772506714,0.75847560167312622,-8.152165412902832,0,0,0,1
54,75,466080,6.2038350105285645,0.02404179610311985,5.8648695945739746,86.849929809570312,73.340827941894531,0.66265839338302612,37.174343109130859,31.698406219482422,0,0.025884993374347687,0.49503505229949951,0.83376419544219971,1.1331841945648193,0.75451868772506714,0.75847560167312622,-8.152165412902832,0,0,0,0
54,90,466440,11.25617790222168,2.5679088139440864E-05,5.813194751739502,86.236862182617188,72.262367248535156,0,41.010604858398438,28.974208831787109,0,0.0095041282474994659,0.48387885093688965,0.87841892242431641,1.1331841945648193,0.75451868772506714,0.75847560167312622,-8.152165412902832,0,0,0,0
54,105,466800,15.406320571899414,2.4829057920783271E-08,5.7303709983825684,85.660362243652344,70.398330688476562,0,46.688743591308594,26.488601684570312,0,0.0083008874207735062,0.47482991218566895,0.91463875770568848,1.1331841945648193,0.75451868772506714,0.75847560167312622,-8.152165412902832,0,0,0,0
54,120,467160,18.933343887329102,0.001277359202504158,5.4927186965942383,84.891334533691406,68.61614990234375,0,52.535537719726562,24.320446014404297,0,0.010916093364357948,0.46974766254425049,0.93498134613037109,1.1331841945648193,0.75451868772506714,0.75847560167312622,-8.152165412902832,0,0,0,0
54,135,467520,21.947006225585938,0,5.0818934440612793,83.820091247558594,67.102157592773438,0,56.213100433349609,23.224479675292969,0,0.0039530219510197639,0.5199286937713623,0.93569976091384888,1.1331841945648193,0.75451868772506714,0.75847560167312622,-8.152165412902832,0,0,0,0
54,150,467880,24.023822784423828,0,4.5532345771789551,82.562332153320312,65.805740356445312,0,57.600635528564453,23.279594421386719,0,0.00063561182469129562,0.78825139999389648,0.92878603935241699,1.1331841945648193,0.75451868772506714,0.75847560167312622,-8.152165412902832,0,0,0,0
54,165,468240,25.057172775268555,0,3.9893624782562256,81.197608947753906,64.664306640625,0,58.232227325439453,23.793085098266602,0,0.0021739026997238398,1.2022256851196289,0.91811937093734741,1.1331841945648193,0.75451868772506714,0.75847560167312622,-8.152165412902832,0,0,0,0
54,180,468600,24.927764892578125,0,3.4375019073486328,79.840217590332031,63.591289520263672,0,58.79803466796875,24.386377334594727,0,0.00166624307166785,1.6647504568099976,0.90620177984237671,1.1331841945648193,0.75451868772506714,0.75847560167312622,-8.152165412902832,0,0,0,0
54,195,468960,23.550556182861328,0,2.9250514507293701,78.549835205078125,62.5377197265625,0,59.718330383300781,24.793067932128906,0,0.00049239111831411719,2.0787248611450195,0.89553505182266235,1.1331841945648193,0.75451868772506714,0.75847560167312622,-8.152165412902832,0,0,0,0
54,210,469320,20.982067108154297,0,2.4587974548339844,77.3480224609375,61.499961853027344,0,61.997821807861328,24.60212516784668,0,0.00046765326987951994,2.3470473289489746,0.88862133026123047,1.1331841945648193,0.75451868772506714,0.75847560167312622,-8.152165412902832,0,0,0,0
54,225,469680,17.365486145019531,0,2.0372540950775146,76.236366271972656,60.495418548583984,0,67.407051086425781,23.191469192504883,0,0.0027553550899028778,2.3793621063232422,0.88837170600891113,1.1331841945648193,0.75451868772506714,0.75847560167312622,-8.152165412902832,0,0,0,0
54,240,470040,13.019420623779297,0,1.6836103200912476,75.228317260742188,59.515510559082031,0,74.317131042480469,21.236433029174805,0,0.0027311162557452917,2.1985435485839844,0.89876854419708252,1.1331841945648193,0.75451868772506714,0.75847560167312622,-8.152165412902832,0,0,0,0
54,255,470400,8.3621845245361328,0,1.4199701547622681,74.343215942382812,58.589809417724609,0,80.164222717285156,19.432216644287109,0,0.0014897595392540097,1.888380765914917,0.91660243272781372,1.1331841945648193,0.75451868772506714,0.75847560167312622,-8.152165412902832,0,0,0,0
54,270,470760,2.9232301712036133,2.3580569177283905E-05,1.2466579675674438,73.825218200683594,57.706748962402344,0,83.193244934082031,17.785001754760742,0,0.0056314989924430847,1.5280640125274658,0.93732017278671265,1.1331841945648193,0.75451868772506714,0.75847560167312622,-8.152165412902832,0,0,0,0
54,285,471120,-1.1198502779006958,1.3932273077443824E-06,1.1443736553192139,73.605392456054688,56.878200531005859,4.7811568038014229E-09,83.633369445800781,16.291219711303711,0,0.016417136415839195,1.1967836618423462,0.95636826753616333,1.1331841945648193,0.75451868772506714,0.75847560167312622,-8.152165412902832,0,0,0,0
54,300,471480,-4.5812711715698242,0.035269267857074738,1.1295990943908691,73.815544128417969,56.133007049560547,0.35736733675003052,81.955879211425781,16.524654388427734,0,0.017330411821603775,0.97373044490814209,0.96919357776641846,1.1331841945648193,0.75451868772506714,0.75847560167312622,-8.152165412902832,0,0,0,0
54,315,471840,-6.9792709350585938,0.002503557363525033,1.1851818561553955,74.771293640136719,55.419303894042969,1.3333232402801514,75.708213806152344,21.098522186279297,0,0.011997831054031849,0.91916018724441528,0.96880310773849487,1.1331841945648193,0.75451868772506714,0.75847560167312622,-8.152165412902832,0,0,0,0
54,330,472200,-8.5050420761108398,0.011090729385614395,1.35547935962677,75.339599609375,54.727657318115234,3.3700056076049805,67.406593322753906,27.215032577514648,0,0.027038849890232086,0.8540382981300354,0.9275023341178894,1.1331841945648193,0.75451868772506714,0.75847560167312622,-8.152165412902832,0,0,0,0
54,345,472560,-9.1734209060668945,0.087158016860485077,1.4761571884155273,75.257156372070312,53.905353546142578,8.6168947219848633,59.47430419921875,32.434822082519531,0,0.042510129511356354,0.74407851696014404,0.85776501893997192,1.1331841945648193,0.75451868772506714,0.75847560167312622,-8.152165412902832,0,0,0,0
54,360,472920,-8.5572900772094727,0.015766005963087082,1.5304237604141235,75.170516967773438,53.038803100585938,14.165955543518066,52.447235107421875,36.335903167724609,0,0.024346677586436272,1.2156045436859131,0.75722002983093262,1.0667957067489624,0.88342344760894775,0.95666855573654175,-2.983062744140625,0,0,0,0
54,365,473040,-8.3629913330078125,0.016034256666898727,1.5416224002838135,75.155021667480469,52.757568359375,14.894960403442383,50.308483123779297,37.363975524902344,0,0.018366953358054161,1.2452285289764404,0.73984158039093018,1.0545015335083008,0.90729469060897827,0.99337095022201538,-2.0258216857910156,0,0,0,0
55,15,473400,-7.3005132675170898,0.016551697626709938,1.5712664127349854,75.269866943359375,51.988166809082031,21.225011825561523,44.487777709960938,39.680564880371094,0,0.024970144033432007,0.97000420093536377,0.71695452928543091,1.0714969635009766,0.87429505586624146,0.94263356924057007,-3.3491120338439941,0,0,0,0
55,30,473760,-5.2693462371826172,0.087715893983840942,1.5717226266860962,76.299278259277344,51.407329559326172,25.369354248046875,39.993061065673828,40.527370452880859,0,0.035817030817270279,1.0868498086929321,0.71803265810012817,1.0545015335083008,0.90729469060897827,0.99337095022201538,-2.0258216857910156,0,0,0,0
55,45,474120,-2.4213464260101318,0.018120002001523972,1.6885613203048706,77.843353271484375,51.321159362792969,28.196138381958008,37.59893798828125,39.286479949951172,0,0.027706850320100784,1.1210033893585205,0.7373659610748291,1.0545015335083008,0.90729469060897827,0.99337095022201538,-2.0258216857910156,0,0,0,0
55,60,474480,1.3044099807739258,0.0077713849022984505,2.8643684387207031,82.694328308105469,55.999248504638672,14.58326244354248,37.192062377929688,36.280654907226562,0,0.014211351051926613,1.1739081144332886,0.76731365919113159,1.0545015335083008,0.90729469060897827,0.99337095022201538,-2.0258216857910156,0,0,0,0
55,75,474840,5.6799345016479492,0.00010936473699985072,3.2946498394012451,81.884124755859375,64.2958984375,0.85501390695571899,38.068614959716797,33.161197662353516,0,0.017536196857690811,1.2355186939239502,0.80218935012817383,1.0545015335083008,0.90729469060897827,0.99337095022201538,-2.0258216857910156,0,0,0,0
55,90,475200,10.812950134277344,1.1137534784211311E-05,3.2699277400970459,81.244857788085938,63.7801513671875,0,41.776485443115234,30.310546875,0,0.018431631848216057,1.2957898378372192,0.83630692958831787,1.0545015335083008,0.90729469060897827,0.99337095022201538,-2.0258216857910156,0,0,0,0
55,105,475560,15.052512168884277,0.0221430454403162,3.1731724739074707,80.805526733398438,62.216030120849609,0,47.584644317626953,27.711254119873047,0,0.0065071205608546734,1.3446764945983887,0.86398005485534668,1.0545015335083008,0.90729469060897827,0.99337095022201538,-2.0258216857910156,0,0,0,0
55,120,475920,18.93602180480957,0,2.8685777187347412,80.246444702148438,60.70391845703125,0,53.540016174316406,25.439397811889648,0,0.0024372332263737917,1.3721333742141724,0.87952250242233276,1.0545015335083008,0.90729469060897827,0.99337095022201538,-2.0258216857910156,0,0,0,0
55,135,476280,22.12835693359375,0,2.4792320728302002,79.3814697265625,59.376632690429688,0,57.118007659912109,24.325782775878906,0,0.0050970739684998989,1.4256768226623535,0.88067924976348877,1.0545015335083008,0.90729469060897827,0.99337095022201538,-2.0258216857910156,0,0,0,0
55,150,476640,24.494447708129883,0,2.0290946960449219,78.318565368652344,58.209648132324219,0,58.270309448242188,24.420633316040039,0,0.0021661508362740278,1.6946576833724976,0.87861514091491699,1.0545015335083008,0.90729469060897827,0.99337095022201538,-2.0258216857910156,0,0,0,0
55,165,477000,25.836204528808594,0,1.7016733884811401,77.13702392578125,57.200874328613281,0,58.647693634033203,24.989398956298828,0,0.00044791857362724841,2.1096477508544922,0.87543058395385742,1.0545015335083008,0.90729469060897827,0.99337095022201538,-2.0258216857910156,0,0,0,0
55,180,477360,26.026298522949219,0,1.5483303070068359,75.928291320800781,56.277950286865234,0,58.879665374755859,25.669479370117188,0,0.00061584904324263334,2.5733072757720947,0.87187254428863525,1.0545015335083008,0.90729469060897827,0.99337095022201538,-2.0258216857910156,0,0,0,0
55,195,477720,24.958120346069336,0,1.405753493309021,74.764862060546875,55.399917602539062,0,59.339923858642578,26.194246292114258,0,0.0012321700341999531,2.9882972240447998,0.86868798732757568,1.0545015335083008,0.90729469060897827,0.99337095022201538,-2.0258216857910156,0,0,0,0
55,210,478080,22.656902313232422,0,1.2817974090576172,73.669868469238281,54.554168701171875,0,60.609001159667969,26.286687850952148,0,0.00077522476203739643,3.2572784423828125,0.86662387847900391,1.0545015335083008,0.90729469060897827,0.99337095022201538,-2.0258216857910156,0,0,0,0
55,225,478440,19.25428581237793,0,1.1707115173339844,72.661491394042969,53.739204406738281,0,64.5855712890625,25.280771255493164,0,0.00020881620002910495,3.2920849323272705,0.86618161201477051,1.0545015335083008,0.90729469060897827,0.99337095022201538,-2.0258216857910156,0,0,0,0
55,240,478800,15.088089942932129,0,1.0836749076843262,71.735466003417969,52.9560546875,0,71.34466552734375,23.250072479248047,0,0.0021315934136509895,3.1345703601837158,0.86566621065139771,1.0545015335083008,0.90729469060897827,0.99337095022201538,-2.0258216857910156,0,0,0,0
55,255,479160,10.55027961730957,0,1.0177162885665894,70.920196533203125,52.190658569335938,0,77.533172607421875,21.278499603271484,0,0.0035917148925364017,2.8643808364868164,0.86478221416473389,1.0545015335083008,0.90729469060897827,0.99337095022201538,-2.0258216857910156,0,0,0,0
55,270,479520,5.1695852279663086,1.3245190530142281E-05,0.97250545024871826,70.291656494140625,51.452201843261719,0,81.674354553222656,19.479988098144531,0,0.002981129102408886,2.5505013465881348,0.86375528573989868,1.0545015335083008,0.90729469060897827,0.99337095022201538,-2.0258216857910156,0,0,0,0
55,285,479880,1.0097883939743042,0,0.95023226737976074,69.931365966796875,50.763053894042969,0,82.870208740234375,17.837930679321289,0,0.0029629266355186701,2.261915922164917,0.86281108856201172,1.0545015335083008,0.90729469060897827,0.99337095022201538,-2.0258216857910156,0,0,0,0
55,300,480240,-2.5011229515075684,2.2778262120937143E-07,0.94720727205276489,69.801521301269531,50.117172241210938,9.2607007218248327E-07,82.653831481933594,16.587963104248047,0,0.014028763398528099,2.0676095485687256,0.8621753454208374,1.0545015335083008,0.90729469060897827,0.99337095022201538,-2.0258216857910156,0,0,0,0
55,315,480600,-5.2157440185546875,7.7794051321689039E-05,0.95401793718338013,70.345390319824219,49.533798217773438,0.48459097743034363,79.303749084472656,18.392173767089844,0,0.020370928570628166,2.0124747753143311,0.86014640331268311,1.0545015335083008,0.90729469060897827,0.99337095022201538,-2.0258216857910156,0,0,0,0
55,330,480960,-7.1520676612854004,0.067186914384365082,0.97354668378829956,71.113594055175781,48.954273223876953,1.8851169347763062,72.33636474609375,23.482812881469727,0,0.013523872010409832,1.8587454557418823,0.83604156970977783,1.0545015335083008,0.90729469060897827,0.99337095022201538,-2.0258216857910156,0,0,0,0
55,345,481320,-8.2984485626220703,0.0094063617289066315,1.0448349714279175,71.670501708984375,48.41229248046875,4.4108943939208984,64.276153564453125,29.158929824829102,0,0.019248580560088158,1.5991698503494263,0.79533982276916504,1.0545015335083008,0.90729469060897827,0.99337095022201538,-2.0258216857910156,0,0,0,0
55,360,481680,-12.855774879455566,0.0958871990442276,1.1295697689056396,71.58837890625,47.836959838867188,24.9454345703125,56.682323455810547,33.854690551757812,0,0.032518837600946426,-2.8841967582702637,1.610811710357666,1.0253782272338867,1.0595138072967529,1.1474068164825439,-5.0873503684997559,0,0,0,0
55,365,481800,-13.372666358947754,0.11540357023477554,1.1476795673370361,71.549522399902344,47.651649475097656,35.771762847900391,54.342281341552734,35.130111694335938,0,0.033818811178207397,-3.8781628608703613,1.7676721811294556,1.0199850797653198,1.0877025127410889,1.1759319305419922,-5.6543002128601074,0,0,0,0
56,15,482160,-11.537178993225098,0.12818925082683563,1.2404624223709106,71.431907653808594,47.127609252929688,53.871608734130859,47.892261505126953,38.205570220947266,0,0.024702537804841995,-3.1310758590698242,1.5372159481048584,1.0274406671524048,1.0487344264984131,1.1364986896514893,-4.8705487251281738,0,0,0,0
56,30,482520,-10.23485279083252,0.20943446457386017,1.4515306949615479,71.311180114746094,46.639537811279297,102.61563110351562,42.20263671875,40.164726257324219,0,0.017610184848308563,-4.3004536628723145,1.7721004486083984,1.0199850797653198,1.0877025127410889,1.1759319305419922,-5.6543002128601074,0,0,0,0
56,45,482880,-7.3171834945678711,0.2668115496635437,1.4414509534835815,71.625747680664062,46.170066833496094,145.24342346191406,37.240703582763672,41.176498413085938,0,0.026122698560357094,-4.177588939666748,1.8131418228149414,1.0199850797653198,1.0877025127410889,1.1759319305419922,-5.6543002128601074,0,0,0,0
56,60,483240,-3.7971720695495605,0.38707104325294495,1.3812254667282104,73.633651733398438,45.899318695068359,183.92655944824219,33.896995544433594,40.458076477050781,0,0.024522356688976288,-3.987269401550293,1.876716136932373,1.0199850797653198,1.0877025127410889,1.1759319305419922,-5.6543002128601074,0,0,0,0
56,75,483600,0.33140739798545837,0.26872563362121582,2.9365332126617432,88.257102966308594,60.294761657714844,175.53642272949219,33.008960723876953,37.494857788085938,0,0.0077090212143957615,-3.7656311988830566,1.9507516622543335,1.0199850797653198,1.0877025127410889,1.1759319305419922,-5.6543002128601074,0,0,0,0
56,90,483960,5.5252518653869629,0.14757539331912994,8.6024026870727539,100.35732269287109,102.26956939697266,76.122940063476562,33.623020172119141,34.114246368408203,0,0.0083766402676701546,-3.5488114356994629,2.0231778621673584,1.0199850797653198,1.0877025127410889,1.1759319305419922,-5.6543002128601074,0,0,0,0
56,105,484320,10.548320770263672,0.11516395211219788,7.3523898124694824,98.555809020996094,108.77545928955078,1.1425918340682983,37.367034912109375,31.061006546020508,0,0.011488613672554493,-3.3729462623596191,2.0819234848022461,1.0199850797653198,1.0877025127410889,1.1759319305419922,-5.6543002128601074,0,0,0,0
56,120,484680,14.061004638671875,0.15548220276832581,7.4644536972045898,97.893852233886719,108.62923431396484,0,43.692485809326172,28.305767059326172,0,0.0037214187905192375,-3.2741727828979492,2.1149177551269531,1.0199850797653198,1.0877025127410889,1.1759319305419922,-5.6543002128601074,0,0,0,0
56,135,485040,16.986333847045898,0.38206386566162109,8.0214996337890625,97.225082397460938,108.24382019042969,0,50.306179046630859,25.834386825561523,0,0.00057103001745417714,-3.2394461631774902,2.108466625213623,1.0199850797653198,1.0877025127410889,1.1759319305419922,-5.6543002128601074,0,0,0,0
56,150,485400,19.418926239013672,0.1090022549033165,7.0329113006591797,96.501785278320312,107.38594818115234,0,56.27618408203125,23.842605590820312,0,0.0018468016060069203,-3.1076455116271973,2.0569353103637695,1.0199850797653198,1.0877025127410889,1.1759319305419922,-5.6543002128601074,0,0,0,0
56,165,485760,20.573053359985352,0.0029473628383129835,6.7871074676513672,95.739051818847656,106.2646484375,0,60.856216430664062,22.592929840087891,0,0.00087206793250516057,-2.9043006896972656,1.9774317741394043,1.0199850797653198,1.0877025127410889,1.1759319305419922,-5.6543002128601074,0,0,0,0
56,180,486120,20.544395446777344,7.8326087304958492E-07,6.786658763885498,94.906158447265625,104.91367340087891,0,64.752754211425781,21.794744491577148,0,0.00015300516679417342,-2.6771073341369629,1.8886040449142456,1.0199850797653198,1.0877025127410889,1.1759319305419922,-5.6543002128601074,0,0,0,0
56,195,486480,22.170129776000977,0,6.7215490341186523,93.744964599609375,103.34203338623047,0,68.702102661132812,21.07673454284668,0,0.00016252059140242636,-0.53749394416809082,1.8091005086898804,1.0199850797653198,1.0877025127410889,1.1759319305419922,-5.6543002128601074,1,0,0,0
56,210,486840,16.638227462768555,1.5281901141861454E-05,6.5895390510559082,92.648338317871094,101.34459686279297,0,71.264236450195312,21.041923522949219,0,0.0010065542301163077,-2.3419616222381592,1.7575691938400269,1.0199850797653198,1.0877025127410889,1.1759319305419922,-5.6543002128601074,0,0,0,0
56,225,487200,13.135585784912109,7.2442526288796216E-05,6.5799760818481445,91.815498352050781,99.799400329589844,0,77.81512451171875,19.27223014831543,0,0.00061067595379427075,-2.3102178573608398,1.7483431100845337,1.0199850797653198,1.0877025127410889,1.1759319305419922,-5.6543002128601074,0,0,0,0
56,240,487560,9.0529689788818359,9.5111565315164626E-05,6.6206192970275879,91.174240112304688,98.24267578125,0,83.673568725585938,17.62718391418457,0,0.00017536839004606009,-2.2428352832794189,1.7533468008041382,1.0199850797653198,1.0877025127410889,1.1759319305419922,-5.6543002128601074,0,0,0,0
56,255,487920,4.820037841796875,0.00013382155157160014,6.6880502700805664,90.742599487304688,96.720352172851562,0,87.468086242675781,16.125482559204102,0,0.00150243507232517,-2.1272521018981934,1.7619298696517944,1.0199850797653198,1.0877025127410889,1.1759319305419922,-5.6543002128601074,0,0,0,0
56,270,488280,0.033997472375631332,0.00059815286658704281,6.7910575866699219,90.728477478027344,95.196830749511719,0.00069730693940073252,88.567970275878906,14.753537178039551,0,0.004570947028696537,-1.9929788112640381,1.7719007730484009,1.0199850797653198,1.0877025127410889,1.1759319305419922,-5.6543002128601074,0,0,0,0
56,285,488640,-3.8268036842346191,0.0048363236710429192,6.965184211730957,91.021522521972656,93.8076171875,4.9701333045959473,87.838943481445312,14.227481842041016,0,0.0040116864256560802,-1.8695261478424072,1.7810683250427246,1.0199850797653198,1.0877025127410889,1.1759319305419922,-5.6543002128601074,0,0,0,0
56,300,489000,-6.9104504585266113,0.017651250585913658,7.159843921661377,91.222320556640625,92.5823974609375,14.826859474182129,82.181175231933594,18.437324523925781,0,0.0025430666282773018,-1.7864046096801758,1.787240743637085,1.0199850797653198,1.0877025127410889,1.1759319305419922,-5.6543002128601074,0,0,0,0
56,315,489360,-9.3089075088500977,0.20082181692123413,7.661372184753418,90.90936279296875,90.966773986816406,28.17750358581543,73.120613098144531,25.493047714233398,0,0.0091858543455600739,-1.8005740642547607,1.7882862091064453,1.0199850797653198,1.0877025127410889,1.1759319305419922,-5.6543002128601074,0,0,0,0
56,330,489720,-11.310788154602051,0.24428088963031769,7.906857967376709,90.281524658203125,88.825447082519531,45.162258148193359,64.453880310058594,31.533363342285156,0,0.016517646610736847,-2.2168502807617188,1.7841559648513794,1.0199850797653198,1.0877025127410889,1.1759319305419922,-5.6543002128601074,0,0,0,0
56,345,490080,-12.688092231750488,0.11167101562023163,7.7964468002319336,89.70538330078125,86.771095275878906,71.393821716308594,56.806442260742188,36.043342590332031,0,0.012461787089705467,-2.9197421073913574,1.7771817445755005,1.0199850797653198,1.0877025127410889,1.1759319305419922,-5.6543002128601074,0,0,0,0
56,360,490440,-8.9482717514038086,0.081815510988235474,7.7127852439880371,89.072799682617188,84.901473999023438,96.114059448242188,50.066753387451172,39.274017333984375,0,0.0089109018445014954,0.48935627937316895,1.3940426111221313,0.95501303672790527,0.88734191656112671,1.2210171222686768,-3.9051227569580078,0,0,0,0
56,365,490560,-8.2541875839233398,0.08436882495880127,7.7077932357788086,88.875373840332031,84.28558349609375,103.03933715820312,48.015022277832031,40.096736907958984,0,0.0091863945126533508,1.1424834728240967,1.3503910303115845,0.94298118352890015,0.85023808479309082,1.2293661832809448,-3.5812010765075684,0,0,0,0
57,15,490920,-8.0710954666137695,0.25400221347808838,7.7443294525146484,88.270538330078125,82.490180969238281,131.39889526367188,42.321208953857422,41.910163879394531,0,0.019681673496961594,-0.20821738243103027,1.4790737628936768,0.95961403846740723,0.90153038501739502,1.2178243398666382,-4.0289907455444336,0,0,0,0
57,30,491280,-5.2151126861572266,0.17994165420532227,7.6203680038452148,88.554389953613281,81.062156677246094,152.24984741210938,37.943161010742188,42.294052124023438,0,0.014464517123997211,0.86259394884109497,1.3980400562286377,0.94298118352890015,0.85023808479309082,1.2293661832809448,-3.5812010765075684,0,0,0,0
57,45,491640,-2.6022377014160156,0.30715847015380859,7.902435302734375,89.841728210449219,80.386146545410156,164.97386169433594,35.571327209472656,40.735275268554688,0,0.0067072273232042789,0.68992030620574951,1.3675417900085449,0.94298118352890015,0.85023808479309082,1.2293661832809448,-3.5812010765075684,0,0,0,0
57,60,492000,0.57468259334564209,0.063287854194641113,8.6737899780273438,96.092117309570312,86.697090148925781,144.23966979980469,35.012302398681641,37.623950958251953,0,0.011622890830039978,0.42244547605514526,1.3202997446060181,0.94298118352890015,0.85023808479309082,1.2293661832809448,-3.5812010765075684,0,0,0,0
57,75,492360,4.3836569786071777,0.15513722598552704,9.5709257125854492,102.73802185058594,105.35232543945312,62.002250671386719,35.286231994628906,34.339508056640625,0,0.012481994926929474,0.11095583438873291,1.2652835845947266,0.94298118352890015,0.85023808479309082,1.2293661832809448,-3.5812010765075684,0,0,0,0
57,90,492720,9.5587606430053711,0.0063374857418239117,8.176548957824707,101.811279296875,110.91347503662109,1.2612845897674561,37.693264007568359,31.352691650390625,0,0.088637895882129669,-0.19376242160797119,1.2114632129669189,1.2444672584533691,0.85023808479309082,1.2293661832809448,-3.5812010765075684,0,0,0,1
57,105,493080,13.519130706787109,0.064096726477146149,8.1030435562133789,100.46649932861328,110.0108642578125,0,42.753974914550781,28.645084381103516,0,0.001593062886968255,-0.44092261791229248,1.1678091287612915,0.94298118352890015,0.85023808479309082,1.2293661832809448,-3.5812010765075684,0,0,0,0
57,120,493440,17.312784194946289,1.0947583177767228E-05,7.9363222122192383,99.045280456542969,108.59849548339844,0,48.540264129638672,26.188142776489258,0,0.0034653674811124802,-0.57973861694335938,1.1432911157608032,0.94298118352890015,0.85023808479309082,1.2293661832809448,-3.5812010765075684,0,0,0,0
57,135,493800,20.470272064208984,0.017908284440636635,7.8917927742004395,97.422401428222656,106.5987548828125,0,53.456073760986328,24.352882385253906,0,0.001394730294123292,-0.54663515090942383,1.1440147161483765,0.94298118352890015,0.85023808479309082,1.2293661832809448,-3.5812010765075684,0,0,0,0
57,150,494160,22.732038497924805,0,7.7130346298217773,95.899497985839844,104.37418365478516,0,56.120716094970703,23.669153213500977,0,0.00014394934987649322,-0.29826605319976807,1.1607617139816284,0.94298118352890015,0.85023808479309082,1.2293661832809448,-3.5812010765075684,0,0,0,0
57,165,494520,29.283496856689453,0,7.4265365600585938,94.285430908203125,102.00826263427734,0,56.663829803466797,24.121423721313477,0,0.0002895072684623301,5.0760726928710938,1.1865992546081543,0.94298118352890015,0.85023808479309082,1.2293661832809448,-3.5812010765075684,1,0,0,0
57,180,494880,24.193094253540039,0,7.0880451202392578,92.740837097167969,99.792633056640625,0,57.00726318359375,24.693353652954102,0,0.00057310651754960418,0.51305317878723145,1.2154669761657715,0.94298118352890015,0.85023808479309082,1.2293661832809448,-3.5812010765075684,0,0,0,0
57,195,495240,23.000644683837891,0.0033359054941684008,6.7448468208312988,91.147438049316406,97.728927612304688,0,58.438423156738281,24.775169372558594,0,0.00010751477384474128,0.89624261856079102,1.2413046360015869,0.94298118352890015,0.85023808479309082,1.2293661832809448,-3.5812010765075684,0,0,0,0
57,210,495600,20.505584716796875,2.3072771000443026E-06,6.4530658721923828,89.780998229980469,95.675140380859375,0,61.491050720214844,24.21417236328125,0,7.5434349128045142E-05,1.1446118354797363,1.2580516338348389,0.94298118352890015,0.85023808479309082,1.2293661832809448,-3.5812010765075684,0,0,0,0
57,225,495960,17.166717529296875,0.00053435243899002671,6.2025890350341797,88.617462158203125,93.701248168945312,0,67.356193542480469,22.603307723999023,0,0.00061896932311356068,1.2051331996917725,1.2591472864151001,0.94298118352890015,0.85023808479309082,1.2293661832809448,-3.5812010765075684,0,0,0,0
57,240,496320,13.208399772644043,1.8133025150746107E-05,5.9830236434936523,87.606742858886719,91.697708129882812,0,74.088432312011719,20.679416656494141,0,0.00062423653434962034,1.3390220403671265,1.2387948036193848,0.94298118352890015,0.85023808479309082,5.5,-3.5812010765075684,0,0,1,0
57,255,496680,9.1680965423583984,0.0067952321842312813,5.8507580757141113,86.704208374023438,89.647483825683594,0,79.811737060546875,18.915725708007812,0,0.0003521210455801338,1.5686855316162109,1.2038836479187012,0.94298118352890015,0.85023808479309082,1.2293661832809448,-3.5812010765075684,0,0,0,0
57,270,497040,4.3963351249694824,5.729646363761276E-05,5.7930736541748047,86.406196594238281,87.647117614746094,0,83.152442932128906,17.304008483886719,0,0.00056150724412873387,1.8354859352111816,1.1633272171020508,0.94298118352890015,0.85023808479309082,1.2293661832809448,-3.5812010765075684,0,0,0,0
57,285,497400,0.85554212331771851,0.019170466810464859,5.7687544822692871,86.099693298339844,85.715057373046875,2.3272350802017172E-07,84.035377502441406,15.832181930541992,0,0.0041844951920211315,2.0807859897613525,1.1260391473770142,0.94298118352890015,0.85023808479309082,1.2293661832809448,-3.5812010765075684,0,0,0,0
57,300,497760,-2.3301458358764648,9.0397414169274271E-05,5.7026543617248535,86.185768127441406,83.932655334472656,0.01216816995292902,83.774269104003906,14.777041435241699,0,0.005169362761080265,2.245948314666748,1.1009328365325928,0.94298118352890015,0.85023808479309082,1.2293661832809448,-3.5812010765075684,0,0,0,0
57,315,498120,-4.9351558685302734,0.059372026473283768,5.7107563018798828,86.346824645996094,82.31341552734375,1.4338715076446533,80.575286865234375,16.590065002441406,0,0.0030980892479419708,2.264962911605835,1.0993050336837769,0.94298118352890015,0.85023808479309082,1.2293661832809448,-3.5812010765075684,0,0,0,0
57,330,498480,-6.9024338722229004,0.0064061484299600124,5.7754964828491211,86.892066955566406,80.879280090332031,7.051154613494873,73.738380432128906,21.707363128662109,0,0.0064716963097453117,2.0400574207305908,1.1496138572692871,0.94298118352890015,0.85023808479309082,1.2293661832809448,-3.5812010765075684,0,0,0,0
57,345,498840,-8.0737876892089844,0.13908813893795013,5.8917102813720703,86.826622009277344,79.3486328125,15.057486534118652,65.654136657714844,27.552261352539062,0,0.014947223477065563,1.6602990627288818,1.2345614433288574,0.94298118352890015,0.85023808479309082,1.2293661832809448,-3.5812010765075684,0,0,0,0
57,360,499200,-9.0781593322753906,0.045729223638772964,5.9778242111206055,86.35748291015625,77.700950622558594,40.63092041015625,57.904155731201172,32.530044555664062,0,0.0056801498867571354,-0.10816454887390137,1.3948602676391602,0.8140074610710144,0.98367136716842651,1.2077895402908325,-2.6023128032684326,0,1,0,0
57,365,499320,-8.1156902313232422,0.20115646719932556,5.993889331817627,86.207901000976562,77.1593017578125,46.080802917480469,55.526702880859375,33.894237518310547,0,0.0036469192709773779,1.3307673931121826,1.4425094127655029,0.79012346267700195,1.0083812475204468,1.2037938833236694,-2.4210371971130371,0,0,0,0
58,15,499680,-7.0556354522705078,0.085600562393665314,6.0114798545837402,86.009765625,75.576393127441406,70.74249267578125,49.172721862792969,36.967559814453125,0,0.0039963489398360252,1.1489856243133545,1.4861195087432861,0.82314074039459229,0.97422230243682861,1.2093174457550049,-2.6716327667236328,0,0,0,0
58,30,500040,-5.0230522155761719,0.10110453516244888,6.0477762222290039,86.606620788574219,74.369476318359375,99.245887756347656,44.361789703369141,38.260711669921875,0,0.0080461194738745689,1.1868419647216797,1.5042812824249268,0.79012346267700195,1.0083812475204468,1.2037938833236694,-2.4210371971130371,0,0,0,0
58,45,500400,-2.3261182308197021,0.10717568546533585,6.3196206092834473,88.400161743164062,73.917434692382812,117.74795532226562,41.814743041992188,37.257793426513672,0,0.0066823465749621391,1.1098849773406982,1.4551560878753662,0.79012346267700195,1.0083812475204468,1.2037938833236694,-2.4210371971130371,0,0,0,0
58,60,500760,1.0893688201904297,0.16017249226570129,7.8900084495544434,94.016036987304688,80.378608703613281,98.251434326171875,41.331123352050781,34.422695159912109,0,0.0015824445290490985,0.99067717790603638,1.3790602684020996,0.79012346267700195,1.0083812475204468,1.2037938833236694,-2.4210371971130371,0,0,0,0
58,75,501120,5.0392861366271973,0.025821436196565628,8.677708625793457,97.596763610839844,95.108650207519531,31.97125244140625,41.79962158203125,31.426675796508789,0,0.0027009979821741581,0.85185301303863525,1.2904423475265503,0.79012346267700195,1.0083812475204468,1.2037938833236694,-2.4210371971130371,0,0,0,0
58,90,501480,10.261795043945312,0.0055911685340106487,7.9427952766418457,96.6768798828125,96.066879272460938,0.1285732239484787,44.850105285644531,28.699230194091797,0,0.0037311166524887085,0.71604663133621216,1.2037508487701416,0.79012346267700195,1.0083812475204468,1.2037938833236694,-2.4210371971130371,0,0,0,0
58,105,501840,14.392191886901855,3.9982249290915206E-05,7.8492350578308105,95.849685668945312,94.915809631347656,0,50.333442687988281,26.223140716552734,0,0.00095638906350359321,0.60589265823364258,1.1334344148635864,0.79012346267700195,1.0083812475204468,1.2037938833236694,-2.4210371971130371,0,0,0,0
58,120,502200,18.107259750366211,1.8081651433021761E-05,7.7292971611022949,94.647285461425781,93.366233825683594,0,56.402885437011719,24.007314682006836,0,0.00013212813064455986,0.54402530193328857,1.0939416885375977,0.79012346267700195,1.0083812475204468,1.2037938833236694,-2.4210371971130371,0,0,0,0
58,135,502560,21.416950225830078,0.029667874798178673,7.5416598320007324,93.218391418457031,91.570953369140625,0,60.885944366455078,22.670888900756836,0,0.00053819071035832167,0.54376959800720215,1.0933027267456055,0.79012346267700195,1.0083812475204468,1.2037938833236694,-2.4210371971130371,0,0,0,0
58,150,502920,23.574216842651367,0,7.118079662322998,91.633186340332031,89.756294250488281,0,62.755111694335938,22.659656524658203,0,0.00017385539831593633,0.57500725984573364,1.1107243299484253,0.79012346267700195,1.0083812475204468,1.2037938833236694,-2.4210371971130371,0,0,0,0
58,165,503280,24.578353881835938,0,6.6729283332824707,90.00274658203125,88.030906677246094,0,63.578952789306641,23.244989395141602,0,1.3725643839279655E-05,0.62320137023925781,1.1376028060913086,0.79012346267700195,1.0083812475204468,1.2037938833236694,-2.4210371971130371,0,0,0,0
58,180,503640,24.370109558105469,0,6.1947803497314453,88.390274047851562,86.332832336425781,0,64.288108825683594,23.928380966186523,0,1.6423618944827467E-05,0.67704766988754272,1.1676337718963623,0.79012346267700195,1.0083812475204468,1.2037938833236694,-2.4210371971130371,0,0,0,0
58,195,504000,28.23884391784668,0,5.6420750617980957,86.758003234863281,84.504570007324219,0,63.467254638671875,25.360528945922852,0,2.2777549020247534E-05,6.6090788841247559,1.1945122480392456,0.79012346267700195,1.0083812475204468,1.2037938833236694,-2.4210371971130371,1,0,0,0
58,210,504360,20.199670791625977,3.3325948606943712E-05,5.2173609733581543,85.610038757324219,82.822616577148438,0,66.141624450683594,25.061775207519531,0,1.6273284927592613E-05,0.75647944211959839,1.211933970451355,0.79012346267700195,1.0083812475204468,1.2037938833236694,-2.4210371971130371,0,0,0,0
58,225,504720,16.752605438232422,3.5340020986041054E-05,4.8918399810791016,84.564483642578125,81.1541748046875,0,72.305839538574219,23.383556365966797,0,3.6920466754963854E-06,0.77692735195159912,1.2138148546218872,0.79012346267700195,1.0083812475204468,1.2037938833236694,-2.4210371971130371,0,0,0,0
58,240,505080,12.890263557434082,3.1869309168541804E-05,4.6241998672485352,83.645736694335938,79.491584777832031,0,79.266853332519531,21.394258499145508,0,7.6974130934104323E-05,0.92009854316711426,1.1999378204345703,0.79012346267700195,1.0083812475204468,1.2037938833236694,-2.4210371971130371,0,0,0,0
58,255,505440,8.8324670791625977,5.4192460083868355E-06,4.4110965728759766,83.022621154785156,77.70654296875,0,85.120857238769531,19.569690704345703,0,0.045987758785486221,1.1656842231750488,1.1761339902877808,1.0490225553512573,1.0083812475204468,1.2037938833236694,-2.4210371971130371,0,0,0,1
58,270,505800,4.2368788719177246,0.041522376239299774,4.3619117736816406,82.631187438964844,75.993476867675781,0,88.492904663085938,17.903572082519531,0,0.00021330226445570588,1.450981616973877,1.1484808921813965,0.79012346267700195,1.0083812475204468,1.2037938833236694,-2.4210371971130371,0,0,0,0
58,285,506160,0.61528491973876953,8.9024986664298922E-05,4.2001857757568359,82.431159973144531,74.448699951171875,0.00010119539365405217,89.325851440429688,16.380983352661133,0,0.00013334884715732187,1.7132879495620728,1.1230562925338745,0.79012346267700195,1.0083812475204468,1.2037938833236694,-2.4210371971130371,0,0,0,0
58,300,506520,-2.5572512149810791,0.00016273395158350468,4.1669764518737793,82.645904541015625,73.091148376464844,0.008138120174407959,88.95526123046875,15.377944946289062,0,0.0015191282145678997,1.8899006843566895,1.1059378385543823,0.79012346267700195,1.0083812475204468,1.2037938833236694,-2.4210371971130371,0,0,0,0
58,315,506880,-5.2121782302856445,0.001335844281129539,4.1891002655029297,83.082763671875,71.860931396484375,2.5878419876098633,85.219741821289062,17.65367317199707,0,0.0028076672460883856,1.9198260307312012,1.1074001789093018,0.79012346267700195,1.0083812475204468,1.2037938833236694,-2.4210371971130371,0,0,0,0
58,330,507240,-7.0987663269042969,0.020085753872990608,4.2681617736816406,83.582443237304688,70.753623962402344,8.2906208038330078,77.687568664550781,23.342260360717773,0,0.0018004699377343059,1.8017992973327637,1.1745443344116211,0.79012346267700195,1.0083812475204468,1.2037938833236694,-2.4210371971130371,0,0,0,0
58,345,507600,-8.1299266815185547,0.027561994269490242,4.4377865791320801,83.627021789550781,69.540199279785156,15.159951210021973,69.077903747558594,29.548019409179688,0,0.001823246362619102,1.6025083065032959,1.2879189252853394,0.79012346267700195,1.0083812475204468,1.2037938833236694,-2.4210371971130371,0,0,0,0
58,360,507960,-8.2183094024658203,0.043146636337041855,4.5556201934814453,83.31207275390625,68.20001220703125,32.836643218994141,61.070911407470703,34.611846923828125,0,0.011532386764883995,1.3952796459197998,1.3294146060943604,0.86599379777908325,1.0767499208450317,1.2663520574569702,-4.8317947387695312,0,0,0,0
58,365,508080,-8.1196699142456055,0.051214821636676788,4.5865845680236816,83.212890625,67.768409729003906,41.824203491210938,58.612262725830078,35.985321044921875,0,0.014482060447335243,1.2191311120986938,1.3211163282394409,0.88004386425018311,1.0894107818603516,1.2779369354248047,-5.2782316207885742,0,0,0,0
59,15,508440,-7.0972647666931152,0.079952985048294067,4.5879387855529785,83.1220703125,66.449249267578125,67.254959106445312,51.943393707275391,39.174060821533203,0,0.0097578698769211769,0.94881165027618408,1.3713244199752808,0.86062103509902954,1.0719083547592163,1.2619220018386841,-4.6610774993896484,0,0,0,0
59,30,508800,-5.0087418556213379,0.13991452753543854,4.5873928070068359,83.883674621582031,65.493522644042969,91.6373291015625,46.855037689208984,40.551807403564453,0,0.0051056859083473682,0.82169163227081299,1.3297253847122192,0.88004386425018311,1.0894107818603516,1.2779369354248047,-5.2782316207885742,0,0,0,0
59,45,509160,-2.2519032955169678,0.29592412710189819,5.0850992202758789,86.018356323242188,65.380699157714844,105.74912261962891,44.203514099121094,39.470432281494141,0,0.011252459138631821,0.69444966316223145,1.309229850769043,0.88004386425018311,1.0894107818603516,1.2779369354248047,-5.2782316207885742,0,0,0,0
59,60,509520,1.1348187923431396,0.1636611670255661,6.4261159896850586,91.944664001464844,72.828575134277344,84.61761474609375,43.720367431640625,36.457500457763672,0,0.012114786542952061,0.49734938144683838,1.2774820327758789,0.88004386425018311,1.0894107818603516,1.2779369354248047,-5.2782316207885742,0,0,0,0
59,75,509880,5.1119084358215332,0.025571189820766449,7.1362462043762207,94.903717041015625,89.810562133789062,23.444576263427734,44.2357177734375,33.280677795410156,0,0.0039941724389791489,0.26781487464904785,1.2405099868774414,0.88004386425018311,1.0894107818603516,1.2779369354248047,-5.2782316207885742,0,0,0,0
59,90,510240,10.129761695861816,0.0064095724374055862,6.7498655319213867,93.982437133789062,90.681228637695312,0.11809089034795761,47.425079345703125,30.3929443359375,0,0.0017309100367128849,0.043270230293273926,1.2043414115905762,0.88004386425018311,1.0894107818603516,1.2779369354248047,-5.2782316207885742,0,0,0,0
59,105,510600,14.106534004211426,5.4057032684795558E-05,6.7204298973083496,93.430511474609375,89.521026611328125,0,53.032581329345703,27.768381118774414,0,0.0042718001641333103,-0.13886034488677979,1.1750048398971558,0.88004386425018311,1.0894107818603516,1.2779369354248047,-5.2782316207885742,0,0,0,0
59,120,510960,17.866727828979492,1.3306340406415984E-05,6.6134171485900879,92.52349853515625,87.938987731933594,0,59.254207611083984,25.412212371826172,0,0.0015060453442856669,-0.24115288257598877,1.1585280895233154,0.88004386425018311,1.0894107818603516,1.2779369354248047,-5.2782316207885742,0,0,0,0
59,135,511320,20.859451293945312,1.8452655012879404E-06,6.3795638084411621,91.351470947265625,86.07220458984375,0,64.167793273925781,23.846965789794922,0,0.00019631962641142309,-0.20484519004821777,1.1577334403991699,0.88004386425018311,1.0894107818603516,1.2779369354248047,-5.2782316207885742,0,0,0,0
59,150,511680,23.101490020751953,0,6.0293631553649902,89.960739135742188,84.226325988769531,0,66.354789733886719,23.674646377563477,0,0.00037789123598486185,0.041245102882385254,1.1622064113616943,0.88004386425018311,1.0894107818603516,1.2779369354248047,-5.2782316207885742,0,0,0,0
59,165,512040,24.366054534912109,0,5.567835807800293,88.535545349121094,82.456367492675781,0,67.208541870117188,24.243270874023438,0,0.0004313531972002238,0.42091894149780273,1.1691075563430786,0.88004386425018311,1.0894107818603516,1.2779369354248047,-5.2782316207885742,0,0,0,0
59,180,512400,24.331674575805664,0,5.0999984741210938,87.104667663574219,80.831855773925781,0,67.868011474609375,24.945285797119141,0,5.0238235417054966E-05,0.84512066841125488,1.1768180131912231,0.88004386425018311,1.0894107818603516,1.2779369354248047,-5.2782316207885742,0,0,0,0
59,195,512760,23.07878303527832,0,4.6470212936401367,85.615966796875,79.203140258789062,0,68.868133544921875,25.458526611328125,0,4.8015896027209237E-05,1.2247945070266724,1.1837191581726074,0.88004386425018311,1.0894107818603516,1.2779369354248047,-5.2782316207885742,0,0,0,0
59,210,513120,21.563711166381836,6.338132152450271E-06,4.1492652893066406,84.210136413574219,77.541824340820312,0,69.601104736328125,26.040430068969727,0,0.00018220781930722296,3.0235953330993652,1.1881922483444214,0.88004386425018311,1.0894107818603516,1.2779369354248047,-5.2782316207885742,1,0,0,0
59,225,513480,16.904848098754883,3.5954984923591837E-05,3.776263952255249,83.024955749511719,76.068336486816406,0,75.467323303222656,24.405496597290039,0,0.00011053083289880306,1.5353353023529053,1.1899194717407227,0.88004386425018311,1.0894107818603516,1.2779369354248047,-5.2782316207885742,0,0,0,0
59,240,513840,13.138981819152832,0.026301037520170212,3.5271070003509521,81.926094055175781,74.6083984375,0,82.450736999511719,22.335477828979492,0,3.4929544199258089E-05,1.7121288776397705,1.1986024379730225,0.88004386425018311,1.0894107818603516,1.2779369354248047,-5.2782316207885742,0,0,0,0
59,255,514200,9.2050819396972656,8.3372733570286073E-06,3.2099411487579346,81.0528564453125,73.159187316894531,0,88.348617553710938,20.432550430297852,0,0.00014278560411185026,2.0153882503509521,1.2134966850280762,0.88004386425018311,1.0894107818603516,1.2779369354248047,-5.2782316207885742,0,0,0,0
59,270,514560,4.584902286529541,8.5857582234893925E-06,3.0447940826416016,80.55780029296875,71.736747741699219,0,91.842079162597656,18.694189071655273,0,0.0016236435621976852,2.367685079574585,1.2307993173599243,0.88004386425018311,1.0894107818603516,1.2779369354248047,-5.2782316207885742,0,0,0,0
59,285,514920,1.0545845031738281,6.1521692259702832E-05,2.95491623878479,80.472366333007812,70.385528564453125,4.348346556071192E-05,92.798370361328125,17.105255126953125,0,0.0017669993685558438,2.691591739654541,1.2467076778411865,0.88004386425018311,1.0894107818603516,1.2779369354248047,-5.2782316207885742,0,0,0,0
59,300,515280,-2.0112791061401367,0.00014301684859674424,2.9201529026031494,80.799667358398438,69.176643371582031,0.0022801740560680628,92.627754211425781,15.868555068969727,0,0.0010400525061413646,2.9096803665161133,1.2574188709259033,0.88004386425018311,1.0894107818603516,1.2779369354248047,-5.2782316207885742,0,0,0,0
59,315,515640,-4.5544085502624512,0.0013588175643235445,2.9302177429199219,81.504730224609375,68.05035400390625,2.3861150741577148,89.657585144042969,17.367099761962891,0,0.0033736431505531073,2.9311809539794922,1.2607419490814209,0.88004386425018311,1.0894107818603516,1.2779369354248047,-5.2782316207885742,0,0,0,0
59,330,516000,-6.5391488075256348,0.0076726838015019894,2.986483097076416,82.205238342285156,67.056472778320312,8.831974983215332,82.664505004882812,22.569919586181641,0,0.0097692571580410004,2.5881459712982178,1.272838830947876,0.88004386425018311,1.0894107818603516,1.2779369354248047,-5.2782316207885742,0,0,0,0
59,345,516360,-7.8214688301086426,0.025258731096982956,3.089902400970459,82.524711608886719,66.051956176757812,19.950620651245117,73.888954162597656,28.998605728149414,0,0.008107396773993969,2.0089235305786133,1.2932647466659546,0.88004386425018311,1.0894107818603516,1.2779369354248047,-5.2782316207885742,0,0,0,0
59,360,516720,-8.5283403396606445,0.047455571591854095,3.2086760997772217,82.25970458984375,64.845344543457031,36.898231506347656,65.335891723632812,34.632785797119141,0,0.0056185740977525711,0.93920540809631348,1.2411984205245972,0.92122280597686768,1.0050280094146729,1.2089120149612427,-8.2744846343994141,0,0,0,0
59,365,516840,-8.2403297424316406,0.20254255831241608,3.2344667911529541,82.160140991210938,64.457221984863281,43.915435791015625,62.683486938476562,36.200664520263672,0,0.0085144340991973877,0.85865557193756104,1.2331677675247192,0.9288485050201416,0.98940157890319824,1.1961296796798706,-8.8293466567993164,0,0,0,0
60,15,517200,-6.8037095069885254,0.058885414153337479,3.2568249702453613,82.120285034179688,63.329139709472656,63.041893005371094,55.557292938232422,39.819770812988281,0,0.01797591894865036,0.86855864524841309,1.2633165121078491,0.91830670833587646,1.0110036134719849,1.2138000726699829,-8.0623054504394531,0,0,0,0
60,30,517560,-4.4893875122070312,0.076477259397506714,3.3056104183197021,82.900367736816406,62.557113647460938,85.250312805175781,50.449508666992188,41.164630889892578,0,0.01856195367872715,0.82197833061218262,1.2411915063858032,0.9288485050201416,0.98940157890319824,1.1961296796798706,-8.8293466567993164,0,0,0,0
60,45,517920,-1.7134870290756226,0.08125101774930954,3.5641083717346191,85.650886535644531,63.125988006591797,95.104888916015625,48.095314025878906,39.757946014404297,0,0.0068177822977304459,0.61350321769714355,1.2239985466003418,0.9288485050201416,0.98940157890319824,1.1961296796798706,-8.8293466567993164,0,0,0,0
60,60,518280,1.7109307050704956,0.23088441789150238,6.1017746925354004,92.820816040039062,72.896560668945312,62.966659545898438,47.790115356445312,36.570987701416016,0,0.10703681409358978,0.2905711829662323,1.1973663568496704,1.3153458833694458,0.98940157890319824,1.1961296796798706,-8.8293466567993164,0,0,0,1
60,75,518640,5.6382174491882324,0.014538710005581379,5.9042744636535645,92.483642578125,88.718681335449219,9.9915599822998047,48.512138366699219,33.396915435791016,0,0.012558767572045326,-0.08550146222114563,1.1663515567779541,0.9288485050201416,0.98940157890319824,1.1961296796798706,-8.8293466567993164,0,0,0,0
60,90,519000,10.319299697875977,0.0030834651552140713,5.7618389129638672,91.846382141113281,88.591026306152344,0,51.979938507080078,30.505344390869141,0,0.0050780000165104866,-0.45339870452880859,1.1360111236572266,0.9288485050201416,0.98940157890319824,1.1961296796798706,-8.8293466567993164,0,0,0,0
60,105,519360,14.020401000976562,7.9506411566399038E-05,5.7774763107299805,91.415496826171875,87.200668334960938,0,57.607540130615234,27.875890731811523,0,0.00095489464001730084,-0.75180411338806152,1.1114016771316528,0.9288485050201416,0.98940157890319824,1.1961296796798706,-8.8293466567993164,0,0,0,0
60,120,519720,17.556924819946289,0.079791098833084106,5.8960018157958984,90.4776611328125,85.479766845703125,0,63.828109741210938,25.515096664428711,0,0.0023126131854951382,-0.91940176486968994,1.0975798368453979,0.9288485050201416,0.98940157890319824,1.1961296796798706,-8.8293466567993164,0,0,0,0
60,135,520080,20.547702789306641,1.3558639693656005E-05,5.3975396156311035,89.372062683105469,83.510353088378906,0,68.779670715332031,23.943340301513672,0,0.0014318965841084719,-0.89317381381988525,1.1013237237930298,0.9288485050201416,0.98940157890319824,1.1961296796798706,-8.8293466567993164,0,0,0,0
60,150,520440,22.616449356079102,0,5.0366873741149902,88.053596496582031,81.631515502929688,0,71.119316101074219,23.754667282104492,0,0.00015924751642160118,-0.66604030132293701,1.1284245252609253,0.9288485050201416,0.98940157890319824,1.1961296796798706,-8.8293466567993164,0,0,0,0
60,165,520800,23.590282440185547,0,4.6208944320678711,86.601890563964844,79.883766174316406,0,72.09002685546875,24.337518692016602,0,0.00020129090989939868,-0.3156135082244873,1.1702362298965454,0.9288485050201416,0.98940157890319824,1.1961296796798706,-8.8293466567993164,0,0,0,0
60,180,521160,23.282211303710938,0.026102429255843163,4.2381258010864258,85.156692504882812,78.170013427734375,0,72.833786010742188,25.067031860351562,0,0.00049286737339571118,0.075911045074462891,1.2169516086578369,0.9288485050201416,0.98940157890319824,1.1961296796798706,-8.8293466567993164,0,0,0,0
60,195,521520,21.81010627746582,1.2798745956388302E-05,3.7237324714660645,83.780754089355469,76.544677734375,0,74.265045166015625,25.448131561279297,0,0.00010188038868363947,0.4263378381729126,1.2587631940841675,0.9288485050201416,0.98940157890319824,1.1961296796798706,-8.8293466567993164,0,0,0,0
60,210,521880,19.157436370849609,1.7488488083472475E-05,3.3356997966766357,84.053009033203125,75.394119262695312,0,77.902458190917969,24.769340515136719,0,1.8783546693157405E-05,0.65347135066986084,1.285863995552063,0.9288485050201416,0.98940157890319824,1.1961296796798706,-8.8293466567993164,0,0,0,0
60,225,522240,15.583610534667969,6.3029042394191492E-06,3.0047569274902344,82.855171203613281,73.98126220703125,0,84.278694152832031,22.960817337036133,0,0.00021209055557847023,0.69790613651275635,1.289574146270752,0.9288485050201416,0.98940157890319824,1.1961296796798706,-8.8293466567993164,0,0,0,0
60,240,522600,11.422618865966797,0.024635028094053268,2.7938778400421143,81.870735168457031,72.544517517089844,0,90.880264282226562,21.007038116455078,0,0.00079874566290527582,0.71295166015625,1.275704026222229,0.9288485050201416,0.98940157890319824,1.1961296796798706,-8.8293466567993164,0,0,0,0
60,255,522960,7.0785093307495117,7.010575063759461E-05,2.5610847473144531,81.175521850585938,71.163055419921875,0,96.0694580078125,19.221563339233398,0,0.00070042588049545884,0.73875969648361206,1.2519122362136841,0.9288485050201416,0.98940157890319824,1.1961296796798706,-8.8293466567993164,0,0,0,0
60,270,523320,2.1427075862884521,8.7445696408394724E-05,2.4465875625610352,80.895256042480469,69.838951110839844,1.4958880001358921E-06,98.355461120605469,17.590597152709961,0,0.00031851526000536978,0.76874089241027832,1.2242732048034668,0.9288485050201416,0.98940157890319824,1.1961296796798706,-8.8293466567993164,0,0,0,0
60,285,523680,-1.6238868236541748,0.00060808443231508136,2.3874380588531494,81.113166809082031,68.613906860351562,0.028817076236009598,98.566116333007812,16.148426055908203,0,0.0032315563876181841,0.7963060736656189,1.1988614797592163,0.9288485050201416,0.98940157890319824,1.1961296796798706,-8.8293466567993164,0,0,0,0
60,300,524040,-4.7065911293029785,0.063827283680438995,2.3505856990814209,81.419593811035156,67.553512573242188,1.1653776168823242,96.081443786621094,17.168010711669922,0,0.006712060421705246,0.81486588716506958,1.1817516088485718,0.9288485050201416,0.98940157890319824,1.1961296796798706,-8.8293466567993164,0,0,0,0
60,315,524400,-7.0815496444702148,0.0058566750958561897,2.438021183013916,82.179244995117188,66.659111022949219,5.5316481590270996,88.359344482421875,23.093988418579102,0,0.0045371931046247482,0.81959515810012817,1.1788100004196167,0.9288485050201416,0.98940157890319824,1.1961296796798706,-8.8293466567993164,0,0,0,0
60,330,524760,-8.4866876602172852,0.01814759336411953,2.6893997192382812,82.22100830078125,65.685417175292969,14.050567626953125,78.559150695800781,30.457925796508789,0,0.0044301999732851982,0.82742148637771606,1.1897015571594238,0.9288485050201416,0.98940157890319824,1.1961296796798706,-8.8293466567993164,0,0,0,0
60,345,525120,-9.0019340515136719,0.030456915497779846,2.785341739654541,81.81005859375,64.550422668457031,27.346216201782227,69.331878662109375,36.614521026611328,0,0.014793368987739086,0.8406364917755127,1.2080918550491333,0.9288485050201416,0.98940157890319824,1.1961296796798706,-8.8293466567993164,0,0,0,0
60,360,525480,-10.546391487121582,0.093842722475528717,2.8182177543640137,81.386466979980469,63.520206451416016,38.708030700683594,61.123073577880859,41.263866424560547,0,0.019831646233797073,-0.854988694190979,0.94575464725494385,0.95872277021408081,1.1145539283752441,1.0887802839279175,-5.597935676574707,0,0,0,0
60,365,525600,-10.505228042602539,0.058356430381536484,2.82958984375,81.249252319335938,63.179435729980469,43.006950378417969,58.602741241455078,42.505275726318359,0,0.124681256711483,-1.1227347850799561,0.89003652334213257,1.3120357990264893,1.1377302408218384,1.0689007043838501,-4.9995265007019043,0,0,0,1
61,15,525960,-8.6846122741699219,0.058166902512311935,2.9235706329345703,80.893341064453125,62.175724029541016,60.982757568359375,51.736927032470703,45.334678649902344,0,0.0097248824313282967,-0.61877012252807617,0.9611319899559021,0.95660722255706787,1.1056911945343018,1.0963821411132812,-5.8267679214477539,0,0,0,0
61,30,526320,-7.0234866142272949,0.046817395836114883,2.9189324378967285,80.851455688476562,61.204475402832031,73.5684814453125,45.762046813964844,47.068183898925781,0,0.019989943131804466,-1.0642274618148804,0.88661986589431763,0.96425503492355347,1.1377302408218384,1.0689007043838501,-4.9995265007019043,0,0,0,0
61,45,526680,-4.4196667671203613,0.045074008405208588,2.901008129119873,81.889083862304688,60.704616546630859,84.462203979492188,41.517772674560547,46.983901977539062,0,0.024856599047780037,-1.26605224609375,0.90498334169387817,0.96425503492355347,1.1377302408218384,1.0689007043838501,-4.9995265007019043,0,0,0,0
61,60,527040,-1.3297678232192993,0.054598450660705566,3.1565263271331787,85.089561462402344,61.536972045898438,86.435905456542969,39.777793884277344,44.517173767089844,0,0.010499021038413048,-1.5786828994750977,0.93342888355255127,0.96425503492355347,1.1377302408218384,1.0689007043838501,-4.9995265007019043,0,0,0,0
61,75,527400,2.482874870300293,0.023421548306941986,5.1149415969848633,91.787628173828125,73.753433227539062,49.919803619384766,39.693588256835938,40.804100036621094,0,0.0054762251675128937,-1.9427589178085327,0.96655523777008057,0.96425503492355347,1.1377302408218384,1.0689007043838501,-4.9995265007019043,0,0,0,0
61,90,527760,7.5718474388122559,0.0061152032576501369,5.2960405349731445,90.477798461914062,86.488876342773438,5.375758171081543,41.42608642578125,37.271896362304688,0,0.010280521586537361,-2.2989203929901123,0.99896138906478882,0.96425503492355347,1.1377302408218384,1.0689007043838501,-4.9995265007019043,0,0,0,0
61,105,528120,11.48287296295166,0.0003472210664767772,5.1605486869812012,90.176239013671875,86.266212463378906,0,46.285015106201172,34.023551940917969,0,0.0059124426916241646,-2.5878067016601562,1.0252465009689331,0.96425503492355347,1.1377302408218384,1.0689007043838501,-4.9995265007019043,0,0,0,0
61,120,528480,15.094715118408203,2.0981002307962626E-05,5.1372580528259277,89.64581298828125,84.604583740234375,0,52.456001281738281,31.096351623535156,0,0.0011618150165304542,-2.7500581741333008,1.0400092601776123,0.96425503492355347,1.1377302408218384,1.0689007043838501,-4.9995265007019043,0,0,0,0
61,135,528840,18.160987854003906,1.0860072507057339E-05,4.9810442924499512,88.818016052246094,82.651847839355469,0,58.403751373291016,28.573156356811523,0,0.0013087760889902711,-2.7159256935119629,1.038976788520813,0.96425503492355347,1.1377302408218384,1.0689007043838501,-4.9995265007019043,0,0,0,0
61,150,529200,20.548276901245117,2.6718898880062625E-06,4.7006268501281738,87.73321533203125,80.698951721191406,0,62.469223022460938,27.066560745239258,0,0.0014207466738298535,-2.4497652053833008,1.0257340669631958,0.96425503492355347,1.1377302408218384,1.0689007043838501,-4.9995265007019043,0,0,0,0
61,165,529560,21.839818954467773,0,4.3531327247619629,86.4600830078125,78.875518798828125,0,64.810516357421875,26.53099250793457,0,0.00027103800675831735,-2.0391266345977783,1.005302906036377,0.96425503492355347,1.1377302408218384,1.0689007043838501,-4.9995265007019043,0,0,0,0
61,180,529920,21.86475944519043,0,3.9588284492492676,85.08392333984375,77.11407470703125,0,66.501220703125,26.420845031738281,0,8.166706538759172E-05,-1.5803285837173462,0.9824756383895874,0.96425503492355347,1.1377302408218384,1.0689007043838501,-4.9995265007019043,0,0,0,0
61,195,530280,20.672637939453125,0,3.5144381523132324,83.728828430175781,75.454216003417969,0,68.768753051757812,26.113401412963867,0,0.00038444841629825532,-1.1696900129318237,0.962044358253479,0.96425503492355347,1.1377302408218384,1.0689007043838501,-4.9995265007019043,0,0,0,0
61,210,530640,18.232982635498047,1.6710582713130862E-05,3.0869262218475342,82.428932189941406,73.881935119628906,0,72.960891723632812,25.000791549682617,0,0.00027737868367694318,-0.90352928638458252,0.94880169630050659,0.96425503492355347,1.1377302408218384,1.0689007043838501,-4.9995265007019043,0,0,0,0
61,225,531000,14.677566528320312,2.6727251679403707E-05,2.7279784679412842,81.225189208984375,72.36395263671875,0,79.291610717773438,23.040264129638672,0,7.9972101957537234E-05,-0.86260062456130981,0.94603174924850464,0.96425503492355347,1.1377302408218384,1.0689007043838501,-4.9995265007019043,0,0,0,0
61,240,531360,10.424971580505371,5.1735165470745414E-05,2.432175874710083,80.235694885253906,70.816925048828125,0,85.522590637207031,21.080307006835938,0,0.0028230589814484119,-0.9546196460723877,0.94339108467102051,0.96425503492355347,1.1377302408218384,1.0689007043838501,-4.9995265007019043,0,0,0,0
61,255,531720,6.0282735824584961,2.0742507331306115E-05,2.2217326164245605,79.499557495117188,69.326881408691406,0,90.175247192382812,19.29124641418457,0,0.0017464227275922894,-1.1124625205993652,0.9388611912727356,0.96425503492355347,1.1377302408218384,1.0689007043838501,-4.9995265007019043,0,0,0,0
61,270,532080,0.87422722578048706,4.7753081162227318E-05,2.0916910171508789,79.179588317871094,67.948356628417969,1.5705038094893098E-05,91.825149536132812,17.657251358032227,0,0.0019312717486172915,-1.2958288192749023,0.93359899520874023,0.96425503492355347,1.1377302408218384,1.0689007043838501,-4.9995265007019043,0,0,0,0
61,285,532440,-3.1660523414611816,8.7533866462763399E-05,2.0307908058166504,79.310523986816406,66.66497802734375,0.0011328604305163026,91.515945434570312,16.539705276489258,0,0.0012024727184325457,-1.4644184112548828,0.92876088619232178,0.96425503492355347,1.1377302408218384,1.0689007043838501,-4.9995265007019043,0,0,0,0
61,300,532800,-6.58331298828125,0.0007326362538151443,2.0414848327636719,79.952713012695312,65.538612365722656,0.93371307849884033,86.64898681640625,19.810680389404297,0,0.0039283428341150284,-1.5779309272766113,0.9255031943321228,0.96425503492355347,1.1377302408218384,1.0689007043838501,-4.9995265007019043,0,0,0,0
61,315,533160,-9.1013069152832031,0.011084992438554764,2.3106353282928467,80.376190185546875,64.535179138183594,3.5499215126037598,77.424270629882812,26.928953170776367,0,0.011815709061920643,-1.5956840515136719,0.92424392700195312,0.96425503492355347,1.1377302408218384,1.0689007043838501,-4.9995265007019043,0,0,0,0
61,330,533520,-16.328495025634766,0.033145125955343246,2.7490496635437012,80.04107666015625,63.387542724609375,14.948337554931641,68.245315551757812,33.350124359130859,0,0.010228186845779419,-7.8159751892089844,0.91738998889923096,0.96425503492355347,1.1377302408218384,1.0689007043838501,-4.9995265007019043,0,1,0,0
61,345,533880,-11.171183586120605,0.026225369423627853,2.6494886875152588,79.683769226074219,62.311397552490234,24.056365966796875,60.144180297851562,38.189201354980469,0,0.0066360468044877052,-1.3409128189086914,0.90581691265106201,0.96425503492355347,1.1377302408218384,1.0689007043838501,-4.9995265007019043,0,0,0,0
61,360,534240,-9.8495302200317383,0.037037830799818039,2.617222785949707,79.334388732910156,61.29437255859375,35.388957977294922,53.004936218261719,41.681137084960938,0,0.018550356850028038,-0.48816299438476562,0.9949677586555481,0.99201607704162598,1.1629512310028076,1.0792224407196045,-9.9097995758056641,0,0,0,0
61,365,534360,-9.316166877746582,0.040840122848749161,2.6125414371490479,79.223190307617188,60.962558746337891,41.169815063476562,50.819782257080078,42.579669952392578,0,0.026575587689876556,-0.32092821598052979,1.0132546424865723,0.99715703725814819,1.1676218509674072,1.0811338424682617,-10.819108963012695,0,0,0,0
62,15,534720,-7.8951292037963867,0.049915801733732224,2.5894343852996826,78.909523010253906,60.029872894287109,54.498500823974609,44.803630828857422,44.603084564208984,0,0.026446035131812096,-0.41178619861602783,0.98441308736801147,0.99005019664764404,1.1611652374267578,1.0784914493560791,-9.5620784759521484,0,0,0,0
62,30,535080,-5.3118495941162109,0.065081804990768433,2.5098857879638672,79.567481994628906,59.383174896240234,69.34112548828125,40.113918304443359,45.161613464355469,0,0.012781623750925064,-0.26412445306777954,1.0124276876449585,0.99715703725814819,1.1676218509674072,1.0811338424682617,-10.819108963012695,0,0,0,0
62,45,535440,-2.4342846870422363,0.049337141215801239,2.5856959819793701,81.426109313964844,59.378860473632812,79.261016845703125,37.642677307128906,43.547393798828125,0,0.014782635495066643,-0.39482027292251587,1.0133470296859741,0.99715703725814819,1.1676218509674072,1.0811338424682617,-10.819108963012695,0,0,0,0
62,60,535800,-6.395531177520752,0.084960669279098511,2.8649811744689941,84.279609680175781,61.550247192382812,90.042823791503906,35.948169708251953,41.357059478759766,0,0.022186651825904846,-8.6333456039428711,1.0147711038589478,0.99715703725814819,1.1676218509674072,1.0811338424682617,-10.819108963012695,0,1,0,0
62,75,536160,5.0966134071350098,0.012537932954728603,4.9838433265686035,93.861152648925781,80.652862548828125,33.455833435058594,35.5418701171875,38.419849395751953,0,0.011390786617994308,-0.83303552865982056,1.0164295434951782,0.99715703725814819,1.1676218509674072,1.0811338424682617,-10.819108963012695,0,0,0,0
62,90,536520,10.097262382507324,0.00028970712446607649,4.5993261337280273,89.839981079101562,86.23406982421875,0.40660738945007324,38.479961395263672,35.101676940917969,0,0.0032619305420666933,-1.0636751651763916,1.0180518627166748,0.99715703725814819,1.1676218509674072,1.0811338424682617,-10.819108963012695,0,0,0,0
62,105,536880,13.993332862854004,3.1529260013485327E-05,4.5228829383850098,89.244361877441406,84.596664428710938,0,43.744441986083984,32.078990936279297,0,0.0051215682178735733,-1.2507495880126953,1.0193678140640259,0.99715703725814819,1.1676218509674072,1.0811338424682617,-10.819108963012695,0,0,0,0
62,120,537240,17.492424011230469,2.1168531020521186E-05,4.3936057090759277,88.595359802246094,82.552085876464844,0,49.591381072998047,29.346151351928711,0,0.0041822479106485844,-1.3558187484741211,1.0201069116592407,0.99715703725814819,1.1676218509674072,1.0811338424682617,-10.819108963012695,0,0,0,0
62,135,537600,20.2490234375,1.1280620128673036E-05,4.1428828239440918,87.716606140136719,80.434165954589844,0,54.408618927001953,27.296550750732422,0,0.00081495899939909577,-1.3302984237670898,1.0205363035202026,0.99715703725814819,1.1676218509674072,1.0811338424682617,-10.819108963012695,0,0,0,0
62,150,537960,22.161334991455078,0.51440393924713135,5.1180171966552734,86.7943115234375,78.484916687011719,0,57.082050323486328,26.380462646484375,0,0.025793822482228279,-1.1398507356643677,1.0224205255508423,1.1908959150314331,1.1676218509674072,5.2544307708740234,-10.819108963012695,0,0,1,1
62,165,538320,22.89851188659668,0.003276061499491334,3.4019985198974609,85.912261962890625,76.951766967773438,0,58.744598388671875,26.094686508178711,0,0.001169141847640276,-0.8460237979888916,1.0253273248672485,0.99715703725814819,1.1676218509674072,1.0811338424682617,-10.819108963012695,0,0,0,0
62,180,538680,22.496274948120117,0,2.9095253944396973,84.62335205078125,75.254173278808594,0,60.133087158203125,26.065879821777344,0,0.000357315584551543,-0.51773691177368164,1.0285748243331909,0.99715703725814819,1.1676218509674072,1.0811338424682617,-10.819108963012695,0,0,0,0
62,195,539040,20.961669921875,0,2.4327270984649658,83.334327697753906,73.659507751464844,0,62.303760528564453,25.768125534057617,0,5.2038139983778819E-05,-0.22390997409820557,1.0314816236495972,0.99715703725814819,1.1676218509674072,1.0811338424682617,-10.819108963012695,0,0,0,0
62,210,539400,18.186786651611328,2.8023137019772548E-06,2.0194740295410156,82.135078430175781,72.086112976074219,0,66.625785827636719,24.633865356445312,0,0.00027302524540573359,-0.033462166786193848,1.0333658456802368,0.99715703725814819,1.1676218509674072,1.0811338424682617,-10.819108963012695,0,0,0,0
62,225,539760,14.439935684204102,1.9816117855953053E-05,1.7215545177459717,81.028068542480469,70.603118896484375,0,73.155982971191406,22.685783386230469,0,0.0010937595507130027,-0.0065065622329711914,1.0335266590118408,0.99715703725814819,1.1676218509674072,1.0811338424682617,-10.819108963012695,0,0,0,0
62,240,540120,10.138373374938965,2.5580571673344821E-05,1.6622518301010132,80.057456970214844,69.144760131835938,0,79.533935546875,20.755647659301758,0,0.0012007424375042319,-0.095284223556518555,1.031606912612915,0.99715703725814819,1.1676218509674072,1.0811338424682617,-10.819108963012695,0,0,0,0
62,255,540480,5.6302495002746582,3.2571126666880446E-06,1.632536768913269,79.402969360351562,67.725257873535156,0,84.128890991210938,18.993961334228516,0,0.00037042488111183047,-0.24756711721420288,1.0283138751983643,0.99715703725814819,1.1676218509674072,1.0811338424682617,-10.819108963012695,0,0,0,0
62,270,540840,0.47748571634292603,8.1515034253243357E-05,1.630823016166687,79.360420227050781,66.439155578613281,6.92468456691131E-05,85.667495727539062,17.383888244628906,0,0.0037295224610716105,-0.42447441816329956,1.0244884490966797,0.99715703725814819,1.1676218509674072,1.0811338424682617,-10.819108963012695,0,0,0,0
62,285,541200,-3.361732006072998,5.5071588576538488E-05,1.6530479192733765,79.52703857421875,65.292060852050781,0.052831437438726425,85.262733459472656,16.3587646484375,0,0.008342621847987175,-0.58712553977966309,1.0209712982177734,0.99715703725814819,1.1676218509674072,1.0811338424682617,-10.819108963012695,0,0,0,0
62,300,541560,-6.5903987884521484,0.0013745250180363655,1.7152751684188843,80.257331848144531,64.255622863769531,1.6076788902282715,80.50946044921875,19.531475067138672,0,0.0065298071131110191,-0.69663959741592407,1.0186030864715576,0.99715703725814819,1.1676218509674072,1.0811338424682617,-10.819108963012695,0,0,0,0
62,315,541920,-8.8543605804443359,0.011503728106617928,1.9375424385070801,80.752632141113281,63.383010864257812,5.1080961227416992,71.9415283203125,26.043224334716797,0,0.0058282883837819099,-0.71474766731262207,1.0180033445358276,0.99715703725814819,1.1676218509674072,1.0811338424682617,-10.819108963012695,0,0,0,0
62,330,542280,-10.079498291015625,0.019953800365328789,2.2687177658081055,80.382041931152344,62.366249084472656,11.975717544555664,63.428478240966797,31.915138244628906,0,0.017543639987707138,-0.63583999872207642,1.0170519351959229,0.99715703725814819,1.1676218509674072,1.0811338424682617,-10.819108963012695,0,0,0,0
62,345,542640,-10.368875503540039,0.030257033184170723,2.2583999633789062,79.999549865722656,61.389011383056641,22.160467147827148,55.898689270019531,36.330928802490234,0,0.022775238379836082,-0.50260257720947266,1.015445351600647,0.99715703725814819,1.1676218509674072,1.0811338424682617,-10.819108963012695,0,0,0,0
62,360,543000,-11.543431282043457,0.04039580374956131,2.2418472766876221,79.615768432617188,60.467876434326172,32.941295623779297,49.262599945068359,39.503772735595703,0,0.043701067566871643,-1.5834692716598511,0.92823928594589233,1.3073809146881104,1.0967841148376465,0.92116618156433105,2.0831060409545898,0,0,0,0
62,365,543120,-11.602007865905762,0.045238304883241653,2.2503106594085693,79.487709045410156,60.169986724853516,36.686794281005859,47.230537414550781,40.320880889892578,0,0.052071187645196915,-1.7617249488830566,0.91804802417755127,1.3648297786712646,1.0836659669876099,0.89154255390167236,4.4724054336547852,0,0,0,0
63,15,543480,-10.197408676147461,0.055439192801713943,2.3128533363342285,79.097732543945312,59.313999176025391,51.118389129638672,41.62750244140625,42.142585754394531,0,0.059834796935319901,-1.3604414463043213,0.94698995351791382,1.2854124307632446,1.1018004417419434,0.93249428272247314,1.169438362121582,0,0,0,0
63,30,543840,-9.0005273818969727,0.071994520723819733,2.4559144973754883,78.739067077636719,58.504093170166016,63.71502685546875,36.688644409179688,43.156742095947266,0,0.080162718892097473,-1.6822543144226074,0.93465995788574219,1.3648297786712646,1.0836659669876099,0.89154255390167236,4.4724054336547852,0,0,0,0
63,45,544200,-6.6993141174316406,0.098974891006946564,2.3096992969512939,79.160995483398438,57.804615020751953,76.706268310546875,32.477996826171875,43.370658874511719,0,0.065153941512107849,-1.7791633605957031,0.95687216520309448,1.3648297786712646,1.0836659669876099,0.89154255390167236,4.4724054336547852,0,0,0,0
63,60,544560,-3.7776467800140381,0.090071432292461395,2.3091678619384766,81.054733276367188,57.594131469726562,87.838844299316406,29.725957870483398,42.160606384277344,0,0.052240535616874695,-1.9292771816253662,0.99127936363220215,1.3648297786712646,1.0836659669876099,0.89154255390167236,4.4724054336547852,0,0,0,0
63,75,544920,-0.20073357224464417,0.08973395824432373,3.3395957946777344,89.0322265625,62.083030700683594,77.328880310058594,28.856971740722656,39.267986297607422,0,0.0521041639149189,-2.104093074798584,1.0313484668731689,1.3648297786712646,1.0836659669876099,0.89154255390167236,4.4724054336547852,0,0,0,0
63,90,545280,5.2775750160217285,0.14388293027877808,5.9275836944580078,94.50640869140625,87.896095275878906,18.767971038818359,29.429370880126953,35.88623046875,0,0.045643728226423264,-2.2751090526580811,1.0705463886260986,1.3648297786712646,1.0836659669876099,0.89154255390167236,4.4724054336547852,0,0,0,0
63,105,545640,9.7761335372924805,0.012006664648652077,5.7430052757263184,91.452415466308594,93.6959228515625,0.38816535472869873,33.111629486083984,32.781341552734375,0,0.023859817534685135,-2.4138216972351074,1.1023403406143188,1.3648297786712646,1.0836659669876099,0.89154255390167236,4.4724054336547852,0,0,0,0
63,120,546000,13.712896347045898,0.00047146776341833174,5.8024797439575195,91.067153930664062,92.398338317871094,0,38.998294830322266,29.951274871826172,0,0.018603933975100517,-2.4917290210723877,1.1201972961425781,1.3648297786712646,1.0836659669876099,0.89154255390167236,4.4724054336547852,0,0,0,0
63,135,546360,17.359281539916992,8.7641342361166608E-07,5.7670121192932129,90.396507263183594,90.545219421386719,0,45.026824951171875,27.427597045898438,0,0.021389652043581009,-2.4585521221160889,1.1192812919616699,1.3648297786712646,1.0836659669876099,0.89154255390167236,4.4724054336547852,0,0,0,0
63,150,546720,20.062278747558594,8.3362681380094728E-07,5.6273941993713379,89.615516662597656,88.182182312011719,0,49.706050872802734,25.625312805175781,0,0.011076713912189007,-2.2418813705444336,1.1050260066986084,1.3648297786712646,1.0836659669876099,0.89154255390167236,4.4724054336547852,0,0,0,0
63,165,547080,21.712730407714844,0,5.3985824584960938,88.642990112304688,85.751411437988281,0,52.470012664794922,24.800971984863281,0,0.0026340691838413477,-1.9075969457626343,1.0830326080322266,1.3648297786712646,1.0836659669876099,0.89154255390167236,4.4724054336547852,0,0,0,0
63,180,547440,22.224960327148438,0,5.1099672317504883,87.851600646972656,83.442886352539062,0,54.485359191894531,24.442108154296875,0,0.0052269576117396355,-1.5341079235076904,1.0584596395492554,1.3648297786712646,1.0836659669876099,5.5,4.4724054336547852,0,0,1,0
63,195,547800,21.527471542358398,0,4.769385814666748,86.769439697265625,81.211662292480469,0,56.686744689941406,24.109806060791016,0,0.0060001532547175884,-1.1998233795166016,1.0364662408828735,1.3648297786712646,1.0836659669876099,0.89154255390167236,4.4724054336547852,0,0,0,0
63,210,548160,19.483671188354492,0,4.4186763763427734,85.6658935546875,79.122673034667969,0,60.297588348388672,23.27122688293457,0,0.0025835041888058186,-0.98315262794494629,1.0222107172012329,1.3648297786712646,1.0836659669876099,0.89154255390167236,4.4724054336547852,0,0,0,0
63,225,548520,16.272588729858398,3.9499252579844324E-07,4.0901937484741211,84.589363098144531,77.2376708984375,0,66.228157043457031,21.594863891601562,0,0.0017185288015753031,-0.95832854509353638,1.0175608396530151,1.3648297786712646,1.0836659669876099,0.89154255390167236,4.4724054336547852,0,0,0,0
63,240,548880,12.183160781860352,3.69772783415101E-06,3.8142390251159668,83.63836669921875,75.568305969238281,0,72.61798095703125,19.75663948059082,0,0.0070789330638945103,-1.1168386936187744,0.9982987642288208,1.3648297786712646,1.0836659669876099,0.89154255390167236,4.4724054336547852,0,0,0,0
63,255,549240,7.7248225212097168,0.0038523776456713676,3.6145191192626953,82.849388122558594,73.983146667480469,0,77.884674072265625,18.074562072753906,0,0.0093918200582265854,-1.3887355327606201,0.96525800228118896,1.3648297786712646,1.0836659669876099,0.89154255390167236,4.4724054336547852,0,0,0,0
63,270,549600,2.4785761833190918,8.2116512203356251E-06,3.4759306907653809,82.35675048828125,72.455696105957031,0,80.39141845703125,16.538619995117188,0,0.0058471444062888622,-1.7045986652374268,0.92687445878982544,1.3648297786712646,1.0836659669876099,0.89154255390167236,4.4724054336547852,0,0,0,0
63,285,549960,-1.8057543039321899,1.0935690625046846E-05,3.4304518699645996,82.284645080566406,71.040794372558594,3.294280031695962E-05,80.633621215820312,15.182638168334961,0,0.01281120628118515,-1.9950077533721924,0.89158415794372559,1.3648297786712646,1.0836659669876099,0.89154255390167236,4.4724054336547852,0,0,0,0
63,300,550320,-5.541346549987793,0.00046322587877511978,3.4671511650085449,82.622795104980469,69.711090087890625,0.083478808403015137,78.010002136230469,16.420541763305664,0,0.031356807798147202,-2.1905419826507568,0.86782294511795044,1.3648297786712646,1.0836659669876099,0.89154255390167236,4.4724054336547852,0,0,0,0
63,315,550680,-8.4474096298217773,0.0084159960970282555,3.5511848926544189,83.237052917480469,68.486488342285156,1.062252402305603,70.617935180664062,22.09222412109375,0,0.032820764929056168,-2.2266125679016113,0.86341053247451782,1.3648297786712646,1.0836659669876099,0.89154255390167236,4.4724054336547852,0,0,0,0
63,330,551040,-10.440553665161133,0.013357789255678654,3.7694106101989746,82.984100341796875,67.144088745117188,4.1761627197265625,62.327621459960938,28.101858139038086,0,0.029236407950520515,-2.1334652900695801,0.87435799837112427,1.3648297786712646,1.0836659669876099,0.89154255390167236,4.4724054336547852,0,0,0,0
63,345,551400,-11.489270210266113,0.019988350570201874,3.7276861667633057,82.689689636230469,65.858444213867188,10.009809494018555,54.931549072265625,32.730827331542969,0,0.050370287150144577,-1.9761841297149658,0.89284294843673706,1.3648297786712646,1.0836659669876099,0.89154255390167236,4.4724054336547852,0,0,0,0
63,360,551760,-7.8215851783752441,0.014265969395637512,3.7048819065093994,82.355339050292969,64.737785339355469,16.889562606811523,48.423629760742188,36.1075439453125,0,0.029584590345621109,1.8568121194839478,0.99815094470977783,1.0324490070343018,1.1098248958587646,0.97803974151611328,7.9745326042175293,0,0,0,0
63,365,551880,-7.2184634208679199,0.089113637804985046,3.6818027496337891,82.34222412109375,64.393013000488281,19.894041061401367,46.505752563476562,36.919178009033203,0,0.020920475944876671,2.6041300296783447,1.0302841663360596,0.97089707851409912,1.1146690845489502,0.99405777454376221,8.6230745315551758,0,0,0,0
64,15,552240,-11.610583305358887,0.18836511671543121,3.7476701736450195,82.039222717285156,63.399345397949219,32.146648406982422,41.00067138671875,38.957759857177734,0,0.018324434757232666,-1.8643801212310791,1.0331268310546875,1.0559865236282349,1.1079723834991455,0.97191447019577026,7.7265300750732422,0,1,0,0
64,30,552600,-6.7926650047302246,0.17071878910064697,3.8796985149383545,81.650779724121094,62.472366333007812,54.252593994140625,36.136226654052734,40.177177429199219,0,0.012842281721532345,0.21987795829772949,1.0706596374511719,0.97089707851409912,1.1146690845489502,0.99405777454376221,8.6230745315551758,0,1,0,0
64,45,552960,-2.5160424709320068,0.1142243817448616,3.8344016075134277,84.137184143066406,62.319316864013672,60.529544830322266,33.608322143554688,39.064010620117188,0,0.024470137432217598,2.801140308380127,1.1001116037368774,0.97089707851409912,1.1146690845489502,0.99405777454376221,8.6230745315551758,0,0,0,0
64,60,553320,0.85178995132446289,0.057652425020933151,5.017697811126709,90.122100830078125,67.218086242675781,45.325489044189453,33.149116516113281,36.094013214111328,0,0.016080057248473167,2.8700060844421387,1.1457334756851196,0.97089707851409912,1.1146690845489502,0.99405777454376221,8.6230745315551758,0,0,0,0
64,75,553680,5.1188273429870605,0.016924956813454628,5.3816137313842773,91.238288879394531,79.598701477050781,6.1669478416442871,33.65924072265625,32.966552734375,0,0.0070953401736915112,2.9502043724060059,1.1988629102706909,0.97089707851409912,1.1146690845489502,0.99405777454376221,8.6230745315551758,0,0,0,0
64,90,554040,10.259906768798828,0.0058760093525052071,5.3375940322875977,90.137252807617188,80.558525085449219,0,36.735416412353516,30.112295150756836,0,0.010039582848548889,3.0286593437194824,1.2508372068405151,0.97089707851409912,1.1146690845489502,0.99405777454376221,8.6230745315551758,0,0,0,0
64,105,554400,14.662971496582031,3.5290984669700265E-05,5.3561496734619141,89.898612976074219,79.492996215820312,0,41.973407745361328,27.513483047485352,0,0.010578562505543232,3.0922949314117432,1.2929940223693848,0.97089707851409912,1.1146690845489502,0.99405777454376221,8.6230745315551758,0,0,0,0
64,120,554760,18.91819953918457,1.6370717276004143E-05,5.2682003974914551,89.371742248535156,78.0518798828125,0,47.698715209960938,25.205848693847656,0,0.0038047630805522203,3.128035306930542,1.3166712522506714,0.97089707851409912,1.1146690845489502,0.99405777454376221,8.6230745315551758,0,0,0,0
64,135,555120,22.571659088134766,1.1222250577702653E-06,5.011174201965332,88.605751037597656,76.203323364257812,0,51.497161865234375,23.88670539855957,0,0.0017689650412648916,3.1826934814453125,1.3107374906539917,0.97089707851409912,1.1146690845489502,0.99405777454376221,8.6230745315551758,0,0,0,0
64,150,555480,25.529712677001953,0,4.6161289215087891,87.598594665527344,74.483795166015625,0,52.7757568359375,23.809436798095703,0,0.002429579384624958,3.4532113075256348,1.2668526172637939,0.97089707851409912,1.1146690845489502,0.99405777454376221,8.6230745315551758,0,0,0,0
64,165,555840,27.49058723449707,0,4.1046724319458008,86.356826782226562,72.882888793945312,0,53.062702178955078,24.336362838745117,0,0.00089806917821988463,3.870572566986084,1.1991461515426636,0.97089707851409912,1.1146690845489502,0.99405777454376221,8.6230745315551758,0,0,0,0
64,180,556200,28.24775505065918,0,3.5449776649475098,85.0474853515625,71.431045532226562,0,52.965007781982422,25.094331741333008,0,6.4410894992761314E-05,4.3368816375732422,1.1234990358352661,0.97089707851409912,1.1146690845489502,0.99405777454376221,8.6230745315551758,0,0,0,0
64,195,556560,27.719717025756836,0,2.9582092761993408,83.757675170898438,70.068840026855469,0,52.967735290527344,25.763587951660156,0,0.0002435450442135334,4.7542428970336914,1.0557925701141357,0.97089707851409912,1.1146690845489502,0.99405777454376221,8.6230745315551758,0,0,0,0
64,210,556920,25.914487838745117,0,2.4236311912536621,83.247840881347656,68.912399291992188,0,53.599647521972656,26.05360221862793,0,0.000477974972454831,5.0247607231140137,1.011907696723938,0.97089707851409912,1.1146690845489502,1.1303861141204834,8.6230745315551758,0,0,0,0
64,225,557280,22.834627151489258,0,1.9934573173522949,82.059707641601562,67.784759521484375,0,55.628055572509766,25.721517562866211,0,0.00035824585938826203,5.0366649627685547,1.0019571781158447,0.97089707851409912,1.1146690845489502,0.99405777454376221,8.6230745315551758,0,0,0,0
64,240,557640,18.716083526611328,0,1.8747549057006836,80.943321228027344,66.698020935058594,0,61.280776977539062,24.111797332763672,0,7.1632603066973388E-05,4.6508893966674805,0.98561441898345947,0.97089707851409912,1.1146690845489502,0.99405777454376221,8.6230745315551758,0,0,0,0
64,255,558000,13.94190788269043,0,1.7873752117156982,79.928482055664062,65.651947021484375,0,68.069099426269531,22.060504913330078,0,0.0011375312460586429,3.98915696144104,0.95758110284805298,0.97089707851409912,1.1146690845489502,0.99405777454376221,8.6230745315551758,0,0,0,0
64,270,558360,8.1911487579345703,0,1.737223744392395,79.095565795898438,64.604118347167969,0,73.445228576660156,20.179477691650391,0,0.0020212458912283182,3.220421314239502,0.92501485347747803,0.97089707851409912,1.1146690845489502,0.99405777454376221,8.6230745315551758,0,0,0,0
64,285,558720,3.4727675914764404,7.2089378591044806E-06,1.7216060161590576,78.5367431640625,63.536190032958984,0,76.029022216796875,18.461477279663086,0,0.0017848779680207372,2.5136346817016602,0.89507293701171875,0.97089707851409912,1.1146690845489502,0.99405777454376221,8.6230745315551758,0,0,0,0
64,300,559080,-0.62638652324676514,8.0537036410532892E-05,1.7316436767578125,78.345481872558594,62.493305206298828,0.00014435262710321695,76.413116455078125,16.896747589111328,0,0.0016588655998930335,2.0377507209777832,0.87491285800933838,0.97089707851409912,1.1146690845489502,0.99405777454376221,8.6230745315551758,0,0,0,0
64,315,559440,-3.7173779010772705,0.00039966567419469357,1.7655673027038574,78.439598083496094,61.539363861083984,0.084299303591251373,75.207695007324219,16.619453430175781,0,0.0091979755088686943,1.9425890445709229,0.87291133403778076,0.97089707851409912,1.1146690845489502,0.99405777454376221,8.6230745315551758,0,0,0,0
64,330,559800,-5.8366637229919434,0.00087437819456681609,1.8036931753158569,78.850944519042969,60.673316955566406,1.1335506439208984,70.483787536621094,19.725204467773438,0,0.013965079560875893,2.0751385688781738,0.90444332361221313,0.97089707851409912,1.1146690845489502,0.99405777454376221,8.6230745315551758,0,0,0,0
64,345,560160,-7.0333976745605469,0.0043374365195631981,1.86305832862854,79.516181945800781,59.915683746337891,3.6245019435882568,63.706172943115234,24.50709342956543,0,0.0085094096139073372,2.2989518642425537,0.95768588781356812,0.97089707851409912,1.1146690845489502,0.99405777454376221,8.6230745315551758,0,0,0,0
64,360,560520,-9.8682918548583984,0.020558414980769157,2.005640983581543,79.624641418457031,59.177818298339844,9.7019977569580078,56.488689422607422,29.284906387329102,0,0.020413720980286598,0.075916111469268799,0.96805387735366821,1.0912836790084839,1.1542158126831055,0.93114131689071655,11.406740188598633,0,0,0,0
64,365,560640,-10.196990966796875,0.039964895695447922,2.0490846633911133,79.524909973144531,58.907863616943359,11.308351516723633,54.160598754882812,30.707111358642578,0,0.027540087699890137,-0.33032384514808655,0.97320276498794556,1.1135774850845337,1.1615393161773682,0.91949009895324707,11.922234535217285,0,0,0,0
65,15,561000,-9.0960140228271484,0.12579242885112762,2.1658298969268799,79.460098266601562,58.12158203125,20.746061325073242,47.895977020263672,34.021160125732422,0,0.040407441556453705,0.40712153911590576,1.0131233930587769,1.0827585458755493,1.1514153480529785,0.93559670448303223,11.209615707397461,0,0,0,0
65,30,561360,-8.2581605911254883,0.16633079946041107,2.4599316120147705,79.226509094238281,57.319648742675781,34.487838745117188,42.241870880126953,36.449577331542969,0,0.030363541096448898,-0.21317499876022339,1.0052162408828735,1.1135774850845337,1.1615393161773682,0.91949009895324707,11.922234535217285,0,0,0,0
65,45,561720,-6.039069652557373,0.10698337852954865,2.3533275127410889,80.39093017578125,56.642463684082031,48.609230041503906,37.599132537841797,37.687076568603516,0,0.026395117864012718,-0.14834228157997131,1.0210754871368408,1.1135774850845337,1.1615393161773682,0.91949009895324707,11.922234535217285,0,0,0,0
65,60,562080,-2.985295295715332,0.056079786270856857,2.5387418270111084,82.495674133300781,56.554447174072266,60.105205535888672,34.925949096679688,36.923957824707031,0,0.033063970506191254,-0.047915160655975342,1.0456420183181763,1.1135774850845337,1.1615393161773682,0.91949009895324707,11.922234535217285,0,0,0,0
65,75,562440,0.86307364702224731,0.036024756729602814,3.9242227077484131,88.800079345703125,62.628009796142578,46.726352691650391,34.368961334228516,34.233604431152344,0,0.029747536405920982,0.069037914276123047,1.0742509365081787,1.1135774850845337,1.1615393161773682,0.91949009895324707,11.922234535217285,0,0,0,0
65,90,562800,6.4352588653564453,0.010409764014184475,4.5225009918212891,89.650321960449219,78.09527587890625,5.6954846382141113,35.611598968505859,31.271293640136719,0,0.013536690734326839,0.18344861268997192,1.1022379398345947,1.1135774850845337,1.1615393161773682,0.91949009895324707,11.922234535217285,0,0,0,0
65,105,563160,10.997231483459473,0.0033706335816532373,4.4285182952880859,88.653480529785156,78.514511108398438,0,40.710205078125,28.569534301757812,0,0.011505819857120514,0.27624830603599548,1.1249384880065918,1.1135774850845337,1.1615393161773682,0.91949009895324707,11.922234535217285,0,0,0,0
65,120,563520,15.25599479675293,7.5358129834057763E-06,4.3850808143615723,88.281082153320312,77.219635009765625,0,47.638946533203125,26.111438751220703,0,0.015652570873498917,0.32836875319480896,1.1376882791519165,1.1135774850845337,1.1615393161773682,0.91949009895324707,11.922234535217285,0,0,0,0
65,135,563880,19.02446174621582,4.1637222238932736E-06,4.2204737663269043,87.562576293945312,75.4725341796875,0,54.070442199707031,24.078390121459961,0,0.0071149533614516258,0.32583850622177124,1.1309312582015991,1.1135774850845337,1.1615393161773682,0.91949009895324707,11.922234535217285,0,0,0,0
65,150,564240,21.944324493408203,0,3.9355089664459229,86.640335083007812,73.563003540039062,0,57.863365173339844,23.221403121948242,0,0.0013084623496979475,0.28498747944831848,1.0884454250335693,1.1135774850845337,1.1615393161773682,0.91949009895324707,11.922234535217285,0,0,0,0
65,165,564600,23.553981781005859,0,3.4693942070007324,85.449958801269531,71.765625,0,59.56915283203125,23.368873596191406,0,0.0096650803461670876,0.22196163237094879,1.022897481918335,1.437099814414978,1.1615393161773682,0.91949009895324707,11.922234535217285,0,0,0,1
65,180,564960,24.006141662597656,0,2.9188966751098633,84.167106628417969,70.117935180664062,0,60.684673309326172,23.839443206787109,0,0.0020309686660766602,0.15154415369033813,0.9496619701385498,1.1135774850845337,1.1615393161773682,0.91949009895324707,11.922234535217285,0,0,0,0
65,195,565320,23.183610916137695,0,2.383953332901001,82.843147277832031,68.61468505859375,0,61.960712432861328,24.238094329833984,0,0.00051248783711344004,0.088518291711807251,0.88411396741867065,1.1135774850845337,1.1615393161773682,0.91949009895324707,11.922234535217285,0,0,0,0
65,210,565680,21.188934326171875,0,1.9580799341201782,81.53729248046875,67.268913269042969,0,64.395278930664062,24.129873275756836,0,0.000360028789145872,0.047667264938354492,0.84162819385528564,1.1135774850845337,1.1615393161773682,0.91949009895324707,11.922234535217285,0,0,0,0
65,225,566040,18.278629302978516,0,1.8217684030532837,80.261032104492188,66.026802062988281,0,69.587081909179688,22.919845581054688,0,0.0017240153392776847,0.029289295896887779,0.8336678147315979,1.1135774850845337,1.1615393161773682,0.91949009895324707,11.922234535217285,0,0,0,0
65,240,566400,20.028337478637695,0,1.7208249568939209,79.111289978027344,64.819427490234375,0,76.329681396484375,21.100378036499023,0,0.0016034629661589861,5.0703296661376953,0.83431082963943481,1.1135774850845337,1.1615393161773682,0.91949009895324707,11.922234535217285,1,0,0,0
65,255,566760,10.290190696716309,2.9702869142056443E-05,1.6542093753814697,78.154243469238281,63.652976989746094,0,82.436668395996094,19.357105255126953,0,0.00015799135144334286,-0.22719739377498627,0.83541369438171387,1.5268466472625732,1.1615393161773682,0.91949009895324707,11.922234535217285,0,0,0,1
65,270,567120,5.1876344680786133,5.720694957744854E-07,1.6268978118896484,78.294944763183594,62.666446685791016,0,86.596878051757812,17.710756301879883,0,0.002521824324503541,-0.46470648050308228,0.83669489622116089,1.1135774850845337,1.1615393161773682,0.91949009895324707,11.922234535217285,0,0,0,0
65,285,567480,0.96760821342468262,2.1209698388702236E-06,1.6212077140808105,77.850807189941406,61.656673431396484,0,87.791671752929688,16.209466934204102,0,0.008809112012386322,-0.65694361925125122,0.83787292242050171,1.1135774850845337,1.1615393161773682,0.91949009895324707,11.922234535217285,0,0,0,0
65,300,567840,-2.8529353141784668,3.7307527236407623E-05,1.639946460723877,77.709671020507812,60.687652587890625,0.00013609425514005125,87.453559875488281,15.212625503540039,0,0.0093186609447002411,-0.78637814521789551,0.83866602182388306,1.1135774850845337,1.1615393161773682,0.91949009895324707,11.922234535217285,0,0,0,0
65,315,568200,-5.9809255599975586,0.015963174402713776,1.674787163734436,77.965972900390625,59.756702423095703,0.21432673931121826,83.068122863769531,18.132946014404297,0,0.0059881913475692272,-0.80759459733963013,0.84091794490814209,1.1135774850845337,1.1615393161773682,0.91949009895324707,11.922234535217285,0,0,0,0
65,330,568560,-8.2789220809936523,0.068274259567260742,1.7530268430709839,78.518363952636719,58.957637786865234,1.841923713684082,74.670913696289062,24.609317779541016,0,0.016937922686338425,-0.71196627616882324,0.86742323637008667,1.1135774850845337,1.1615393161773682,0.91949009895324707,11.922234535217285,0,0,0,0
65,345,568920,-9.7101545333862305,0.053199686110019684,1.9098595380783081,78.322616577148438,58.184879302978516,6.0494179725646973,65.910964965820312,30.848434448242188,0,0.031916473060846329,-0.55049556493759155,0.9121779203414917,1.1135774850845337,1.1615393161773682,0.91949009895324707,11.922234535217285,0,0,0,0
65,360,569280,-10.457167625427246,0.031534042209386826,1.9871491193771362,78.027046203613281,57.401767730712891,13.152961730957031,58.090560913085938,35.642158508300781,0,0.025188872590661049,-0.5490492582321167,0.89749908447265625,1.0953735113143921,1.0925437211990356,0.96113252639770508,5.3795557022094727,0,0,0,0
65,365,569400,-10.263898849487305,0.025379965081810951,2.0135791301727295,77.919265747070312,57.161285400390625,14.779969215393066,55.695236206054688,36.941356658935547,0,0.021507931873202324,-0.46970105171203613,0.89964312314987183,1.0920023918151855,1.0797667503356934,0.96884411573410034,4.1679487228393555,0,0,0,0
66,15,569760,-9.2864980697631836,0.033826135098934174,2.1230340003967285,77.625953674316406,56.428947448730469,25.641628265380859,49.087371826171875,40.037044525146484,0,0.025165542960166931,-0.25053873658180237,0.94199186563491821,1.0966626405715942,1.097429633140564,0.9581836462020874,5.8428745269775391,0,0,0,0
66,30,570120,-7.4777975082397461,0.040890414267778397,2.2434680461883545,77.548484802246094,55.690677642822266,37.945667266845703,43.339496612548828,42.030467987060547,0,0.036813709884881973,-0.25153526663780212,0.93005156517028809,1.0920023918151855,1.0797667503356934,0.96884411573410034,4.1679487228393555,0,0,0,0
66,45,570480,-5.0512857437133789,0.046709734946489334,2.1718394756317139,79.105926513671875,55.152099609375,49.242893218994141,38.986801147460938,42.505615234375,0,0.033636614680290222,-0.31371045112609863,0.93878304958343506,1.0920023918151855,1.0797667503356934,0.96884411573410034,4.1679487228393555,0,0,0,0
66,60,570840,-1.9242392778396606,0.045200265944004059,2.3143813610076904,82.158523559570312,55.525638580322266,55.276710510253906,36.933296203613281,40.738746643066406,0,0.019615797325968742,-0.41002100706100464,0.95230841636657715,1.0920023918151855,1.0797667503356934,0.96884411573410034,4.1679487228393555,0,0,0,0
66,75,571200,2.0340206623077393,0.018277665600180626,4.0460429191589355,89.254318237304688,64.481239318847656,30.114200592041016,36.728645324707031,37.442073822021484,0,0.021978387609124184,-0.52218008041381836,0.9680594801902771,1.0920023918151855,1.0797667503356934,0.96884411573410034,4.1679487228393555,0,0,0,0
66,90,571560,7.355370044708252,0.0045771226286888123,4.1283144950866699,87.986251831054688,75.333908081054688,2.0700657367706299,38.553119659423828,34.205055236816406,0,0.023300113156437874,-0.63190102577209473,0.98346811532974243,1.0920023918151855,1.0797667503356934,0.96884411573410034,4.1679487228393555,0,0,0,0
66,105,571920,11.447700500488281,0.00018021480354946107,4.0771932601928711,87.373077392578125,74.761070251464844,0,43.810714721679688,31.257266998291016,0,0.0090712597593665123,-0.72089684009552002,0.99596625566482544,1.0920023918151855,1.0797667503356934,0.96884411573410034,4.1679487228393555,0,0,0,0
66,120,572280,15.530197143554688,0.030622584745287895,4.1040163040161133,86.810279846191406,73.276504516601562,0,50.418903350830078,28.573875427246094,0,0.0035652790684252977,-0.77088081836700439,1.0029855966567993,1.0920023918151855,1.0797667503356934,0.96884411573410034,4.1679487228393555,0,0,0,0
66,135,572640,19.240310668945312,3.3108248317148536E-05,3.7372970581054688,85.967292785644531,71.430107116699219,0,56.343509674072266,26.40553092956543,0,0.01074410043656826,-0.75396615266799927,1.0017067193984985,1.0920023918151855,1.0797667503356934,0.96884411573410034,4.1679487228393555,0,0,0,0
66,150,573000,21.686178207397461,0,3.3860712051391602,84.9420166015625,69.637001037597656,0,59.831809997558594,25.414083480834961,0,0.0034916263539344072,-0.63809341192245483,0.99123823642730713,1.0920023918151855,1.0797667503356934,0.96884411573410034,4.1679487228393555,0,0,0,0
66,165,573360,23.238517761230469,0,2.9302549362182617,83.688369750976562,68.029464721679688,0,61.387935638427734,25.418466567993164,0,0.00046004934119991958,-0.45932233333587646,0.97508710622787476,1.0920023918151855,1.0797667503356934,0.96884411573410034,4.1679487228393555,0,0,0,0
66,180,573720,23.529569625854492,0,2.4436643123626709,82.391593933105469,66.568084716796875,0,62.455513000488281,25.722711563110352,0,0.00083022814942523837,-0.25958511233329773,0.95704197883605957,1.0920023918151855,1.0797667503356934,0.96884411573410034,4.1679487228393555,0,0,0,0
66,195,574080,22.48784065246582,0,1.9612084627151489,81.039894104003906,65.300895690917969,0,63.787712097167969,25.928024291992188,0,0.0015546879731118679,-0.08081403374671936,0.94089090824127197,1.0920023918151855,1.0797667503356934,0.96884411573410034,4.1679487228393555,0,0,0,0
66,210,574440,20.295446395874023,0,1.8287595510482788,79.659904479980469,64.1600341796875,0,66.593086242675781,25.508041381835938,0,0.00091641885228455067,0.035058736801147461,0.93042242527008057,1.0920023918151855,1.0797667503356934,0.96884411573410034,4.1679487228393555,0,0,0,0
66,225,574800,17.090518951416016,0,1.7169396877288818,78.407783508300781,63.0498046875,0,72.310661315917969,23.925214767456055,0,0.00023698214499745518,0.036804318428039551,0.9264141321182251,1.0920023918151855,1.0797667503356934,0.96884411573410034,4.1679487228393555,0,0,0,0
66,240,575160,13.025092124938965,4.6433146394520008E-07,1.6274410486221313,77.3175048828125,61.935855865478516,0,79.190391540527344,21.902843475341797,0,0.0021653391886502504,-0.16144329309463501,0.90642756223678589,1.0920023918151855,1.0797667503356934,0.96884411573410034,4.1679487228393555,0,0,0,0
66,255,575520,8.3365011215209961,1.0370184099883772E-05,1.5751320123672485,77.787803649902344,60.961883544921875,0,84.97149658203125,20.036249160766602,0,0.0035760151222348213,-0.5015031099319458,0.87214404344558716,1.0920023918151855,1.0797667503356934,4.8603348731994629,4.1679487228393555,0,0,1,0
66,270,575880,3.0159411430358887,7.3505125328665599E-06,1.5460493564605713,77.029930114746094,60.162033081054688,0,88.002029418945312,18.337236404418945,0,0.0028089471161365509,-0.89655119180679321,0.83231675624847412,1.0920023918151855,1.0797667503356934,0.96884411573410034,4.1679487228393555,0,0,0,0
66,285,576240,-1.2378308773040771,0.015735721215605736,1.5627011060714722,76.699722290039062,59.221328735351562,0.012085068039596081,88.442100524902344,16.79823112487793,0,0.002514244057238102,-1.2597639560699463,0.79569900035858154,1.0920023918151855,1.0797667503356934,0.96884411573410034,4.1679487228393555,0,0,0,0
66,300,576600,-4.9957938194274902,7.3672495091159362E-06,1.544704794883728,76.797279357910156,58.316665649414062,0.0038580873515456915,86.321846008300781,17.417957305908203,0,0.012817889451980591,-1.5043177604675293,0.77104401588439941,1.0920023918151855,1.0797667503356934,0.96884411573410034,4.1679487228393555,0,0,0,0
66,315,576960,-7.8960356712341309,0.0016185432905331254,1.589606761932373,77.345733642578125,57.536895751953125,0.57398813962936401,78.84173583984375,23.096445083618164,0,0.019714444875717163,-1.5417318344116211,0.767647385597229,1.0920023918151855,1.0797667503356934,0.96884411573410034,4.1679487228393555,0,0,0,0
66,330,577320,-9.7211999893188477,0.010466593317687511,1.8537247180938721,77.301933288574219,56.836864471435547,2.7067151069641113,69.710395812988281,29.827386856079102,0,0.012399567291140556,-1.3269343376159668,0.7940947413444519,1.0920023918151855,1.0797667503356934,0.96884411573410034,4.1679487228393555,0,0,0,0
66,345,577680,-14.043219566345215,0.034340724349021912,1.8973476886749268,76.999435424804688,56.119537353515625,8.1370706558227539,61.438152313232422,35.144989013671875,0,0.018849154934287071,-3.4769711494445801,0.83875167369842529,1.0920023918151855,1.0797667503356934,0.96884411573410034,4.1679487228393555,0,1,0,0
66,360,578040,-10.944430351257324,0.021981401368975639,1.8925144672393799,76.684219360351562,55.460189819335938,17.648706436157227,54.145099639892578,39.056816101074219,0,0.035400073975324631,-0.99512386322021484,0.81010955572128296,1.1034030914306641,1.0413010120391846,1.0801013708114624,4.8740053176879883,0,0,0,0
66,365,578160,-10.83262825012207,0.025367738679051399,1.9075089693069458,76.58984375,55.235897064208984,21.170677185058594,51.911849975585938,40.089424133300781,0,0.038089931011199951,-0.98069870471954346,0.78495490550994873,1.1055142879486084,1.0341776609420776,1.100704550743103,5.0047564506530762,0,0,0,0
67,15,578520,-9.723200798034668,0.13315112888813019,1.9849779605865479,76.344337463378906,54.543289184570312,29.690073013305664,45.750823974609375,42.488548278808594,0,0.029798593372106552,-0.68518829345703125,0.79855966567993164,1.1025956869125366,1.0440249443054199,1.0722227096557617,4.8240060806274414,0,0,0,0
67,30,578880,-8.1408910751342773,0.035363506525754929,2.1538774967193604,76.17999267578125,53.844673156738281,37.863601684570312,40.342128753662109,43.956489562988281,0,0.025863775983452797,-0.79960149526596069,0.76900804042816162,1.1055142879486084,1.0341776609420776,1.100704550743103,5.0047564506530762,0,0,0,0
67,45,579240,-5.7528948783874512,0.029013063758611679,1.9850540161132812,77.456245422363281,53.287994384765625,46.665046691894531,35.981342315673828,44.281982421875,0,0.037698552012443542,-0.84454357624053955,0.80260515213012695,1.1055142879486084,1.0341776609420776,1.100704550743103,5.0047564506530762,0,0,0,0
67,60,579600,-2.6598367691040039,0.036815714091062546,2.1274013519287109,79.646575927734375,53.247673034667969,53.422348022460938,33.622955322265625,42.656803131103516,0,0.036849439144134521,-0.91415965557098389,0.85464775562286377,1.1055142879486084,1.0341776609420776,1.100704550743103,5.0047564506530762,0,0,0,0
67,75,579960,1.2431168556213379,0.026030752807855606,3.5785291194915771,86.985755920410156,59.851783752441406,35.811908721923828,33.201587677001953,39.360076904296875,0,0.015310415998101234,-0.9952315092086792,0.91525441408157349,1.1055142879486084,1.0341776609420776,1.100704550743103,5.0047564506530762,0,0,0,0
67,90,580320,6.6151342391967773,0.011505104601383209,4.1301531791687012,87.255416870117188,73.606338500976562,3.8829054832458496,34.559841156005859,35.955532073974609,0,0.014588376507163048,-1.0745409727096558,0.97454339265823364,1.1055142879486084,1.0341776609420776,1.100704550743103,5.0047564506530762,0,0,0,0
67,105,580680,10.998394966125488,0.027163432911038399,4.1218576431274414,86.116134643554688,73.923629760742188,0,39.278396606445312,32.856430053710938,0,0.019796879962086678,-1.1388697624206543,1.02263343334198,1.1055142879486084,1.0341776609420776,1.100704550743103,5.0047564506530762,0,0,0,0
67,120,581040,15.090005874633789,4.3791433199658059E-06,4.0088591575622559,85.750930786132812,72.74346923828125,0,45.559253692626953,30.028722763061523,0,0.040410276502370834,-1.1749995946884155,1.04964280128479,1.4660282135009766,1.0341776609420776,1.100704550743103,5.0047564506530762,0,0,0,1
67,135,581400,18.468996047973633,2.3595735001435969E-06,3.8539669513702393,85.221656799316406,71.046623229980469,0,51.560779571533203,27.603788375854492,0,0.0019819643348455429,-1.1812012195587158,1.0528233051300049,1.1055142879486084,1.0341776609420776,1.100704550743103,5.0047564506530762,0,0,0,0
67,150,581760,20.955907821655273,0,3.5544142723083496,84.384681701660156,69.268638610839844,0,55.441253662109375,26.221630096435547,0,0.0039582643657922745,-1.1949976682662964,1.0554312467575073,1.1055142879486084,1.0341776609420776,1.100704550743103,5.0047564506530762,0,0,0,0
67,165,582120,22.395586013793945,0,3.1619446277618408,83.4019775390625,67.603103637695312,0,57.582904815673828,25.767656326293945,0,0.0030531564261764288,-1.2162832021713257,1.0594547986984253,1.1055142879486084,1.0341776609420776,1.100704550743103,5.0047564506530762,0,0,0,0
67,180,582480,25.190032958984375,0,2.6638939380645752,82.216606140136719,66.05621337890625,0,58.076950073242188,26.174558639526367,0,0.00063849997241050005,1.9800366163253784,1.0639500617980957,1.1055142879486084,1.0341776609420776,1.100704550743103,5.0047564506530762,1,0,0,0
67,195,582840,21.378227233886719,0,2.2166709899902344,81.188850402832031,64.717872619628906,0,60.129661560058594,25.912723541259766,0,0.00051002443069592118,-1.2613505125045776,1.0679736137390137,1.1055142879486084,1.0341776609420776,1.100704550743103,5.0047564506530762,0,0,0,0
67,210,583200,19.068428039550781,0,1.8617446422576904,80.05535888671875,63.551471710205078,0,64.0421142578125,24.945648193359375,0,0.0019934310112148523,-1.2751469612121582,1.0705815553665161,1.1055142879486084,1.0341776609420776,1.100704550743103,5.0047564506530762,0,0,0,0
67,225,583560,15.882649421691895,1.1659827578114346E-05,1.7713438272476196,78.995254516601562,62.483322143554688,0,70.312149047851562,23.10423469543457,0,0.0015586628578603268,-1.2852344512939453,1.068867564201355,1.1055142879486084,1.0341776609420776,1.100704550743103,5.0047564506530762,0,0,0,0
67,240,583920,11.985171318054199,6.8556241785699967E-06,1.7050185203552246,78.136367797851562,61.438182830810547,0,76.858833312988281,21.142257690429688,0,0.00048771602450869977,-1.3588647842407227,1.0471502542495728,1.1055142879486084,1.0341776609420776,1.100704550743103,5.0047564506530762,0,0,0,0
67,255,584280,7.6429543495178223,4.5449621666193707E-07,1.6641703844070435,77.505111694335938,60.425441741943359,0,82.166282653808594,19.348838806152344,0,0.0020577958784997463,-1.4851651191711426,1.0098979473114014,1.1055142879486084,1.0341776609420776,1.100704550743103,5.0047564506530762,0,0,0,0
67,270,584640,2.5159294605255127,0.030092373490333557,1.7185225486755371,77.113754272460938,59.449600219726562,0,84.708465576171875,17.711786270141602,0,0.0069192387163639069,-1.6318883895874023,0.96662181615829468,1.1055142879486084,1.0341776609420776,1.100704550743103,5.0047564506530762,0,0,0,0
67,285,585000,-1.5911294221878052,2.7058096748078242E-05,1.6529855728149414,77.019828796386719,58.546596527099609,5.3670217312173918E-05,84.985160827636719,16.248674392700195,0,0.0072122523561120033,-1.7667878866195679,0.92683309316635132,1.1055142879486084,1.0341776609420776,1.100704550743103,5.0047564506530762,0,0,0,0
67,300,585360,-5.245976448059082,0.00027649296680465341,1.6794624328613281,77.475555419921875,57.818187713623047,0.42072105407714844,82.574317932128906,17.190935134887695,0,0.0045648915693163872,-1.857616662979126,0.90004312992095947,1.1055142879486084,1.0341776609420776,1.100704550743103,5.0047564506530762,0,0,0,0
67,315,585720,-8.1390352249145508,0.0030275322496891022,1.7443313598632812,78.185325622558594,57.260276794433594,2.3419702053070068,75.076492309570312,22.900522232055664,0,0.013114049099385738,-1.8639004230499268,0.89241516590118408,1.1055142879486084,1.0341776609420776,1.100704550743103,5.0047564506530762,0,0,0,0
67,330,586080,-10.032221794128418,0.012712734751403332,2.0945148468017578,77.971923828125,56.615432739257812,6.4770221710205078,66.289657592773438,29.313760757446289,0,0.024121986702084541,-1.6869378089904785,0.87088382244110107,1.1055142879486084,1.0341776609420776,1.100704550743103,5.0047564506530762,0,0,0,0
67,345,586440,-10.956844329833984,0.020927149802446365,2.1323401927947998,77.639289855957031,55.932418823242188,12.753918647766113,58.417980194091797,34.290695190429688,0,0.019115693867206573,-1.3881319761276245,0.83452779054641724,1.1055142879486084,1.0341776609420776,1.100704550743103,5.0047564506530762,0,0,0,0
67,360,586800,-9.0177373886108398,0.088455773890018463,2.1328365802764893,77.297210693359375,55.308666229248047,18.041118621826172,51.481990814208984,37.943737030029297,0,0.071908421814441681,0.80102431774139404,0.88302844762802124,1.4735258817672729,1.1686528921127319,1.086783766746521,3.0643091201782227,0,0,0,0
67,365,586920,-8.5656299591064453,0.024752341210842133,2.1329598426818848,77.206153869628906,55.096752166748047,20.588508605957031,49.36688232421875,38.894466400146484,0,0.08536665141582489,1.2179708480834961,0.89313465356826782,1.5416761636734009,1.1935557126998901,1.0842058658599854,2.7049670219421387,0,0,0,0
68,15,587280,-7.8949031829833984,0.029791275039315224,2.1789665222167969,76.977218627929688,54.434108734130859,28.461891174316406,43.517284393310547,41.099525451660156,0,0.084438450634479523,0.88790524005889893,0.85599136352539062,1.447465181350708,1.1591300964355469,1.087769627571106,3.2017216682434082,0,0,0,0
68,30,587640,-5.7407932281494141,0.043420445173978806,2.136763334274292,77.896980285644531,53.932075500488281,35.238418579101562,38.880840301513672,41.938690185546875,0,0.099840857088565826,1.3415789604187012,0.88803887367248535,1.5416761636734009,1.1935557126998901,1.0842058658599854,2.7049670219421387,0,0,0,0
68,45,588000,-3.3062975406646729,0.057237476110458374,2.2095949649810791,79.713615417480469,53.802829742431641,47.508266448974609,36.048538208007812,40.950794219970703,0,0.087462149560451508,1.2351028919219971,0.92249077558517456,1.5416761636734009,1.1935557126998901,1.0842058658599854,2.7049670219421387,0,0,0,0
68,60,588360,-0.099816776812076569,0.15689927339553833,3.3470032215118408,86.125587463378906,58.197589874267578,37.220806121826172,35.171337127685547,38.199012756347656,0,0.08464764803647995,1.07016921043396,0.97585725784301758,1.5416761636734009,1.1935557126998901,1.0842058658599854,2.7049670219421387,0,0,0,0
68,75,588720,4.1931204795837402,0.016255345195531845,4.5862836837768555,88.561027526855469,73.869827270507812,4.8536901473999023,35.492649078369141,34.917705535888672,0,0.076839275658130646,0.87809473276138306,1.0380057096481323,1.5416761636734009,1.1935557126998901,1.0842058658599854,2.7049670219421387,0,0,0,0
68,90,589080,8.9843711853027344,0.0030310065485537052,4.7680659294128418,87.026809692382812,77.014572143554688,0.10569120198488235,38.204021453857422,31.900365829467773,0,0.073137767612934113,0.69019556045532227,1.0988030433654785,1.5431604385375977,1.1935557126998901,1.0842058658599854,2.7049670219421387,0,0,0,0
68,105,589440,13.112807273864746,2.6500863896217197E-05,4.9031338691711426,86.793136596679688,76.126808166503906,0,43.381412506103516,29.149843215942383,0,0.0376724973320961,0.53778862953186035,1.1481165885925293,1.5416761636734009,1.1935557126998901,1.0842058658599854,2.7049670219421387,0,0,0,0
68,120,589800,17.102602005004883,2.2941480892768595E-06,4.8922042846679688,86.822952270507812,74.993125915527344,0,49.317268371582031,26.637012481689453,0,0.039377562701702118,0.452190101146698,1.1758131980895996,1.5416761636734009,1.1935557126998901,1.0842058658599854,2.7049670219421387,0,0,0,0
68,135,590160,20.55183219909668,0,4.7270045280456543,85.982345581054688,73.211769104003906,0,54.186508178710938,24.826889038085938,0,0.032842490822076797,0.44782355427742004,1.1788657903671265,1.5416761636734009,1.1935557126998901,1.0842058658599854,2.7049670219421387,0,0,0,0
68,150,590520,22.91749382019043,0,4.4653873443603516,85.209587097167969,71.233993530273438,0,56.555789947509766,24.267950057983398,0,0.012608365155756474,0.46980103850364685,1.1804356575012207,1.5416761636734009,1.1935557126998901,1.0842058658599854,2.7049670219421387,0,0,0,0
68,165,590880,24.291641235351562,0,4.0641260147094727,84.204849243164062,69.476837158203125,0,57.569572448730469,24.462692260742188,0,0.0099033936858177185,0.50370842218399048,1.1828577518463135,1.5416761636734009,1.1935557126998901,1.0842058658599854,2.7049670219421387,0,0,0,0
68,180,591240,24.321567535400391,0,3.5742104053497314,83.084846496582031,67.921539306640625,0,58.387569427490234,24.830217361450195,0,0.014122135937213898,0.54159241914749146,1.1855640411376953,1.5416761636734009,1.1935557126998901,1.0842058658599854,2.7049670219421387,0,0,0,0
68,195,591600,23.103555679321289,0.00049033429240807891,3.063420295715332,81.923797607421875,66.54022216796875,0,59.553089141845703,25.061305999755859,0,0.0086299693211913109,0.5754997730255127,1.1879860162734985,1.5416761636734009,1.1935557126998901,1.0842058658599854,2.7049670219421387,0,0,0,0
68,210,591960,20.689069747924805,0,2.5606575012207031,80.782035827636719,65.307861328125,0,62.195011138916016,24.683864593505859,0,0.098742224276065826,0.5974772572517395,1.1895560026168823,2.1707127094268799,1.1935557126998901,1.0842058658599854,2.7049670219421387,0,0,0,1
68,225,592320,17.420373916625977,0,2.1227407455444336,79.703559875488281,64.166557312011719,0,67.751251220703125,23.184627532958984,0,0.0098298126831650734,0.60071778297424316,1.186888575553894,1.5416761636734009,1.1935557126998901,1.0842058658599854,2.7049670219421387,0,0,0,0
68,240,592680,13.474350929260254,0,1.964992880821228,78.6810302734375,63.085071563720703,0,74.550666809082031,21.231176376342773,0,0.018731582909822464,0.59175145626068115,1.1577175855636597,1.5416761636734009,1.1935557126998901,1.0842058658599854,2.7049670219421387,0,0,0,0
68,255,593040,9.3103256225585938,0,1.915613055229187,77.88763427734375,62.063571929931641,0,80.356895446777344,19.426425933837891,0,0.013852204196155071,0.57637125253677368,1.1076794862747192,1.5416761636734009,1.1935557126998901,1.0842058658599854,2.7049670219421387,0,0,0,0
68,270,593400,4.2268671989440918,1.5837396858842112E-05,1.8975220918655396,77.384696960449219,61.117420196533203,0,83.822059631347656,17.778970718383789,0,0.013702075928449631,0.55850404500961304,1.0495502948760986,1.5416761636734009,1.1935557126998901,1.0842058658599854,2.7049670219421387,0,0,0,0
68,285,593760,0.32487630844116211,8.5189770970828249E-07,1.8913764953613281,77.055526733398438,60.299606323242188,3.971788942180865E-08,84.641830444335938,16.274257659912109,0,0.03411073237657547,0.5420767068862915,0.99610549211502075,1.5416761636734009,1.1935557126998901,1.0842058658599854,2.7049670219421387,0,0,0,0
68,300,594120,-3.179678201675415,1.7477638039054E-06,1.9111576080322266,77.219451904296875,59.596416473388672,0.002389795845374465,84.06634521484375,15.467954635620117,0,0.049625895917415619,0.53101605176925659,0.9601207971572876,1.5416761636734009,1.1935557126998901,1.0842058658599854,2.7049670219421387,0,0,0,0
68,315,594480,-6.0036964416503906,0.00084293191321194172,1.9550918340682983,77.836074829101562,58.966819763183594,0.61325019598007202,79.499839782714844,18.534296035766602,0,0.047976471483707428,0.53921496868133545,0.95122826099395752,1.5416761636734009,1.1935557126998901,1.0842058658599854,2.7049670219421387,0,0,0,0
68,330,594840,-7.8724489212036133,0.01130960788577795,2.0429072380065918,78.59808349609375,58.398021697998047,2.7438831329345703,71.521263122558594,24.5726318359375,0,0.065086886286735535,0.67521387338638306,0.93958830833435059,1.5416761636734009,1.1935557126998901,1.0842058658599854,2.7049670219421387,0,0,0,0
68,345,595200,-8.7714147567749023,0.10920938849449158,2.190544605255127,78.478675842285156,57.677902221679688,8.1642589569091797,63.222015380859375,30.373392105102539,0,0.080475799739360809,0.90485137701034546,0.91993403434753418,1.5416761636734009,1.1935557126998901,1.0842058658599854,2.7049670219421387,0,0,0,0
68,360,595560,-9.4814844131469727,0.033493123948574066,2.3050854206085205,78.218185424804688,56.908466339111328,16.03498649597168,55.750503540039062,34.872596740722656,0,0.044085271656513214,0.46759882569313049,0.97800064086914062,1.2357048988342285,1.0147427320480347,1.1166462898254395,3.3326730728149414,0,0,0,0
68,365,595680,-9.462580680847168,0.028670202940702438,2.3447575569152832,78.132980346679688,56.657157897949219,17.687211990356445,53.454120635986328,36.096706390380859,0,0.035874646157026291,0.34602934122085571,0.98872834444046021,1.1790435314178467,0.98162925243377686,1.1226538419723511,3.4489150047302246,0,0,0,0
69,15,596040,-12.084442138671875,0.06672435998916626,2.4734811782836914,77.958511352539062,55.904392242431641,28.13569450378418,47.165229797363281,38.957839965820312,0,0.0456419438123703,-2.1682872772216797,0.95966929197311401,1.2573721408843994,1.0274053812026978,1.1143491268157959,3.2882223129272461,0,1,0,0
69,30,596400,-6.8812718391418457,0.051031395792961121,2.608940601348877,77.788955688476562,55.139003753662109,64.395416259765625,41.567359924316406,40.831180572509766,0,0.044787440448999405,0.021060377359390259,0.98399561643600464,1.1790435314178467,0.98162925243377686,2.2210090160369873,3.4489150047302246,0,0,1,0
69,45,596760,-4.3348360061645508,0.20804862678050995,2.4776852130889893,79.594017028808594,54.5584716796875,74.24609375,37.659801483154297,40.966529846191406,0,0.046962715685367584,0.33123117685317993,0.99960267543792725,1.1790435314178467,0.98162925243377686,1.1226538419723511,3.4489150047302246,0,0,0,0
69,60,597120,-1.0645841360092163,0.05838264524936676,2.8256275653839111,84.343154907226562,56.511238098144531,72.729248046875,36.157146453857422,38.799758911132812,0,0.025046451017260551,0.30065003037452698,1.0237782001495361,1.1790435314178467,0.98162925243377686,1.1226538419723511,3.4489150047302246,0,0,0,0
69,75,597480,3.0802707672119141,0.018001986667513847,4.9859633445739746,92.083732604980469,72.254829406738281,32.777927398681641,36.178329467773438,35.522705078125,0,0.024284044280648232,0.26503658294677734,1.0519318580627441,1.1790435314178467,0.98162925243377686,1.1226538419723511,3.4489150047302246,0,0,0,0
69,90,597840,8.3859109878540039,0.0053126197308301926,4.987311840057373,89.216758728027344,83.255607604980469,0.70106744766235352,38.341102600097656,32.445560455322266,0,0.031221015378832817,0.23019731044769287,1.0794737339019775,1.1790435314178467,0.98162925243377686,1.1226538419723511,3.4489150047302246,0,0,0,0
69,105,598200,12.715793609619141,0.045766692608594894,5.1633024215698242,88.703147888183594,82.257270812988281,0,43.573692321777344,29.649566650390625,0,0.018013523891568184,0.20193879306316376,1.1018130779266357,1.1790435314178467,0.98162925243377686,1.1226538419723511,3.4489150047302246,0,0,0,0
69,120,598560,16.812870025634766,1.5086829989741091E-05,5.0305576324462891,88.200103759765625,80.587860107421875,0,49.725685119628906,27.109460830688477,0,0.0057550943456590176,0.18606756627559662,1.1143598556518555,1.1790435314178467,0.98162925243377686,1.1226538419723511,3.4489150047302246,0,0,0,0
69,135,598920,20.137243270874023,5.6305896123376442E-07,4.8772983551025391,87.472137451171875,78.5247802734375,0,54.985969543457031,25.172636032104492,0,0.0073309419676661491,0.21267318725585938,1.1158174276351929,1.1790435314178467,0.98162925243377686,1.1226538419723511,3.4489150047302246,0,0,0,0
69,150,599280,22.751605987548828,0,4.5777735710144043,86.519241333007812,76.451065063476562,0,57.574409484863281,24.544366836547852,0,0.0072781839407980442,0.36187726259231567,1.1169239282608032,1.1790435314178467,0.98162925243377686,1.1226538419723511,3.4489150047302246,0,0,0,0
69,165,599640,24.37574577331543,0,4.1239614486694336,85.346824645996094,74.517951965332031,0,58.659446716308594,24.731424331665039,0,0.0018320888048037887,0.59207266569137573,1.1186310052871704,1.1790435314178467,0.98162925243377686,1.1226538419723511,3.4489150047302246,0,0,0,0
69,180,600000,24.665048599243164,0,3.6071796417236328,84.124702453613281,72.785781860351562,0,59.398845672607422,25.154975891113281,0,0.0010410528630018234,0.84926533699035645,1.1205382347106934,1.1790435314178467,0.98162925243377686,1.1226538419723511,3.4489150047302246,0,0,0,0
69,195,600360,23.687471389770508,0,3.0823352336883545,82.864830017089844,71.194297790527344,0,60.378932952880859,25.476108551025391,0,0.0025286749005317688,1.0794608592987061,1.1222454309463501,1.1790435314178467,0.98162925243377686,1.1226538419723511,3.4489150047302246,0,0,0,0
69,210,600720,21.412408828735352,0,2.6183223724365234,81.6566162109375,69.717430114746094,0,62.577217102050781,25.269094467163086,0,0.0014825710095465183,1.2286648750305176,1.1233519315719604,1.1790435314178467,0.98162925243377686,1.1226538419723511,3.4489150047302246,0,0,0,0
69,225,601080,18.263151168823242,0,2.2071633338928223,80.496353149414062,68.329116821289062,0,67.62567138671875,23.943611145019531,0,0.00043224191176705062,1.244952917098999,1.1223551034927368,1.1790435314178467,0.98162925243377686,1.1226538419723511,3.4489150047302246,0,0,0,0
69,240,601440,14.170526504516602,0,1.8789589405059814,79.50665283203125,67.000457763671875,0,74.510566711425781,21.942764282226562,0,0.0016565574333071709,1.1278641223907471,1.110487699508667,1.1790435314178467,0.98162925243377686,1.1226538419723511,3.4489150047302246,0,0,0,0
69,255,601800,9.7371034622192383,1.6365809187846025E-06,1.8010728359222412,78.737663269042969,65.709022521972656,0,80.507102966308594,20.075216293334961,0,0.0054912599734961987,0.92701822519302368,1.0901312828063965,1.1790435314178467,0.98162925243377686,1.1226538419723511,3.4489150047302246,0,0,0,0
69,270,602160,4.5690898895263672,0.02895212359726429,1.8301615715026855,78.276557922363281,64.504348754882812,0,84.225578308105469,18.370046615600586,0,0.0064309732988476753,0.693695068359375,1.0664832592010498,1.1790435314178467,0.98162925243377686,1.1226538419723511,3.4489150047302246,0,0,0,0
69,285,602520,0.40176567435264587,2.5136926069535548E-06,1.758171558380127,78.201347351074219,63.354114532470703,9.8605607945501106E-07,85.131385803222656,16.812253952026367,0,0.0042064054869115353,0.47917449474334717,1.0447409152984619,1.1790435314178467,0.98162925243377686,1.1226538419723511,3.4489150047302246,0,0,0,0
69,300,602880,-3.2573137283325195,3.8284448237391189E-05,1.7839499711990356,78.702041625976562,62.294498443603516,0.021647365763783455,84.538070678710938,15.980060577392578,0,0.011926515959203243,0.3347364068031311,1.0301015377044678,1.1790435314178467,0.98162925243377686,1.1226538419723511,3.4489150047302246,0,0,0,0
69,315,603240,-6.1883645057678223,0.0017322844360023737,1.8288283348083496,79.511367797851562,61.300090789794922,2.4570887088775635,79.773231506347656,19.190999984741211,0,0.024461060762405396,0.3033718466758728,1.0262657403945923,1.1790435314178467,0.98162925243377686,1.1226538419723511,3.4489150047302246,0,0,0,0
69,330,603600,-8.1674318313598633,0.035243645310401917,1.9279485940933228,80.217582702636719,60.443019866943359,4.5980277061462402,71.561363220214844,25.394636154174805,0,0.020571766421198845,0.31191891431808472,1.0187445878982544,1.1790435314178467,0.98162925243377686,1.1226538419723511,3.4489150047302246,0,0,0,0
69,345,603960,-9.3161764144897461,0.016079053282737732,2.1014242172241211,80.000411987304688,59.480670928955078,11.438319206237793,63.169746398925781,31.209218978881836,0,0.022284584119915962,0.3263508677482605,1.006044864654541,1.1790435314178467,0.98162925243377686,1.1226538419723511,3.4489150047302246,0,0,0,0
69,360,604320,-10.767178535461426,0.022650055587291718,2.2014727592468262,79.725982666015625,58.554508209228516,20.520046234130859,55.676662445068359,35.654144287109375,0,0.025001395493745804,-1.1381938457489014,0.70741057395935059,1.5397526025772095,0.85983538627624512,1.1334748268127441,-6.9286026954650879,0,0,0,1
69,365,604440,-10.62263011932373,0.10177327692508698,2.2298455238342285,79.6207275390625,58.280490875244141,22.511980056762695,53.380527496337891,36.853752136230469,0,0.035587500780820847,-1.4621105194091797,0.65565413236618042,1.0939033031463623,0.8372809886932373,1.1354787349700928,-8.8503646850585938,0,0,0,0
70,15,604800,-9.1146183013916016,0.033854816108942032,2.3523070812225342,79.284370422363281,57.508876800537109,33.449359893798828,47.0526123046875,39.685474395751953,0,0.036126531660556793,-1.1455632448196411,0.72758191823959351,1.1122936010360718,0.86846023797988892,1.1327085494995117,-6.1937203407287598,0,0,0,0
70,30,605160,-6.8897771835327148,0.053913217037916183,2.3966543674468994,79.358047485351562,56.768924713134766,39.426044464111328,41.597492218017578,41.444423675537109,0,0.021777745336294174,-1.5341150760650635,0.65573006868362427,1.0939033031463623,0.8372809886932373,1.1354787349700928,-8.8503646850585938,0,0,0,0
70,45,605520,-3.7734465599060059,0.017155079171061516,2.4077718257904053,80.9354248046875,56.397804260253906,44.140464782714844,37.941669464111328,41.315475463867188,0,0.030223825946450233,-1.3847227096557617,0.64585930109024048,1.0939033031463623,0.8372809886932373,1.1354787349700928,-8.8503646850585938,0,0,0,0
70,60,605880,0.15113760530948639,0.0098186442628502846,3.0392334461212158,85.588699340820312,58.429229736328125,34.832450866699219,36.902156829833984,38.717380523681641,0,0.031224114820361137,-1.153311014175415,0.63056927919387817,1.0939033031463623,0.8372809886932373,1.1354787349700928,-8.8503646850585938,0,0,0,0
70,75,606240,5.0541276931762695,6.9775778683833778E-05,4.0261611938476562,87.950782775878906,70.373321533203125,4.2483692169189453,37.407520294189453,35.40277099609375,0,0.014628171920776367,-0.88381880521774292,0.61276310682296753,1.0939033031463623,0.8372809886932373,1.1354787349700928,-8.8503646850585938,0,0,0,0
70,90,606600,10.442313194274902,0,3.9942753314971924,85.914924621582031,71.25250244140625,0,40.949115753173828,32.361785888671875,0,0.0068487045355141163,-0.62018513679504395,0.59534406661987305,1.0939033031463623,0.8372809886932373,1.1354787349700928,-8.8503646850585938,0,0,0,0
70,105,606960,14.640923500061035,2.6956108740705531E-06,3.8933589458465576,85.37896728515625,69.172676086425781,0,46.808429718017578,29.585159301757812,0,0.011532249860465527,-0.40634900331497192,0.5812152624130249,1.0939033031463623,0.8372809886932373,1.1354787349700928,-8.8503646850585938,0,0,0,0
70,120,607320,18.395866394042969,0,3.5978875160217285,84.596282958984375,67.2532958984375,0,52.945503234863281,27.113796234130859,0,0.0071986615657806396,-0.28624922037124634,0.5732799768447876,1.0939033031463623,0.8372809886932373,1.1354787349700928,-8.8503646850585938,0,0,0,0
70,135,607680,21.186168670654297,0,3.1614079475402832,83.560150146484375,65.641853332519531,0,57.154403686523438,25.618675231933594,0,0.0014051396865397692,-0.27619174122810364,0.5698508620262146,1.0939033031463623,0.8372809886932373,1.1354787349700928,-8.8503646850585938,0,0,0,0
70,150,608040,22.946670532226562,0,2.6102550029754639,82.321250915527344,64.315338134765625,0,59.087600708007812,25.294919967651367,0,0.0023646317422389984,-0.28621804714202881,0.55587822198867798,1.0939033031463623,0.8372809886932373,1.1354787349700928,-8.8503646850585938,0,0,0,0
70,165,608400,23.496255874633789,0,2.0319035053253174,80.99041748046875,63.146549224853516,0,60.187858581542969,25.485488891601562,0,0.0020292808767408133,-0.30168682336807251,0.5343208909034729,1.0939033031463623,0.8372809886932373,1.1354787349700928,-8.8503646850585938,0,0,0,0
70,180,608760,27.034822463989258,0,1.70537269115448,79.633094787597656,62.070201873779297,0,61.116104125976562,25.84196662902832,0,0.0011079602409154177,2.9604952335357666,0.51023536920547485,1.0939033031463623,0.8372809886932373,1.1354787349700928,-8.8503646850585938,1,0,0,0
70,195,609120,20.988470077514648,0,1.5065644979476929,78.324676513671875,61.044612884521484,0,61.894195556640625,26.298883438110352,0,0.0002172225940739736,-0.33443859219551086,0.48867806792259216,1.0939033031463623,0.8372809886932373,1.1354787349700928,-8.8503646850585938,0,0,0,0
70,210,609480,18.127729415893555,0,1.3347671031951904,77.1199951171875,60.007049560546875,0,66.300399780273438,25.232646942138672,0,0.0013451597187668085,-0.34446489810943604,0.47470545768737793,1.0939033031463623,0.8372809886932373,1.1354787349700928,-8.8503646850585938,0,0,0,0
70,225,609840,14.457625389099121,0,1.1961444616317749,75.9483642578125,59.026596069335938,0,73.176589965820312,23.253259658813477,0,0.002023214241489768,-0.35415518283843994,0.47422540187835693,1.0939033031463623,0.8372809886932373,1.1354787349700928,-8.8503646850585938,0,0,0,0
70,240,610200,10.210217475891113,0,1.1135103702545166,74.863265991210938,58.100860595703125,0,79.909912109375,21.276704788208008,0,0.0016952002188190818,-0.43088579177856445,0.49547842144966125,1.0939033031463623,0.8372809886932373,1.1354787349700928,-8.8503646850585938,0,0,0,0
70,255,610560,5.7327141761779785,0,1.0531305074691772,73.889472961425781,57.266975402832031,0,84.876182556152344,19.473197937011719,0,0.0013342361198738217,-0.56250399351119995,0.53193432092666626,1.0939033031463623,0.8372809886932373,1.1354787349700928,-8.8503646850585938,0,0,0,0
70,270,610920,0.59875714778900146,1.2829899276312062E-07,1.0164682865142822,73.126861572265625,56.479995727539062,0,86.586647033691406,17.82684326171875,0,0.0065805800259113312,-0.71540510654449463,0.57428520917892456,1.0939033031463623,0.8372809886932373,1.1354787349700928,-8.8503646850585938,0,0,0,0
70,285,611280,-3.4128553867340088,0.005909317173063755,1.0093212127685547,72.797683715820312,55.725044250488281,0.10735888779163361,86.25885009765625,16.703298568725586,0,0.011486339382827282,-0.85598462820053101,0.61322319507598877,1.0939033031463623,0.8372809886932373,1.1354787349700928,-8.8503646850585938,0,0,0,0
70,300,611640,-6.5857815742492676,9.6357980510219932E-05,1.0244458913803101,73.213722229003906,54.995780944824219,0.26520049571990967,81.603004455566406,19.755870819091797,0,0.0082196556031703949,-0.95063769817352295,0.63944041728973389,1.0939033031463623,0.8372809886932373,1.1354787349700928,-8.8503646850585938,0,0,0,0
70,315,612000,-8.9626798629760742,0.062957890331745148,1.1621361970901489,73.746574401855469,54.308807373046875,1.4297133684158325,72.993751525878906,26.292755126953125,0,0.013778837397694588,-0.97920858860015869,0.64541566371917725,1.0939033031463623,0.8372809886932373,1.1354787349700928,-8.8503646850585938,0,0,0,0
70,330,612360,-14.883260726928711,0.029776575043797493,1.5236411094665527,73.65289306640625,53.575099945068359,4.7303633689880371,64.361717224121094,32.263393402099609,0,0.026442460715770721,-4.6262507438659668,0.64746701717376709,1.0939033031463623,0.8372809886932373,1.1354787349700928,-8.8503646850585938,0,1,0,0
70,345,612720,-11.185839653015137,0.072761349380016327,1.5046020746231079,73.564193725585938,52.760044097900391,11.894858360290527,56.718597412109375,36.764636993408203,0,0.027098733931779861,-1.239341139793396,0.65093094110488892,1.0939033031463623,0.8372809886932373,1.1354787349700928,-8.8503646850585938,0,0,0,0
70,360,613080,-11.076059341430664,0.048213157802820206,1.5118688344955444,73.485092163085938,51.953025817871094,24.528371810913086,49.983325958251953,39.993618011474609,0,0.015682939440011978,-1.3548107147216797,1.1291811466217041,1.0491478443145752,0.93167769908905029,1.1934797763824463,-5.8433361053466797,0,0,0,0
70,365,613200,-10.910460472106934,0.11802375316619873,1.5254858732223511,73.454353332519531,51.691562652587891,29.842557907104492,47.920955657958984,40.824310302734375,0,0.019033219665288925,-1.4308722019195557,1.2178671360015869,1.0408598184585571,0.94915854930877686,1.2042206525802612,-5.2864789962768555,0,0,0,0
71,15,613560,-9.6485776901245117,0.065271593630313873,1.5931993722915649,73.355056762695312,50.949691772460938,43.472808837890625,42.231250762939453,42.691169738769531,0,0.035398300737142563,-1.5903745889663696,1.0980887413024902,1.0523172616958618,0.92499297857284546,1.1893724203109741,-6.0562782287597656,0,0,0,0
71,30,613920,-7.5476655960083008,0.093820206820964813,1.7027676105499268,73.357475280761719,50.264675140380859,71.659255981445312,37.258144378662109,43.654949188232422,0,0.03353118896484375,-1.5631155967712402,1.2127896547317505,1.0408598184585571,0.94915854930877686,1.2042206525802612,-5.2864789962768555,0,0,0,0
71,45,614280,-4.5101718902587891,0.23115824162960052,1.5823668241500854,75.005546569824219,49.697330474853516,92.905204772949219,33.593879699707031,43.274974822998047,0,0.018520351499319077,-1.3361760377883911,1.1815962791442871,1.0408598184585571,0.94915854930877686,1.2042206525802612,-5.2864789962768555,0,0,0,0
71,60,614640,-0.65671771764755249,0.060608062893152237,1.8508473634719849,82.223648071289062,52.501461029052734,96.62109375,32.254684448242188,40.709682464599609,0,0.017545949667692184,-0.98464226722717285,1.1332769393920898,1.0408598184585571,0.94915854930877686,1.2042206525802612,-5.2864789962768555,0,0,0,0
71,75,615000,4.0309901237487793,0.016634555533528328,4.3974518775939941,92.004417419433594,74.871849060058594,42.095146179199219,32.417507171630859,37.204319000244141,0,0.024193150922656059,-0.57526129484176636,1.0770063400268555,1.0408598184585571,0.94915854930877686,1.2042206525802612,-5.2864789962768555,0,0,0,0
71,90,615360,9.876551628112793,0.11369788646697998,4.5664591789245605,88.731292724609375,84.9560546875,0.83001679182052612,35.107746124267578,33.989795684814453,0,0.012422539293766022,-0.17477971315383911,1.0219589471817017,1.0408598184585571,0.94915854930877686,1.2042206525802612,-5.2864789962768555,0,0,0,0
71,105,615720,14.471369743347168,2.9001063012401573E-05,4.1215381622314453,88.01312255859375,83.57452392578125,0,40.611038208007812,31.062965393066406,0,0.0037653900217264891,0.15005511045455933,0.9773094654083252,1.0408598184585571,0.94915854930877686,1.2042206525802612,-5.2864789962768555,0,0,0,0
71,120,616080,18.317230224609375,1.0917418649114552E-06,3.9459226131439209,87.082893371582031,81.615638732910156,0,46.657272338867188,28.437063217163086,0,0.0053056939505040646,0.33249670267105103,0.95223236083984375,1.0408598184585571,0.94915854930877686,1.2042206525802612,-5.2864789962768555,0,0,0,0
71,135,616440,21.387252807617188,0.026685222983360291,3.7481231689453125,86.007453918457031,79.62091064453125,0,50.938262939453125,26.71728515625,0,0.0041132019832730293,0.3389735221862793,0.95812106132507324,1.0408598184585571,0.94915854930877686,1.2042206525802612,-5.2864789962768555,0,0,0,0
71,150,616800,23.324150085449219,0,3.3454327583312988,84.791648864746094,77.660308837890625,0,52.928535461425781,26.140460968017578,0,0.00081159657565876842,0.27715128660202026,1.0025045871734619,1.0408598184585571,0.94915854930877686,1.2042206525802612,-5.2864789962768555,0,0,0,0
71,165,617160,24.05729866027832,0,2.9753761291503906,83.555496215820312,75.789505004882812,0,54.127513885498047,26.068973541259766,0,0.00054304755758494139,0.1817704439163208,1.0709805488586426,1.0408598184585571,0.94915854930877686,1.2042206525802612,-5.2864789962768555,0,0,0,0
71,180,617520,23.376300811767578,0.011726529337465763,2.6252717971801758,82.379852294921875,74.002128601074219,0,55.374824523925781,26.088321685791016,0,0.0012660818174481392,0.075203418731689453,1.1474871635437012,1.0408598184585571,0.94915854930877686,1.2042206525802612,-5.2864789962768555,0,0,0,0
71,195,617880,21.736757278442383,0,2.1430172920227051,81.294265747070312,72.249984741210938,0,57.335197448730469,25.878471374511719,0,0.00049441901501268148,-0.02017742395401001,1.2159631252288818,1.0408598184585571,0.94915854930877686,1.2042206525802612,-5.2864789962768555,0,0,0,0
71,210,618240,19.993072509765625,0,1.755018949508667,80.294822692871094,70.638580322265625,0,61.36309814453125,24.911933898925781,0,8.6608997662551701E-05,0.55142492055892944,1.2603466510772705,1.0408598184585571,0.94915854930877686,1.2042206525802612,-5.2864789962768555,0,0,0,0
71,225,618600,17.582759857177734,0.00012196472380310297,1.5225881338119507,79.249374389648438,69.100250244140625,0,65.149803161621094,24.050752639770508,0,0.00055019563296809793,2.7840721607208252,1.2679985761642456,1.0408598184585571,0.94915854930877686,1.2042206525802612,-5.2864789962768555,1,0,0,0
71,240,618960,11.176034927368164,3.730301159521332E-06,1.432060718536377,78.525947570800781,67.629867553710938,0,72.127204895019531,22.006931304931641,0,0.0018342508701607585,-0.15919351577758789,1.260791540145874,1.0408598184585571,0.94915854930877686,1.2042206525802612,-5.2864789962768555,0,0,0,0
71,255,619320,6.7459287643432617,7.9993214967544191E-06,1.3902159929275513,78.176826477050781,66.226631164550781,0,77.508834838867188,20.133354187011719,0,0.0023984077852219343,-0.26120868325233459,1.2484290599822998,1.0408598184585571,0.94915854930877686,1.2042206525802612,-5.2864789962768555,0,0,0,0
71,270,619680,1.4693175554275513,0.0040055965073406696,1.4117836952209473,78.306678771972656,64.930747985839844,0.00012901208538096398,79.715797424316406,18.42155647277832,0,0.0045737084001302719,-0.37971988320350647,1.2340675592422485,1.3177332878112793,0.94915854930877686,1.2042206525802612,-5.2864789962768555,0,0,0,1
71,285,620040,-2.287224292755127,7.9035526141524315E-05,1.3596047163009644,78.641143798828125,63.781253814697266,0.00020430581935215741,79.778457641601562,16.972688674926758,0,0.0061678234487771988,-0.48868077993392944,1.2208633422851562,1.0408598184585571,0.94915854930877686,1.2042206525802612,-5.2864789962768555,0,0,0,0
71,300,620400,-5.7082538604736328,0.0010244238656014204,1.3971896171569824,79.651451110839844,62.781650543212891,3.0817024707794189,76.68408203125,18.500869750976562,0,0.013677384704351425,-0.56204485893249512,1.2119729518890381,1.0408598184585571,0.94915854930877686,1.2042206525802612,-5.2864789962768555,0,0,0,0
71,315,620760,-8.228856086730957,0.02301485650241375,1.4771701097488403,80.373458862304688,61.985527038574219,9.5812520980834961,69.264183044433594,24.007778167724609,0,0.010542438365519047,-0.59148865938186646,1.2101227045059204,1.0408598184585571,0.94915854930877686,1.2042206525802612,-5.2864789962768555,0,0,0,0
71,330,621120,-9.9482183456420898,0.023329397663474083,1.8610439300537109,80.0970458984375,60.941970825195312,16.126054763793945,61.128761291503906,29.696746826171875,0,0.0093445731326937675,-0.75967174768447876,1.2116744518280029,1.0408598184585571,0.94915854930877686,1.2042206525802612,-5.2864789962768555,0,0,0,0
71,345,621480,-10.948814392089844,0.038888134062290192,1.8550311326980591,79.753311157226562,59.888053894042969,31.297187805175781,53.872814178466797,34.031593322753906,0,0.024265749379992485,-1.0436530113220215,1.21429443359375,1.0408598184585571,0.94915854930877686,1.2042206525802612,-5.2864789962768555,0,0,0,0
71,360,621840,-11.25273323059082,0.034306328743696213,1.8341799974441528,79.401596069335938,58.946117401123047,44.438934326171875,47.477851867675781,37.166709899902344,0,0.030537506565451622,-1.6609234809875488,0.75756627321243286,1.0404506921768188,0.76568090915679932,0.92557340860366821,-7.7916460037231445,0,0,0,0
71,365,621960,-11.029457092285156,0.032803941518068314,1.8398894071578979,79.289405822753906,58.645233154296875,45.615680694580078,45.519611358642578,37.988182067871094,0,0.026612333953380585,-1.7880973815917969,0.6737678050994873,1.0403749942779541,0.73170357942581177,0.87397205829620361,-8.2555656433105469,0,0,0,0
72,15,622320,-9.6713218688964844,0.13078513741493225,1.8869706392288208,78.950149536132812,57.776626586914062,63.782176971435547,40.116672515869141,39.810806274414062,0,0.017753468826413155,-1.8514721393585205,0.79359698295593262,1.0404796600341797,0.77867388725280762,0.94530576467514038,-7.6142425537109375,0,0,0,0
72,30,622680,-7.3761334419250488,0.03479931503534317,1.9554026126861572,78.770095825195312,56.976898193359375,71.411720275878906,35.403236389160156,40.836753845214844,0,0.028556229546666145,-1.8881238698959351,0.67469954490661621,1.0403749942779541,0.73170357942581177,0.87397205829620361,-8.2555656433105469,0,0,0,0
72,45,623040,-4.2534222602844238,0.026335593312978745,1.9050602912902832,79.937171936035156,56.502105712890625,74.695999145507812,32.019092559814453,40.502513885498047,0,0.036381397396326065,-1.6880325078964233,0.66649371385574341,1.0403749942779541,0.73170357942581177,0.87397205829620361,-8.2555656433105469,0,0,0,0
72,60,623400,-0.3006991446018219,0.028627550229430199,2.4510936737060547,84.442039489746094,58.263759613037109,66.349266052246094,30.885528564453125,38.056282043457031,0,0.016025770455598831,-1.378087043762207,0.65378266572952271,1.0403749942779541,0.73170357942581177,0.87397205829620361,-8.2555656433105469,0,0,0,0
72,75,623760,4.4915432929992676,0.0010849995305761695,4.4272384643554688,89.880996704101562,73.657257080078125,19.718086242675781,31.199651718139648,34.807903289794922,0,0.0089951837435364723,-1.017137885093689,0.63897997140884399,1.0403749942779541,0.73170357942581177,0.87397205829620361,-8.2555656433105469,0,0,0,0
72,90,624120,10.260725975036621,9.0396866880837479E-07,4.1915082931518555,86.327507019042969,78.6910400390625,0.26420512795448303,34.464038848876953,31.816814422607422,0,0.013569538481533527,-0.66403543949127197,0.62449914216995239,1.0403749942779541,0.73170357942581177,0.87397205829620361,-8.2555656433105469,0,0,0,0
72,105,624480,14.626728057861328,0,4.0531525611877441,85.586441040039062,76.471160888671875,0,40.351383209228516,29.086536407470703,0,0.0090522309765219688,-0.37763023376464844,0.61275351047515869,1.0403749942779541,0.73170357942581177,0.87397205829620361,-8.2555656433105469,0,0,0,0
72,120,624840,18.357040405273438,0,3.8330461978912354,84.80340576171875,74.333488464355469,0,46.514255523681641,26.64732551574707,0,0.0019852390978485346,-0.21677231788635254,0.60615664720535278,1.0403749942779541,0.73170357942581177,0.87397205829620361,-8.2555656433105469,0,0,0,0
72,135,625200,21.207834243774414,0,3.5081448554992676,83.846099853515625,72.386932373046875,0,50.809066772460938,25.102739334106445,0,0.002114300848916173,-0.19715088605880737,0.60103535652160645,1.0403749942779541,0.73170357942581177,0.87397205829620361,-8.2555656433105469,0,0,0,0
72,150,625560,23.030555725097656,0,3.0954892635345459,82.740348815917969,70.567916870117188,0,52.915016174316406,24.639486312866211,0,0.002410385524854064,-0.1780189573764801,0.5773998498916626,1.0403749942779541,0.73170357942581177,0.87397205829620361,-8.2555656433105469,0,0,0,0
72,165,625920,23.692453384399414,0,2.6246256828308105,81.586006164550781,68.815696716308594,0,54.223564147949219,24.669017791748047,0,0.00062210951000452042,-0.14850175380706787,0.54093438386917114,1.0403749942779541,0.73170357942581177,0.87397205829620361,-8.2555656433105469,0,0,0,0
72,180,626280,26.665716171264648,0,2.0933701992034912,80.415016174316406,67.206100463867188,0,55.422618865966797,24.849952697753906,0,0.01099553145468235,2.4593775272369385,0.50019228458404541,1.0604199171066284,0.73170357942581177,0.87397205829620361,-8.2555656433105469,1,0,0,0
72,195,626640,21.32684326171875,0,1.5442346334457397,79.24371337890625,65.789085388183594,0,56.171005249023438,25.277633666992188,0,0.0007742932066321373,-0.086005628108978271,0.46372684836387634,1.0403749942779541,0.73170357942581177,0.87397205829620361,-8.2555656433105469,0,0,0,0
72,210,627000,18.508981704711914,0,1.368259072303772,78.065269470214844,64.49322509765625,0,60.452594757080078,24.29643440246582,0,0.00089480623137205839,-0.066873669624328613,0.44009131193161011,1.0403749942779541,0.73170357942581177,0.87397205829620361,-8.2555656433105469,0,0,0,0
72,225,627360,14.860738754272461,0,1.2637659311294556,76.954826354980469,63.242942810058594,0,67.288787841796875,22.425762176513672,0,0.00072188518242910504,-0.076364725828170776,0.43843710422515869,1.0403749942779541,0.73170357942581177,0.87397205829620361,-8.2555656433105469,0,0,0,0
72,240,627720,10.58199405670166,0,1.1792600154876709,75.907745361328125,62.07354736328125,0,74.120407104492188,20.520120620727539,0,0.00050873018335551023,-0.20534473657608032,0.46609881520271301,1.0403749942779541,0.73170357942581177,0.87397205829620361,-8.2555656433105469,0,0,0,0
72,255,628080,6.024869441986084,0,1.1181690692901611,74.999458312988281,60.944393157958984,0,79.27374267578125,18.781364440917969,0,0.0034189380239695311,-0.42658782005310059,0.51354771852493286,1.0403749942779541,0.73170357942581177,0.87397205829620361,-8.2555656433105469,0,0,0,0
72,270,628440,0.76548588275909424,1.9270732991572004E-06,1.0818074941635132,74.272499084472656,59.864761352539062,4.3167386820641696E-07,81.133171081542969,17.194393157958984,0,0.0052989325486123562,-0.68360632658004761,0.56866925954818726,1.0403749942779541,0.73170357942581177,0.87397205829620361,-8.2555656433105469,0,0,0,0
72,285,628800,-3.3051490783691406,0.00015238906780723482,1.06795334815979,73.8909912109375,58.845222473144531,0.00079953367821872234,80.877296447753906,16.071346282958984,0,0.0034729901235550642,-0.91991281509399414,0.61934876441955566,1.0403749942779541,0.73170357942581177,0.87397205829620361,-8.2555656433105469,0,0,0,0
72,300,629160,-6.6026554107666016,0.0001998537773033604,1.067286491394043,74.032989501953125,57.854740142822266,0.061550702899694443,76.568672180175781,18.84522819519043,0,0.0073823281563818455,-1.0790195465087891,0.65347152948379517,1.0403749942779541,0.73170357942581177,0.87397205829620361,-8.2555656433105469,0,0,0,0
72,315,629520,-9.0073032379150391,0.0072928182780742645,1.1902835369110107,74.420455932617188,56.928218841552734,0.4863399863243103,68.492340087890625,24.952104568481445,0,0.020900001749396324,-1.1247174739837646,0.66123616695404053,1.0403749942779541,0.73170357942581177,1.5372337102890015,-8.2555656433105469,0,0,1,0
72,330,629880,-10.632978439331055,0.019933268427848816,1.4970852136611938,74.268577575683594,56.055793762207031,3.5122778415679932,60.395885467529297,30.528182983398438,0,0.018033003434538841,-1.2576355934143066,0.66374707221984863,1.0403749942779541,0.73170357942581177,0.87397205829620361,-8.2555656433105469,0,0,0,0
72,345,630240,-18.048820495605469,0.037823788821697235,1.5112769603729248,74.040145874023438,55.227951049804688,11.399381637573242,53.222663879394531,34.729557037353516,0,0.013319041579961777,-8.3612127304077148,0.66798681020736694,1.0403749942779541,0.73170357942581177,0.87397205829620361,-8.2555656433105469,0,1,0,0
72,360,630600,-10.80943489074707,0.033953998237848282,1.4842203855514526,73.831535339355469,54.414413452148438,20.23857307434082,46.901596069335938,37.750083923339844,0,0.02871675044298172,-0.88817203044891357,1.0731179714202881,1.0945703983306885,0.87799549102783203,0.8451310396194458,2.7607955932617188,0,0,0,0
72,365,630720,-10.559372901916504,0.051082395017147064,1.4952439069747925,73.759201049804688,54.157524108886719,27.29279899597168,44.966079711914062,38.519016265869141,0,0.040707118809223175,-0.66937243938446045,1.1554399728775024,1.1046066284179688,0.90508657693862915,0.83979010581970215,4.8008623123168945,0,0,0,0
73,15,631080,-9.6527509689331055,0.054728928953409195,1.5594594478607178,73.528526306152344,53.42730712890625,36.870983123779297,39.626125335693359,40.265567779541016,0,0.040649004280567169,-0.84111928939819336,1.0643041133880615,1.0907325744628906,0.86763584613800049,0.84717339277267456,1.9806737899780273,0,0,0,0
73,30,631440,-7.8726353645324707,0.077204152941703796,1.6663287878036499,73.410385131835938,52.689910888671875,57.064510345458984,34.948543548583984,41.189483642578125,0,0.02554301917552948,-0.50774312019348145,1.1674422025680542,1.1046066284179688,0.90508657693862915,0.83979010581970215,4.8008623123168945,0,0,0,0
73,45,631800,-5.3126430511474609,0.085125692188739777,1.4972920417785645,74.85626220703125,52.045894622802734,73.473388671875,31.279195785522461,41.062595367431641,0,0.03020852617919445,-0.38759082555770874,1.1443278789520264,1.1046066284179688,0.90508657693862915,0.83979010581970215,4.8008623123168945,0,0,0,0
73,60,632160,-1.9549354314804077,0.055116362869739532,1.6692564487457275,78.519439697265625,52.476631164550781,84.199958801269531,29.502758026123047,39.125637054443359,0,0.037687301635742188,-0.20147252082824707,1.1085237264633179,1.4830136299133301,0.90508657693862915,0.83979010581970215,4.8008623123168945,0,0,0,1
73,75,632520,2.3164687156677246,0.045950707048177719,3.9209825992584229,88.699676513671875,65.636451721191406,50.326271057128906,29.349117279052734,35.907096862792969,0,0.02471771277487278,0.015272796154022217,1.066827654838562,1.1046066284179688,0.90508657693862915,0.83979010581970215,4.8008623123168945,0,0,0,0
73,90,632880,8.1124629974365234,0.0031886589713394642,4.2843899726867676,86.532096862792969,82.014724731445312,3.7262039184570312,31.159900665283203,32.806236267089844,0,0.01266553346067667,0.22730636596679688,1.0260379314422607,1.1046066284179688,0.90508657693862915,0.83979010581970215,4.8008623123168945,0,0,0,0
73,105,633240,12.636327743530273,3.1934388971421868E-05,4.157294750213623,85.8175048828125,81.0816650390625,0,36.2987060546875,29.981456756591797,0,0.014132292009890079,0.39928901195526123,0.99295300245285034,1.1046066284179688,0.90508657693862915,0.83979010581970215,4.8008623123168945,0,0,0,0
73,120,633600,16.973278045654297,0,4.037592887878418,85.0931396484375,79.04217529296875,0,42.444725036621094,27.421607971191406,0,0.013685997575521469,0.49588203430175781,0.97437101602554321,1.1046066284179688,0.90508657693862915,0.83979010581970215,4.8008623123168945,0,0,0,0
73,135,633960,20.342977523803711,0,3.7958571910858154,84.295082092285156,76.839935302734375,0,47.457389831542969,25.496980667114258,0,0.0039931763894855976,0.48481333255767822,0.97844958305358887,1.1046066284179688,0.90508657693862915,0.83979010581970215,4.8008623123168945,0,0,0,0
73,150,634320,22.621244430541992,0,3.5111281871795654,83.30914306640625,74.78082275390625,0,50.040256500244141,24.717575073242188,0,0.0014906645519658923,0.37533414363861084,1.0098291635513306,1.1046066284179688,0.90508657693862915,0.83979010581970215,4.8008623123168945,0,0,0,0
73,165,634680,23.873477935791016,0,3.1173355579376221,82.212776184082031,72.852203369140625,0,51.394401550292969,24.611410140991211,0,0.0032379382755607367,0.20642703771591187,1.0582423210144043,1.1046066284179688,0.90508657693862915,0.83979010581970215,4.8008623123168945,0,0,0,0
73,180,635040,23.78056526184082,0,2.7083306312561035,81.144691467285156,71.005287170410156,0,52.625019073486328,24.668365478515625,0,0.001613571192137897,0.017710685729980469,1.1123334169387817,1.1046066284179688,0.90508657693862915,0.83979010581970215,4.8008623123168945,0,0,0,0
73,195,635400,22.486377716064453,0,2.2811222076416016,80.038726806640625,69.27117919921875,0,54.258186340332031,24.614841461181641,0,0.00023489321756642312,-0.15119642019271851,1.1607464551925659,1.1046066284179688,0.90508657693862915,0.83979010581970215,4.8008623123168945,0,0,0,0
73,210,635760,20.079309463500977,0,1.8981457948684692,78.983863830566406,67.692146301269531,0,57.463874816894531,23.989120483398438,0,0.00071500486228615046,-0.26067572832107544,1.1921261548995972,1.1046066284179688,0.90508657693862915,0.83979010581970215,4.8008623123168945,0,0,0,0
73,225,636120,16.72334098815918,0,1.5623090267181396,77.9921875,66.229804992675781,0,63.402961730957031,22.387666702270508,0,0.0016585350967943668,-0.29414442181587219,1.1965258121490479,1.1046066284179688,0.90508657693862915,0.83979010581970215,4.8008623123168945,0,0,0,0
73,240,636480,12.80567741394043,2.2401454771170393E-05,1.4861356019973755,77.137107849121094,64.823104858398438,0,70.155982971191406,20.496240615844727,0,0.0016639368841424584,-0.42000153660774231,1.1814868450164795,1.1046066284179688,0.90508657693862915,5.0097661018371582,4.8008623123168945,0,0,1,0
73,255,636840,8.4583673477172852,0,1.4423280954360962,76.4346923828125,63.502109527587891,0,75.798652648925781,18.760494232177734,0,0.0005334948655217886,-0.63588786125183105,1.15569007396698,1.1046066284179688,0.90508657693862915,0.83979010581970215,4.8008623123168945,0,0,0,0
73,270,637200,3.2226619720458984,1.0508377954465686E-06,1.4140865802764893,75.986808776855469,62.263355255126953,0,78.787261962890625,17.176448822021484,0,0.0043265507556498051,-0.88668346405029297,1.1257219314575195,1.1046066284179688,0.90508657693862915,0.83979010581970215,4.8008623123168945,0,0,0,0
73,285,637560,-1.0039149522781372,1.5604988220729865E-05,1.4022037982940674,75.997283935546875,61.119533538818359,1.205255466629751E-05,79.249359130859375,15.736810684204102,0,0.0098162954673171043,-1.117268443107605,1.0981689691543579,1.1046066284179688,0.90508657693862915,0.83979010581970215,4.8008623123168945,0,0,0,0
73,300,637920,-4.7797422409057617,0.026027040556073189,1.4086635112762451,76.343284606933594,60.093986511230469,0.87405580282211304,77.625015258789062,15.967911720275879,0,0.0079999538138508797,-1.2725228071212769,1.0796172618865967,1.1046066284179688,0.90508657693862915,0.83979010581970215,4.8008623123168945,0,0,0,0
73,315,638280,-7.6054067611694336,0.0029887617565691471,1.448644757270813,77.299003601074219,59.223346710205078,1.7019764184951782,71.243919372558594,20.718612670898438,0,0.0080341482535004616,-1.2971043586730957,1.0767378807067871,1.1046066284179688,0.90508657693862915,0.83979010581970215,4.8008623123168945,0,0,0,0
73,330,638640,-9.5597352981567383,0.015035404823720455,1.7262167930603027,77.37127685546875,58.388236999511719,6.7017278671264648,63.053470611572266,26.752784729003906,0,0.023371133953332901,-1.1713289022445679,1.0925071239471436,1.1046066284179688,0.90508657693862915,0.83979010581970215,4.8008623123168945,0,0,0,0
73,345,639000,-10.562007904052734,0.024772556498646736,1.7733829021453857,77.094467163085938,57.465496063232422,12.669475555419922,55.567085266113281,31.584121704101562,0,0.031385444104671478,-0.958953857421875,1.1191335916519165,1.1046066284179688,0.90508657693862915,0.83979010581970215,4.8008623123168945,0,0,0,0
73,360,639360,-9.6392669677734375,0.065877549350261688,1.7755906581878662,76.787948608398438,56.630744934082031,30.783851623535156,48.967586517333984,35.119968414306641,0,0.054060783237218857,0.2588132917881012,1.8075028657913208,1.3706318140029907,1.0329227447509766,1.1463451385498047,9.5197563171386719,0,0,0,0
73,365,639480,-9.3649330139160156,0.30426403880119324,1.7813103199005127,76.687858581542969,56.370487213134766,38.729873657226562,46.948162078857422,36.045265197753906,0,0.060541626065969467,0.59034192562103271,1.9339895248413086,1.4198957681655884,1.0565961599349976,1.2031146287918091,10.393625259399414,0,0,0,0
74,15,639840,-8.7377052307128906,0.10201876610517502,1.8202836513519287,76.381210327148438,55.646083831787109,59.2393798828125,41.376365661621094,38.190036773681641,0,0.072635665535926819,0.56995117664337158,1.7756608724594116,1.3517932891845703,1.0238701105117798,1.1246365308761597,9.1855888366699219,0,0,0,0
74,30,640200,-7.172126293182373,0.17113979160785675,1.8141696453094482,76.382293701171875,54.985157012939453,94.588714599609375,36.588973999023438,39.310123443603516,0,0.095753639936447144,0.87862229347229004,1.9471418857574463,1.4198957681655884,1.0565961599349976,1.2031146287918091,10.393625259399414,0,0,0,0
74,45,640560,-5.0613231658935547,0.29025453329086304,1.8233237266540527,77.800979614257812,54.555892944335938,128.31526184082031,32.970893859863281,39.1431884765625,0,0.076605401933193207,0.78364086151123047,1.9670380353927612,1.4198957681655884,1.0565961599349976,1.2031146287918091,10.393625259399414,0,0,0,0
74,60,640920,-2.2909567356109619,0.27839323878288269,2.2149419784545898,83.529510498046875,56.855876922607422,150.4696044921875,31.089004516601562,37.213100433349609,0,0.066906824707984924,0.6365128755569458,1.9978576898574829,1.5380997657775879,1.0565961599349976,1.2031146287918091,10.393625259399414,0,0,0,0
74,75,641280,1.2548091411590576,0.16449779272079468,5.7559747695922852,95.713829040527344,76.898895263671875,107.97974395751953,30.737739562988281,34.140159606933594,0,0.055930271744728088,0.46517398953437805,2.0337488651275635,1.4198957681655884,1.0565961599349976,1.2031146287918091,10.393625259399414,0,0,0,0
74,90,641640,6.6956319808959961,0.12160564213991165,8.2471942901611328,99.684677124023438,112.38699340820312,21.62335205078125,31.790454864501953,31.084264755249023,0,0.052922140806913376,0.2975597083568573,2.0688598155975342,1.4198957681655884,1.0565961599349976,1.2031146287918091,10.393625259399414,0,0,0,0
74,105,642000,11.163683891296387,0.40809845924377441,8.7549715042114258,98.475738525390625,113.93934631347656,0.027471207082271576,36.164115905761719,28.319858551025391,0,0.031687233597040176,0.16160604357719421,2.0973389148712158,1.4198957681655884,1.0565961599349976,1.2031146287918091,10.393625259399414,0,0,0,0
74,120,642360,14.970486640930176,0.084562987089157104,7.6970477104187012,98.201400756835938,113.55727386474609,0,42.194858551025391,25.822418212890625,0,0.026937916874885559,0.085248440504074097,2.1133339405059814,1.4198957681655884,1.0565961599349976,1.2031146287918091,10.393625259399414,0,0,0,0
74,135,642720,18.498346328735352,0.033046294003725052,7.5842208862304688,97.895942687988281,112.83251190185547,0,48.363365173339844,23.595016479492188,0,0.027548408135771751,0.098293662071228027,2.1148276329040527,1.4198957681655884,1.0565961599349976,1.2031146287918091,10.393625259399414,0,0,0,0
74,150,643080,21.524091720581055,0.013147797435522079,7.5295023918151855,97.523284912109375,111.59217834472656,0,53.132781982421875,22.117351531982422,0,0.01515638455748558,0.20757636427879333,2.1143085956573486,1.4198957681655884,1.0565961599349976,1.2031146287918091,10.393625259399414,0,0,0,0
74,165,643440,23.503217697143555,0.00097934936638921499,7.4572138786315918,97.001930236816406,110.04013061523438,0,55.915699005126953,21.646522521972656,0,0.0043527376838028431,0.37618020176887512,2.1135079860687256,1.4198957681655884,1.0565961599349976,1.2031146287918091,10.393625259399414,0,0,0,0
74,180,643800,24.222419738769531,0,7.3552408218383789,96.145172119140625,108.33926391601562,0,57.600719451904297,21.780057907104492,0,0.006157364696264267,0.56455779075622559,2.1126136779785156,1.4198957681655884,1.0565961599349976,1.2031146287918091,10.393625259399414,0,0,0,0
74,195,644160,23.531894683837891,4.0909273479883268E-07,7.2410335540771484,95.038032531738281,106.45302581787109,0,59.196922302246094,22.005039215087891,0,0.0076162656769156456,0.7331615686416626,2.1118130683898926,1.4198957681655884,1.0565961599349976,1.2031146287918091,10.393625259399414,0,0,0,0
74,210,644520,21.488475799560547,0.016918210312724113,7.3308553695678711,93.972991943359375,104.48313903808594,0,61.823146820068359,21.805719375610352,0,0.0033556267153471708,0.84244430065155029,2.1112940311431885,1.4198957681655884,1.0565961599349976,1.2031146287918091,10.393625259399414,0,0,0,0
74,225,644880,19.673376083374023,0.026888590306043625,7.0858588218688965,93.683906555175781,102.72135925292969,0,64.857109069824219,21.408479690551758,0,0.0019952675793319941,2.0090465545654297,2.1084680557250977,1.4198957681655884,1.0565961599349976,1.2031146287918091,10.393625259399414,1,0,0,0
74,240,645240,15.102550506591797,1.7621398001210764E-05,7.0117049217224121,92.973663330078125,100.99650573730469,0,71.599624633789062,19.61689567565918,0,0.0069011668674647808,0.62995100021362305,2.0816185474395752,1.4198957681655884,1.0565961599349976,1.2031146287918091,10.393625259399414,0,0,0,0
74,255,645600,10.647481918334961,4.4059859646949917E-05,7.0465655326843262,92.483619689941406,99.296829223632812,0,77.502464294433594,17.932950973510742,0,0.009174068458378315,0.26692941784858704,2.0355627536773682,1.4198957681655884,1.0565961599349976,1.2031146287918091,10.393625259399414,0,0,0,0
74,270,645960,5.2608675956726074,0.00016365708142984658,7.1341328620910645,92.559646606445312,97.670326232910156,0,81.388763427734375,16.394729614257812,0,0.002086997963488102,-0.15479335188865662,1.9820599555969238,1.5959820747375488,1.0565961599349976,1.2031146287918091,10.393625259399414,0,0,0,1
74,285,646320,0.86987906694412231,0.00084943039109930396,7.2642478942871094,92.709793090820312,96.151878356933594,0.00045205376227386296,82.475990295410156,14.987873077392578,0,0.010941049084067345,-0.54253137111663818,1.9328685998916626,1.4198957681655884,1.0565961599349976,1.2031146287918091,10.393625259399414,0,0,0,0
74,300,646680,-3.140449047088623,0.0050663845613598824,7.4458227157592773,93.074462890625,94.762924194335938,2.87884521484375,82.041412353515625,14.166288375854492,0,0.027248235419392586,-0.80359792709350586,1.8997477293014526,1.4198957681655884,1.0565961599349976,1.2031146287918091,10.393625259399414,0,0,0,0
74,315,647040,-6.1946907043457031,0.020046664401888847,7.6513476371765137,93.303955078125,93.588844299316406,12.993517875671387,77.374008178710938,17.433080673217773,0,0.029471440240740776,-0.83906590938568115,1.8930444717407227,1.4198957681655884,1.0565961599349976,1.2031146287918091,10.393625259399414,0,0,0,0
74,330,647400,-8.1693868637084961,0.26176485419273376,7.9658923149108887,93.092277526855469,92.026748657226562,24.044921875,69.307769775390625,23.633794784545898,0,0.026769468560814857,-0.55266261100769043,1.901248574256897,1.4198957681655884,1.0565961599349976,1.2031146287918091,10.393625259399414,0,0,0,0
74,345,647760,-9.1754369735717773,0.051215428858995438,8.1462860107421875,92.405715942382812,89.816169738769531,39.528083801269531,61.193439483642578,29.314895629882812,0,0.042905397713184357,-0.069063812494277954,1.9151010513305664,1.4198957681655884,1.0565961599349976,1.2031146287918091,10.393625259399414,0,0,0,0
74,360,648120,-8.8116493225097656,0.042460221797227859,8.2233867645263672,91.824043273925781,87.644493103027344,57.900218963623047,53.961349487304688,33.643878936767578,0,0.031888719648122787,0.93809652328491211,1.3065081834793091,1.1274843215942383,0.79002523422241211,1.0062193870544434,5.6381878852844238,0,0,0,0
74,365,648240,-8.6453361511230469,0.048299819231033325,8.2493133544921875,91.633590698242188,86.94573974609375,63.103542327880859,51.753952026367188,34.804470062255859,0,0.025950547307729721,1.035504937171936,1.2112687826156616,1.0733339786529541,0.74066025018692017,0.9697573184967041,4.7575511932373047,0,0,0,0
75,15,648600,-7.9024548530578613,0.098171345889568329,8.3215751647949219,91.098854064941406,84.92779541015625,85.528701782226562,45.674091339111328,37.519458770751953,0,0.023447828367352486,1.0098356008529663,1.3998368978500366,1.1481913328170776,0.80890238285064697,1.0201624631881714,5.9749431610107422,0,0,0,0
75,30,648960,-6.1138677597045898,0.19595535099506378,8.3414859771728516,91.286766052246094,83.220687866210938,101.70668792724609,40.67877197265625,38.968490600585938,0,0.017928872257471085,1.0555144548416138,1.247353196144104,1.0733339786529541,0.74066025018692017,0.9697573184967041,4.7575511932373047,0,0,0,0
75,45,649320,-3.6120731830596924,0.0879930779337883,8.4598369598388672,91.77069091796875,82.316650390625,117.98538208007812,37.420543670654297,38.605747222900391,0,0.026166995987296104,1.0931718349456787,1.2190513610839844,1.0733339786529541,0.74066025018692017,0.9697573184967041,4.7575511932373047,0,0,0,0
75,60,649680,-0.32607337832450867,0.081445686519145966,8.9619321823120117,96.069412231445312,84.887092590332031,110.12554931640625,36.311138153076172,36.245677947998047,0,0.01895340159535408,1.1515039205551147,1.1752111911773682,1.0733339786529541,0.74066025018692017,0.9697573184967041,4.7575511932373047,0,0,0,0
75,75,650040,3.924102783203125,0.0254695825278759,9.5557546615600586,102.76144409179688,100.58692932128906,49.388759613037109,36.488376617431641,33.135982513427734,0,0.0095422640442848206,1.2194348573684692,1.1241570711135864,1.0733339786529541,0.74066025018692017,0.9697573184967041,4.7575511932373047,0,0,0,0
75,90,650400,9.37322998046875,0.0022351432126015425,8.6751527786254883,101.59828186035156,107.97819519042969,0.90789926052093506,39.071018218994141,30.261482238769531,0,0.011630398221313953,1.2858890295028687,1.0742125511169434,1.0733339786529541,0.74066025018692017,0.9697573184967041,4.7575511932373047,0,0,0,0
75,105,650760,13.946890830993652,2.0336945453891531E-05,8.4695959091186523,100.41021728515625,106.49513244628906,0,44.747966766357422,27.653562545776367,0,0.012857522815465927,1.3397908210754395,1.0337021350860596,1.0733339786529541,0.74066025018692017,0.9697573184967041,4.7575511932373047,0,0,0,0
75,120,651120,18.025766372680664,2.587824383226689E-05,8.3102169036865234,99.019187927246094,104.37506103515625,0,51.121353149414062,25.305473327636719,0,0.003874609712511301,1.370064377784729,1.0109497308731079,1.0780634880065918,0.74066025018692017,5.5,4.7575511932373047,0,0,1,0
75,135,651480,21.327899932861328,0,8.1388263702392578,97.511909484863281,101.97985076904297,0,55.912364959716797,23.777402877807617,0,0.0015151984989643097,1.3491744995117188,1.0143300294876099,1.0733339786529541,0.74066025018692017,0.9697573184967041,4.7575511932373047,0,0,0,0
75,150,651840,23.76893424987793,0,7.8658852577209473,95.845420837402344,99.609024047851562,0,57.980182647705078,23.565591812133789,0,0.0029716494027525187,1.2226403951644897,1.0442104339599609,1.0733339786529541,0.74066025018692017,0.9697573184967041,4.7575511932373047,0,0,0,0
75,165,652200,24.873023986816406,0,7.53631591796875,94.140129089355469,97.340782165527344,0,58.973941802978516,23.964790344238281,0,0.001562358345836401,1.0274208784103394,1.0903104543685913,1.0733339786529541,0.74066025018692017,0.9697573184967041,4.7575511932373047,0,0,0,0
75,180,652560,24.650640487670898,0.0053598671220242977,7.2171697616577148,92.438720703125,95.192489624023438,0,59.878993988037109,24.477283477783203,0,0.00018034511595033109,0.80930614471435547,1.1418172121047974,1.0733339786529541,0.74066025018692017,0.9697573184967041,4.7575511932373047,0,0,0,0
75,195,652920,23.379848480224609,0,6.8251290321350098,90.995338439941406,92.918212890625,0,61.249919891357422,24.790187835693359,0,0.00041087827412411571,0.61408650875091553,1.1879172325134277,1.0733339786529541,0.74066025018692017,0.9697573184967041,4.7575511932373047,0,0,0,0
75,210,653280,20.940086364746094,3.4995405258086976E-06,6.4745206832885742,89.770729064941406,90.716392517089844,0,64.278610229492188,24.42523193359375,0,0.00083194870967417955,0.48755249381065369,1.2177976369857788,1.0733339786529541,0.74066025018692017,0.9697573184967041,4.7575511932373047,0,0,0,0
75,225,653640,23.536413192749023,0,6.1062679290771484,88.494300842285156,88.633323669433594,0,67.842613220214844,23.869733810424805,0,0.00043249188456684351,7.2215843200683594,1.2208162546157837,1.0733339786529541,0.74066025018692017,0.9697573184967041,4.7575511932373047,1,0,0,0
75,240,654000,13.99769115447998,3.0434575819526799E-06,5.8744778633117676,87.535064697265625,86.608055114746094,0,74.925140380859375,21.957897186279297,0,0.00017906246648635715,0.53341877460479736,1.1949722766876221,1.0733339786529541,0.74066025018692017,0.9697573184967041,4.7575511932373047,0,0,0,0
75,255,654360,9.9492025375366211,2.3989489363884786E-06,5.6757998466491699,86.6617431640625,84.673385620117188,0,81.313812255859375,20.079109191894531,0,0.0017074019415304065,0.64205694198608398,1.1506415605545044,1.0733339786529541,0.74066025018692017,0.9697573184967041,4.7575511932373047,0,0,0,0
75,270,654720,5.1055245399475098,1.5408510080305859E-05,5.5404682159423828,85.982002258300781,82.851760864257812,0,85.394287109375,18.363182067871094,0,0.0035900562070310116,0.76826214790344238,1.0991424322128296,1.0733339786529541,0.74066025018692017,0.9697573184967041,4.7575511932373047,0,0,0,0
75,285,655080,1.1465809345245361,0.000535824045073241,5.4928631782531738,85.618255615234375,81.188011169433594,0.00022208996233530343,86.59283447265625,16.794708251953125,0,0.0027350564487278461,0.88429701328277588,1.0517934560775757,1.0733339786529541,0.74066025018692017,0.9697573184967041,4.7575511932373047,0,0,0,0
75,300,655440,-2.2412424087524414,8.3407212514430285E-05,5.4537711143493652,85.6099853515625,79.573196411132812,0.0015308593865483999,86.422988891601562,15.599509239196777,0,0.0028911933768540621,0.96242403984069824,1.0199130773544312,1.0733339786529541,0.74066025018692017,0.9697573184967041,4.7575511932373047,0,0,0,0
75,315,655800,-5.1257114410400391,0.00069638772401958704,5.4398555755615234,85.926979064941406,78.012298583984375,0.48251742124557495,83.09228515625,17.472858428955078,0,0.012692508287727833,0.98061275482177734,1.0159083604812622,1.0733339786529541,0.74066025018692017,0.9697573184967041,4.7575511932373047,0,0,0,0
75,330,656160,-7.2587404251098633,0.013545489870011806,5.4734621047973633,86.576789855957031,76.603256225585938,4.4645271301269531,75.743026733398438,23.006120681762695,0,0.018384410068392754,0.99161124229431152,1.0550516843795776,1.0733339786529541,0.74066025018692017,0.9697573184967041,4.7575511932373047,0,0,0,0
75,345,656520,-8.4444713592529297,0.020355558022856712,5.575408935546875,86.568679809570312,75.170379638671875,9.4671049118041992,67.232139587402344,29.148727416992188,0,0.067887566983699799,1.0101824998855591,1.1211463212966919,1.3140342235565186,0.74066025018692017,0.9697573184967041,4.7575511932373047,0,0,0,1
75,360,656880,-8.6374711990356445,0.021903615444898605,5.6083254814147949,86.231071472167969,73.66650390625,16.548679351806641,59.354694366455078,34.143699645996094,0,0.054918382316827774,1.1469060182571411,1.0621587038040161,1.4383974075317383,0.93375569581985474,0.89942634105682373,9.0594968795776367,0,0,0,0
75,365,657000,-8.5519275665283203,0.02686697244644165,5.6139788627624512,86.120887756347656,73.176589965820312,20.803993225097656,56.936222076416016,35.503257751464844,0,0.068836674094200134,1.2436330318450928,1.0415427684783936,1.5060017108917236,0.96951413154602051,0.88640207052230835,9.8561534881591797,0,0,0,0
76,15,657360,-7.8502063751220703,0.041102848947048187,5.6543803215026855,85.837409973144531,71.789962768554688,31.494655609130859,50.292888641357422,38.753917694091797,0,0.067890405654907227,1.315192699432373,1.0916174650192261,1.4125454425811768,0.92008167505264282,0.90440678596496582,8.7548551559448242,0,0,0,0
76,30,657720,-6.4233684539794922,0.057863499969244003,5.6044149398803711,86.349777221679688,70.584877014160156,41.773086547851562,44.74615478515625,40.658626556396484,0,0.075948037207126617,1.3943221569061279,1.0438994169235229,1.5060017108917236,0.96951413154602051,0.88640207052230835,9.8561534881591797,0,0,0,0
76,45,658080,-4.2089414596557617,0.06041998416185379,5.6390924453735352,87.701240539550781,69.810935974121094,51.377147674560547,40.873245239257812,40.783832550048828,0,0.070026904344558716,1.3652104139328003,1.0232722759246826,1.5060017108917236,0.96951413154602051,0.88640207052230835,9.8561534881591797,0,0,0,0
76,60,658440,-1.2219858169555664,0.14883817732334137,6.1965947151184082,90.947555541992188,70.741058349609375,49.850536346435547,39.236751556396484,38.761951446533203,0,0.067955225706100464,1.3201156854629517,0.99132061004638672,1.5060017108917236,0.96951413154602051,0.88640207052230835,9.8561534881591797,0,0,0,0
76,75,658800,3.0521254539489746,0.011805163696408272,8.0001916885375977,97.246841430664062,83.896873474121094,13.42730712890625,39.219261169433594,35.550815582275391,0,0.055617019534111023,1.267600417137146,0.95411098003387451,1.5060017108917236,0.96951413154602051,0.88640207052230835,9.8561534881591797,0,0,0,0
76,90,659160,8.2472610473632812,7.0247777330223471E-05,8.0698060989379883,94.450912475585938,90.924606323242188,0.65419113636016846,41.638095855712891,32.481147766113281,0,0.043135169893503189,1.2162266969680786,0.91771024465560913,1.5060017108917236,0.96951413154602051,0.88640207052230835,9.8561534881591797,0,0,0,0
76,105,659520,12.420104026794434,4.1299816075479612E-05,8.0695466995239258,93.817420959472656,89.1505126953125,0,47.285648345947266,29.684703826904297,0,0.037899862974882126,1.1745568513870239,0.88818526268005371,1.5060017108917236,0.96951413154602051,0.88640207052230835,9.8561534881591797,0,0,0,0
76,120,659880,16.929887771606445,0,7.940546989440918,93.16229248046875,86.694038391113281,0,53.925537109375,27.145822525024414,0,0.039131827652454376,1.1511533260345459,0.87160271406173706,1.5060017108917236,0.96951413154602051,0.88640207052230835,9.8561534881591797,0,0,0,0
76,135,660240,20.393383026123047,0,7.725738525390625,92.175590515136719,84.214607238769531,0,59.309993743896484,25.315073013305664,0,0.025275703519582748,1.1156095266342163,0.87175482511520386,1.5060017108917236,0.96951413154602051,0.88640207052230835,9.8561534881591797,0,0,0,0
76,150,660600,22.950759887695312,0,7.3880324363708496,90.991867065429688,81.943656921386719,0,61.787574768066406,24.890392303466797,0,0.0099837742745876312,0.93977886438369751,0.88129574060440063,1.5060017108917236,0.96951413154602051,0.88640207052230835,9.8561534881591797,0,0,0,0
76,165,660960,24.232105255126953,1.2119718121539336E-05,6.942162036895752,89.635688781738281,79.935562133789062,0,62.850254058837891,25.233251571655273,0,0.01040186919271946,0.6685032844543457,0.89601558446884155,1.5060017108917236,0.96951413154602051,0.88640207052230835,9.8561534881591797,0,0,0,0
76,180,661320,24.291975021362305,0,6.4078764915466309,88.228462219238281,78.137283325195312,0,63.693580627441406,25.746725082397461,0,0.012457074597477913,0.36541271209716797,0.91246175765991211,1.5060017108917236,0.96951413154602051,0.88640207052230835,9.8561534881591797,0,0,0,0
76,195,661680,23.152072906494141,0,5.8676023483276367,86.803627014160156,76.488487243652344,0,64.917381286621094,26.090761184692383,0,0.0053409063257277012,0.094137191772460938,0.92718160152435303,1.5060017108917236,0.96951413154602051,0.88640207052230835,9.8561534881591797,0,0,0,0
76,210,662040,20.949724197387695,0,5.3582377433776855,85.369926452636719,75.011871337890625,0,67.612991333007812,25.801820755004883,0,0.0029189819470047951,-0.081693530082702637,0.93672245740890503,1.5060017108917236,0.96951413154602051,0.88640207052230835,9.8561534881591797,0,0,0,0
76,225,662400,17.965156555175781,0,4.8991427421569824,83.959213256835938,73.69903564453125,0,73.263946533203125,24.336387634277344,0,0.0081538865342736244,-0.10717120766639709,0.93940949440002441,1.5060017108917236,0.96951413154602051,0.88640207052230835,9.8561534881591797,0,0,0,0
76,240,662760,17.819269180297852,0,4.5114364624023438,82.668487548828125,72.42193603515625,0,80.408576965332031,22.301824569702148,0,0.0098912753164768219,3.1780304908752441,0.9481167197227478,1.5060017108917236,0.96951413154602051,0.88640207052230835,9.8561534881591797,1,0,0,0
76,255,663120,10.373647689819336,0,4.2099151611328125,81.539093017578125,71.218536376953125,0,86.706497192382812,20.401510238647461,0,0.0055457800626754761,0.10116652399301529,0.96305251121520996,1.5060017108917236,0.96951413154602051,0.88640207052230835,9.8561534881591797,0,0,0,0
76,270,663480,5.6013116836547852,8.0859024365054211E-08,4.0140562057495117,80.650962829589844,70.054107666015625,0,90.955284118652344,18.660654067993164,0,0.010789457708597183,0.25134077668190002,0.98040348291397095,1.5060017108917236,0.96951413154602051,0.88640207052230835,9.8561534881591797,0,0,0,0
76,285,663840,1.705836296081543,1.0518951967242174E-06,3.9001665115356445,80.199790954589844,68.926979064941406,0,92.342033386230469,17.069934844970703,0,0.028566349297761917,0.39085477590560913,0.99635612964630127,1.5060017108917236,0.96951413154602051,0.88640207052230835,9.8561534881591797,0,0,0,0
76,300,664200,-1.8874859809875488,5.8372741477796808E-05,3.8588199615478516,80.244232177734375,67.873641967773438,0.00092959572793915868,92.317764282226562,15.74766731262207,0,0.03152855858206749,0.48479044437408447,1.0070972442626953,1.5060017108917236,0.96951413154602051,0.88640207052230835,9.8561534881591797,0,0,0,0
76,315,664560,-4.9647278785705566,0.01065499521791935,3.8622794151306152,80.616996765136719,66.849716186523438,0.7365993857383728,89.287071228027344,17.323152542114258,0,0.029277272522449493,0.51702684164047241,1.0099748373031616,1.5060017108917236,0.96951413154602051,0.88640207052230835,9.8561534881591797,0,0,0,0
76,330,664920,-7.0614104270935059,0.0033809242304414511,3.9410305023193359,81.536766052246094,65.932205200195312,1.4129937887191772,81.712623596191406,23.092432022094727,0,0.048086691647768021,0.66261327266693115,1.0162999629974365,1.5060017108917236,0.96951413154602051,0.88640207052230835,9.8561534881591797,0,0,0,0
76,345,665280,-8.3337669372558594,0.013708611950278282,4.1130995750427246,81.772811889648438,65.072120666503906,5.2619266510009766,72.641075134277344,29.767448425292969,0,0.066476747393608093,0.9084395170211792,1.0269800424575806,1.5060017108917236,0.96951413154602051,0.88640207052230835,9.8561534881591797,0,0,0,0
76,360,665640,-14.457648277282715,0.051452565938234329,4.2985687255859375,81.494087219238281,64.139289855957031,17.060148239135742,64.069381713867188,35.363731384277344,0,0.013534111902117729,-4.3459434509277344,1.0009933710098267,0.98806387186050415,0.83235430717468262,0.95019274950027466,3.3547611236572266,0,0,0,0
76,365,665760,-15.253715515136719,0.057719185948371887,4.3290815353393555,81.403854370117188,63.823246002197266,22.216936111450195,61.42938232421875,36.904151916503906,0,0.006268178578466177,-5.5361728668212891,0.99408638477325439,0.89214944839477539,0.80695432424545288,0.9620058536529541,2.1507997512817383,0,0,0,0
77,15,666120,-13.458125114440918,0.069696158170700073,4.3853578567504883,81.149887084960938,62.872062683105469,37.779365539550781,54.145370483398438,40.632007598876953,0,0.017463747411966324,-4.2973513603210449,1.0057007074356079,1.024741530418396,0.84206724166870117,0.94567543268203735,3.8151564598083496,0,0,0,0
77,30,666480,-12.725217819213867,0.080634742975234985,4.6203832626342773,80.925651550292969,61.911159515380859,61.343276977539062,47.724330902099609,43.185569763183594,0,0.012982149608433247,-5.827728271484375,0.98979657888412476,0.89214944839477539,0.80695432424545288,0.9620058536529541,2.1507999897003174,0,0,0,0
77,45,666840,-9.8656244277954102,0.17737184464931488,4.891230583190918,80.744911193847656,60.932506561279297,86.868423461914062,42.065135955810547,44.764019012451172,0,0.010015726089477539,-5.5411767959594727,0.96998971700668335,0.89214944839477539,0.80695432424545288,0.9620058536529541,2.1507999897003174,0,0,0,0
77,60,667200,-6.3001036643981934,0.10570140182971954,4.6373834609985352,81.562103271484375,60.032661437988281,104.48723602294922,37.272407531738281,45.376617431640625,0,0.0038296072743833065,-5.0973038673400879,0.93930858373641968,0.89214944839477539,0.80695432424545288,0.9620058536529541,2.1507999897003174,0,0,0,0
77,75,667560,-2.1520164012908936,0.049501925706863403,4.6871347427368164,84.340675354003906,59.85797119140625,113.2421875,34.809608459472656,43.713783264160156,0,0.0042923903092741966,-4.580388069152832,0.90357863903045654,1.1232669353485107,0.80695432424545288,0.9620058536529541,2.1507999897003174,0,0,0,1
77,90,667920,3.5196008682250977,0.014137310907244682,6.4734745025634766,95.910629272460938,75.247055053710938,75.171112060546875,34.798847198486328,40.146503448486328,0,0.0080484533682465553,-4.0747098922729492,0.86862540245056152,0.89214944839477539,0.80695432424545288,0.9620058536529541,2.1507999897003174,0,0,0,0
77,105,668280,9.004155158996582,0.00041148110176436603,6.8539319038391113,95.351577758789062,93.420249938964844,5.4360308647155762,37.655502319335938,36.681114196777344,0,0.0022484865039587021,-3.664548397064209,0.8402743935585022,0.89214944839477539,0.80695432424545288,0.9620058536529541,2.1507999897003174,0,0,0,0
77,120,668640,13.277071952819824,3.6951671063434333E-05,6.5051589012145996,94.20257568359375,92.091293334960938,0,44.191219329833984,33.522132873535156,0,0.00067178771132603288,-3.4341838359832764,0.82435125112533569,0.89214944839477539,0.80695432424545288,0.9620058536529541,2.1507999897003174,0,0,0,0
77,135,669000,16.772130966186523,1.7688422531136894E-06,6.3418054580688477,93.024391174316406,90.068672180175781,0,51.018154144287109,30.682796478271484,0,0.0013753956882283092,-3.4811825752258301,0.82782679796218872,0.89214944839477539,0.80695432424545288,0.9620058536529541,2.1507999897003174,0,0,0,0
77,150,669360,18.554288864135742,0.0099724959582090378,6.1249570846557617,91.760421752929688,87.996574401855469,0,56.656845092773438,28.492345809936523,0,0.00038799099274910986,-3.8513357639312744,0.85461348295211792,0.89214944839477539,0.80695432424545288,0.9620058536529541,2.1507999897003174,0,0,0,0
77,165,669720,19.188776016235352,0,5.7777614593505859,90.470458984375,86.051467895507812,0,61.119575500488281,27.002092361450195,0,2.8908352760481648E-05,-4.4224166870117188,0.89594066143035889,0.89214944839477539,0.80695432424545288,0.9620058536529541,2.1507999897003174,0,0,0,0
77,180,670080,18.940044403076172,0,5.4632253646850586,89.228836059570312,84.215690612792969,0,65.507308959960938,25.73933219909668,0,6.1972095863893628E-05,-5.0140438079833984,0.94211459159851074,0.89214944839477539,0.80695432424545288,0.9620058536529541,2.1507999897003174,0,0,0,0
77,195,670440,16.609474182128906,8.3762643043883145E-06,5.1432123184204102,88.0667724609375,82.338706970214844,0,69.419082641601562,24.810373306274414,0,9.6258328994736075E-05,-5.6315546035766602,0.98344177007675171,0.89214944839477539,0.80695432424545288,0.9620058536529541,2.1507999897003174,0,0,0,0
77,210,670800,13.98283576965332,3.8831480196677148E-05,4.8761520385742188,87.22637939453125,80.741226196289062,0,76.087310791015625,22.813026428222656,0,2.8360644137137569E-05,-6.0017080307006836,1.0102285146713257,0.89214944839477539,0.80695432424545288,0.9620058536529541,2.1507999897003174,0,0,0,0
77,225,671160,10.498462677001953,7.6817683293484151E-05,4.6715364456176758,86.444015502929688,79.2066650390625,0,82.596427917480469,20.863637924194336,0,1.2458059245545883E-05,-6.0442299842834473,1.0150244235992432,0.89214944839477539,0.80695432424545288,0.9620058536529541,2.1507999897003174,0,0,0,0
77,240,671520,7.0744490623474121,4.3760013795690611E-05,4.528386116027832,87.23565673828125,78.163047790527344,0,87.866256713867188,19.070049285888672,0,0.00025992689188569784,-5.7745513916015625,1.0124245882034302,0.89214944839477539,0.80695432424545288,0.9620058536529541,2.1507999897003174,0,0,0,0
77,255,671880,3.277623176574707,0.039810597896575928,4.564368724822998,86.623756408691406,76.861190795898438,0,90.711311340332031,17.445598602294922,0,0.00032827563700266182,-5.3119640350341797,1.0079648494720459,0.89214944839477539,0.80695432424545288,0.9620058536529541,2.1507999897003174,0,0,0,0
77,270,672240,-1.1048456430435181,0.00025184033438563347,4.4385986328125,86.563232421875,75.611923217773438,0.0006083353073336184,91.30865478515625,15.970969200134277,0,0.00024067796766757965,-4.7745757102966309,1.0027840137481689,0.89214944839477539,0.80695432424545288,0.9620058536529541,2.1507999897003174,0,0,0,0
77,285,672600,-4.5463595390319824,0.00071118609048426151,4.4456090927124023,86.616859436035156,74.441383361816406,0.24422283470630646,89.751541137695312,16.121252059936523,0,0.00038368039531633258,-4.2804932594299316,0.9980207085609436,0.89214944839477539,0.80695432424545288,0.9620058536529541,2.1507999897003174,0,0,0,0
77,300,672960,-7.7502937316894531,0.0029701825696974993,4.5448379516601562,87.158302307128906,73.378242492675781,2.8452777862548828,82.852096557617188,21.36036491394043,0,0.0029619713313877583,-3.9478240013122559,0.99481350183486938,0.89214944839477539,0.80695432424545288,0.9620058536529541,2.1507999897003174,0,0,0,0
77,315,673320,-10.444521903991699,0.014154142700135708,4.9699420928955078,86.839981079101562,72.064521789550781,5.4838838577270508,73.3338623046875,28.611537933349609,0,0.0040269973687827587,-3.8997249603271484,0.99410200119018555,0.89214944839477539,0.80695432424545288,0.9620058536529541,2.1507999897003174,0,0,0,0
77,330,673680,-12.735928535461426,0.032102577388286591,5.1786651611328125,86.386009216308594,70.724800109863281,14.30419921875,64.634262084960938,34.433998107910156,0,0.0024676746688783169,-4.2276115417480469,0.99409890174865723,0.89214944839477539,0.80695432424545288,0.9620058536529541,2.1507999897003174,0,0,0,0
77,345,674040,-14.37090015411377,0.037628263235092163,5.1283283233642578,85.943206787109375,69.50445556640625,24.692340850830078,56.9666748046875,38.762485504150391,0,0.0046717408113181591,-4.7812566757202148,0.99409365653991699,0.89214944839477539,0.80695432424545288,0.9620058536529541,2.1507999897003174,0,0,0,0
77,360,674400,-9.7405405044555664,0.14494459331035614,5.0156655311584473,85.509536743164062,68.33013916015625,38.062801361083984,50.208831787109375,41.83563232421875,0,0.018291248008608818,-0.22775709629058838,1.1617728471755981,0.9808686375617981,0.98105895519256592,1.0633567571640015,0.20170795917510986,0,0,0,0
77,365,674520,-8.8264694213867188,0.043166860938072205,5.0087480545043945,85.368499755859375,67.944061279296875,44.381309509277344,48.141395568847656,42.611766815185547,0,0.021522384136915207,0.73541355133056641,1.2072175741195679,0.99729812145233154,1.0133005380630493,1.0821254253387451,-0.15923500061035156,0,0,0,0
78,15,674880,-8.8917665481567383,0.073882602155208588,5.0422630310058594,84.975814819335938,66.792007446289062,66.106185913085938,42.430862426757812,44.316024780273438,0,0.013331553898751736,-0.67268788814544678,1.1830692291259766,0.97458600997924805,0.96872973442077637,1.0561796426773071,0.33973264694213867,0,0,0,0
78,30,675240,-5.8042349815368652,0.25629702210426331,4.9521017074584961,85.390068054199219,65.855392456054688,85.004981994628906,37.798831939697266,44.827487945556641,0,0.011143069714307785,0.7600100040435791,1.2296198606491089,0.99729812145233154,1.0133005380630493,1.0821254253387451,-0.15923500061035156,0,0,0,0
78,45,675600,-3.1357250213623047,0.067713186144828796,5.036994457244873,86.469047546386719,65.399795532226562,99.579032897949219,35.052577972412109,43.481494903564453,0,0.018960274755954742,0.76317530870437622,1.194022536277771,0.99729812145233154,1.0133005380630493,1.0821254253387451,-0.15923500061035156,0,0,0,0
78,60,675960,0.27818945050239563,0.046458978205919266,6.1628580093383789,92.611282348632812,69.748374938964844,89.057670593261719,34.312725067138672,40.352962493896484,0,0.018066378310322762,0.7680785059928894,1.1388815641403198,0.99729812145233154,1.0133005380630493,1.0821254253387451,-0.15923500061035156,0,0,0,0
78,75,676320,1.8192266225814819,0.042889736592769623,7.3771967887878418,92.9371337890625,78.781166076660156,82.251220703125,33.883190155029297,37.243442535400391,0,0.0058357906527817249,-2.4632842540740967,1.0746669769287109,0.99729812145233154,1.0133005380630493,1.0821254253387451,-0.15923500061035156,0,1,0,0
78,90,676680,9.6858100891113281,0.00044626512681134045,8.086552619934082,95.623420715332031,93.039352416992188,4.9172759056091309,35.92340087890625,34.030040740966797,0,0.0057293334975838661,0.77937442064285278,1.0118480920791626,0.99729812145233154,1.0133005380630493,1.0821254253387451,-0.15923500061035156,0,0,0,0
78,105,677040,14.291857719421387,0.014162334613502026,7.766512393951416,94.450828552246094,91.711753845214844,0,40.951038360595703,31.101272583007812,0,0.0091135315597057343,0.78390520811080933,0.96089518070220947,0.99729812145233154,1.0133005380630493,1.0821254253387451,-0.15923500061035156,0,0,0,0
78,120,677400,18.161310195922852,1.044986038323259E-05,7.6047673225402832,93.610061645507812,89.452445983886719,0,46.593841552734375,28.461126327514648,0,0.00385329220443964,0.78644990921020508,0.93227773904800415,0.99729812145233154,1.0133005380630493,1.0821254253387451,-0.15923500061035156,0,0,0,0
78,135,677760,21.319414138793945,0,7.3279991149902344,92.478614807128906,87.253303527832031,0,50.79632568359375,26.657253265380859,0,0.00055919494479894638,0.74286043643951416,0.93072545528411865,0.99729812145233154,1.0133005380630493,1.0821254253387451,-0.15923500061035156,0,0,0,0
78,150,678120,23.356479644775391,0,6.9292640686035156,91.189765930175781,85.193344116210938,0,52.809627532958984,26.008388519287109,0,0.0012551619438454509,0.51076865196228027,0.93758344650268555,0.99729812145233154,1.0133005380630493,1.0821254253387451,-0.15923500061035156,0,0,0,0
78,165,678480,24.000852584838867,0,6.4737114906311035,89.80841064453125,83.25238037109375,0,53.987972259521484,25.912023544311523,0,0.00084856478497385979,0.15269213914871216,0.94816404581069946,0.99729812145233154,1.0133005380630493,1.0821254253387451,-0.15923500061035156,0,0,0,0
78,180,678840,23.478946685791016,0,5.9661059379577637,88.422744750976562,81.410293579101562,0,55.260978698730469,25.905237197875977,0,0.00011006705608451739,-0.24737930297851562,0.95998555421829224,0.99729812145233154,1.0133005380630493,1.0821254253387451,-0.15923500061035156,0,0,0,0
78,195,679200,21.736963272094727,0,5.4755730628967285,87.125770568847656,79.667976379394531,0,57.326282501220703,25.651449203491211,0,0.00015647377585992217,-0.60545575618743896,0.97056615352630615,0.99729812145233154,1.0133005380630493,1.0821254253387451,-0.15923500061035156,0,0,0,0
78,210,679560,19.013816833496094,3.3000483767864353E-07,5.011756420135498,85.949966430664062,78.041702270507812,0,61.498355865478516,24.643487930297852,0,0.00066690979292616248,-0.8375476598739624,0.97742420434951782,0.99729812145233154,1.0133005380630493,1.0821254253387451,-0.15923500061035156,0,0,0,0
78,225,679920,15.6087646484375,2.693542955967132E-05,4.6074471473693848,84.939781188964844,76.40338134765625,0,68.187171936035156,22.761800765991211,0,0.00034391766530461609,-0.86263251304626465,0.97980409860610962,0.99729812145233154,1.0133005380630493,1.0821254253387451,-0.15923500061035156,0,0,0,0
78,240,680280,11.754170417785645,0.00010651799675542861,4.2907581329345703,84.044578552246094,74.835121154785156,0,74.994560241699219,20.818613052368164,0,9.4819682999514043E-05,-0.67801952362060547,0.99047654867172241,0.99729812145233154,1.0133005380630493,1.0821254253387451,-0.15923500061035156,0,0,0,0
78,255,680640,7.9255108833312988,2.9011227979935938E-06,4.0252237319946289,83.383979797363281,73.27679443359375,0,80.486427307128906,19.043191909790039,0,0.00079136888962239027,-0.36134755611419678,1.0087833404541016,0.99729812145233154,1.0133005380630493,1.0821254253387451,-0.15923500061035156,0,0,0,0
78,270,681000,3.2973146438598633,7.3938126661232673E-06,3.8652815818786621,83.00408935546875,71.8411865234375,0,83.2572021484375,17.421501159667969,0,0.0029743404593318701,0.0065308213233947754,1.0300502777099609,0.99729812145233154,1.0133005380630493,1.0821254253387451,-0.15923500061035156,0,0,0,0
78,285,681360,-0.32582145929336548,4.7625879233237356E-05,3.7725512981414795,82.904243469238281,70.522918701171875,0.00010048855619970709,83.776939392089844,15.942062377929688,0,0.0028860061429440975,0.34476345777511597,1.0496035814285278,0.99729812145233154,1.0133005380630493,1.0821254253387451,-0.15923500061035156,0,0,0,0
78,300,681720,-3.6070420742034912,0.0008220672607421875,3.7435989379882812,83.294425964355469,69.326255798339844,0.66269820928573608,82.853706359863281,15.483189582824707,0,0.001878416514955461,0.5724976658821106,1.062768816947937,0.99729812145233154,1.0133005380630493,1.0821254253387451,-0.15923500061035156,0,0,0,0
78,315,682080,-6.2092313766479492,0.088851772248744965,3.7616398334503174,83.851715087890625,68.233665466308594,2.2385237216949463,77.838150024414062,18.973573684692383,0,0.0071740774437785149,0.62474226951599121,1.0678755044937134,0.99729812145233154,1.0133005380630493,1.0821254253387451,-0.15923500061035156,0,0,0,0
78,330,682440,-8.0561914443969727,0.011328617110848427,3.8857393264770508,84.386871337890625,67.259376525878906,6.0005970001220703,69.802650451660156,25.02374267578125,0,0.015092603862285614,0.64691692590713501,1.095794677734375,0.99729812145233154,1.0133005380630493,1.0821254253387451,-0.15923500061035156,0,0,0,0
78,345,682800,-9.0122718811035156,0.022898677736520767,4.062565803527832,84.082084655761719,66.09185791015625,14.815054893493652,61.664436340332031,30.625761032104492,0,0.010524109937250614,0.68435931205749512,1.1429370641708374,0.99729812145233154,1.0133005380630493,1.0821254253387451,-0.15923500061035156,0,0,0,0
78,360,683160,-14.619612693786621,0.06978946179151535,4.1570854187011719,83.732276916503906,64.968154907226562,33.176891326904297,54.357521057128906,34.924957275390625,0,0.0080910893157124519,-4.5912933349609375,1.1969045400619507,0.96503448486328125,0.90871536731719971,0.98592424392700195,-0.40991801023483276,0,0,0,0
78,365,683280,-15.416687965393066,0.15246030688285828,4.1887564659118652,83.615463256835938,64.61029052734375,40.633522033691406,52.116748809814453,36.078910827636719,0,0.010505675338208675,-5.8073477745056152,1.2172566652297974,0.95905971527099609,0.88934773206710815,0.96810925006866455,-0.45634078979492188,0,0,0,0
79,15,683640,-13.530823707580566,0.09962068498134613,4.311981201171875,83.282958984375,63.551841735839844,64.729141235351562,45.934154510498047,38.803531646728516,0,0.021095896139740944,-4.7417821884155273,1.2509235143661499,0.96731919050216675,0.91612154245376587,0.99273675680160522,-0.39216592907905579,0,0,0,0
79,30,684000,-12.773086547851562,0.19457763433456421,4.5765109062194824,82.942977905273438,62.574520111083984,98.843086242675781,40.484683990478516,40.539836883544922,0,0.016016656532883644,-6.2404413223266602,1.2515387535095215,0.95905971527099609,0.88934773206710815,0.96810925006866455,-0.45634078979492188,0,0,0,0
79,45,684360,-9.8698635101318359,0.21450236439704895,4.7838349342346191,82.599411010742188,61.680347442626953,134.46858215332031,35.682025909423828,41.431747436523438,0,0.0069527453742921352,-6.0016107559204102,1.2205246686935425,0.95905971527099609,0.88934773206710815,0.96810925006866455,-0.45634078979492188,0,0,0,0
79,60,684720,-6.3329000473022461,0.17585501074790955,4.5133752822875977,83.078292846679688,60.979763031005859,158.53097534179688,31.6114501953125,41.552494049072266,0,0.01376887783408165,-5.631657600402832,1.1724834442138672,0.95905971527099609,0.88934773206710815,0.96810925006866455,-0.45634078979492188,0,0,0,0
79,75,685080,-2.278388500213623,0.1397976279258728,4.5483760833740234,85.565910339355469,61.149726867675781,170.39033508300781,29.489345550537109,39.811412811279297,0,0.015888487920165062,-5.2008266448974609,1.1165364980697632,0.95905971527099609,0.88934773206710815,0.96810925006866455,-0.45634078979492188,0,0,0,0
79,90,685440,3.0071477890014648,0.067352980375289917,7.6701321601867676,98.942970275878906,79.22906494140625,125.03379821777344,29.412757873535156,36.521442413330078,0,0.0047236722894012928,-4.7793607711791992,1.0618058443069458,0.95905971527099609,0.88934773206710815,0.96810925006866455,-0.45634078979492188,0,0,0,0
79,105,685800,8.2694272994995117,0.037694245576858521,9.3413619995117188,102.34462738037109,108.98056793212891,18.524223327636719,31.442485809326172,33.355670928955078,0,0.002036010380834341,-4.4375057220458984,1.0174132585525513,0.95905971527099609,0.88934773206710815,0.96810925006866455,-0.45634078979492188,0,0,0,0
79,120,686160,12.975003242492676,3.4433745895512402E-05,7.94683837890625,100.77188873291016,108.69564056396484,0,37.216827392578125,30.476385116577148,0,0.0041134203784167767,-4.2455048561096191,0.99248045682907104,0.95905971527099609,0.88934773206710815,0.96810925006866455,-0.45634078979492188,0,0,0,0
79,135,686520,15.895258903503418,0.0060612880624830723,7.9654660224914551,99.218208312988281,107.46941375732422,0,43.655464172363281,27.870706558227539,0,0.0028845209162682295,-4.2502145767211914,0.99640160799026489,0.96223336458206177,0.88934773206710815,0.96810925006866455,-0.45634078979492188,0,0,0,0
79,150,686880,18.333229064941406,9.5790255727479234E-07,7.8306493759155273,97.687660217285156,105.81655883789062,0,49.377208709716797,25.73548698425293,0,0.00024655152810737491,-4.3762927055358887,1.0302939414978027,0.95905971527099609,0.88934773206710815,0.96810925006866455,-0.45634078979492188,0,0,0,0
79,165,687240,19.279254913330078,0,7.6842050552368164,96.174171447753906,103.84239959716797,0,53.967140197753906,24.246500015258789,0,0.00040317507227882743,-4.5708084106445312,1.0825837850570679,0.95905971527099609,0.88934773206710815,0.96810925006866455,-0.45634078979492188,0,0,0,0
79,180,687600,18.906219482421875,1.3595260952570243E-06,7.512962818145752,94.976860046386719,101.72892761230469,0,58.350242614746094,23.038335800170898,0,0.00042609911179170012,-4.7881369590759277,1.1410062313079834,0.95905971527099609,0.88934773206710815,0.96810925006866455,-0.45634078979492188,0,0,0,0
79,195,687960,17.221752166748047,3.1686631700722501E-05,7.3499274253845215,93.821891784667969,99.715476989746094,0,63.549236297607422,21.646108627319336,0,0.00010158325312659144,-4.9826526641845703,1.1932960748672485,0.95905971527099609,0.88934773206710815,0.96810925006866455,-0.45634078979492188,0,0,0,0
79,210,688320,14.635983467102051,3.8484158721985295E-05,7.1863441467285156,92.667709350585938,97.751556396484375,0,69.712608337402344,19.958290100097656,0,2.9367296519922093E-05,-5.1087307929992676,1.2271883487701416,0.95905971527099609,0.88934773206710815,0.96810925006866455,-0.45634078979492188,0,0,0,0
79,225,688680,11.20982551574707,6.2951818108558655E-05,7.0872006416320801,91.93450927734375,95.964950561523438,0,75.917594909667969,18.256654739379883,0,0.00036513744271360338,-5.1125454902648926,1.2309843301773071,0.95905971527099609,0.88934773206710815,0.96810925006866455,-0.45634078979492188,0,0,0,0
79,240,689040,7.2205381393432617,0.014367264695465565,7.0800833702087402,91.202461242675781,94.179718017578125,0,81.129409790039062,16.702974319458008,0,0.00040911129326559603,-4.9156904220581055,1.2053309679031372,0.95905971527099609,0.88934773206710815,0.96810925006866455,-0.45634078979492188,0,0,0,0
79,255,689400,3.544813871383667,0.00010148303408641368,7.000150203704834,90.773361206054688,92.401084899902344,0,83.967735290527344,15.285955429077148,0,0.00031098772888071835,-4.5780200958251953,1.1613268852233887,0.95905971527099609,0.88934773206710815,0.96810925006866455,-0.45634078979492188,0,0,0,0
79,270,689760,-1.0759766101837158,0.00051732268184423447,7.0135812759399414,90.6002197265625,90.511764526367188,0.0040575158782303333,84.593185424804688,13.998176574707031,0,0.0013418993912637234,-4.1857471466064453,1.1102074384689331,0.95905971527099609,0.88934773206710815,0.96810925006866455,-0.45634078979492188,0,0,0,0
79,285,690120,-4.5635309219360352,0.00077530060661956668,7.0636658668518066,90.486320495605469,88.763710021972656,0.51765823364257812,83.152961730957031,14.204988479614258,0,0.0024417738895863295,-3.8250861167907715,1.0632075071334839,0.95905971527099609,0.88934773206710815,0.96810925006866455,-0.45634078979492188,0,0,0,0
79,300,690480,-7.7671055793762207,0.0043864711187779903,7.2150764465332031,90.746330261230469,87.164329528808594,3.1787896156311035,76.685272216796875,19.194341659545898,0,0.0043244226835668087,-3.5822505950927734,1.0315620899200439,0.95905971527099609,0.88934773206710815,0.96810925006866455,-0.45634078979492188,0,0,0,0
79,315,690840,-10.404055595397949,0.021521933376789093,7.6703262329101562,90.250282287597656,85.278778076171875,5.9885721206665039,67.8544921875,25.9752197265625,0,0.0025482748169451952,-3.563605785369873,1.0275213718414307,0.95905971527099609,0.88934773206710815,0.96810925006866455,-0.45634078979492188,0,0,0,0
79,330,691200,-12.704822540283203,0.027768842875957489,7.9063448905944824,89.719085693359375,83.303359985351562,15.157954216003418,59.801067352294922,31.409460067749023,0,0.0049178982153534889,-4.0131731033325195,1.0655375719070435,0.95905971527099609,0.88934773206710815,0.96810925006866455,-0.45634078979492188,0,0,0,0
79,345,691560,-14.418919563293457,0.14466515183448792,7.8502445220947266,89.185798645019531,81.478096008300781,30.650209426879883,52.703472137451172,35.445255279541016,0,0.013445616699755192,-4.7722783088684082,1.129729151725769,0.95905971527099609,0.88934773206710815,0.96810925006866455,-0.45634078979492188,0,0,0,0
79,360,691920,-9.7936382293701172,0.028156265616416931,7.7662029266357422,88.68634033203125,79.74188232421875,43.680690765380859,46.448413848876953,38.328136444091797,0,0.0059305746108293533,-0.22982573509216309,1.0612796545028687,0.82635706663131714,1.0381302833557129,0.9460340142250061,4.7932572364807129,0,0,0,0
79,365,692040,-9.1136512756347656,0.036020461469888687,7.7702603340148926,88.512123107910156,79.193443298339844,48.3341064453125,44.534069061279297,39.064990997314453,0,0.0035401897039264441,0.62055528163909912,1.0365030765533447,0.80178248882293701,1.0656825304031372,0.94194602966308594,5.7654051780700684,0,0,0,0
80,15,692400,-9.641627311706543,0.18477711081504822,7.8283185958862305,87.952384948730469,77.660743713378906,71.123512268066406,39.248847961425781,40.672756195068359,0,0.0036757152993232012,-1.0772629976272583,1.0844858884811401,0.83575439453125,1.0275942087173462,0.94759726524353027,4.4215078353881836,0,0,0,0
80,30,692760,-6.938148021697998,0.055143818259239197,7.7834091186523438,87.7744140625,76.214576721191406,82.615730285644531,34.716793060302734,41.441257476806641,0,0.0077509349212050438,0.35102123022079468,1.0334316492080688,0.80178248882293701,1.0656825304031372,0.94194602966308594,5.7654051780700684,0,0,0,0
80,45,693120,-4.3991751670837402,0.052048232406377792,7.7782111167907715,88.555763244628906,75.241439819335938,94.139091491699219,31.502771377563477,40.869087219238281,0,0.0075624561868607998,0.45473557710647583,1.0146090984344482,0.80178248882293701,1.0656825304031372,0.94194602966308594,5.7654051780700684,0,0,0,0
80,60,693480,-1.0863227844238281,0.050872154533863068,8.0688400268554688,91.051383972167969,75.389724731445312,96.076095581054688,30.216081619262695,38.511528015136719,0,0.0022393024992197752,0.61539113521575928,0.98545277118682861,0.80178248882293701,1.0656825304031372,0.94194602966308594,5.7654051780700684,0,0,0,0
80,75,693840,3.2307658195495605,0.012913653627038002,9.0187273025512695,97.446968078613281,86.188529968261719,54.068531036376953,30.238067626953125,35.260303497314453,0,0.0027170670218765736,0.80248361825942993,0.95149838924407959,0.80178248882293701,1.0656825304031372,0.94194602966308594,5.7654051780700684,0,0,0,0
80,90,694200,8.87933349609375,0.00015141017502173781,8.6173639297485352,96.645820617675781,93.741645812988281,3.1996958255767822,32.116641998291016,32.217319488525391,0,0.0049025206826627254,0.98550897836685181,0.91828221082687378,0.80178248882293701,1.0656825304031372,0.94194602966308594,5.7654051780700684,0,0,0,0
80,105,694560,13.434191703796387,3.2512933103134856E-05,8.324676513671875,95.761260986328125,91.978309631347656,0,36.784225463867188,29.446395874023438,0,0.001653347397223115,1.1339627504348755,0.89134025573730469,0.80178248882293701,1.0656825304031372,0.94194602966308594,5.7654051780700684,0,0,0,0
80,120,694920,17.666852951049805,1.0225541018371587E-06,8.1484498977661133,94.7850341796875,89.848991394042969,0,42.214977264404297,26.9356689453125,0,0.00030310280271805823,1.2173409461975098,0.87620836496353149,0.80178248882293701,1.0656825304031372,0.94194602966308594,5.7654051780700684,0,0,0,0
80,135,695280,21.001581192016602,0,7.8749966621398926,93.657073974609375,87.792800903320312,0,46.492969512939453,25.130672454833984,0,0.00066983932629227638,1.2031183242797852,0.88306766748428345,0.80178248882293701,1.0656825304031372,0.94194602966308594,5.7654051780700684,0,0,0,0
80,150,695640,23.512338638305664,0,7.4403729438781738,92.26544189453125,85.951171875,0,48.522468566894531,24.474246978759766,0,0.0021550904493778944,1.0839037895202637,0.92735010385513306,0.80178248882293701,1.0656825304031372,0.94194602966308594,5.7654051780700684,0,0,0,0
80,165,696000,24.654464721679688,0,6.9849262237548828,90.72509765625,84.333213806152344,0,49.669803619384766,24.382610321044922,0,7.8546690929215401E-06,0.89997702836990356,0.99567008018493652,0.80178248882293701,1.0656825304031372,0.94194602966308594,5.7654051780700684,0,0,0,0
80,180,696360,24.59234619140625,0,6.5093779563903809,89.252586364746094,82.815902709960938,0,50.773899078369141,24.44151496887207,0,2.6389227059553377E-05,0.69447946548461914,1.072002649307251,0.80178248882293701,1.0656825304031372,0.94194602966308594,5.7654051780700684,0,0,0,0
80,195,696720,26.486635208129883,0,5.958561897277832,87.831588745117188,81.232261657714844,0,50.803680419921875,25.052051544189453,0,2.1604637368000112E-05,4.6650400161743164,1.1403225660324097,0.80178248882293701,1.0656825304031372,0.94194602966308594,5.7654051780700684,1,0,0,0
80,210,697080,20.999607086181641,2.3753789719194174E-05,5.5562996864318848,87.971092224121094,80.331031799316406,0,53.843063354492188,24.389423370361328,0,1.4820129763393197E-06,0.39133816957473755,1.1846050024032593,0.80178248882293701,1.0656825304031372,0.94194602966308594,5.7654051780700684,0,0,0,0
80,225,697440,17.855007171630859,2.725927515712101E-05,5.1941661834716797,86.833183288574219,78.89410400390625,0,59.612716674804688,22.849233627319336,0,1.524332219560165E-06,0.38907152414321899,1.1909602880477905,0.80178248882293701,1.0656825304031372,0.94194602966308594,5.7654051780700684,0,0,0,0
80,240,697800,14.240414619445801,9.7581405498203821E-06,4.885035514831543,85.832023620605469,77.475425720214844,0,66.579597473144531,20.923578262329102,0,8.6212703536148183E-06,0.58840292692184448,1.171181321144104,0.80178248882293701,1.0656825304031372,0.94194602966308594,5.7654051780700684,0,0,0,0
80,255,698160,10.322783470153809,2.1641111743520014E-05,4.6449799537658691,84.941520690917969,76.066215515136719,0,72.607162475585938,19.142055511474609,0,0.00011383144737919793,0.93032187223434448,1.1372538805007935,0.80178248882293701,1.0656825304031372,0.94194602966308594,5.7654051780700684,0,0,0,0
80,270,698520,5.8443326950073242,0.010454040952026844,4.4736876487731934,84.199111938476562,74.654838562011719,0,76.686874389648438,17.516069412231445,0,0.00010845409997273237,1.3275297880172729,1.0978403091430664,0.80178248882293701,1.0656825304031372,0.94194602966308594,5.7654051780700684,0,0,0,0
80,285,698880,2.2288320064544678,1.7389158529113047E-05,4.3341937065124512,83.662590026855469,73.319221496582031,0,78.135574340820312,16.031057357788086,0,7.57502784836106E-05,1.6927282810211182,1.0616027116775513,0.80178248882293701,1.0656825304031372,0.94194602966308594,5.7654051780700684,0,0,0,0
80,300,699240,-1.0983551740646362,5.6500557548133656E-05,4.2793011665344238,83.404144287109375,72.065505981445312,0.00015736631758045405,78.260627746582031,14.706718444824219,0,0.0024649165570735931,1.9386188983917236,1.0372039079666138,0.80178248882293701,1.0656825304031372,0.94194602966308594,5.7654051780700684,0,0,0,0
80,315,699600,-3.9993429183959961,0.00016578761278651655,4.2681698799133301,83.571586608886719,70.843940734863281,0.11659666150808334,76.615753173828125,15.036849975585938,0,0.0022557296324521303,1.9719455242156982,1.0318653583526611,0.80178248882293701,1.0656825304031372,0.94194602966308594,5.7654051780700684,0,0,0,0
80,330,699960,-6.4443755149841309,0.0028818859718739986,4.3121223449707031,84.1004638671875,69.657249450683594,2.1355416774749756,71.198814392089844,18.942628860473633,0,0.0015488241333514452,1.701174259185791,1.0327945947647095,0.80178248882293701,1.0656825304031372,0.94194602966308594,5.7654051780700684,0,0,0,0
80,345,700320,-8.1935396194458008,0.012279781512916088,4.4316911697387695,84.382095336914062,68.526748657226562,6.4789271354675293,63.626255035400391,24.548538208007812,0,0.001377195818349719,1.2439703941345215,1.0343636274337769,0.80178248882293701,1.0656825304031372,0.94194602966308594,5.7654051780700684,0,0,0,0
80,360,700680,-10.607757568359375,0.035860400646924973,4.568751335144043,84.089111328125,67.247711181640625,17.143959045410156,56.142898559570312,29.563350677490234,0,0.0079501848667860031,-0.75457435846328735,1.09354567527771,0.82781130075454712,0.99878144264221191,0.98859667778015137,2.2405471801757812,0,0,0,0
80,365,700800,-10.799144744873047,0.053161885589361191,4.60235595703125,83.98944091796875,66.822669982910156,20.703630447387695,53.827239990234375,30.96153450012207,0,0.010196181014180183,-1.1649539470672607,1.1111873388290405,0.83263146877288818,0.9863923192024231,0.99723565578460693,1.5877957344055176,0,0,0,0
81,15,701160,-9.7891740798950195,0.056317280977964401,4.7295827865600586,83.687019348144531,65.590118408203125,36.011745452880859,47.44586181640625,34.353252410888672,0,0.0075205895118415356,-1.0353026390075684,1.1058864593505859,0.82596808671951294,1.0035190582275391,0.98529309034347534,2.4901595115661621,0,0,0,0
81,30,701520,-8.1757411956787109,0.074760153889656067,4.9581780433654785,83.413970947265625,64.396476745605469,58.245838165283203,41.837581634521484,36.687320709228516,0,0.0029932425823062658,-1.4157501459121704,1.1220955848693848,0.83263146877288818,0.9863923192024231,0.99723565578460693,1.5877959728240967,0,0,0,0
81,45,701880,-5.5141687393188477,0.081080228090286255,4.8167920112609863,84.319435119628906,63.477592468261719,79.608543395996094,37.361865997314453,37.719993591308594,0,0.0086369626224040985,-1.3192102909088135,1.1049402952194214,0.83263146877288818,0.9863923192024231,0.99723565578460693,1.5877959728240967,0,0,0,0
81,60,702240,-2.1053931713104248,0.05230163037776947,4.965604305267334,86.329879760742188,63.45452880859375,89.754615783691406,35.1436767578125,36.508243560791016,0,0.010532316751778126,-1.1696679592132568,1.0783662796020508,0.83263146877288818,0.9863923192024231,0.99723565578460693,1.5877959728240967,0,0,0,0
81,75,702600,2.0912489891052246,0.03131374716758728,5.9427528381347656,92.7860107421875,72.666961669921875,64.952445983886719,34.90301513671875,33.595691680908203,0,0.0033094212412834167,-0.99551767110824585,1.0474194288253784,0.83263146877288818,0.9863923192024231,0.99723565578460693,1.5877959728240967,0,0,0,0
81,90,702960,7.6390132904052734,0.0056382971815764904,6.306114673614502,92.615135192871094,86.139045715332031,7.9753260612487793,36.471206665039062,30.688121795654297,0,0.0014558652183040977,-0.82515305280685425,1.0171453952789307,0.83263146877288818,0.9863923192024231,0.99723565578460693,1.5877959728240967,0,0,0,0
81,105,703320,12.062686920166016,0.0087569514289498329,6.0137853622436523,91.875007629394531,85.230018615722656,0,41.542057037353516,28.045217514038086,0,0.0031721103005111217,-0.68696856498718262,0.99258977174758911,0.83263146877288818,0.9863923192024231,0.99723565578460693,1.5877959728240967,0,0,0,0
81,120,703680,16.462011337280273,1.97500176000176E-05,5.825047492980957,91.068870544433594,83.431686401367188,0,47.810871124267578,25.645574569702148,0,0.0013186283176764846,-0.60935801267623901,0.97879815101623535,0.83263146877288818,0.9863923192024231,0.99723565578460693,1.5877959728240967,0,0,0,0
81,135,704040,19.697404861450195,2.3538059394923039E-06,5.5960965156555176,90.164016723632812,81.4417724609375,0,53.308792114257812,23.767675399780273,0,0.0001499851350672543,-0.57960367202758789,0.98814421892166138,0.83263146877288818,0.9863923192024231,0.99723565578460693,1.5877959728240967,0,0,0,0
81,150,704400,22.244455337524414,0,5.2302522659301758,89.018814086914062,79.572586059570312,0,56.368118286132812,23.069717407226562,0,0.00026809112750925124,-0.46297675371170044,1.0448848009109497,0.83263146877288818,0.9863923192024231,0.99723565578460693,1.5877959728240967,0,0,0,0
81,165,704760,23.390359878540039,0.0048197656869888306,4.8420724868774414,87.740386962890625,77.891914367675781,0,57.940402984619141,23.16779899597168,0,0.00017673442198429257,-0.28304201364517212,1.1324255466461182,0.83263146877288818,0.9863923192024231,0.99723565578460693,1.5877959728240967,0,0,0,0
81,180,705120,23.578395843505859,1.8371268879491254E-06,4.3294615745544434,86.431480407714844,76.313125610351562,0,59.203094482421875,23.495914459228516,0,8.2712876974255778E-06,-0.082004666328430176,1.2302329540252686,0.83263146877288818,0.9863923192024231,0.99723565578460693,1.5877959728240967,0,0,0,0
81,195,705480,22.492843627929688,0,3.882199764251709,85.227546691894531,74.835517883300781,0,60.892292022705078,23.672557830810547,0,2.2874505702930037E-06,0.097930014133453369,1.317773699760437,0.83263146877288818,0.9863923192024231,0.99723565578460693,1.5877959728240967,0,0,0,0
81,210,705840,20.262598037719727,4.7697799345769454E-06,3.4517519474029541,84.113960266113281,73.453018188476562,0,64.195137023925781,23.201684951782227,0,3.0559011065633968E-05,0.21455705165863037,1.374514102935791,0.83263146877288818,0.9863923192024231,0.99723565578460693,1.5877959728240967,0,0,0,0
81,225,706200,16.850248336791992,0.026777690276503563,3.1786820888519287,83.131759643554688,72.115585327148438,0,70.214378356933594,21.694421768188477,0,8.5769779616384767E-06,0.23503786325454712,1.3809586763381958,0.83263146877288818,0.9863923192024231,0.99723565578460693,1.5877959728240967,0,0,0,0
81,240,706560,12.890275001525879,0.00013062986545264721,2.8459594249725342,82.343055725097656,70.771072387695312,0,77.041145324707031,19.858421325683594,0,7.8754655987722799E-06,0.21978062391281128,1.3388943672180176,0.83263146877288818,0.9863923192024231,0.99723565578460693,1.5877959728240967,0,0,0,0
81,255,706920,8.6253910064697266,7.9584744526073337E-05,2.651817798614502,81.702224731445312,69.468017578125,0,82.740226745605469,18.174385070800781,0,4.6811623178655282E-05,0.19360941648483276,1.2667402029037476,0.83263146877288818,0.9863923192024231,0.99723565578460693,1.5877959728240967,0,0,0,0
81,270,707280,3.6433005332946777,2.2779895516578108E-05,2.4984180927276611,81.257766723632812,68.2305908203125,0,85.870803833007812,16.637529373168945,0,0.00069149595219641924,0.16320621967315674,1.1829186677932739,0.83263146877288818,0.9863923192024231,0.99723565578460693,1.5877959728240967,0,0,0,0
81,285,707640,-0.23551230132579803,0.025898803025484085,2.4601342678070068,81.032203674316406,67.031120300292969,0.0016083971131592989,86.484786987304688,15.235932350158691,0,0.00067963957553729415,0.13525313138961792,1.1058518886566162,0.83263146877288818,0.9863923192024231,0.99723565578460693,1.5877959728240967,0,0,0,0
81,300,708000,-3.7163028717041016,0.00013706974277738482,2.3732678890228271,81.286880493164062,65.953758239746094,0.014549222774803638,85.467453002929688,14.931437492370605,0,0.018193682655692101,0.1164320707321167,1.0539623498916626,0.92863798141479492,0.9863923192024231,0.99723565578460693,1.5877959728240967,0,0,0,1
81,315,708360,-6.5561914443969727,0.0017971200868487358,2.404487133026123,81.830238342285156,64.984062194824219,2.0394277572631836,79.939186096191406,18.961811065673828,0,0.0017094428185373545,0.092523753643035889,1.0435160398483276,0.83263146877288818,0.9863923192024231,0.99723565578460693,1.5877959728240967,0,0,0,0
81,330,708720,-8.7679510116577148,0.013616912998259068,2.6140041351318359,82.1011962890625,64.089118957519531,6.5977416038513184,71.347053527832031,25.542098999023438,0,0.0061700353398919106,-0.15943077206611633,1.057075023651123,0.83263146877288818,0.9863923192024231,0.99723565578460693,1.5877959728240967,0,0,0,0
81,345,709080,-10.224129676818848,0.062926553189754486,2.7651913166046143,81.728736877441406,63.022869110107422,12.756234169006348,62.909450531005859,31.387964248657227,0,0.0054001850076019764,-0.58486199378967285,1.0799696445465088,0.83263146877288818,0.9863923192024231,0.99723565578460693,1.5877959728240967,0,0,0,0
81,360,709440,-5.1949477195739746,0.0069655198603868484,2.6871590614318848,81.661491394042969,62.072586059570312,21.232925415039062,55.6998291015625,35.541645050048828,0,0.0020183857996016741,4.38189697265625,1.0132292509078979,0.8173142671585083,1.0074485540390015,1.0929903984069824,2.4769017696380615,0,0,0,0
81,365,709560,-4.3549437522888184,0.0075432523153722286,2.7015447616577148,81.8880615234375,61.8511962890625,23.47718620300293,54.154434204101562,36.004299163818359,0,0.0033431898336857557,5.328829288482666,0.99816471338272095,0.81447774171829224,1.0113478899002075,1.1107227802276611,2.6415510177612305,0,0,0,0
82,15,709920,-4.629122257232666,0.11491432785987854,2.7891464233398438,82.177505493164062,61.078750610351562,36.677871704101562,48.115825653076172,38.631229400634766,0,0.010714514181017876,3.7862582206726074,1.0282156467437744,0.81839895248413086,1.0059574842453003,1.0862095355987549,2.4139399528503418,0,0,0,0
82,30,710280,-1.6360323429107666,0.011945855803787708,3.0213229656219482,84.410690307617188,61.303375244140625,34.986621856689453,45.972751617431641,37.307113647460938,0,0.010502670891582966,5.1937618255615234,0.99968105554580688,0.81447774171829224,1.0113478899002075,1.1107227802276611,2.6415510177612305,0,0,0,0
82,45,710640,1.1078864336013794,0.0096634337678551674,3.7571003437042236,88.429756164550781,65.621170043945312,18.09754753112793,45.646663665771484,34.384662628173828,0,0.003036820562556386,5.1129837036132812,0.9894682765007019,0.81447774171829224,1.0113478899002075,1.1107227802276611,2.6415510177612305,0,0,0,0
82,60,711000,4.6405158042907715,0.0009478749125264585,3.8099417686462402,88.111190795898438,71.799285888671875,1.6777067184448242,46.01318359375,31.423358917236328,0,0.0040483009070158005,4.987856388092041,0.97364848852157593,0.81447774171829224,1.0113478899002075,1.1107227802276611,2.6415510177612305,0,0,0,0
82,75,711360,6.7434906959533691,0.00078373524593189359,3.7994217872619629,87.656646728515625,71.3299560546875,0,48.081390380859375,28.720781326293945,0,0.0070693152956664562,3.8746984004974365,0.95522540807723999,0.81447774171829224,1.0113478899002075,1.1107227802276611,2.6415510177612305,0,0,0,0
82,90,711720,13.428089141845703,0.018357211723923683,3.8976991176605225,87.470283508300781,70.864761352539062,0,51.003696441650391,26.249565124511719,0,0.0027612387202680111,4.528928279876709,0.93720293045043945,0.81447774171829224,1.0113478899002075,1.1107227802276611,2.6415510177612305,0,0,0,0
82,105,712080,17.61279296875,6.829847052358673E-07,3.6812641620635986,86.863594055175781,69.169418334960938,0,56.701324462890625,24.005607604980469,0,0.00056544470135122538,4.5839653015136719,0.92258459329605103,0.81447774171829224,1.0113478899002075,1.1107227802276611,2.6415510177612305,0,0,0,0
82,120,712440,21.479009628295898,0,3.3455321788787842,85.933189392089844,67.64813232421875,0,61.688568115234375,22.395036697387695,0,0.0012668343260884285,4.5190258026123047,0.91437435150146484,0.81447774171829224,1.0113478899002075,1.1107227802276611,2.6415510177612305,0,0,0,0
82,135,712800,24.821132659912109,0,2.8989870548248291,84.728172302246094,66.373710632324219,0,63.3773193359375,22.426614761352539,0,0.00048756928299553692,4.5765819549560547,0.91818839311599731,0.81447774171829224,1.0113478899002075,1.1107227802276611,2.6415510177612305,0,0,0,0
82,150,713160,27.457387924194336,0,2.3977038860321045,83.322158813476562,65.304962158203125,0,63.300876617431641,23.446022033691406,0,1.9351087757968344E-05,4.9154791831970215,0.94270420074462891,0.81447774171829224,1.0113478899002075,1.1107227802276611,2.6415510177612305,0,0,0,0
82,165,713520,29.158794403076172,0,2.0709679126739502,81.797943115234375,64.346534729003906,0,62.423595428466797,24.935434341430664,0,3.490253584459424E-05,5.4383368492126465,0.98052775859832764,0.81447774171829224,1.0113478899002075,1.1107227802276611,2.6415510177612305,0,0,0,0
82,180,713880,29.709800720214844,0,1.8749058246612549,80.305000305175781,63.394901275634766,0,61.092761993408203,26.570959091186523,0,6.7830784246325493E-05,6.0225152969360352,1.0227872133255005,0.81447774171829224,1.0113478899002075,1.1107227802276611,2.6415510177612305,0,0,0,0
82,195,714240,29.224523544311523,0,1.6816705465316772,78.932266235351562,62.437538146972656,0,60.05224609375,27.913627624511719,0,5.5106120271375403E-06,6.6438322067260742,1.0606107711791992,0.81447774171829224,1.0113478899002075,1.1107227802276611,2.6415510177612305,0,0,0,0
82,210,714600,29.942375183105469,0,1.4893108606338501,77.707000732421875,61.482460021972656,0,58.380943298339844,29.3565673828125,0,3.6385558814799879E-06,10.195931434631348,1.085126519203186,0.81447774171829224,1.0113478899002075,1.1107227802276611,2.6415510177612305,1,0,0,0
82,225,714960,23.717563629150391,0,1.3387761116027832,76.675155639648438,60.519191741943359,0,59.681385040283203,29.257797241210938,0,1.2784124010067899E-05,6.9349889755249023,1.0883971452713013,0.81447774171829224,1.0113478899002075,1.1107227802276611,2.6415510177612305,0,0,0,0
82,240,715320,19.688013076782227,0,1.2070193290710449,75.745918273925781,59.610691070556641,0,65.032859802246094,27.648399353027344,0,0.00010021423076977953,6.8040895462036133,1.075007438659668,0.81447774171829224,1.0113478899002075,1.1107227802276611,2.6415510177612305,0,0,0,0
82,255,715680,15.264263153076172,2.7464346885608393E-07,1.1146832704544067,74.955924987792969,58.700832366943359,0,72.283683776855469,25.321836471557617,0,0.00017826094699557871,6.579554557800293,1.0520397424697876,0.81447774171829224,1.0113478899002075,1.1107227802276611,2.6415510177612305,0,0,0,0
82,270,716040,10.002480506896973,0,1.0515831708908081,74.306846618652344,57.792675018310547,0,78.192115783691406,23.169994354248047,0,4.249147605150938E-05,6.3187112808227539,1.0253580808639526,0.81447774171829224,1.0113478899002075,1.1107227802276611,2.6415510177612305,0,0,0,0
82,285,716400,5.7936387062072754,8.0416549508299795E-07,1.0210096836090088,73.867019653320312,56.871845245361328,0,81.842033386230469,21.205663681030273,0,0.0010493283625692129,6.0788888931274414,1.0008265972137451,0.81447774171829224,1.0113478899002075,1.1107227802276611,2.6415510177612305,0,0,0,0
82,300,716760,2.1775963306427002,3.8933354517212138E-05,1.0176485776901245,73.780708312988281,56.019660949707031,0,82.955474853515625,19.410869598388672,0,0.0021746044512838125,5.917414665222168,0.98430931568145752,0.81447774171829224,1.0113478899002075,1.1107227802276611,2.6415510177612305,0,0,0,0
82,315,717120,-0.66266053915023804,5.8885776525130495E-05,1.0243297815322876,73.847831726074219,55.225711822509766,0.00011252817057538778,83.023422241210938,17.792041778564453,0,0.0018384585855528712,5.8730611801147461,0.98091679811477661,0.81447774171829224,1.0113478899002075,1.1107227802276611,2.6415510177612305,0,0,0,0
82,330,717480,-2.7598710060119629,0.00015611038543283939,1.0459902286529541,74.347373962402344,54.6427001953125,0.033958114683628082,81.957565307617188,17.294118881225586,0,0.0012124675558879972,5.7640161514282227,0.98437261581420898,0.81447774171829224,1.0113478899002075,1.1107227802276611,2.6415510177612305,0,0,0,0
82,345,717840,-4.0933427810668945,0.000901313207577914,1.0761055946350098,75.104042053222656,54.126800537109375,1.4282494783401489,78.552619934082031,19.071819305419922,0,0.0064442362636327744,5.5798912048339844,0.9902079701423645,0.81447774171829224,1.0113478899002075,1.1107227802276611,2.6415510177612305,0,0,0,0
82,360,718200,-8.333104133605957,0.033323463052511215,1.1110116243362427,76.039306640625,53.576286315917969,6.2764801979064941,71.9656982421875,23.754331588745117,0,0.011737230233848095,1.5287308692932129,0.84868240356445312,0.84262233972549438,1.0500963926315308,0.96312952041625977,-3.8722867965698242,0,0,0,0
82,365,718320,-8.5386276245117188,0.019018793478608131,1.1652536392211914,76.077751159667969,53.369522094726562,7.5387992858886719,69.060577392578125,25.90995979309082,0,0.010363605804741383,0.83643341064453125,0.82507491111755371,0.84783428907394409,1.0572720766067505,0.93579739332199097,-5.0785531997680664,0,0,0,0
83,15,718680,-6.5155067443847656,0.015825923532247543,1.1534305810928345,77.200248718261719,52.814289093017578,13.951028823852539,63.038722991943359,29.413608551025391,0,0.0037795898970216513,1.8164446353912354,0.8689037561416626,0.84062927961349487,1.0473524332046509,0.97358131408691406,-3.4110107421875,0,0,0,0
83,30,719040,-4.9724831581115723,0.015730032697319984,1.1860849857330322,78.354476928710938,52.302330017089844,22.073081970214844,57.104560852050781,32.521121978759766,0,0.0099710226058959961,0.85045558214187622,0.8298410177230835,0.84783428907394409,1.0572720766067505,0.93579739332199097,-5.0785531997680664,0,0,0,0
83,45,719400,-2.1931138038635254,0.012788901105523109,1.2649087905883789,79.961166381835938,52.452018737792969,26.455793380737305,54.043575286865234,32.603462219238281,0,0.013493793085217476,0.70419883728027344,0.81566929817199707,0.84783428907394409,1.0572720766067505,0.93579739332199097,-5.0785531997680664,0,0,0,0
83,60,719760,1.2230488061904907,0.0083872675895690918,1.5479894876480103,83.058204650878906,56.585838317871094,14.70454216003418,53.595355987548828,30.215106964111328,0,0.0046482421457767487,0.4776441752910614,0.79371708631515503,0.84783428907394409,1.0572720766067505,0.93579739332199097,-5.0785531997680664,0,0,0,0
83,75,720120,5.2196555137634277,0.048143409192562103,1.7830137014389038,82.451835632324219,62.274101257324219,1.1162062883377075,54.487255096435547,27.624549865722656,0,0.0021186540834605694,0.21380847692489624,0.76815247535705566,0.84783428907394409,1.0572720766067505,0.93579739332199097,-5.0785531997680664,0,0,0,0
83,90,720480,10.10170841217041,8.4594748841482215E-06,1.607460618019104,81.805656433105469,61.640434265136719,0,58.503536224365234,25.260469436645508,0,0.010765525512397289,-0.044291794300079346,0.74314367771148682,0.84783428907394409,1.0572720766067505,0.93579739332199097,-5.0785531997680664,0,0,0,0
83,105,720840,14.008268356323242,1.2090913514839485E-05,1.5013364553451538,81.24822998046875,60.355823516845703,0,65.018028259277344,23.103677749633789,0,0.002412118948996067,-0.2536395788192749,0.72285878658294678,0.84783428907394409,1.0572720766067505,0.93579739332199097,-5.0785531997680664,0,0,0,0
83,120,721200,17.620111465454102,0,1.4310526847839355,80.283554077148438,59.14605712890625,0,71.896659851074219,21.192214965820312,0,0.00034779019188135862,-0.37121856212615967,0.71146583557128906,0.84783428907394409,1.0572720766067505,0.93579739332199097,-5.0785531997680664,0,0,0,0
83,135,721560,20.651464462280273,0,1.3026636838912964,79.017478942871094,58.081996917724609,0,76.606712341308594,20.363639831542969,0,0.0003750522737391293,-0.3355553150177002,0.71429061889648438,0.84783428907394409,1.0572720766067505,0.93579739332199097,-5.0785531997680664,0,0,0,0
83,150,721920,22.864686965942383,0,1.1594817638397217,77.559799194335938,57.145561218261719,0,78.186775207519531,21.117643356323242,0,0.00043878023279830813,-0.084822893142700195,0.73524570465087891,0.84783428907394409,1.0572720766067505,0.93579739332199097,-5.0785531997680664,0,0,0,0
83,165,722280,26.791465759277344,0,1.0023940801620483,76.008529663085938,56.299190521240234,0,78.328437805175781,22.616291046142578,0,0.00012158494064351544,2.3714661598205566,0.76757574081420898,0.84783428907394409,1.0572720766067505,0.93579739332199097,-5.0785531997680664,1,0,0,0
83,180,722640,24.072193145751953,0,0.83368825912475586,74.444236755371094,55.526176452636719,0,76.674507141113281,24.995536804199219,0,5.0031399041472469E-06,0.97866100072860718,0.80369746685028076,0.84783428907394409,1.0572720766067505,0.93579739332199097,-5.0785531997680664,0,0,0,0
83,195,723000,22.755317687988281,0,0.68006467819213867,72.956306457519531,54.803993225097656,0,77.338813781738281,25.977144241333008,0,2.9180011551943608E-05,1.1210516691207886,0.83602744340896606,0.84783428907394409,1.0572720766067505,0.93579739332199097,-5.0785531997680664,0,0,0,0
83,210,723360,20.284978866577148,0,0.54157084226608276,71.629768371582031,54.049160003662109,0,79.723556518554688,26.071750640869141,0,1.9622873878688551E-05,1.3717840909957886,0.85698258876800537,0.84783428907394409,1.0572720766067505,0.93579739332199097,-5.0785531997680664,0,0,0,0
83,225,723720,16.784208297729492,1.6013547110560467E-06,0.42497184872627258,70.59033203125,53.29022216796875,0,85.5750732421875,24.591405868530273,0,3.2585390727035701E-05,1.4092050790786743,0.86003470420837402,0.84783428907394409,1.0572720766067505,0.93579739332199097,-5.0785531997680664,0,0,0,0
83,240,724080,12.599681854248047,0,0.32914867997169495,69.607109069824219,52.505870819091797,0,92.657142639160156,22.537313461303711,0,4.0656232158653438E-05,1.3113481998443604,0.85111463069915771,0.84783428907394409,1.0572720766067505,0.93579739332199097,-5.0785531997680664,0,0,0,0
83,255,724440,8.1474132537841797,3.5065006613876903E-06,0.2590080201625824,71.048126220703125,52.524612426757812,0,98.465843200683594,20.639192581176758,0,0.00070642778882756829,1.1434913873672485,0.83581376075744629,0.84783428907394409,1.0572720766067505,0.93579739332199097,-5.0785531997680664,0,0,0,0
83,270,724800,2.9004461765289307,2.5993893359554932E-05,0.21074052155017853,70.362388610839844,51.847145080566406,0,101.42599487304688,18.918889999389648,0,0.00086223299149423838,0.94849181175231934,0.81803858280181885,0.84783428907394409,1.0572720766067505,0.93579739332199097,-5.0785531997680664,0,0,0,0
83,285,725160,-1.1208720207214355,4.5070617488818243E-05,0.21894095838069916,69.988761901855469,51.213588714599609,0.00010478187323315069,101.83258056640625,17.358552932739258,0,0.00049917289288714528,0.76920640468597412,0.80169588327407837,0.84783428907394409,1.0572720766067505,0.93579739332199097,-5.0785531997680664,0,0,0,0
83,300,725520,-4.4544391632080078,0.024787602946162224,0.22483250498771667,69.904266357421875,50.651851654052734,0.14189533889293671,99.895675659179688,17.754110336303711,0,0.0017339627956971526,0.64849233627319336,0.79069232940673828,0.84783428907394409,1.0572720766067505,0.93579739332199097,-5.0785531997680664,0,0,0,0
83,315,725880,-6.9694018363952637,0.00031796193798072636,0.23821423947811127,70.362419128417969,50.131370544433594,0.40030297636985779,92.411300659179688,23.413372039794922,0,0.0067995917052030563,0.6250375509262085,0.78882080316543579,0.84783428907394409,1.0572720766067505,0.93579739332199097,-5.0785531997680664,0,0,0,0
83,330,726240,-8.5384101867675781,0.008924911729991436,0.36290961503982544,70.830390930175781,49.645259857177734,2.0721144676208496,82.263916015625,31.096437454223633,0,0.0066293105483055115,0.66739386320114136,0.79608482122421265,0.84783428907394409,1.0572720766067505,0.93579739332199097,-5.0785531997680664,0,0,0,0
83,345,726600,-9.1877889633178711,0.012404771521687508,0.45662188529968262,70.67333984375,49.165130615234375,6.1680364608764648,72.567825317382812,37.668022155761719,0,0.0028732891660183668,0.73891359567642212,0.80835044384002686,0.84783428907394409,1.0572720766067505,0.93579739332199097,-5.0785531997680664,0,0,0,0
83,360,726960,-9.0722684860229492,0.023367622867226601,0.43808004260063171,70.465362548828125,48.695106506347656,13.489296913146973,63.958034515380859,42.623508453369141,0,0.069819234311580658,0.61768364906311035,0.8967815637588501,1.3925096988677979,0.95299357175827026,1.0926436185836792,-6.4007606506347656,0,0,0,0
83,365,727080,-8.7249898910522461,0.056065727025270462,0.43508440256118774,70.395561218261719,48.543952941894531,17.442468643188477,61.326019287109375,43.940227508544922,0,0.10368433594703674,0.66805106401443481,0.90434068441390991,1.4933755397796631,0.93368273973464966,1.1216892004013062,-6.6456136703491211,0,0,0,0
84,15,727440,-7.1758670806884766,0.030203772708773613,0.41722407937049866,70.407730102539062,48.103076934814453,24.345102310180664,54.208267211914062,46.921024322509766,0,0.082819461822509766,0.84563589096069336,0.87903445959091187,1.3539385795593262,0.96037805080413818,1.0815365314483643,-6.3071284294128418,0,0,0,0
84,30,727800,-4.9772872924804688,0.041960712522268295,0.40438252687454224,71.813758850097656,47.751682281494141,33.337787628173828,48.867008209228516,47.918243408203125,0,0.08595363050699234,0.82575732469558716,0.89000952243804932,1.4933755397796631,0.93368273973464966,1.1216892004013062,-6.6456136703491211,0,0,0,0
84,45,728160,-2.1647403240203857,0.13865034282207489,0.54336380958557129,75.356781005859375,47.968418121337891,36.352390289306641,46.146839141845703,46.318794250488281,0,0.079664446413516998,0.71514362096786499,0.88577896356582642,1.4933755397796631,0.93368273973464966,1.1216892004013062,-6.6456136703491211,0,0,0,0
84,60,728520,1.5666216611862183,0.011986691504716873,1.7169609069824219,84.127967834472656,55.773490905761719,14.138906478881836,45.705459594726562,42.726470947265625,0,0.074008099734783173,0.54380083084106445,0.87922561168670654,1.4933755397796631,0.93368273973464966,1.1216892004013062,-6.6456136703491211,0,0,0,0
84,75,728880,5.6864285469055176,0.00044638777035288513,2.3831076622009277,81.984901428222656,66.514358520507812,0.64596599340438843,46.627071380615234,39.046062469482422,0,0.061308778822422028,0.34426236152648926,0.87159401178359985,1.4933755397796631,0.93368273973464966,1.1216892004013062,-6.6456136703491211,0,0,0,0
84,90,729240,10.499551773071289,0.031870331615209579,2.6290693283081055,81.230430603027344,66.397254943847656,0,50.329113006591797,35.693813323974609,0,0.039062585681676865,0.14906167984008789,0.8641282320022583,1.4933755397796631,0.93368273973464966,1.1216892004013062,-6.6456136703491211,0,0,0,0
84,105,729600,14.577759742736816,0,2.5511555671691895,80.944076538085938,64.851188659667969,0,56.122783660888672,32.635368347167969,0,0.036707378923892975,-0.0092676877975463867,0.85807269811630249,1.4933755397796631,0.93368273973464966,1.1216892004013062,-6.6456136703491211,0,0,0,0
84,120,729960,18.078767776489258,0,2.3339188098907471,80.379554748535156,63.246452331542969,0,62.259468078613281,29.906475067138672,0,0.031951546669006348,-0.098192453384399414,0.85467171669006348,1.4933755397796631,0.93368273973464966,1.1216892004013062,-6.6456136703491211,0,0,0,0
84,135,730320,21.108486175537109,0,1.9345035552978516,79.444175720214844,61.824630737304688,0,66.415969848632812,28.275197982788086,0,0.01428038626909256,-0.074275791645050049,0.85318601131439209,1.4933755397796631,0.93368273973464966,1.1216892004013062,-6.6456136703491211,0,0,0,0
84,150,730680,23.167367935180664,0,1.4353114366531372,78.338371276855469,60.538619995117188,0,67.960624694824219,28.048793792724609,0,0.0065755392424762249,0.099177777767181396,0.84711301326751709,1.4933755397796631,0.93368273973464966,1.1216892004013062,-6.6456136703491211,0,0,0,0
84,165,731040,24.095195770263672,0,0.89650905132293701,77.12994384765625,59.311252593994141,0,68.457839965820312,28.455829620361328,0,0.011436410248279572,0.36678594350814819,0.83774340152740479,1.4933755397796631,0.93368273973464966,1.1216892004013062,-6.6456136703491211,0,0,0,0
84,180,731400,23.883045196533203,0,0.74117159843444824,77.0101318359375,58.677070617675781,0,68.948356628417969,28.908615112304688,0,0.0058527477085590363,0.6657789945602417,0.82727479934692383,1.7485783100128174,0.93368273973464966,1.1216892004013062,-6.6456136703491211,0,0,0,1
84,195,731760,22.632133483886719,0,0.59211611747741699,75.620223999023438,57.683254241943359,0,69.868019104003906,29.173917770385742,0,0.0041227461770176888,0.9608149528503418,0.8179052472114563,1.4933755397796631,0.93368273973464966,1.1216892004013062,-6.6456136703491211,0,0,0,0
84,210,732120,23.428628921508789,0,0.42696252465248108,74.311935424804688,56.771041870117188,0,70.004913330078125,29.758945465087891,0,0.0050773643888533115,5.3271121978759766,0.81183212995529175,1.4933755397796631,0.93368273973464966,1.1216892004013062,-6.6456136703491211,1,0,0,0
84,225,732480,16.274059295654297,0,0.30668258666992188,73.114646911621094,55.908428192138672,0,75.743820190429688,27.910554885864258,0,0.012500557117164135,1.123079776763916,0.81263905763626099,1.4933755397796631,0.93368273973464966,1.1216892004013062,-6.6456136703491211,0,0,0,0
84,240,732840,11.99818229675293,0,0.21064363420009613,71.997459411621094,55.115936279296875,0,82.740066528320312,25.559715270996094,0,0.013008812442421913,0.96042406558990479,0.83187150955200195,1.4933755397796631,0.93368273973464966,1.1216892004013062,-6.6456136703491211,0,0,0,0
84,255,733200,7.1884889602661133,0.0064012357033789158,0.2441561222076416,73.025123596191406,54.430713653564453,0,88.329353332519531,23.402364730834961,0,0.0095074279233813286,0.68141591548919678,0.86486136913299561,1.4933755397796631,0.93368273973464966,3.3389625549316406,-6.6456136703491211,0,0,1,0
84,270,733560,2.0833182334899902,1.320615350408616E-08,0.10430219769477844,72.153778076171875,54.00115966796875,0,90.808197021484375,21.442028045654297,0,0.024659730494022369,0.35729169845581055,0.90318578481674194,1.4933755397796631,0.93368273973464966,1.1216892004013062,-6.6456136703491211,0,0,0,0
84,285,733920,-2.064579963684082,5.3242574722389691E-06,0.096581302583217621,72.220909118652344,53.316303253173828,2.6098737180291209E-06,90.949089050292969,19.724288940429688,0,0.043945308774709702,0.059287309646606445,0.93842178583145142,1.4933755397796631,0.93368273973464966,1.1216892004013062,-6.6456136703491211,0,0,0,0
84,300,734280,-5.5599222183227539,0.052997216582298279,0.11855070292949677,72.678871154785156,52.731060028076172,1.4295085668563843,87.859275817871094,21.018001556396484,0,0.041864875704050064,-0.14136099815368652,0.96214646100997925,1.4933755397796631,0.93368273973464966,1.1216892004013062,-6.6456136703491211,0,0,0,0
84,315,734640,-7.9771699905395508,0.0043259351514279842,0.16433203220367432,73.866844177246094,52.267414093017578,2.549877405166626,79.668045043945312,27.057275772094727,0,0.048239592462778091,-0.17266786098480225,0.96643370389938354,1.4933755397796631,0.93368273973464966,1.1216892004013062,-6.6456136703491211,0,0,0,0
84,330,735000,-9.3306369781494141,0.015691643580794334,0.39385250210762024,73.859199523925781,51.710502624511719,8.0576686859130859,70.372077941894531,33.594379425048828,0,0.072979502379894257,-0.0042171478271484375,0.95399242639541626,1.4933755397796631,0.93368273973464966,1.1216892004013062,-6.6456136703491211,0,0,0,0
84,345,735360,-9.6758317947387695,0.12398937344551086,0.3608422577381134,73.649307250976562,51.120643615722656,14.142062187194824,62.010353088378906,38.666805267333984,0,0.087913088500499725,0.28021574020385742,0.93298512697219849,1.4933755397796631,0.93368273973464966,1.1216892004013062,-6.6456136703491211,0,0,0,0
84,360,735720,-8.6685953140258789,0.060372442007064819,0.36341634392738342,73.467414855957031,50.528373718261719,28.593147277832031,54.652439117431641,42.316013336181641,0,0.0146479532122612,1.1515510082244873,1.537868857383728,0.95963996648788452,1.158414363861084,1.1766074895858765,-3.4250226020812988,0,0,0,0
84,365,735840,-8.405247688293457,0.074388094246387482,0.36650127172470093,73.418312072753906,50.337333679199219,41.414276123046875,52.414737701416016,43.226837158203125,0,0.0053646042943000793,1.2390170097351074,1.6591432094573975,0.86080002784729004,1.2000312805175781,1.1867775917053223,-2.8286168575286865,0,0,0,0
85,15,736200,-7.2199416160583496,0.082128673791885376,0.34599584341049194,73.378273010253906,49.799472808837891,58.385707855224609,46.334667205810547,45.231033325195312,0,0.023580057546496391,1.1244673728942871,1.5012390613555908,0.99743634462356567,1.1424999237060547,1.1727185249328613,-3.6530883312225342,0,0,0,0
85,30,736560,-5.1895542144775391,0.14044179022312164,0.34188926219940186,74.618888854980469,49.378940582275391,90.175582885742188,41.663722991943359,45.629096984863281,0,0.11264076828956604,1.2063283920288086,1.6696542501449585,1.1424012184143066,1.2000312805175781,1.1867775917053223,-2.8286168575286865,0,0,0,1
85,45,736920,-2.3511278629302979,0.15035811066627502,0.55814892053604126,79.032783508300781,50.635746002197266,114.21054077148438,39.141849517822266,43.920597076416016,0,0.0088424263522028923,1.2307331562042236,1.6685211658477783,0.86080002784729004,1.2000312805175781,1.1867775917053223,-2.8286168575286865,0,0,0,0
85,60,737280,1.3278663158416748,0.098987527191638947,2.4022984504699707,88.272933959960938,63.415470123291016,90.529518127441406,38.685573577880859,40.437660217285156,0,0.0043903994373977184,1.2685368061065674,1.6667661666870117,0.86080002784729004,1.2000312805175781,1.1867775917053223,-2.8286168575286865,0,0,0,0
85,75,737640,5.5967855453491211,0.061228659003973007,4.0349202156066895,92.270050048828125,89.344589233398438,20.1668701171875,39.271503448486328,36.870681762695312,0,0.0082170683890581131,1.3125612735748291,1.6647223234176636,0.86080002784729004,1.2000312805175781,1.1867775917053223,-2.8286168575286865,0,0,0,0
85,90,738000,10.745330810546875,0.039188019931316376,3.5858018398284912,91.567718505859375,90.938217163085938,0,42.653923034667969,33.641819000244141,0,0.0046175690367817879,1.3556286096572876,1.6627228260040283,0.86080002784729004,1.2000312805175781,1.1867775917053223,-2.8286168575286865,0,0,0,0
85,105,738360,14.810529708862305,1.2717187404632568,7.3202180862426758,91.583541870117188,90.543968200683594,0,48.176074981689453,30.691080093383789,0,0.00073855824302881956,1.3905609846115112,1.6611011028289795,0.86080002784729004,1.2000312805175781,5.5,-2.8286168575286865,0,0,1,0
85,120,738720,18.550748825073242,0.0077917119488120079,3.9117705821990967,91.389076232910156,90.1187744140625,0,54.240245819091797,28.059171676635742,0,0.042462226003408432,1.4101805686950684,1.6601901054382324,1.2218694686889648,1.2000312805175781,1.1867775917053223,-2.8286168575286865,0,0,0,1
85,135,739080,21.913106918334961,4.3762847212747147E-07,3.8131022453308105,90.501861572265625,88.777854919433594,0,58.82012939453125,26.346002578735352,0,0.0012022058945149183,1.4308123588562012,1.6571922302246094,0.86080002784729004,1.2000312805175781,1.1867775917053223,-2.8286168575286865,0,0,0,0
85,150,739440,24.317686080932617,1.1348352018103469E-06,3.6445293426513672,89.215423583984375,87.167427062988281,0,60.698352813720703,26.008565902709961,0,0.0001582736149430275,1.5296967029571533,1.6418015956878662,0.86080002784729004,1.2000312805175781,1.1867775917053223,-2.8286168575286865,0,0,0,0
85,165,739800,25.549737930297852,0,3.3484807014465332,87.862335205078125,85.446220397949219,0,61.504909515380859,26.322547912597656,0,2.3646816771361046E-05,1.6822574138641357,1.6180564165115356,0.86080002784729004,1.2000312805175781,1.1867775917053223,-2.8286168575286865,0,0,0,0
85,180,740160,25.37550163269043,0,2.9793744087219238,86.386970520019531,83.653953552246094,0,62.072860717773438,26.828273773193359,0,0.00010878672037506476,1.852710485458374,1.5915263891220093,0.86080002784729004,1.2000312805175781,1.1867775917053223,-2.8286168575286865,0,0,0,0
85,195,740520,23.988296508789062,1.0386668236606056E-06,2.5678873062133789,85.187294006347656,81.892189025878906,0,63.156883239746094,27.09166145324707,0,0.00024643260985612869,2.0052714347839355,1.5677812099456787,0.86080002784729004,1.2000312805175781,1.1867775917053223,-2.8286168575286865,0,0,0,0
85,210,740880,21.45945930480957,4.9542632041266188E-07,2.202808141708374,83.95086669921875,80.161582946777344,0,65.586982727050781,26.772638320922852,0,2.035863417404471E-06,2.1041555404663086,1.5523905754089355,0.86080002784729004,1.2000312805175781,1.1867775917053223,-2.8286168575286865,0,0,0,0
85,225,741240,18.064849853515625,1.3071379726170562E-05,1.8928645849227905,83.345993041992188,78.555572509765625,0,71.075904846191406,25.240121841430664,0,1.9786961274803616E-05,2.1140406131744385,1.5502200126647949,0.86080002784729004,1.2000312805175781,1.1867775917053223,-2.8286168575286865,0,0,0,0
85,240,741600,13.776189804077148,0.010583981871604919,1.761233925819397,82.624893188476562,76.907615661621094,0,78.174118041992188,23.116813659667969,0,0.00037214721669442952,2.0274868011474609,1.5574718713760376,0.86080002784729004,1.2000312805175781,1.1867775917053223,-2.8286168575286865,0,0,0,0
85,255,741960,9.3362140655517578,5.8923375036101788E-05,1.4971556663513184,81.999443054199219,75.303329467773438,0,84.227363586425781,21.151666641235352,0,0.00020201527513563633,1.8790186643600464,1.5699111223220825,0.86080002784729004,1.2000312805175781,1.1867775917053223,-2.8286168575286865,0,0,0,0
85,270,742320,4.2643094062805176,5.6888366088969633E-05,1.3969955444335938,81.808029174804688,73.793991088867188,0,87.800277709960938,19.356740951538086,0,7.9269077104981989E-05,1.7065428495407104,1.5843617916107178,0.86080002784729004,1.2000312805175781,1.1867775917053223,-2.8286168575286865,0,0,0,0
85,285,742680,0.25052636861801147,0.00027394999051466584,1.3744632005691528,82.002586364746094,72.432586669921875,0.00027904444141313434,88.620414733886719,17.716102600097656,0,0.0010767790954560041,1.5479661226272583,1.5976479053497314,0.86080002784729004,1.2000312805175781,1.1867775917053223,-2.8286168575286865,0,0,0,0
85,300,743040,-5.368438720703125,0.013831145130097866,1.4338549375534058,82.584327697753906,71.251113891601562,1.1251356601715088,87.908653259277344,16.912370681762695,0,0.0037899997550994158,0.37867021560668945,1.6065934896469116,0.86080002784729004,1.2000312805175781,1.1867775917053223,-2.8286168575286865,0,0,0,0
85,315,743400,-5.859133243560791,0.0074898512102663517,1.6146795749664307,83.544837951660156,70.089630126953125,11.333741188049316,78.976722717285156,23.981525421142578,0,0.003319211071357131,1.414757251739502,1.6093586683273315,0.86080002784729004,1.2000312805175781,1.1867775917053223,-2.8286168575286865,0,0,0,0
85,330,743760,-7.590764045715332,0.018536794930696487,1.7656188011169434,84.022514343261719,69.000816345214844,21.625026702880859,71.101516723632812,29.432703018188477,0,0.001868944731540978,1.3795450925827026,1.6193337440490723,0.86080002784729004,1.2000312805175781,1.1867775917053223,-2.8286168575286865,0,0,0,0
85,345,744120,-8.4565010070800781,0.050039645284414291,2.0130836963653564,83.704093933105469,67.604087829589844,37.7877197265625,62.950057983398438,34.647060394287109,0,0.007349714171141386,1.3200883865356445,1.6361769437789917,0.86080002784729004,1.2000312805175781,1.1867775917053223,-2.8286168575286865,0,0,0,0
85,360,744480,-8.2677297592163086,0.1471719890832901,2.1099677085876465,83.354095458984375,66.194854736328125,53.714939117431641,55.588676452636719,38.643932342529297,0,0.012779855169355869,1.5462205410003662,0.95524799823760986,0.85778242349624634,1.0960983037948608,1.2249085903167725,1.5018765926361084,0,0,0,0
85,365,744600,-8.1549758911132812,0.019074337556958199,2.1385817527770996,83.244537353515625,65.752677917480469,55.303958892822266,53.342540740966797,39.704017639160156,0,0.011095232330262661,1.5445821285247803,0.81638938188552856,0.85722362995147705,1.076851487159729,1.2319698333740234,2.3038198947906494,0,0,0,0
86,15,744960,-7.2535662651062012,0.050567347556352615,2.1954429149627686,83.028030395507812,64.496055603027344,77.464576721191406,47.238655090332031,42.027763366699219,0,0.0052301986142992973,1.387070894241333,0.9861912727355957,0.85799610614776611,1.1034582853317261,1.2222082614898682,1.1952135562896729,0,0,0,0
86,30,745320,-5.4387288093566895,0.028908543288707733,2.2357387542724609,83.593307495117188,63.622344970703125,83.416221618652344,42.411033630371094,42.969085693359375,0,0.0071128718554973602,1.4568789005279541,0.79277783632278442,0.85722362995147705,1.076851487159729,1.2319698333740234,2.3038196563720703,0,0,0,0
86,45,745680,-2.6864230632781982,0.014046553522348404,2.393010139465332,84.5654296875,63.205371856689453,86.824630737304688,39.655918121337891,41.844608306884766,0,0.013098230585455894,1.5848680734634399,0.77511441707611084,0.85722362995147705,1.076851487159729,1.2319698333740234,2.3038196563720703,0,0,0,0
86,60,746040,0.96912235021591187,0.013734549283981323,3.8164007663726807,89.094917297363281,67.518783569335938,68.353042602539062,39.081378936767578,38.758457183837891,0,0.0068892384879291058,1.7831258773803711,0.74775350093841553,0.85722362995147705,1.076851487159729,1.2319698333740234,2.3038196563720703,0,0,0,0
86,75,746400,5.4542422294616699,0.00027627145755104721,4.7342748641967773,90.753707885742188,81.670936584472656,15.774799346923828,39.7099609375,35.424346923828125,0,0.0020027393475174904,2.0140082836151123,0.71589010953903198,0.85722362995147705,1.076851487159729,1.2319698333740234,2.3038196563720703,0,0,0,0
86,90,746760,10.899386405944824,3.4807669635483762E-07,4.3273701667785645,89.122673034667969,81.959114074707031,0.029550671577453613,43.489978790283203,32.380947113037109,0,0.0049360035918653011,2.2398715019226074,0.68471932411193848,0.85722362995147705,1.076851487159729,1.2319698333740234,2.3038196563720703,0,0,0,0
86,105,747120,15.487588882446289,0.0079637831076979637,4.1466503143310547,88.275146484375,79.844612121582031,0,49.525856018066406,29.603851318359375,0,0.0044408482499420643,2.4230716228485107,0.65943640470504761,0.85722362995147705,1.076851487159729,1.2319698333740234,2.3038196563720703,0,0,0,0
86,120,747480,19.567947387695312,0,3.8049559593200684,87.211135864257812,77.874870300292969,0,55.57061767578125,27.206489562988281,0,0.00078191084321588278,2.5259649753570557,0.64523643255233765,0.85722362995147705,1.076851487159729,1.2319698333740234,2.3038196563720703,0,0,0,0
86,135,747840,22.789985656738281,0,3.4057352542877197,85.966682434082031,76.0770263671875,0,58.905643463134766,26.112030029296875,0,0.00025061445194296539,2.5089201927185059,0.64701992273330688,0.85722362995147705,1.076851487159729,1.2319698333740234,2.3038196563720703,0,0,0,0
86,150,748200,24.944726943969727,0,2.917987585067749,84.55078125,74.455528259277344,0,59.961151123046875,26.194015502929688,0,0.0008010081946849823,2.3644866943359375,0.66394197940826416,0.85722362995147705,1.076851487159729,1.2319698333740234,2.3038196563720703,0,0,0,0
86,165,748560,25.894304275512695,0,2.3859317302703857,83.121681213378906,72.898849487304688,0,60.425426483154297,26.694953918457031,0,8.3668724982999265E-05,2.1416516304016113,0.69004964828491211,0.85722362995147705,1.076851487159729,1.2319698333740234,2.3038196563720703,0,0,0,0
86,180,748920,25.598583221435547,0,1.8503553867340088,81.712173461914062,71.393928527832031,0,60.904193878173828,27.250402450561523,0,5.5215746215253603E-06,1.8926825523376465,0.71921926736831665,0.85722362995147705,1.076851487159729,1.2319698333740234,2.3038196563720703,0,0,0,0
86,195,749280,24.105167388916016,0,1.3963824510574341,80.366203308105469,69.922767639160156,0,61.784206390380859,27.598564147949219,0,3.5921952076023445E-05,1.6698473691940308,0.7453269362449646,0.85722362995147705,1.076851487159729,1.2319698333740234,2.3038196563720703,0,0,0,0
86,210,749640,22.416536331176758,0,1.244458794593811,79.092277526855469,68.499649047851562,0,62.668792724609375,27.89750862121582,0,6.8311695940792561E-05,2.8236775398254395,0.7622489333152771,0.85722362995147705,1.076851487159729,1.2319698333740234,2.3038196563720703,1,0,0,0
86,225,750000,18.245101928710938,0,1.1412724256515503,77.930046081542969,67.182441711425781,0,68.069580078125,26.409196853637695,0,5.9157671785214916E-05,1.5054736137390137,0.76724076271057129,0.85722362995147705,1.076851487159729,1.2319698333740234,2.3038196563720703,0,0,0,0
86,240,750360,14.401877403259277,0,1.0652377605438232,76.917671203613281,65.8779296875,0,75.455322265625,24.20985221862793,0,1.7380436474923044E-05,1.5777478218078613,0.78490835428237915,0.85722362995147705,1.076851487159729,1.2319698333740234,2.3038196563720703,0,0,0,0
86,255,750720,10.336782455444336,0.0010574539192020893,1.0135823488235474,76.059722900390625,64.584587097167969,0,81.885185241699219,22.152578353881836,0,0.00054349849233403802,1.7017217874526978,0.81521403789520264,0.85722362995147705,1.076851487159729,1.2319698333740234,2.3038196563720703,0,0,0,0
86,270,751080,5.4798150062561035,1.7205606127390638E-05,0.98199820518493652,77.380996704101562,63.709926605224609,0,86.084465026855469,20.265348434448242,0,0.00094511633506044745,1.8457425832748413,0.85042029619216919,0.85722362995147705,1.076851487159729,1.2319698333740234,2.3038196563720703,0,0,0,0
86,285,751440,1.6615753173828125,4.386197542771697E-05,0.96694481372833252,76.934562683105469,62.572734832763672,8.6676782302674837E-06,87.459632873535156,18.550987243652344,0,0.0009030649671331048,1.9781574010848999,0.88278943300247192,0.85722362995147705,1.076851487159729,1.2319698333740234,2.3038196563720703,0,0,0,0
86,300,751800,-1.704444408416748,2.9031443773419596E-05,0.96764963865280151,76.781471252441406,61.46270751953125,7.681176793994382E-05,87.461135864257812,17.080730438232422,0,0.00074269674951210618,2.0673131942749023,0.90458381175994873,0.85722362995147705,1.076851487159729,1.2319698333740234,2.3038196563720703,0,0,0,0
86,315,752160,-4.5055670738220215,4.1604729631217197E-05,0.98491030931472778,77.06683349609375,60.447364807128906,0.47731480002403259,84.971817016601562,18.018293380737305,0,0.0054733641445636749,2.0787043571472168,0.90797996520996094,0.85722362995147705,1.076851487159729,1.2319698333740234,2.3038196563720703,0,0,0,0
86,330,752520,-6.6113805770874023,0.0015193879371508956,1.0147026777267456,77.548164367675781,59.522361755371094,2.7650010585784912,78.394744873046875,22.773365020751953,0,0.0079667633399367332,1.9716849327087402,0.88962846994400024,0.85722362995147705,1.076851487159729,1.2319698333740234,2.3038196563720703,0,0,0,0
86,345,752880,-7.894106388092041,0.0080623691901564598,1.0666522979736328,77.918716430664062,58.725078582763672,6.6504206657409668,70.025138854980469,28.808244705200195,0,0.0042964722961187363,1.7909801006317139,0.85864138603210449,0.85722362995147705,1.076851487159729,1.2319698333740234,2.3038196563720703,0,0,0,0
86,360,753240,-9.2008895874023438,0.015858575701713562,1.1648052930831909,77.615158081054688,57.939823150634766,13.23037052154541,61.865222930908203,34.107143402099609,0,0.0093920985236763954,0.67131561040878296,0.79747515916824341,0.88678646087646484,0.99393999576568604,1.1934475898742676,-0.037797927856445312,0,0,0,0
86,365,753360,-9.2149410247802734,0.065964967012405396,1.1826030015945435,77.488426208496094,57.679725646972656,14.617351531982422,59.320270538330078,35.600090026855469,0,0.010630536824464798,0.42352306842803955,0.77324831485748291,0.89226102828979492,0.97858601808547974,1.1863138675689697,-0.47143077850341797,0,0,0,0
87,15,753720,-8.0690631866455078,0.020009472966194153,1.2723619937896729,77.210289001464844,56.941844940185547,22.587112426757812,52.403064727783203,39.115676879882812,0,0.0177164226770401,0.52717900276184082,0.74974751472473145,0.8846929669380188,0.99981135129928589,1.1961755752563477,0.12802338600158691,0,0,0,0
87,30,754080,-6.2445764541625977,0.019246367737650871,1.2040984630584717,77.746330261230469,56.330581665039062,30.414638519287109,46.594577789306641,41.259765625,0,0.011526941321790218,0.29983395338058472,0.73540443181991577,0.89226102828979492,0.97858601808547974,1.1863138675689697,-0.47143071889877319,0,0,0,0
87,45,754440,-3.3512678146362305,0.020160630345344543,1.259213924407959,78.943405151367188,56.044902801513672,36.282859802246094,43.000198364257812,41.094783782958984,0,0.0068040224723517895,0.46156951785087585,0.74392575025558472,0.89226102828979492,0.97858601808547974,1.1863138675689697,-0.47143071889877319,0,0,0,0
87,60,754800,0.47150114178657532,0.0061712963506579399,1.817371129989624,82.480461120605469,57.917922973632812,28.002231597900391,42.121593475341797,38.366539001464844,0,0.013098831288516521,0.7121010422706604,0.75712549686431885,0.89226102828979492,0.97858601808547974,3.710808277130127,-0.47143071889877319,0,0,1,0
87,75,755160,5.1222343444824219,0.00014823995297774673,2.077564001083374,83.869270324707031,65.347160339355469,3.7416341304779053,42.712814331054688,35.071800231933594,0,0.0097526926547288895,1.003859281539917,0.77249729633331299,0.89226102828979492,0.97858601808547974,1.1863138675689697,-0.47143071889877319,0,0,0,0
87,90,755520,10.471190452575684,2.2356380213750526E-05,2.010589599609375,82.890380859375,65.281318664550781,0,46.347743988037109,32.058979034423828,0,0.002290917094796896,1.2892749309539795,0.78753489255905151,0.89226102828979492,0.97858601808547974,1.1863138675689697,-0.47143071889877319,0,0,0,0
87,105,755880,14.909228324890137,0.01393218245357275,1.9776197671890259,82.3673095703125,63.844013214111328,0,52.363784790039062,29.311538696289062,0,0.0023933241609483957,1.5207786560058594,0.79973208904266357,0.89226102828979492,0.97858601808547974,1.1863138675689697,-0.47143071889877319,0,0,0,0
87,120,756240,19.001697540283203,0,1.6387640237808228,81.498626708984375,62.453048706054688,0,58.52984619140625,26.916103363037109,0,0.0031083035282790661,1.650801420211792,0.80658257007598877,0.89226102828979492,0.97858601808547974,1.1863138675689697,-0.47143071889877319,0,0,0,0
87,135,756600,22.119796752929688,0,1.375707745552063,80.397018432617188,61.237060546875,0,62.098350524902344,25.798578262329102,0,0.001223438186571002,1.6467810869216919,0.8100091814994812,0.89226102828979492,0.97858601808547974,1.1863138675689697,-0.47143071889877319,0,0,0,0
87,150,756960,24.197452545166016,0,1.2525837421417236,79.096397399902344,60.219089508056641,0,63.208415985107422,25.946285247802734,0,0.00010891314741456881,1.5570030212402344,0.82454043626785278,0.89226102828979492,0.97858601808547974,1.1863138675689697,-0.47143071889877319,0,0,0,0
87,165,757320,25.08997917175293,0,1.1312994956970215,77.667045593261719,59.294609069824219,0,63.653903961181641,26.526613235473633,0,0.00038113060873001814,1.4184913635253906,0.84695947170257568,0.89226102828979492,0.97858601808547974,1.1863138675689697,-0.47143071889877319,0,0,0,0
87,180,757680,24.742198944091797,0,1.0048999786376953,76.245574951171875,58.403781890869141,0,64.129928588867188,27.140998840332031,0,0.00012876352411694825,1.263735294342041,0.87200778722763062,0.89226102828979492,0.97858601808547974,1.1863138675689697,-0.47143071889877319,0,0,0,0
87,195,758040,23.204277038574219,0,0.88641321659088135,74.891883850097656,57.57049560546875,0,65.051536560058594,27.523927688598633,0,6.1280516092665493E-05,1.1252236366271973,0.89442688226699829,0.89226102828979492,0.97858601808547974,1.1863138675689697,-0.47143071889877319,0,0,0,0
87,210,758400,20.616836547851562,0,0.78136521577835083,73.628562927246094,56.796707153320312,0,67.51812744140625,27.225496292114258,0,4.21603508584667E-05,1.0354456901550293,0.9089580774307251,0.89226102828979492,0.97858601808547974,1.1863138675689697,-0.47143071889877319,0,0,0,0
87,225,758760,17.232290267944336,0,0.68381458520889282,72.427192687988281,56.072723388671875,0,73.225601196289062,25.626899719238281,0,0.00041915688780136406,1.0203697681427002,0.91230303049087524,0.89226102828979492,0.97858601808547974,1.1863138675689697,-0.47143071889877319,0,0,0,0
87,240,759120,13.272215843200684,3.5800712794298306E-07,0.60809016227722168,71.358551025390625,55.326408386230469,0,80.33984375,23.475502014160156,0,0.00031857003341428936,1.038905143737793,0.91820794343948364,0.89226102828979492,0.97858601808547974,1.1863138675689697,-0.47143071889877319,0,0,0,0
87,255,759480,9.0599136352539062,4.8090819291246589E-06,0.54887187480926514,70.592308044433594,54.554950714111328,0,86.301193237304688,21.492271423339844,0,9.0169553004670888E-05,1.0706995725631714,0.92833685874938965,0.89226102828979492,0.97858601808547974,1.1863138675689697,-0.47143071889877319,0,0,0,0
87,270,759840,4.035428524017334,0.011696869507431984,0.52736461162567139,70.173477172851562,53.782554626464844,0,89.749923706054688,19.682722091674805,0,0.00086179585196077824,1.1076351404190063,0.94010359048843384,0.89226102828979492,0.97858601808547974,1.1863138675689697,-0.47143071889877319,0,0,0,0
87,285,760200,0.2144438624382019,3.5520729397831019E-06,0.47072044014930725,69.947853088378906,53.059440612792969,0,90.518119812011719,18.03082275390625,0,0.0036099678836762905,1.1415942907333374,0.95092219114303589,0.89226102828979492,0.97858601808547974,1.1863138675689697,-0.47143071889877319,0,0,0,0
87,300,760560,-3.1770308017730713,1.5375637303804979E-05,0.45466437935829163,70.4482421875,52.432884216308594,0.014423089101910591,89.880897521972656,17.129837036132812,0,0.0038300470914691687,1.164459228515625,0.95820629596710205,0.89226102828979492,0.97858601808547974,1.1863138675689697,-0.47143071889877319,0,0,0,0
87,315,760920,-5.94049072265625,0.00066277722362428904,0.45051673054695129,71.187713623046875,51.813671112060547,2.2055153846740723,85.106956481933594,20.250892639160156,0,0.0021008523181080818,1.1580036878585815,0.95693916082382202,0.89226102828979492,0.97858601808547974,1.1863138675689697,-0.47143071889877319,0,0,0,0
87,330,761280,-7.8941230773925781,0.033344563096761703,0.46831786632537842,72.048416137695312,51.265037536621094,3.9429988861083984,76.661903381347656,26.589519500732422,0,0.0077913152053952217,1.0108394622802734,0.92013394832611084,0.89226102828979492,0.97858601808547974,1.1863138675689697,-0.47143071889877319,0,0,0,0
87,345,761640,-9.0913982391357422,0.012457380071282387,0.56485038995742798,72.075576782226562,50.709991455078125,9.5578794479370117,67.73284912109375,32.81768798828125,0,0.015039850957691669,0.76234918832778931,0.85798746347427368,0.89226102828979492,0.97858601808547974,1.1863138675689697,-0.47143071889877319,0,0,0,0
87,360,762000,-8.5649738311767578,0.014570394530892372,0.58665663003921509,71.942695617675781,50.082302093505859,16.685989379882812,59.718559265136719,37.62554931640625,0,0.0089985616505146027,1.3557388782501221,0.83560687303543091,0.88629192113876343,0.98539721965789795,1.1668932437896729,2.5607955455780029,0,0,0,0
87,365,762120,-8.36297607421875,0.097889229655265808,0.58586162328720093,71.919746398925781,49.869293212890625,18.164432525634766,57.2799072265625,38.908916473388672,0,0.0072454223409295082,1.4806411266326904,0.82727301120758057,0.88518655300140381,0.98665857315063477,1.1632968187332153,3.1223189830780029,0,0,0,0
88,15,762480,-7.622347354888916,0.017877325415611267,0.6212388277053833,71.87554931640625,49.234241485595703,25.682462692260742,50.545578002929688,41.962684631347656,0,0.0097922952845692635,1.1692889928817749,0.78275907039642334,0.8867146372795105,0.98491489887237549,1.1682684421539307,2.3460688591003418,0,0,0,0
88,30,762840,-5.6555213928222656,0.013252127915620804,0.54796826839447021,72.986251831054688,48.690185546875,32.9737548828125,45.241405487060547,43.376308441162109,0,0.019045868888497353,1.4310706853866577,0.79081672430038452,0.88518655300140381,0.98665857315063477,5.5,3.1223189830780029,0,0,1,0
88,45,763200,-2.951359748840332,0.016743892803788185,0.58542037010192871,74.6475830078125,48.443576812744141,38.158565521240234,42.172992706298828,42.526130676269531,0,0.013693572953343391,1.5275906324386597,0.78057754039764404,0.88518655300140381,0.98665857315063477,1.1632968187332153,3.1223189830780029,0,0,0,0
88,60,763560,0.69345337152481079,0.028593298047780991,1.0857421159744263,78.980422973632812,51.762481689453125,27.435741424560547,41.486137390136719,39.496288299560547,0,0.0042737745679914951,1.6771019697189331,0.7647169828414917,0.88518655300140381,0.98665857315063477,1.1632968187332153,3.1223189830780029,0,0,0,0
88,75,763920,5.1742238998413086,4.0123817598214373E-05,1.3191676139831543,79.810997009277344,62.38433837890625,3.4383454322814941,42.105953216552734,36.105609893798828,0,0.0088654998689889908,1.8512163162231445,0.74624639749526978,0.88518655300140381,0.98665857315063477,1.1632968187332153,3.1223189830780029,0,0,0,0
88,90,764280,10.470551490783691,1.2955807505932171E-05,1.2581316232681274,78.828758239746094,62.316246032714844,0,45.627109527587891,33.008872985839844,0,0.009202783927321434,2.0215456485748291,0.72817736864089966,0.88518655300140381,0.98665857315063477,1.1632968187332153,3.1223189830780029,0,0,0,0
88,105,764640,14.858997344970703,7.1156932790472638E-07,1.1501966714859009,78.291061401367188,60.857158660888672,0,51.405776977539062,30.185003280639648,0,0.0023722553160041571,2.1597015857696533,0.71352136135101318,0.88518655300140381,0.98665857315063477,1.1632968187332153,3.1223189830780029,0,0,0,0
88,120,765000,18.949605941772461,0,0.86889159679412842,77.479927062988281,59.508861541748047,0,57.263679504394531,27.72703742980957,0,0.00083320064004510641,2.2372961044311523,0.70528990030288696,0.88518655300140381,0.98665857315063477,1.1632968187332153,3.1223189830780029,0,0,0,0
88,135,765360,22.197402954101562,0,0.72917181253433228,76.478462219238281,58.294971466064453,0,60.530689239501953,26.56654167175293,0,0.0021071103401482105,2.2313306331634521,0.70923316478729248,0.88518655300140381,0.98665857315063477,1.1632968187332153,3.1223189830780029,0,0,0,0
88,150,765720,24.46247673034668,0,0.60636907815933228,75.323127746582031,57.241218566894531,0,61.423507690429688,26.651721954345703,0,0.00076105701737105846,2.1588740348815918,0.7344437837600708,0.88518655300140381,0.98665857315063477,1.1632968187332153,3.1223189830780029,0,0,0,0
88,165,766080,25.569307327270508,0,0.47374582290649414,74.092819213867188,56.261844635009766,0,61.691013336181641,27.165855407714844,0,9.8297765362076461E-05,2.0470867156982422,0.77333933115005493,0.88518655300140381,0.98665857315063477,1.1632968187332153,3.1223189830780029,0,0,0,0
88,180,766440,25.446172714233398,0,0.33385992050170898,72.868438720703125,55.303375244140625,0,61.931240081787109,27.747257232666016,0,0.0001498734054621309,1.9221887588500977,0.81679654121398926,0.88518655300140381,0.98665857315063477,1.1632968187332153,3.1223189830780029,0,0,0,0
88,195,766800,24.12238883972168,0,0.20019346475601196,71.654899597167969,54.445793151855469,0,62.50836181640625,28.136602401733398,0,0.00021102154278196394,1.8104013204574585,0.85569214820861816,0.88518655300140381,0.98665857315063477,1.1632968187332153,3.1223189830780029,0,0,0,0
88,210,767160,21.722833633422852,0,0.079218544065952301,70.481254577636719,53.713756561279297,0,64.167068481445312,28.009929656982422,0,0.00010496668983250856,1.7379448413848877,0.88090282678604126,0.88518655300140381,0.98665857315063477,1.1632968187332153,3.1223189830780029,0,0,0,0
88,225,767520,18.439830780029297,0,0.020213769748806953,69.406906127929688,53.026283264160156,0,68.76385498046875,26.691112518310547,0,2.6669327780837193E-05,1.725350022315979,0.88694411516189575,0.88518655300140381,0.98665857315063477,1.1632968187332153,3.1223189830780029,0,0,0,0
88,240,767880,14.620809555053711,0,0.018131336197257042,68.437339782714844,52.321605682373047,0,75.5921630859375,24.518373489379883,0,0.00059173454064875841,1.7361011505126953,0.89953136444091797,0.88518655300140381,0.98665857315063477,1.1632968187332153,3.1223189830780029,0,0,0,0
88,255,768240,10.453671455383301,0,0.023684345185756683,67.617523193359375,51.585033416748047,0,81.602119445800781,22.461978912353516,0,0.00077723705908283591,1.7545428276062012,0.92112272977828979,0.88518655300140381,0.98665857315063477,1.1632968187332153,3.1223189830780029,0,0,0,0
88,270,768600,5.4254026412963867,0,0.027955515310168266,67.067352294921875,50.819377899169922,0,85.582901000976562,20.588768005371094,0,0.033099882304668427,1.7759665250778198,0.94620537757873535,1.1718714237213135,0.98665857315063477,1.1632968187332153,3.1223189830780029,0,0,0,1
88,285,768960,1.4539178609848022,0.0063945045694708824,0.04984813928604126,66.88037109375,50.075115203857422,4.1800490180321503E-06,86.818099975585938,18.880092620849609,0,0.0007384793134406209,1.7956638336181641,0.96926677227020264,0.88518655300140381,0.98665857315063477,1.1632968187332153,3.1223189830780029,0,0,0,0
88,300,769320,-1.9603878259658813,8.0249321854353184E-07,0.033325176686048508,66.925727844238281,49.422920227050781,2.770757191683515E-06,86.733901977539062,17.442836761474609,0,0.0044381571933627129,1.8089261054992676,0.98479419946670532,0.88518655300140381,0.98665857315063477,1.1632968187332153,3.1223189830780029,0,0,0,0
88,315,769680,-4.8137660026550293,2.6415931642986834E-05,0.039997614920139313,67.728912353515625,48.882068634033203,0.75942057371139526,83.9049072265625,18.675163269042969,0,0.0068209930323064327,1.806749701499939,0.98575085401535034,0.88518655300140381,0.98665857315063477,1.1632968187332153,3.1223189830780029,0,0,0,0
88,330,770040,-6.9061684608459473,0.0018725431291386485,0.040052324533462524,68.526702880859375,48.358589172363281,3.7245430946350098,76.973533630371094,23.709438323974609,0,0.0041206581518054008,1.7414089441299438,0.95399743318557739,0.88518655300140381,0.98665857315063477,1.1632968187332153,3.1223189830780029,0,0,0,0
88,345,770400,-8.1413745880126953,0.10812795162200928,0.062428787350654602,69.117584228515625,47.872344970703125,7.6492466926574707,68.509185791015625,29.751646041870117,0,0.0081925839185714722,1.6310795545578003,0.90038108825683594,0.88518655300140381,0.98665857315063477,1.1632968187332153,3.1223189830780029,0,0,0,0
88,360,770760,-9.0798568725585938,0.046560235321521759,0.1204993948340416,69.045928955078125,47.334857940673828,18.428863525390625,60.461837768554688,34.850719451904297,0,0.015507214702665806,0.98932981491088867,1.5117197036743164,0.86187779903411865,1.0687872171401978,1.350717306137085,5.2867851257324219,0,0,0,0
88,365,770880,-9.1940841674804688,0.059781394898891449,0.1317659318447113,68.998695373535156,47.15185546875,30.465621948242188,57.967636108398438,36.245853424072266,0,0.014941753819584846,0.7869880199432373,1.6273614168167114,0.85756134986877441,1.0839961767196655,1.3854247331619263,5.6876125335693359,0,0,0,0
89,15,771240,-8.402226448059082,0.075621478259563446,0.18745324015617371,68.897331237792969,46.629478454589844,46.37103271484375,51.141757965087891,39.591804504394531,0,0.0093881469219923019,0.76282477378845215,1.4354000091552734,0.86352837085723877,1.0629712343215942,1.3374451398849487,5.1335091590881348,0,0,0,0
89,30,771600,-6.9454836845397949,0.12420602887868881,0.10806159675121307,69.307975769042969,46.149059295654297,81.621597290039062,45.255893707275391,41.675411224365234,0,0.0064445687457919121,0.57318747043609619,1.6211199760437012,0.85756134986877441,1.0839961767196655,1.3854247331619263,5.6876125335693359,0,0,0,0
89,45,771960,-4.4783639907836914,0.27052029967308044,0.10519351065158844,70.765525817871094,45.803947448730469,115.87718200683594,41.070026397705078,41.903568267822266,0,0.015549579635262489,0.60136890411376953,1.6703479290008545,0.85756134986877441,1.0839961767196655,1.3854247331619263,5.6876125335693359,0,0,0,0
89,60,772320,-1.1797302961349487,0.45886453986167908,0.87163656949996948,78.671951293945312,50.404964447021484,123.60098266601562,39.372509002685547,39.705848693847656,0,0.024092257022857666,0.64502245187759399,1.7466026544570923,1.1977497339248657,1.0839961767196655,1.3854247331619263,5.6876125335693359,0,0,0,1
89,75,772680,2.8006880283355713,0.2576904296875,3.0945024490356445,87.523147583007812,71.806427001953125,82.209854125976562,39.335929870605469,36.284561157226562,0,0.0029316884465515614,0.69585949182510376,1.835405707359314,0.85756134986877441,1.0839961767196655,5.5,5.6876125335693359,0,0,1,0
89,90,773040,8.2092676162719727,0.089370161294937134,3.3232803344726562,89.542625427246094,88.940895080566406,7.2461767196655273,41.064937591552734,33.055259704589844,0,0.0043012313544750214,0.74559140205383301,1.9222785234451294,0.85756134986877441,1.0839961767196655,1.3854247331619263,5.6876125335693359,0,0,0,0
89,105,773400,12.530163764953613,0.066826269030570984,2.9098811149597168,89.480941772460938,89.187767028808594,0,46.034378051757812,30.133842468261719,0,0.0059615732170641422,0.78592944145202637,1.9927418231964111,0.85756134986877441,1.0839961767196655,1.3854247331619263,5.6876125335693359,0,0,0,0
89,120,773760,16.473512649536133,0.036954771727323532,2.8901875019073486,89.257408142089844,89.085655212402344,0,52.045619964599609,27.493328094482422,0,0.0015284904511645436,0.80858510732650757,2.0323171615600586,0.85756134986877441,1.0839961767196655,1.3854247331619263,5.6876125335693359,0,0,0,0
89,135,774120,20.008419036865234,0.015567573718726635,2.8579955101013184,88.873741149902344,88.516494750976562,0,57.736541748046875,25.301515579223633,0,0.00026022313977591693,0.80625039339065552,2.0292625427246094,0.85756134986877441,1.0839961767196655,1.3854247331619263,5.6876125335693359,0,0,0,0
89,150,774480,22.547859191894531,0.0012669077841565013,2.8140327930450439,88.290657043457031,87.703872680664062,0,61.282398223876953,24.238859176635742,0,0.0007686952012591064,0.78195607662200928,1.9922451972961426,0.85756134986877441,1.0839961767196655,1.3854247331619263,5.6876125335693359,0,0,0,0
89,165,774840,24.146373748779297,0,2.7595107555389404,87.3966064453125,86.671966552734375,0,62.939964294433594,24.218050003051758,0,0.00026180618442595005,0.74447423219680786,1.9351335763931274,0.85756134986877441,1.0839961767196655,1.3854247331619263,5.6876125335693359,0,0,0,0
89,180,775200,28.011259078979492,0,2.4657948017120361,85.720474243164062,85.026100158691406,0,61.606048583984375,25.78819465637207,0,7.8567918535554782E-06,5.2438044548034668,1.8713241815567017,0.85756134986877441,1.0839961767196655,1.3854247331619263,5.6876125335693359,1,0,0,0
89,195,775560,23.253694534301758,0,2.2488489151000977,85.022361755371094,83.542633056640625,0,63.029296875,25.902217864990234,0,4.8046069423435256E-05,0.66511470079421997,1.8142125606536865,0.85756134986877441,1.0839961767196655,1.3854247331619263,5.6876125335693359,0,0,0,0
89,210,775920,20.749040603637695,0.00018664303934201598,2.0424911975860596,84.067604064941406,82.034805297851562,0,65.972816467285156,25.380884170532227,0,0.00014931602345313877,0.64082038402557373,1.7771952152252197,0.85756134986877441,1.0839961767196655,1.3854247331619263,5.6876125335693359,0,0,0,0
89,225,776280,17.732175827026367,0.11678770929574966,2.1902205944061279,83.151023864746094,80.520881652832031,0,71.490234375,23.846885681152344,0,3.2850555726327002E-05,0.65100032091140747,1.7694116830825806,0.85756134986877441,1.0839961767196655,1.3854247331619263,5.6876125335693359,0,0,0,0
89,240,776640,14.269595146179199,0.024188999086618423,1.653071403503418,82.350044250488281,79.050918579101562,0,78.174018859863281,21.849540710449219,0,8.8457554738852195E-06,0.79635792970657349,1.7616293430328369,0.85756134986877441,1.0839961767196655,1.3854247331619263,5.6876125335693359,0,0,0,0
89,255,777000,10.436321258544922,1.362392049486516E-05,1.5099678039550781,81.921379089355469,77.607063293457031,0,83.887062072753906,19.99738883972168,0,0.00015649104898329824,1.0456939935684204,1.7482799291610718,0.85756134986877441,1.0839961767196655,1.3854247331619263,5.6876125335693359,0,0,0,0
89,270,777360,5.7697882652282715,2.1484240278368816E-05,1.4246416091918945,81.66546630859375,76.171607971191406,0,87.709144592285156,18.30748176574707,0,0.0011710452381521463,1.3353481292724609,1.7327719926834106,0.85756134986877441,1.0839961767196655,1.3854247331619263,5.6876125335693359,0,0,0,0
89,285,777720,2.0297894477844238,7.533639291068539E-05,1.4084882736206055,81.775077819824219,74.890830993652344,1.2432535186235327E-05,89.002525329589844,16.763418197631836,0,0.00059655029326677322,1.6016603708267212,1.7185139656066895,0.85756134986877441,1.0839961767196655,1.3854247331619263,5.6876125335693359,0,0,0,0
89,300,778080,-1.3544832468032837,0.0007538993377238512,1.4438591003417969,82.090866088867188,73.784645080566406,0.003525793319568038,89.05157470703125,15.415021896362305,0,0.00039344863034784794,1.7809700965881348,1.7089138031005859,0.85756134986877441,1.0839961767196655,5.5,5.6876125335693359,0,0,1,0
89,315,778440,-4.3174705505371094,0.0035514179617166519,1.5813839435577393,82.640457153320312,72.847457885742188,5.2192554473876953,86.802703857421875,16.257467269897461,0,0.0031960003543645144,1.8047657012939453,1.7055573463439941,0.85756134986877441,1.0839961767196655,1.3854247331619263,5.6876125335693359,0,0,0,0
89,330,778800,-6.6437149047851562,0.011588232591748238,1.7934728860855103,82.944282531738281,71.827850341796875,16.651016235351562,80.199699401855469,21.180902481079102,0,0.0061598103493452072,1.6008386611938477,1.689889669418335,0.85756134986877441,1.0839961767196655,1.3854247331619263,5.6876125335693359,0,0,0,0
89,345,779160,-8.2489461898803711,0.035573266446590424,2.0408058166503906,82.821266174316406,70.582588195800781,33.202156066894531,71.511924743652344,27.636884689331055,0,0.0036938339471817017,1.2565031051635742,1.6634343862533569,0.85756134986877441,1.0839961767196655,1.3854247331619263,5.6876125335693359,0,0,0,0
89,360,779520,-10.75632381439209,0.042544923722743988,2.2076632976531982,82.341392517089844,69.053840637207031,50.655586242675781,63.089290618896484,33.259967803955078,0,0.0032158351968973875,-0.81265795230865479,1.1206040382385254,0.84548181295394897,0.96384882926940918,1.2396098375320435,4.5554647445678711,0,0,0,0
89,365,779640,-10.972259521484375,0.044240176677703857,2.2458639144897461,82.187843322753906,68.557632446289062,52.969562530517578,60.485591888427734,34.831230163574219,0,0.005597342737019062,-1.2032721042633057,1.006155252456665,0.84324485063552856,0.94159930944442749,1.2126070261001587,4.3458080291748047,0,0,0,0
90,15,780000,-9.9287300109863281,0.059376459568738937,2.3796353340148926,81.752571105957031,67.102485656738281,78.918510437011719,53.313777923583984,38.594432830810547,0,0.012887062504887581,-0.9313652515411377,1.1078882217407227,0.84633719921112061,0.97235703468322754,1.2499356269836426,4.6356377601623535,0,0,0,0
90,30,780360,-16.693489074707031,0.1316315084695816,2.7208003997802734,81.375526428222656,65.694480895996094,97.943885803222656,46.988471984863281,41.223285675048828,0,0.0083075184375047684,-8.3420505523681641,0.97009766101837158,0.84324485063552856,0.94159930944442749,1.2126070261001587,4.3458080291748047,0,1,0,0
90,45,780720,-6.1418838500976562,0.097280234098434448,2.6056654453277588,81.729202270507812,64.407012939453125,111.49131774902344,41.598552703857422,42.716987609863281,0,0.0033666191156953573,-1.4044344425201416,0.98819553852081299,0.84324485063552856,0.94159930944442749,1.2126070261001587,4.3458080291748047,0,0,0,0
90,60,781080,-3.0715703964233398,0.067602619528770447,2.7554717063903809,82.7105712890625,63.969661712646484,124.39076232910156,38.540683746337891,41.838165283203125,0,0.0087704220786690712,-1.4610335826873779,1.0162292718887329,0.84324485063552856,0.94159930944442749,1.2126070261001587,4.3458080291748047,0,0,0,0
90,75,781440,0.64525622129440308,0.034513849765062332,4.2365479469299316,88.84259033203125,69.644783020019531,110.86811065673828,37.836055755615234,38.810710906982422,0,0.0096015306189656258,-1.5269465446472168,1.0488762855529785,0.84324485063552856,0.94159930944442749,1.3438515663146973,4.3458080291748047,0,0,0,0
90,90,781800,5.7512593269348145,0.020182196050882339,6.5495200157165527,93.707405090332031,90.569252014160156,38.529125213623047,38.607997894287109,35.454410552978516,0,0.0026264504995197058,-1.5914266109466553,1.0808136463165283,0.84324485063552856,0.94159930944442749,1.2126070261001587,4.3458080291748047,0,0,0,0
90,105,782160,10.640659332275391,0.0050224708393216133,5.8871750831604004,92.100112915039062,93.052719116210938,0.25391000509262085,42.602031707763672,32.383892059326172,0,0.0010551792802289128,-1.6437270641326904,1.1067183017730713,0.84324485063552856,0.94159930944442749,1.2126070261001587,4.3458080291748047,0,0,0,0
90,120,782520,14.446391105651855,2.3970455004018731E-05,5.810816764831543,91.369514465332031,91.878448486328125,0,48.731269836425781,29.592630386352539,0,0.002736775204539299,-1.6731014251708984,1.121267557144165,0.84324485063552856,0.94159930944442749,1.2126070261001587,4.3458080291748047,0,0,0,0
90,135,782880,18.218328475952148,5.1287935320942779E-07,5.7086353302001953,90.254928588867188,90.314460754394531,0,54.710853576660156,27.175271987915039,0,0.00087035063188523054,-1.6804066896438599,1.1222453117370605,0.84324485063552856,0.94159930944442749,1.2126070261001587,4.3458080291748047,0,0,0,0
90,150,783240,20.561723709106445,1.2086704259672842E-07,5.5169162750244141,89.147712707519531,88.384727478027344,0,58.997219085693359,25.646381378173828,0,8.5890751506667584E-05,-1.7036048173904419,1.1197575330734253,0.84324485063552856,0.94159930944442749,1.2126070261001587,4.3458080291748047,0,0,0,0
90,165,783600,21.922927856445312,0,5.2184343338012695,87.875473022460938,86.445716857910156,0,61.528049468994141,25.088157653808594,0,0.00019986422557849437,-1.7393953800201416,1.1159189939498901,0.84324485063552856,0.94159930944442749,1.2126070261001587,4.3458080291748047,0,0,0,0
90,180,783960,21.964487075805664,0,4.8650736808776855,86.486274719238281,84.569900512695312,0,63.437095642089844,24.951580047607422,0,0.00010400181054137647,-1.779383659362793,1.1116303205490112,0.84324485063552856,0.94159930944442749,1.2126070261001587,4.3458080291748047,0,0,0,0
90,195,784320,20.801830291748047,1.5142439906412619E-06,4.5368905067443848,85.084678649902344,82.795448303222656,0,65.925216674804688,24.63731575012207,0,6.3873790168145206E-06,-1.8151742219924927,1.1077919006347656,0.84324485063552856,0.94159930944442749,1.2126070261001587,4.3458080291748047,0,0,0,0
90,210,784680,18.439861297607422,5.5527561926282942E-06,4.2644486427307129,83.856826782226562,81.105873107910156,0,70.269477844238281,23.575363159179688,0,3.6654205359809566E-06,-1.8383724689483643,1.1053041219711304,0.84324485063552856,0.94159930944442749,1.2126070261001587,4.3458080291748047,0,0,0,0
90,225,785040,15.338272094726562,9.1610736490110867E-06,4.0107274055480957,82.643997192382812,79.399238586425781,0,76.509529113769531,21.770959854125977,0,0.00011297785385977477,-1.8255951404571533,1.1059467792510986,0.84324485063552856,0.94159930944442749,1.2126070261001587,4.3458080291748047,0,0,0,0
90,240,785400,11.630588531494141,3.7022906326455995E-05,3.8435919284820557,81.804283142089844,77.805015563964844,0,82.704872131347656,19.927606582641602,0,3.5051914892392233E-05,-1.6567128896713257,1.1168979406356812,0.84324485063552856,0.94159930944442749,1.2126070261001587,4.3458080291748047,0,0,0,0
90,255,785760,7.5711460113525391,2.7962036256212741E-05,3.6941945552825928,81.056564331054688,76.263031005859375,0,87.656196594238281,18.245552062988281,0,2.6592477297526784E-05,-1.367024302482605,1.1356828212738037,0.84324485063552856,0.94159930944442749,1.2126070261001587,4.3458080291748047,0,0,0,0
90,270,786120,3.0917787551879883,3.3908330806298181E-05,3.5901391506195068,80.702117919921875,74.712615966796875,0,90.099281311035156,16.710886001586914,0,0.00011859050573548302,-1.0304925441741943,1.1575051546096802,0.84324485063552856,0.94159930944442749,1.2126070261001587,4.3458080291748047,0,0,0,0
90,285,786480,-0.57665002346038818,8.8555789261590689E-05,3.5702018737792969,80.887557983398438,73.281112670898438,0.00017863577522803098,90.504676818847656,15.312444686889648,0,0.0013760930160060525,-0.721080482006073,1.1775689125061035,0.84324485063552856,0.94159930944442749,1.2126070261001587,4.3458080291748047,0,0,0,0
90,300,786840,-4.0425710678100586,0.0054377536289393902,3.6080765724182129,81.154777526855469,71.980941772460938,1.8874228000640869,89.244453430175781,15.22832202911377,0,0.0014649368822574615,-0.51275128126144409,1.1910780668258667,0.84324485063552856,0.94159930944442749,1.2126070261001587,4.3458080291748047,0,0,0,0
90,315,787200,-6.7839765548706055,0.0036035364028066397,3.7073943614959717,81.607353210449219,70.818519592285156,3.7796308994293213,83.114433288574219,19.808504104614258,0,0.0008000642410479486,-0.47793039679527283,1.1911706924438477,0.84324485063552856,0.94159930944442749,1.2126070261001587,4.3458080291748047,0,0,0,0
90,330,787560,-8.9838132858276367,0.013840639963746071,3.9252851009368896,81.672325134277344,69.634880065917969,11.185491561889648,73.988197326660156,26.819625854492188,0,0.0028965831734240055,-0.62326347827911377,1.1540999412536621,0.84324485063552856,0.94159930944442749,1.2126070261001587,4.3458080291748047,0,0,0,0
90,345,787920,-10.446500778198242,0.039357986301183701,3.975104808807373,81.259864807128906,68.211151123046875,22.218000411987305,65.221855163574219,32.857585906982422,0,0.0088602565228939056,-0.86866188049316406,1.0915054082870483,0.84324485063552856,0.94159930944442749,1.2126070261001587,4.3458080291748047,0,0,0,0
90,360,788280,-14.701381683349609,0.05954032763838768,3.9504344463348389,80.8709716796875,66.880401611328125,35.692119598388672,57.474212646484375,37.390079498291016,0,0.0067076622508466244,-4.6412639617919922,1.2031241655349731,0.83564525842666626,0.9546208381652832,1.0737714767456055,9.2872753143310547,0,0,0,0
90,365,788400,-15.39193058013916,0.07105729728937149,3.9512696266174316,80.756996154785156,66.441970825195312,45.393024444580078,55.101921081542969,38.591373443603516,0,0.0046885148622095585,-5.4877738952636719,1.2435261011123657,0.83423793315887451,0.95703220367431641,1.0480612516403198,10.202362060546875,0,0,0,0
91,15,788760,-14.347411155700684,0.25440719723701477,3.9965801239013672,80.433326721191406,65.150894165039062,64.554397583007812,48.556713104248047,41.451187133789062,0,0.004303444642573595,-4.8917675018310547,1.1956005096435547,0.83618342876434326,0.95369869470596313,1.0836031436920166,8.9373464584350586,0,0,0,0
91,30,789120,-13.745505332946777,0.11693871766328812,4.1843538284301758,80.119117736816406,63.914466857910156,92.951255798339844,42.789169311523438,43.268489837646484,0,0.011718624271452427,-5.8785037994384766,1.2596406936645508,0.83423793315887451,0.95703220367431641,1.0480612516403198,10.202362060546875,0,0,0,0
91,45,789480,-11.408346176147461,0.1610291451215744,4.4106802940368652,79.832244873046875,62.677013397216797,122.13722229003906,37.706863403320312,44.224452972412109,0,0.010640452615916729,-5.789700984954834,1.2619446516036987,0.83423793315887451,0.95703220367431641,1.0480612516403198,10.202362060546875,0,0,0,0
91,60,789840,-8.3857717514038086,0.29623976349830627,4.350196361541748,79.839042663574219,61.461956024169922,149.2449951171875,33.243709564208984,44.472007751464844,0,0.0036354681942611933,-5.6521434783935547,1.2655134201049805,0.83423793315887451,0.95703220367431641,1.0480612516403198,10.202362060546875,0,0,0,0
91,75,790200,-4.8129353523254395,0.2002837061882019,4.1894302368164062,81.046348571777344,60.7838134765625,168.68074035644531,29.912637710571289,43.595710754394531,0,0.0054316180758178234,-5.4919490814208984,1.2696695327758789,0.83423793315887451,0.95703220367431641,1.0480612516403198,10.202362060546875,0,0,0,0
91,90,790560,-0.050062935799360275,0.12092075496912003,4.7064719200134277,87.162651062011719,63.588455200195312,175.25593566894531,28.839620590209961,40.641510009765625,0,0.00885784812271595,-5.335237979888916,1.2737352848052979,0.83423793315887451,0.95703220367431641,1.0480612516403198,10.202362060546875,0,0,0,0
91,105,790920,4.3118982315063477,0.066904328763484955,8.8390111923217773,98.985237121582031,95.844657897949219,95.716796875,29.371383666992188,37.048477172851562,0,0.0030790092423558235,-5.2081279754638672,1.2770330905914307,0.83423793315887451,0.95703220367431641,1.0480612516403198,10.202362060546875,0,0,0,0
91,120,791280,9.5022172927856445,0.025926604866981506,7.9673089981079102,99.131126403808594,109.80915832519531,7.346137523651123,32.524909973144531,33.822311401367188,0,0.00066731194965541363,-5.1367368698120117,1.2788852453231812,0.83423793315887451,0.95703220367431641,1.0480612516403198,10.202362060546875,0,0,0,0
91,135,791640,13.457208633422852,0.011573370546102524,7.3373804092407227,97.888832092285156,109.30393981933594,0,38.446674346923828,30.887367248535156,0,0.0015178010798990726,-5.1474108695983887,1.2770051956176758,0.83423793315887451,0.95703220367431641,1.0480612516403198,10.202362060546875,0,0,0,0
91,150,792000,16.04319953918457,0.0018171991687268019,7.3007550239562988,96.71221923828125,108.42449188232422,0,44.463191986083984,28.251453399658203,0,0.00061470101354643703,-5.2415242195129395,1.2660768032073975,0.83423793315887451,0.95703220367431641,1.0480612516403198,10.202362060546875,0,0,0,0
91,165,792360,17.861787796020508,0.00032803203794173896,7.2796030044555664,95.392112731933594,107.21231079101562,0,49.830757141113281,26.072546005249023,0,2.5405319320270792E-05,-5.3867244720458984,1.2492165565490723,0.83423793315887451,0.95703220367431641,1.0480612516403198,10.202362060546875,0,0,0,0
91,180,792720,18.104053497314453,4.1551511458237655E-06,7.2382388114929199,94.251708984375,105.69754028320312,0,54.669593811035156,24.29863166809082,0,6.7798740928992629E-05,-5.5489540100097656,1.2303786277770996,0.83423793315887451,0.95703220367431641,1.0480612516403198,10.202362060546875,0,0,0,0
91,195,793080,17.059272766113281,2.6134770450880751E-05,7.1444864273071289,93.149673461914062,103.95906066894531,0,59.622764587402344,22.653219223022461,0,8.8792643509805202E-05,-5.6941537857055664,1.2135182619094849,0.83423793315887451,0.95703220367431641,1.0480612516403198,10.202362060546875,0,0,0,0
91,210,793440,15.132734298706055,0.027618033811450005,7.1362242698669434,92.084495544433594,102.30702972412109,0,65.192436218261719,20.880157470703125,0,7.3039927883655764E-06,-5.7882671356201172,1.2025899887084961,0.83423793315887451,0.95703220367431641,1.0480612516403198,10.202362060546875,0,0,0,0
91,225,793800,12.155816078186035,0.00017826247494667768,7.051826000213623,91.381423950195312,100.45579528808594,0,70.869865417480469,19.109355926513672,0,2.0707034309452865E-06,-5.778048038482666,1.2001463174819946,0.83423793315887451,0.95703220367431641,1.0480612516403198,10.202362060546875,0,0,0,0
91,240,794160,8.7678442001342773,0.00020335117005743086,7.0575685501098633,90.681907653808594,98.615982055664062,0,75.858451843261719,17.489692687988281,0,1.6247628082055598E-05,-5.5024971961975098,1.196414589881897,0.83423793315887451,0.95703220367431641,1.0480612516403198,10.202362060546875,0,0,0,0
91,255,794520,5.1618928909301758,0.055151987820863724,7.2690572738647461,90.054023742675781,96.815597534179688,0,79.160240173339844,16.012142181396484,0,0.0001582970580784604,-5.0298366546630859,1.1900131702423096,0.83423793315887451,0.95703220367431641,1.0480612516403198,10.202362060546875,0,0,0,0
91,270,794880,0.93288207054138184,0.00020655206753872335,7.1420197486877441,89.675689697265625,95.002937316894531,0.00013187085278332233,80.295700073242188,14.663701057434082,0,0.00010707398905651644,-4.4807462692260742,1.1825766563415527,0.83423793315887451,0.95703220367431641,1.0480612516403198,10.202362060546875,0,0,0,0
91,285,795240,-2.6185164451599121,0.00084193336078897119,7.2356843948364258,89.651206970214844,93.173507690429688,0.27641543745994568,80.120918273925781,13.65533447265625,0,6.6457687353249639E-05,-3.9759044647216797,1.1757394075393677,0.83423793315887451,0.95703220367431641,1.0480612516403198,10.202362060546875,0,0,0,0
91,300,795600,-6.0358519554138184,0.012038763612508774,7.35162353515625,89.697868347167969,91.353019714355469,3.3751263618469238,76.657867431640625,15.822059631347656,0,0.0012581452028825879,-3.635991096496582,1.1711360216140747,0.83423793315887451,0.95703220367431641,1.0480612516403198,10.202362060546875,0,0,0,0
91,315,795960,-8.9633445739746094,0.012507193721830845,7.6402220726013184,89.665817260742188,89.586585998535156,5.811521053314209,68.900894165039062,21.886787414550781,0,0.0025815262924879789,-3.5903806686401367,1.1712492704391479,0.83423793315887451,0.95703220367431641,1.0480612516403198,10.202362060546875,0,0,0,0
91,330,796320,-19.250932693481445,0.054466702044010162,8.0435733795166016,89.075958251953125,87.405845642089844,17.086210250854492,60.741313934326172,27.774312973022461,0,0.0016308225458487868,-10.95839786529541,1.1857309341430664,0.83423793315887451,0.95703220367431641,1.0480612516403198,10.202362060546875,0,1,0,0
91,345,796680,-13.784692764282227,0.041857805103063583,8.055023193359375,88.50799560546875,85.370262145996094,32.954257965087891,53.526420593261719,32.237979888916016,0,0.0012179624754935503,-4.6124801635742188,1.21018385887146,0.83423793315887451,0.95703220367431641,1.0480612516403198,10.202362060546875,0,0,0,0
91,360,797040,-11.099030494689941,0.04171714186668396,8.0081043243408203,87.915672302246094,83.493415832519531,46.821262359619141,47.168754577636719,35.494281768798828,0,0.0081412158906459808,-1.6439555883407593,1.0810616016387939,0.8560444712638855,1.0340251922607422,1.1299183368682861,-2.7592191696166992,0,0,0,0
91,365,797160,-10.316853523254395,0.04430776834487915,8.0163097381591797,87.721572875976562,82.885841369628906,53.581161499023438,45.222053527832031,36.340621948242188,0,0.01163080520927906,-1.0323597192764282,1.0408098697662354,0.86008274555206299,1.0482832193374634,1.145077109336853,-5.1595125198364258,0,0,0,0
92,15,797520,-10.182398796081543,0.072668075561523438,8.0819921493530273,87.176353454589844,81.069389343261719,77.242713928222656,39.851005554199219,38.260978698730469,0,0.0088624479249119759,-2.1740798950195312,1.0701611042022705,0.85450029373168945,1.0285730361938477,1.1241216659545898,-1.8413476943969727,0,0,0,0
92,30,797880,-6.9835667610168457,0.099084772169589996,8.0233221054077148,86.9566650390625,79.370147705078125,94.326240539550781,35.217605590820312,39.311515808105469,0,0.0036838643718510866,-1.1619110107421875,1.0181840658187866,0.86008274555206299,1.0482832193374634,1.145077109336853,-5.1595125198364258,0,0,0,0
92,45,798240,-4.1513323783874512,0.18514679372310638,8.0088939666748047,87.656364440917969,78.28759765625,106.50037384033203,32.005832672119141,38.907005310058594,0,0.0090449657291173935,-1.1425719261169434,1.0252597332000732,0.86008274555206299,1.0482832193374634,1.145077109336853,-5.1595125198364258,0,0,0,0
92,60,798600,-0.68632066249847412,0.037791255861520767,8.3212709426879883,90.62945556640625,79.221786499023438,106.48490905761719,30.860288619995117,36.565956115722656,0,0.010770278051495552,-1.1126154661178589,1.0362200736999512,0.86008274555206299,1.0482832193374634,1.145077109336853,-5.1595125198364258,0,0,0,0
92,75,798960,3.5424885749816895,0.024991914629936218,8.9492092132568359,96.9080810546875,90.985588073730469,56.355339050292969,30.934356689453125,33.439353942871094,0,0.0031585574615746737,-1.0777294635772705,1.0489840507507324,0.86008274555206299,1.0482832193374634,1.145077109336853,-5.1595125198364258,0,0,0,0
92,90,799320,9.0003929138183594,0.0041884863749146461,8.3661947250366211,95.988273620605469,97.089424133300781,2.4565095901489258,32.723503112792969,30.54527473449707,0,0.0014857498463243246,-1.0436018705368042,1.0614703893661499,0.86008274555206299,1.0482832193374634,1.145077109336853,-5.1595125198364258,0,0,0,0
92,105,799680,13.196588516235352,6.5692627686075866E-05,8.1101779937744141,95.327255249023438,95.721290588378906,0,36.98681640625,27.912399291992188,0,0.0028857749421149492,-1.0159206390380859,1.0715982913970947,0.86008274555206299,1.0482832193374634,1.145077109336853,-5.1595125198364258,0,0,0,0
92,120,800040,16.905197143554688,2.8669815947068855E-05,8.0242090225219727,94.380401611328125,93.946174621582031,0,42.028377532958984,25.522857666015625,0,0.0012791573535650969,-1.0003736019134521,1.0772866010665894,0.86008274555206299,1.0482832193374634,1.145077109336853,-5.1595125198364258,0,0,0,0
92,135,800400,19.940479278564453,0.0027361607644706964,7.8780708312988281,93.283721923828125,92.012321472167969,0,46.440971374511719,23.676332473754883,0,0.00013711836072616279,-0.98476952314376831,1.0830872058868408,0.86008274555206299,1.0482832193374634,1.145077109336853,-5.1595125198364258,0,0,0,0
92,150,800760,22.278097152709961,0,7.5027918815612793,92.016265869140625,90.106422424316406,0,49.106769561767578,22.808418273925781,0,0.00023946978035382926,-0.91035574674606323,1.1107978820800781,0.86008274555206299,1.0482832193374634,1.145077109336853,-5.1595125198364258,0,0,0,0
92,165,801120,23.192121505737305,0,7.1383247375488281,90.601730346679688,88.344680786132812,0,50.769851684570312,22.580154418945312,0,0.00020766119996551424,-0.79554849863052368,1.1535502672195435,0.86008274555206299,1.0482832193374634,1.145077109336853,-5.1595125198364258,0,0,0,0
92,180,801480,22.865360260009766,6.537423473673698E-07,6.7501587867736816,89.159194946289062,86.668533325195312,0,52.327354431152344,22.544645309448242,0,1.1363442354195286E-05,-0.66727674007415771,1.2013168334960938,0.86008274555206299,1.0482832193374634,1.145077109336853,-5.1595125198364258,0,0,0,0
92,195,801840,21.330379486083984,7.8087668953230605E-07,6.3770732879638672,87.785202026367188,85.049095153808594,0,54.620704650878906,22.302518844604492,0,5.1315682867425494E-06,-0.55246949195861816,1.2440693378448486,0.86008274555206299,1.0482832193374634,1.145077109336853,-5.1595125198364258,0,0,0,0
92,210,802200,18.688573837280273,9.4723009169683792E-06,6.0109238624572754,86.547889709472656,83.499290466308594,0,58.857440948486328,21.371706008911133,0,6.1655897297896445E-05,-0.47805565595626831,1.2717800140380859,0.86008274555206299,1.0482832193374634,1.145077109336853,-5.1595125198364258,0,0,0,0
92,225,802560,14.997785568237305,4.7830530093051493E-05,5.6934614181518555,85.467552185058594,81.974922180175781,0,65.178474426269531,19.717155456542969,0,3.9931725041242316E-05,-0.46324640512466431,1.2754853963851929,0.86008274555206299,1.0482832193374634,1.145077109336853,-5.1595125198364258,0,0,0,0
92,240,802920,10.962322235107422,0.042252067476511002,5.5826826095581055,84.65667724609375,80.382415771484375,0,71.430877685546875,18.04217529296875,0,2.424370359221939E-05,-0.45584219694137573,1.2604352235794067,0.86008274555206299,1.0482832193374634,1.145077109336853,-5.1595125198364258,0,0,0,0
92,255,803280,6.7558555603027344,6.8232469629947445E-07,5.2783341407775879,84.080406188964844,78.775466918945312,0,76.197273254394531,16.513603210449219,0,0.045599155128002167,-0.44314157962799072,1.2346194982528687,1.2140002250671387,1.0482832193374634,1.145077109336853,-5.1595125198364258,0,0,0,1
92,270,803640,1.8056055307388306,3.2612504583084956E-05,5.1898369789123535,85.228034973144531,77.780059814453125,7.9126057244138792E-06,78.121376037597656,15.104426383972168,0,0.0012253632303327322,-0.42838716506958008,1.2046291828155518,0.86008274555206299,1.0482832193374634,1.145077109336853,-5.1595125198364258,0,0,0,0
92,285,804000,-2.0275881290435791,0.00011995692329946905,5.161506175994873,85.212448120117188,76.485237121582031,0.00039464660221710801,78.201347351074219,13.921518325805664,0,0.0013646130682900548,-0.4148218035697937,1.1770557165145874,0.86008274555206299,1.0482832193374634,1.145077109336853,-5.1595125198364258,0,0,0,0
92,300,804360,-5.3741869926452637,0.0009851306676864624,5.2233505249023438,85.544441223144531,75.224800109863281,2.3654632568359375,75.540130615234375,15.297377586364746,0,0.00071363127790391445,-0.40568816661834717,1.1584903001785278,0.86008274555206299,1.0482832193374634,1.145077109336853,-5.1595125198364258,0,0,0,0
92,315,804720,-7.8890571594238281,0.0066677206195890903,5.3471169471740723,85.908195495605469,74.177719116210938,7.0559654235839844,68.636650085449219,20.592624664306641,0,0.0023932992480695248,-0.41337639093399048,1.1526180505752563,0.86008274555206299,1.0482832193374634,1.145077109336853,-5.1595125198364258,0,0,0,0
92,330,805080,-9.6025505065917969,0.030303029343485832,5.6468706130981445,85.422561645507812,72.855438232421875,15.216972351074219,60.667850494384766,26.418186187744141,0,0.0075520426034927368,-0.53739899396896362,1.1302156448364258,0.86008274555206299,1.0482832193374634,1.145077109336853,-5.1595125198364258,0,0,0,0
92,345,805440,-10.53007698059082,0.13551445305347443,5.6248769760131836,84.922904968261719,71.497589111328125,24.475900650024414,53.467124938964844,30.999113082885742,0,0.0068086995743215084,-0.7468140721321106,1.0923885107040405,0.86008274555206299,1.0482832193374634,1.145077109336853,-5.1595125198364258,0,0,0,0
92,360,805800,-11.18310546875,0.058176305145025253,5.5520749092102051,84.436271667480469,70.237869262695312,39.987422943115234,47.118385314941406,34.352756500244141,0,0.0070685520768165588,-1.5365784168243408,1.1896268129348755,0.96107041835784912,1.1149235963821411,1.0362781286239624,-4.4855837821960449,0,0,0,0
92,365,805920,-11.024441719055176,0.067884370684623718,5.5496478080749512,84.28546142578125,69.823089599609375,48.535202026367188,45.174358367919922,35.226787567138672,0,0.010457739233970642,-1.6459617614746094,1.2424277067184448,0.97977185249328613,1.1272643804550171,1.0161302089691162,-4.3607821464538574,0,0,0,0
93,15,806280,-9.6328706741333008,0.090986780822277069,5.578944206237793,83.839790344238281,68.616203308105469,68.339569091796875,39.811435699462891,37.248184204101562,0,0.040521364659070969,-1.5465552806854248,1.2356828451156616,1.3511794805526733,1.1102044582366943,1.0439827442169189,-4.5333080291748047,0,0,0,1
93,30,806640,-7.6564431190490723,0.11627980321645737,5.6707015037536621,83.513008117675781,67.414772033691406,95.293258666992188,35.125541687011719,38.407684326171875,0,0.022773124277591705,-1.663588285446167,1.2943938970565796,0.97977185249328613,1.1272643804550171,1.0161302089691162,-4.3607821464538574,0,0,0,0
93,45,807000,-4.9294695854187012,0.15561532974243164,5.559995174407959,84.471099853515625,66.593620300292969,118.55095672607422,31.570890426635742,38.359149932861328,0,0.010094353929162025,-1.7047253847122192,1.2698541879653931,0.97977185249328613,1.1272643804550171,1.0161302089691162,-4.3607821464538574,0,0,0,0
93,60,807360,-1.6047862768173218,0.12257431447505951,5.8512077331542969,88.275177001953125,67.64697265625,136.51974487304688,29.983003616333008,36.391185760498047,0,0.0098827658221125603,-1.7684476375579834,1.2318418025970459,0.97977185249328613,1.1272643804550171,5.5,-4.3607821464538574,0,0,1,0
93,75,807720,2.3531181812286377,0.03849385678768158,8.5566072463989258,95.78326416015625,81.9405517578125,93.517860412597656,29.867725372314453,33.348396301269531,0,0.014957311563193798,-1.8426558971405029,1.1875741481781006,0.97977185249328613,1.1272643804550171,1.0161302089691162,-4.3607821464538574,0,0,0,0
93,90,808080,7.6670370101928711,0.013043572194874287,8.6599063873291016,97.428306579589844,99.594573974609375,12.524962425231934,31.226438522338867,30.450483322143555,0,0.0074773980304598808,-1.9152508974075317,1.1442688703536987,0.97977185249328613,1.1272643804550171,1.0161302089691162,-4.3607821464538574,0,0,0,0
93,105,808440,12.024931907653809,0.0013270276831462979,7.952481746673584,96.407356262207031,99.009086608886719,0,35.751621246337891,27.820501327514648,0,0.0018302986864000559,-1.9741334915161133,1.1091434955596924,0.97977185249328613,1.1272643804550171,1.0161302089691162,-4.3607821464538574,0,0,0,0
93,120,808800,15.768882751464844,4.1889754356816411E-05,7.9239296913146973,95.277381896972656,97.697944641113281,0,41.459217071533203,25.429689407348633,0,0.0030792399775236845,-2.007204532623291,1.089415431022644,0.97977185249328613,1.1272643804550171,1.0161302089691162,-4.3607821464538574,0,0,0,0
93,135,809160,18.897085189819336,1.6217940356000327E-05,7.7947759628295898,94.03228759765625,95.791862487792969,0,46.847023010253906,23.424385070800781,0,0.0022149521391838789,-1.9864671230316162,1.0900201797485352,0.97977185249328613,1.1272643804550171,1.0161302089691162,-4.3607821464538574,0,0,0,0
93,150,809520,21.238845825195312,3.8406965359172318E-06,7.5603280067443848,92.779327392578125,93.717941284179688,0,50.4805908203125,22.321205139160156,0,0.00035552596091292799,-1.8592667579650879,1.1036137342453003,0.97977185249328613,1.1272643804550171,1.0161302089691162,-4.3607821464538574,0,0,0,0
93,165,809880,22.33209228515625,0,7.2480921745300293,91.865936279296875,91.754241943359375,0,52.914440155029297,21.907066345214844,0,0.00014743626525159925,-1.6630192995071411,1.1245861053466797,0.97977185249328613,1.1272643804550171,1.0161302089691162,-4.3607821464538574,0,0,0,0
93,180,810240,22.160188674926758,0,6.8693866729736328,90.444198608398438,89.762985229492188,0,54.884754180908203,21.846441268920898,0,0.0005434409249573946,-1.4437559843063354,1.1480180025100708,0.97977185249328613,1.1272643804550171,1.0161302089691162,-4.3607821464538574,0,0,0,0
93,195,810600,20.750659942626953,8.3447248471202329E-06,6.4902224540710449,89.046470642089844,87.833786010742188,0,57.583580017089844,21.57939338684082,0,0.00021229880803730339,-1.2475085258483887,1.1689903736114502,0.97977185249328613,1.1272643804550171,1.0161302089691162,-4.3607821464538574,0,0,0,0
93,210,810960,18.200077056884766,1.4783183360123076E-05,6.1481509208679199,87.774955749511719,85.933067321777344,0,62.243255615234375,20.596851348876953,0,2.0551173292915337E-05,-1.1203081607818604,1.1825839281082153,0.97977185249328613,1.1272643804550171,1.0161302089691162,-4.3607821464538574,0,0,0,0
93,225,811320,14.656216621398926,1.4296291737991851E-05,5.868842601776123,86.725692749023438,84.078460693359375,0,68.726310729980469,18.965171813964844,0,0.00020281596516724676,-1.1026221513748169,1.1825084686279297,0.97977185249328613,1.1272643804550171,1.0161302089691162,-4.3607821464538574,0,0,0,0
93,240,811680,10.391836166381836,3.8027526898076758E-05,5.6455287933349609,85.668121337890625,82.319427490234375,0,74.950294494628906,17.35392951965332,0,0.00084147456800565124,-1.1650440692901611,1.1564947366714478,0.97977185249328613,1.1272643804550171,1.0161302089691162,-4.3607821464538574,0,0,0,0
93,255,812040,5.9589271545410156,6.2730177887715399E-05,5.4949307441711426,84.967567443847656,80.5721435546875,0,79.517524719238281,15.883382797241211,0,0.00074030982796102762,-1.2721182107925415,1.1118727922439575,0.97977185249328613,1.1272643804550171,1.0161302089691162,-4.3607821464538574,0,0,0,0
93,270,812400,0.88965791463851929,0.00011166330659762025,5.4093427658081055,84.658882141113281,78.876380920410156,0.00010816162102855742,81.1546630859375,14.540386199951172,0,0.00030132089159451425,-1.3965064287185669,1.060035228729248,0.97977185249328613,1.1272643804550171,1.0161302089691162,-4.3607821464538574,0,0,0,0
93,285,812760,-3.101984977722168,0.00081544747808948159,5.386775016784668,84.696243286132812,77.261444091796875,0.29620525240898132,80.933670043945312,13.610847473144531,0,0.0032333908602595329,-1.5108706951141357,1.0123749971389771,0.97977185249328613,1.1272643804550171,1.0161302089691162,-4.3607821464538574,0,0,0,0
93,300,813120,-6.4647221565246582,0.0019097741460427642,5.390873908996582,85.084396362304688,75.751457214355469,1.6087660789489746,76.855865478515625,16.3731689453125,0,0.0078643178567290306,-1.5878729820251465,0.9802851676940918,0.97977185249328613,1.1272643804550171,1.0161302089691162,-4.3607821464538574,0,0,0,0
93,315,813480,-8.9722023010253906,0.012321494519710541,5.6217432022094727,85.280937194824219,74.300193786621094,4.5698351860046387,68.805854797363281,22.664609909057617,0,0.0052297734655439854,-1.6055843830108643,0.97732847929000854,0.97977185249328613,1.1272643804550171,1.0161302089691162,-4.3607821464538574,0,0,0,0
93,330,813840,-10.621087074279785,0.020623054355382919,5.8190670013427734,84.823997497558594,72.715461730957031,11.078069686889648,60.666206359863281,28.473077774047852,0,0.0044660326093435287,-1.6136746406555176,1.0304450988769531,0.97977185249328613,1.1272643804550171,1.0161302089691162,-4.3607821464538574,0,0,0,0
93,345,814200,-11.396158218383789,0.035147953778505325,5.7599129676818848,84.347503662109375,71.28680419921875,22.65028190612793,53.464042663574219,32.872245788574219,0,0.014236370101571083,-1.6273351907730103,1.1201337575912476,0.97977185249328613,1.1272643804550171,1.0161302089691162,-4.3607821464538574,0,0,0,0
93,360,814560,-10.400738716125488,0.055966597050428391,5.6781101226806641,83.880210876464844,69.954483032226562,40.365291595458984,47.117103576660156,36.055870056152344,0,0.013226398266851902,-1.1653106212615967,1.1745560169219971,0.8823249340057373,1.1617679595947266,1.0052014589309692,-11.300634384155273,0,0,0,0
93,365,814680,-9.9331588745117188,0.062977783381938934,5.674565315246582,83.7403564453125,69.505531311035156,45.199451446533203,45.173625946044922,36.887760162353516,0,0.0097940033301711082,-1.1279008388519287,1.1833299398422241,0.86427921056747437,1.1681575775146484,1.0031776428222656,-12.585792541503906,0,0,0,0
94,15,815040,-8.5916099548339844,0.10153184831142426,5.6972508430480957,83.345657348632812,68.188438415527344,69.519027709960938,39.814144134521484,38.750251770019531,0,0.0051741893403232098,-1.3188531398773193,1.2323169708251953,0.88922560214996338,1.1593246459960938,1.0059753656387329,-10.809189796447754,0,0,0,0
94,30,815400,-5.9141349792480469,0.19020959734916687,5.6244430541992188,83.771308898925781,67.053321838378906,92.814849853515625,35.401447296142578,39.520908355712891,0,0.012423560954630375,-1.2147983312606812,1.208699107170105,0.86464375257492065,1.1681575775146484,1.0031776428222656,-12.585792541503906,0,0,0,0
94,45,815760,-2.7465114593505859,0.23765996098518372,5.8659286499023438,85.418045043945312,66.529067993164062,110.27117156982422,32.880336761474609,38.407432556152344,0,0.012180144898593426,-1.1250300407409668,1.1686341762542725,0.86427921056747437,1.1681575775146484,1.0031776428222656,-12.585792541503906,0,0,0,0
94,60,816120,1.1163256168365479,0.096019431948661804,7.3846559524536133,92.356719970703125,72.624069213867188,90.167640686035156,32.373561859130859,35.513393402099609,0,0.0040809586644172668,-0.98597729206085205,1.1065726280212402,0.86427921056747437,1.1681575775146484,1.0031776428222656,-12.585792541503906,0,0,0,0
94,75,816480,5.5396170616149902,0.010740145109593868,8.3988399505615234,95.793304443359375,91.125755310058594,22.5743408203125,32.887935638427734,32.436954498291016,0,0.0019988312851637602,-0.82404243946075439,1.0342986583709717,0.86427921056747437,1.1681575775146484,1.0031776428222656,-12.585792541503906,0,0,0,0
94,90,816840,10.866312026977539,7.1074508014135063E-05,7.7777414321899414,94.137489318847656,91.905410766601562,0.01375109888613224,36.080440521240234,29.641799926757812,0,0.0035498363431543112,-0.66562783718109131,0.96359580755233765,0.86427921056747437,1.1681575775146484,1.0031776428222656,-12.585792541503906,0,0,0,0
94,105,817200,15.062419891357422,3.8416019378928468E-05,7.6810927391052246,93.100967407226562,90.040275573730469,0,41.327529907226562,27.096048355102539,0,0.0016832153778523207,-0.53713607788085938,0.90624803304672241,0.86427921056747437,1.1681575775146484,1.0031776428222656,-12.585792541503906,0,0,0,0
94,120,817560,18.770456314086914,7.8773864515824243E-06,7.471580982208252,92.021133422851562,87.960105895996094,0,46.913196563720703,24.835262298583984,0,0.00016750561189837754,-0.46496939659118652,0.8740389347076416,0.86427921056747437,1.1681575775146484,1.0031776428222656,-12.585792541503906,0,0,0,0
94,135,817920,21.447439193725586,0,7.1533031463623047,90.802642822265625,85.883621215820312,0,50.917201995849609,23.42888069152832,0,0.00025213990011252463,-0.42852774262428284,0.87998223304748535,0.86427921056747437,1.1681575775146484,1.0031776428222656,-12.585792541503906,0,0,0,0
94,150,818280,23.195098876953125,0,6.7291984558105469,89.424995422363281,83.971534729003906,0,52.948299407958984,23.061550140380859,0,0.00033128002542071044,-0.27363181114196777,0.92841231822967529,0.86427921056747437,1.1681575775146484,1.0031776428222656,-12.585792541503906,0,0,0,0
94,165,818640,23.827669143676758,0,6.2597260475158691,87.967666625976562,82.2017822265625,0,54.252342224121094,23.178163528442383,0,2.5284436560468748E-05,-0.034654855728149414,1.0031312704086304,0.86427921056747437,1.1681575775146484,1.0031776428222656,-12.585792541503906,0,0,0,0
94,180,819000,23.253307342529297,0,5.8174643516540527,86.56304931640625,80.493911743164062,0,55.640239715576172,23.369697570800781,0,4.8114320634340402E-06,0.2323492169380188,1.0866132974624634,0.86427921056747437,1.1681575775146484,1.0031776428222656,-12.585792541503906,0,0,0,0
94,195,819360,21.492156982421875,0,5.3697881698608398,85.295379638671875,78.83575439453125,0,57.836013793945312,23.290800094604492,0,5.9468377003213391E-05,0.47132605314254761,1.161332368850708,0.86427921056747437,1.1681575775146484,1.0031776428222656,-12.585792541503906,0,0,0,0
94,210,819720,18.621612548828125,3.2083069527288899E-05,4.9673213958740234,84.113777160644531,77.279891967773438,0,62.217525482177734,22.406818389892578,0,2.2405121853807941E-05,0.62622207403182983,1.2097623348236084,0.86427921056747437,1.1681575775146484,1.0031776428222656,-12.585792541503906,0,0,0,0
94,225,820080,14.778362274169922,4.7768204240128398E-05,4.6375679969787598,83.117759704589844,75.731353759765625,0,68.99017333984375,20.670530319213867,0,8.935004188970197E-06,0.63947814702987671,1.2164720296859741,0.86427921056747437,1.1681575775146484,1.0031776428222656,-12.585792541503906,0,0,0,0
94,240,820440,10.406822204589844,2.4071403458947316E-05,4.3674745559692383,82.180694580078125,74.2476806640625,0,75.624404907226562,18.912485122680664,0,6.130598922027275E-05,0.48196643590927124,1.1924686431884766,0.86427921056747437,1.1681575775146484,1.0031776428222656,-12.585792541503906,0,0,0,0
94,255,820800,5.8172941207885742,1.8841272321878932E-05,4.1919832229614258,81.555671691894531,72.801895141601562,0,80.408981323242188,17.307666778564453,0,0.00094631628599017859,0.21178203821182251,1.1512948274612427,0.86427921056747437,1.1681575775146484,1.0031776428222656,-12.585792541503906,0,0,0,0
94,270,821160,0.58517342805862427,0.0044270027428865433,4.1001644134521484,81.351524353027344,71.361167907714844,4.1851522837532684E-05,82.014930725097656,15.841920852661133,0,0.0010095288744196296,-0.10209172964096069,1.1034632921218872,0.86427921056747437,1.1681575775146484,1.0031776428222656,-12.585792541503906,0,0,0,0
94,285,821520,-3.4159095287322998,0.065211638808250427,4.0661263465881348,81.512557983398438,70.030899047851562,0.33672073483467102,81.617179870605469,14.943647384643555,0,0.00049134675646200776,-0.39067167043685913,1.0594862699508667,0.86427921056747437,1.1681575775146484,1.0031776428222656,-12.585792541503906,0,0,0,0
94,300,821880,-6.7045059204101562,0.032356120645999908,4.0884079933166504,82.180229187011719,68.940803527832031,2.2772624492645264,76.983993530273438,18.120555877685547,0,0.0020349288824945688,-0.58497446775436401,1.0298762321472168,0.86427921056747437,1.1681575775146484,1.0031776428222656,-12.585792541503906,0,0,0,0
94,315,822240,-8.8912496566772461,0.018384067341685295,4.3661561012268066,82.588394165039062,67.919708251953125,5.970240592956543,68.775306701660156,24.408346176147461,0,0.0073280483484268188,-0.63579058647155762,1.0257816314697266,0.86427921056747437,1.1681575775146484,1.0031776428222656,-12.585792541503906,0,0,0,0
94,330,822600,-10.206499099731445,0.02412131242454052,4.7093477249145508,82.224449157714844,66.671859741210938,13.566522598266602,60.645652770996094,30.053989410400391,0,0.006043704692274332,-0.73439222574234009,1.0573488473892212,0.86427921056747437,1.1681575775146484,1.0031776428222656,-12.585792541503906,0,0,0,0
94,345,822960,-10.706143379211426,0.038597919046878815,4.7140936851501465,81.857475280761719,65.475677490234375,25.904720306396484,53.446445465087891,34.311000823974609,0,0.0031432891264557838,-0.90088349580764771,1.1106507778167725,0.86427921056747437,1.1681575775146484,1.0031776428222656,-12.585792541503906,0,0,0,0
94,360,823320,-11.764728546142578,0.047225341200828552,4.6973910331726074,81.506546020507812,64.330703735351562,41.675167083740234,47.101860046386719,37.369987487792969,0,0.0201551653444767,-2.0766603946685791,1.0137687921524048,1.3771003484725952,1.1885185241699219,1.0709550380706787,-5.4214606285095215,0,0,0,1
94,365,823440,-11.756698608398438,0.18465200066566467,4.715787410736084,81.392707824707031,63.959484100341797,46.497455596923828,45.1590576171875,38.161003112792969,0,0.023067185655236244,-2.3157906532287598,0.98889267444610596,0.99852824211120605,1.1922891139984131,1.0835064649581909,-4.0947322845458984,0,0,0,0
95,15,823800,-10.20169734954834,0.096840433776378632,4.7523374557495117,81.056930541992188,62.874141693115234,69.074951171875,39.799518585205078,39.915180206298828,0,0.023060562089085579,-2.1626660823822021,1.0430489778518677,0.96953046321868896,1.1870766878128052,1.0661554336547852,-5.9288015365600586,0,0,0,0
95,30,824160,-8.4456758499145508,0.096174128353595734,4.8522772789001465,80.740821838378906,61.830585479736328,87.445144653320312,35.083492279052734,40.897727966308594,0,0.013125241734087467,-2.3922834396362305,0.99586009979248047,0.99852824211120605,1.1922891139984131,1.0835064649581909,-4.0947327613830566,0,0,0,0
95,45,824520,-5.5263733863830566,0.084489516913890839,4.6917829513549805,81.478851318359375,61.038990020751953,103.48644256591797,31.273151397705078,40.915969848632812,0,0.013705686666071415,-2.2235608100891113,0.9941210150718689,0.99852824211120605,1.1922891139984131,1.0835064649581909,-4.0947327613830566,0,0,0,0
95,60,824880,-1.9063013792037964,0.051589202135801315,4.818852424621582,84.146377563476562,61.231540679931641,111.08669281005859,29.420295715332031,39.059528350830078,0,0.020668823271989822,-1.9622060060501099,0.99142724275588989,0.99852824211120605,1.1922891139984131,1.0835064649581909,-4.0947327613830566,0,0,0,0
95,75,825240,2.5382297039031982,0.02935781329870224,7.2949447631835938,93.575408935546875,73.941825866699219,72.050445556640625,29.272186279296875,35.849594116210938,0,0.010778442025184631,-1.6578435897827148,0.98829019069671631,0.99852824211120605,1.1922891139984131,1.0835064649581909,-4.0947327613830566,0,0,0,0
95,90,825600,8.4025039672851562,0.0028100416529923677,7.8308501243591309,93.371734619140625,92.0970458984375,6.6179986000061035,31.029962539672852,32.748500823974609,0,0.0035199380945414305,-1.3600976467132568,0.985221266746521,0.99852824211120605,1.1922891139984131,1.0835064649581909,-4.0947327613830566,0,0,0,0
95,105,825960,12.954092025756836,3.9865069993538782E-05,7.482213020324707,92.31500244140625,91.095016479492188,0,36.117603302001953,29.927284240722656,0,0.0054744607768952847,-1.1185927391052246,0.98273205757141113,0.99852824211120605,1.1922891139984131,1.0835064649581909,-4.0947327613830566,0,0,0,0
95,120,826320,16.96258544921875,1.8503780665923841E-05,7.4248795509338379,91.437591552734375,89.05352783203125,0,42.120326995849609,27.366514205932617,0,0.0053349914960563183,-0.98295295238494873,0.98133403062820435,0.99852824211120605,1.1922891139984131,1.0835064649581909,-4.0947327613830566,0,0,0,0
95,135,826680,19.987678527832031,1.6495388990733773E-05,7.2360682487487793,90.45855712890625,86.806777954101562,0,47.270351409912109,25.362525939941406,0,0.0011659623123705387,-0.95449423789978027,0.98622441291809082,0.99852824211120605,1.1922891139984131,1.0835064649581909,-4.0947327613830566,0,0,0,0
95,150,827040,22.072158813476562,0.0079355444759130478,6.987548828125,89.307365417480469,84.702507019042969,0,50.293880462646484,24.407968521118164,0,0.00027527252677828074,-0.87529504299163818,1.0128493309020996,0.99852824211120605,1.1922891139984131,1.0835064649581909,-4.0947327613830566,0,0,0,0
95,165,827400,23.090862274169922,0,6.5739688873291016,87.985305786132812,82.796363830566406,0,52.123439788818359,24.138462066650391,0,0.00088462763233110309,-0.7531048059463501,1.0539268255233765,0.99852824211120605,1.1922891139984131,1.0835064649581909,-4.0947327613830566,0,0,0,0
95,180,827760,22.912225723266602,0,6.1611294746398926,86.618576049804688,81.009063720703125,0,53.790565490722656,24.074947357177734,0,0.00033822166733443737,-0.61658412218093872,1.0998220443725586,0.99852824211120605,1.1922891139984131,1.0835064649581909,-4.0947327613830566,0,0,0,0
95,195,828120,21.465354919433594,4.7901642119541066E-07,5.7673921585083008,85.407020568847656,79.24615478515625,0,56.169746398925781,23.811931610107422,0,2.3026866983855143E-05,-0.49439382553100586,1.1408994197845459,0.99852824211120605,1.1922891139984131,1.0835064649581909,-4.0947327613830566,0,0,0,0
95,210,828480,18.825765609741211,0,5.3749246597290039,84.209114074707031,77.57305908203125,0,60.467479705810547,22.872608184814453,0,0.075856991112232208,-0.41519463062286377,1.1675244569778442,1.4132041931152344,1.1922891139984131,1.0835064649581909,-4.0947327613830566,0,0,0,1
95,225,828840,15.285052299499512,2.884640525735449E-05,5.0244870185852051,83.077774047851562,75.876609802246094,0,67.042465209960938,21.139188766479492,0,0.00074221921386197209,-0.41749423742294312,1.1698334217071533,0.99852824211120605,1.1922891139984131,1.0835064649581909,-4.0947327613830566,0,0,0,0
95,240,829200,11.051168441772461,4.8196194256888703E-05,4.7554850578308105,82.343551635742188,74.356697082519531,0,73.647781372070312,19.341066360473633,0,0.00040194261237047613,-0.5873711109161377,1.1430588960647583,0.99852824211120605,1.1922891139984131,1.0835064649581909,-4.0947327613830566,0,0,0,0
95,255,829560,6.4307341575622559,5.6493350712116808E-05,4.5592203140258789,81.844612121582031,72.856781005859375,0,78.667266845703125,17.69853401184082,0,0.00018378980166744441,-0.87876582145690918,1.0971314907073975,0.99852824211120605,1.1922891139984131,1.0835064649581909,-4.0947327613830566,0,0,0,0
95,270,829920,1.1654665470123291,7.8175025919335894E-06,4.4350852966308594,81.494033813476562,71.351608276367188,6.4324403865612112E-06,80.559646606445312,16.199464797973633,0,0.0023983668070286512,-1.2172796726226807,1.0437777042388916,0.99852824211120605,1.1922891139984131,1.0835064649581909,-4.0947327613830566,0,0,0,0
95,285,830280,-3.0256474018096924,0.042156334966421127,4.397618293762207,81.649864196777344,69.966575622558594,0.1598464697599411,80.381080627441406,15.105930328369141,0,0.0057248161174356937,-1.52851402759552,0.99472337961196899,0.99852824211120605,1.1922891139984131,1.0835064649581909,-4.0947327613830566,0,0,0,0
95,300,830640,-6.6318812370300293,0.019584251567721367,4.4167256355285645,82.241004943847656,68.782981872558594,2.0780179500579834,76.2017822265625,17.83697509765625,0,0.0040998868644237518,-1.7380702495574951,0.96169477701187134,0.99852824211120605,1.1922891139984131,1.0835064649581909,-4.0947327613830566,0,0,0,0
95,315,831000,-13.164664268493652,0.027653319761157036,4.8536243438720703,82.5142822265625,67.757270812988281,6.2663359642028809,68.023994445800781,24.121809005737305,0,0.0038758856244385242,-5.2662773132324219,0.9549030065536499,0.99852824211120605,1.1922891139984131,1.0835064649581909,-4.0947327613830566,0,1,0,0
95,330,831360,-10.935086250305176,0.019595755264163017,5.0913281440734863,82.152236938476562,66.456741333007812,14.821438789367676,59.947772979736328,29.73866081237793,0,0.013910933397710323,-1.8975527286529541,0.96171337366104126,0.99852824211120605,1.1922891139984131,1.0835064649581909,-4.0947327613830566,0,0,0,0
95,345,831720,-11.883173942565918,0.031389329582452774,5.0036959648132324,81.793266296386719,65.243667602539062,24.974309921264648,52.830623626708984,33.948650360107422,0,0.020246684551239014,-2.0745069980621338,0.97321277856826782,0.99852824211120605,1.1922891139984131,1.0835064649581909,-4.0947327613830566,0,0,0,0
95,360,832080,-10.79820442199707,0.045707009732723236,4.9188542366027832,81.424552917480469,64.121086120605469,37.792423248291016,46.558631896972656,36.976898193359375,0,0.014035984873771667,-1.3601148128509521,0.99453693628311157,1.0173145532608032,1.0870808362960815,0.98796677589416504,-8.3211040496826172,0,0,0,0
95,365,832200,-10.406233787536621,0.050377711653709412,4.912074089050293,81.299652099609375,63.768581390380859,43.495590209960938,44.638069152832031,37.756210327148438,0,0.012246665544807911,-1.2884125709533691,0.99805110692977905,1.0207934379577637,1.0675978660583496,0.97027420997619629,-9.1037654876708984,0,0,0,0
96,15,832560,-9.321345329284668,0.10160019993782043,4.9173517227172852,80.9403076171875,62.741695404052734,61.343215942382812,39.339118957519531,39.503219604492188,0,0.019453471526503563,-1.6778607368469238,1.0003101825714111,1.0159841775894165,1.0945311784744263,0.99473237991333008,-8.0218143463134766,0,0,0,0
96,30,832920,-6.788083553314209,0.16056272387504578,4.8372688293457031,80.978492736816406,61.788482666015625,76.410186767578125,34.792243957519531,40.372661590576172,0,0.028796695172786713,-1.4807767868041992,0.99783247709274292,1.0207934379577637,1.0675978660583496,0.97027420997619629,-9.1037654876708984,0,0,0,0
96,45,833280,-3.8125243186950684,0.07783181220293045,4.8487834930419922,82.096572875976562,61.297908782958984,89.263290405273438,31.753019332885742,39.713748931884766,0,0.016074879094958305,-1.4487514495849609,0.97924113273620605,1.0207934379577637,1.0675978660583496,0.97027420997619629,-9.1037654876708984,0,0,0,0
96,60,833640,-0.21668143570423126,0.043254856020212173,5.5840697288513184,87.526344299316406,63.679233551025391,83.782028198242188,30.796865463256836,37.136772155761719,0,0.009708368219435215,-1.3991436958312988,0.95044279098510742,1.0207934379577637,1.0675978660583496,0.97027420997619629,-9.1037654876708984,0,0,0,0
96,75,834000,4.2574739456176758,0.0079996418207883835,7.5077958106994629,93.711929321289062,81.459587097167969,29.862508773803711,31.03944206237793,33.945297241210938,0,0.014739075675606728,-1.3413726091384888,0.91690552234649658,1.0207934379577637,1.0675978660583496,0.97027420997619629,-9.1037654876708984,0,0,0,0
96,90,834360,9.6421623229980469,3.0550905648851767E-05,7.2821183204650879,90.908897399902344,87.467849731445312,0.67906039953231812,33.756519317626953,31.019363403320312,0,0.010896416381001472,-1.2848573923110962,0.88409727811813354,1.0207934379577637,1.0675978660583496,0.97027420997619629,-9.1037654876708984,0,0,0,0
96,105,834720,13.775351524353027,4.4121126848040149E-05,7.1770844459533691,90.162918090820312,85.509559631347656,0,39.094245910644531,28.353899002075195,0,0.002410421147942543,-1.2390172481536865,0.85748618841171265,1.0207934379577637,1.0675978660583496,0.97027420997619629,-9.1037654876708984,0,0,0,0
96,120,835080,17.494396209716797,1.1338498779878137E-06,7.0094218254089355,89.366409301757812,83.267532348632812,0,45.023929595947266,25.941350936889648,0,0.0020719559397548437,-1.2132714986801147,0.8425402045249939,1.0207934379577637,1.0675978660583496,0.97027420997619629,-9.1037654876708984,0,0,0,0
96,135,835440,20.331466674804688,0,6.7263045310974121,88.342613220214844,81.154830932617188,0,49.792819976806641,24.192041397094727,0,0.0029180324636399746,-1.1529581546783447,0.8487054705619812,1.0207934379577637,1.0675978660583496,0.97027420997619629,-9.1037654876708984,0,0,0,0
96,150,835800,22.413402557373047,0.0020623921882361174,6.3760523796081543,87.0784912109375,79.261459350585938,0,52.375179290771484,23.541719436645508,0,0.00085526495240628719,-0.847237229347229,0.88921618461608887,1.0207934379577637,1.0675978660583496,0.97027420997619629,-9.1037654876708984,0,0,0,0
96,165,836160,23.558391571044922,0,5.9206676483154297,85.74456787109375,77.464752197265625,0,53.842563629150391,23.540237426757812,0,0.00010470612323842943,-0.3755640983581543,0.95171719789505005,1.0207934379577637,1.0675978660583496,0.97027420997619629,-9.1037654876708984,0,0,0,0
96,180,836520,23.436788558959961,0,5.4424734115600586,84.452796936035156,75.708213806152344,0,55.166061401367188,23.715085983276367,0,0.0074232993647456169,0.15142643451690674,1.0215481519699097,1.1621514558792114,1.0675978660583496,0.97027420997619629,-9.1037654876708984,0,0,0,1
96,195,836880,26.90852165222168,0,4.8993792533874512,83.160552978515625,74.072273254394531,0,56.658660888671875,23.879283905029297,0,0.00058941595489159226,4.5041666030883789,1.0840491056442261,1.0207934379577637,1.0675978660583496,0.97027420997619629,-9.1037654876708984,1,0,0,0
96,210,837240,19.456438064575195,2.7051387405663263E-06,4.4145383834838867,82.03082275390625,72.506080627441406,0,59.054710388183594,23.719409942626953,0,9.9276541732251644E-05,0.92882049083709717,1.1245598793029785,1.0207934379577637,1.0675978660583496,0.97027420997619629,-9.1037654876708984,0,0,0,0
96,225,837600,15.793728828430176,5.6457196251358255E-07,4.0340566635131836,81.077110290527344,70.985275268554688,0,65.637191772460938,21.99315071105957,0,0.00022125727264210582,0.96988773345947266,1.1303166151046753,1.0207934379577637,1.0675978660583496,0.97027420997619629,-9.1037654876708984,0,0,0,0
96,240,837960,11.387633323669434,4.7082571654755156E-06,3.7196919918060303,80.220489501953125,69.599525451660156,0,72.518661499023438,20.123567581176758,0,0.0016928438562899828,0.80568218231201172,1.1116580963134766,1.0207934379577637,1.0675978660583496,0.97027420997619629,-9.1037654876708984,0,0,0,0
96,255,838320,6.7480521202087402,3.3598989830352366E-05,3.488306999206543,79.660598754882812,68.249969482421875,0,77.861770629882812,18.415231704711914,0,0.0019310616189613938,0.52401566505432129,1.0796523094177246,1.0207934379577637,1.0675978660583496,0.97027420997619629,-9.1037654876708984,0,0,0,0
96,270,838680,1.4161583185195923,4.9500577006256208E-05,3.3351271152496338,79.329780578613281,66.987739562988281,1.6669704564264975E-05,80.01873779296875,16.855308532714844,0,0.0010704923188313842,0.19680321216583252,1.0424712896347046,1.0207934379577637,1.0675978660583496,0.97027420997619629,-9.1037654876708984,0,0,0,0
96,285,839040,-2.5250594615936279,0.044640865176916122,3.2742645740509033,79.317771911621094,65.816841125488281,0.15188415348529816,80.021797180175781,15.582172393798828,0,0.0036399348173290491,-0.10404062271118164,1.0082864761352539,1.0207934379577637,1.0675978660583496,0.97027420997619629,-9.1037654876708984,0,0,0,0
96,300,839400,-5.8733100891113281,0.00073583249468356371,3.2294778823852539,79.9329833984375,64.805152893066406,0.41026511788368225,76.697349548339844,17.453779220581055,0,0.012727887369692326,-0.30660080909729004,0.98526972532272339,1.0207934379577637,1.0675978660583496,0.97027420997619629,-9.1037654876708984,0,0,0,0
96,315,839760,-8.2805938720703125,0.0094345184043049812,3.3364918231964111,80.695266723632812,63.952468872070312,2.6864008903503418,69.19561767578125,23.133806228637695,0,0.012343739159405231,-0.36600109934806824,0.98044127225875854,1.0207934379577637,1.0675978660583496,0.97027420997619629,-9.1037654876708984,0,0,0,0
96,330,840120,-9.894322395324707,0.017421074211597443,3.70591139793396,80.40350341796875,62.914581298828125,8.2623186111450195,61.086746215820312,28.876190185546875,0,0.0079371454194188118,-0.55082011222839355,0.98396962881088257,1.0207934379577637,1.0675978660583496,0.97027420997619629,-9.1037654876708984,0,0,0,0
96,345,840480,-10.704044342041016,0.027936236932873726,3.7167937755584717,80.078094482421875,61.847553253173828,17.80744743347168,53.835182189941406,33.292243957519531,0,0.017461102455854416,-0.86289137601852417,0.98992741107940674,1.0207934379577637,1.0675978660583496,0.97027420997619629,-9.1037654876708984,0,0,0,0
96,360,840840,-6.6797428131103516,0.015799656510353088,3.64756178855896,79.858642578125,60.850200653076172,26.183225631713867,47.507736206054688,36.440608978271484,0,0.041666321456432343,2.7081890106201172,0.9071277379989624,1.1321852207183838,1.1650066375732422,0.88818484544754028,-7.2340793609619141,0,0,0,0
96,365,840960,-5.9710421562194824,0.078839778900146484,3.6300857067108154,80.103515625,60.570438385009766,27.902511596679688,45.807998657226562,37.028717041015625,0,0.042844966053962708,3.309565544128418,0.88603734970092773,1.1528133153915405,1.1830452680587769,0.87298309803009033,-6.8878412246704102,0,0,0,0
97,15,841320,-5.5061721801757812,0.033119063824415207,3.6797308921813965,80.302947998046875,59.784904479980469,39.794628143310547,40.574073791503906,38.794994354248047,0,0.025717360898852348,2.0923120975494385,0.9040142297744751,1.124297022819519,1.1581085920333862,0.89399796724319458,-7.366480827331543,0,0,0,0
97,30,841680,-2.5170505046844482,0.021998327225446701,3.7810056209564209,82.0145263671875,59.552581787109375,41.71575927734375,38.037380218505859,37.832263946533203,0,0.030989576131105423,3.0526304244995117,0.87674236297607422,1.1528133153915405,1.1830452680587769,0.87298309803009033,-6.8878412246704102,0,0,0,0
97,45,842040,0.58451902866363525,0.010377233847975731,5.2080941200256348,86.886528015136719,62.979061126708984,26.917808532714844,37.470623016357422,35.086341857910156,0,0.035646103322505951,3.0358755588531494,0.87815529108047485,1.1528133153915405,1.1830452680587769,0.87298309803009033,-6.8878412246704102,0,0,0,0
97,60,842400,4.5352697372436523,0.00086120300693437457,5.6421871185302734,87.652915954589844,72.822616577148438,2.8679583072662354,37.771202087402344,32.070995330810547,0,0.027533741667866707,3.0099217891693115,0.88034379482269287,1.1528133153915405,1.1830452680587769,0.87298309803009033,-6.8878412246704102,0,0,0,0
97,75,842760,8.5905141830444336,2.5083105356316082E-05,5.6732711791992188,86.582450866699219,72.944282531738281,0,39.859649658203125,29.314016342163086,0,0.012713261879980564,2.9796969890594482,0.88289248943328857,1.1528133153915405,1.1830452680587769,0.87298309803009033,-6.8878412246704102,0,0,0,0
97,90,843120,13.572000503540039,3.3614662697800668E-06,5.6402020454406738,86.129188537597656,71.136207580566406,0,44.389797210693359,26.798711776733398,0,0.015069607645273209,2.950129508972168,0.88538569211959839,1.1528133153915405,1.1830452680587769,0.87298309803009033,-6.8878412246704102,0,0,0,0
97,105,843480,17.694353103637695,0,5.44158935546875,85.491600036621094,69.312652587890625,0,50.051189422607422,24.507595062255859,0,0.016694149002432823,2.9261469841003418,0.88740795850753784,1.1528133153915405,1.1830452680587769,0.87298309803009033,-6.8878412246704102,0,0,0,0
97,120,843840,21.329313278198242,0,5.090385913848877,84.572708129882812,67.768478393554688,0,55.018241882324219,22.811681747436523,0,0.005446992814540863,2.9126772880554199,0.88854384422302246,1.1528133153915405,1.1830452680587769,0.87298309803009033,-6.8878412246704102,0,0,0,0
97,135,844200,24.273544311523438,0,4.6331086158752441,83.414810180664062,66.4970703125,0,57.048370361328125,22.542966842651367,0,0.001761728199198842,2.9764211177825928,0.8989221453666687,1.1528133153915405,1.1830452680587769,0.87298309803009033,-6.8878412246704102,0,0,0,0
97,150,844560,26.494804382324219,0,4.1012377738952637,82.0869140625,65.380241394042969,0,57.523632049560547,23.137908935546875,0,0.0035844773519784212,3.3209612369537354,0.95326405763626099,1.1528133153915405,1.1830452680587769,0.87298309803009033,-6.8878412246704102,0,0,0,0
97,165,844920,27.729700088500977,0,3.5143477916717529,80.715278625488281,64.334564208984375,0,57.509231567382812,24.087409973144531,0,0.001786146080121398,3.8525257110595703,1.0371038913726807,1.1528133153915405,1.1830452680587769,0.87298309803009033,-6.8878412246704102,0,0,0,0
97,180,845280,27.775774002075195,0,2.9251759052276611,79.395263671875,63.328601837158203,0,57.370513916015625,25.104917526245117,0,0.00033116107806563377,4.4464311599731445,1.1307765245437622,1.1528133153915405,1.1830452680587769,0.87298309803009033,-6.8878412246704102,0,0,0,0
97,195,845640,26.583339691162109,0,2.3988533020019531,78.151817321777344,62.335697174072266,0,57.632400512695312,25.872819900512695,0,0.00078408780973404646,4.9779958724975586,1.2146164178848267,1.1528133153915405,1.1830452680587769,0.87298309803009033,-6.8878412246704102,0,0,0,0
97,210,846000,24.747285842895508,0,1.8919429779052734,78.538551330566406,61.836734771728516,0,57.504035949707031,26.703525543212891,0,0.00047203130088746548,6.4632601737976074,1.2689583301544189,1.2426236867904663,1.1830452680587769,0.87298309803009033,-6.8878412246704102,1,0,0,0
97,225,846360,20.585956573486328,0,1.496822714805603,77.45233154296875,60.978229522705078,0,61.211605072021484,25.919588088989258,0,0.0013750941725447774,5.3765578269958496,1.2748837471008301,1.1528133153915405,1.1830452680587769,0.87298309803009033,-6.8878412246704102,0,0,0,0
97,240,846720,16.325990676879883,0,1.2160998582839966,76.401832580566406,60.148788452148438,0,68.379043579101562,23.939260482788086,0,0.0006556931184604764,5.2676792144775391,1.2321722507476807,1.1528133153915405,1.1830452680587769,0.87298309803009033,-6.8878412246704102,0,0,0,0
97,255,847080,11.807580947875977,0,1.1472346782684326,75.430244445800781,59.350032806396484,0,75.251861572265625,21.903709411621094,0,0.0047809458337724209,5.0809159278869629,1.1589078903198242,1.1528133153915405,1.1830452680587769,0.87298309803009033,-6.8878412246704102,0,0,0,0
97,270,847440,6.618739128112793,0,1.0984650850296021,74.63275146484375,58.534503936767578,0,80.231155395507812,20.045835494995117,0,0.011706653982400894,4.8639531135559082,1.0737965106964111,1.1528133153915405,1.1830452680587769,0.87298309803009033,-6.8878412246704102,0,0,0,0
97,285,847800,2.5937039852142334,4.6748123168072198E-06,1.0761678218841553,74.4251708984375,57.782169342041016,0,82.163536071777344,18.348379135131836,0,0.0094432039186358452,4.6644744873046875,0.99554389715194702,1.1528133153915405,1.1830452680587769,0.87298309803009033,-6.8878412246704102,0,0,0,0
97,300,848160,-0.71638971567153931,1.0190073140847744E-07,1.0646868944168091,74.033782958984375,57.05499267578125,4.5557847272448271E-08,82.395484924316406,16.809379577636719,0,0.0088526187464594841,4.5301637649536133,0.94285589456558228,1.1528133153915405,1.1830452680587769,0.87298309803009033,-6.8878412246704102,0,0,0,0
97,315,848520,-3.2016072273254395,4.0514241845812649E-06,1.0666640996932983,74.047256469726562,56.382568359375,0.0023920068051666021,81.285408020019531,16.44410514831543,0,0.025039602071046829,4.4819769859313965,0.93047314882278442,1.1528133153915405,1.1830452680587769,0.87298309803009033,-6.8878412246704102,0,0,0,0
97,330,848880,-4.9999499320983887,0.031494375318288803,1.0839858055114746,74.536415100097656,55.734867095947266,0.46911177039146423,77.168449401855469,18.983505249023438,0,0.03567766398191452,4.2470664978027344,0.92156976461410522,1.1528133153915405,1.1830452680587769,0.87298309803009033,-6.8878412246704102,0,0,0,0
97,345,849240,-6.0617990493774414,0.033320978283882141,1.1142363548278809,75.331222534179688,55.149524688720703,2.9487564563751221,70.87103271484375,23.372867584228516,0,0.025888103991746902,3.8504152297973633,0.90653622150421143,1.1528133153915405,1.1830452680587769,0.87298309803009033,-6.8878412246704102,0,0,0,0
97,360,849600,-9.9290056228637695,0.051339238882064819,1.195897102355957,75.928176879882812,54.535320281982422,14.136354446411133,63.291294097900391,28.596494674682617,0,0.020784046500921249,-0.035846918821334839,1.2487964630126953,1.0341033935546875,1.087538480758667,1.0935817956924438,-4.4122400283813477,0,0,0,0
97,365,849720,-10.327777862548828,0.058802690356969833,1.2254589796066284,75.878715515136719,54.287391662597656,19.395694732666016,60.681175231933594,30.309968948364258,0,0.019002137705683708,-0.81640756130218506,1.3050320148468018,1.0121201276779175,1.0698519945144653,1.134433388710022,-3.9537954330444336,0,0,0,0
98,15,850080,-8.5160007476806641,0.064923062920570374,1.2258244752883911,76.750785827636719,53.620849609375,30.413774490356445,54.055999755859375,33.997970581054688,0,0.032930262386798859,-0.1867583692073822,1.1972565650939941,1.042509913444519,1.094301700592041,1.0779601335525513,-4.5875492095947266,0,0,0,0
98,30,850440,-7.2341394424438477,0.092014625668525696,1.3316295146942139,76.840538024902344,52.923553466796875,57.592025756835938,47.769229888916016,36.991851806640625,0,0.029577035456895828,-1.1100596189498901,1.2932698726654053,1.0124180316925049,1.0698519945144653,1.134433388710022,-3.9537954330444336,0,0,0,0
98,45,850800,-4.4654440879821777,0.11549906432628632,1.3265328407287598,78.14947509765625,52.493766784667969,86.348381042480469,43.232826232910156,38.021163940429688,0,0.013282414525747299,-1.1270949840545654,1.3364734649658203,1.0121201276779175,1.0698519945144653,1.134433388710022,-3.9537954330444336,0,0,0,0
98,60,851160,-1.01995849609375,0.090471290051937103,1.742437481880188,83.512931823730469,55.728759765625,98.165428161621094,41.485771179199219,36.281021118164062,0,0.020869655534625053,-1.1534831523895264,1.4033966064453125,1.0121201276779175,1.0698519945144653,1.134433388710022,-3.9537954330444336,0,0,0,0
98,75,851520,3.0216658115386963,0.072523504495620728,4.0983824729919434,91.42864990234375,73.784515380859375,55.70050048828125,41.513408660888672,33.178291320800781,0,0.016663707792758942,-1.1842136383056641,1.4813324213027954,1.0121201276779175,1.0698519945144653,1.134433388710022,-3.9537954330444336,0,0,0,0
98,90,851880,8.3150100708007812,0.045349616557359695,4.1794323921203613,90.613456726074219,87.598594665527344,3.6290059089660645,43.686248779296875,30.265989303588867,0,0.0049110809341073036,-1.2142760753631592,1.5575737953186035,1.0121201276779175,1.0698519945144653,1.134433388710022,-3.9537954330444336,0,0,0,0
98,105,852240,12.280153274536133,0.18010510504245758,4.7797765731811523,90.769584655761719,87.7069091796875,0,49.233097076416016,27.624240875244141,0,0.0040172860026359558,-1.2386600971221924,1.619414210319519,1.0121201276779175,1.0698519945144653,1.134433388710022,-3.9537954330444336,0,0,0,0
98,120,852600,16.184379577636719,0.11956872045993805,4.4670209884643555,90.534202575683594,87.019187927246094,0,55.877357482910156,25.235401153564453,0,0.0054754633456468582,-1.2523552179336548,1.6541465520858765,1.0121201276779175,1.0698519945144653,1.134433388710022,-3.9537954330444336,0,0,0,0
98,135,852960,19.349388122558594,0.0013868081150576472,4.2036824226379395,90.135002136230469,85.987167358398438,0,62.106418609619141,23.264301300048828,0,0.0016311898361891508,-1.1896865367889404,1.6559062004089355,1.0121201276779175,1.0698519945144653,1.134433388710022,-3.9537954330444336,0,0,0,0
98,150,853320,21.926521301269531,1.3561500509240432E-06,4.0711784362792969,89.333106994628906,84.678970336914062,0,66.1112060546875,22.405359268188477,0,0.00021219940390437841,-0.85072040557861328,1.6469254493713379,1.0121201276779175,1.0698519945144653,1.134433388710022,-3.9537954330444336,0,0,0,0
98,165,853680,23.460203170776367,0,3.8316402435302734,88.190513610839844,83.047279357910156,0,67.984039306640625,22.654880523681641,0,0.00073040468851104379,-0.32775568962097168,1.633069634437561,1.0121201276779175,1.0698519945144653,1.134433388710022,-3.9537954330444336,0,0,0,0
98,180,854040,23.708013534545898,1.0296515711161192E-06,3.5019323825836182,86.943031311035156,81.331146240234375,0,69.16741943359375,23.294418334960938,0,0.00045068218605592847,0.25654184818267822,1.6175888776779175,1.0121201276779175,1.0698519945144653,1.134433388710022,-3.9537954330444336,0,0,0,0
98,195,854400,22.7379150390625,1.0612234291329514E-06,3.1439383029937744,85.75732421875,79.672386169433594,0,70.652931213378906,23.790897369384766,0,5.1814382459269837E-05,0.77950656414031982,1.6037331819534302,1.0121201276779175,1.0698519945144653,1.134433388710022,-3.9537954330444336,0,0,0,0
98,210,854760,20.435359954833984,0,2.7941458225250244,84.642250061035156,78.06878662109375,0,73.779678344726562,23.537757873535156,0,0.00015621351485606283,1.1184729337692261,1.5947524309158325,1.0121201276779175,1.0698519945144653,1.134433388710022,-3.9537954330444336,0,0,0,0
98,225,855120,16.824089050292969,5.5908521972014569E-06,2.4778892993927002,83.665130615234375,76.473068237304688,0,79.765579223632812,22.072874069213867,0,0.00096559681696817279,1.174576997756958,1.5907020568847656,1.0121201276779175,1.0698519945144653,1.134433388710022,-3.9537954330444336,0,0,0,0
98,240,855480,18.055187225341797,0.0014379860367625952,2.213090181350708,82.609001159667969,74.850189208984375,0,86.594161987304688,20.215940475463867,0,0.00067279295763000846,6.2070126533508301,1.5675362348556519,1.0121201276779175,1.0698519945144653,1.134433388710022,-3.9537954330444336,1,0,0,0
98,255,855840,8.3182249069213867,0.004752209410071373,1.9933097362518311,81.995590209960938,73.328521728515625,0,92.344436645507812,18.502445220947266,0,0.00033322119270451367,0.96272659301757812,1.5277990102767944,1.0121201276779175,1.0698519945144653,1.134433388710022,-3.9537954330444336,0,0,0,0
98,270,856200,3.188732385635376,8.5485853560385294E-06,1.9265695810317993,81.7880859375,72.001708984375,0,95.250297546386719,16.933437347412109,0,0.0016126252012327313,0.80725574493408203,1.4816361665725708,1.0121201276779175,1.0698519945144653,1.134433388710022,-3.9537954330444336,0,0,0,0
98,285,856560,-0.82306528091430664,5.3505231335293502E-05,1.9878429174423218,81.924346923828125,70.820823669433594,0.00011732601706171408,95.7049560546875,15.507650375366211,0,0.006929496768862009,0.6643136739730835,1.4391934871673584,1.0121201276779175,1.0698519945144653,1.134433388710022,-3.9537954330444336,0,0,0,0
98,300,856920,-4.2979488372802734,0.0012712468160316348,2.0910420417785645,82.490020751953125,69.733444213867188,1.6300293207168579,93.999656677246094,15.835125923156738,0,0.0076484302990138531,0.56806981563568115,1.4106165170669556,1.0121201276779175,1.0698519945144653,1.134433388710022,-3.9537954330444336,0,0,0,0
98,315,857280,-6.8915653228759766,0.0072508659213781357,2.2403297424316406,83.235107421875,68.7606201171875,7.4266901016235352,87.004135131835938,21.183883666992188,0,0.0044226930476725101,0.52566277980804443,1.4027451276779175,1.0121201276779175,1.0698519945144653,1.134433388710022,-3.9537954330444336,0,0,0,0
98,330,857640,-8.8138494491577148,0.022901672869920731,2.5488009452819824,83.238571166992188,67.708282470703125,17.338710784912109,77.374908447265625,28.549907684326172,0,0.01166202500462532,0.25675886869430542,1.3831667900085449,1.0121201276779175,1.0698519945144653,1.134433388710022,-3.9537954330444336,0,0,0,0
98,345,858000,-10.027421951293945,0.040078502148389816,2.5727686882019043,82.831779479980469,66.355003356933594,32.368442535400391,68.21746826171875,34.800605773925781,0,0.0206620953977108,-0.1972917914390564,1.3501083850860596,1.0121201276779175,1.0698519945144653,1.134433388710022,-3.9537954330444336,0,0,0,0
98,360,858360,-6.700688362121582,0.020225618034601212,2.4836347103118896,82.579994201660156,65.080451965332031,43.355911254882812,60.223220825195312,39.3992919921875,0,0.0068470691330730915,3.0335993766784668,1.0313107967376709,0.88965678215026855,1.0784037113189697,1.0179276466369629,3.8996520042419434,0,0,0,0
98,365,858480,-6.1845722198486328,0.017003467306494713,2.459406852722168,82.79046630859375,64.749855041503906,43.523113250732422,58.054710388183594,40.36529541015625,0,0.0045283101499080658,3.632392406463623,0.98454380035400391,0.86697840690612793,1.0799874067306519,0.99635255336761475,5.3539943695068359,0,0,0,0
99,15,858840,-6.1922550201416016,0.029393019154667854,2.4763743877410889,82.762382507324219,63.741523742675781,61.809604644775391,51.345561981201172,43.228710174560547,0,0.0088237058371305466,2.4787659645080566,1.0583479404449463,0.89832901954650879,1.0777981281280518,1.0261780023574829,3.3435115814208984,0,0,0,0
99,30,859200,-3.817570686340332,0.019385948777198792,2.5103871822357178,83.392898559570312,63.049339294433594,68.675621032714844,47.253055572509766,43.358074188232422,0,0.014220620505511761,3.4677755832672119,0.99353152513504028,0.86697840690612793,1.0799874067306519,0.99635255336761475,5.3539943695068359,0,0,0,0
99,45,859560,-1.1438174247741699,0.025978071615099907,2.7501485347747803,86.002105712890625,63.738372802734375,68.591064453125,45.563026428222656,41.179149627685547,0,0.0094081666320562363,3.5625810623168945,0.97908496856689453,0.86697840690612793,1.0799874067306519,0.99635255336761475,5.3539943695068359,0,0,0,0
99,60,859920,2.5169613361358643,0.011151964776217937,4.2723960876464844,90.531471252441406,72.470474243164062,35.834438323974609,45.453582763671875,37.748958587646484,0,0.0029445004183799028,3.7094366550445557,0.95670711994171143,0.86697840690612793,1.0799874067306519,0.99635255336761475,5.3539943695068359,0,0,0,0
99,75,860280,6.891669750213623,0.00018592439300846308,4.1433963775634766,89.107749938964844,79.748390197753906,3.0106973648071289,46.665042877197266,34.496192932128906,0,0.0062850350514054298,3.8804583549499512,0.93064683675765991,0.86697840690612793,1.0799874067306519,0.99635255336761475,5.3539943695068359,0,0,0,0
99,90,860640,12.02891731262207,2.8761616704287007E-05,4.003293514251709,88.319915771484375,78.342720031738281,0,50.835693359375,31.531909942626953,0,0.0071858828887343407,4.047762393951416,0.90515297651290894,0.86697840690612793,1.0799874067306519,0.99635255336761475,5.3539943695068359,0,0,0,0
99,105,861000,16.478538513183594,9.2950112957623787E-06,3.8311126232147217,87.471023559570312,76.516159057617188,0,56.642841339111328,28.828176498413086,0,0.01186323631554842,4.1834640502929688,0.88447463512420654,1.2082217931747437,1.0799874067306519,0.99635255336761475,5.3539943695068359,0,0,0,1
99,120,861360,20.721717834472656,0.0053283469751477242,3.5596704483032227,86.42523193359375,74.721473693847656,0,62.061782836914062,26.660556793212891,0,0.00058776367222890258,4.2596802711486816,0.87286084890365601,0.86697840690612793,1.0799874067306519,0.99635255336761475,5.3539943695068359,0,0,0,0
99,135,861720,24.227069854736328,0,3.1145408153533936,85.127220153808594,73.087348937988281,0,64.22125244140625,26.142580032348633,0,0.0016749300993978977,4.3400402069091797,0.87816500663757324,0.86738336086273193,1.0799874067306519,0.99635255336761475,5.3539943695068359,0,0,0,0
99,150,862080,27.067478179931641,0,2.5705447196960449,83.724197387695312,71.563400268554688,0,64.324058532714844,26.772890090942383,0,0.00063330831471830606,4.7252936363220215,0.91236197948455811,0.86697840690612793,1.0799874067306519,0.99635255336761475,5.3539943695068359,0,0,0,0
99,165,862440,28.968435287475586,0,2.0031945705413818,82.294105529785156,70.088577270507812,0,63.565334320068359,27.950286865234375,0,3.2506381103303283E-05,5.319671630859375,0.96512192487716675,0.86697840690612793,1.0799874067306519,0.99635255336761475,5.3539943695068359,0,0,0,0
99,180,862800,29.716480255126953,0,1.6933125257492065,80.863990783691406,68.664199829101562,0,62.251914978027344,29.360683441162109,0,0.00011393329623388126,5.9837579727172852,1.0240693092346191,0.86697840690612793,1.0799874067306519,0.99635255336761475,5.3539943695068359,0,0,0,0
99,195,863160,29.198205947875977,0,1.5460606813430786,79.4921875,67.353324890136719,0,61.115688323974609,30.552871704101562,0,0.00013670144835487008,6.5781354904174805,1.0768293142318726,0.86697840690612793,1.0799874067306519,0.99635255336761475,5.3539943695068359,0,0,0,0
99,210,863520,27.343181610107422,0,1.4108536243438721,78.214134216308594,66.15057373046875,0,60.893413543701172,31.158834457397461,0,7.1123286033980548E-05,6.9633893966674805,1.1110262870788574,0.86697840690612793,1.0799874067306519,0.99635255336761475,5.3539943695068359,0,0,0,0
99,225,863880,24.212545394897461,0,1.2946715354919434,77.058418273925781,64.9898681640625,0,62.085578918457031,30.998735427856445,0,1.1254371202085167E-05,7.0045757293701172,1.1151183843612671,0.86697840690612793,1.0799874067306519,0.99635255336761475,5.3539943695068359,0,0,0,0
99,240,864240,20.081581115722656,0,1.1984819173812866,76.056625366210938,63.835174560546875,0,67.027549743652344,29.40184211730957,0,0.00035320009919814765,6.6936817169189453,1.0918158292770386,0.86697840690612793,1.0799874067306519,0.99635255336761475,5.3539943695068359,0,0,0,0
99,255,864600,15.390092849731445,0,1.1288989782333374,75.188003540039062,62.689403533935547,0,74.271232604980469,26.932317733764648,0,0.00044061639346182346,6.1603946685791016,1.0518442392349243,0.86697840690612793,1.0799874067306519,0.99635255336761475,5.3539943695068359,0,0,0,0
99,270,864960,9.7434272766113281,0,1.0914702415466309,74.482200622558594,61.532108306884766,0,80.18634033203125,24.638881683349609,0,0.00045784827671013772,5.5408749580383301,1.0054092407226562,0.86697840690612793,1.0799874067306519,0.99635255336761475,5.3539943695068359,0,0,0,0
99,285,865320,5.2338294982910156,0.0028829970397055149,1.0751621723175049,73.9525146484375,60.388187408447266,0,83.692901611328125,22.544914245605469,0,0.0005286649102345109,4.9712796211242676,0.96271610260009766,0.86697840690612793,1.0799874067306519,0.99635255336761475,5.3539943695068359,0,0,0,0
99,300,865680,1.3175815343856812,0,1.0712802410125732,73.610382080078125,59.307231903076172,0,84.589920043945312,20.631877899169922,0,0.0027312079910188913,4.5877671241760254,0.93397057056427002,0.86697840690612793,1.0799874067306519,0.99635255336761475,5.3539943695068359,0,0,0,0
99,315,866040,-1.6739987134933472,4.4797809096053243E-05,1.0889874696731567,73.559974670410156,58.338901519775391,0.00013328241766430438,84.460258483886719,19.03864860534668,0,0.0045180963352322578,4.4892630577087402,0.92847520112991333,0.86697840690612793,1.0799874067306519,0.99635255336761475,5.3539943695068359,0,0,0,0
99,330,866400,-4.0230622291564941,9.9487144325394183E-05,1.1212579011917114,74.83441162109375,57.790000915527344,4.8958873748779297,82.113906860351562,19.656900405883789,0,0.0025822853203862906,4.3175764083862305,0.9397093653678894,0.86697840690612793,1.0799874067306519,0.99635255336761475,5.3539943695068359,0,0,0,0
99,345,866760,-5.5592637062072754,0.001844261190854013,1.1597871780395508,75.343643188476562,57.134346008300781,6.4231061935424805,76.590858459472656,23.257509231567383,0,0.0050964802503585815,4.0276789665222168,0.95867854356765747,0.86697840690612793,1.0799874067306519,0.99635255336761475,5.3539943695068359,0,0,0,0
99,360,867120,-9.651057243347168,0.020983951166272163,1.2439054250717163,75.891304016113281,56.419898986816406,11.870290756225586,68.714691162109375,28.791410446166992,0,0.015227888710796833,0.4258953332901001,0.92648446559906006,0.89288228750228882,1.0797467231750488,1.0807474851608276,6.8598785400390625,0,0,0,0
99,365,867240,-10.111883163452148,0.026088973507285118,1.2895516157150269,75.801506042480469,56.155162811279297,16.183404922485352,65.883049011230469,30.718807220458984,0,0.015752412378787994,-0.2295072078704834,0.92268848419189453,0.89767932891845703,1.0797021389007568,1.0963761806488037,7.1387462615966797,0,0,0,0
100,15,867600,-8.7697772979736328,0.097884893417358398,1.320934534072876,76.428787231445312,55.453117370605469,24.705129623413086,58.569305419921875,35.036846160888672,0,0.010076978243887424,0.49880731105804443,0.94742363691329956,0.89104795455932617,1.0797637701034546,1.0747710466384888,6.753239631652832,0,0,0,0
100,30,867960,-7.7978067398071289,0.14115379750728607,1.5653462409973145,76.302085876464844,54.735992431640625,36.327880859375,51.689456939697266,38.552616119384766,0,0.0066982712596654892,-0.28892648220062256,0.93271642923355103,0.89767932891845703,1.0797021389007568,1.0963761806488037,7.1387462615966797,0,0,0,0
100,45,868320,-5.2586297988891602,0.030796829611063004,1.3915872573852539,77.683158874511719,54.145595550537109,47.889335632324219,46.345729827880859,40.280658721923828,0,0.016833169385790825,-0.12641286849975586,0.92218512296676636,0.89767932891845703,1.0797021389007568,1.0963761806488037,7.1387462615966797,0,0,0,0
100,60,868680,-1.837050199508667,0.024724448099732399,1.5741457939147949,80.001411437988281,54.383846282958984,54.640895843505859,43.871707916259766,39.110080718994141,0,0.014188938774168491,0.12532377243041992,0.9058721661567688,0.89767932891845703,1.0797021389007568,1.0963761806488037,7.1387462615966797,0,0,0,0
100,75,869040,2.5046203136444092,0.013594090007245541,2.4298179149627686,85.669181823730469,62.601802825927734,31.231040954589844,43.720664978027344,35.9510498046875,0,0.0042310049757361412,0.41848540306091309,0.8868747353553772,0.89767932891845703,1.0797021389007568,1.0963761806488037,7.1387462615966797,0,0,0,0
100,90,869400,8.2170095443725586,0.00016332388622686267,2.3981888294219971,84.615821838378906,70.481758117675781,2.1673462390899658,46.095703125,32.852973937988281,0,0.0043717380613088608,0.70527410507202148,0.86829030513763428,0.89767932891845703,1.0797021389007568,1.0963761806488037,7.1387462615966797,0,0,0,0
100,105,869760,12.899608612060547,1.078569948731456E-05,2.2659204006195068,83.905952453613281,69.367790222167969,0,52.302680969238281,30.031442642211914,0,0.0069547016173601151,0.93789148330688477,0.85321623086929321,0.89767932891845703,1.0797021389007568,1.0963761806488037,7.1387462615966797,0,0,0,0
100,120,870120,17.133563995361328,0,2.0982060432434082,83.202964782714844,67.689002990722656,0,59.435581207275391,27.477399826049805,0,0.0021806701552122831,1.0685397386550903,0.84474992752075195,0.89767932891845703,1.0797021389007568,1.0963761806488037,7.1387462615966797,0,0,0,0
100,135,870480,20.643655776977539,0,1.7703737020492554,82.158294677734375,66.109626770019531,0,64.856582641601562,25.775693893432617,0,0.00041445178794674575,1.1061089038848877,0.84467470645904541,0.89767932891845703,1.0797021389007568,1.0963761806488037,7.1387462615966797,0,0,0,0
100,150,870840,23.296480178833008,0,1.5221232175827026,80.833038330078125,64.724769592285156,0,66.895523071289062,25.683137893676758,0,0.0011357711628079414,1.23616623878479,0.84873616695404053,0.89767932891845703,1.0797021389007568,1.0963761806488037,7.1387462615966797,0,0,0,0
100,165,871200,31.847312927246094,0,1.3751603364944458,79.389488220214844,63.440017700195312,0,66.774757385253906,26.73859977722168,0,0.00058412470389157534,8.1015291213989258,0.85500222444534302,0.89767932891845703,1.0797021389007568,1.0963761806488037,7.1387462615966797,1,0,0,0
100,180,871560,25.341667175292969,0,1.2362525463104248,77.92596435546875,62.290882110595703,0,66.456878662109375,27.84283447265625,0,0.00011070473556173965,1.6610097885131836,0.86200326681137085,0.89767932891845703,1.0797021389007568,1.0963761806488037,7.1387462615966797,0,0,0,0
100,195,871920,24.539728164672852,0,1.0916463136672974,76.479911804199219,61.257755279541016,0,67.082748413085938,28.427614212036133,0,8.5768813733011484E-05,1.8616652488708496,0.86826932430267334,0.89767932891845703,1.0797021389007568,1.0963761806488037,7.1387462615966797,0,0,0,0
100,210,872280,22.525243759155273,0,0.96148800849914551,75.151893615722656,60.234878540039062,0,68.575828552246094,28.553142547607422,0,0.00033730478025972843,1.991722583770752,0.87233084440231323,0.89767932891845703,1.0797021389007568,1.0963761806488037,7.1387462615966797,0,0,0,0
100,225,872640,19.441560745239258,0,0.84832251071929932,73.996147155761719,59.173976898193359,0,72.877815246582031,27.499078750610352,0,0.00019431208784226328,1.993833065032959,0.87299489974975586,0.89767932891845703,1.0797021389007568,5.5,7.1387462615966797,0,0,1,0
100,240,873000,15.45197582244873,0,0.75698274374008179,72.965988159179688,58.150886535644531,0,80.083450317382812,25.309892654418945,0,6.6535132646095008E-05,1.77280592918396,0.87198066711425781,0.89767932891845703,1.0797021389007568,1.0963761806488037,7.1387462615966797,0,0,0,0
100,255,873360,10.916874885559082,0,0.68737947940826416,72.085006713867188,57.189727783203125,0,86.633537292480469,23.16448974609375,0,0.00022352021187543869,1.3936715126037598,0.87024080753326416,0.89767932891845703,1.0797021389007568,1.0963761806488037,7.1387462615966797,0,0,0,0
100,270,873720,5.4709997177124023,4.0632917261973489E-06,0.6354021430015564,71.458755493164062,56.268970489501953,0,91.068962097167969,21.207170486450195,0,0.0011038669617846608,0.95323050022125244,0.86821967363357544,0.89767932891845703,1.0797021389007568,1.0963761806488037,7.1387462615966797,0,0,0,0
100,285,874080,1.0826566219329834,7.8476268754457124E-06,0.59848403930664062,71.127891540527344,55.406242370605469,6.2557921864936361E-07,92.386268615722656,19.419916152954102,0,0.0014303161296993494,0.54828274250030518,0.86636149883270264,0.89767932891845703,1.0797021389007568,1.0963761806488037,7.1387462615966797,0,0,0,0
100,300,874440,-2.7765872478485107,0.00019044043438043445,0.58130687475204468,71.233360290527344,54.637779235839844,0.010346139781177044,92.084373474121094,18.122392654418945,0,0.00066219776635989547,0.27562868595123291,0.86511021852493286,0.89767932891845703,1.0797021389007568,1.0963761806488037,7.1387462615966797,0,0,0,0
100,315,874800,-5.8386969566345215,0.00095713994232937694,0.5693211555480957,71.60211181640625,53.980117797851562,1.0784350633621216,87.728118896484375,20.763965606689453,0,0.0043436037376523018,0.20828795433044434,0.86572670936584473,0.89767932891845703,1.0797021389007568,1.0963761806488037,7.1387462615966797,0,0,0,0
100,330,875160,-8.0982074737548828,0.025351382791996002,0.58704841136932373,72.284774780273438,53.352554321289062,3.1881656646728516,79.103164672851562,27.232706069946289,0,0.073449291288852692,0.12056910991668701,0.87713974714279175,1.2644121646881104,1.0797021389007568,1.0963761806488037,7.1387462615966797,0,0,0,1
100,345,875520,-9.5649728775024414,0.10080522298812866,0.69163089990615845,72.215133666992188,52.709331512451172,6.8210492134094238,69.844268798828125,33.723163604736328,0,0.0067830854095518589,-0.027546167373657227,0.89641112089157104,0.89767932891845703,1.0797021389007568,1.0963761806488037,7.1387462615966797,0,0,0,0
100,360,875880,-10.025632858276367,0.018898909911513329,0.71464723348617554,72.009857177734375,52.048812866210938,13.256414413452148,61.550125122070312,38.722175598144531,0,0.0062001156620681286,-0.071107089519500732,0.86432880163192749,0.93152445554733276,0.89569580554962158,1.1760852336883545,9.9491682052612305,0,0,0,0
100,365,876000,-9.9620151519775391,0.018421348184347153,0.72414702177047729,71.942367553710938,51.837257385253906,16.86260986328125,59.009651184082031,40.067741394042969,0,0.010541245341300964,0.005833745002746582,0.8634076714515686,0.93779206275939941,0.86162054538726807,1.1908462047576904,10.469616889953613,0,0,0,0
