year,day,elapsed_hours,temperature_c,precipitation_mm_h,surface_water_mm,root_water_mm,groundwater_mm,snow_mm,live_biomass_gm2,dry_biomass_gm2,soil_compaction,dust_gm2,fire_intensity,burn_scar,climate_temperature_offset_c,climate_moisture_multiplier,climate_wind_multiplier,climate_storm_frequency,climate_storm_intensity,climate_phase_shift_days,heatwave,cold_snap,rain_burst,wind_storm
1,30,720,-8.9985179901123047,0.15402114391326904,0.016809815540909767,52.511135101318359,29.087785720825195,104.95045471191406,19.905895233154297,20.825273513793945,0.0012431795476004481,0.0065119215287268162,0,0,-0.76327866315841675,0.94324588775634766,0.99728578329086304,1.1382597684860229,0.81245481967926025,9.4253749847412109,0,0,0,0
1,60,1440,-4.3490839004516602,0.12951798737049103,0,56.190948486328125,29.087793350219727,196.29449462890625,15.955038070678711,20.665702819824219,0.0024792242329567671,0.0026283008046448231,0,0,-0.94967031478881836,0.91229456663131714,0.99728578329086304,1.1382597684860229,0.81245481967926025,9.4253749847412109,0,0,0,0
1,90,2160,5.2922945022583008,0.01985304057598114,0.37582129240036011,119.45748138427734,131.73454284667969,58.508602142333984,15.523799896240234,17.69390869140625,0.005211366806179285,3.5589773688116111E-06,0,0,-1.2106186151504517,0.86896288394927979,0.99728578329086304,1.1382597684860229,0.81245481967926025,9.4253749847412109,0,0,0,0
1,120,2880,14.756134033203125,0,1.9245144128799438,114.36875152587891,160.52232360839844,0,22.547937393188477,14.743651390075684,0.0087911579757928848,9.9288927231100388E-06,0,0,-1.3740696907043457,0.84182101488113403,0.99728578329086304,1.1382597684860229,0.81245481967926025,9.4253749847412109,0,0,0,0
1,150,3600,21.120317459106445,0,2.3569636344909668,111.50350189208984,145.82400512695312,0,30.311910629272461,12.778176307678223,0.012291493825614452,8.0393256212119013E-06,0,0,-1.1209973096847534,0.87914001941680908,0.99728578329086304,1.1382597684860229,0.81245481967926025,9.4253749847412109,0,0,0,0
1,180,4320,23.689800262451172,0,2.3691892623901367,108.02500152587891,134.51766967773438,0,35.067924499511719,12.507386207580566,0.015729209408164024,1.2992667564049043E-07,0,0,-0.40959161520004272,0.98434531688690186,0.99728578329086304,1.1382597684860229,0.81245481967926025,9.4253749847412109,0,0,0,0
1,210,5040,21.789909362792969,0,2.3994536399841309,106.97451019287109,125.57204437255859,0,37.839565277099609,13.238010406494141,0.019092295318841934,1.2484234446219489E-07,0,0,0.99177873134613037,1.0662407875061035,0.99728578329086304,1.1382597684860229,0.81245481967926025,9.4253749847412109,0,0,0,0
1,240,5760,14.663921356201172,0,2.5889456272125244,104.6290283203125,116.28668975830078,0,47.714141845703125,11.427188873291016,0.02238185703754425,0.0041555799543857574,0,0,0.14251017570495605,1.0829073190689087,0.99728578329086304,1.1382597684860229,0.81245481967926025,9.4253749847412109,0,0,0,0
1,270,6480,5.5267000198364258,0,2.7804491519927979,102.38926696777344,108.77086639404297,0,55.964679718017578,9.5438899993896484,0.025598762556910515,0.0063527124002575874,0,0,-0.0016244649887084961,1.1185290813446045,0.99728578329086304,1.1382597684860229,0.81245481967926025,9.4253749847412109,0,0,0,0
1,300,7200,-2.1628315448760986,0.12879246473312378,2.8085689544677734,102.37217712402344,103.24858856201172,0.3435286283493042,56.901943206787109,8.1958932876586914,0.028317837044596672,0.0069866455160081387,0,0,-0.12079089879989624,1.1479800939559937,0.99728578329086304,1.1382597684860229,2.0723745822906494,9.4253749847412109,0,0,1,0
1,330,7920,-7.9178500175476074,0.087984703481197357,2.9161608219146729,104.89808654785156,100.181640625,43.809085845947266,48.350028991699219,14.568821907043457,0.028637325391173363,0.0091560725122690201,0,0,-0.23948147892951965,1.1146963834762573,1.059471607208252,1.1382597684860229,0.81245481967926025,9.4253749847412109,0,0,0,0
1,360,8640,-9.3157691955566406,0.23648972809314728,2.6933555603027344,102.27822113037109,95.76336669921875,84.564285278320312,37.542350769042969,21.767656326293945,0.029122151434421539,0.006953876931220293,0,0,0.26229840517044067,0.85051929950714111,1.0027369260787964,0.97126328945159912,1.0108325481414795,9.8919343948364258,0,0,0,0
1,365,8760,-9.232177734375,0.040361132472753525,2.6573872566223145,101.96336364746094,94.999313354492188,93.581451416015625,35.998813629150391,22.609622955322266,0.029201671481132507,9.1485553639358841E-06,0,0,0.39197155833244324,0.81466186046600342,1.0037463903427124,0.94033801555633545,1.0475691556930542,9.9783344268798828,0,0,0,0
2,30,9480,-7.4328837394714355,0.19866740703582764,2.4277491569519043,100.72602081298828,90.113670349121094,151.58364868164062,28.048604965209961,25.916215896606445,0.029679493978619576,3.6468950384005439E-06,0,0,0.31274113059043884,0.79771524667739868,1.0037463903427124,0.94033801555633545,1.0475691556930542,9.9783344268798828,0,0,0,0
2,60,10200,-2.8611588478088379,0.078531496226787567,2.3745608329772949,102.29550170898438,87.964439392089844,195.21284484863281,23.233875274658203,25.547313690185547,0.029914379119873047,0.00020197177946101874,0,0,0.063061326742172241,0.80433177947998047,1.0037463903427124,0.94033801555633545,1.0475691556930542,9.9783344268798828,0,0,0,0
2,90,10920,6.6004447937011719,0.0022331187501549721,3.9528572559356689,123.26827239990234,155.22486877441406,46.256542205810547,23.854425430297852,21.64130973815918,0.031415272504091263,0.0014533816138282418,0,0,-0.28649038076400757,0.8135949969291687,1.0037463903427124,0.94033801555633545,1.0475691556930542,9.9783344268798828,0,0,0,0
2,120,11640,15.59232234954834,0,3.7428634166717529,119.96471405029297,156.65213012695312,0,33.742897033691406,18.011367797851562,0.034355167299509048,0.00080135749885812402,0,0,-0.505440354347229,0.8193972110748291,1.0037463903427124,0.94033801555633545,1.0475691556930542,9.9783344268798828,0,0,0,0
2,150,12360,21.87403678894043,0,3.6022450923919678,115.03351593017578,146.16073608398438,0,43.054054260253906,15.888723373413086,0.037261150777339935,0.0077336104586720467,0,0,-0.33591187000274658,0.81571471691131592,1.0037463903427124,0.94033801555633545,1.0475691556930542,9.9783344268798828,0,0,0,0
2,180,13080,24.279926300048828,0,3.5303585529327393,111.55926513671875,134.82052612304688,0,47.428928375244141,15.967765808105469,0.040145318955183029,0.0063960510306060314,0,0,0.151408851146698,0.80502647161483765,1.0037463903427124,0.94033801555633545,1.0475691556930542,9.9783344268798828,0,0,0,0
2,210,13800,21.794710159301758,0,3.5162198543548584,108.0963134765625,124.11998748779297,0,52.561473846435547,16.062728881835938,0.042967792600393295,0.0054447110742330551,0,0,0.53075599670410156,0.79670625925064087,1.0037463903427124,0.94033801555633545,1.0475691556930542,9.9783344268798828,0,0,0,0
2,240,14520,15.17442512512207,0,3.5635116100311279,104.58458709716797,116.00040435791016,0,62.644149780273438,14.009586334228516,0.045729819685220718,0.0044450322166085243,0,0,0.5732458233833313,0.80972570180892944,1.0037463903427124,0.94033801555633545,1.0475691556930542,9.9783344268798828,0,0,0,0
2,270,15240,6.2834014892578125,0,3.5493357181549072,103.88165283203125,108.86201477050781,0,71.350814819335938,11.632610321044922,0.048431798815727234,0.0035841644275933504,0,0,0.62140941619873047,0.85562986135482788,1.0037463903427124,0.94033801555633545,1.0475691556930542,9.9783344268798828,0,0,0,0
2,300,15960,-1.2629497051239014,0,3.4507250785827637,102.415771484375,103.41111755371094,0.00010046262468677014,72.780075073242188,9.8057336807250977,0.05070747435092926,0.00023268630320671946,0,0,0.66122972965240479,0.89358210563659668,1.0037463903427124,0.94033801555633545,1.0475691556930542,9.9783344268798828,0,0,0,0
2,330,16680,-6.8413925170898438,0.0090775815770030022,3.3370699882507324,103.10944366455078,99.469123840332031,10.013132095336914,65.171188354492188,15.249349594116211,0.049645721912384033,1.8904242438111396E-07,0,0,0.60675084590911865,0.87946063280105591,1.0037463903427124,0.94033801555633545,1.0475691556930542,9.9783344268798828,0,0,0,0
2,360,17400,-8.1804685592651367,0.018278190866112709,3.2057058811187744,100.99162292480469,95.218246459960938,57.910617828369141,51.005020141601562,25.594022750854492,0.049631547182798386,9.1538691776804626E-05,0,0,1.370296835899353,0.73678821325302124,0.96864819526672363,1.1186869144439697,1.0342354774475098,2.7286467552185059,0,0,0,0
2,365,17520,-7.8504328727722168,0.3520982563495636,3.1714608669281006,100.61000823974609,94.495918273925781,62.75653076171875,48.947727203369141,26.837244033813477,0.049636527895927429,0.0065177585929632187,0,0,1.5823047161102295,0.71488851308822632,0.96214854717254639,1.151714563369751,1.0317662954330444,1.3861122131347656,0,0,0,0
3,30,18240,-5.1051807403564453,0.21465291082859039,2.9184768199920654,99.239830017089844,90.494415283203125,102.17121124267578,38.957962036132812,31.296789169311523,0.049590274691581726,0.0047408961690962315,0,0,1.6235736608505249,0.70327764749526978,0.96214854717254639,1.151714563369751,1.0317662954330444,1.3861122131347656,0,0,0,0
3,60,18960,0.3909740149974823,0.051588114351034164,3.8427128791809082,112.19847106933594,99.618850708007812,79.760566711425781,35.720111846923828,28.933526992797852,0.048401616513729095,0.0077700791880488396,0,0,1.2232917547225952,0.71259719133377075,0.96214854717254639,1.151714563369751,1.0317662954330444,1.3861122131347656,0,0,0,0
3,90,19680,9.7897052764892578,0,3.7562732696533203,115.73037719726562,139.07524108886719,0.46058207750320435,39.688125610351562,24.133050918579102,0.050452202558517456,0.0071459426544606686,0,0,0.66289716958999634,0.72564464807510376,0.96214854717254639,1.151714563369751,1.0317662954330444,1.3861122131347656,0,0,0,0
3,120,20400,17.74000358581543,0,3.6147058010101318,112.62978363037109,129.40306091308594,0,50.615982055664062,20.17253303527832,0.05301087349653244,0.0049653048627078533,0,0,0.31188082695007324,0.73381721973419189,0.96214854717254639,1.151714563369751,1.0317662954330444,1.3861122131347656,0,0,0,0
3,150,21120,23.379795074462891,0,3.5472371578216553,110.76342010498047,122.47427368164062,0,58.091148376464844,18.71400260925293,0.055547326803207397,0.0030901816207915545,0,0,0.47699844837188721,0.74700981378555298,0.96214854717254639,1.151714563369751,1.0317662954330444,1.3861122131347656,0,0,0,0
3,180,21840,24.869037628173828,0,3.5069408416748047,105.86685180664062,114.07039642333984,0,60.49945068359375,19.661075592041016,0.058030851185321808,4.065296525368467E-05,0,0,0.9651867151260376,0.78245371580123901,0.96214854717254639,1.151714563369751,1.0317662954330444,1.3861122131347656,0,0,0,0
3,210,22560,21.533788681030273,0,3.3449993133544922,102.56409454345703,105.96051025390625,0,64.841819763183594,19.931320190429688,0.060462530702352524,0.00012381156557239592,0,0,1.3452091217041016,0.81004446744918823,0.96214854717254639,1.151714563369751,1.0317662954330444,1.3861122131347656,0,0,0,0
3,240,23280,14.30628776550293,0,2.8236517906188965,99.735939025878906,99.182701110839844,0,75.279525756835938,17.265964508056641,0.062843412160873413,3.9912833017297089E-05,0,0,1.3538520336151123,0.80683505535125732,0.96214854717254639,1.151714563369751,1.0317662954330444,1.3861122131347656,0,0,0,0
3,270,24000,5.0681777000427246,0,2.3640367984771729,96.90753173828125,93.889884948730469,0,83.81915283203125,14.347710609436035,0.065174110233783722,5.6142681614801404E-07,0,0,1.2879173755645752,0.78913277387619019,0.96214854717254639,1.151714563369751,1.0317662954330444,1.3861122131347656,0,0,0,0
3,300,24720,-2.2905268669128418,0,2.0620453357696533,95.266380310058594,90.523529052734375,0.050931263715028763,84.312202453613281,12.357686996459961,0.066151127219200134,1.4552419713709241E-07,0,0,1.2334045171737671,0.77449709177017212,0.96214854717254639,1.151714563369751,1.0317662954330444,1.3861122131347656,0,0,0,0
3,330,25440,-6.9417204856872559,0.00032559252576902509,1.8908510208129883,95.859214782714844,87.244918823242188,5.0024237632751465,73.719146728515625,20.019403457641602,0.064134851098060608,0.0028139918576925993,0,0,1.3037927150726318,0.76078879833221436,0.96214854717254639,1.151714563369751,1.0317662954330444,1.3861122131347656,0,0,0,0
3,360,26160,-4.2854375839233398,0.0022867061197757721,1.7362587451934814,95.684303283691406,83.104484558105469,23.217927932739258,58.359611511230469,29.940372467041016,0.063721470534801483,0.0017140075797215104,0,0,5.1517949104309082,0.77631902694702148,1.0324180126190186,1.0308989286422729,1.0888429880142212,3.6381261348724365,0,0,0,0
3,365,26280,-3.64717698097229,0.0039750090800225735,1.7155067920684814,96.006416320800781,82.677085876464844,26.245264053344727,57.062103271484375,30.304317474365234,0.06330244243144989,0.0061515700072050095,0,0,5.8621835708618164,0.77022945880889893,1.0454308986663818,1.0085256099700928,1.0994127988815308,4.0551657676696777,0,0,0,0
4,30,27000,-0.88931596279144287,0.25669378042221069,1.9665155410766602,100.67653656005859,82.263412475585938,31.282886505126953,50.189655303955078,31.214101791381836,0.061615396291017532,0.0047402693890035152,0,0,5.920595645904541,0.73818212747573853,1.0454308986663818,1.0085256099700928,1.0994127988815308,4.0551657676696777,0,0,0,0
4,60,27720,5.3116064071655273,0,2.7190146446228027,102.67431640625,102.09697723388672,0.46481901407241821,50.636276245117188,26.176654815673828,0.062413282692432404,0.0026144767180085182,0,0,5.5562615394592285,0.76399898529052734,1.0454308986663818,1.0085256099700928,1.0994127988815308,4.0551657676696777,0,0,0,0
4,90,28440,13.355264663696289,0,3.1561839580535889,102.48627471923828,96.782249450683594,0,57.535575866699219,21.816123962402344,0.064741387963294983,8.9709064923226833E-06,0,0,5.0461931228637695,0.80014264583587646,1.0454308986663818,1.0085256099700928,1.0994127988815308,4.0551657676696777,0,0,0,0
4,120,29160,21.554821014404297,0,2.8173460960388184,100.75048065185547,90.112991333007812,0,67.348739624023438,18.737394332885742,0.066871903836727142,1.1091876785940258E-06,0,0,4.7266998291015625,0.82278203964233398,1.0454308986663818,1.0085256099700928,1.0994127988815308,4.0551657676696777,0,0,0,0
4,150,29880,27.544612884521484,0,2.1008963584899902,97.907997131347656,84.951286315917969,0,69.627151489257812,20.176239013671875,0.068540088832378387,1.9472787244012579E-05,0,0,5.0587577819824219,0.83944427967071533,1.0454308986663818,1.0085256099700928,1.0994127988815308,4.0551657676696777,0,0,0,0
4,180,30600,29.785030364990234,0,1.2994375228881836,94.950775146484375,80.180557250976562,0,66.307235717773438,24.260429382324219,0.070183940231800079,4.7884770992823178E-07,0,0,6.0025262832641602,0.88299870491027832,1.0454308986663818,1.0085256099700928,1.0994127988815308,4.0551657676696777,0,0,0,0
4,210,31320,27.061630249023438,0,0.52375268936157227,91.205337524414062,77.044670104980469,0,64.3994140625,26.912870407104492,0.071779698133468628,1.1674941191586186E-07,0,0,6.7371878623962402,0.91690289974212646,1.0454308986663818,1.0085256099700928,1.0994127988815308,4.0551657676696777,0,0,0,0
4,240,32040,20.522172927856445,0,0.038044791668653488,88.047561645507812,74.285346984863281,0,68.070487976074219,26.20079231262207,0.0733480304479599,0.0041033439338207245,0,0,7.6454520225524902,0.921012282371521,1.0454308986663818,1.0085256099700928,1.0994127988815308,4.0551657676696777,1,0,0,0
4,270,32760,10.119769096374512,0,0.050517577677965164,86.595314025878906,70.785926818847656,0,79.320449829101562,21.93754768371582,0.074875719845294952,0.0044804792851209641,0,0,5.9952125549316406,0.92636644840240479,1.0454308986663818,1.0085256099700928,1.0994127988815308,4.0551657676696777,0,0,0,0
4,300,33480,2.1441583633422852,0.023332292214035988,0.059942219406366348,87.044349670410156,67.716323852539062,0,83.627479553222656,18.321016311645508,0.076359659433364868,0.010974999517202377,0,0,5.4874849319458008,0.93079310655593872,1.0454308986663818,1.0085256099700928,1.0994127988815308,4.0551657676696777,0,0,0,0
4,330,34200,-2.4506778717041016,0,0.062067057937383652,89.25665283203125,67.183403015136719,0.41083213686943054,82.460853576660156,16.363029479980469,0.075372405350208282,0.007513879332691431,0,0,5.5315189361572266,0.89694893360137939,1.0454308986663818,1.0085256099700928,1.0994127988815308,4.0551657676696777,0,0,0,0
4,360,34920,-6.9496345520019531,0.02691943384706974,0.079086065292358398,91.500724792480469,66.243339538574219,13.807835578918457,73.933219909667969,21.565383911132812,0.072277814149856567,0.0081778392195701599,0,0,2.6000261306762695,0.7814706563949585,1.0121396780014038,1.1703948974609375,0.85616493225097656,-3.6492300033569336,0,0,0,0
4,365,35040,-7.0164546966552734,0.024912795051932335,0.081194974482059479,91.695457458496094,65.82135009765625,15.937960624694824,71.252471923828125,23.564266204833984,0.072209931910037994,1.3701391253562178E-05,0,0,2.0922861099243164,0.7712472677230835,1.0059746503829956,1.2003706693649292,0.81111901998519897,-5.0759701728820801,0,0,0,0
5,30,35760,-3.5694687366485596,0.25424095988273621,0.12789885699748993,93.869667053222656,64.09295654296875,41.233478546142578,61.651638031005859,28.364566802978516,0.06950543075799942,0.00017206901975441724,0,0,2.2415924072265625,0.7560456395149231,1.0059746503829956,1.2003706693649292,0.81111901998519897,-5.0759706497192383,0,0,0,0
5,60,36480,3.116985559463501,0.0045813634060323238,1.8123126029968262,103.63478851318359,91.681755065917969,10.775674819946289,59.627681732177734,25.530439376831055,0.067744776606559753,8.9132299763150513E-06,0,0,1.8207715749740601,0.80549705028533936,1.0059746503829956,1.2003706693649292,0.81111901998519897,-5.0759706497192383,0,0,0,0
5,90,37200,11.689330101013184,0,2.6302938461303711,101.16056823730469,100.71514892578125,0,65.913803100585938,21.271139144897461,0.069909766316413879,0.00011629496293608099,0,0,1.2316223382949829,0.87472891807556152,1.0059746503829956,1.2003706693649292,0.81111901998519897,-5.0759706497192383,0,0,0,0
5,120,37920,19.119100570678711,0,2.8705935478210449,100.18938446044922,92.556037902832031,0,78.217391967773438,17.999576568603516,0.072070695459842682,0.0011122121941298246,0,0,0.86259472370147705,0.91809403896331787,1.0059746503829956,1.2003706693649292,0.81111901998519897,-5.0759706497192383,0,0,0,0
5,150,38640,23.894527435302734,0,2.6204769611358643,97.139732360839844,86.041213989257812,0,84.472320556640625,18.589590072631836,0.074017792940139771,0.0072341100312769413,0,0,0.79705190658569336,0.90186607837677002,1.0059746503829956,1.2003706693649292,0.81111901998519897,-5.0759706497192383,0,0,0,0
5,180,39360,24.088249206542969,0,1.8921688795089722,94.15093994140625,79.907661437988281,0,86.0343017578125,21.577255249023438,0.075514435768127441,0.0045135258696973324,0,0,0.65325683355331421,0.85301446914672852,1.0059746503829956,1.2003706693649292,0.81111901998519897,-5.0759706497192383,0,0,0,0
5,210,40080,19.675872802734375,0,1.1575002670288086,91.112281799316406,75.010810852050781,0,91.216560363769531,22.295808792114258,0.076979808509349823,0.0062166065908968449,0,0,0.54132187366485596,0.8149867057800293,1.0059746503829956,1.2003706693649292,0.81111901998519897,-5.0759706497192383,0,0,0,0
5,240,40800,12.175248146057129,0,0.53236758708953857,88.311660766601562,71.598358154296875,0,103.160888671875,19.058858871459961,0.078447572886943817,0.0053921728394925594,0,0,0.62620663642883301,0.81895941495895386,1.0059746503829956,1.2003706693649292,0.81111901998519897,-5.0759706497192383,0,0,0,0
5,270,41520,3.222780704498291,0,0.10386835783720016,85.209716796875,69.910812377929688,0,111.1754150390625,15.882869720458984,0.079862400889396667,0.0032088791485875845,0,0,0.93992090225219727,0.84184104204177856,1.0059746503829956,1.2003706693649292,0.81111901998519897,-5.0759706497192383,0,0,0,0
5,300,42240,-3.7177760601043701,0.0019535813480615616,0.063050322234630585,84.77716064453125,68.307975769042969,0.66133737564086914,110.11564636230469,14.84965991973877,0.079366296529769897,0.000934261130169034,0,0,1.1992909908294678,0.86075884103775024,1.0059746503829956,1.2003706693649292,0.81111901998519897,-5.0759706497192383,0,0,0,0
5,330,42960,-7.5153284072875977,0.0058168182149529457,0.073535613715648651,86.558799743652344,66.990409851074219,7.980278491973877,93.302421569824219,27.952583312988281,0.077022343873977661,0.00012419164704624563,0,0,1.4074718952178955,0.84304708242416382,1.0059746503829956,1.2003706693649292,0.81111901998519897,-5.0759706497192383,0,0,0,0
5,360,43680,-8.382472038269043,0.033749833703041077,0.081201709806919098,87.124748229980469,64.471641540527344,35.713245391845703,73.19378662109375,41.484760284423828,0.076448969542980194,0.0001637466048123315,0,0,1.3328900337219238,0.83815652132034302,0.94491612911224365,1.2242963314056396,0.94789892435073853,-1.2351863384246826,0,0,0,0
5,365,43800,-8.4075717926025391,0.058978497982025146,0.088403560221195221,87.167640686035156,64.015335083007812,46.853061676025391,70.163566589355469,43.096519470214844,0.076354585587978363,0.0036910679191350937,0,0,1.1259732246398926,0.86600136756896973,0.9336090087890625,1.2287269830703735,0.97322851419448853,-0.52393007278442383,0,0,0,0
6,30,44520,-5.6931953430175781,0.14214798808097839,0.067546971142292023,87.990371704101562,61.822910308837891,142.09017944335938,55.871395111083984,48.407402038574219,0.075858578085899353,0.0062415418215095997,0,0,0.93910545110702515,0.90220141410827637,0.9336090087890625,1.2287269830703735,0.97322851419448853,-0.52393007278442383,0,0,0,0
6,60,45240,-0.097809851169586182,0.5380815863609314,1.7793502807617188,106.95140075683594,78.060997009277344,144.33303833007812,50.341846466064453,44.863197326660156,0.072975307703018188,0.006911521777510643,0,0,0.77495729923248291,0.90548849105834961,0.9336090087890625,1.2287269830703735,0.97322851419448853,-0.52393007278442383,0,0,0,0
6,90,45960,10.059535980224609,0,3.7391636371612549,116.89437103271484,160.94183349609375,0.38872775435447693,53.921791076660156,37.297721862792969,0.07409263402223587,0.0056838570162653923,0,0,0.54514992237091064,0.91009026765823364,0.9336090087890625,1.2287269830703735,0.97322851419448853,-0.52393007278442383,0,0,0,0
6,120,46680,18.126682281494141,0,3.6641466617584229,113.63249206542969,148.41532897949219,0,65.613594055175781,31.119012832641602,0.076026380062103271,0.0059887226670980453,0,0,0.40120470523834229,0.91297274827957153,0.9336090087890625,1.2287269830703735,0.97322851419448853,-0.52393007278442383,0,0,0,0
6,150,47400,23.24957275390625,0.017337113618850708,3.5958755016326904,108.43466949462891,138.26486206054688,0,73.328216552734375,28.356678009033203,0.07780611515045166,0.0009149473044089973,0,0,0.29717910289764404,0.88009107112884521,0.9336090087890625,1.2287269830703735,0.97322851419448853,-0.52393007278442383,0,0,0,0
6,180,48120,23.854709625244141,0,3.5302910804748535,108.34340667724609,129.61387634277344,0,76.241500854492188,28.325031280517578,0.079245008528232574,0.00015186004748102278,0,0,0.025516748428344727,0.7894631028175354,0.9336090087890625,1.2287269830703735,0.97322851419448853,-0.52393007278442383,0,0,0,0
6,210,48840,19.754703521728516,0,3.5143866539001465,104.34209442138672,119.63710784912109,0,82.052360534667969,27.129619598388672,0.08064192533493042,0.00012689089635387063,0,0,-0.18595457077026367,0.71891522407531738,1.0808541774749756,1.2287269830703735,0.97322851419448853,-0.52393007278442383,0,0,0,1
6,240,49560,12.698273658752441,0,3.5579771995544434,100.78705596923828,111.18372344970703,0,94.109024047851562,23.090890884399414,0.081996351480484009,2.9098277082084678E-05,0,0,0.087709903717041016,0.71143859624862671,0.9336090087890625,1.2287269830703735,0.97322851419448853,-0.52393007278442383,0,0,0,0
6,270,50280,4.4908638000488281,0,3.4673810005187988,97.9610595703125,103.57025146484375,0,102.52664947509766,19.285829544067383,0.083321474492549896,8.6292652667907532E-07,0,0,1.0617505311965942,0.70391309261322021,0.9336090087890625,1.2287269830703735,0.97322851419448853,-0.52393007278442383,0,0,0,0
6,300,51000,-1.938393235206604,0,3.3886699676513672,96.93170166015625,96.629043579101562,0.0022845061030238867,102.85771179199219,16.451238632202148,0.083726339042186737,1.8782532151817577E-06,0,0,1.8670597076416016,0.69769126176834106,0.9336090087890625,1.2287269830703735,0.97322851419448853,-0.52393007278442383,0,0,0,0
6,330,51720,-6.6130800247192383,0.19127647578716278,3.1868247985839844,96.834831237792969,92.131454467773438,3.6845495700836182,91.413810729980469,24.141330718994141,0.080446749925613403,0.00062275625532492995,0,0,1.7659950256347656,0.73305708169937134,0.9336090087890625,1.2287269830703735,0.97322851419448853,-0.52393007278442383,0,0,0,0
6,360,52440,-7.2188091278076172,0.031543340533971786,3.0425732135772705,96.999580383300781,87.10211181640625,31.105319976806641,72.175270080566406,37.381839752197266,0.079686544835567474,0.0002217703586211428,0,0,2.2080368995666504,0.86495625972747803,0.92635393142700195,1.0941522121429443,0.91763031482696533,-2.5708990097045898,0,0,0,0
6,365,52560,-6.8277039527893066,0.20141015946865082,2.9957137107849121,96.939277648925781,86.290977478027344,40.278881072998047,69.454055786132812,38.916728973388672,0.079591758549213409,0.004314696416258812,0,0,2.4300017356872559,0.88025212287902832,0.92501038312911987,1.0692309141159058,0.90733432769775391,-2.9499673843383789,0,0,0,0
7,30,53280,-3.6336266994476318,0.08008323609828949,2.803511381149292,97.111495971679688,82.451240539550781,92.683853149414062,57.038314819335938,43.480888366699219,0.078087195754051208,0.0041052638553082943,0,0,2.5005481243133545,0.90805745124816895,0.92501038312911987,1.0692309141159058,0.90733432769775391,-2.9499673843383789,0,0,0,0
7,60,54000,3.2073888778686523,0.027141103520989418,3.8516061305999756,117.26822662353516,116.69402313232422,35.445255279541016,54.879173278808594,38.016033172607422,0.075632400810718536,0.004408370703458786,0,0,2.4225025177001953,0.93226772546768188,1.1036477088928223,1.0692309141159058,0.90733432769775391,-2.9499673843383789,0,0,0,1
7,90,54720,12.447057723999023,0,3.6980788707733154,112.14696502685547,137.51133728027344,0,61.001399993896484,31.699647903442383,0.077577106654644012,3.1834362744120881E-05,0,0,2.3132386207580566,0.96616226434707642,1.0559935569763184,1.0692309141159058,0.90733432769775391,-2.9499673843383789,0,0,0,1
7,120,55440,20.143630981445312,0,3.6206045150756836,109.80050659179688,127.54740142822266,0,71.434165954589844,26.643131256103516,0.079568438231945038,8.4937681094743311E-05,0,0,2.2447986602783203,0.98739278316497803,0.92501038312911987,1.0692309141159058,0.90733432769775391,-2.9499673843383789,0,0,0,0
7,150,56160,24.987253189086914,0,3.5240440368652344,106.42939758300781,117.32028198242188,0,76.082366943359375,25.942523956298828,0.081017248332500458,6.0449851844168734E-06,0,0,1.9109207391738892,0.95011359453201294,0.92501038312911987,1.0692309141159058,0.90733432769775391,-2.9499673843383789,0,0,0,0
7,180,56880,24.619701385498047,0,3.5018916130065918,102.01314544677734,109.22193908691406,0,76.796035766601562,27.300191879272461,0.082399249076843262,7.5474582672541146E-07,0,0,1.0002992153167725,0.84559893608093262,0.92501038312911987,1.0692309141159058,0.90733432769775391,-2.9499673843383789,0,0,0,0
7,210,57600,27.270694732666016,0,3.3118278980255127,98.177581787109375,101.43968963623047,0,78.870353698730469,27.889007568359375,0.083749838173389435,5.8148080794850898E-10,0,0,8.1056766510009766,0.76424109935760498,0.92501038312911987,1.0692309141159058,0.90733432769775391,-2.9499673843383789,1,0,0,0
7,240,58320,12.542680740356445,0,2.993208646774292,95.195053100585938,94.455459594726562,0,89.994110107421875,24.21171760559082,0.085041634738445282,0.0030081039294600487,0,0,0.48595571517944336,0.75833296775817871,0.92501038312911987,1.0692309141159058,0.90733432769775391,-2.9499673843383789,0,0,0,0
7,270,59040,4.0867481231689453,0.00055766705190762877,2.5858385562896729,92.287307739257812,89.927055358886719,0,98.366897583007812,20.187625885009766,0.086320050060749054,0.0034026133362203836,0,0,1.3179539442062378,0.75878995656967163,0.92501038312911987,1.0692309141159058,0.90733432769775391,-2.9499673843383789,0,0,0,0
7,300,59760,-2.2557904720306396,0,2.2584457397460938,91.687225341796875,84.905357360839844,0.0045674843713641167,98.715835571289062,17.402265548706055,0.08644382655620575,0.0080410623922944069,0,0,2.005826473236084,0.75916785001754761,0.92501038312911987,1.0692309141159058,0.90733432769775391,-2.9499673843383789,0,0,0,0
7,330,60480,-6.4663753509521484,0.0011528786271810532,2.0827410221099854,92.780097961425781,81.008125305175781,3.9303045272827148,87.314849853515625,25.07684326171875,0.082994870841503143,0.0075326496735215187,0,0,2.144385814666748,0.78495150804519653,0.92501038312911987,1.0692309141159058,0.90733432769775391,-2.9499673843383789,0,0,0,0
7,360,61200,-5.2608904838562012,0.027256514877080917,1.9573922157287598,93.177101135253906,77.80859375,28.278059005737305,70.397689819335938,36.282279968261719,0.081912465393543243,0.006525855977088213,0,0,4.2245821952819824,0.95673727989196777,1.0254518985748291,1.0467286109924316,0.80709636211395264,-1.3668961524963379,0,0,0,0
7,365,61320,-4.9375100135803223,0.27526065707206726,1.9306042194366455,93.2489013671875,77.238754272460938,32.054840087890625,68.413619995117188,37.130420684814453,0.081649906933307648,1.5367539162980393E-05,0,0,4.4531173706054688,0.98286193609237671,1.0440521240234375,1.0425615310668945,0.78853374719619751,-1.0737347602844238,0,0,0,0
8,30,62040,-2.1097426414489746,0.04268963634967804,1.9454455375671387,97.253730773925781,77.189964294433594,71.399063110351562,59.199417114257812,39.074794769287109,0.07896009087562561,5.2853602028335445E-07,0,0,4.246579647064209,1.0024998188018799,1.0440521240234375,1.0425615310668945,0.78853374719619751,-1.0737347602844238,0,0,0,0
8,60,62760,5.268521785736084,0.0062134680338203907,3.803555965423584,112.37940216064453,121.04373168945312,3.6726624965667725,58.746780395507812,33.111995697021484,0.078014060854911804,3.2964637739496538E-06,0,0,4.5396151542663574,0.99527019262313843,1.0440521240234375,1.0425615310668945,0.78853374719619751,-1.0737347602844238,0,0,0,0
8,90,63480,14.419587135314941,0.069646574556827545,3.7668106555938721,106.88710784912109,120.88811492919922,0,66.187286376953125,27.629110336303711,0.079972870647907257,2.6330143398922701E-08,0,0,4.9498653411865234,0.98514854907989502,1.0440521240234375,1.0425615310668945,0.78853374719619751,-1.0737347602844238,0,0,0,0
8,120,64200,22.900754928588867,0,3.5542774200439453,104.06280517578125,111.30809020996094,0,75.498886108398438,23.891569137573242,0.081810556352138519,0.0033792138565331697,0,0,5.2068347930908203,0.97880864143371582,1.0440521240234375,1.0425615310668945,0.78853374719619751,-1.0737347602844238,0,0,0,0
8,150,64920,28.077829360961914,0,3.4986610412597656,100.34754943847656,102.99800872802734,0,76.326736450195312,25.510465621948242,0.083150990307331085,0.0063502308912575245,0,0,5.2005057334899902,0.9766848087310791,1.0440521240234375,1.0425615310668945,0.78853374719619751,-1.0737347602844238,0,0,0,0
8,180,65640,28.778848648071289,0,3.2174184322357178,96.591148376464844,95.972053527832031,0,72.804878234863281,29.225008010864258,0.084472447633743286,0.0044742967002093792,0,0,5.1578474044799805,0.97147291898727417,1.0440521240234375,1.0425615310668945,0.78853374719619751,-1.0737347602844238,0,0,0,0
8,210,66360,24.825290679931641,0,2.4734807014465332,94.029205322265625,89.368927001953125,0,72.532356262207031,30.646026611328125,0.085767284035682678,0.0084150806069374084,0,0,5.1246404647827148,0.96741580963134766,1.0440521240234375,1.0425615310668945,0.78853374719619751,-1.0737347602844238,0,0,0,0
8,240,67080,17.528697967529297,0,1.8009523153305054,91.515487670898438,84.522109985351562,0,79.310348510742188,28.462913513183594,0.087020613253116608,0.0036069941706955433,0,0,5.1787939071655273,0.95637309551239014,1.0440521240234375,1.0425615310668945,0.78853374719619751,-1.0737347602844238,0,0,0,0
8,270,67800,8.4683418273925781,0,1.3232758045196533,89.467781066894531,80.002174377441406,0,90.616859436035156,23.787630081176758,0.088241361081600189,0.0050921589136123657,0,0,5.3693780899047852,0.92021781206130981,1.0440521240234375,1.0425615310668945,0.78853374719619751,-1.0737347602844238,0,0,0,0
8,300,68520,1.5103538036346436,0,0.93494260311126709,88.248191833496094,75.769729614257812,0,94.0706787109375,19.868036270141602,0.089434869587421417,0.0014726166846230626,0,0,5.526947021484375,0.89032554626464844,1.0440521240234375,1.0425615310668945,0.78853374719619751,-1.0737347602844238,0,0,0,0
8,330,69240,-3.0951235294342041,0,0.72588992118835449,92.086769104003906,74.116668701171875,2.7066619396209717,88.5789794921875,21.447769165039062,0.086451038718223572,6.0575069937840453E-07,0,0,5.3095927238464355,0.90790975093841553,1.0440521240234375,1.0425615310668945,0.78853374719619751,-1.0737347602844238,0,0,0,0
8,360,69960,-7.5663309097290039,0.064775623381137848,0.60528934001922607,92.4971923828125,72.253120422363281,27.52008056640625,76.907203674316406,28.489921569824219,0.082946397364139557,0.00016411808610428125,0,0,1.7884535789489746,0.95032042264938354,1.0525157451629639,1.0980743169784546,0.88822102546691895,-8.5410213470458984,0,0,0,0
8,365,70080,-7.5589313507080078,0.076078981161117554,0.58965271711349487,92.303504943847656,71.888580322265625,34.454479217529297,73.939659118652344,30.553733825683594,0.082836568355560303,0.0034417759161442518,0,0,1.2853696346282959,0.94613313674926758,1.0540831089019775,1.1083544492721558,0.90668165683746338,-9.9238510131835938,0,0,0,0
9,30,70800,-3.8232462406158447,0.14853544533252716,0.43968141078948975,93.250709533691406,69.904243469238281,103.14390563964844,61.841808319091797,35.957939147949219,0.080961622297763824,0.0067650922574102879,0,0,1.3029690980911255,0.94850450754165649,1.0540831089019775,1.1083544492721558,0.90668165683746338,-9.9238519668579102,0,0,0,0
9,60,71520,-1.5890426635742188,0.18767189979553223,2.3538331985473633,104.37960052490234,94.120994567871094,130.74163818359375,57.700233459472656,33.569358825683594,0.077303551137447357,0.0081045841798186302,0,0,-3.4089334011077881,0.97529733180999756,1.0540831089019775,1.1083544492721558,0.90668165683746338,-9.9238519668579102,0,1,0,0
9,90,72240,12.675787925720215,0,3.765861988067627,114.54573059082031,153.27059936523438,0,63.422103881835938,28.097129821777344,0.078474894165992737,0.0074069304391741753,0,0,1.1583595275878906,1.0128073692321777,1.0540831089019775,1.1083544492721558,0.90668165683746338,-9.9238519668579102,0,0,0,0
9,120,72960,20.192569732666016,0,3.6318879127502441,111.74217224121094,141.04890441894531,0,75.397163391113281,23.694324493408203,0.080385722219944,0.0064061684533953667,0,0,1.1055213212966919,1.0363025665283203,1.0597901344299316,1.1083544492721558,0.90668165683746338,-9.9238519668579102,0,0,0,0
9,150,73680,24.534040451049805,0,3.5639903545379639,107.37413787841797,130.52235412597656,0,81.190879821777344,23.433942794799805,0.082324966788291931,0.0015054406831040978,0,0,1.065517783164978,1.0163822174072266,1.0540831089019775,1.1083544492721558,0.90668165683746338,-9.9238519668579102,0,0,0,0
9,180,74400,24.239627838134766,0,3.4970543384552002,103.50308990478516,119.80410766601562,0,80.708526611328125,26.470441818237305,0.083777472376823425,0.0011799023486673832,0,0,0.96080106496810913,0.95933932065963745,1.0540831089019775,1.1083544492721558,0.90668165683746338,-9.9238519668579102,0,0,0,0
9,210,75120,19.388383865356445,0,3.5233535766601562,100.08197021484375,110.51908111572266,0,86.948486328125,25.876344680786133,0.085081614553928375,2.353327363380231E-05,0,0,0.87928605079650879,0.91493511199951172,1.0540831089019775,1.1083544492721558,0.90668165683746338,-9.9238519668579102,0,0,0,0
9,240,75840,11.43732738494873,0,3.4364852905273438,96.771949768066406,102.32008361816406,0,99.890380859375,21.962366104125977,0.086358949542045593,1.3122765267326031E-05,0,0,0.91450965404510498,0.91623848676681519,1.0540831089019775,1.1083544492721558,0.90668165683746338,-9.9238519668579102,0,0,0,0
9,270,76560,2.5263793468475342,0.0029503440018743277,3.1119554042816162,94.585601806640625,96.029380798339844,0,107.70748138427734,18.342498779296875,0.087595604360103607,5.5547639931319281E-05,0,0,1.0534565448760986,0.9317290186882019,1.0540831089019775,1.1083544492721558,0.90668165683746338,-9.9238519668579102,0,0,0,0
9,300,77280,-4.1307015419006348,0,2.839329719543457,95.380470275878906,92.011138916015625,0.52683812379837036,105.49458312988281,17.705453872680664,0.086295895278453827,3.7350500861066394E-06,0,0,1.1683340072631836,0.94453614950180054,1.0540831089019775,1.1083544492721558,0.90668165683746338,-9.9238519668579102,0,0,0,0
9,330,78000,-7.9709014892578125,0.019762968644499779,2.829535961151123,96.805320739746094,87.940093994140625,16.946981430053711,87.513236999511719,31.317224502563477,0.084004290401935577,4.223722260832119E-09,0,0,1.2013008594512939,0.94577568769454956,1.0540831089019775,1.1083544492721558,0.90668165683746338,-9.9238519668579102,0,0,0,0
9,360,78720,-8.1273107528686523,0.1323724091053009,2.5843791961669922,95.948440551757812,82.941551208496094,79.976615905761719,68.370048522949219,43.342418670654297,0.083288766443729401,0.0036525654140859842,0,0,1.1905050277709961,1.153491735458374,1.1395138502120972,1.0442808866500854,1.0436723232269287,-8.059051513671875,0,0,0,0
9,365,78840,-7.8308420181274414,0.1878010481595993,2.5431482791900635,95.776016235351562,82.194488525390625,106.80783843994141,65.611373901367188,44.627887725830078,0.083173215389251709,0.0052647129632532597,0,0,1.1931306123733521,1.1994891166687012,1.1553343534469604,1.0324153900146484,1.0690408945083618,-7.7137184143066406,0,0,0,0
10,30,79560,-4.2312378883361816,0.97850966453552246,2.3842623233795166,95.99957275390625,78.665611267089844,222.62847900390625,53.098350524902344,47.672359466552734,0.081976115703582764,0.0064454241655766964,0,0,1.2239999771118164,1.2177205085754395,1.1553343534469604,1.0324153900146484,1.0690408945083618,-7.7137184143066406,0,0,0,0
10,60,80280,2.2272381782531738,0.13756071031093597,4.2343511581420898,127.23445892333984,135.98695373535156,146.70179748535156,50.473876953125,41.577285766601562,0.078814119100570679,0.00065881962655112147,0,0,1.1395974159240723,1.2454688549041748,1.1553343534469604,1.0324153900146484,1.0690408945083618,-7.7137184143066406,0,0,0,0
10,90,81000,12.01787281036377,0.021018762141466141,3.8998863697052002,130.05029296875,187.75909423828125,0,55.932762145996094,34.423229217529297,0.08056572824716568,0.00017004836990963668,0,0,1.0214337110519409,1.2843165397644043,1.1553343534469604,1.0324153900146484,1.0690408945083618,-7.7137184143066406,0,0,0,0
10,120,81720,19.900432586669922,0.00074764684541150928,3.7724592685699463,124.57474517822266,176.32899475097656,0,67.45050048828125,28.831714630126953,0.082337744534015656,1.4819314628766733E-06,0,0,0.94741916656494141,1.3086497783660889,1.1553343534469604,1.0324153900146484,1.0690408945083618,-7.7137184143066406,0,0,0,0
10,150,82440,24.376626968383789,0,3.6437947750091553,120.78980255126953,163.50666809082031,0,74.262443542480469,26.90764045715332,0.083808965981006622,9.9152830443927087E-06,0,0,0.808616042137146,1.2842448949813843,1.1553343534469604,1.0324153900146484,1.0690408945083618,-7.7137184143066406,0,0,0,0
10,180,83160,24.021190643310547,0,3.5873186588287354,114.98493194580078,153.37980651855469,0,76.700668334960938,27.235179901123047,0.08514617383480072,3.6732304579345509E-05,0,0,0.43452334403991699,1.2147979736328125,1.1553343534469604,1.0324153900146484,1.0690408945083618,-7.7137184143066406,0,0,0,0
10,210,83880,19.162029266357422,0,3.5655155181884766,109.86383056640625,143.08094787597656,0,83.598281860351562,25.919267654418945,0.086416788399219513,3.1174556625046534E-06,0,0,0.14331680536270142,1.1607381105422974,1.1553343534469604,1.0324153900146484,1.0690408945083618,-7.7137184143066406,0,0,0,0
10,240,84600,11.521302223205566,0,3.6107420921325684,107.51712036132812,132.56640625,0,96.284675598144531,21.876153945922852,0.087656684219837189,0.0022318272385746241,0,0,0.24235492944717407,1.1524145603179932,1.1553343534469604,1.0324153900146484,1.0690408945083618,-7.7137184143066406,0,0,0,0
10,270,85320,2.4874179363250732,0,3.6440846920013428,107.48861694335938,123.53831481933594,0,103.70894622802734,18.26103401184082,0.088859051465988159,0.0040897899307310581,0,0,0.64853757619857788,1.1379153728485107,1.1553343534469604,1.0324153900146484,1.0690408945083618,-7.7137184143066406,0,0,0,0
10,300,86040,-3.9576196670532227,0,3.6581196784973145,107.63031005859375,117.67751312255859,2.4578356742858887,101.52925109863281,17.249309539794922,0.087544560432434082,0.0089668482542037964,0,0,0.98435795307159424,1.1259278059005737,1.1553343534469604,1.0324153900146484,1.0690408945083618,-7.7137184143066406,0,0,0,0
10,330,86760,-7.9976058006286621,0.04484117403626442,3.7060356140136719,107.76905822753906,111.33170318603516,40.659881591796875,83.9962158203125,30.490190505981445,0.085184112191200256,0.0070446254685521126,0,0,1.0523622035980225,1.1407335996627808,1.1553343534469604,1.0324153900146484,1.0690408945083618,-7.7137184143066406,0,0,0,0
10,360,87480,-9.5520896911621094,0.66203248500823975,3.6798386573791504,104.44622802734375,105.70680999755859,152.47335815429688,65.425651550292969,41.908473968505859,0.084435440599918365,0.0070841624401509762,0,0,0.002098768949508667,1.4605716466903687,1.0002858638763428,1.1667056083679199,1.2553031444549561,-0.66729354858398438,0,0,0,0
10,365,87600,-9.4970951080322266,0.2064574658870697,3.681396484375,103.91398620605469,104.77532958984375,174.47422790527344,62.733917236328125,43.225776672363281,0.084312804043292999,3.205155735486187E-05,0,0,-0.11949026584625244,1.5233907699584961,0.97157317399978638,1.1915740966796875,1.2897961139678955,0.63759994506835938,0,0,0,0
11,30,88320,-6.5502204895019531,0.42399156093597412,3.6151442527770996,102.80677795410156,98.294776916503906,352.76123046875,49.330188751220703,47.388370513916016,0.083613030612468719,4.1734458022801846E-07,0,0,0.060348883271217346,1.5615088939666748,0.97157317399978638,1.1915740966796875,1.2897961139678955,0.63760042190551758,0,0,0,0
11,60,89040,-1.2156780958175659,0.83974462747573853,4.3347382545471191,119.82718658447266,111.93982696533203,441.16632080078125,42.913120269775391,43.660480499267578,0.080762274563312531,8.5827622342549148E-07,0,0,-0.17704752087593079,1.688570499420166,0.97157317399978638,1.1915740966796875,1.2897961139678955,0.63760042190551758,0,0,0,0
11,90,89760,5.8072805404663086,0.41300579905509949,6.0542588233947754,145.43246459960938,187.44313049316406,304.23812866210938,40.585865020751953,35.644378662109375,0.078235745429992676,3.6962597960155108E-07,0,0,-1.2849138975143433,1.8664566278457642,0.97157317399978638,1.1915740966796875,1.2897961139678955,0.63760042190551758,0,0,0,0
11,120,90480,16.254444122314453,0.17367313802242279,4.2122855186462402,142.44027709960938,197.57896423339844,0,49.311656951904297,28.907960891723633,0.079937741160392761,0.0038429105188697577,0,0,-0.71758073568344116,1.9778797626495361,0.97157317399978638,1.1915740966796875,1.2897961139678955,0.63760042190551758,0,0,0,0
11,150,91200,22.134616851806641,0.0083251278847455978,3.8124449253082275,134.69883728027344,192.71174621582031,0,60.248619079589844,24.7298583984375,0.081638738512992859,0.0026728152297437191,0,0,-0.68689829111099243,1.9249320030212402,0.97157317399978638,1.1915740966796875,1.2897961139678955,0.63760042190551758,0,0,0,0
11,180,91920,23.695627212524414,0,3.7125895023345947,131.33285522460938,182.95362854003906,0,65.928024291992188,23.684459686279297,0.083354562520980835,0.0066753909923136234,0,0,-0.58212506771087646,1.7684983015060425,0.97157317399978638,1.1915740966796875,1.2897961139678955,0.63760042190551758,0,0,0,0
11,210,92640,18.967441558837891,0,3.8111639022827148,128.23866271972656,170.7327880859375,0,73.5601806640625,22.18195915222168,0.084625266492366791,0.0057204007171094418,0,0,-0.50056600570678711,1.646725058555603,0.97157317399978638,1.1915740966796875,1.2897961139678955,0.63760042190551758,0,0,0,0
11,240,93360,12.565074920654297,0,3.6945252418518066,124.98935699462891,160.15925598144531,0,85.669548034667969,18.798730850219727,0.085789062082767487,0.0036895864177495241,0,0,-0.57090771198272705,1.6048599481582642,0.97157317399978638,1.1915740966796875,1.2897961139678955,0.63760042190551758,0,0,0,0
11,270,94080,3.1454131603240967,0,3.7068254947662354,122.08521270751953,153.45951843261719,0,93.31475830078125,15.665424346923828,0.08692854642868042,0.0034003793261945248,0,0,-0.82807368040084839,1.494391918182373,0.97157317399978638,1.1915740966796875,1.2897961139678955,0.63760042190551758,0,0,0,0
11,300,94800,-4.8905258178710938,0.0049108718521893024,3.7675261497497559,121.04844665527344,148.0262451171875,12.905279159545898,91.017784118652344,15.727463722229004,0.085351809859275818,0.00017518665117677301,0,0,-1.0406911373138428,1.4030599594116211,1.2897989749908447,1.1915740966796875,1.2897961139678955,0.63760042190551758,0,0,0,1
11,330,95520,-9.2924795150756836,0.33195134997367859,3.745136022567749,114.88962554931641,142.91851806640625,81.174705505371094,73.066932678222656,29.500087738037109,0.083656519651412964,2.4296956325997598E-05,0,0,-0.85967129468917847,1.4222400188446045,0.97157317399978638,1.1915740966796875,1.2897961139678955,0.63760042190551758,0,0,0,0
11,360,96240,-7.6190357208251953,0.090188212692737579,3.7099130153656006,111.15814971923828,134.58590698242188,197.85012817382812,56.694553375244141,39.022651672363281,0.08293171226978302,5.0061462388839573E-06,0,0,1.7505085468292236,1.050956130027771,0.9402318000793457,1.1038742065429688,1.0978142023086548,0.58383125066757202,0,0,0,0
11,365,96360,-7.1054620742797852,0.089168965816497803,3.6932666301727295,110.70736694335938,133.15187072753906,198.72616577148438,54.476390838623047,40.018413543701172,0.082818783819675446,0.00084438908379524946,0,0,2.1953024864196777,0.96186822652816772,0.93442785739898682,1.087633490562439,1.0622619390487671,0.57387399673461914,0,0,0,0
12,30,97080,-4.216796875,0.31228113174438477,3.6703944206237793,109.48931121826172,123.99462127685547,287.17767333984375,43.877250671386719,42.260635375976562,0.081673920154571533,0.0060401251539587975,0,0,2.3022563457489014,0.95467990636825562,0.93442785739898682,1.087633490562439,1.0622619390487671,0.57387399673461914,0,0,0,0
12,60,97800,0.73179364204406738,0.12343108654022217,4.1874885559082031,125.269775390625,140.477294921875,214.688720703125,40.751548767089844,37.138454437255859,0.078083470463752747,0.0058240089565515518,0,0,1.5713460445404053,0.96904951333999634,0.93442785739898682,1.087633490562439,1.0622619390487671,0.57387399673461914,0,0,0,0
12,90,98520,9.536005973815918,0.0021977405995130539,4.4466776847839355,137.06515502929688,182.93289184570312,32.786773681640625,41.065925598144531,29.863147735595703,0.078760109841823578,0.0073122233152389526,0,0,0.40563312172889709,0.98916691541671753,0.93442785739898682,1.087633490562439,1.0622619390487671,0.57387399673461914,0,0,0,0
12,120,99240,17.551713943481445,0,3.7785212993621826,130.04542541503906,177.17585754394531,0,52.667671203613281,24.928417205810547,0.080488331615924835,0.0062880939804017544,0,0,-0.092880606651306152,1.0017679929733276,0.93442785739898682,1.087633490562439,1.0622619390487671,0.57387399673461914,0,0,0,0
12,150,99960,22.780132293701172,0.027288276702165604,3.740800142288208,123.53013610839844,164.96385192871094,0,61.315372467041016,22.467151641845703,0.082237206399440765,0.0001060287540894933,0,0,0.10839736461639404,0.98296183347702026,0.93442785739898682,1.087633490562439,1.0622619390487671,0.57387399673461914,0,0,0,0
12,180,100680,24.769536972045898,0,3.5477957725524902,116.63385009765625,155.16055297851562,0,64.79248046875,22.905130386352539,0.083745010197162628,0.001769206253811717,0,0,0.72444921731948853,0.93005192279815674,0.93442785739898682,1.087633490562439,1.0622619390487671,0.57387399673461914,0,0,0,0
12,210,101400,21.42657470703125,0,3.5528552532196045,111.78311920166016,143.935791015625,0,69.558013916015625,22.613849639892578,0.084977827966213226,4.1287807107437402E-05,0,0,1.2040051221847534,0.88886499404907227,1.3153630495071411,1.087633490562439,1.0622619390487671,0.57387399673461914,0,0,0,1
12,240,102120,14.168412208557129,0,3.5971653461456299,107.85757446289062,133.6199951171875,0,78.710983276367188,20.358194351196289,0.086194418370723724,3.5896661643164407E-07,0,0,1.2614169120788574,0.90143132209777832,0.93442785739898682,1.087633490562439,1.0622619390487671,0.57387399673461914,0,0,0,0
12,270,102840,5.0844898223876953,0,3.6123836040496826,106.11025238037109,123.07283020019531,0,87.933464050292969,17.002531051635742,0.087392590939998627,3.828779881587252E-05,0,0,1.3347501754760742,0.95402878522872925,0.93442785739898682,1.087633490562439,1.0622619390487671,0.57387399673461914,0,0,0,0
12,300,103560,-2.1841928958892822,0,3.6520030498504639,106.74532318115234,116.63400268554688,0.60753971338272095,88.73828125,14.601139068603516,0.087522730231285095,4.5854156383029476E-07,0,0,1.3953801393508911,0.99751496315002441,0.93442785739898682,1.087633490562439,1.0622619390487671,0.57387399673461914,0,0,0,0
12,330,104280,-6.7887969017028809,0.12868669629096985,3.6530470848083496,107.54930877685547,111.087646484375,18.206655502319336,77.839218139648438,22.344602584838867,0.084142312407493591,2.7653651812897806E-08,0,0,1.5697994232177734,0.99298739433288574,0.93442785739898682,1.087633490562439,1.0622619390487671,0.57387399673461914,0,0,0,0
12,360,105000,-8.2938613891601562,0.17549727857112885,3.670419454574585,105.18089294433594,105.94026184082031,61.899658203125,61.384685516357422,33.467514038085938,0.083361849188804626,0.005240101832896471,0,0,1.1358959674835205,1.0780012607574463,1.2660061120986938,1.2564272880554199,0.95847892761230469,-3.197777271270752,0,0,0,0
12,365,105120,-8.0376415252685547,0.1555568128824234,3.6656308174133301,104.61775207519531,105.16184234619141,82.318374633789062,58.912448883056641,34.838863372802734,0.083243109285831451,0.0082701509818434715,0,0,1.0976543426513672,1.1173005104064941,1.3274095058441162,1.2876853942871094,0.93925988674163818,-3.8962311744689941,0,0,0,0
13,30,105840,-6.7193613052368164,0.47724980115890503,3.6163396835327148,102.94441223144531,100.66751098632812,189.60966491699219,47.715240478515625,38.847385406494141,0.082203179597854614,0.0063675134442746639,0,0,0.047275781631469727,1.1512579917907715,1.3274095058441162,1.2876853942871094,0.93925988674163818,-3.8962314128875732,0,1,0,0
13,60,106560,0.83639669418334961,0.11977969110012054,4.1363081932067871,122.8865966796875,129.11418151855469,180.51496887207031,42.522441864013672,36.531475067138672,0.079772822558879852,0.0026138639077544212,0,0,0.80632245540618896,1.0944756269454956,1.3274095058441162,1.2876853942871094,0.93925988674163818,-3.8962314128875732,0,0,0,0
13,90,107280,10.15980339050293,0.0019259048858657479,3.9818217754364014,131.76780700683594,184.65606689453125,1.7256295680999756,46.674861907958984,30.353374481201172,0.081014998257160187,0.0020195476245135069,0,0,0.044401258230209351,1.0149801969528198,1.3274095058441162,1.2876853942871094,0.93925988674163818,-3.8962314128875732,0,0,0,0
13,120,108000,18.004531860351562,0,3.7526693344116211,125.96340942382812,171.94631958007812,0,58.388664245605469,25.381559371948242,0.082693099975585938,5.7506063058099244E-06,0,0,-0.43284597992897034,0.96518635749816895,1.3274095058441162,1.2876853942871094,0.93925988674163818,-3.8962314128875732,0,0,0,0
13,150,108720,23.093088150024414,0,3.6272580623626709,122.12924957275391,160.60560607910156,0,66.736610412597656,23.089204788208008,0.083964996039867401,7.6260566856944934E-06,0,0,-0.32368579506874084,0.96324652433395386,1.3274095058441162,1.2876853942871094,0.93925988674163818,-3.8962314128875732,0,0,0,0
13,180,109440,23.863580703735352,0,3.5574004650115967,115.34099578857422,150.11322021484375,0,70.430229187011719,23.562074661254883,0.085180819034576416,6.475246209447505E-06,0,0,0.023168265819549561,0.96281290054321289,1.3274095058441162,1.2876853942871094,0.93925988674163818,-3.8962314128875732,0,0,0,0
13,210,110160,19.88587760925293,0,3.559687614440918,109.91351318359375,139.99928283691406,0,76.583244323730469,22.887807846069336,0.08639189600944519,0.00040783945587463677,0,0,0.29317137598991394,0.96247541904449463,1.3274095058441162,1.2876853942871094,0.93925988674163818,-3.8962314128875732,0,0,0,0
13,240,110880,12.246655464172363,0,3.5932905673980713,106.56111145019531,129.15611267089844,0,88.45404052734375,19.450572967529297,0.087595924735069275,0.00033669875119812787,0,0,0.22919058799743652,0.95873993635177612,1.3274095058441162,1.2876853942871094,0.93925988674163818,-3.8962314128875732,0,0,0,0
13,270,111600,2.7564949989318848,0,3.5621809959411621,104.40880584716797,120.01706695556641,0,96.056961059570312,16.243967056274414,0.088779941201210022,0.0078083537518978119,0,0,-0.053686171770095825,0.94625037908554077,1.3274095058441162,1.2876853942871094,0.93925988674163818,-3.8962314128875732,0,0,0,0
13,300,112320,-4.6467161178588867,0.23646546900272369,3.6362514495849609,104.71783447265625,113.40850830078125,2.1050052642822266,93.85009765625,16.106880187988281,0.087236501276493073,0.0087322695180773735,0,0,-0.28756067156791687,0.93592435121536255,1.3274095058441162,1.2876853942871094,0.93925988674163818,-3.8962314128875732,0,0,0,0
13,330,113040,-8.794398307800293,0.032550971955060959,3.7407560348510742,104.29897308349609,108.78211975097656,22.713714599609375,76.340545654296875,29.542913436889648,0.085408531129360199,0.0090073840692639351,0,0,-0.0093291699886322021,0.9737812876701355,1.3274095058441162,1.2876853942871094,0.93925988674163818,-3.8962314128875732,0,0,0,0
13,360,113760,-8.4126873016357422,0.35977098345756531,3.6649618148803711,101.38236999511719,103.76963806152344,100.43395233154297,59.399898529052734,39.851020812988281,0.084649667143821716,0.0070488834753632545,0,0,1.0100798606872559,1.2070469856262207,1.0536284446716309,1.0405848026275635,1.020089864730835,-3.6552488803863525,0,0,0,0
13,365,113880,-8.0765190124511719,0.13022248446941376,3.6667048931121826,101.25981140136719,102.57823181152344,113.34062194824219,56.996841430664062,40.980220794677734,0.084526397287845612,1.8038800817521405E-06,0,0,1.1247137784957886,1.2277356386184692,1.0029282569885254,0.99482548236846924,1.0350583791732788,-3.6106224060058594,0,0,0,0
14,30,114600,-4.7423224449157715,0.19695852696895599,3.6122713088989258,101.22866821289062,96.214019775390625,247.28550720214844,45.726909637451172,43.730167388916016,0.083517104387283325,7.0574587880400941E-06,0,0,1.2902177572250366,1.2242332696914673,1.0029282569885254,0.99482548236846924,1.0350583791732788,-3.6106224060058594,0,0,0,0
14,60,115320,0.57460898160934448,0.14373306930065155,4.1432123184204102,120.38591003417969,126.93243408203125,225.14273071289062,42.222179412841797,38.761268615722656,0.079861678183078766,1.9711382265086286E-05,0,0,0.66794615983963013,1.1673071384429932,1.0029282569885254,0.99482548236846924,1.0350583791732788,-3.6106224060058594,0,0,0,0
14,90,116040,9.9599714279174805,0.014778249897062778,4.0193071365356445,133.58709716796875,192.06417846679688,3.3534507751464844,45.14208984375,31.960845947265625,0.080959990620613098,1.165760039611996E-07,0,0,-0.20323401689529419,1.0876107215881348,1.0029282569885254,0.99482548236846924,1.0350583791732788,-3.6106224060058594,0,0,0,0
14,120,116760,17.663633346557617,0,3.7741236686706543,127.35560607910156,179.9720458984375,0,56.454368591308594,26.665227890014648,0.082665532827377319,0.0038924061227589846,0,0,-0.74891811609268188,1.0376911163330078,1.0029282569885254,0.99482548236846924,1.0350583791732788,-3.6106224060058594,0,0,0,0
14,150,117480,22.974864959716797,0,3.6387743949890137,122.37588500976562,165.60179138183594,0,65.077041625976562,23.96504020690918,0.0841861292719841,0.0022369837388396263,0,0,-0.44213837385177612,1.0488393306732178,1.0029282569885254,0.99482548236846924,1.0350583791732788,-3.6106224060058594,0,0,0,0
14,180,118200,24.323516845703125,0,3.5621533393859863,115.63513946533203,155.08149719238281,0,68.3424072265625,24.124736785888672,0.085437603294849396,0.0072711980901658535,0,0,0.4544183611869812,1.084378719329834,1.0029282569885254,0.99482548236846924,1.0350583791732788,-3.6106224060058594,0,0,0,0
14,210,118920,20.806848526000977,0,3.5577387809753418,111.3016357421875,143.89462280273438,0,73.347877502441406,23.482137680053711,0.086675852537155151,0.0069934274069964886,0,0,1.1523289680480957,1.1120438575744629,1.0029282569885254,0.99482548236846924,1.0350583791732788,-3.6106224060058594,0,0,0,0
14,240,119640,16.740272521972656,0,3.5881607532501221,108.10917663574219,133.14851379394531,0,84.584030151367188,20.05091667175293,0.08788762241601944,0.0037872947286814451,0,0,4.2896475791931152,1.1286152601242065,1.0029282569885254,0.99482548236846924,1.0350583791732788,-3.6106224060058594,1,0,0,0
14,270,120360,3.4578075408935547,0,3.6236248016357422,107.32046508789062,123.28298950195312,0,92.741249084472656,16.743606567382812,0.089064702391624451,0.0049111186526715755,0,0,0.55147850513458252,1.1774774789810181,1.0029282569885254,0.99482548236846924,1.0350583791732788,-3.6106224060058594,0,0,0,0
14,300,121080,-4.1461286544799805,0.18922889232635498,3.6629095077514648,108.76069641113281,117.26458740234375,2.4401969909667969,91.032295227050781,15.761343955993652,0.087800599634647369,0.0014315128792077303,0,0,0.13544505834579468,1.2178752422332764,1.0029282569885254,0.99482548236846924,1.0350583791732788,-3.6106224060058594,0,0,0,0
14,330,121800,-8.5047979354858398,0.038267731666564941,3.7238075733184814,107.85337829589844,110.40318298339844,64.029151916503906,73.08404541015625,29.592327117919922,0.086015775799751282,0.00011152092338306829,0,0,0.31665265560150146,1.2228109836578369,1.0029282569885254,0.99482548236846924,1.0350583791732788,-3.6106224060058594,0,0,0,0
14,360,122520,-9.1640148162841797,0.30632540583610535,3.6661596298217773,104.05245208740234,105.96466827392578,131.29452514648438,56.877281188964844,39.231121063232422,0.085242681205272675,1.6844865967868827E-05,0,0,0.19165655970573425,0.75898849964141846,1.0513981580734253,0.92068839073181152,0.98568093776702881,-5.8866701126098633,0,0,0,0
14,365,122640,-8.9979753494262695,0.078456558287143707,3.6660206317901611,103.44149780273438,105.26045989990234,138.24447631835938,54.541488647460938,40.328407287597656,0.085116647183895111,0.002839129650965333,0,0,0.030503749847412109,0.68169373273849487,1.0603740215301514,0.90695929527282715,0.97653692960739136,-6.3081607818603516,0,0,0,0
15,30,123360,-5.5776214599609375,0.19551384449005127,3.6207494735717773,102.46230316162109,99.115585327148438,197.78398132324219,43.20880126953125,43.646942138671875,0.084313094615936279,0.0073347133584320545,0,0,0.013744890689849854,0.69826740026473999,1.0603740215301514,0.90695929527282715,0.97653692960739136,-6.3081607818603516,0,0,0,0
15,60,124080,0.60051125288009644,0.18516184389591217,4.0788040161132812,114.78403472900391,106.44959259033203,153.2034912109375,39.206535339355469,39.649051666259766,0.080958299338817596,0.0052928635850548744,0,0,0.0058943629264831543,0.66205954551696777,1.0603740215301514,0.90695929527282715,0.97653692960739136,-6.3081607818603516,0,0,0,0
15,90,124800,10.838379859924316,0,3.8361377716064453,122.62216186523438,159.42987060546875,0.64007759094238281,43.753116607666016,33.050312042236328,0.082074202597141266,0.0094682769849896431,0,0,-0.0050963759422302246,0.61136841773986816,1.0603740215301514,0.90695929527282715,0.97653692960739136,-6.3081607818603516,0,0,0,0
15,120,125520,18.630077362060547,0,3.6211864948272705,117.09814453125,147.06549072265625,0,55.074306488037109,27.637931823730469,0.083802632987499237,0.0062437187880277634,0,0,-0.011980652809143066,0.57961684465408325,1.0603740215301514,0.90695929527282715,0.97653692960739136,-6.3081607818603516,0,0,0,0
15,150,126240,23.398061752319336,0,3.5217890739440918,112.42243194580078,136.34652709960938,0,62.201881408691406,25.212337493896484,0.085269041359424591,0.0020753021817654371,0,0,0.021386086940765381,0.55448925495147705,1.0603740215301514,0.90695929527282715,0.97653692960739136,-6.3081607818603516,0,0,0,0
15,180,126960,23.705410003662109,0,3.4580988883972168,108.72547912597656,125.26153564453125,0,65.483360290527344,25.080101013183594,0.086530387401580811,0.0012157955206930637,0,0,0.11374050378799438,0.48857185244560242,1.0603740215301514,0.90695929527282715,0.97653692960739136,-6.3081607818603516,0,0,0,0
15,210,127680,22.168046951293945,0,3.4191343784332275,103.66020965576172,118.11539459228516,0,69.468254089355469,24.86962890625,0.087769925594329834,7.5297917646821588E-05,0,0,3.9740321636199951,0.43725946545600891,1.0603740215301514,0.90695929527282715,0.97653692960739136,-6.3081607818603516,1,0,0,0
15,240,128400,11.635254859924316,0,3.5358428955078125,100.7689208984375,110.31295776367188,0,81.756881713867188,21.094024658203125,0.088984973728656769,5.2720792155014351E-05,0,0,0.17950686812400818,0.45452034473419189,1.0603740215301514,0.90695929527282715,0.97653692960739136,-6.3081607818603516,0,0,0,0
15,270,129120,2.3753440380096436,0,3.193190336227417,98.26312255859375,103.69332885742188,0,89.036582946777344,17.586004257202148,0.090182319283485413,5.2086939831497148E-05,0,0,0.14091143012046814,0.52545177936553955,1.0603740215301514,0.90695929527282715,0.97653692960739136,-6.3081607818603516,0,0,0,0
15,300,129840,-4.6298494338989258,0,2.8874731063842773,96.873512268066406,98.344879150390625,0.11753643304109573,86.751594543457031,17.111820220947266,0.088571004569530487,5.4894206868993933E-07,0,0,0.10900181531906128,0.58409583568572998,1.0603740215301514,0.90695929527282715,0.97653692960739136,-6.3081607818603516,0,0,0,0
15,330,130560,-8.6979999542236328,0.0050193811766803265,2.7766518592834473,96.496315002441406,94.045478820800781,3.9030945301055908,71.008865356445312,28.661079406738281,0.086534574627876282,5.8099494104624227E-09,0,0,0.090061783790588379,0.60897707939147949,1.0603740215301514,0.90695929527282715,0.97653692960739136,-6.3081607818603516,0,0,0,0
15,360,131280,-7.6203184127807617,0.50623995065689087,2.5204463005065918,95.363693237304688,88.645927429199219,44.072887420654297,55.146102905273438,38.042362213134766,0.085758373141288757,0.0051376963965594769,0,0,1.7557265758514404,1.1981165409088135,0.95996057987213135,0.80830585956573486,0.79911446571350098,-4.5598011016845703,0,0,0,0
15,365,131400,-7.2038402557373047,0.17284786701202393,2.466400146484375,95.333267211914062,87.702171325683594,65.8299560546875,52.991073608398438,38.961902618408203,0.085637852549552917,0.0071726641617715359,0,0,2.0340065956115723,1.3148351907730103,0.94136548042297363,0.79003673791885376,0.76625841856002808,-4.2360310554504395,0,0,0,0
16,30,132120,-4.0341110229492188,0.31280419230461121,2.2830617427825928,96.158058166503906,83.204071044921875,189.70561218261719,42.931221008300781,41.147289276123047,0.084250688552856445,0.004737265408039093,0,0,1.9439932107925415,1.3485839366912842,0.94136548042297363,0.79003673791885376,0.76625841856002808,-4.2360310554504395,0,0,0,0
16,60,132840,2.2767906188964844,0.24026940762996674,4.375481128692627,129.00491333007812,137.86187744140625,119.11837768554688,40.931987762451172,35.682220458984375,0.08097454160451889,0.00044724848703481257,0,0,1.8639411926269531,1.269439697265625,0.94136548042297363,0.79003673791885376,0.76625841856002808,-4.2360310554504395,0,0,0,0
16,90,133560,12.116077423095703,0.003038858762010932,3.827401876449585,127.17679595947266,180.31242370605469,0,46.342853546142578,29.642917633056641,0.082682095468044281,0.0016710354248061776,0,0,1.7518684864044189,1.1586378812789917,0.94136548042297363,0.79003673791885376,0.76625841856002808,-4.2360310554504395,0,0,0,0
16,120,134280,20.114997863769531,0,3.7383782863616943,121.81264495849609,167.26974487304688,0,57.413093566894531,24.933832168579102,0.08442194014787674,2.3698608856648207E-05,0,0,1.6816689968109131,1.0892345905303955,0.94136548042297363,0.79003673791885376,0.76625841856002808,-4.2360310554504395,0,0,0,0
16,150,135000,25.028556823730469,0,3.5833311080932617,115.09004974365234,155.68162536621094,0,63.110214233398438,23.585554122924805,0.085832640528678894,0.00021580676548182964,0,0,1.7071127891540527,1.0736777782440186,0.94136548042297363,0.79003673791885376,0.76625841856002808,-4.2360310554504395,0,0,0,0
16,180,135720,25.510662078857422,0,3.5525393486022949,110.00491333007812,144.31243896484375,0,65.014839172363281,24.665061950683594,0.087072901427745819,4.81436757127085E-08,0,0,1.7839242219924927,1.0377591848373413,0.94136548042297363,0.79003673791885376,0.76625841856002808,-4.2360310554504395,0,0,0,0
16,210,136440,21.273073196411133,0,3.5657191276550293,106.63260650634766,132.74909973144531,0,69.596260070800781,24.361410140991211,0.088306695222854614,2.0958220048328258E-08,0,0,1.8437168598175049,1.0097988843917847,0.94136548042297363,0.79003673791885376,0.76625841856002808,-4.2360310554504395,0,0,0,0
16,240,137160,13.850547790527344,0,3.5794081687927246,104.20771789550781,121.50925445556641,0,81.389228820800781,20.970663070678711,0.089506685733795166,3.8186217352631502E-06,0,0,1.9261670112609863,1.0235210657119751,0.94136548042297363,0.79003673791885376,0.76625841856002808,-4.2360310554504395,0,0,0,0
16,270,137880,4.9125456809997559,0,3.5030677318572998,102.37650299072266,112.60226440429688,0,90.28131103515625,17.464696884155273,0.090697683393955231,0.0060802381485700607,0,0,2.1887445449829102,1.0767017602920532,0.94136548042297363,0.79003673791885376,0.76625841856002808,-4.2360310554504395,0,0,0,0
16,300,138600,-1.9370840787887573,0,3.5447993278503418,102.34526062011719,106.5135498046875,0.1970725953578949,90.962623596191406,14.933424949645996,0.090843409299850464,0.0069733555428683758,0,0,2.4058363437652588,1.1206700801849365,0.94136548042297363,0.79003673791885376,0.76625841856002808,-4.2360310554504395,0,0,0,0
16,330,139320,-6.4484262466430664,0.020952574908733368,3.6308083534240723,102.3729248046875,102.39326477050781,16.705278396606445,80.747604370117188,21.853750228881836,0.087044656276702881,0.0070255924947559834,0,0,2.3419930934906006,1.1650619506835938,0.94136548042297363,0.79003673791885376,0.76625841856002808,-4.2360310554504395,0,0,0,0
16,360,140040,-8.709111213684082,0.66994059085845947,3.6631240844726562,101.39536285400391,96.652984619140625,82.3927001953125,63.540092468261719,33.189151763916016,0.086117275059223175,0.0097418511286377907,0,0,0.66962772607803345,1.1931896209716797,1.357738733291626,0.78389978408813477,0.88996988534927368,-6.6253013610839844,0,0,0,0
16,365,140160,-8.6787195205688477,0.16157570481300354,3.6563129425048828,101.22617340087891,95.630584716796875,109.08223724365234,60.950634002685547,34.673988342285156,0.085987649857997894,0.0013116687769070268,0,0,0.33313745260238647,1.1937294006347656,1.4348448514938354,0.78276330232620239,0.91287940740585327,-7.0677590370178223,0,0,0,0
17,30,140880,-5.3128166198730469,0.25201678276062012,3.5330686569213867,100.34685516357422,90.964668273925781,258.33773803710938,48.668853759765625,39.529102325439453,0.085138671100139618,7.1818385549704544E-06,0,0,0.20106333494186401,1.2281641960144043,1.4348448514938354,0.78276330232620239,0.91287940740585327,-7.0677590370178223,0,0,0,0
17,60,141600,1.2731949090957642,0.49768650531768799,4.538846492767334,123.34053039550781,129.3267822265625,212.28656005859375,44.913230895996094,35.766033172607422,0.08170483261346817,5.497668098541908E-06,0,0,0.52935409545898438,1.1536779403686523,1.4348448514938354,0.78276330232620239,0.91287940740585327,-7.0677590370178223,0,0,0,0
17,90,142320,12.036336898803711,0,3.8216476440429688,131.28424072265625,190.73344421386719,0,49.349208831787109,29.564476013183594,0.083128072321414948,0.00044506820267997682,0,0,0.98896110057830811,1.0493971109390259,1.4348448514938354,0.78276330232620239,0.91287940740585327,-7.0677590370178223,0,0,0,0
17,120,143040,20.141878128051758,0,3.741595983505249,123.33946990966797,179.40177917480469,0,60.261524200439453,24.734661102294922,0.084821298718452454,0.005279958713799715,0,0,1.2768468856811523,0.98407828807830811,1.4348448514938354,0.78276330232620239,0.91287940740585327,-7.0677590370178223,0,0,0,0
17,150,143760,24.704658508300781,0,3.6248927116394043,117.99185943603516,164.62940979003906,0,66.382759094238281,23.505878448486328,0.086356304585933685,0.0034921830520033836,0,0,1.1943217515945435,1.0110205411911011,1.4348448514938354,0.78276330232620239,0.91287940740585327,-7.0677590370178223,0,0,0,0
17,180,144480,24.372714996337891,0.021967222914099693,3.6351783275604248,112.798095703125,152.3543701171875,0,69.011306762695312,24.463798522949219,0.087562978267669678,0.0089780483394861221,0,0,0.93926966190338135,1.0914688110351562,1.4348448514938354,0.78276330232620239,0.91287940740585327,-7.0677590370178223,0,0,0,0
17,210,145200,19.849502563476562,0,3.5685293674468994,108.69210052490234,140.87751770019531,0,75.239646911621094,23.685556411743164,0.088774241507053375,0.0076868357136845589,0,0,0.74072837829589844,1.1540926694869995,1.4348448514938354,0.78276330232620239,0.91287940740585327,-7.0677590370178223,0,0,0,0
17,240,145920,12.167141914367676,0,3.6036720275878906,106.30502319335938,129.21580505371094,0,87.624832153320312,20.068887710571289,0.089981682598590851,0.0076719354838132858,0,0,0.77451938390731812,1.1375718116760254,1.4348448514938354,0.78276330232620239,0.91287940740585327,-7.0677590370178223,0,0,0,0
17,270,146640,3.1371874809265137,0,3.6190645694732666,105.25689697265625,119.74725341796875,0,95.384712219238281,16.730545043945312,0.091149240732192993,0.00633585499599576,0,0,0.93790692090988159,1.0663031339645386,1.4348448514938354,0.78276330232620239,0.91287940740585327,-7.0677590370178223,0,0,0,0
17,300,147360,-4.0188326835632324,0.061736393719911575,3.6652827262878418,105.70565795898438,112.46140289306641,4.2938442230224609,93.867645263671875,15.495814323425293,0.090003319084644318,0.0037950614932924509,0,0,1.0729911327362061,1.0073801279067993,1.4348448514938354,0.78276330232620239,0.91287940740585327,-7.0677590370178223,0,0,0,0
17,330,148080,-8.0641746520996094,0.025830021128058434,3.6834161281585693,105.93791198730469,106.96897888183594,20.087135314941406,77.761009216308594,27.020576477050781,0.087402068078517914,0.0036855202633887529,0,0,0.92510008811950684,1.0428805351257324,1.4348448514938354,0.78276330232620239,0.91287940740585327,-7.0677590370178223,0,0,0,0
17,360,148800,-9.7716350555419922,0.18731118738651276,3.6666233539581299,103.12062072753906,101.87934875488281,115.2734375,60.545372009277344,37.939510345458984,0.086602970957756042,1.5859005770835211E-06,0,0,-0.40844827890396118,1.3260077238082886,1.0481264591217041,1.0176568031311035,0.99597173929214478,-6.2077884674072266,0,0,0,0
17,365,148920,-9.6216650009155273,0.69119656085968018,3.6649508476257324,102.84637451171875,100.85407257080078,154.30087280273438,58.053974151611328,39.147384643554688,0.086472302675247192,0.0041022803634405136,0,0,-0.56790679693222046,1.3774088621139526,0.97651195526123047,1.0611555576324463,1.0113592147827148,-6.0485343933105469,0,0,0,0
18,30,149640,-6.2307443618774414,0.58259057998657227,3.5957939624786377,101.51081848144531,95.487564086914062,325.32586669921875,45.495491027832031,43.269180297851562,0.085685454308986664,0.0054685673676431179,0,0,-0.57766890525817871,1.4243160486221313,0.97651195526123047,1.0611555576324463,1.0113592147827148,-6.0485343933105469,0,0,0,0
18,60,150360,-0.041887786239385605,0.49857670068740845,4.2695531845092773,124.67864227294922,118.51030731201172,359.65438842773438,40.551963806152344,39.489906311035156,0.082497648894786835,0.0043555186130106449,0,0,-0.49631756544113159,1.4027994871139526,0.97651195526123047,1.0611555576324463,1.0113592147827148,-6.0485343933105469,0,0,0,0
18,90,151080,10.036449432373047,0.085593469440937042,4.3898296356201172,143.08650207519531,197.94544982910156,7.5963058471679688,41.584774017333984,31.906641006469727,0.083119571208953857,0.0077479002065956593,0,0,-0.38242572546005249,1.3726764917373657,0.97651195526123047,1.0611555576324463,1.0113592147827148,-6.0485343933105469,0,0,0,0
18,120,151800,17.730627059936523,0.43191114068031311,4.5185971260070801,133.72183227539062,193.62579345703125,0,53.004032135009766,26.539468765258789,0.084731169044971466,0.0047678444534540176,0,0,-0.31108692288398743,1.3538081645965576,0.97651195526123047,1.0611555576324463,1.0113592147827148,-6.0485343933105469,0,0,0,0
18,150,152520,23.349205017089844,0,3.7012503147125244,128.10737609863281,179.38255310058594,0,61.742576599121094,23.890407562255859,0.086357057094573975,0.0026707672514021397,0,0,-0.28338229656219482,1.3334096670150757,0.97651195526123047,1.0611555576324463,1.0113592147827148,-6.0485343933105469,0,0,0,0
18,180,153240,23.638277053833008,0,3.6275181770324707,122.990966796875,165.19845581054688,0,66.4683837890625,23.660610198974609,0.087499752640724182,0.0006117562297731638,0,0,-0.21427708864212036,1.2792190313339233,0.97651195526123047,1.0611555576324463,1.0113592147827148,-6.0485343933105469,0,0,0,0
18,210,153960,20.993566513061523,0,3.6063406467437744,115.56402587890625,154.89292907714844,0,71.558570861816406,23.29090690612793,0.088623054325580597,0.00029422383522614837,0,0,2.2593002319335938,1.2370351552963257,0.97651195526123047,1.0611555576324463,1.0113592147827148,-6.0485343933105469,1,0,0,0
18,240,154680,11.270182609558105,0.10144710540771484,3.8021578788757324,111.90809631347656,144.59063720703125,0,84.225372314453125,19.683713912963867,0.089735172688961029,3.0309734029287938E-06,0,0,-0.20151135325431824,1.2223306894302368,0.97651195526123047,1.0611555576324463,1.0113592147827148,-6.0485343933105469,0,0,0,0
18,270,155400,2.1167311668395996,0,3.6585214138031006,110.54358673095703,135.36756896972656,0,90.981689453125,16.375082015991211,0.090884938836097717,1.6183692423510365E-05,0,0,-0.35306447744369507,1.1833833456039429,0.97651195526123047,1.0611555576324463,1.0113592147827148,-6.0485343933105469,0,0,0,0
18,300,156120,-5.2987875938415527,0.00012104630150133744,3.6998159885406494,111.01192474365234,128.17042541503906,6.1103763580322266,87.524993896484375,17.002174377441406,0.088704168796539307,8.5241090346244164E-06,0,0,-0.47836431860923767,1.1511827707290649,0.97651195526123047,1.0611555576324463,1.0113592147827148,-6.0485343933105469,0,0,0,0
18,330,156840,-9.4646873474121094,0.052349336445331573,3.7261624336242676,110.02219390869141,120.20347595214844,53.775691986083984,69.665534973144531,30.078363418579102,0.087149247527122498,4.4341280158732843E-07,0,0,-0.50621509552001953,1.1970431804656982,0.97651195526123047,1.0611555576324463,1.0113592147827148,-6.0485343933105469,0,0,0,0
18,360,157560,-11.397342681884766,1.0128358602523804,3.69620680809021,107.49380493164062,112.60449981689453,179.53231811523438,54.058246612548828,38.821346282958984,0.086354807019233704,0.0040297280065715313,0,0,-2.1655821800231934,1.3304094076156616,0.94991153478622437,0.99306577444076538,1.1757019758224487,-8.2264404296875,0,0,0,0
18,365,157680,-11.264941215515137,0.45050895214080811,3.6942200660705566,106.923828125,111.56153869628906,210.75411987304688,51.833671569824219,39.723529815673828,0.086225263774394989,0.0076199891045689583,0,0,-2.4384968280792236,1.335620641708374,0.94498550891876221,0.98045653104782104,1.2061358690261841,-8.6297569274902344,0,0,0,0
19,30,158400,-7.5684924125671387,0.90910625457763672,3.6837532520294189,103.90882110595703,105.81656646728516,400.39993286132812,40.309467315673828,42.693500518798828,0.085464954376220703,0.0025421760510653257,0,0,-2.3513524532318115,1.353914737701416,0.94498550891876221,0.98045653104782104,1.2061358690261841,-8.6297569274902344,0,0,0,0
19,60,159120,-1.0321844816207886,0.48381900787353516,4.0575642585754395,120.18705749511719,116.8404541015625,421.34344482421875,34.537265777587891,39.700885772705078,0.082893319427967072,0.0011942245764657855,0,0,-1.9267756938934326,1.3328431844711304,0.94498550891876221,0.98045653104782104,1.2061358690261841,-8.6297569274902344,0,0,0,0
19,90,159840,1.150066614151001,1.1155416965484619,5.0668487548828125,145.78398132324219,198.18824768066406,77.135147094726562,34.190860748291016,31.878604888916016,0.082876250147819519,0.0008319990593008697,0,0,-8.6249408721923828,1.3033429384231567,0.94498550891876221,0.98045653104782104,1.2061358690261841,-8.6297569274902344,0,1,0,0
19,120,160560,18.235446929931641,0,3.8000776767730713,137.02925109863281,196.82461547851562,0,43.775222778320312,26.259445190429688,0.084255434572696686,0.00014960387488827109,0,0,-0.96004670858383179,1.2848647832870483,1.1694824695587158,0.98045653104782104,1.2061358690261841,-8.6297569274902344,0,0,0,1
19,150,161280,22.753387451171875,0,3.7210092544555664,128.99888610839844,185.67478942871094,0,52.989604949951172,23.215518951416016,0.085870318114757538,5.2207849421392893E-07,0,0,-1.0102381706237793,1.2837004661560059,0.94498550891876221,0.98045653104782104,1.2061358690261841,-8.6297569274902344,0,0,0,0
19,180,162000,22.559938430786133,0,3.672943115234375,125.599365234375,170.28797912597656,0,59.315719604492188,22.109043121337891,0.087229505181312561,1.1074173045244606E-07,0,0,-1.1847546100616455,1.2823187112808228,0.94498550891876221,0.98045653104782104,1.2061358690261841,-8.6297569274902344,0,0,0,0
19,210,162720,17.741304397583008,0,3.6441595554351807,119.65819549560547,159.09431457519531,0,68.903228759765625,20.151927947998047,0.088335670530796051,2.2862690457259305E-05,0,0,-1.3206040859222412,1.2812430858612061,0.94498550891876221,0.98045653104782104,1.2061358690261841,-8.6297569274902344,0,0,0,0
19,240,163440,9.6766481399536133,0,3.6594841480255127,116.23064422607422,149.58436584472656,0,81.450576782226562,16.890552520751953,0.08941621333360672,2.0489305807558367E-09,0,0,-1.5129261016845703,1.2757620811462402,0.94498550891876221,0.98045653104782104,1.2061358690261841,-8.6297569274902344,0,0,0,0
19,270,164160,-0.173044353723526,0,3.6958982944488525,114.63420867919922,142.9066162109375,0,86.678421020507812,14.098509788513184,0.09044744074344635,0.0065288604237139225,0,0,-2.1263160705566406,1.2575819492340088,0.94498550891876221,0.98045653104782104,1.2061358690261841,-8.6297569274902344,0,0,0,0
19,300,164880,-8.1939620971679688,0.023860961198806763,3.7717592716217041,113.95532989501953,138.02772521972656,32.087066650390625,77.381622314453125,20.355550765991211,0.087428644299507141,0.0045304177328944206,0,0,-2.6334497928619385,1.2425512075424194,0.94498550891876221,0.98045653104782104,1.2061358690261841,-8.6297569274902344,0,0,0,0
19,330,165600,-11.741352081298828,0.18323282897472382,3.7249417304992676,111.353759765625,128.63055419921875,108.55027008056641,60.025169372558594,32.4393310546875,0.086603455245494843,0.0084323976188898087,0,0,-2.6276097297668457,1.2612929344177246,0.94498550891876221,0.98045653104782104,1.2061358690261841,-8.6297569274902344,0,0,0,0
19,360,166320,-11.702967643737793,0.34925314784049988,3.6978211402893066,108.83068084716797,119.86758422851562,253.02430725097656,46.6480712890625,38.746376037597656,0.085822336375713348,0.0075596971437335014,0,0,-2.3672983646392822,1.0481703281402588,1.0763357877731323,0.99256086349487305,1.3061221837997437,-4.2699985504150391,0,0,0,0
19,365,166440,-11.416633605957031,0.16802202165126801,3.6991641521453857,108.40821075439453,118.57020568847656,261.75784301757812,44.728439331054688,39.422031402587891,0.085694886744022369,4.211296618450433E-05,0,0,-2.277848482131958,0.99214953184127808,1.100659966468811,0.99480241537094116,1.3246381282806396,-3.4626359939575195,0,0,0,0
20,30,167160,-8.0881309509277344,0.27436691522598267,3.7129111289978027,105.57322692871094,111.29948425292969,380.36566162109375,34.604339599609375,41.205074310302734,0.084945946931838989,4.5157517888583243E-05,0,0,-2.1017310619354248,0.98597985506057739,1.100659966468811,0.99480241537094116,1.3246381282806396,-3.4626357555389404,0,0,0,0
20,60,167880,-2.1106085777282715,0.23572736978530884,3.7685506343841553,108.97454071044922,110.15678405761719,395.49197387695312,28.77972412109375,38.701225280761719,0.082772240042686462,4.1634791614342248E-07,0,0,-1.7949819564819336,1.0258413553237915,1.100659966468811,0.99480241537094116,1.3246381282806396,-3.4626357555389404,0,0,0,0
20,90,168600,8.1541099548339844,0.032311536371707916,4.9620094299316406,144.91851806640625,196.52761840820312,53.003242492675781,28.771097183227539,31.266071319580078,0.082115478813648224,0.00095411448273807764,0,0,-1.3655333518981934,1.0816473960876465,1.100659966468811,0.99480241537094116,1.3246381282806396,-3.4626357555389404,0,0,0,0
20,120,169320,17.379104614257812,0,3.7916252613067627,133.90788269042969,193.03822326660156,0,39.991771697998047,26.050146102905273,0.083747364580631256,0.00022939429618418217,0,0,-1.0965381860733032,1.1166027784347534,1.100659966468811,0.99480241537094116,1.3246381282806396,-3.4626357555389404,0,0,0,0
20,150,170040,22.308986663818359,0,3.7069494724273682,129.00555419921875,179.50010681152344,0,49.600582122802734,22.787702560424805,0.085388049483299255,0.0035202784929424524,0,0,-1.1875574588775635,1.1070530414581299,1.100659966468811,0.99480241537094116,1.3246381282806396,-3.4626357555389404,0,0,0,0
20,180,170760,22.524641036987305,0,3.622565746307373,123.42381286621094,166.52153015136719,0,55.879615783691406,21.663213729858398,0.08657277375459671,0.0066193151287734509,0,0,-1.4640902280807495,1.0773769617080688,1.100659966468811,0.99480241537094116,1.3246381282806396,-3.4626357555389404,0,0,0,0
20,210,171480,18.094367980957031,0,3.63970947265625,117.02469635009766,156.38705444335938,0,64.815582275390625,19.767045974731445,0.087706930935382843,0.0061181024648249149,0,0,-1.6793527603149414,1.0542761087417603,1.100659966468811,0.99480241537094116,1.3246381282806396,-3.4626357555389404,0,0,0,0
20,240,172200,13.603343963623047,0,3.6116013526916504,113.02236175537109,146.26084899902344,0,76.738227844238281,16.550617218017578,0.088852368295192719,0.0070662470534443855,0,0,0.6296999454498291,1.0504649877548218,1.100659966468811,0.99480241537094116,1.3246381282806396,-3.4626357555389404,1,0,0,0
20,270,172920,0.55244261026382446,0,3.6775918006896973,113.07867431640625,137.86488342285156,0,83.035736083984375,13.812864303588867,0.089957483112812042,0.0038168365135788918,0,0,-2.4555480480194092,1.0434130430221558,1.100659966468811,0.99480241537094116,1.3246381282806396,-3.4626357555389404,0,0,0,0
20,300,173640,-7.6616353988647461,0.0081064840778708458,3.7365067005157471,112.88225555419922,131.21421813964844,15.227189064025879,75.610771179199219,18.454519271850586,0.087264075875282288,0.0019254562212154269,0,0,-2.9401071071624756,1.0375828742980957,1.100659966468811,0.99480241537094116,1.3246381282806396,-3.4626357555389404,0,0,0,0
20,330,174360,-14.226410865783691,0.09964432567358017,3.7196142673492432,110.0594482421875,122.67717742919922,102.13916778564453,58.674468994140625,30.391424179077148,0.086406029760837555,0.0017190605867654085,0,0,-6.2628879547119141,1.0275086164474487,1.100659966468811,0.99480241537094116,1.3246381282806396,-3.4626357555389404,0,1,0,0
20,360,175080,-10.910041809082031,0.16354925930500031,3.6977648735046387,107.65743255615234,114.88836669921875,191.02569580078125,45.598384857177734,36.940036773681641,0.085628196597099304,1.9094477465841919E-06,0,0,-1.4810614585876465,1.1330415010452271,1.2909058332443237,1.002646803855896,1.0332366228103638,-1.0869326591491699,0,0,0,0
20,365,175200,-10.618341445922852,0.25999176502227783,3.6972851753234863,107.12699127197266,113.73474884033203,217.42359924316406,43.721946716308594,37.602062225341797,0.085501387715339661,0.0056423959322273731,0,0,-1.320220947265625,1.1679407358169556,1.326136589050293,1.0040994882583618,0.97927337884902954,-0.6469876766204834,0,0,0,0
21,30,175920,-7.7017974853515625,1.066361665725708,3.6947600841522217,104.34756469726562,107.0526123046875,333.428955078125,33.924304962158203,39.597984313964844,0.084757328033447266,0.0068709203042089939,0,0,-1.3125724792480469,1.1887863874435425,1.326136589050293,1.0040994882583618,0.97927337884902954,-0.6469876766204834,0,0,0,0
21,60,176640,-2.0319547653198242,0.58139437437057495,3.8798797130584717,111.60855865478516,106.99691009521484,389.8896484375,28.561721801757812,37.122604370117188,0.082463525235652924,0.0062508899718523026,0,0,-1.2225325107574463,1.1964528560638428,1.326136589050293,1.0040994882583618,0.97927337884902954,-0.6469876766204834,0,0,0,0
21,90,177360,7.8685994148254395,0.42497465014457703,5.7435550689697266,145.01345825195312,196.06690979003906,63.429862976074219,28.248943328857422,29.902193069458008,0.081746809184551239,0.0084381196647882462,0,0,-1.0964765548706055,1.2071858644485474,1.326136589050293,1.0040994882583618,0.97927337884902954,-0.6469876766204834,0,0,0,0
21,120,178080,16.827316284179688,0,3.7985279560089111,134.40180969238281,194.1531982421875,0,38.554580688476562,24.679908752441406,0.083381339907646179,0.0059871161356568336,0,0,-1.0175185203552246,1.2139087915420532,1.326136589050293,1.0040994882583618,0.97927337884902954,-0.6469876766204834,0,0,0,0
21,150,178800,21.94774055480957,0,3.7439310550689697,128.9173583984375,181.03057861328125,0,47.98504638671875,21.552404403686523,0.085029438138008118,0.0057276450097560883,0,0,-1.0035808086395264,1.2072464227676392,1.326136589050293,1.0040994882583618,0.97927337884902954,-0.6469876766204834,0,0,0,0
21,180,179520,23.143638610839844,0,3.6521015167236328,123.35145568847656,166.64920043945312,0,53.579765319824219,20.668710708618164,0.086338303983211517,0.00057088577887043357,0,0,-0.97304999828338623,1.1882799863815308,1.326136589050293,1.0040994882583618,0.97927337884902954,-0.6469876766204834,0,0,0,0
21,210,180240,19.190204620361328,0,3.6448624134063721,116.54057312011719,155.71670532226562,0,61.56170654296875,19.275074005126953,0.0874737948179245,0.0004661012499127537,0,0,-0.94928383827209473,1.1735159158706665,1.326136589050293,1.0040994882583618,0.97927337884902954,-0.6469876766204834,0,0,0,0
21,240,180960,11.740740776062012,0,3.6273424625396729,112.16558837890625,145.26371765136719,0,73.458648681640625,16.263378143310547,0.08862440288066864,9.7853744591702707E-06,0,0,-0.99790441989898682,1.1589798927307129,1.326136589050293,1.0040994882583618,0.97927337884902954,-0.6469876766204834,0,0,0,0
21,270,181680,2.3835463523864746,0,3.6719787120819092,110.82420349121094,135.81924438476562,0,80.487945556640625,13.576977729797363,0.089759670197963715,1.0302916052751243E-05,0,0,-1.1675053834915161,1.1137430667877197,1.326136589050293,1.0040994882583618,0.97927337884902954,-0.6469876766204834,0,0,0,0
21,300,182400,-5.1699390411376953,2.1641099010594189E-06,3.6964402198791504,110.70552062988281,128.30831909179688,2.99814772605896,77.866340637207031,14.108392715454102,0.087841816246509552,1.4739696780452505E-05,0,0,-1.3077266216278076,1.0763425827026367,1.326136589050293,1.0040994882583618,0.97927337884902954,-0.6469876766204834,0,0,0,0
21,330,183120,-9.8843040466308594,0.040878642350435257,3.739558219909668,110.0850830078125,120.32518768310547,40.105617523193359,62.159091949462891,25.958703994750977,0.086344622075557709,0.00043178614578209817,0,0,-1.3202360868453979,1.093199610710144,1.326136589050293,1.0040994882583618,0.97927337884902954,-0.6469876766204834,0,0,0,0
21,360,183840,-12.033154487609863,0.51627206802368164,3.6961071491241455,107.77193450927734,112.37760162353516,130.515869140625,48.306446075439453,34.040279388427734,0.085564740002155304,0.0040829484350979328,0,0,-2.4534413814544678,1.1088364124298096,1.1057881116867065,0.84328675270080566,0.92471325397491455,0.74368476867675781,0,0,0,0
21,365,183960,-12.215378761291504,0.29872623085975647,3.6939570903778076,107.20719909667969,111.33621215820312,153.83538818359375,46.318569183349609,34.897983551025391,0.085437655448913574,0.0075490223243832588,0,0,-2.8334281444549561,1.1215537786483765,1.0649828910827637,0.8135066032409668,0.91460955142974854,1.0012166500091553,0,0,0,0
22,30,184680,-9.7680072784423828,0.38347569108009338,3.6902484893798828,104.18056488037109,105.66764068603516,308.9376220703125,35.723800659179688,37.831768035888672,0.084691539406776428,0.0031031135004013777,0,0,-3.1526422500610352,1.1587791442871094,1.0649828910827637,0.8135066032409668,0.91460955142974854,1.0012166500091553,0,0,0,0
22,60,185400,-3.9790575504302979,0.50068944692611694,3.6630730628967285,103.13680267333984,99.674514770507812,422.47805786132812,27.989107131958008,37.755290985107422,0.083903104066848755,0.0032577465754002333,0,0,-2.720613956451416,1.0582598447799683,1.0649828910827637,0.8135066032409668,0.91460955142974854,1.0012166500091553,0,0,0,0
22,90,186120,5.5186061859130859,0.024571973830461502,4.7247176170349121,143.8634033203125,185.39262390136719,135.6904296875,26.367835998535156,31.414556503295898,0.0819554403424263,0.00059720821445807815,0,0,-2.1157741546630859,0.91753262281417847,1.0649828910827637,0.8135066032409668,0.91460955142974854,1.0012166500091553,0,0,0,0
22,120,186840,15.282343864440918,0.037519067525863647,3.9239931106567383,134.14006042480469,195.14872741699219,0,36.136356353759766,25.919069290161133,0.083583705127239227,3.0190980396582745E-05,0,0,-1.7369186878204346,0.82938486337661743,1.0649828910827637,0.8135066032409668,0.91460955142974854,1.0012166500091553,0,0,0,0
22,150,187560,21.307165145874023,0,3.6878640651702881,125.90048980712891,181.4556884765625,0,46.333633422851562,22.434171676635742,0.085212334990501404,2.6235102268401533E-06,0,0,-1.8444938659667969,0.85192877054214478,1.1047829389572144,0.8135066032409668,0.91460955142974854,1.0012166500091553,0,0,0,0
22,180,188280,21.929660797119141,0,3.6288559436798096,120.15557098388672,166.478759765625,0,53.003097534179688,21.006824493408203,0.086515083909034729,9.061908912144645E-08,0,0,-2.1773183345794678,0.92253762483596802,1.0649828910827637,0.8135066032409668,0.91460955142974854,1.0012166500091553,0,0,0,0
22,210,189000,17.903476715087891,0,3.6355216503143311,114.90711975097656,153.10685729980469,0,61.994380950927734,19.103643417358398,0.087649703025817871,2.2435106075135991E-06,0,0,-2.4364004135131836,0.97750198841094971,1.0649828910827637,0.8135066032409668,0.91460955142974854,1.0012166500091553,0,0,0,0
22,240,189720,10.779543876647949,0,3.6256794929504395,111.40701293945312,141.46360778808594,0,73.818283081054688,16.014856338500977,0.088777691125869751,1.7302442145705754E-08,0,0,-2.280545711517334,0.97142636775970459,1.0726563930511475,0.8135066032409668,0.91460955142974854,1.0012166500091553,0,0,0,0
22,270,190440,2.2281115055084229,0,3.6617999076843262,109.92310333251953,131.10139465332031,0,80.121978759765625,13.36484432220459,0.089902296662330627,0.0047285370528697968,0,0,-1.6911506652832031,0.93723171949386597,1.0649828910827637,0.8135066032409668,0.91460955142974854,1.0012166500091553,0,0,0,0
22,300,191160,-4.7796783447265625,0,3.6780068874359131,110.08037567138672,122.39011383056641,2.4769382476806641,78.046035766601562,13.463821411132812,0.088071256875991821,0.0047703213058412075,0,0,-1.2038553953170776,0.90896046161651611,1.0649828910827637,0.8135066032409668,0.91460955142974854,1.0012166500091553,0,0,0,0
22,330,191880,-9.9150362014770508,0.043601658195257187,3.7854955196380615,109.58241271972656,115.06412506103516,25.753742218017578,63.2550048828125,24.831230163574219,0.086223840713500977,0.010106341913342476,0,0,-1.5162619352340698,0.95219713449478149,1.0649828910827637,0.8135066032409668,0.91460955142974854,1.0012166500091553,0,0,0,0
22,360,192600,-11.399226188659668,0.66559600830078125,3.670264720916748,107.09685516357422,108.76694488525391,106.86541748046875,49.108131408691406,33.336734771728516,0.085445381700992584,0.0061125149950385094,0,0,-2.1013221740722656,1.0311751365661621,1.0327013731002808,0.85580325126647949,0.93955457210540771,-5.3057928085327148,0,0,0,0
22,365,192720,-11.145269393920898,0.15529568493366241,3.6718974113464355,106.53523254394531,107.90217590332031,127.97541809082031,47.087265014648438,34.269283294677734,0.085318580269813538,0.00033578620059415698,0,0,-2.1417045593261719,1.0319380760192871,1.0267232656478882,0.86363595724105835,0.94417405128479004,-6.4737567901611328,0,0,0,0
23,30,193440,-7.9670252799987793,0.22828394174575806,3.6626429557800293,103.21293640136719,103.44463348388672,275.72265625,36.610923767089844,37.616268157958984,0.084574386477470398,1.6052676073741168E-05,0,0,-2.4055931568145752,1.0570213794708252,1.0267232656478882,0.86363595724105835,0.94417405128479004,-6.4737567901611328,0,0,0,0
23,60,194160,-1.63254714012146,0.18273183703422546,3.8028266429901123,109.84613037109375,104.50325012207031,344.249755859375,30.781768798828125,35.923122406005859,0.082278013229370117,2.3753965194828197E-07,0,0,-1.954634428024292,1.0210980176925659,1.0267232656478882,0.86363595724105835,0.94417405128479004,-6.4737567901611328,0,0,0,0
23,90,194880,9.2571611404418945,0.0050980318337678909,4.3448300361633301,140.92562866210938,196.16876220703125,22.806667327880859,31.11335563659668,29.277782440185547,0.082017175853252411,7.3385476753173862E-06,0,0,-1.3232922554016113,0.97080534696578979,1.0267232656478882,0.86363595724105835,0.94417405128479004,-6.4737567901611328,0,0,0,0
23,120,195600,17.948116302490234,0,3.7695093154907227,129.50050354003906,189.52275085449219,0,41.913650512695312,24.429309844970703,0.083657488226890564,0.0013641214463859797,0,0,-0.92783623933792114,0.93930339813232422,1.0267232656478882,0.86363595724105835,0.94417405128479004,-6.4737567901611328,0,0,0,0
23,150,196320,22.531553268432617,0,3.6591084003448486,123.77923583984375,174.26580810546875,0,50.168605804443359,21.645439147949219,0.085281938314437866,0.003638111287727952,0,0,-1.0523084402084351,0.95721715688705444,1.0267232656478882,0.86363595724105835,0.94417405128479004,-6.4737567901611328,0,0,0,0
23,180,197040,22.317600250244141,0,3.6145930290222168,118.02043914794922,160.13929748535156,0,55.810997009277344,20.84846305847168,0.086440995335578918,0.0056124236434698105,0,0,-1.4331909418106079,1.0095340013504028,1.0267232656478882,0.86363595724105835,0.94417405128479004,-6.4737567901611328,0,0,0,0
23,210,197760,17.55345344543457,0,3.5817487239837646,113.20044708251953,147.91511535644531,0,64.345809936523438,18.982690811157227,0.087618179619312286,0.006018519401550293,0,0,-1.7296829223632812,1.0502593517303467,1.0267232656478882,0.86363595724105835,0.94417405128479004,-6.4737567901611328,0,0,0,0
23,240,198480,9.9603157043457031,0,3.6139156818389893,109.71817016601562,137.28826904296875,0,75.226371765136719,16.411592483520508,0.088743634521961212,0.0074061066843569279,0,0,-1.6123969554901123,1.0325204133987427,1.0267232656478882,0.86363595724105835,0.94417405128479004,-6.4737567901611328,0,0,0,0
23,270,199200,1.234217643737793,0,3.6375212669372559,108.60536956787109,127.00614166259766,0,80.936683654785156,13.684996604919434,0.089901171624660492,0.0031487613450735807,0,0,-1.1434699296951294,0.96262669563293457,1.0267232656478882,0.86363595724105835,0.94417405128479004,-6.4737567901611328,0,0,0,0
23,300,199920,-5.4878430366516113,0.14374493062496185,3.6625778675079346,109.27921295166016,118.82942962646484,2.2257394790649414,77.160133361816406,14.992524147033691,0.087442360818386078,0.0016606554854661226,0,0,-0.75577437877655029,0.90484052896499634,1.0267232656478882,0.86363595724105835,0.94417405128479004,-6.4737567901611328,0,0,0,0
23,330,200640,-10.007261276245117,0.36533936858177185,3.7330007553100586,108.71331024169922,111.99164581298828,31.047306060791016,61.389026641845703,26.661378860473633,0.08607114851474762,0.0017443313263356686,0,0,-1.0233509540557861,0.92781674861907959,1.0267232656478882,0.86363595724105835,0.94417405128479004,-6.4737567901611328,0,0,0,0
23,360,201360,-11.110563278198242,0.33561313152313232,3.6695263385772705,105.6951904296875,106.75646209716797,143.14341735839844,47.707988739013672,34.410503387451172,0.085299275815486908,6.184127414599061E-05,0,0,-1.6337605714797974,1.0508196353912354,1.0088086128234863,0.90946567058563232,0.94142872095108032,-1.565861701965332,0,0,0,0
23,365,201480,-10.956271171569824,0.19465890526771545,3.6664514541625977,105.09273529052734,106.03520965576172,157.53756713867188,45.744739532470703,35.269893646240234,0.085173532366752625,0.0044294605031609535,0,0,-1.6277031898498535,1.0775902271270752,1.0054911375045776,0.91795265674591064,0.94092035293579102,-0.65699195861816406,0,0,0,0
24,30,202200,-8.1751308441162109,0.35239881277084351,3.6616072654724121,102.040771484375,101.67518615722656,289.96304321289062,35.430286407470703,38.133358001708984,0.084435254335403442,0.004635967779904604,0,0,-1.7542891502380371,1.1169168949127197,1.0054911375045776,0.91795265674591064,0.94092035293579102,-0.65699195861816406,0,0,0,0
24,60,202920,-2.5977861881256104,0.92103618383407593,3.8529627323150635,107.76598358154297,99.185623168945312,380.35272216796875,29.397834777832031,36.655319213867188,0.082451753318309784,0.0063710380345582962,0,0,-1.7359875440597534,1.0680388212203979,1.0054911375045776,0.91795265674591064,0.94092035293579102,-0.65699195861816406,0,0,0,0
24,90,203640,6.8762874603271484,0.037551373243331909,4.8387932777404785,143.09654235839844,193.00877380371094,74.504463195800781,28.77345085144043,30.2060546875,0.081305563449859619,0.0068423678167164326,0,0,-1.7103652954101562,0.99960941076278687,1.0054911375045776,0.91795265674591064,0.94092035293579102,-0.65699195861816406,0,0,0,0
24,120,204360,16.352582931518555,0,3.7823419570922852,132.52046203613281,193.06668090820312,0,39.044033050537109,25.006174087524414,0.082951687276363373,0.0055124578066170216,0,0,-1.6943161487579346,0.95674705505371094,1.0054911375045776,0.91795265674591064,0.94092035293579102,-0.65699195861816406,0,0,0,0
24,150,205080,21.631278991699219,0,3.6841378211975098,125.80223846435547,178.819091796875,0,48.788284301757812,21.762722015380859,0.084612496197223663,0.0058439378626644611,0,0,-1.6502947807312012,0.95683085918426514,1.0054911375045776,0.91795265674591064,0.94092035293579102,-0.65699195861816406,0,0,0,0
24,180,205800,22.36140251159668,0.020236698910593987,3.7051346302032471,119.64696502685547,164.69450378417969,0,54.494010925292969,20.667098999023438,0.085931234061717987,4.3289339373586699E-05,0,0,-1.5309213399887085,0.96127617359161377,1.0054911375045776,0.91795265674591064,0.94092035293579102,-0.65699195861816406,0,0,0,0
24,210,206520,18.682075500488281,0,3.6258926391601562,114.48626708984375,151.6114501953125,0,62.6966552734375,19.170862197875977,0.087077893316745758,0.00025331205688416958,0,0,-1.4379969835281372,0.96473658084869385,1.0054911375045776,0.91795265674591064,0.94092035293579102,-0.65699195861816406,0,0,0,0
24,240,207240,11.348069190979004,0,3.6197366714477539,110.76101684570312,140.343994140625,0,74.718154907226562,16.184165954589844,0.088212773203849792,9.1278743639122695E-06,0,0,-1.3762390613555908,0.95258551836013794,1.0054911375045776,0.91795265674591064,0.94092035293579102,-0.65699195861816406,0,0,0,0
24,270,207960,2.3648943901062012,0,3.6609213352203369,108.98049163818359,129.74415588378906,0,81.169120788574219,13.478833198547363,0.089389212429523468,1.020639047055738E-05,0,0,-1.1915967464447021,0.91081947088241577,1.0054911375045776,0.91795265674591064,0.94092035293579102,-0.65699195861816406,0,0,0,0
24,300,208680,-4.9074735641479492,0.47902646660804749,3.6673257350921631,109.10847473144531,121.123291015625,4.5039844512939453,78.66925048828125,13.592083930969238,0.087612263858318329,4.2424595449119806E-05,0,0,-1.0389397144317627,0.87628859281539917,1.0054911375045776,0.91795265674591064,4.4303908348083496,-0.65699195861816406,0,0,1,0
24,330,209400,-9.6884040832519531,0.024498840793967247,3.7374508380889893,109.37373352050781,113.83972930908203,29.059865951538086,63.088066101074219,25.460149765014648,0.085874706506729126,0.00070655136369168758,0,0,-1.1534562110900879,0.91668343544006348,1.0054911375045776,0.91795265674591064,0.94092035293579102,-0.65699195861816406,0,0,0,0
24,360,210120,-9.8544149398803711,0.087385594844818115,3.6701192855834961,106.71238708496094,108.01366424560547,95.517097473144531,49.028499603271484,33.881965637207031,0.085105814039707184,0.00049024703912436962,0,0,-0.32327273488044739,1.0375270843505859,1.0021147727966309,0.94640332460403442,1.1368110179901123,5.7557625770568848,0,0,0,0
24,365,210240,-9.641016960144043,0.74692201614379883,3.6676263809204102,106.13426971435547,107.24040222167969,108.98905181884766,47.001811981201172,34.805038452148438,0.0849805548787117,0.0075418082997202873,0,0,-0.10373365879058838,1.0570027828216553,1.001489520072937,0.95167195796966553,1.1730871200561523,6.9433097839355469,0,0,0,0
25,30,210960,-7.5163669586181641,0.25554394721984863,3.6615865230560303,103.1636962890625,102.52069091796875,240.73628234863281,36.599632263183594,38.047840118408203,0.084248051047325134,0.0040248357690870762,0,0,-0.13397336006164551,1.1009297370910645,1.001489520072937,0.95167195796966553,1.1730871200561523,6.9433097839355469,0,0,0,0
25,60,211680,-2.571662425994873,0.32396197319030762,3.7355399131774902,107.08181762695312,101.27086639404297,322.03469848632812,30.628250122070312,36.577407836914062,0.082051195204257965,0.0038841166533529758,0,0,-0.22704425454139709,1.0504928827285767,1.001489520072937,0.95167195796966553,1.1730871200561523,6.9433097839355469,0,0,0,0
25,90,212400,6.756342887878418,0.24712450802326202,4.7707786560058594,141.01045227050781,188.48890686035156,65.116439819335938,30.009822845458984,30.211498260498047,0.080848075449466705,0.00052411359502002597,0,0,-0.35734352469444275,0.97988128662109375,1.001489520072937,0.95167195796966553,1.1730871200561523,6.9433097839355469,0,0,0,0
25,120,213120,16.309598922729492,0,3.7849762439727783,131.25433349609375,189.91160583496094,0,40.381698608398438,25.171960830688477,0.082521289587020874,5.6749768191366456E-06,0,0,-0.43895944952964783,0.93565201759338379,1.001489520072937,0.95167195796966553,1.1730871200561523,6.9433097839355469,0,0,0,0
25,150,213840,22.262929916381836,0,3.6857361793518066,125.66751098632812,175.06721496582031,0,49.777244567871094,22.018795013427734,0.084193266928195953,2.0827899334108224E-06,0,0,-0.39218786358833313,0.95644164085388184,1.001489520072937,0.95167195796966553,5.5,6.9433097839355469,0,0,1,0
25,180,214560,23.90406608581543,0,3.6340575218200684,122.18149566650391,162.25086975097656,0,54.885688781738281,21.317909240722656,0.085416905581951141,6.3455308918491937E-06,0,0,-0.25565406680107117,1.0179117918014526,1.001489520072937,0.95167195796966553,1.1730871200561523,6.9433097839355469,0,0,0,0
25,210,215280,20.896049499511719,0,3.600675106048584,115.45852661132812,152.27030944824219,0,60.927524566650391,20.42375373840332,0.086592048406600952,6.7938870529360429E-08,0,0,-0.14937147498130798,1.0657622814178467,1.001489520072937,0.95167195796966553,1.1730871200561523,6.9433097839355469,0,0,0,0
25,240,216000,14.026810646057129,0,3.6124463081359863,111.12776947021484,142.767578125,0,72.225517272949219,17.473455429077148,0.087760999798774719,8.8709164458578016E-08,0,0,-0.12217786908149719,1.0370151996612549,1.001489520072937,0.95167195796966553,1.1730871200561523,6.9433097839355469,0,0,0,0
25,270,216720,5.0381588935852051,0,3.6531243324279785,109.64815521240234,132.36466979980469,0,80.629196166992188,14.543204307556152,0.088942237198352814,0.0025787041522562504,0,0,-0.057220309972763062,0.9282868504524231,1.001489520072937,0.95167195796966553,1.1730871200561523,6.9433097839355469,0,0,0,0
25,300,217440,-2.392310619354248,0,3.6493103504180908,109.27510070800781,123.53543853759766,0.20141701400279999,81.209098815917969,12.576925277709961,0.088951833546161652,0.0061386157758533955,0,0,-0.0035152435302734375,0.83839333057403564,1.001489520072937,0.95167195796966553,1.1730871200561523,6.9433097839355469,0,0,0,0
25,330,218160,-7.6841320991516113,0.10622739791870117,3.719395637512207,109.73714447021484,116.1641845703125,9.8601703643798828,69.998626708984375,20.759647369384766,0.08583337813615799,0.0090651903301477432,0,0,-0.02106049656867981,0.87858015298843384,1.001489520072937,0.95167195796966553,1.1730871200561523,6.9433097839355469,0,0,0,0
25,360,218880,-8.2962331771850586,0.045704133808612823,3.694502592086792,107.24506378173828,109.59622192382812,61.465297698974609,54.393753051757812,31.214153289794922,0.085069358348846436,0.0058767544105648994,0,0,1.1769980192184448,0.78508692979812622,0.9597022533416748,0.69708037376403809,1.1777467727661133,2.0974602699279785,0,0,0,0
25,365,219000,-8.0577869415283203,0.026847232133150101,3.6838650703430176,106.66828155517578,108.80343627929688,63.156940460205078,52.197315216064453,32.429401397705078,0.084944106638431549,0.00047779301530681551,0,0,1.3133468627929688,0.74965274333953857,0.95196390151977539,0.64993375539779663,1.1786097288131714,1.2000808715820312,0,0,0,0
26,30,219720,-5.5681247711181641,0.047140192240476608,3.6228339672088623,103.78370666503906,104.48101043701172,143.29643249511719,41.002353668212891,36.593868255615234,0.084115169942378998,7.1174093818626716E-07,0,0,1.0941110849380493,0.77064216136932373,0.95196390151977539,0.64993375539779663,1.1786097288131714,1.2000808715820312,0,0,0,0
26,60,220440,-0.0793466717004776,0.02096095122396946,3.8853590488433838,112.96168518066406,109.41300201416016,129.89576721191406,37.102874755859375,33.884807586669922,0.08073955774307251,4.2392912291688845E-07,0,0,0.9473264217376709,0.75538915395736694,0.95196390151977539,0.64993375539779663,1.1786097288131714,1.2000808715820312,0,0,0,0
26,90,221160,6.0967912673950195,0.0012057629646733403,3.9526128768920898,121.71399688720703,157.91841125488281,10.82465934753418,39.358997344970703,28.257190704345703,0.081515341997146606,2.7556882287171902E-06,0,0,-3.206214427947998,0.7340349555015564,0.95196390151977539,0.64993375539779663,1.1786097288131714,1.2000808715820312,0,1,0,0
26,120,221880,17.511444091796875,0.019454987719655037,3.7395980358123779,118.29421234130859,150.29940795898438,0,49.988563537597656,23.547622680664062,0.083259135484695435,0.0001585374993737787,0,0,0.61310911178588867,0.72065913677215576,0.95196390151977539,0.64993375539779663,1.1786097288131714,1.2000808715820312,0,0,0,0
26,150,222600,23.634796142578125,0,3.5501086711883545,113.14091491699219,140.15829467773438,0,57.372550964355469,21.587907791137695,0.084810070693492889,0.0047707539051771164,0,0,0.69746512174606323,0.73858845233917236,0.95196390151977539,0.64993375539779663,1.1786097288131714,1.2000808715820312,0,0,0,0
26,180,223320,24.877658843994141,0,3.5084912776947021,109.19355010986328,129.54888916015625,0,60.263126373291016,22.115222930908203,0.08607955276966095,0.0045842942781746387,0,0,0.94189643859863281,0.78916561603546143,0.95196390151977539,0.64993375539779663,1.1786097288131714,1.2000808715820312,0,0,0,0
26,210,224040,21.329813003540039,0,3.5115342140197754,105.20729827880859,120.52864837646484,0,65.322463989257812,21.907749176025391,0.087316900491714478,0.0062255039811134338,0,0,1.1321700811386108,0.82853657007217407,0.95196390151977539,0.64993375539779663,1.1786097288131714,1.2000808715820312,0,0,0,0
26,240,224760,15.393396377563477,0,3.5398499965667725,102.15688323974609,112.06877899169922,0,75.467216491699219,19.194244384765625,0.088574148714542389,0.008098420687019825,0,0,3.0982680320739746,0.8062402606010437,0.95196390151977539,0.64993375539779663,1.1786097288131714,1.2000808715820312,1,0,0,0
26,270,225480,5.6166143417358398,0,3.4523470401763916,99.790603637695312,105.10812377929688,0,84.803153991699219,16.008550643920898,0.089772820472717285,0.0015385823789983988,0,0,1.818615198135376,0.72134560346603394,0.95196390151977539,0.64993375539779663,1.1786097288131714,1.2000808715820312,0,0,0,0
26,300,226200,-1.2602084875106812,0,3.413663387298584,98.396209716796875,99.1702880859375,0,85.933189392089844,13.481717109680176,0.090397745370864868,0.0036751469597220421,0,0,2.247150182723999,0.65115702152252197,0.95196390151977539,0.64993375539779663,1.1786097288131714,1.2000808715820312,0,0,0,0
26,330,226920,-6.2564711570739746,0.012484418228268623,3.4963588714599609,97.649444580078125,95.092071533203125,6.395601749420166,77.658721923828125,18.607492446899414,0.086525037884712219,0.00077529589179903269,0,0,2.0786194801330566,0.66717773675918579,0.95196390151977539,0.64993375539779663,1.1786097288131714,1.2000808715820312,0,0,0,0
26,360,227640,-9.4046211242675781,0.034762900322675705,3.6042301654815674,97.457298278808594,89.965774536132812,31.683500289916992,61.501808166503906,30.052007675170898,0.085508264601230621,3.5551398468669504E-05,0,0,0.25691309571266174,0.78082799911499023,0.97902995347976685,0.62350046634674072,1.1042366027832031,2.9261298179626465,0,0,0,0
26,365,227760,-9.5245962142944336,0.048936616629362106,3.5639104843139648,97.256141662597656,89.092170715332031,35.790172576904297,58.972789764404297,31.630857467651367,0.085380956530570984,0.00067348050652071834,0,0,-0.015993714332580566,0.79674476385116577,0.98404216766357422,0.61860543489456177,1.0904638767242432,3.2457683086395264,0,0,0,0
27,30,228480,-12.315611839294434,0.48120230436325073,3.3575632572174072,95.978622436523438,84.388755798339844,112.32032775878906,45.900245666503906,37.902259826660156,0.084637507796287537,0.0061334744095802307,0,0,-4.7789034843444824,0.81528562307357788,0.98404216766357422,0.61860543489456177,1.0904638767242432,3.2457683086395264,0,1,0,0
27,60,229200,-1.9475475549697876,0.20259885489940643,3.3829302787780762,103.01314544677734,84.032371520996094,194.80989074707031,38.194126129150391,38.172954559326172,0.082456491887569427,0.0079079242423176765,0,0,-0.29771941900253296,0.83234721422195435,0.98404216766357422,0.61860543489456177,1.0904638767242432,3.2457683086395264,0,0,0,0
27,90,229920,8.0525722503662109,0.001135963830165565,4.0282707214355469,124.50323486328125,166.84075927734375,11.652099609375,39.822563171386719,32.078296661376953,0.08179677277803421,0.0076676178723573685,0,0,-0.50209438800811768,0.85623335838317871,0.98404216766357422,0.61860543489456177,1.0904638767242432,3.2457683086395264,0,0,0,0
27,120,230640,16.595531463623047,0,3.7236506938934326,120.00271606445312,156.84173583984375,0,51.439666748046875,26.758981704711914,0.083551853895187378,0.007343838457018137,0,0,-0.63010942935943604,0.87119501829147339,0.98404216766357422,0.61860543489456177,1.0904638767242432,3.2457683086395264,0,0,0,0
27,150,231360,22.159673690795898,0,3.5822222232818604,114.8822021484375,145.72088623046875,0,60.852127075195312,23.748392105102539,0.085224464535713196,0.0050637940876185894,0,0,-0.63331568241119385,0.87123501300811768,0.98404216766357422,0.61860543489456177,1.0904638767242432,3.2457683086395264,0,0,0,0
27,180,232080,23.367462158203125,0,3.5424623489379883,110.28126525878906,135.05477905273438,0,65.248443603515625,23.407781600952148,0.086503118276596069,0.00011481757246656343,0,0,-0.62953686714172363,0.8698737621307373,0.98404216766357422,0.61860543489456177,1.0904638767242432,3.2457683086395264,0,0,0,0
27,210,232800,19.523159027099609,0,3.5658810138702393,106.81134796142578,124.48097229003906,0,71.899543762207031,22.461767196655273,0.087730608880519867,0.00021187370293773711,0,0,-0.62659525871276855,0.86881399154663086,0.98404216766357422,0.61860543489456177,1.0904638767242432,3.2457683086395264,0,0,0,0
27,240,233520,12.89875316619873,0,3.5797467231750488,103.98197174072266,115.14495086669922,0,83.342460632324219,19.041446685791016,0.088981777429580688,4.5394390326691791E-05,0,0,-0.46547338366508484,0.84814101457595825,0.98404216766357422,0.61860543489456177,1.0904638767242432,3.2457683086395264,0,0,0,0
27,270,234240,4.3257341384887695,0,3.5493214130401611,101.72338104248047,106.90264129638672,0,91.390235900878906,15.870137214660645,0.090173088014125824,6.5414465098001529E-06,0,0,0.076130956411361694,0.7788204550743103,0.98404216766357422,0.61860543489456177,1.0904638767242432,3.2457683086395264,0,0,0,0
27,300,234960,-2.615018367767334,0,3.5624792575836182,100.64891052246094,100.98231506347656,0.033686697483062744,91.448745727539062,13.856276512145996,0.089969173073768616,1.8634293155628256E-05,0,0,0.52391409873962402,0.72150808572769165,0.98404216766357422,0.61860543489456177,1.0904638767242432,3.2457683086395264,0,0,0,0
27,330,235680,-7.6190700531005859,0.0011449699522927403,3.5144851207733154,100.18099212646484,97.431205749511719,4.9615039825439453,78.648635864257812,23.104450225830078,0.086772799491882324,0.00037028026417829096,0,0,0.44052520394325256,0.73348581790924072,0.98404216766357422,0.61860543489456177,1.0904638767242432,3.2457683086395264,0,0,0,0
27,360,236400,-9.7022190093994141,0.38927373290061951,3.3531327247619629,98.54779052734375,92.800239562988281,43.155418395996094,61.097469329833984,34.856319427490234,0.085996426641941071,0.00024860855774022639,0,0,-0.21424801647663116,0.90203720331192017,1.0529800653457642,0.66435927152633667,1.0519105195999146,-2.6981155872344971,0,0,0,0
27,365,236520,-9.5350379943847656,0.10738624632358551,3.3103370666503906,98.358238220214844,91.914924621582031,63.920131683349609,58.583477020263672,36.229942321777344,0.085867710411548615,0.0074662207625806332,0,0,-0.30180838704109192,0.91418296098709106,1.0657463073730469,0.672832190990448,1.0447710752487183,-3.7988350391387939,0,0,0,0
28,30,237240,-6.4519076347351074,0.17065782845020294,3.0418219566345215,97.092117309570312,87.4796142578125,140.60452270507812,45.759284973144531,41.476596832275391,0.085108652710914612,0.0062507651746273041,0,0,-0.4172208309173584,0.89574849605560303,1.0657463073730469,0.672832190990448,1.0447710752487183,-3.798835277557373,0,0,0,0
28,60,237960,-0.97702294588088989,0.27816358208656311,3.877901554107666,111.30968475341797,94.123870849609375,179.47108459472656,40.179618835449219,39.274356842041016,0.082051567733287811,0.0042203892953693867,0,0,-0.7928423285484314,0.8970680832862854,1.0657463073730469,0.672832190990448,1.0447710752487183,-3.798835277557373,0,0,0,0
28,90,238680,8.7832126617431641,0.0014537533279508352,3.9852616786956787,124.08613586425781,169.80648803710938,7.1975193023681641,42.609455108642578,32.7845458984375,0.082140661776065826,8.049913594732061E-05,0,0,-1.3187124729156494,0.89891546964645386,1.0657463073730469,0.672832190990448,1.0447710752487183,-3.798835277557373,0,0,0,0
28,120,239400,16.681449890136719,0,3.7265636920928955,120.00412750244141,157.18820190429688,0,53.781314849853516,27.378389358520508,0.083889767527580261,0.00035952447797171772,0,0,-1.6481034755706787,0.90007269382476807,1.0657463073730469,0.672832190990448,1.0447710752487183,-3.798835277557373,0,0,0,0
28,150,240120,21.885896682739258,0,3.5984811782836914,115.30866241455078,146.891357421875,0,62.582401275634766,24.126262664794922,0.085525438189506531,2.7721003789338283E-05,0,0,-1.4208981990814209,0.91485941410064697,1.0657463073730469,0.672832190990448,1.0447710752487183,-3.798835277557373,0,0,0,0
28,180,240840,30.133796691894531,0,3.5312404632568359,110.37146759033203,136.33857727050781,0,65.364341735839844,24.524974822998047,0.086789511144161224,7.8529473057642463E-07,0,0,6.3970189094543457,0.95537328720092773,1.0657463073730469,0.672832190990448,1.0447710752487183,-3.798835277557373,1,0,0,0
28,210,241560,19.298881530761719,0,3.5351581573486328,106.56777954101562,126.02723693847656,0,71.10107421875,23.699785232543945,0.088021077215671539,2.8594078571586579E-07,0,0,-0.2530859112739563,0.98691070079803467,1.0657463073730469,0.672832190990448,1.0447710752487183,-3.798835277557373,0,0,0,0
28,240,242280,11.838316917419434,0,3.5818822383880615,104.32985687255859,116.34616088867188,0,83.155197143554688,20.036054611206055,0.089232280850410461,0.00033579251612536609,0,0,-0.17375396192073822,0.99089151620864868,1.0657463073730469,0.672832190990448,1.0447710752487183,-3.798835277557373,0,0,0,0
28,270,243000,2.7819054126739502,0,3.5652174949645996,102.8253173828125,108.57862091064453,0,90.195114135742188,16.688945770263672,0.090426914393901825,0.0018629340920597315,0,0,-0.034539788961410522,0.99640488624572754,1.0657463073730469,0.672832190990448,1.0447710752487183,-3.798835277557373,0,0,0,0
28,300,243720,-4.8391447067260742,0.051191989332437515,3.6936953067779541,109.05466461181641,109.14884948730469,43.747234344482422,87.477813720703125,16.894477844238281,0.088828526437282562,0.007375180721282959,0,0,0.080558568239212036,1.0009632110595703,1.0657463073730469,0.672832190990448,1.0447710752487183,-3.798835277557373,0,0,0,0
28,330,244440,-15.274358749389648,0.14341031014919281,3.6713912487030029,107.58494567871094,102.38721466064453,76.610809326171875,70.640518188476562,29.492349624633789,0.086969085037708282,0.0085022198036313057,0,0,-6.7256193161010742,0.98282355070114136,1.0657463073730469,0.672832190990448,1.0447710752487183,-3.798835277557373,0,1,0,0
28,360,245160,-6.4263181686401367,0.072777897119522095,3.4113521575927734,104.36235046386719,98.048995971679688,120.00193786621094,55.023628234863281,38.653244018554688,0.086182460188865662,0.0067500090226531029,0,0,2.8174397945404053,0.84342062473297119,1.1952095031738281,0.88207471370697021,0.92455363273620605,-4.042121410369873,0,0,0,0
28,365,245280,-5.6482629776000977,0.017564393579959869,3.3481807708740234,104.11479187011719,97.425254821777344,128.44477844238281,53.110458374023438,39.345218658447266,0.086003303527832031,0.0005082399002276361,0,0,3.4951138496398926,0.8085482120513916,1.2191841602325439,0.92082333564758301,0.90229111909866333,-4.0871744155883789,0,0,0,0
29,30,246000,-2.1994774341583252,0.021566230803728104,3.3770639896392822,104.25656890869141,95.382476806640625,149.76498413085938,44.627670288085938,40.26263427734375,0.083668902516365051,5.5256964515137952E-06,0,0,3.6841773986816406,0.77155572175979614,1.2191841602325439,0.92082333564758301,0.90229111909866333,-4.0871744155883789,0,0,0,0
29,60,246720,4.5457601547241211,0.00037180510116741061,3.8969933986663818,119.5677490234375,133.90298461914062,43.140922546386719,44.360164642333984,34.165367126464844,0.082005493342876434,9.774640784598887E-05,0,0,3.2640924453735352,0.83173900842666626,1.2191841602325439,0.92082333564758301,0.90229111909866333,-4.0871744155883789,0,0,0,0
29,90,247440,13.050359725952148,0.067914903163909912,3.8064811229705811,118.40901947021484,143.15141296386719,0,50.997062683105469,28.509279251098633,0.083764344453811646,8.405232620134484E-06,0,0,2.675973653793335,0.91599559783935547,1.2191841602325439,0.92082333564758301,0.90229111909866333,-4.0871744155883789,0,0,0,0
29,120,248160,20.592086791992188,0,3.6252908706665039,114.17143249511719,134.09616088867188,0,61.208976745605469,24.060468673706055,0.08542749285697937,0.0027405510190874338,0,0,2.307591438293457,0.96877175569534302,1.2191841602325439,0.92082333564758301,0.90229111909866333,-4.0871744155883789,0,0,0,0
29,150,248880,25.873668670654297,0,3.5293257236480713,109.41534423828125,124.92921447753906,0,65.661788940429688,23.456138610839844,0.086687073111534119,0.0044927946291863918,0,0,2.6397774219512939,0.96827584505081177,1.2191841602325439,0.92082333564758301,0.90229111909866333,-4.0871744155883789,0,0,0,0
29,180,249600,27.248531341552734,0,3.4797964096069336,104.73418426513672,116.27721405029297,0,65.700912475585938,25.46605110168457,0.087909311056137085,0.0042680418118834496,0,0,3.5887041091918945,0.9617239236831665,1.2191841602325439,0.92082333564758301,0.90229111909866333,-4.0871744155883789,0,0,0,0
29,210,250320,23.753183364868164,0,3.3556435108184814,101.67277526855469,107.97662353515625,0,67.540397644042969,26.164529800415039,0.089136548340320587,0.0084735723212361336,0,0,4.3273811340332031,0.9566236138343811,1.2191841602325439,0.92082333564758301,0.90229111909866333,-4.0871744155883789,0,0,0,0
29,240,251040,15.96781063079834,0,2.8614614009857178,98.955520629882812,100.78582000732422,0,77.902297973632812,23.22613525390625,0.090309575200080872,0.0079638529568910599,0,0,4.1195125579833984,0.96303445100784302,1.2191841602325439,0.92082333564758301,0.90229111909866333,-4.0871744155883789,0,0,0,0
29,270,251760,5.864079475402832,0,2.4102640151977539,96.151268005371094,95.101654052734375,0,88.130096435546875,19.400358200073242,0.09145684540271759,0.0047446959652006626,0,0,3.2351114749908447,0.98588889837265015,1.2191841602325439,0.92082333564758301,0.90229111909866333,-4.0871744155883789,0,0,0,0
29,300,252480,-1.8148331642150879,0,2.1189279556274414,102.88449096679688,98.065017700195312,0.034990988671779633,89.120399475097656,16.363136291503906,0.091736026108264923,0.0052330624312162399,0,0,2.5039138793945312,1.0047843456268311,1.2191841602325439,0.92082333564758301,0.90229111909866333,-4.0871744155883789,0,0,0,0
29,330,253200,-6.0405144691467285,1.4161607027053833,2.0109107494354248,102.30473327636719,94.94659423828125,19.906778335571289,79.373893737792969,22.492036819458008,0.087817475199699402,0.00069368828553706408,0,0,2.6633894443511963,0.96436858177185059,1.2191841602325439,0.92082333564758301,4.1489734649658203,-4.0871744155883789,0,0,1,0
29,360,253920,-8.8767166137695312,0.01013227179646492,1.8569011688232422,100.76637268066406,91.283172607421875,70.782386779785156,63.681358337402344,33.0230712890625,0.086653433740139008,0.0012600616319105029,0,0,0.79971766471862793,0.48101082444190979,1.2010164260864258,0.72851866483688354,0.98829060792922974,-0.095167160034179688,0,0,0,0
29,365,254040,-9.1185588836669922,0.017468702048063278,1.8243429660797119,100.42386627197266,90.611442565917969,70.194351196289062,61.079906463623047,34.589702606201172,0.086521826684474945,0.0029947657603770494,0,0,0.29533207416534424,0.40803128480911255,1.1976521015167236,0.69290667772293091,1.0042164325714111,0.64409351348876953,0,0,0,0
30,30,254760,-6.3892745971679688,0.021756287664175034,1.6053130626678467,99.273681640625,87.048057556152344,80.083732604980469,48.864112854003906,39.907546997070312,0.085607796907424927,0.0067693842574954033,0,0,0.21319723129272461,0.39308464527130127,1.1976521015167236,0.69290667772293091,1.0042164325714111,0.64409375190734863,0,0,0,0
30,60,255480,-0.48873162269592285,3.3383130357833579E-05,1.7909561395645142,102.44124603271484,88.019981384277344,60.834018707275391,43.135848999023438,38.414134979248047,0.082712255418300629,0.0086856195703148842,0,0,-0.13498461246490479,0.42886683344841003,1.1976521015167236,0.69290667772293091,1.0042164325714111,0.64409375190734863,0,0,0,0
30,90,256200,8.4489459991455078,0,2.2654526233673096,107.08394622802734,112.47296905517578,2.6027193069458008,46.765438079833984,32.200664520263672,0.083533547818660736,0.0084999836981296539,0,0,-0.62243914604187012,0.47896185517311096,1.1976521015167236,0.69290667772293091,1.0042164325714111,0.64409375190734863,0,0,0,0
30,120,256920,16.46837043762207,0,2.1955490112304688,103.21516418457031,106.05907440185547,0,58.800632476806641,26.916233062744141,0.085375271737575531,0.008497387170791626,0,0,-0.92776781320571899,0.51034009456634521,1.1976521015167236,0.69290667772293091,1.0042164325714111,0.64409375190734863,0,0,0,0
30,150,257640,22.071468353271484,0,1.7311605215072632,99.598358154296875,99.375694274902344,0,67.753158569335938,24.261037826538086,0.086854763329029083,0.0061552887782454491,0,0,-0.68795281648635864,0.47763863205909729,1.1976521015167236,0.69290667772293091,1.0042164325714111,0.64409375190734863,0,0,0,0
30,180,258360,23.718315124511719,0,0.90970146656036377,96.85150146484375,92.8585205078125,0,71.442581176757812,24.633779525756836,0.088079065084457397,0.00037621910450980067,0,0,0.00097864866256713867,0.38470366597175598,1.1976521015167236,0.69290667772293091,1.0042164325714111,0.64409375190734863,0,0,0,0
30,210,259080,20.466318130493164,0,0.11758719384670258,93.996902465820312,87.478424072265625,0,76.560134887695312,24.226522445678711,0.089294634759426117,0.0012932170648127794,0,0,0.53726655244827271,0.31235992908477783,1.1976521015167236,0.69290667772293091,1.0042164325714111,0.64409375190734863,0,0,0,0
30,240,259800,13.234271049499512,0,0.059834059327840805,91.397125244140625,82.93927001953125,0,87.81494140625,20.785079956054688,0.090501971542835236,0.00025389069924131036,0,0,0.57242608070373535,0.33207467198371887,1.1976521015167236,0.69290667772293091,1.0042164325714111,0.64409375190734863,0,0,0,0
30,270,260520,4.0439844131469727,0,0.086848720908164978,89.584541320800781,78.530136108398438,0,96.247833251953125,17.335773468017578,0.091657750308513641,4.4993856818109634E-07,0,0,0.5566713809967041,0.41652494668960571,1.2285633087158203,0.69290667772293091,1.0042164325714111,0.64409375190734863,0,0,0,0
30,300,261240,-3.2330572605133057,0,0.083669617772102356,88.401107788085938,74.872802734375,0.023025156930088997,96.046165466308594,15.463455200195312,0.091041646897792816,2.2785445707995677E-06,0,0,0.54364579916000366,0.486346036195755,1.1976521015167236,0.69290667772293091,1.0042164325714111,0.64409375190734863,0,0,0,0
30,330,261960,-7.8553776741027832,0,0.10007486492395401,88.55340576171875,71.80517578125,1.0922396183013916,81.919952392578125,26.029720306396484,0.088118582963943481,6.8887929955963045E-05,0,0,0.48990935087203979,0.4745924174785614,1.1976521015167236,0.69290667772293091,1.0042164325714111,0.64409375190734863,0,0,0,0
30,360,262680,-9.2859373092651367,0.092216841876506805,0.14718861877918243,88.308280944824219,68.524810791015625,24.302745819091797,63.958709716796875,37.958839416503906,0.087310768663883209,0.0015736449277028441,0,0,0.34131616353988647,0.92784571647644043,1.008033275604248,0.89943921566009521,0.87761300802230835,-0.49331080913543701,0,0,0,0
30,365,262800,-9.1905746459960938,0.093988940119743347,0.11408768594264984,88.231925964355469,68.045623779296875,33.200260162353516,61.332798004150391,39.379268646240234,0.087178595364093781,0.0078164264559745789,0,0,0.29940289258956909,1.0095227956771851,0.97291874885559082,0.93768602609634399,0.85416793823242188,-0.70394134521484375,0,0,0,0
31,30,263520,-6.3856925964355469,0.18593890964984894,0.076515018939971924,88.126167297363281,65.271530151367188,99.999885559082031,48.083480834960938,44.652896881103516,0.086415849626064301,0.0095175784081220627,0,0,0.20413759350776672,0.98423844575881958,0.97291874885559082,0.93768602609634399,0.85416793823242188,-0.70394134521484375,0,0,0,0
31,60,264240,-0.61501973867416382,0.12955993413925171,1.035798192024231,107.66796112060547,78.44842529296875,147.23942565917969,42.475399017333984,41.910678863525391,0.083197049796581268,0.0020973752252757549,0,0,0.20990303158760071,1.0065542459487915,0.97291874885559082,0.93768602609634399,0.85416793823242188,-0.70394134521484375,0,0,0,0
31,90,264960,9.6856908798217773,0.0069857733324170113,3.8308696746826172,117.83917236328125,162.64219665527344,0.84739553928375244,45.639385223388672,34.929965972900391,0.083612337708473206,9.9712793598882854E-05,0,0,0.21797466278076172,1.0377962589263916,0.97291874885559082,0.93768602609634399,0.85416793823242188,-0.70394134521484375,0,0,0,0
31,120,265680,18.006076812744141,0,3.7032911777496338,114.92512512207031,150.08477783203125,0,56.946338653564453,29.209133148193359,0.085346899926662445,0.00047920100041665137,0,0,0.22303052246570587,1.0573654174804688,0.97291874885559082,0.93768602609634399,0.85416793823242188,-0.70394134521484375,0,0,0,0
31,150,266400,22.545780181884766,0.00048233094275929034,3.6493179798126221,111.69061279296875,143.46604919433594,0,64.614616394042969,26.242521286010742,0.086832121014595032,0.0014620078727602959,0,0,0.11944380402565002,1.0700300931930542,1.3756530284881592,0.93768602609634399,0.85416793823242188,-0.70394134521484375,0,0,0,1
31,180,267120,23.647323608398438,0,3.5635764598846436,106.88619995117188,133.08943176269531,0,68.205642700195312,26.053129196166992,0.088066518306732178,3.9706233110337052E-06,0,0,-0.16566458344459534,1.1029025316238403,0.97291874885559082,0.93768602609634399,0.85416793823242188,-0.70394134521484375,0,0,0,0
31,210,267840,19.536035537719727,0,3.5525767803192139,103.82962036132812,121.95494079589844,0,74.606697082519531,24.740056991577148,0.089285083115100861,1.9864852163209434E-07,0,0,-0.38760274648666382,1.1284917593002319,0.97291874885559082,0.93768602609634399,0.85416793823242188,-0.70394134521484375,0,0,0,0
31,240,268560,12.277913093566895,0.021051287651062012,3.5985982418060303,101.12849426269531,112.42083740234375,0,85.776321411132812,21.301277160644531,0.090473100543022156,4.6184144594008103E-05,0,0,-0.24813640117645264,1.131325364112854,0.97291874885559082,0.93768602609634399,0.85416793823242188,-0.70394134521484375,0,0,0,0
31,270,269280,3.6868207454681396,0,3.4811334609985352,100.0224609375,104.51348876953125,0,93.820442199707031,17.788028717041016,0.09161800891160965,0.0004359650774858892,0,0,0.27680736780166626,1.1344645023345947,0.97291874885559082,0.93768602609634399,0.85416793823242188,-0.70394134521484375,0,0,0,0
31,300,270000,-3.1238203048706055,0,3.2460885047912598,100.17238616943359,99.574272155761719,0.68748378753662109,93.460044860839844,15.894579887390137,0.090836532413959503,0.0084554469212889671,0,0,0.71081602573394775,1.1370599269866943,0.97291874885559082,0.93768602609634399,0.85416793823242188,-0.70394134521484375,0,0,0,0
31,330,270720,-7.9180073738098145,0.067830979824066162,3.1712350845336914,100.63209533691406,95.561683654785156,18.280515670776367,79.091499328613281,26.468208312988281,0.087872974574565887,0.0062837386503815651,0,0,0.65379273891448975,1.1101126670837402,0.97291874885559082,0.93768602609634399,0.85416793823242188,-0.70394134521484375,0,0,0,0
31,360,271440,-9.5961074829101562,0.1645018607378006,2.9473261833190918,99.530479431152344,90.251472473144531,90.762710571289062,61.542919158935547,37.784885406494141,0.087065525352954865,0.0080352528020739555,0,0,-0.22722452878952026,1.0145310163497925,1.0329265594482422,1.029118537902832,1.0076144933700562,-6.7490792274475098,0,0,0,0
31,365,271560,-9.4700899124145508,0.11751442402601242,2.9123613834381104,99.402824401855469,89.364883422851562,102.24542999267578,58.983860015869141,39.098285675048828,0.086933054029941559,0.00018863036530092359,0,0,-0.47806179523468018,1.0136696100234985,1.0440391302108765,1.0460505485534668,1.0360305309295654,-7.8685493469238281,0,0,0,0
32,30,272280,-6.1940045356750488,0.18630190193653107,2.675743579864502,98.389823913574219,84.890228271484375,216.49237060546875,46.236221313476562,43.756263732910156,0.086132101714611053,0.00018334476044401526,0,0,-0.78016293048858643,1.0120958089828491,1.0440391302108765,1.0460505485534668,1.0360305309295654,-7.8685493469238281,0,0,0,0
32,60,273000,-0.086461737751960754,0.11634945124387741,3.9225928783416748,115.03324890136719,101.20937347412109,230.71476745605469,41.083450317382812,40.380664825439453,0.082869917154312134,1.3709559425478801E-05,0,0,-0.76980280876159668,0.9783516526222229,1.0440391302108765,1.0460505485534668,1.0360305309295654,-7.8685493469238281,0,0,0,0
32,90,273720,10.344905853271484,0,3.9668152332305908,129.31549072265625,185.84654235839844,3.6435298919677734,44.592491149902344,33.640598297119141,0.083573982119560242,1.02841954685573E-06,0,0,-0.75529849529266357,0.93110984563827515,1.0440391302108765,1.0460505485534668,1.0360305309295654,-7.8685493469238281,0,0,0,0
32,120,274440,18.202817916870117,0,3.7506065368652344,122.16988372802734,174.19621276855469,0,55.933128356933594,28.111015319824219,0.08528977632522583,0.0012318202061578631,0,0,-0.74621343612670898,0.90151888132095337,1.0440391302108765,1.0460505485534668,1.0360305309295654,-7.8685493469238281,0,0,0,0
32,150,275160,22.6204833984375,0,3.6198437213897705,116.89744567871094,160.41136169433594,0,64.131858825683594,25.340724945068359,0.086762264370918274,0.0033307201229035854,0,0,-0.89547717571258545,0.91262805461883545,1.0440391302108765,1.0460505485534668,1.0360305309295654,-7.8685493469238281,0,0,0,0
32,180,275880,22.238544464111328,0,3.5601584911346436,111.74197387695312,148.9510498046875,0,68.909255981445312,24.713611602783203,0.088007397949695587,0.0039871702902019024,0,0,-1.3064825534820557,0.94606119394302368,1.0440391302108765,1.0460505485534668,1.0360305309295654,-7.8685493469238281,0,0,0,0
32,210,276600,17.352787017822266,0,3.5612668991088867,107.86151123046875,137.48046875,0,77.63916015625,22.664594650268555,0.089220218360424042,0.0080658560618758202,0,0,-1.6264230012893677,0.97208660840988159,1.0440391302108765,1.0460505485534668,1.0360305309295654,-7.8685493469238281,0,0,0,0
32,240,277320,9.9435110092163086,0,3.6021232604980469,105.44175720214844,126.6829833984375,0,89.570457458496094,18.914115905761719,0.090429365634918213,0.0073476140387356281,0,0,-1.2991921901702881,0.97855949401855469,1.0440391302108765,1.0460505485534668,1.0360305309295654,-7.8685493469238281,0,0,0,0
32,270,278040,1.8033968210220337,0.14596003293991089,3.7789745330810547,104.99148559570312,117.77953338623047,0.0028563658706843853,95.558563232421875,15.792534828186035,0.091574050486087799,0.005140046589076519,0,0,-0.11772263050079346,0.99383950233459473,1.0440391302108765,1.0460505485534668,1.0360305309295654,-7.8685493469238281,0,0,0,0
32,300,278760,-4.0470819473266602,0,3.6485741138458252,106.38561248779297,111.39299011230469,1.5981084108352661,93.236366271972656,15.406017303466797,0.089787140488624573,0.0044897273182868958,0,0,0.85908305644989014,1.0064725875854492,1.0440391302108765,1.0460505485534668,1.0360305309295654,-7.8685493469238281,0,0,0,0
32,330,279480,-8.4297981262207031,0.025662355124950409,3.7019612789154053,106.46762847900391,106.07025909423828,31.009794235229492,77.099510192871094,27.727415084838867,0.087380103766918182,0.00042536301771178842,0,0,0.64327383041381836,1.0088911056518555,1.0440391302108765,1.0460505485534668,1.0360305309295654,-7.8685493469238281,0,0,0,0
32,360,280200,-10.287445068359375,0.15697970986366272,3.6640417575836182,103.34408569335938,101.55171966552734,97.377700805664062,59.970897674560547,38.568115234375,0.086580239236354828,0.00065333617385476828,0,0,-0.73834699392318726,0.83026087284088135,1.0371018648147583,0.93182390928268433,0.90889769792556763,-1.5053682327270508,0,0,0,0
32,365,280320,-10.370307922363281,0.086057253181934357,3.6639492511749268,102.83990478515625,100.81688690185547,103.28475952148438,57.503013610839844,39.822673797607422,0.086449749767780304,0.0023407572880387306,0,0,-0.99004685878753662,0.79275804758071899,1.0358171463012695,0.91067081689834595,0.88535457849502563,-0.32700109481811523,0,0,0,0
33,30,281040,-7.7873764038085938,0.2401101291179657,3.5765290260314941,101.37013244628906,95.185195922851562,187.30586242675781,44.732940673828125,44.507106781005859,0.085683286190032959,0.0059157307259738445,0,0,-1.3136547803878784,0.78641897439956665,1.0358171463012695,0.91067081689834595,0.88535457849502563,-0.32700109481811523,0,0,0,0
33,60,281760,-1.6852128505706787,0.18813478946685791,3.677396297454834,107.42536926269531,94.172584533691406,216.42269897460938,37.699935913085938,42.959663391113281,0.083316877484321594,0.0066756643354892731,0,0,-0.77209585905075073,0.80175089836120605,1.0358171463012695,0.91067081689834595,0.88535457849502563,-0.32700109481811523,0,0,0,0
33,90,282480,9.4229412078857422,0,4.210568904876709,126.23810577392578,173.250732421875,12.191228866577148,39.610984802246094,35.865169525146484,0.083009980618953705,0.0075184670276939869,0,0,-0.013913273811340332,0.8232155442237854,1.0358171463012695,0.91067081689834595,0.88535457849502563,-0.32700109481811523,0,0,0,0
33,120,283200,18.248598098754883,0,3.7114758491516113,119.68527984619141,161.13047790527344,0,50.619548797607422,30.005960464477539,0.084741562604904175,0.0084291044622659683,0,0,0.46099221706390381,0.83666044473648071,1.0358171463012695,0.91067081689834595,0.88535457849502563,-0.32700109481811523,0,0,0,0
33,150,283920,23.383378982543945,0,3.5772950649261475,114.12673950195312,149.25794982910156,0,57.640796661376953,26.864580154418945,0.086366526782512665,0.0029316926375031471,0,0,0.35130345821380615,0.8374750018119812,1.0358171463012695,0.91067081689834595,0.88535457849502563,-0.32700109481811523,0,0,0,0
33,180,284640,23.876613616943359,0,3.5363860130310059,110.23499298095703,136.90487670898438,0,61.149303436279297,26.224103927612305,0.087620258331298828,0.0019229772733524442,0,0,0.0032272040843963623,0.83839094638824463,1.0358171463012695,0.91067081689834595,0.88535457849502563,-0.32700109481811523,0,0,0,0
33,210,285360,24.899873733520508,0,3.5037930011749268,106.78822326660156,126.05657196044922,0,65.357444763183594,25.738658905029297,0.088829107582569122,0.00012241877266205847,0,0,5.6954245567321777,0.83910393714904785,1.0358171463012695,0.91067081689834595,0.88535457849502563,-0.32700109481811523,1,0,0,0
33,240,286080,12.527908325195312,0,3.5564374923706055,103.58274078369141,117.34793853759766,0,77.249168395996094,21.914604187011719,0.090031519532203674,8.5125415353104472E-05,0,0,-0.1479077935218811,0.83774024248123169,1.0358171463012695,0.91067081689834595,0.88535457849502563,-0.32700109481811523,0,0,0,0
33,270,286800,3.8315317630767822,0,3.5531759262084961,101.63735198974609,109.36119842529297,0,85.326728820800781,18.270519256591797,0.091202482581138611,9.4591729293824756E-07,0,0,0.32316097617149353,0.83297163248062134,1.0358171463012695,0.91067081689834595,0.88535457849502563,-0.32700109481811523,0,0,0,0
33,300,287520,-3.0219738483428955,0,3.5646626949310303,100.98770141601562,103.21474456787109,0.039099186658859253,85.070884704589844,16.07878303527832,0.090632811188697815,0.00013287524052429944,0,0,0.71262741088867188,0.8290291428565979,1.0358171463012695,0.91067081689834595,0.88535457849502563,-0.32700109481811523,0,0,0,0
33,330,288240,-8.0805072784423828,0.12950117886066437,3.6708576679229736,101.31682586669922,98.645957946777344,10.247920036315918,72.398963928222656,24.89739990234375,0.087634958326816559,2.6629588319337927E-05,0,0,0.3777974545955658,0.82103651762008667,1.0358171463012695,0.91067081689834595,0.88535457849502563,-0.32700109481811523,0,0,0,0
33,360,288960,-9.9711008071899414,0.073050402104854584,3.5069799423217773,99.164230346679688,93.951828002929688,53.263256072998047,56.140861511230469,35.149021148681641,0.086834602057933807,0.00035918940557166934,0,0,-0.54677790403366089,0.87119871377944946,0.94256281852722168,0.96865218877792358,0.93766319751739502,-4.1089076995849609,0,0,0,0
33,365,289080,-9.7093019485473633,0.10810426622629166,3.4632751941680908,98.8199462890625,93.211906433105469,61.156894683837891,53.830604553222656,36.343639373779297,0.086703158915042877,0.0068129217252135277,0,0,-0.54349988698959351,0.88487958908081055,0.92529350519180298,0.979389488697052,0.94734996557235718,-4.8092608451843262,0,0,0,0
34,30,289800,-6.4703831672668457,0.19850003719329834,3.2217960357666016,97.209625244140625,88.791587829589844,150.08087158203125,41.887332916259766,40.608470916748047,0.085932478308677673,0.007001838181167841,0,0,-0.59873557090759277,0.88653683662414551,0.92529350519180298,0.979389488697052,0.94734996557235718,-4.8092608451843262,0,0,0,0
34,60,290520,-0.02692718431353569,0.078454948961734772,3.8477880954742432,113.33808135986328,100.73088073730469,159.200439453125,37.100635528564453,37.7552490234375,0.082814663648605347,0.0017255073180422187,0,0,-0.11368978023529053,0.91021448373794556,0.92529350519180298,0.979389488697052,0.94734996557235718,-4.8092608451843262,0,0,0,0
34,90,291240,10.921619415283203,0,3.8700728416442871,123.42266845703125,168.02767944335938,0.17375583946704865,41.222896575927734,31.468301773071289,0.083628810942173004,0.00033012597123160958,0,0,0.56537425518035889,0.94336318969726562,0.92529350519180298,0.979389488697052,0.94734996557235718,-4.8092608451843262,0,0,0,0
34,120,291960,19.465232849121094,0,3.6933088302612305,119.28578186035156,153.92849731445312,0,52.385795593261719,26.388044357299805,0.085349693894386292,0.00033120656735263765,0,0,0.9907219409942627,0.96412664651870728,0.92529350519180298,0.979389488697052,0.94734996557235718,-4.8092608451843262,0,0,0,0
34,150,292680,23.7784423828125,0,3.6177401542663574,114.37770080566406,142.99722290039062,0,58.771007537841797,24.25364875793457,0.086837075650691986,2.2799476937507279E-06,0,0,0.76134496927261353,0.98127168416976929,0.92529350519180298,0.979389488697052,0.94734996557235718,-4.8092608451843262,0,0,0,0
34,180,293400,23.77033805847168,0,3.5351200103759766,110.14974212646484,132.39190673828125,0,62.226112365722656,24.223194122314453,0.088087126612663269,2.628817696859187E-07,0,0,0.0892905592918396,1.0263367891311646,0.92529350519180298,0.979389488697052,0.94734996557235718,-4.8092608451843262,0,0,0,0
34,210,294120,18.87708854675293,0.011216915212571621,3.5588967800140381,106.48947906494141,122.97631072998047,0,69.803321838378906,22.857706069946289,0.0892840176820755,1.091721514967503E-06,0,0,-0.43385958671569824,1.0614169836044312,0.92529350519180298,0.979389488697052,0.94734996557235718,-4.8092608451843262,0,0,0,0
34,240,294840,11.392915725708008,0,3.5769670009613037,104.20574951171875,113.73908996582031,0,82.526512145996094,19.315385818481445,0.090455763041973114,1.5225378291461311E-08,0,0,-0.42101863026618958,1.0400301218032837,0.92529350519180298,0.979389488697052,0.94734996557235718,-4.8092608451843262,0,0,0,0
34,270,295560,2.3546867370605469,0,3.5360214710235596,102.07374572753906,107.0074462890625,0,89.584564208984375,16.113471984863281,0.091611526906490326,0.0018637451576068997,0,0,-0.24697861075401306,0.95926892757415771,0.92529350519180298,0.979389488697052,0.94734996557235718,-4.8092608451843262,0,0,0,0
34,300,296280,-4.6300544738769531,0,3.5986108779907227,102.40253448486328,102.67941284179688,1.6302905082702637,87.288253784179688,15.913567543029785,0.089787296950817108,0.0062600034289062023,0,0,-0.10308721661567688,0.8924979567527771,0.92529350519180298,0.979389488697052,0.94734996557235718,-4.8092608451843262,0,0,0,0
34,330,297000,-9.1599349975585938,0.031241890043020248,3.5970585346221924,100.88169860839844,99.091438293457031,51.364944458007812,70.989212036132812,28.220918655395508,0.087783798575401306,0.0060968920588493347,0,0,-0.18666233122348785,0.88618618249893188,0.92529350519180298,0.979389488697052,0.94734996557235718,-4.8092608451843262,0,0,0,0
34,360,297720,-11.25017261505127,0.13964062929153442,3.355424165725708,98.915260314941406,94.485008239746094,108.72158813476562,55.074489593505859,37.736885070800781,0.086976818740367889,0.0081082293763756752,0,0,-1.5566272735595703,0.86395925283432007,0.90658152103424072,0.89085555076599121,1.0979264974594116,2.4217681884765625,0,0,0,0
34,365,297840,-11.330714225769043,0.088568560779094696,3.3189864158630371,98.722877502441406,93.601631164550781,115.63284301757812,52.808097839355469,38.809490203857422,0.086845189332962036,4.190250183455646E-05,0,0,-1.7795408964157104,0.85683488845825195,0.90311634540557861,0.87446033954620361,1.1258111000061035,3.7608475685119629,0,0,0,0
35,30,298560,-8.8472518920898438,0.36919301748275757,3.0918717384338379,97.15704345703125,89.1256103515625,203.5506591796875,41.041599273681641,42.736759185791016,0.086071096360683441,0.00015519732551183552,0,0,-1.7834962606430054,0.84880781173706055,0.90311634540557861,0.87446033954620361,1.1258111000061035,3.7608480453491211,0,0,0,0
35,60,299280,-5.5456194877624512,0.56590539216995239,3.0166149139404297,96.432411193847656,85.245681762695312,325.05648803710938,32.166275024414062,42.999126434326172,0.085243590176105499,4.7096986577344069E-07,0,0,-4.4629554748535156,0.8335726261138916,0.90311634540557861,0.87446033954620361,1.1258111000061035,3.7608480453491211,0,1,0,0
35,90,300000,7.672999382019043,0.0029257300775498152,4.4282145500183105,137.13261413574219,185.09115600585938,51.216190338134766,31.264240264892578,36.366474151611328,0.084155730903148651,0.00011077886301791295,0,0,-0.31275677680969238,0.81224346160888672,0.90311634540557861,0.87446033954620361,1.1258111000061035,3.7608480453491211,0,0,0,0
35,120,300720,17.406484603881836,0,3.7653601169586182,125.90372467041016,183.79501342773438,0,42.356769561767578,30.194190979003906,0.085832953453063965,3.6428627936402336E-07,0,0,0.22462868690490723,0.79888337850570679,0.90311634540557861,0.87446033954620361,1.1258111000061035,3.7608480453491211,0,0,0,0
35,150,301440,22.541259765625,0,3.6356339454650879,119.41017150878906,169.53407287597656,0,51.305004119873047,26.504785537719727,0.087338447570800781,0.0036562406457960606,0,0,-0.24527096748352051,0.7988898754119873,0.90311634540557861,0.87446033954620361,1.1258111000061035,3.7608480453491211,0,0,0,0
35,180,302160,23.145095825195312,0,3.5816161632537842,114.43818664550781,156.09342956542969,0,56.927600860595703,25.048061370849609,0.088544465601444244,0.0036756517365574837,0,0,-1.209259033203125,0.80022144317626953,0.90311634540557861,0.87446033954620361,1.1258111000061035,3.7608480453491211,0,0,0,0
35,210,302880,17.943017959594727,0,3.5637931823730469,110.52667236328125,143.64976501464844,0,63.87493896484375,23.580148696899414,0.089727818965911865,0.0068913246504962444,0,0,-2.6353497505187988,0.80125796794891357,0.90311634540557861,0.87446033954620361,1.1258111000061035,3.7608480453491211,0,0,0,0
35,240,303600,10.966462135314941,0,3.6094071865081787,107.46421813964844,132.68675231933594,0,76.533729553222656,19.771907806396484,0.090899892151355743,0.0039440584369003773,0,0,-2.5512914657592773,0.81311696767807007,0.90311634540557861,0.87446033954620361,1.1258111000061035,3.7608480453491211,0,0,0,0
35,270,304320,2.424767017364502,0,3.6223723888397217,106.65628814697266,122.1610107421875,0,83.329116821289062,16.486648559570312,0.092041164636611938,0.007224690169095993,0,0,-2.0067517757415771,0.85277539491653442,0.90311634540557861,0.87446033954620361,1.1258111000061035,3.7608480453491211,0,0,0,0
35,300,305040,-4.5712175369262695,0,3.6395285129547119,107.98310089111328,114.86969757080078,1.2391583919525146,81.357742309570312,16.015764236450195,0.090278320014476776,0.0019596177153289318,0,0,-1.5565416812896729,0.88556391000747681,0.90311634540557861,0.87446033954620361,1.1258111000061035,3.7608480453491211,0,0,0,0
35,330,305760,-9.7349634170532227,0.019069215282797813,3.7352538108825684,107.48857116699219,108.77238464355469,22.044576644897461,65.630783081054688,27.440135955810547,0.088358797132968903,5.5398690165020525E-05,0,0,-1.5723471641540527,0.8817562460899353,0.90311634540557861,0.87446033954620361,1.1258111000061035,3.7608480453491211,0,0,0,0
35,360,306480,-12.398642539978027,0.15290394425392151,3.6663873195648193,104.37636566162109,103.81633758544922,86.929641723632812,50.883201599121094,35.981899261474609,0.087538488209247589,0.0010597214568406343,0,0,-2.8662636280059814,0.90684801340103149,0.9238542914390564,0.79850286245346069,0.967612624168396,-1.742530345916748,0,0,0,0
35,365,306600,-12.432788848876953,0.15669897198677063,3.6644234657287598,103.72992706298828,103.19412231445312,110.64369201660156,48.789291381835938,36.901706695556641,0.087404705584049225,0.0019780220463871956,0,0,-3.1860358715057373,0.90399980545043945,0.92769467830657959,0.78443664312362671,0.93831664323806763,-2.7616744041442871,0,0,0,0
36,30,307320,-9.4923095703125,0.27004662156105042,3.6535029411315918,101.68656158447266,98.070304870605469,224.41847229003906,37.916236877441406,40.278453826904297,0.086618013679981232,0.0046658525243401527,0,0,-3.3683528900146484,0.8867911696434021,0.92769467830657959,0.78443664312362671,0.93831664323806763,-2.7616744041442871,0,0,0,0
36,60,308040,-3.2082102298736572,1.959847092628479,3.913475513458252,104.1014404296875,94.084884643554688,319.78060913085938,30.501968383789062,39.524135589599609,0.085052460432052612,0.0049479855224490166,0,0,-2.7174713611602783,0.96778780221939087,0.92769467830657959,0.78443664312362671,5.5,-2.7616744041442871,0,0,1,0
36,90,308760,7.2793054580688477,0.046393699944019318,4.7831730842590332,142.02738952636719,191.21714782714844,61.444141387939453,29.983016967773438,32.859352111816406,0.083631522953510284,0.0070101390592753887,0,0,-1.8062372207641602,1.0811833143234253,0.92769467830657959,0.78443664312362671,0.93831664323806763,-2.7616744041442871,0,0,0,0
36,120,309480,17.038597106933594,0,3.7933831214904785,132.20755004882812,191.96090698242188,0,40.630359649658203,27.308023452758789,0.085241325199604034,0.0064412830397486687,0,0,-1.235464334487915,1.15221107006073,0.92769467830657959,0.78443664312362671,0.93831664323806763,-2.7616744041442871,0,0,0,0
36,150,310200,21.891109466552734,0,3.7116587162017822,126.40974426269531,177.74504089355469,0,50.029956817626953,23.752323150634766,0.086775489151477814,0.0035006075631827116,0,0,-1.5128977298736572,1.1306347846984863,0.98062640428543091,0.78443664312362671,0.93831664323806763,-2.7616744041442871,0,0,0,0
36,180,310920,20.988430023193359,0.024179928004741669,3.7547509670257568,120.53851318359375,163.69602966308594,0,56.863811492919922,22.273750305175781,0.087896555662155151,0.0028561209328472614,0,0,-2.3312902450561523,1.0643680095672607,0.92769467830657959,0.78443664312362671,0.93831664323806763,-2.7616744041442871,0,0,0,0
36,210,311640,23.824577331542969,0,3.5882134437561035,114.55410003662109,152.3023681640625,0,65.454841613769531,20.239921569824219,0.089061230421066284,1.4581377399736084E-05,0,0,3.6373395919799805,1.0127836465835571,0.92769467830657959,0.78443664312362671,0.93831664323806763,-2.7616744041442871,1,0,0,0
36,240,312360,9.4333944320678711,0,3.628462553024292,111.00260162353516,141.54454040527344,0,76.670433044433594,17.185737609863281,0.090207606554031372,0.00011662823817459866,0,0,-2.8877298831939697,1.0100699663162231,0.92769467830657959,0.78443664312362671,0.93831664323806763,-2.7616744041442871,0,0,0,0
36,270,313080,0.66719216108322144,0,3.6715881824493408,110.3316650390625,131.60626220703125,0,81.743125915527344,14.313443183898926,0.091313935816287994,8.6819609350641258E-06,0,0,-2.4570415019989014,1.0138348340988159,0.92769467830657959,0.78443664312362671,0.93831664323806763,-2.7616744041442871,0,0,0,0
36,300,313800,-6.5828437805175781,0.024353343993425369,3.699260950088501,110.53385925292969,123.53371429443359,9.0945577621459961,76.670448303222656,16.796600341796875,0.088416777551174164,3.4457484616723377E-06,0,0,-2.1009604930877686,1.0169475078582764,0.92769467830657959,0.78443664312362671,0.93831664323806763,-2.7616744041442871,0,0,0,0
36,330,314520,-11.034481048583984,0.048277422785758972,3.7541723251342773,109.49773406982422,115.68438720703125,37.497932434082031,60.271934509277344,28.847005844116211,0.087367571890354156,1.3240767657407559E-05,0,0,-2.306760311126709,0.99313998222351074,0.92769467830657959,0.78443664312362671,0.93831664323806763,-2.7616744041442871,0,0,0,0
36,360,315240,-9.089777946472168,0.1268974244594574,3.6739993095397949,106.86872863769531,109.46051025390625,122.43255615234375,46.740837097167969,36.014869689941406,0.086572475731372833,0.001497205113992095,0,0,0.27411544322967529,1.1498494148254395,0.92542684078216553,0.88495481014251709,1.1156352758407593,-0.64766931533813477,0,0,0,0
36,365,315360,-8.6287546157836914,0.33465936779975891,3.6676294803619385,106.28630828857422,108.68650817871094,153.52865600585938,44.82196044921875,36.728317260742188,0.086442746222019196,0.0069510079920291901,0,0,0.71549057960510254,1.1994459629058838,0.92500686645507812,0.90356928110122681,1.1484720706939697,-0.25618696212768555,0,0,0,0
37,30,316080,-6.0423641204833984,0.41064006090164185,3.6252470016479492,103.55315399169922,103.77191925048828,281.30889892578125,35.021598815917969,38.856235504150391,0.085644729435443878,0.006313045509159565,0,0,0.41253113746643066,1.2106807231903076,0.92500686645507812,0.90356928110122681,1.1484720706939697,-0.25618696212768555,0,0,0,0
37,60,316800,0.5911712646484375,0.17344644665718079,4.1459565162658691,125.1727294921875,126.39559173583984,273.73690795898438,31.475439071655273,34.984451293945312,0.082439117133617401,0.0012015997199341655,0,0,1.2388122081756592,1.190220832824707,0.92500686645507812,0.90356928110122681,1.1484720706939697,-0.25618696212768555,0,0,0,0
37,90,317520,12.135684013366699,0.0010545161785557866,3.8443248271942139,138.27803039550781,195.63742065429688,0,34.888275146484375,28.823337554931641,0.083446256816387177,0.0017391385044902563,0,0,2.3956060409545898,1.1615771055221558,0.92500686645507812,0.90356928110122681,1.1484720706939697,-0.25618696212768555,0,0,0,0
37,120,318240,21.06414794921875,0,3.7614455223083496,129.41824340820312,185.91349792480469,0,45.26922607421875,24.218563079833984,0.08506358414888382,0.00022211234318092465,0,0,3.1201908588409424,1.1436352729797363,0.92500686645507812,0.90356928110122681,1.1484720706939697,-0.25618696212768555,0,0,0,0
37,150,318960,25.88176155090332,0.036908820271492004,3.7981839179992676,125.04151916503906,170.80793762207031,0,50.585945129394531,22.748813629150391,0.086413182318210602,2.4572543679823866E-06,0,0,3.223750114440918,1.140343189239502,0.92500686645507812,0.90356928110122681,1.1484720706939697,-0.25618696212768555,0,0,0,0
37,180,319680,27.472438812255859,0,3.5864453315734863,118.40744781494141,158.71525573730469,0,51.992137908935547,23.552474975585938,0.087555237114429474,6.4349717376899207E-07,0,0,3.4370336532592773,1.1330622434616089,0.92500686645507812,0.90356928110122681,1.1484720706939697,-0.25618696212768555,0,0,0,0
37,210,320400,23.735864639282227,0,3.5572924613952637,113.40488433837891,147.59039306640625,0,55.680145263671875,23.56048583984375,0.088664278388023376,1.2967596376256552E-05,0,0,3.6030609607696533,1.127394437789917,0.92500686645507812,0.90356928110122681,1.1484720706939697,-0.25618696212768555,0,0,0,0
37,240,321120,16.366928100585938,0,3.5945315361022949,109.74746704101562,137.50807189941406,0,64.608634948730469,21.246364593505859,0.089813165366649628,7.1698369463746303E-10,0,0,3.9990906715393066,1.1285269260406494,0.92500686645507812,0.90356928110122681,1.1484720706939697,-0.25618696212768555,0,0,0,0
37,270,321840,6.5366649627685547,0,3.6264660358428955,108.03524780273438,127.07888031005859,0,75.411834716796875,17.725151062011719,0.090949498116970062,0.00067306577693670988,0,0,2.9390616416931152,1.1337560415267944,0.92500686645507812,0.90356928110122681,1.1484720706939697,-0.25618696212768555,0,0,0,0
37,300,322560,-1.1931881904602051,0.29689234495162964,3.8328466415405273,109.18163299560547,119.61302185058594,0.50755923986434937,76.945968627929688,14.841267585754395,0.091538488864898682,0.0060167503543198109,0,0,2.5079622268676758,1.1380792856216431,0.92500686645507812,0.90356928110122681,1.1484720706939697,-0.25618696212768555,0,0,0,0
37,330,323280,-6.3673954010009766,0.017294568940997124,3.6894311904907227,109.68373870849609,114.38639068603516,25.872846603393555,69.339546203613281,19.342540740966797,0.087668746709823608,0.005920859519392252,0,0,2.096379280090332,1.1514369249343872,0.92500686645507812,0.90356928110122681,1.1484720706939697,-0.25618696212768555,0,0,0,0
37,360,324000,-10.684296607971191,0.25936099886894226,3.6750516891479492,107.095458984375,108.71061706542969,107.04144287109375,54.671401977539062,29.383518218994141,0.086754642426967621,0.008623114787042141,0,0,-1.045973539352417,1.2911794185638428,1.1399567127227783,1.0462535619735718,0.93490332365036011,2.2443385124206543,0,0,0,0
37,365,324120,-10.903300285339355,0.24358759820461273,3.6727557182312012,106.53120422363281,107.91507720947266,125.62117004394531,52.421596527099609,30.663938522338867,0.086622588336467743,3.0045430321479216E-05,0,0,-1.4669594764709473,1.316240668296814,1.1797622442245483,1.0726765394210815,0.89535355567932129,2.7073988914489746,0,0,0,0
38,30,324840,-8.424107551574707,0.32290807366371155,3.6779510974884033,103.53954315185547,102.97447967529297,288.39434814453125,40.756095886230469,35.619754791259766,0.085847005248069763,0.00017236190615221858,0,0,-1.5687072277069092,1.3320976495742798,1.1797622442245483,1.0726765394210815,0.89535355567932129,2.7073988914489746,0,0,0,0
38,60,325560,-2.8013811111450195,0.41000476479530334,3.7699756622314453,107.03134918212891,99.717605590820312,418.50759887695312,33.398654937744141,35.293628692626953,0.083932757377624512,1.2359930678940145E-07,0,0,-1.245460033416748,1.3482375144958496,1.1797622442245483,1.0726765394210815,0.89535355567932129,2.7073988914489746,0,0,0,0
38,90,326280,7.019707202911377,0.14567123353481293,5.3437490463256836,145.242919921875,196.47785949707031,88.44683837890625,32.332401275634766,28.745122909545898,0.082650534808635712,0.0016479847254231572,0,0,-0.79291415214538574,1.3708333969116211,1.1797622442245483,1.0726765394210815,0.89535355567932129,2.7073988914489746,0,0,0,0
38,120,327000,15.925310134887695,0.41258373856544495,4.5111794471740723,136.6478271484375,195.79544067382812,0,43.941654205322266,23.725137710571289,0.084258288145065308,1.6131367601701641E-06,0,0,-0.50945138931274414,1.3849869966506958,1.1797622442245483,1.0726765394210815,0.89535355567932129,2.7073988914489746,0,0,0,0
38,150,327720,22.707965850830078,0,3.7348387241363525,129.41557312011719,183.65715026855469,0,54.567848205566406,20.944814682006836,0.085872076451778412,0.0039938585832715034,0,0,-0.391315758228302,1.3951689004898071,1.1797622442245483,1.0726765394210815,0.89535355567932129,2.7073988914489746,0,0,0,0
38,180,328440,24.156209945678711,0,3.6660025119781494,125.07106781005859,168.57699584960938,0,60.227378845214844,20.751665115356445,0.08723141998052597,0.0054285242222249508,0,0,-0.094604730606079102,1.4217528104782104,1.1797622442245483,1.0726765394210815,0.89535355567932129,2.7073988914489746,0,0,0,0
38,210,329160,20.744319915771484,0,3.6342804431915283,118.53358459472656,157.66873168945312,0,67.326065063476562,20.143196105957031,0.08834432065486908,0.0055647450499236584,0,0,0.13636529445648193,1.4424467086791992,1.1797622442245483,1.0726765394210815,0.89535355567932129,2.7073988914489746,0,0,0,0
38,240,329880,13.273839950561523,0,3.6392407417297363,114.10873413085938,148.0220947265625,0,79.742179870605469,17.222139358520508,0.089440405368804932,0.0058706323616206646,0,0,0.016561508178710938,1.4175087213516235,1.1797622442245483,1.0726765394210815,0.89535355567932129,2.7073988914489746,0,0,0,0
38,270,330600,3.7961235046386719,0.10687911510467529,3.7781732082366943,111.78523254394531,139.061279296875,0,88.051422119140625,14.316713333129883,0.090551987290382385,0.0076421960256993771,0,0,-0.44445616006851196,1.3283926248550415,1.1797622442245483,1.0726765394210815,0.89535355567932129,2.7073988914489746,0,0,0,0
38,300,331320,-4.0185823440551758,0,3.6940133571624756,112.13224792480469,131.77519226074219,1.5078417062759399,86.893821716308594,13.546337127685547,0.089360207319259644,0.0013031807029619813,0,0,-0.82561248540878296,1.254713773727417,1.1797622442245483,1.0726765394210815,0.89535355567932129,2.7073988914489746,0,0,0,0
38,330,332040,-9.323796272277832,0.056541003286838531,3.7157156467437744,110.59522247314453,124.2354736328125,89.673362731933594,70.825996398925781,25.894716262817383,0.087256729602813721,0.0021103241015225649,0,0,-0.9888191819190979,1.2626253366470337,1.1797622442245483,1.0726765394210815,0.89535355567932129,2.7073988914489746,0,0,0,0
38,360,332760,-11.728906631469727,0.18154501914978027,3.6983590126037598,108.44174957275391,116.039794921875,188.92637634277344,55.028362274169922,35.686897277832031,0.086456716060638428,0.0002857394574675709,0,0,-2.1331610679626465,1.3116965293884277,0.88974583148956299,1.0796105861663818,0.93171215057373047,3.7528359889984131,0,0,0,0
38,365,332880,-11.797028541564941,0.60013991594314575,3.6981594562530518,107.91574859619141,114.88199615478516,210.59422302246094,52.763870239257812,36.782806396484375,0.086326315999031067,0.0017550381598994136,0,0,-2.3300552368164062,1.3328198194503784,0.83603906631469727,1.0808947086334229,0.93844521045684814,3.9464354515075684,0,0,0,0
39,30,333600,-9.3923759460449219,0.46139520406723022,3.6989235877990723,104.74460601806641,108.64059448242188,371.99090576171875,40.596633911132812,40.480560302734375,0.085560590028762817,0.00052833050722256303,0,0,-2.400510311126709,1.3733110427856445,0.83603906631469727,1.0808947086334229,0.93844521045684814,3.9464354515075684,0,0,0,0
39,60,334320,-3.479978084564209,0.88496345281600952,3.7202949523925781,104.78404998779297,103.63461303710938,463.95266723632812,32.637241363525391,39.753715515136719,0.084181934595108032,0.0041328240185976028,0,0,-1.7005994319915771,1.3406423330307007,0.83603906631469727,1.0808947086334229,0.93844521045684814,3.9464354515075684,0,0,0,0
39,90,335040,6.3012919425964355,0.13496370613574982,5.6482787132263184,146.32060241699219,196.72665405273438,111.77548217773438,31.294572830200195,32.830638885498047,0.082574233412742615,0.0047629890032112598,0,0,-0.72072446346282959,1.2949059009552002,0.83603906631469727,1.0808947086334229,0.93844521045684814,3.9464354515075684,0,0,0,0
39,120,335760,16.848445892333984,0,3.831895112991333,136.41818237304688,196.59846496582031,0,41.925506591796875,27.061534881591797,0.084173284471035004,0.0056621087715029716,0,0,-0.1069566011428833,1.2662578821182251,0.83603906631469727,1.0808947086334229,0.93844521045684814,3.9464354515075684,0,0,0,0
39,150,336480,21.988666534423828,0.14622727036476135,4.0147085189819336,129.30085754394531,183.84185791015625,0,51.721683502197266,23.668689727783203,0.085791870951652527,0.004191023763269186,0,0,-0.23960685729980469,1.2748157978057861,0.83603906631469727,1.0808947086334229,0.93844521045684814,3.9464354515075684,0,0,0,0
39,180,337200,23.564826965332031,0,3.6439962387084961,123.74187469482422,169.54934692382812,0,57.506328582763672,22.788932800292969,0.087023064494132996,0.0026164643932133913,0,0,-0.66442632675170898,1.3011460304260254,0.83603906631469727,1.0808947086334229,0.93844521045684814,3.9464354515075684,0,0,0,0
39,210,337920,19.733745574951172,0,3.6472699642181396,117.25457763671875,158.49888610839844,0,65.135368347167969,21.264739990234375,0.088176988065242767,4.9593156290939078E-05,0,0,-0.9951203465461731,1.3216423988342285,0.83603906631469727,1.0808947086334229,0.93844521045684814,3.9464354515075684,0,0,0,0
39,240,338640,12.490789413452148,0,3.6403303146362305,113.53205871582031,147.14549255371094,0,77.572059631347656,18.010335922241211,0.089279450476169586,4.7343211917905137E-05,0,0,-1.114290714263916,1.2969752550125122,0.83603906631469727,1.0808947086334229,0.93844521045684814,3.9464354515075684,0,0,0,0
39,270,339360,3.0537383556365967,0,3.6750130653381348,112.17062377929688,138.09892272949219,0,85.174530029296875,15.01850414276123,0.090391248464584351,7.9897166870068759E-05,0,0,-1.4327285289764404,1.2088199853897095,0.83603906631469727,1.0808947086334229,0.93844521045684814,3.9464354515075684,0,0,0,0
39,300,340080,-5.0342202186584473,0.017200944945216179,3.7062852382659912,111.68627166748047,130.34100341796875,6.5435457229614258,83.119361877441406,14.784502029418945,0.088800787925720215,6.9796504931218806E-07,0,0,-1.6960039138793945,1.1359356641769409,0.83603906631469727,1.0808947086334229,0.93844521045684814,3.9464354515075684,0,0,0,0
39,330,340800,-9.9993562698364258,0.12549419701099396,3.7512733936309814,110.74382019042969,122.5625,35.081855773925781,66.882026672363281,27.216705322265625,0.087047204375267029,1.3483200973496423E-06,0,0,-1.8493766784667969,1.1726962327957153,0.83603906631469727,1.0808947086334229,0.93844521045684814,3.9464354515075684,0,0,0,0
39,360,341520,-10.625381469726562,0.17879596352577209,3.6975994110107422,108.60691833496094,114.46924591064453,137.48800659179688,51.976825714111328,36.014842987060547,0.086253330111503601,0.0021526662167161703,0,0,-1.298923134803772,1.1431155204772949,1.3447189331054688,1.151975154876709,0.99124574661254883,-3.6692256927490234,0,0,0,0
39,365,341640,-10.288050651550293,0.33450138568878174,3.6956202983856201,108.10233306884766,113.31510162353516,162.33952331542969,49.765419006347656,36.923480987548828,0.086123883724212646,0.0086986375972628593,0,0,-1.2210301160812378,1.1165851354598999,1.4389188289642334,1.1651381254196167,1.0010236501693726,-5.0795331001281738,0,0,0,0
40,30,342360,-7.116788387298584,0.48804444074630737,3.6807126998901367,104.92566680908203,107.32579803466797,306.0633544921875,38.761096954345703,40.196445465087891,0.085367493331432343,0.0075573856011033058,0,0,-1.377827525138855,1.1269543170928955,1.4389188289642334,1.1651381254196167,1.0010236501693726,-5.079533576965332,0,0,0,0
40,60,343080,-0.47873914241790771,0.28297549486160278,4.0306429862976074,121.25008392333984,119.44690704345703,320.51132202148438,33.552562713623047,37.370525360107422,0.082582995295524597,0.0047584977000951767,0,0,-0.72231853008270264,1.1315618753433228,1.4389188289642334,1.1651381254196167,1.0010236501693726,-5.079533576965332,0,0,0,0
40,90,343800,10.679954528808594,0.014572019688785076,4.1922645568847656,139.9864501953125,196.03593444824219,9.2854137420654297,35.107521057128906,30.184341430664062,0.082999482750892639,0.0042401342652738094,0,0,0.19539396464824677,1.1380122900009155,1.4389188289642334,1.1651381254196167,1.0010236501693726,-5.079533576965332,0,0,0,0
40,120,344520,19.471288681030273,0,3.7747056484222412,131.36093139648438,188.33821105957031,0,46.420932769775391,25.150808334350586,0.084627032279968262,8.0903540947474539E-05,0,0,0.77022475004196167,1.1420526504516602,1.4389188289642334,1.1651381254196167,1.0010236501693726,-5.079533576965332,0,0,0,0
40,150,345240,24.377756118774414,0,3.6747646331787109,125.41197204589844,174.374267578125,0,53.810840606689453,22.945329666137695,0.086217105388641357,3.5440338251646608E-05,0,0,0.83587008714675903,1.1505962610244751,1.4389188289642334,1.1651381254196167,1.0010236501693726,-5.079533576965332,0,0,0,0
40,180,345960,24.462114334106445,0.013152939267456532,3.7308874130249023,119.81083679199219,160.83000183105469,0,57.479190826416016,22.90257453918457,0.087375916540622711,1.2194739611004479E-05,0,0,0.95970946550369263,1.1736733913421631,1.4389188289642334,1.1651381254196167,1.0010236501693726,-5.079533576965332,0,0,0,0
40,210,346680,20.460668563842773,0,3.5929491519927979,113.98181915283203,150.28266906738281,0,64.048973083496094,21.988412857055664,0.088511884212493896,5.0497067149990471E-07,0,0,1.0561102628707886,1.1916372776031494,1.4389188289642334,1.1651381254196167,1.0010236501693726,-5.079533576965332,0,0,0,0
40,240,347400,12.709728240966797,0,3.6238327026367188,110.48748016357422,139.84223937988281,0,76.730842590332031,18.750564575195312,0.089638665318489075,4.6128719986882061E-05,0,0,0.88948279619216919,1.1763044595718384,1.4389188289642334,1.1651381254196167,1.0010236501693726,-5.079533576965332,0,0,0,0
40,270,348120,2.9256420135498047,0,3.634702205657959,109.16049194335938,129.96461486816406,0,84.849113464355469,15.65541934967041,0.090763576328754425,0.0059686102904379368,0,0,0.30450540781021118,1.1202018260955811,1.4389188289642334,1.1651381254196167,1.0010236501693726,-5.079533576965332,0,0,0,0
40,300,348840,-4.7940502166748047,0,3.6905903816223145,109.790283203125,122.73490142822266,3.7567274570465088,82.427970886230469,15.384404182434082,0.089091993868350983,0.0076855248771607876,0,0,-0.17913742363452911,1.0738177299499512,1.4389188289642334,1.1651381254196167,1.0010236501693726,-5.079533576965332,0,0,0,0
40,330,349560,-9.3284778594970703,0.055342119187116623,3.726198673248291,109.38335418701172,115.15505981445312,36.678096771240234,66.520515441894531,27.293350219726562,0.087247073650360107,0.0089593343436717987,0,0,-0.43474876880645752,1.0796563625335693,1.4389188289642334,1.1651381254196167,1.0010236501693726,-5.079533576965332,0,0,0,0
40,360,350280,-8.5712652206420898,0.17653904855251312,3.6802108287811279,106.30382537841797,108.79493713378906,120.08118438720703,51.572475433349609,35.974246978759766,0.086448237299919128,0.0087664974853396416,0,0,0.54410946369171143,1.0130705833435059,1.1111602783203125,1.065401554107666,1.1336880922317505,-7.7422933578491211,0,0,0,0
40,365,350400,-7.9187021255493164,0.11350393295288086,3.678917407989502,105.71987152099609,107.97455596923828,138.63192749023438,49.4759521484375,36.901279449462891,0.086318276822566986,0.0013390075182542205,0,0,0.94560718536376953,0.99945688247680664,1.0504642724990845,1.0469317436218262,1.1582555770874023,-8.2353973388671875,0,0,0,0
41,30,351120,-4.1213059425354004,0.22671683132648468,3.6896038055419922,104.14728546142578,103.03353118896484,245.04986572265625,39.637451171875,39.128330230712891,0.085113778710365295,0.00038251501973718405,0,0,1.1649711132049561,1.0170302391052246,1.0504642724990845,1.0469317436218262,1.1582555770874023,-8.2353973388671875,0,0,0,0
41,60,351840,2.8592627048492432,0.072849683463573456,4.1487565040588379,128.74119567871094,147.50057983398438,134.18449401855469,37.527919769287109,33.881355285644531,0.081985294818878174,4.5129795580578502E-06,0,0,1.446779727935791,1.1088982820510864,1.0504642724990845,1.0469317436218262,1.1582555770874023,-8.2353973388671875,0,0,0,0
41,90,352560,13.089512825012207,0.0021605023648589849,3.8411903381347656,131.00238037109375,183.18710327148438,0,43.598781585693359,28.145668029785156,0.083649426698684692,1.7373659177977174E-09,0,0,1.8413119316101074,1.2375136613845825,1.0504642724990845,1.0469317436218262,1.1582555770874023,-8.2353973388671875,0,0,0,0
41,120,353280,20.906528472900391,0,3.7683568000793457,126.77577209472656,171.73710632324219,0,54.456184387207031,23.720458984375,0.085284456610679626,7.1539561758982018E-06,0,0,2.0884363651275635,1.3180748224258423,1.0504642724990845,1.0469317436218262,1.1582555770874023,-8.2353973388671875,0,0,0,0
41,150,354000,25.702621459960938,0,3.5956282615661621,121.98414611816406,159.64918518066406,0,59.95166015625,22.700210571289062,0.08653491735458374,0.0052710538730025291,0,0,2.0713567733764648,1.2446486949920654,1.0504642724990845,1.0469317436218262,1.1582555770874023,-8.2353973388671875,0,0,0,0
41,180,354720,25.633010864257812,0,3.560401439666748,118.11354827880859,150.77732849121094,0,60.286190032958984,24.421535491943359,0.087737664580345154,0.0035355801228433847,0,0,2.0001282691955566,1.0349835157394409,1.0504642724990845,1.0469317436218262,1.1582555770874023,-8.2353973388671875,0,0,0,0
41,210,355440,20.925670623779297,0,3.5489382743835449,111.94805908203125,141.65011596679688,0,66.357498168945312,23.746189117431641,0.08890167623758316,0.0059901750646531582,0,0,1.9446818828582764,0.8717728853225708,1.0504642724990845,1.0469317436218262,1.1582555770874023,-8.2353973388671875,0,0,0,0
41,240,356160,12.838058471679688,0,3.6016595363616943,107.65404510498047,132.16766357421875,0,79.153343200683594,20.238550186157227,0.09006316214799881,0.0067947660572826862,0,0,1.6818587779998779,0.8723369836807251,1.0504642724990845,1.0469317436218262,1.1582555770874023,-8.2353973388671875,0,0,0,0
41,270,356880,2.7507774829864502,0,3.5683004856109619,105.35992431640625,123.24581146240234,0,87.612800598144531,16.893949508666992,0.09119657427072525,0.007755582220852375,0,0,0.81105494499206543,0.915047287940979,1.0504642724990845,1.0469317436218262,2.7350683212280273,-8.2353973388671875,0,0,1,0
41,300,357600,-5.139622688293457,0,3.6666805744171143,107.30770111083984,116.40535736083984,5.8795404434204102,85.019187927246094,16.79271125793457,0.089374326169490814,0.0016591075109317899,0,0,0.091099023818969727,0.95035898685455322,1.0504642724990845,1.0469317436218262,1.1582555770874023,-8.2353973388671875,0,0,0,0
41,330,358320,-8.8617219924926758,0.32595372200012207,3.7215993404388428,106.49220275878906,110.51097869873047,39.207984924316406,68.313163757324219,29.174564361572266,0.087630987167358398,0.0028823534958064556,0,0,0.22228741645812988,0.96328401565551758,1.0504642724990845,1.0469317436218262,1.1582555770874023,-8.2353973388671875,0,0,0,0
41,360,359040,-8.852935791015625,0.12510567903518677,3.6663582324981689,103.03067016601562,105.88120269775391,109.58599090576172,53.130939483642578,37.929756164550781,0.086825743317604065,0.00041455717291682959,0,0,0.17204806208610535,1.0802900791168213,1.0328737497329712,1.095849871635437,1.1177244186401367,-11.649579048156738,0,0,0,0
41,365,359160,-8.4681882858276367,0.17221680283546448,3.6664602756500244,102.69721984863281,104.90053558349609,136.58377075195312,50.95819091796875,38.858219146728516,0.086694419384002686,0.0014755913289263844,0,0,0.11740207672119141,1.108109712600708,1.0296162366867065,1.10490882396698,1.1102186441421509,-12.281834602355957,0,0,0,0
42,30,359880,-4.3676743507385254,0.28270140290260315,3.6333632469177246,102.61859893798828,98.391197204589844,261.13751220703125,41.068840026855469,40.905532836914062,0.085572876036167145,0.0035610639024525881,0,0,0.27870380878448486,1.1358827352523804,1.0296162366867065,1.10490882396698,1.1102186441421509,-12.281834602355957,0,0,0,0
42,60,360600,2.4678220748901367,0.14765691757202148,4.3470497131347656,130.24581909179688,146.15921020507812,164.68675231933594,38.859355926513672,35.544029235839844,0.08224080502986908,0.0055334023199975491,0,0,0.42171841859817505,1.1676961183547974,1.0296162366867065,1.10490882396698,1.1102186441421509,-12.281834602355957,0,0,0,0
42,90,361320,12.340054512023926,0.31630778312683105,4.3772726058959961,133.47633361816406,188.52294921875,0,44.755210876464844,29.506326675415039,0.083884507417678833,0.0068202102556824684,0,0,0.62193882465362549,1.2122347354888916,1.0296162366867065,1.10490882396698,1.1102186441421509,-12.281834602355957,0,0,0,0
42,120,362040,20.311243057250977,0.11733931303024292,3.8802821636199951,127.12782287597656,177.61727905273438,0,55.940563201904297,24.713581085205078,0.085526660084724426,0.00634011160582304,0,0,0.74735158681869507,1.2401326894760132,1.0296162366867065,1.10490882396698,1.1102186441421509,-12.281834602355957,0,0,0,0
42,150,362760,24.630649566650391,0,3.6163299083709717,122.58803558349609,164.21977233886719,0,62.760364532470703,23.16618537902832,0.086782149970531464,0.0065298639237880707,0,0,0.83780968189239502,1.1948834657669067,1.0296162366867065,1.10490882396698,1.1102186441421509,-12.281834602355957,0,0,0,0
42,180,363480,30.411186218261719,0,3.5220322608947754,115.90099334716797,154.04075622558594,0,64.452178955078125,24.490825653076172,0.087976351380348206,0.0041382415220141411,0,0,8.1558246612548828,1.067814826965332,1.0296162366867065,1.10490882396698,1.1102186441421509,-12.281834602355957,1,0,0,0
42,210,364200,19.59434700012207,0,3.557241678237915,110.71909332275391,144.01303100585938,0,71.557533264160156,23.574394226074219,0.089124679565429688,0.00017064760322682559,0,0,1.2578885555267334,0.96890032291412354,1.0296162366867065,1.10490882396698,1.1102186441421509,-12.281834602355957,0,0,0,0
42,240,364920,11.358614921569824,0,3.6077699661254883,107.54344940185547,133.1185302734375,0,84.708259582519531,19.906782150268555,0.090276740491390228,2.1705927792936563E-05,0,0,1.0207340717315674,0.96543115377426147,1.0296162366867065,1.10490882396698,1.1102186441421509,-12.281834602355957,0,0,0,0
42,270,365640,1.3293920755386353,0,3.6178178787231445,106.84735870361328,123.34972381591797,0,91.7467041015625,16.602415084838867,0.091406695544719696,5.3497224143939093E-05,0,0,0.17648869752883911,0.97848802804946899,1.0296162366867065,1.10490882396698,1.1102186441421509,-12.281834602355957,0,0,0,0
42,300,366360,-6.3179569244384766,0.0010044444352388382,3.674816370010376,108.53520965576172,116.89545440673828,8.0246820449829102,86.295692443847656,18.875564575195312,0.088787637650966644,5.8572896932673757E-07,0,0,-0.52150946855545044,0.98928302526473999,1.0296162366867065,1.10490882396698,1.1102186441421509,-12.281834602355957,0,0,0,0
42,330,367080,-9.7289562225341797,0.049327310174703598,3.7208023071289062,107.29663848876953,110.31137084960938,51.975444793701172,68.042823791503906,32.380092620849609,0.08768559992313385,9.0549328035649523E-08,0,0,-0.43464010953903198,1.0153183937072754,1.0296162366867065,1.10490882396698,1.1102186441421509,-12.281834602355957,0,0,0,0
42,360,367800,-9.1346006393432617,0.12199538201093674,3.6660919189453125,103.64167785644531,105.94219970703125,141.86746215820312,52.881340026855469,40.512432098388672,0.086880877614021301,0.00028275512158870697,0,0,0.1128084659576416,1.0224266052246094,1.1427276134490967,1.1842997074127197,0.95357942581176758,-7.9060297012329102,0,0,0,0
42,365,367920,-8.893244743347168,0.22249999642372131,3.6645984649658203,103.0733642578125,105.19647979736328,147.92227172851562,50.709800720214844,41.39117431640625,0.086749620735645294,0.0072141042910516262,0,0,0.094946891069412231,1.0081920623779297,1.1636741161346436,1.199001669883728,0.9245721697807312,-7.0956954956054688,0,0,0,0
43,30,368640,-5.4113883972167969,0.71442979574203491,3.6198039054870605,102.28722381591797,98.889869689941406,258.61105346679688,39.970932006835938,43.511302947998047,0.085892006754875183,0.0063013681210577488,0,0,0.062048137187957764,1.0110412836074829,1.1636741161346436,1.199001669883728,0.9245721697807312,-7.0956954956054688,0,0,0,0
43,60,369360,1.1265554428100586,0.13012060523033142,4.1788725852966309,125.40448760986328,125.61150360107422,202.31863403320312,36.562324523925781,38.699497222900391,0.082445323467254639,0.0051175621338188648,0,0,0.41903239488601685,1.0590602159500122,1.1636741161346436,1.199001669883728,0.9245721697807312,-7.0956954956054688,0,0,0,0
43,90,370080,11.91069221496582,0.00099522760137915611,3.8361983299255371,130.92955017089844,189.39691162109375,0,40.562709808349609,31.797126770019531,0.083794787526130676,0.0013542049564421177,0,0,0.91881036758422852,1.1262867450714111,1.1636741161346436,1.199001669883728,0.9245721697807312,-7.0956954956054688,0,0,0,0
43,120,370800,20.113201141357422,0,3.7684221267700195,124.32568359375,177.41064453125,0,52.152873992919922,26.69141960144043,0.08546062558889389,9.9738608696497977E-05,0,0,1.2318580150604248,1.1683957576751709,1.1636741161346436,1.199001669883728,0.9245721697807312,-7.0956954956054688,0,0,0,0
43,150,371520,24.706394195556641,0.012341154739260674,3.6644926071166992,120.40316772460938,161.82357788085938,0,58.791996002197266,24.674797058105469,0.086898326873779297,0.00013975026377011091,0,0,1.1581144332885742,1.1231732368469238,1.1636741161346436,1.199001669883728,0.9245721697807312,-7.0956954956054688,0,0,0,0
43,180,372240,24.566961288452148,0,3.5727860927581787,114.83727264404297,150.59674072265625,0,62.332790374755859,24.860982894897461,0.088071368634700775,1.3571569645876025E-08,0,0,0.92471563816070557,0.99478048086166382,1.1636741161346436,1.199001669883728,0.9245721697807312,-7.0956954956054688,0,0,0,0
43,210,372960,19.879657745361328,0,3.5592813491821289,111.04448699951172,139.55010986328125,0,68.121292114257812,24.099931716918945,0.089240901172161102,2.7705047614290379E-05,0,0,0.74303007125854492,0.89483523368835449,1.1636741161346436,1.199001669883728,0.9245721697807312,-7.0956954956054688,0,0,0,0
43,240,373680,12.109490394592285,0,3.6094439029693604,109.83830261230469,131.31048583984375,0,81.275764465332031,20.434116363525391,0.090368062257766724,1.194785568259249E-07,0,0,0.68391501903533936,0.90451842546463013,1.1636741161346436,1.199001669883728,0.9245721697807312,-7.0956954956054688,0,0,0,0
43,270,374400,2.7364933490753174,0,3.5971226692199707,107.23708343505859,122.11316680908203,0,88.75286865234375,16.973161697387695,0.091533556580543518,0.0015857797116041183,0,0,0.53036397695541382,0.9621042013168335,1.1636741161346436,1.199001669883728,0.9245721697807312,-7.0956954956054688,0,0,0,0
43,300,375120,-4.6716747283935547,0.011098803952336311,3.6827075481414795,107.85306549072266,115.21743774414062,4.0078692436218262,86.79876708984375,16.321891784667969,0.089898392558097839,0.0061528775840997696,0,0,0.4034123420715332,1.0097144842147827,1.1636741161346436,1.199001669883728,0.9245721697807312,-7.0956954956054688,0,0,0,0
43,330,375840,-8.6550273895263672,0.038261916488409042,3.7378051280975342,107.25348663330078,109.32632446289062,27.567323684692383,70.828956604003906,28.045381546020508,0.087779127061367035,0.0087838564068078995,0,0,0.32887616753578186,1.0127356052398682,1.4903653860092163,1.199001669883728,0.9245721697807312,-7.0956954956054688,0,0,0,1
43,360,376560,-8.0351963043212891,0.098170779645442963,3.6685442924499512,103.33913421630859,104.90940093994141,88.216163635253906,55.042747497558594,37.506458282470703,0.086971312761306763,0.0079262144863605499,0,0,1.4604047536849976,1.0018428564071655,1.0542051792144775,1.1165710687637329,1.0782452821731567,0.80798959732055664,0,0,0,0
43,365,376680,-7.7112903594970703,0.070160925388336182,3.6602959632873535,102.92001342773438,104.02623748779297,102.12657165527344,52.827167510986328,38.494434356689453,0.086841955780982971,0.00016957911429926753,0,0,1.7411203384399414,1.0068187713623047,1.033933162689209,1.1013060808181763,1.1067032814025879,2.2716350555419922,0,0,0,0
44,30,377400,-5.0267910957336426,0.10067851841449738,3.5419464111328125,102.53607940673828,97.982681274414062,192.04261779785156,42.148677825927734,41.358833312988281,0.085849262773990631,0.00034376236726529896,0,0,1.7971203327178955,1.019163966178894,1.033933162689209,1.1013060808181763,1.1067032814025879,2.2716352939605713,0,0,0,0
44,60,378120,0.3961678147315979,0.34051865339279175,4.3034038543701172,118.75818634033203,115.87576293945312,171.96524047851562,38.577545166015625,37.085235595703125,0.082137450575828552,0.0011593850795179605,0,0,1.6325758695602417,1.0103213787078857,1.033933162689209,1.1013060808181763,1.1067032814025879,2.2716352939605713,0,0,0,0
44,90,378840,10.379026412963867,0.1754768043756485,4.1745872497558594,125.67047119140625,177.82087707519531,2.4346387386322021,42.734775543212891,30.727884292602539,0.083136163651943207,1.7360179072056781E-08,0,0,1.4022135734558105,0.99794185161590576,1.033933162689209,1.1013060808181763,1.1067032814025879,2.2716352939605713,0,0,0,0
44,120,379560,18.6790771484375,0,3.73211669921875,122.20865631103516,162.93113708496094,0,54.190196990966797,25.683923721313477,0.084834687411785126,4.8921026518655708E-07,0,0,1.2579207420349121,0.99018764495849609,1.033933162689209,1.1013060808181763,1.1067032814025879,2.2716352939605713,0,0,0,0
44,150,380280,24.077978134155273,0,3.5865459442138672,117.25899505615234,151.55741882324219,0,61.726673126220703,23.61846923828125,0.086332105100154877,0.0021078246645629406,0,0,1.1718413829803467,0.96373742818832397,1.033933162689209,1.1013060808181763,1.1067032814025879,2.2716352939605713,0,0,0,0
44,180,381000,24.940462112426758,0,3.5450119972229004,111.89955139160156,141.06524658203125,0,64.548576354980469,24.140321731567383,0.08756738156080246,0.0042117214761674404,0,0,0.94952201843261719,0.89182645082473755,1.033933162689209,1.1013060808181763,4.3456382751464844,2.2716352939605713,0,0,1,0
44,210,381720,21.160490036010742,0,3.5325872898101807,109.25034332275391,131.58418273925781,0,69.887664794921875,23.601125717163086,0.088797353208065033,0.0060926205478608608,0,0,0.77646100521087646,0.83584851026535034,1.033933162689209,1.1013060808181763,1.1067032814025879,2.2716352939605713,0,0,0,0
44,240,382440,14.054731369018555,0,3.5743188858032227,105.79131317138672,121.79974365234375,0,81.972320556640625,20.323343276977539,0.089986883103847504,0.0070611815899610519,0,0,0.85128331184387207,0.84704214334487915,1.033933162689209,1.1013060808181763,1.1067032814025879,2.2716352939605713,0,0,0,0
44,270,383160,5.2063250541687012,0,3.5440118312835693,103.22184753417969,113.64168548583984,0,90.98602294921875,16.925783157348633,0.091171786189079285,0.0072125745937228203,0,0,1.146411657333374,0.89871793985366821,1.033933162689209,1.1013060808181763,1.1067032814025879,2.2716352939605713,0,0,0,0
44,300,383880,-2.0075271129608154,0.00038810481783002615,3.5825049877166748,103.1756591796875,107.87324523925781,0.41689559817314148,91.943099975585938,14.450887680053711,0.091349311172962189,0.0015558279119431973,0,0,1.3904155492782593,0.94144207239151001,1.033933162689209,1.1013060808181763,1.1067032814025879,2.2716352939605713,0,0,0,0
44,330,384600,-6.7814359664916992,0.23491324484348297,3.6385900974273682,103.23201751708984,103.07300567626953,16.090995788574219,81.165267944335938,22.003988265991211,0.087676979601383209,0.0039431634359061718,0,0,1.4821608066558838,0.9583507776260376,1.033933162689209,1.1013060808181763,1.1067032814025879,2.2716352939605713,0,0,0,0
44,360,385320,-9.7278280258178711,0.21544140577316284,3.5447800159454346,102.06935119628906,97.626350402832031,58.662338256835938,63.852123260498047,33.992851257324219,0.086784504354000092,0.00027092525851912796,0,0,-0.025742590427398682,0.94442367553710938,0.86867046356201172,1.0104544162750244,1.1482033729553223,4.0228090286254883,0,0,0,0
44,365,385440,-9.9864988327026367,0.077439285814762115,3.5115554332733154,101.91861724853516,96.585372924804688,74.902198791503906,61.224773406982422,35.520923614501953,0.086652696132659912,1.6019761517327424E-07,0,0,-0.44565415382385254,0.93461722135543823,0.8380662202835083,0.993630051612854,1.155888557434082,4.3471002578735352,0,0,0,0
45,30,386160,-7.7357735633850098,0.28441274166107178,3.2872085571289062,100.68528747558594,91.042762756347656,179.37510681152344,47.782978057861328,41.521953582763672,0.085884436964988708,0.0015415148809552193,0,0,-0.63511753082275391,0.93335527181625366,0.8380662202835083,0.993630051612854,1.155888557434082,4.3471002578735352,0,0,0,0
45,60,386880,-2.3114297389984131,0.29210162162780762,3.3341882228851318,104.38380432128906,89.997802734375,287.08389282226562,40.083209991455078,41.036785125732422,0.083642236888408661,0.0059745176695287228,0,0,-0.42968195676803589,0.90398114919662476,0.8380662202835083,0.993630051612854,1.155888557434082,4.3471002578735352,0,0,0,0
45,90,387600,7.7561302185058594,0.01717480830848217,4.370753288269043,135.04922485351562,185.068359375,32.854663848876953,40.954818725585938,34.473995208740234,0.08272174745798111,0.0059169870801270008,0,0,-0.14207208156585693,0.8628571629524231,0.8380662202835083,0.993630051612854,1.155888557434082,4.3471002578735352,0,0,0,0
45,120,388320,17.159069061279297,0,3.7479367256164551,125.63108825683594,180.17800903320312,0,52.597915649414062,28.760951995849609,0.084413103759288788,0.006042006891220808,0,0,0.03807908296585083,0.83709818124771118,0.8380662202835083,0.993630051612854,1.155888557434082,4.3471002578735352,0,0,0,0
45,150,389040,22.541934967041016,0,3.6535024642944336,119.42411041259766,166.70831298828125,0,61.643962860107422,25.592950820922852,0.085992276668548584,0.0069538732059299946,0,0,-0.00090742111206054688,0.82407355308532715,0.8380662202835083,0.993630051612854,1.155888557434082,4.3471002578735352,0,0,0,0
45,180,389760,23.937847137451172,0,3.5566046237945557,113.73854827880859,154.17533874511719,0,65.864334106445312,25.319234848022461,0.087197564542293549,0.0014996234094724059,0,0,-0.12574049830436707,0.79082047939300537,0.8380662202835083,0.993630051612854,1.155888557434082,4.3471002578735352,0,0,0,0
45,210,390480,20.39984130859375,0,3.5640132427215576,109.56558227539062,142.09048461914062,0,71.888214111328125,24.271846771240234,0.088430106639862061,0.00032476795604452491,0,0,-0.22291484475135803,0.76493513584136963,0.8380662202835083,0.993630051612854,1.155888557434082,4.3471002578735352,0,0,0,0
45,240,391200,13.474164009094238,0,3.595522403717041,106.35114288330078,131.01924133300781,0,82.597000122070312,21.201791763305664,0.089633680880069733,1.9098428310826421E-05,0,0,-0.12777996063232422,0.78542757034301758,0.8380662202835083,0.993630051612854,1.155888557434082,4.3471002578735352,0,0,0,0
45,270,391920,4.599205493927002,0,3.6170468330383301,104.94320678710938,120.69834899902344,0,91.194442749023438,17.61052131652832,0.090827852487564087,1.97289336938411E-05,0,0,0.21674510836601257,0.8608783483505249,0.8380662202835083,0.993630051612854,1.155888557434082,4.3471002578735352,0,0,0,0
45,300,392640,-2.3932898044586182,0,3.6384758949279785,105.47888946533203,113.85549163818359,0.18721447885036469,91.56707763671875,15.206143379211426,0.090730652213096619,8.9104478320223279E-06,0,0,0.50158870220184326,0.92325884103775024,0.8380662202835083,0.993630051612854,1.155888557434082,4.3471002578735352,0,0,0,0
45,330,393360,-7.7583193778991699,0.0098542254418134689,3.6756842136383057,106.55300903320312,107.99366760253906,19.102792739868164,78.989883422851562,24.218050003051758,0.087456740438938141,3.2906136482324655E-08,0,0,0.32010367512702942,0.9300578236579895,0.8380662202835083,0.993630051612854,1.155888557434082,4.3471002578735352,0,0,0,0
45,360,394080,-12.720956802368164,0.11366117000579834,3.665665864944458,103.23207855224609,103.47254180908203,75.370376586914062,61.519638061523438,35.964027404785156,0.086662903428077698,5.5429331951017957E-06,0,0,-2.9809880256652832,0.93844372034072876,0.84186601638793945,1.1481668949127197,1.0725550651550293,3.484260082244873,0,0,0,0
45,365,394200,-13.108558654785156,0.18332727253437042,3.6641166210174561,102.71059417724609,102.73689270019531,99.867263793945312,58.988018035888672,37.306560516357422,0.086531728506088257,0.0064789578318595886,0,0,-3.6011240482330322,0.92363929748535156,0.84256970882415771,1.1767847537994385,1.0571229457855225,3.3244748115539551,0,0,0,0
46,30,394920,-10.778532028198242,0.30113399028778076,3.6515545845031738,101.21360778808594,97.070236206054688,215.02679443359375,45.819805145263672,42.646457672119141,0.085760988295078278,0.0056043136864900589,0,0,-3.8269376754760742,0.89283573627471924,0.84256970882415771,1.1767847537994385,1.0571229457855225,3.3244748115539551,0,0,0,0
46,60,395640,-4.9663190841674805,0.29543259739875793,3.6137857437133789,100.48159790039062,92.315483093261719,317.2509765625,36.164371490478516,43.795753479003906,0.084881015121936798,0.003861995879560709,0,0,-3.2265944480895996,0.91492843627929688,0.84256970882415771,1.1767847537994385,1.0571229457855225,3.3244748115539551,0,0,0,0
46,90,396360,4.3553423881530762,0.046340867877006531,4.3993005752563477,137.99508666992188,160.9049072265625,137.12106323242188,33.651458740234375,37.624515533447266,0.0825519859790802,0.00036646856460720301,0,0,-2.3861141204833984,0.9458581805229187,0.84256970882415771,1.1767847537994385,1.0571229457855225,3.3244748115539551,0,0,0,0
46,120,397080,15.496903419494629,0,3.8015401363372803,132.06784057617188,191.67605590820312,0,43.264251708984375,31.110897064208984,0.084174953401088715,6.2456114392261952E-05,0,0,-1.8596591949462891,0.96523177623748779,0.84256970882415771,1.1767847537994385,1.0571229457855225,3.3244748115539551,0,0,0,0
46,150,397800,20.65165901184082,0.087130434811115265,3.8837654590606689,125.86650848388672,178.20692443847656,0,53.85052490234375,26.633989334106445,0.08579813688993454,0.00010987401765305549,0,0,-1.9381825923919678,0.94502389430999756,0.84256970882415771,1.1767847537994385,1.0571229457855225,3.3244748115539551,0,0,0,0
46,180,398520,21.924839019775391,0,3.6292409896850586,119.68077087402344,163.92866516113281,0,59.372982025146484,25.399749755859375,0.087031923234462738,6.5784018232761809E-09,0,0,-2.0267062187194824,0.8875967264175415,0.84256970882415771,1.1767847537994385,1.0571229457855225,3.3244748115539551,0,0,0,0
46,210,399240,18.181011199951172,0,3.6142334938049316,114.04615020751953,151.70082092285156,0,68.385932922363281,23.003866195678711,0.088195271790027618,1.1774642416639836E-07,0,0,-2.4139423370361328,0.84289342164993286,0.84256970882415771,1.1767847537994385,1.0571229457855225,3.3244748115539551,0,0,0,0
46,240,399960,11.110949516296387,0,3.629218578338623,114.97275543212891,143.65814208984375,0,80.477188110351562,19.290027618408203,0.089354373514652252,2.9022544367762748E-07,0,0,-2.4119129180908203,0.87170475721359253,0.84256970882415771,1.1767847537994385,4.6651167869567871,3.3244748115539551,0,0,1,0
46,270,400680,2.0580265522003174,0,3.6767385005950928,113.08313751220703,136.08763122558594,0,86.925224304199219,16.072738647460938,0.090489104390144348,0.00021234048472251743,0,0,-2.3530094623565674,0.97986268997192383,0.84256970882415771,1.1767847537994385,1.0571229457855225,3.3244748115539551,0,0,0,0
46,300,401400,-5.5480303764343262,0.00041390748810954392,3.7003037929534912,112.39260101318359,128.63787841796875,4.2825055122375488,83.259323120117188,16.795675277709961,0.088308230042457581,0.0054622776806354523,0,0,-2.3043098449707031,1.0692847967147827,0.84256970882415771,1.1767847537994385,1.0571229457855225,3.3244748115539551,0,0,0,0
46,330,402120,-10.818692207336426,0.23334158957004547,3.7354872226715088,110.60327911376953,120.96484375,40.425102233886719,66.11810302734375,29.662477493286133,0.086930729448795319,0.006219843402504921,0,0,-2.5767467021942139,1.0445855855941772,0.84256970882415771,1.1767847537994385,1.0571229457855225,3.3244748115539551,0,0,0,0
46,360,402840,-9.5064907073974609,0.22045660018920898,3.6941845417022705,108.32268524169922,113.13655853271484,139.89981079101562,51.227252960205078,37.814659118652344,0.086143091320991516,0.0068749752826988697,0,0,-0.10076302289962769,0.9017292857170105,0.9051436185836792,1.1954882144927979,1.109474778175354,4.6229476928710938,0,0,0,0
46,365,402960,-8.9193019866943359,0.060663271695375443,3.6920499801635742,107.87238311767578,112.02655029296875,142.01579284667969,49.120063781738281,38.734062194824219,0.086014620959758759,3.3683521905913949E-05,0,0,0.55421900749206543,0.88067859411239624,0.91673141717910767,1.1989518404006958,1.1191695928573608,4.863405704498291,0,0,0,0
47,30,403680,-6.5103621482849121,0.49557799100875854,3.645646333694458,104.83126831054688,106.79697418212891,218.632080078125,38.418647766113281,41.716274261474609,0.085262790322303772,7.2483140684198588E-05,0,0,0.60944664478302002,0.85053110122680664,0.91673141717910767,1.1989518404006958,1.1191695928573608,4.863405704498291,0,0,0,0
47,60,404400,-1.4003007411956787,0.089324615895748138,3.7413985729217529,109.60721588134766,105.65465545654297,263.04791259765625,31.949748992919922,40.325756072998047,0.083449758589267731,3.490536255412735E-05,0,0,0.48948991298675537,0.84285807609558105,0.91673141717910767,1.1989518404006958,1.1191695928573608,4.863405704498291,0,0,0,0
47,90,405120,8.593510627746582,0.00086225115228444338,4.3328909873962402,134.61399841308594,186.89741516113281,23.028339385986328,32.957019805908203,33.348155975341797,0.083092927932739258,3.7644727335361949E-09,0,0,0.32155045866966248,0.83211588859558105,0.91673141717910767,1.1989518404006958,1.1191695928573608,4.863405704498291,0,0,0,0
47,120,405840,17.260677337646484,0,3.7619197368621826,126.17041015625,177.60595703125,0,43.890117645263672,27.818855285644531,0.084769219160079956,0.00048974144738167524,0,0,0.21635764837265015,0.82538723945617676,0.91673141717910767,1.1989518404006958,1.1191695928573608,4.863405704498291,0,0,0,0
47,150,406560,23.060382843017578,0,3.6152315139770508,120.14128112792969,163.61874389648438,0,52.079929351806641,24.519859313964844,0.086180634796619415,0.00032352947164326906,0,0,0.31700819730758667,0.8366544246673584,0.91673141717910767,1.1989518404006958,1.1191695928573608,4.863405704498291,0,0,0,0
47,180,407280,24.711479187011719,0,3.5800864696502686,115.11330413818359,151.76817321777344,0,55.9493408203125,23.95997428894043,0.08739057183265686,0.0023272889666259289,0,0,0.60389614105224609,0.86827331781387329,0.91673141717910767,1.1989518404006958,1.1191695928573608,4.863405704498291,0,0,0,0
47,210,408000,21.564197540283203,0,3.5619828701019287,111.48805999755859,139.47816467285156,0,61.342487335205078,23.127315521240234,0.088565535843372345,0.0058300127275288105,0,0,0.82721960544586182,0.89288657903671265,0.91673141717910767,1.1989518404006958,1.1191695928573608,4.863405704498291,0,0,0,0
47,240,408720,14.479228019714355,0,3.5931806564331055,108.40324401855469,128.90937805175781,0,73.008552551269531,19.944869995117188,0.089704602956771851,0.0071385018527507782,0,0,0.7630922794342041,0.91156238317489624,0.91673141717910767,1.1989518404006958,1.1191695928573608,4.863405704498291,0,0,0,0
47,270,409440,5.1204676628112793,0,3.5809588432312012,106.43069458007812,119.66251373291016,0,81.9752197265625,16.613607406616211,0.090855076909065247,0.0044836821034550667,0,0,0.49139493703842163,0.96827089786529541,0.91673141717910767,1.1989518404006958,1.1191695928573608,4.863405704498291,0,0,0,0
47,300,410160,-2.8286545276641846,0.016454737633466721,3.6671075820922852,107.80950927734375,113.38236999511719,2.3436484336853027,82.611289978027344,14.357355117797852,0.090715974569320679,0.004978726152330637,0,0,0.26676321029663086,1.0151559114456177,0.91673141717910767,1.1989518404006958,1.1191695928573608,4.863405704498291,0,0,0,0
47,330,410880,-7.7154064178466797,0.011712531559169292,3.6752579212188721,107.84653472900391,108.52326965332031,21.945367813110352,70.849952697753906,22.890029907226562,0.087568901479244232,0.001744542270898819,0,0,0.31212866306304932,0.98984402418136597,0.91673141717910767,1.1989518404006958,1.1191695928573608,4.863405704498291,0,0,0,0
47,360,411600,-9.7523889541625977,0.036970190703868866,3.6730301380157471,104.23219299316406,104.26683807373047,65.067153930664062,55.248516082763672,33.223018646240234,0.086770579218864441,0.00013865942310076207,0,0,-0.1968110203742981,0.74812585115432739,0.85335546731948853,1.1705334186553955,1.0718758106231689,0.45680856704711914,0,0,0,0
47,365,411720,-9.6908140182495117,0.044032145291566849,3.6718676090240479,103.67874908447266,103.50617980957031,75.172500610351562,52.833240509033203,34.389324188232422,0.086639165878295898,6.0838694082576694E-08,0,0,-0.35076689720153809,0.71241742372512817,0.84161919355392456,1.1652706861495972,1.0631177425384521,-0.35922765731811523,0,0,0,0
48,30,412440,-6.8354196548461914,0.095462724566459656,3.6370189189910889,101.98018646240234,97.929573059082031,128.65957641601562,41.272075653076172,39.001537322998047,0.085876867175102234,0.004264460876584053,0,0,-0.37549197673797607,0.69670367240905762,0.84161919355392456,1.1652706861495972,1.0631177425384521,-0.35922765731811523,0,0,0,0
48,60,413160,-1.009631872177124,0.070630446076393127,3.7522921562194824,108.49465179443359,98.357460021972656,139.92759704589844,35.819332122802734,37.168464660644531,0.083005115389823914,0.0059155174531042576,0,0,-0.15750455856323242,0.72229641675949097,0.84161919355392456,1.1652706861495972,1.0631177425384521,-0.35922765731811523,0,0,0,0
48,90,413880,9.8393306732177734,0,3.8171017169952393,120.50594329833984,157.30838012695312,1.9120215177536011,38.992244720458984,31.065011978149414,0.083184987306594849,0.0065353461541235447,0,0,0.14767777919769287,0.75812625885009766,0.84161919355392456,1.1652706861495972,1.0631177425384521,-0.35922765731811523,0,0,0,0
48,120,414600,18.081535339355469,0,3.6355431079864502,115.65494537353516,146.13253784179688,0,50.360198974609375,25.964378356933594,0.084917202591896057,0.0072882557287812233,0,0,0.33883589506149292,0.78056907653808594,0.84161919355392456,1.1652706861495972,1.0631177425384521,-0.35922765731811523,0,0,0,0
48,150,415320,23.55790901184082,0,3.545579195022583,111.44451141357422,135.73997497558594,0,57.606426239013672,23.478399276733398,0.086454287171363831,0.0046178288757801056,0,0,0.53647613525390625,0.75541424751281738,0.84161919355392456,1.1652706861495972,1.0631177425384521,-0.35922765731811523,0,0,0,0
48,180,416040,24.926158905029297,0,3.4971187114715576,107.98759460449219,124.90081787109375,0,60.7479248046875,23.739376068115234,0.087697096168994904,0.0034779701381921768,0,0,1.0607082843780518,0.6840929388999939,0.84161919355392456,1.1652706861495972,1.0631177425384521,-0.35922765731811523,0,0,0,0
48,210,416760,21.449777603149414,0,3.4959030151367188,104.28060913085938,116.32027435302734,0,65.813056945800781,23.32177734375,0.088915757834911346,0.00017507764277979732,0,0,1.4687886238098145,0.6285739541053772,0.84161919355392456,1.1652706861495972,1.0631177425384521,-0.35922765731811523,0,0,0,0
48,240,417480,20.903043746948242,0,3.5049264430999756,101.16377258300781,108.16257476806641,0,76.239036560058594,20.380035400390625,0.090147070586681366,1.0308697255823063E-06,0,0,8.4690151214599609,0.64770841598510742,0.84161919355392456,1.1652706861495972,1.0631177425384521,-0.35922765731811523,1,0,0,0
48,270,418200,3.9552493095397949,0,3.1519136428833008,99.25579833984375,101.79585266113281,0,85.091033935546875,17.029569625854492,0.091325163841247559,0.00012674000754486769,0,0,0.52723056077957153,0.7259981632232666,0.84161919355392456,1.1652706861495972,1.0631177425384521,-0.35922765731811523,0,0,0,0
48,300,418920,-3.9193217754364014,0,2.8763992786407471,98.891555786132812,97.093307495117188,0.71155649423599243,84.341781616210938,15.58012866973877,0.090369291603565216,5.3797898544871714E-06,0,0,-0.092248260974884033,0.7907259464263916,0.84161919355392456,1.1652706861495972,1.0631177425384521,-0.35922765731811523,0,0,0,0
48,330,419640,-8.6967277526855469,0.00876601692289114,2.791860818862915,98.379592895507812,93.669296264648438,12.666378974914551,69.800262451171875,26.335554122924805,0.087928995490074158,0.0014099825639277697,0,0,-0.19076371192932129,0.77861577272415161,1.1921451091766357,1.1652706861495972,1.0631177425384521,-0.35922765731811523,0,0,0,1
48,360,420360,-9.7009191513061523,0.031221397221088409,2.5289547443389893,96.967819213867188,88.748992919921875,46.862564086914062,54.238826751708984,35.993728637695312,0.087120577692985535,1.456341578887077E-06,0,0,-0.12881296873092651,0.6798708438873291,0.93532627820968628,1.0740259885787964,0.97974485158920288,-0.075742959976196289,0,0,0,0
48,365,420480,-9.4823837280273438,0.057643353939056396,2.4872384071350098,96.710121154785156,88.010986328125,54.832599639892578,52.007080078125,37.08489990234375,0.086988575756549835,0.0075041931122541428,0,0,-0.069738566875457764,0.67100977897644043,0.95267945528030396,1.0571287870407104,0.96430540084838867,-0.023245811462402344,0,0,0,0
49,30,421200,-6.576115608215332,0.33698228001594543,2.2245543003082275,95.275169372558594,83.852745056152344,98.694427490234375,40.593715667724609,41.023200988769531,0.086219973862171173,0.0071929185651242733,0,0,-0.0024471879005432129,0.66775631904602051,0.95267945528030396,1.0571287870407104,0.96430540084838867,-0.023245811462402344,0,0,0,0
49,60,421920,-0.5376056432723999,0.033148154616355896,2.8028945922851562,103.30455017089844,86.583793640136719,95.262748718261719,35.672405242919922,38.534934997558594,0.083174951374530792,0.0055686486884951591,0,0,0.25303539633750916,0.66024625301361084,0.95267945528030396,1.0571287870407104,0.96430540084838867,-0.023245811462402344,0,0,0,0
49,90,422640,10.152604103088379,0,3.7308676242828369,110.58027648925781,139.31175231933594,0.46545323729515076,39.647533416748047,32.137298583984375,0.083659343421459198,0.00050674279918894172,0,0,0.61071103811264038,0.64973217248916626,0.95267945528030396,1.0571287870407104,0.96430540084838867,-0.023245811462402344,0,0,0,0
49,120,423360,18.397869110107422,0,3.5920567512512207,107.23983764648438,129.34779357910156,0,51.515853881835938,26.927923202514648,0.085408702492713928,1.3565043445851188E-05,0,0,0.83474957942962646,0.64314645528793335,0.95267945528030396,1.0571287870407104,0.96430540084838867,-0.023245811462402344,0,0,0,0
49,150,424080,23.900905609130859,0,3.5227959156036377,103.89741516113281,119.20276641845703,0,58.906051635742188,24.708353042602539,0.086864903569221497,6.8028661189600825E-05,0,0,1.0270230770111084,0.64572495222091675,0.95267945528030396,1.0571287870407104,2.7846465110778809,-0.023245811462402344,0,0,1,0
49,180,424800,25.292957305908203,0,3.4876468181610107,100.9456787109375,109.39661407470703,0,61.587696075439453,25.083219528198242,0.088104113936424255,3.1814923318052024E-07,0,0,1.5332763195037842,0.65345704555511475,0.95267945528030396,1.0571287870407104,0.96430540084838867,-0.023245811462402344,0,0,0,0
49,210,425520,21.857158660888672,0,3.4574480056762695,98.412605285644531,100.9044189453125,0,66.196830749511719,24.733858108520508,0.08931751549243927,2.3573711871449632E-07,0,0,1.9273611307144165,0.65947598218917847,0.95267945528030396,1.0571287870407104,0.96430540084838867,-0.023245811462402344,0,0,0,0
49,240,426240,14.253214836120605,0,3.3038403987884521,95.348907470703125,94.994071960449219,0,77.939537048339844,21.47459602355957,0.090497411787509918,6.6713488422465161E-07,0,0,1.6537232398986816,0.66308426856994629,0.95267945528030396,1.0571287870407104,0.96430540084838867,-0.023245811462402344,0,0,0,0
49,270,426960,4.0435028076171875,0,2.8617143630981445,92.889976501464844,89.810653686523438,0,86.617881774902344,17.802112579345703,0.091704092919826508,0.0015325776766985655,0,0,0.6341090202331543,0.67372465133666992,0.95267945528030396,1.0571287870407104,0.96430540084838867,-0.023245811462402344,0,0,0,0
49,300,427680,-4.0226883888244629,0,2.555293083190918,92.623222351074219,84.787590026855469,0.17749772965908051,85.592964172363281,16.269739151000977,0.090757556259632111,0.006656215526163578,0,0,-0.20887911319732666,0.68252182006835938,0.95267945528030396,1.0571287870407104,0.96430540084838867,-0.023245811462402344,0,0,0,0
49,330,428400,-8.8091897964477539,0.010164162144064903,2.5333547592163086,93.591094970703125,80.313674926757812,20.170160293579102,70.783905029296875,27.24925422668457,0.088344275951385498,0.0075745773501694202,0,0,-0.23850792646408081,0.68069100379943848,0.95267945528030396,1.0571287870407104,0.96430540084838867,-0.023245811462402344,0,0,0,0
49,360,429120,-10.381421089172363,0.24923123419284821,2.2762281894683838,92.719039916992188,75.848373413085938,60.115146636962891,55.029804229736328,36.951068878173828,0.087529771029949188,0.0071625867858529091,0,0,-0.67150872945785522,0.91823881864547729,1.002593994140625,1.1200308799743652,1.0717780590057373,1.4669011831283569,0,0,0,0
49,365,429240,-10.375126838684082,0.095211237668991089,2.2391784191131592,92.57452392578125,75.154640197753906,69.114860534667969,52.693447113037109,38.018592834472656,0.087396793067455292,0.00028973832377232611,0,0,-0.82505941390991211,0.96701329946517944,1.0118374824523926,1.1316794157028198,1.0916804075241089,1.7428543567657471,0,0,0,0
50,30,429960,-7.7413253784179688,0.16333338618278503,2.0310587882995605,91.601837158203125,71.397262573242188,161.41429138183594,41.002861022949219,42.031158447265625,0.086616620421409607,4.5475799197447486E-06,0,0,-0.88656055927276611,0.97421276569366455,1.0118374824523926,1.1316794157028198,1.0916804075241089,1.7428543567657471,0,0,0,0
50,60,430680,-1.9215602874755859,0.11871160566806793,2.1087391376495361,98.981971740722656,73.39984130859375,240.84361267089844,34.595714569091797,40.407543182373047,0.084188252687454224,1.2835267625632696E-05,0,0,-0.47389057278633118,0.97960364818572998,1.0118374824523926,1.1316794157028198,1.0916804075241089,1.7428543567657471,0,0,0,0
50,90,431400,8.9418716430664062,0.0073288423009216785,4.2631692886352539,130.5240478515625,182.59561157226562,14.179573059082031,36.333095550537109,33.666427612304688,0.083749830722808838,3.6603597930451315E-09,0,0,0.10384759306907654,0.98715090751647949,1.0118374824523926,1.1316794157028198,1.0916804075241089,1.7428543567657471,0,0,0,0
50,120,432120,18.001630783081055,0,3.7575926780700684,124.31937408447266,173.07832336425781,0,48.251873016357422,28.081483840942383,0.085445046424865723,0.0014876400819048285,0,0,0.46572741866111755,0.99187833070755005,1.0118374824523926,1.1316794157028198,1.0916804075241089,1.7428543567657471,0,0,0,0
50,150,432840,23.326929092407227,0,3.6175243854522705,118.50796508789062,160.53681945800781,0,56.665050506591797,25.069311141967773,0.086963683366775513,3.5134263498548535E-08,0,0,0.36672329902648926,0.96649593114852905,1.0118374824523926,1.1316794157028198,1.0916804075241089,1.7428543567657471,0,0,0,0
50,180,433560,24.037324905395508,0,3.5526533126831055,112.46185302734375,149.75975036621094,0,58.786632537841797,25.650537490844727,0.088168993592262268,0.0047528529539704323,0,0,0.059117868542671204,0.89629125595092773,1.0118374824523926,1.1316794157028198,1.0916804075241089,1.7428543567657471,0,0,0,0
50,210,434280,20.124881744384766,0,3.5528793334960938,108.30944061279297,138.53033447265625,0,65.587417602539062,24.129728317260742,0.089400485157966614,0.0066308891400694847,0,0,-0.18033275008201599,0.84164160490036011,1.0118374824523926,1.1316794157028198,1.0916804075241089,1.7428543567657471,0,0,0,0
50,240,435000,12.872053146362305,0,3.5961806774139404,105.23572540283203,127.97714996337891,0,78.486320495605469,20.547397613525391,0.090569533407688141,0.0061655119061470032,0,0,-0.22152376174926758,0.85079437494277954,1.0118374824523926,1.1316794157028198,1.0916804075241089,1.7428543567657471,0,0,0,0
50,270,435720,3.6560139656066895,0,3.5763030052185059,103.92708587646484,117.88407135009766,0,86.54180908203125,17.080244064331055,0.091756649315357208,0.0071184472180902958,0,0,-0.30029746890068054,0.89526855945587158,1.0118374824523926,1.1316794157028198,1.0916804075241089,1.7428543567657471,0,0,0,0
50,300,436440,-3.7528641223907471,0,3.631403923034668,105.00357818603516,111.54066467285156,0.88452702760696411,85.688957214355469,15.602068901062012,0.090715229511260986,0.006136914249509573,0,0,-0.36542531847953796,0.93203848600387573,1.0118374824523926,1.1316794157028198,1.0916804075241089,1.7428543567657471,0,0,0,0
50,330,437160,-8.82061767578125,0.018749885261058807,3.7117416858673096,104.95674133300781,106.38404083251953,21.183614730834961,70.933746337890625,26.571981430053711,0.08824332058429718,0.0011917537776753306,0,0,-0.46777448058128357,0.94206172227859497,1.0118374824523926,1.1316794157028198,1.0916804075241089,1.7428543567657471,0,0,0,0
50,360,437880,-9.7385730743408203,0.08941265195608139,3.6484489440917969,102.31095886230469,101.09309387207031,85.125831604003906,54.963520050048828,36.281394958496094,0.087426498532295227,0.00020460913947317749,0,0,-0.20691025257110596,1.0173426866531372,1.1334563493728638,0.91201627254486084,0.98505425453186035,0.14516294002532959,0,0,0,0
50,365,438000,-9.5565605163574219,0.11032175272703171,3.6318094730377197,102.03723907470703,100.085693359375,103.65538787841797,52.701816558837891,37.368270874023438,0.087293282151222229,4.5889585534308885E-12,0,0,-0.17470765113830566,1.0143584012985229,1.1559783220291138,0.871337890625,0.96530866622924805,-0.15070581436157227,0,0,0,0
51,30,438720,-6.7636780738830566,0.29364463686943054,3.4113900661468506,101.11862182617188,93.788497924804688,229.56716918945312,41.108390808105469,41.257469177246094,0.086518861353397369,0.005831519141793251,0,0,-0.26638305187225342,0.99137264490127563,1.1559783220291138,0.871337890625,0.96530866622924805,-0.15070587396621704,0,0,0,0
51,60,439440,-0.35450348258018494,0.18379168212413788,3.9471142292022705,113.95686340332031,102.49156951904297,251.030029296875,36.067207336425781,38.517047882080078,0.083530373871326447,0.0056478255428373814,0,0,0.47030460834503174,1.0385122299194336,1.1559783220291138,0.871337890625,0.96530866622924805,-0.15070587396621704,0,0,0,0
51,90,440160,11.017964363098145,0.0047558490186929703,3.9945487976074219,130.54045104980469,187.55763244628906,2.5755739212036133,39.685752868652344,32.054130554199219,0.084118574857711792,0.0084697147831320763,0,0,1.5016672611236572,1.1045075654983521,1.1559783220291138,0.871337890625,0.96530866622924805,-0.15070587396621704,0,0,0,0
51,120,440880,19.982852935791016,0,3.737957239151001,123.78350830078125,176.31965637207031,0,51.021518707275391,26.847940444946289,0.085788063704967499,0.0073676002211868763,0,0,2.1476855278015137,1.1458452939987183,1.1559783220291138,0.871337890625,0.96530866622924805,-0.15070587396621704,0,0,0,0
51,150,441600,25.002517700195312,0,3.6126487255096436,118.44676971435547,163.38655090332031,0,57.465808868408203,24.833818435668945,0.087177038192749023,0.0065976204350590706,0,0,1.9099681377410889,1.103580117225647,1.1559783220291138,0.871337890625,0.96530866622924805,-0.15070587396621704,0,0,0,0
51,180,442320,25.116451263427734,0,3.5495691299438477,113.14399719238281,151.60237121582031,0,60.177459716796875,25.055835723876953,0.08838304877281189,0.0038021032232791185,0,0,1.1932985782623291,0.98338913917541504,1.1559783220291138,0.871337890625,0.96530866622924805,-0.15070587396621704,0,0,0,0
51,210,443040,24.691417694091797,0,3.5416712760925293,109.0506591796875,139.87149047851562,0,65.72064208984375,24.298940658569336,0.089577384293079376,0.001116954255849123,0,0,4.2504701614379883,0.8898283839225769,1.1559783220291138,0.871337890625,0.96530866622924805,-0.15070587396621704,1,0,0,0
51,240,443760,13.327441215515137,0,3.5954844951629639,105.93368530273438,128.95494079589844,0,77.886421203613281,20.990512847900391,0.090749777853488922,7.7903489000163972E-05,0,0,0.58806824684143066,0.91780287027359009,1.1559783220291138,0.871337890625,0.96530866622924805,-0.15070587396621704,0,0,0,0
51,270,444480,4.1092796325683594,0.048417340964078903,3.6403501033782959,104.17276000976562,119.24272155761719,0,86.701690673828125,17.488935470581055,0.091912649571895599,0.0001450581185054034,0,0,0.56818783283233643,1.0353612899780273,1.1559783220291138,0.871337890625,0.96530866622924805,-0.15070587396621704,0,0,0,0
51,300,445200,-3.4535422325134277,0.13473232090473175,3.6654837131500244,105.69528961181641,112.70503234863281,4.5935702323913574,86.503776550292969,15.482701301574707,0.091250427067279816,0.00019324447202961892,0,0,0.55175119638442993,1.1325552463531494,1.1559783220291138,0.871337890625,0.96530866622924805,-0.15070587396621704,0,0,0,0
51,330,445920,-8.170750617980957,0.032736647874116898,3.6877374649047852,106.19331359863281,107.31222534179688,31.891128540039062,72.854255676269531,25.553678512573242,0.088374175131320953,3.2046618798631243E-06,0,0,0.39606398344039917,1.1142408847808838,1.1559783220291138,0.871337890625,0.96530866622924805,-0.15070587396621704,0,0,0,0
51,360,446640,-10.051250457763672,0.23210904002189636,3.6660909652709961,103.30438995361328,102.23946380615234,123.15933227539062,56.701431274414062,35.802577972412109,0.087554290890693665,0.0022494446020573378,0,0,-0.50625556707382202,1.5102388858795166,1.1606166362762451,0.89860540628433228,0.94793605804443359,0.028149276971817017,0,0,0,0
51,365,446760,-11.602949142456055,0.42106276750564575,3.6642684936523438,102.91973114013672,101.31103515625,148.244140625,54.368087768554688,36.939285278320312,0.087420269846916199,0.0082527883350849152,0,0,-1.7785720825195312,1.5936172008514404,1.1614755392074585,0.90365493297576904,0.94471889734268188,0.061270594596862793,0,1,0,0
52,30,447480,-6.7849678993225098,0.7664339542388916,3.5353758335113525,101.67501068115234,95.521919250488281,321.18832397460938,41.992462158203125,40.730400085449219,0.086643494665622711,0.0072284736670553684,0,0,-0.26496890187263489,1.5876671075820923,1.1614755392074585,0.90365493297576904,0.94471889734268188,0.061270594596862793,0,0,0,0
52,60,448200,-0.89215183258056641,0.79632663726806641,4.3400182723999023,124.240966796875,113.84129333496094,405.7542724609375,36.469501495361328,37.714157104492188,0.083693630993366241,0.0041287923231720924,0,0,-0.13222408294677734,1.6669526100158691,1.1614755392074585,0.90365493297576904,0.94471889734268188,0.061270594596862793,0,0,0,0
52,90,448920,8.9788322448730469,0.28877401351928711,5.1145668029785156,145.42640686035156,198.73359680175781,29.518798828125,36.450202941894531,30.011663436889648,0.083626329898834229,0.0027993624098598957,0,0,0.053618639707565308,1.7779521942138672,1.1614755392074585,0.90365493297576904,0.94471889734268188,0.061270594596862793,0,0,0,0
52,120,449640,17.405553817749023,0.084273330867290497,4.0054850578308105,137.89431762695312,195.55667114257812,0,47.7081298828125,24.722593307495117,0.085221283137798309,4.4284306568442844E-06,0,0,0.17002561688423157,1.8474794626235962,1.1614755392074585,0.90365493297576904,0.94471889734268188,0.061270594596862793,0,0,0,0
52,150,450360,23.124179840087891,0,3.7668323516845703,132.01043701171875,186.193603515625,0,57.413619995117188,21.799020767211914,0.086809523403644562,1.1319551958877128E-05,0,0,-0.096799641847610474,1.7480449676513672,1.1614755392074585,0.90365493297576904,0.94471889734268188,0.061270594596862793,0,0,0,0
52,180,451080,23.327415466308594,0,3.6771252155303955,126.40471649169922,173.27568054199219,0,63.099208831787109,21.479793548583984,0.088010378181934357,2.8838134312536567E-05,0,0,-0.8413662314414978,1.4680051803588867,1.1614755392074585,0.90365493297576904,0.94471889734268188,0.061270594596862793,0,0,0,0
52,210,451800,18.207595825195312,0.017379766330122948,3.7858128547668457,120.52509307861328,160.99826049804688,0,71.749336242675781,20.120107650756836,0.08910766988992691,6.9447230544028571E-07,0,0,-1.4209624528884888,1.2500126361846924,1.1614755392074585,0.90365493297576904,0.94471889734268188,0.061270594596862793,0,0,0,0
52,240,452520,11.419736862182617,0,3.6657657623291016,115.18001556396484,150.85891723632812,0,84.460380554199219,16.979623794555664,0.09018196165561676,2.4038974970608251E-06,0,0,-1.4625200033187866,1.2905166149139404,1.1614755392074585,0.90365493297576904,0.94471889734268188,0.061270594596862793,0,0,0,0
52,270,453240,2.2745141983032227,0,3.6938152313232422,114.01274871826172,142.09423828125,0,91.364288330078125,14.149447441101074,0.09126688539981842,0.0030778616201132536,0,0,-1.4574719667434692,1.4813642501831055,1.6489806175231934,0.90365493297576904,0.94471889734268188,0.061270594596862793,0,0,0,1
52,300,453960,-5.4520726203918457,0.018148517236113548,3.7445163726806641,114.24614715576172,137.06629943847656,14.21450138092041,87.480850219726562,15.267633438110352,0.089049369096755981,0.006838369183242321,0,0,-1.4532983303070068,1.6391515731811523,1.1614755392074585,0.90365493297576904,0.94471889734268188,0.061270594596862793,0,0,0,0
52,330,454680,-9.7812252044677734,0.14560447633266449,3.7263698577880859,111.32279968261719,129.53506469726562,91.115921020507812,69.495948791503906,29.118766784667969,0.087561860680580139,0.0072355791926383972,0,0,-1.2465262413024902,1.6405514478683472,1.1614755392074585,0.90365493297576904,0.94471889734268188,0.061270594596862793,0,0,0,0
52,360,455400,-9.2774438858032227,0.71303141117095947,3.6985812187194824,109.08367919921875,120.66644287109375,217.76896667480469,53.908283233642578,37.959907531738281,0.08675839751958847,0.0071669435128569603,0,0,0.045479536056518555,1.0675342082977295,1.1140314340591431,0.92443364858627319,0.8443373441696167,-3.904691219329834,0,0,0,0
52,365,455520,-8.9626359939575195,0.10642168670892715,3.7001345157623291,108.73760223388672,119.24831390380859,227.10922241210938,51.691848754882812,38.944587707519531,0.086627371609210968,0.00027988053625449538,0,0,0.12024092674255371,0.96342962980270386,1.1052454710006714,0.92828154563903809,0.82574814558029175,-4.6391286849975586,0,0,0,0
53,30,456240,-5.7500834465026855,0.18940375745296478,3.6565430164337158,106.4232177734375,112.21585083007812,313.74612426757812,40.67279052734375,41.983131408691406,0.085801407694816589,3.0734190659131855E-07,0,0,0.058453798294067383,0.95010966062545776,1.1052454710006714,0.92828154563903809,0.82574814558029175,-4.6391286849975586,0,0,0,0
53,60,456960,-7.6769533157348633,0.4738943874835968,3.738027811050415,109.41915893554688,114.96273803710938,336.45059204101562,34.870796203613281,38.963615417480469,0.082632392644882202,0.00029400151106528938,0,0,-8.0624179840087891,0.93019527196884155,1.1052454710006714,0.92828154563903809,0.82574814558029175,-4.6391286849975586,0,1,0,0
53,90,457680,11.380973815917969,0,4.0624909400939941,137.53443908691406,193.80416870117188,2.9865622520446777,36.278079986572266,32.71258544921875,0.083077907562255859,6.4544911992925336E-07,0,0,0.75465470552444458,0.90231496095657349,1.1052454710006714,0.92828154563903809,0.82574814558029175,-4.6391286849975586,0,0,0,0
53,120,458400,19.566652297973633,0,3.7469751834869385,126.70647430419922,183.73768615722656,0,47.561611175537109,27.404863357543945,0.084709294140338898,9.2999041953589767E-05,0,0,1.0090357065200806,0.88485157489776611,1.1052454710006714,0.92828154563903809,0.82574814558029175,-4.6391286849975586,0,0,0,0
53,150,459120,24.377740859985352,0,3.6296403408050537,120.10612487792969,169.485107421875,0,54.352092742919922,24.945991516113281,0.086291640996932983,5.410636276792502E-07,0,0,0.9617573618888855,0.89182960987091064,1.1052454710006714,0.92828154563903809,0.82574814558029175,-4.6391286849975586,0,0,0,0
53,180,459840,24.592483520507812,0,3.5873420238494873,115.10885620117188,155.49220275878906,0,57.858516693115234,24.700141906738281,0.087458878755569458,0.0071683116257190704,0,0,0.80684256553649902,0.91271936893463135,1.1052454710006714,0.92828154563903809,0.82574814558029175,-4.6391286849975586,0,0,0,0
53,210,460560,20.184925079345703,0,3.5699887275695801,111.08194732666016,142.63832092285156,0,64.630043029785156,23.44989013671875,0.088621146976947784,0.0054021328687667847,0,0,0.68625158071517944,0.92898064851760864,1.1052454710006714,0.92828154563903809,0.82574814558029175,-4.6391286849975586,0,0,0,0
53,240,461280,12.550600051879883,0,3.5943076610565186,108.12898254394531,131.29473876953125,0,77.4176025390625,19.929296493530273,0.089767716825008392,0.0074158930219709873,0,0,0.65690553188323975,0.94207274913787842,1.1052454710006714,0.92828154563903809,0.82574814558029175,-4.6391286849975586,0,0,0,0
53,270,462000,3.1657328605651855,0.044492863118648529,3.6352791786193848,105.99397277832031,121.87766265869141,0,85.644287109375,16.644529342651367,0.090897880494594574,0.0063796378672122955,0,0,0.58828067779541016,0.98207461833953857,1.1052454710006714,0.92828154563903809,0.82574814558029175,-4.6391286849975586,0,0,0,0
53,300,462720,-3.9368071556091309,0,3.6580278873443604,106.62757873535156,114.55846405029297,1.649777889251709,84.606330871582031,15.454835891723633,0.089708425104618073,0.0077176317572593689,0,0,0.53154361248016357,1.0151469707489014,1.1052454710006714,0.92828154563903809,0.82574814558029175,-4.6391286849975586,0,0,0,0
53,330,463440,-8.35723876953125,0.023535994812846184,3.7122929096221924,106.98966217041016,108.86346435546875,18.884099960327148,70.255905151367188,26.114259719848633,0.087272539734840393,0.001087879529222846,0,0,0.44006502628326416,1.0064692497253418,1.1052454710006714,0.92828154563903809,0.82574814558029175,-4.6391286849975586,0,0,0,0
53,360,464160,-8.6542243957519531,0.06033722311258316,3.6663472652435303,104.03608703613281,103.75334167480469,68.552070617675781,54.647937774658203,35.832817077636719,0.086475513875484467,0.0021452866494655609,0,0,0.55487525463104248,0.81287527084350586,1.1288187503814697,0.78166913986206055,0.76898694038391113,-7.6032533645629883,0,0,0,0
53,365,464280,-8.3078327178955078,0.053634200245141983,3.6565871238708496,103.44863891601562,103.16511535644531,79.129447937011719,52.421970367431641,36.920192718505859,0.086345508694648743,2.7512498945725383E-09,0,0,0.59414410591125488,0.76267552375793457,1.1331841945648193,0.75451868772506714,0.75847560167312622,-8.152165412902832,0,0,0,0
54,30,465000,-4.8004970550537109,0.29605719447135925,3.5965683460235596,101.46747589111328,99.135704040527344,156.04092407226562,41.475761413574219,40.3270263671875,0.085401624441146851,0.0050222156569361687,0,0,0.52255344390869141,0.72361612319946289,1.1331841945648193,0.75451868772506714,0.75847560167312622,-8.152165412902832,0,0,0,0
54,60,465720,1.826791524887085,0.02826528437435627,3.9666259288787842,118.37569427490234,116.23431396484375,94.8223876953125,38.766639709472656,35.951637268066406,0.081879302859306335,0.0042771222069859505,0,0,0.50643908977508545,0.78811728954315186,1.4920902252197266,0.75451868772506714,0.75847560167312622,-8.152165412902832,0,0,0,1
54,90,466440,11.777546882629395,0,3.7560842037200928,121.42939758300781,153.27313232421875,0,43.983837127685547,29.905576705932617,0.083410680294036865,0.0076235546730458736,0,0,0.48387885093688965,0.87841892242431641,1.1331841945648193,0.75451868772506714,0.75847560167312622,-8.152165412902832,0,0,0,0
54,120,467160,18.794483184814453,0.0064638461917638779,3.675236701965332,116.21257019042969,143.52671813964844,0,54.762260437011719,25.007196426391602,0.085132531821727753,0.0076997182331979275,0,0,0.46974766254425049,0.93498134613037109,1.1331841945648193,0.75451868772506714,0.75847560167312622,-8.152165412902832,0,0,0,0
54,150,467880,24.274480819702148,0,3.5389418601989746,112.1719970703125,132.79803466796875,0,61.013965606689453,23.223913192749023,0.086565397679805756,0.0051116980612277985,0,0,0.78825139999389648,0.92878603935241699,1.1331841945648193,0.75451868772506714,0.75847560167312622,-8.152165412902832,0,0,0,0
54,180,468600,25.151357650756836,0,3.4977953433990479,107.33269500732422,123.56798553466797,0,63.525135040283203,23.930913925170898,0.087783850729465485,0.0052609322592616081,0,0,1.6647504568099976,0.90620177984237671,1.1331841945648193,0.75451868772506714,0.75847560167312622,-8.152165412902832,0,0,0,0
54,210,469320,21.20635986328125,0,3.5187337398529053,102.82202911376953,116.07977294921875,0,68.6773681640625,23.638286590576172,0.088989295065402985,0.00045565245090983808,0,0,2.3470473289489746,0.88862133026123047,1.1331841945648193,0.75451868772506714,0.75847560167312622,-8.152165412902832,0,0,0,0
54,240,470040,13.266496658325195,0,3.4780378341674805,100.130859375,107.88968658447266,0,80.917068481445312,20.372520446777344,0.090172111988067627,0.00023631029762327671,0,0,2.1985435485839844,0.89876854419708252,1.1331841945648193,0.75451868772506714,0.75847560167312622,-8.152165412902832,0,0,0,0
54,270,470760,3.3710215091705322,0,3.3754634857177734,97.624069213867188,101.48361968994141,0,89.558921813964844,17.013938903808594,0.091325037181377411,4.1582898120395839E-05,0,0,1.5280640125274658,0.93732017278671265,1.1331841945648193,0.75451868772506714,0.75847560167312622,-8.152165412902832,0,0,0,0
54,300,471480,-4.2173213958740234,0.14781764149665833,3.2361183166503906,97.346572875976562,96.576240539550781,1.6272244453430176,88.073860168457031,15.866683959960938,0.090131044387817383,2.5816569177550264E-05,0,0,0.97373044490814209,0.96919357776641846,1.1331841945648193,0.75451868772506714,0.75847560167312622,-8.152165412902832,0,0,0,0
54,330,472200,-8.2053384780883789,0.017995135858654976,3.2285966873168945,97.586746215820312,92.80670166015625,14.431413650512695,72.9827880859375,27.145715713500977,0.087670408189296722,6.2365904796024552E-07,0,0,0.8540382981300354,0.9275023341178894,1.1331841945648193,0.75451868772506714,0.75847560167312622,-8.152165412902832,0,0,0,0
54,360,472920,-8.2830543518066406,0.036238707602024078,2.9921045303344727,96.561080932617188,87.438995361328125,54.049667358398438,56.893165588378906,37.185958862304688,0.086867570877075195,0.0019220521207898855,0,0,1.2156045436859131,0.75722002983093262,1.0667957067489624,0.88342344760894775,0.95666855573654175,-2.983062744140625,0,0,0,0
54,365,473040,-8.0940618515014648,0.070239439606666565,2.9502627849578857,96.410774230957031,86.626235961914062,55.715274810791016,54.599861145019531,38.317623138427734,0.086737565696239471,0.010005905292928219,0,0,1.2452285289764404,0.73984158039093018,1.0545015335083008,0.90729469060897827,0.99337095022201538,-2.0258216857910156,0,0,0,0
55,30,473760,-5.2002077102661133,0.3889959454536438,2.7050445079803467,95.892898559570312,82.249420166015625,95.3447265625,43.512794494628906,41.843849182128906,0.085796728730201721,0.0067290328443050385,0,0,1.0868498086929321,0.71803265810012817,1.0545015335083008,0.90729469060897827,0.99337095022201538,-2.0258216857910156,0,0,0,0
55,60,474480,1.291190505027771,0.025160035118460655,3.7866711616516113,113.47607421875,97.704139709472656,70.215965270996094,40.085792541503906,37.832164764404297,0.08226458728313446,0.0057679028250277042,0,0,1.1739081144332886,0.76731365919113159,1.0545015335083008,0.90729469060897827,0.99337095022201538,-2.0258216857910156,0,0,0,0
55,90,475200,11.285746574401855,0,3.7050449848175049,114.06787872314453,139.13433837890625,0,45.347820281982422,31.57026481628418,0.083606958389282227,0.0032585249282419682,0,0,1.2957898378372192,0.83630692958831787,1.0545015335083008,0.90729469060897827,0.99337095022201538,-2.0258216857910156,0,0,0,0
55,120,475920,19.307170867919922,0,3.610410213470459,111.27691650390625,129.43907165527344,0,56.626873016357422,26.496604919433594,0.085421212017536163,4.5913848225609399E-06,0,0,1.3721333742141724,0.87952250242233276,1.0545015335083008,0.90729469060897827,0.99337095022201538,-2.0258216857910156,0,0,0,0
55,150,476640,24.774555206298828,0,3.5311586856842041,107.982421875,119.63996887207031,0,62.845821380615234,24.766944885253906,0.086761601269245148,4.7200530389091E-05,0,0,1.6946576833724976,0.87861514091491699,1.0545015335083008,0.90729469060897827,0.99337095022201538,-2.0258216857910156,0,0,0,0
55,180,477360,26.304485321044922,0,3.4998342990875244,103.36391448974609,111.36257171630859,0,64.092575073242188,25.741207122802734,0.088018998503684998,1.9504583178786561E-05,0,0,2.5733072757720947,0.87187254428863525,1.0545015335083008,0.90729469060897827,0.99337095022201538,-2.0258216857910156,0,0,0,0
55,210,478080,22.945411682128906,0,3.4577665328979492,100.03301239013672,103.19464874267578,0,67.386283874511719,25.908115386962891,0.089237451553344727,4.6079193793957529E-07,0,0,3.2572784423828125,0.86662387847900391,1.0545015335083008,0.90729469060897827,0.99337095022201538,-2.0258216857910156,0,0,0,0
55,240,478800,15.367229461669922,0,2.9467236995697021,96.718368530273438,97.491165161132812,0,78.679779052734375,22.775699615478516,0.090412139892578125,5.0264767196495086E-05,0,0,3.1345703601837158,0.86566621065139771,1.0545015335083008,0.90729469060897827,0.99337095022201538,-2.0258216857910156,0,0,0,0
55,270,479520,5.5742883682250977,0,2.4919626712799072,93.867149353027344,92.662818908691406,0,88.698097229003906,18.975919723510742,0.091577984392642975,0.0036184920463711023,0,0,2.5505013465881348,0.86375528573989868,1.0545015335083008,0.90729469060897827,0.99337095022201538,-2.0258216857910156,0,0,0,0
55,300,480240,-2.0456078052520752,0,2.1647722721099854,93.230682373046875,88.368309020996094,0.010209880769252777,89.513999938964844,16.122097015380859,0.091767847537994385,0.0029618206899613142,0,0,2.0676095485687256,0.8621753454208374,1.0545015335083008,0.90729469060897827,0.99337095022201538,-2.0258216857910156,0,0,0,0
55,330,480960,-6.7443513870239258,0.29877644777297974,2.1127212047576904,95.1796875,84.422897338867188,8.7291746139526367,78.83160400390625,23.02227783203125,0.088038407266139984,0.0074382093735039234,0,0,1.8587454557418823,0.83604156970977783,1.0545015335083008,0.90729469060897827,0.99337095022201538,-2.0258216857910156,0,0,0,0
55,360,481680,-12.553615570068359,0.39907234907150269,1.9780040979385376,94.597976684570312,80.181915283203125,96.085693359375,61.847995758056641,34.294528961181641,0.087149828672409058,0.0072633898817002773,0,0,-2.8841967582702637,1.610811710357666,1.0253782272338867,1.0595138072967529,1.1474068164825439,-5.0873503684997559,0,0,0,0
55,365,481800,-13.073505401611328,0.37706854939460754,1.9402353763580322,94.453231811523438,79.410888671875,136.61737060546875,59.302864074707031,35.662334442138672,0.087017029523849487,0.0011183612514287233,0,0,-3.8781628608703613,1.7676721811294556,1.0199850797653198,1.0877025127410889,1.1759319305419922,-5.6543002128601074,0,0,0,0
56,30,482520,-10.102640151977539,0.64266222715377808,1.741146445274353,93.840530395507812,74.78314208984375,373.54144287109375,46.097953796386719,40.864269256591797,0.086236745119094849,3.4835227324947482E-06,0,0,-4.3004536628723145,1.7721004486083984,1.0199850797653198,1.0877025127410889,1.1759319305419922,-5.6543002128601074,0,0,0,0
56,60,483240,-4.1214981079101562,1.0767364501953125,1.5988632440567017,94.411369323730469,71.493377685546875,534.92333984375,36.839866638183594,40.556575775146484,0.085056252777576447,3.5456210753181949E-05,0,0,-3.987269401550293,1.876716136932373,1.0199850797653198,1.0877025127410889,1.1759319305419922,-5.6543002128601074,0,0,0,0
56,90,483960,5.1140279769897461,0.54971438646316528,6.0610499382019043,147.52241516113281,197.1024169921875,175.42332458496094,34.299991607666016,32.918231964111328,0.082977540791034698,2.6871466616285034E-06,0,0,-3.5488114356994629,2.0231778621673584,1.0199850797653198,1.0877025127410889,1.1759319305419922,-5.6543002128601074,0,0,0,0
56,120,484680,13.532913208007812,0.60352015495300293,4.9485211372375488,143.08132934570312,198.49407958984375,0,43.090476989746094,26.322986602783203,0.08455716073513031,5.0562169917611754E-07,0,0,-3.2741727828979492,2.1149177551269531,1.0199850797653198,1.0877025127410889,1.1759319305419922,-5.6543002128601074,0,0,0,0
56,150,485400,19.754470825195312,0.43860781192779541,4.4155244827270508,136.46159362792969,193.16925048828125,0,55.365695953369141,21.929433822631836,0.086142599582672119,5.1082402308111341E-08,0,0,-3.1076455116271973,2.0569353103637695,1.0199850797653198,1.0877025127410889,1.1759319305419922,-5.6543002128601074,0,0,0,0
56,180,486120,21.224876403808594,0,3.7462255954742432,131.09271240234375,183.65756225585938,0,64.386329650878906,19.942928314208984,0.087505504488945007,0.0044966749846935272,0,0,-2.6771073341369629,1.8886040449142456,1.0199850797653198,1.0877025127410889,1.1759319305419922,-5.6543002128601074,0,0,0,0
56,210,486840,17.293972015380859,0,3.7342844009399414,127.31613159179688,171.36956787109375,0,72.006126403808594,19.013481140136719,0.088622719049453735,0.0013091317377984524,0,0,-2.3419616222381592,1.7575691938400269,1.0199850797653198,1.0877025127410889,1.1759319305419922,-5.6543002128601074,0,0,0,0
56,240,487560,9.6794767379760742,0,3.7110254764556885,125.53599548339844,161.01673889160156,0,84.348831176757812,15.885295867919922,0.089694269001483917,0.0018773571355268359,0,0,-2.2428352832794189,1.7533468008041382,1.0199850797653198,1.0877025127410889,1.1759319305419922,-5.6543002128601074,0,0,0,0
56,270,488280,0.59518778324127197,6.3329935073852539E-06,3.7404844760894775,123.85350036621094,154.20611572265625,1.2578288078657351E-05,89.416976928710938,13.223333358764648,0.090727671980857849,0.0017906404100358486,0,0,-1.9929788112640381,1.7719007730484009,1.0199850797653198,1.0877025127410889,1.1759319305419922,-5.6543002128601074,0,0,0,0
56,300,489000,-7.0093302726745605,0.074687100946903229,3.7773473262786865,121.09339904785156,150.00987243652344,60.118499755859375,81.815444946289062,18.057050704956055,0.087581709027290344,0.0028632073663175106,0,0,-1.7864046096801758,1.787240743637085,1.0199850797653198,1.0877025127410889,1.1759319305419922,-5.6543002128601074,0,0,0,0
56,330,489720,-11.16635799407959,0.8372495174407959,3.7406766414642334,114.58855438232422,143.89494323730469,173.84835815429688,63.823848724365234,31.093437194824219,0.086691528558731079,0.00022324261954054236,0,0,-2.2168502807617188,1.7841559648513794,1.0199850797653198,1.0877025127410889,1.1759319305419922,-5.6543002128601074,0,0,0,0
56,360,490440,-8.6868190765380859,0.2919902503490448,3.7089974880218506,110.72560119628906,135.74894714355469,339.40512084960938,49.60028076171875,38.270919799804688,0.085895806550979614,0.00057830492733046412,0,0,0.48935627937316895,1.3940426111221313,0.95501303672790527,0.88734191656112671,1.2210171222686768,-3.9051227569580078,0,0,0,0
56,365,490560,-7.9927115440368652,0.27290073037147522,3.709965705871582,110.34870910644531,134.13352966308594,361.6466064453125,47.576374053955078,39.014068603515625,0.085768222808837891,2.5851395548670553E-05,0,0,1.1424834728240967,1.3503910303115845,0.94298118352890015,0.85023808479309082,1.2293661832809448,-3.5812010765075684,0,0,0,0
57,30,491280,-5.0839219093322754,0.66137373447418213,3.6718246936798096,108.94418334960938,124.4464111328125,462.35089111328125,37.572849273681641,40.470809936523438,0.084870345890522003,0.00021315208869054914,0,0,0.86259394884109497,1.3980400562286377,0.94298118352890015,0.85023808479309082,1.2293661832809448,-3.5812010765075684,0,0,0,0
57,60,492000,0.47473958134651184,0.33544713258743286,4.4628658294677734,130.14363098144531,151.57807922363281,363.00894165039062,33.557548522949219,35.178230285644531,0.081269837915897369,0.00019482625066302717,0,0,0.42244547605514526,1.3202997446060181,0.94298118352890015,0.85023808479309082,1.2293661832809448,-3.5812010765075684,0,0,0,0
57,90,492720,9.8641061782836914,0.059698000550270081,4.3415684700012207,143.79644775390625,198.01266479492188,7.1471271514892578,35.526920318603516,28.320537567138672,0.08216404914855957,0.0037487761583179235,0,0,-0.19376242160797119,1.2114632129669189,1.2444672584533691,0.85023808479309082,1.2293661832809448,-3.5812010765075684,0,0,0,1
57,120,493440,17.925725936889648,0,3.7840414047241211,133.37669372558594,193.12646484375,0,46.190689086914062,23.595409393310547,0.083807162940502167,0.0011069902684539557,0,0,-0.57973861694335938,1.1432911157608032,0.94298118352890015,0.85023808479309082,1.2293661832809448,-3.5812010765075684,0,0,0,0
57,150,494160,23.224897384643555,0,3.684861421585083,128.31509399414062,178.93331909179688,0,54.656772613525391,21.128273010253906,0.085463978350162506,0.0021469618659466505,0,0,-0.29826605319976807,1.1607617139816284,0.94298118352890015,0.85023808479309082,1.2293661832809448,-3.5812010765075684,0,0,0,0
57,180,494880,24.512302398681641,0,3.6198022365570068,122.80886077880859,165.07379150390625,0,57.178218841552734,21.959835052490234,0.086641915142536163,0.00069814804010093212,0,0,0.51305317878723145,1.2154669761657715,0.94298118352890015,0.85023808479309082,1.2293661832809448,-3.5812010765075684,0,0,0,0
57,210,495600,20.892795562744141,0,3.6156976222991943,116.21257781982422,154.94989013671875,0,63.872200012207031,21.184049606323242,0.087765313684940338,1.7015852790791541E-05,0,0,1.1446118354797363,1.2580516338348389,0.94298118352890015,0.85023808479309082,1.2293661832809448,-3.5812010765075684,0,0,0,0
57,240,496320,13.515299797058105,0,3.6146435737609863,112.51077270507812,145.02223205566406,0,76.041152954101562,18.073240280151367,0.088900528848171234,0.00014153037045616657,0,0,1.3390220403671265,1.2387948036193848,0.94298118352890015,0.85023808479309082,5.5,-3.5812010765075684,0,0,1,0
57,270,497040,4.8251247406005859,0,3.6421546936035156,111.09851837158203,136.30952453613281,0,84.70220947265625,15.059935569763184,0.090040169656276703,1.000442080112407E-05,0,0,1.8354859352111816,1.1633272171020508,0.94298118352890015,0.85023808479309082,1.2293661832809448,-3.5812010765075684,0,0,0,0
57,300,497760,-1.8868721723556519,0,3.6707816123962402,111.8072509765625,128.99087524414062,0.63338154554367065,85.408912658691406,12.904459953308105,0.090129941701889038,5.6373692132183351E-06,0,0,2.245948314666748,1.1009328365325928,0.94298118352890015,0.85023808479309082,1.2293661832809448,-3.5812010765075684,0,0,0,0
57,330,498480,-6.6816635131835938,0.014634242281317711,3.6994562149047852,111.07089233398438,122.62976837158203,28.891794204711914,75.318656921386719,20.13642692565918,0.086483895778656006,1.0162267471969244E-06,0,0,2.0400574207305908,1.1496138572692871,0.94298118352890015,0.85023808479309082,1.2293661832809448,-3.5812010765075684,0,0,0,0
57,360,499200,-8.8335542678833008,0.1746048629283905,3.6991393566131592,108.78579711914062,115.19371795654297,151.85726928710938,59.116512298583984,31.249227523803711,0.085638009011745453,3.7486105886053167E-10,0,0,-0.10816454887390137,1.3948602676391602,0.8140074610710144,0.98367136716842651,1.2077895402908325,-2.6023128032684326,0,1,0,0
57,365,499320,-7.8682770729064941,0.91829138994216919,3.6970975399017334,108.22911071777344,114.06396484375,172.3126220703125,56.695804595947266,32.631946563720703,0.085509777069091797,0.0048256632871925831,0,0,1.3307673931121826,1.4425094127655029,0.79012346267700195,1.0083812475204468,1.2037938833236694,-2.4210371971130371,0,0,0,0
58,30,500040,-4.9483399391174316,0.54919862747192383,3.6448287963867188,105.98381805419922,108.40220642089844,355.01217651367188,45.400302886962891,36.7943115234375,0.084549926221370697,0.00065529643325135112,0,0,1.1868419647216797,1.5042812824249268,0.79012346267700195,1.0083812475204468,1.2037938833236694,-2.4210371971130371,0,0,0,0
58,60,500760,0.89903080463409424,0.6338355541229248,4.8355045318603516,132.76600646972656,145.12118530273438,314.63107299804688,41.827445983886719,32.904319763183594,0.080963261425495148,0.00091155670816078782,0,0,0.99067717790603638,1.3790602684020996,0.79012346267700195,1.0083812475204468,1.2037938833236694,-2.4210371971130371,0,0,0,0
58,90,501480,10.766546249389648,0.024274278432130814,4.0006375312805176,142.3521728515625,198.23948669433594,1.3018201589584351,43.484840393066406,26.582893371582031,0.082048416137695312,0.00027361270622350276,0,0,0.71604663133621216,1.2037508487701416,0.79012346267700195,1.0083812475204468,1.2037938833236694,-2.4210371971130371,0,0,0,0
58,120,502200,18.620891571044922,0,3.78428053855896,132.30662536621094,190.51544189453125,0,54.614177703857422,22.193729400634766,0.083694495260715485,5.9699800658563618E-06,0,0,0.54402530193328857,1.0939416885375977,0.79012346267700195,1.0083812475204468,1.2037938833236694,-2.4210371971130371,0,0,0,0
58,150,502920,23.999698638916016,0,3.6612727642059326,127.44911193847656,175.12309265136719,0,62.026264190673828,20.492107391357422,0.085345692932605743,0.00015010988863650709,0,0,0.57500725984573364,1.1107243299484253,0.79012346267700195,1.0083812475204468,1.2037938833236694,-2.4210371971130371,0,0,0,0
58,180,503640,24.712501525878906,0,3.6128609180450439,121.10575866699219,162.63011169433594,0,65.604835510253906,21.258796691894531,0.086533576250076294,1.6509175111423247E-06,0,0,0.67704766988754272,1.1676337718963623,0.79012346267700195,1.0083812475204468,1.2037938833236694,-2.4210371971130371,0,0,0,0
58,210,504360,20.628349304199219,0,3.5847921371459961,114.81215667724609,152.01612854003906,0,68.652137756347656,22.423341751098633,0.087660022079944611,9.026683756019338E-08,0,0,0.75647944211959839,1.211933970451355,0.79012346267700195,1.0083812475204468,1.2037938833236694,-2.4210371971130371,0,0,0,0
58,240,505080,13.311802864074707,0,3.6136982440948486,111.73541259765625,142.42649841308594,0,81.529037475585938,19.10380744934082,0.088783428072929382,8.9079799092672829E-10,0,0,0.92009854316711426,1.1999378204345703,0.79012346267700195,1.0083812475204468,1.2037938833236694,-2.4210371971130371,0,0,0,0
58,270,505800,4.6019845008850098,0.18473395705223083,3.8673136234283447,110.09891510009766,133.28948974609375,0,90.363548278808594,15.921060562133789,0.089922122657299042,0.00038317556027323008,0,0,1.450981616973877,1.1484808921813965,0.79012346267700195,1.0083812475204468,1.2037938833236694,-2.4210371971130371,0,0,0,0
58,300,506520,-2.0771472454071045,0,3.6623983383178711,110.41004943847656,126.28459930419922,0.62091296911239624,90.966835021972656,13.71931266784668,0.089908793568611145,0.0001699956483207643,0,0,1.8899006843566895,1.1059378385543823,0.79012346267700195,1.0083812475204468,1.2037938833236694,-2.4210371971130371,0,0,0,0
58,330,507240,-6.8268208503723145,0.068439669907093048,3.7007026672363281,110.52893829345703,120.00994873046875,32.930000305175781,79.4508056640625,21.688838958740234,0.086309760808944702,0.0037401712033897638,0,0,1.8017992973327637,1.1745443344116211,0.79012346267700195,1.0083812475204468,1.2037938833236694,-2.4210371971130371,0,0,0,0
58,360,507960,-7.9444713592529297,0.22018493711948395,3.69289231300354,108.287109375,112.67620849609375,123.99757385253906,62.602550506591797,33.288200378417969,0.085493281483650208,0.0029084242414683104,0,0,1.3952796459197998,1.3294146060943604,0.86599379777908325,1.0767499208450317,1.2663520574569702,-4.8317947387695312,0,0,0,0
58,365,508080,-7.8470087051391602,0.16851580142974854,3.6949079036712646,107.81679534912109,111.60771942138672,157.61614990234375,60.111545562744141,34.649589538574219,0.085368424654006958,2.5808445570874028E-05,0,0,1.2191311120986938,1.3211163282394409,0.88004386425018311,1.0894107818603516,1.2779369354248047,-5.2782316207885742,0,0,0,0
59,30,508800,-4.9269309043884277,0.41687634587287903,3.6510579586029053,105.49464416503906,106.07524871826172,331.18978881835938,47.937385559082031,38.919277191162109,0.084407463669776917,6.7308337747817859E-06,0,0,0.82169163227081299,1.3297253847122192,0.88004386425018311,1.0894107818603516,1.2779369354248047,-5.2782316207885742,0,0,0,0
59,60,509520,0.82765990495681763,0.60000580549240112,4.6727519035339355,125.72810363769531,143.36387634277344,285.10195922851562,44.390972137451172,34.871467590332031,0.080809131264686584,3.3633337892524651E-08,0,0,0.49734938144683838,1.2774820327758789,0.88004386425018311,1.0894107818603516,1.2779369354248047,-5.2782316207885742,0,0,0,0
59,90,510240,10.627030372619629,0.028660986572504044,4.0127687454223633,141.36582946777344,196.89979553222656,1.0782603025436401,46.473232269287109,28.214374542236328,0.081924989819526672,6.2882833162802854E-08,0,0,0.043270230293273926,1.2043414115905762,0.88004386425018311,1.0894107818603516,1.2779369354248047,-5.2782316207885742,0,0,0,0
59,120,510960,18.501007080078125,0,3.7826728820800781,132.24105834960938,188.68380737304688,0,57.8865966796875,23.549386978149414,0.08357325941324234,3.5279893495498982E-07,0,0,-0.24115288257598877,1.1585280895233154,0.88004386425018311,1.0894107818603516,1.2779369354248047,-5.2782316207885742,0,0,0,0
59,150,511680,23.654657363891602,0,3.6656713485717773,128.25398254394531,173.52250671386719,0,66.135574340820312,21.591293334960938,0.085223644971847534,1.7822703313186139E-09,0,0,0.041245102882385254,1.1622064113616943,0.88004386425018311,1.0894107818603516,1.2779369354248047,-5.2782316207885742,0,0,0,0
59,180,512400,24.738304138183594,0,3.5902221202850342,121.83991241455078,162.259765625,0,69.688446044921875,22.352569580078125,0.086387380957603455,0.0014599662972614169,0,0,0.84512066841125488,1.1768180131912231,0.88004386425018311,1.0894107818603516,1.2779369354248047,-5.2782316207885742,0,0,0,0
59,210,513120,21.886098861694336,0,3.5947294235229492,114.835205078125,152.80964660644531,0,73.40069580078125,23.036783218383789,0.087535552680492401,0.00042362639214843512,0,0,3.0235953330993652,1.1881922483444214,0.88004386425018311,1.0894107818603516,1.2779369354248047,-5.2782316207885742,1,0,0,0
59,240,513840,13.262111663818359,0.12776960432529449,3.7948551177978516,111.71269989013672,143.01544189453125,0,85.771865844726562,19.691469192504883,0.088694661855697632,0.0030309248249977827,0,0,1.7121288776397705,1.1986024379730225,0.88004386425018311,1.0894107818603516,1.2779369354248047,-5.2782316207885742,0,0,0,0
59,270,514560,5.005394458770752,0,3.6327450275421143,110.05796051025391,134.02885437011719,0,94.706672668457031,16.418766021728516,0.089848041534423828,0.0012237001210451126,0,0,2.367685079574585,1.2307993173599243,0.88004386425018311,1.0894107818603516,1.2779369354248047,-5.2782316207885742,0,0,0,0
59,300,515280,-1.4809201955795288,0,3.6599440574645996,111.18701171875,128.09574890136719,0.24882857501506805,95.610015869140625,13.947648048400879,0.090123988687992096,0.0029786005616188049,0,0,2.9096803665161133,1.2574188709259033,0.88004386425018311,1.0894107818603516,1.2779369354248047,-5.2782316207885742,0,0,0,0
59,330,516000,-6.280827522277832,0.023988319560885429,3.7007491588592529,111.31211090087891,122.42786407470703,35.345420837402344,85.549758911132812,20.876100540161133,0.086234636604785919,0.00090057594934478402,0,0,2.5881459712982178,1.272838830947876,0.88004386425018311,1.0894107818603516,1.2779369354248047,-5.2782316207885742,0,0,0,0
59,360,516720,-8.2292184829711914,0.16130584478378296,3.6983981132507324,108.80311584472656,115.40296173095703,140.32247924804688,67.811676025390625,33.432815551757812,0.085335604846477509,6.391230272129178E-05,0,0,0.93920540809631348,1.2411984205245972,0.92122280597686768,1.0050280094146729,1.2089120149612427,-8.2744846343994141,0,0,0,0
59,365,516840,-7.9477577209472656,0.72992521524429321,3.6979131698608398,108.23063659667969,114.28863525390625,167.51577758789062,65.085128784179688,35.048816680908203,0.085209265351295471,0.00011846690176753327,0,0,0.85865557193756104,1.2331677675247192,0.9288485050201416,0.98940157890319824,1.1961296796798706,-8.8293466567993164,0,0,0,0
60,30,517560,-4.3539652824401855,0.29950103163719177,3.6793906688690186,106.03314971923828,108.56607818603516,309.82223510742188,52.4293212890625,39.921272277832031,0.084110073745250702,0.00024038841365836561,0,0,0.82197833061218262,1.2411915063858032,0.9288485050201416,0.98940157890319824,1.1961296796798706,-8.8293466567993164,0,0,0,0
60,60,518280,1.5064228773117065,1.097691535949707,5.3918280601501465,131.57020568847656,148.912353515625,230.42422485351562,49.408576965332031,35.313514709472656,0.080502994358539581,0.0041966750286519527,0,0,0.2905711829662323,1.1973663568496704,1.3153458833694458,0.98940157890319824,1.1961296796798706,-8.8293466567993164,0,0,0,1
60,90,519000,10.879147529602051,0.01670578308403492,3.9130055904388428,139.45480346679688,195.36572265625,0,52.38677978515625,28.881221771240234,0.081919975578784943,0.002970831235870719,0,0,-0.45339870452880859,1.1360111236572266,0.9288485050201416,0.98940157890319824,1.1961296796798706,-8.8293466567993164,0,0,0,0
60,120,519720,17.700258255004883,0.34620484709739685,4.2878961563110352,130.34225463867188,186.57443237304688,0,63.608951568603516,24.096717834472656,0.083573490381240845,0.0025221135001629591,0,0,-0.91940176486968994,1.0975798368453979,0.9288485050201416,0.98940157890319824,1.1961296796798706,-8.8293466567993164,0,0,0,0
60,150,520440,23.076374053955078,0,3.6597363948822021,125.95452117919922,171.03753662109375,0,71.775978088378906,22.052513122558594,0.085175186395645142,0.0018188896356150508,0,0,-0.66604030132293701,1.1284245252609253,0.9288485050201416,0.98940157890319824,1.1961296796798706,-8.8293466567993164,0,0,0,0
60,180,521160,23.572315216064453,0.12153086066246033,3.7940652370452881,119.76914978027344,159.73846435546875,0,75.5184326171875,22.630603790283203,0.08636077493429184,0.00031603791285306215,0,0,0.075911045074462891,1.2169516086578369,0.9288485050201416,0.98940157890319824,1.1961296796798706,-8.8293466567993164,0,0,0,0
60,210,521880,19.694917678833008,0,3.589247465133667,120.95602416992188,151.505859375,0,82.205612182617188,21.759862899780273,0.08753649890422821,0.0005572245572693646,0,0,0.65347135066986084,1.285863995552063,0.9288485050201416,0.98940157890319824,1.1961296796798706,-8.8293466567993164,0,0,0,0
60,240,522600,11.815156936645508,0.10240660607814789,3.7510464191436768,114.96171569824219,144.91429138183594,0,94.586402893066406,18.446538925170898,0.088692203164100647,2.0080977265024558E-05,0,0,0.71295166015625,1.275704026222229,0.9288485050201416,0.98940157890319824,1.1961296796798706,-8.8293466567993164,0,0,0,0
60,270,523320,2.7250726222991943,0,3.6357245445251465,113.20301818847656,138.1278076171875,0,101.74704742431641,15.376376152038574,0.089843995869159698,8.882158795131545E-07,0,0,0.76874089241027832,1.2242732048034668,0.9288485050201416,0.98940157890319824,1.1961296796798706,-8.8293466567993164,0,0,0,0
60,300,524040,-4.3017840385437012,0.22256270051002502,3.6968936920166016,112.92359924316406,132.24627685546875,4.721224308013916,99.31976318359375,15.327533721923828,0.088272064924240112,7.7003032856737264E-06,0,0,0.81486588716506958,1.1817516088485718,0.9288485050201416,0.98940157890319824,1.1961296796798706,-8.8293466567993164,0,0,0,0
60,330,524760,-8.2621631622314453,0.040643416345119476,3.7313013076782227,110.96827697753906,126.03768920898438,53.858112335205078,81.171745300292969,29.360103607177734,0.086106009781360626,9.3300644721239223E-07,0,0,0.82742148637771606,1.1897015571594238,0.9288485050201416,0.98940157890319824,1.1961296796798706,-8.8293466567993164,0,0,0,0
60,360,525480,-10.226498603820801,0.29704070091247559,3.7007684707641602,107.8741455078125,118.48927307128906,145.97727966308594,63.138648986816406,40.573520660400391,0.08533032238483429,2.56626747630051E-10,0,0,-0.854988694190979,0.94575464725494385,0.95872277021408081,1.1145539283752441,1.0887802839279175,-5.597935676574707,0,0,0,0
60,365,525600,-10.184145927429199,0.27468463778495789,3.6960384845733643,107.2637939453125,117.35861968994141,159.17817687988281,60.5404052734375,41.847080230712891,0.085203856229782104,0.0064246207475662231,0,0,-1.1227347850799561,0.89003652334213257,1.3120357990264893,1.1377302408218384,1.0689007043838501,-4.9995265007019043,0,0,0,1
61,30,526320,-6.843717098236084,0.27451232075691223,3.6898038387298584,104.21072387695312,110.778076171875,258.83663940429688,47.391765594482422,46.398525238037109,0.084475025534629822,0.0011010252637788653,0,0,-1.0642274618148804,0.88661986589431763,0.96425503492355347,1.1377302408218384,1.0689007043838501,-4.9995265007019043,0,0,0,0
61,60,527040,-1.5200332403182983,0.26245856285095215,3.8336882591247559,112.50651550292969,111.22889709472656,283.00897216796875,40.767723083496094,43.953987121582031,0.081705033779144287,0.0020051258616149426,0,0,-1.5786828994750977,0.93342888355255127,0.96425503492355347,1.1377302408218384,1.0689007043838501,-4.9995265007019043,0,0,0,0
61,90,527760,7.6884331703186035,0.026317225769162178,4.4125843048095703,137.07679748535156,189.33688354492188,40.302825927734375,40.682113647460938,36.020587921142578,0.081239715218544006,0.00090409867698326707,0,0,-2.2989203929901123,0.99896138906478882,0.96425503492355347,1.1377302408218384,1.0689007043838501,-4.9995265007019043,0,0,0,0
61,120,528480,15.83202075958252,0,3.7948775291442871,131.01705932617188,186.39530944824219,0,51.442806243896484,29.909399032592773,0.08291894942522049,1.598770722921472E-05,0,0,-2.7500581741333008,1.0400092601776123,0.96425503492355347,1.1377302408218384,1.0689007043838501,-4.9995265007019043,0,0,0,0
61,150,529200,21.097694396972656,0,3.6791934967041016,125.85327911376953,172.06298828125,0,61.582096099853516,25.865690231323242,0.08460070937871933,2.4224570438491355E-07,0,0,-2.4497652053833008,1.0257340669631958,0.96425503492355347,1.1377302408218384,1.0689007043838501,-4.9995265007019043,0,0,0,0
61,180,529920,22.276233673095703,0,3.5977797508239746,119.07335662841797,160.16671752929688,0,67.465377807617188,24.457244873046875,0.085892044007778168,1.7238224927496049E-06,0,0,-1.5803285837173462,0.9824756383895874,0.96425503492355347,1.1377302408218384,1.0689007043838501,-4.9995265007019043,0,0,0,0
61,210,530640,18.586704254150391,0,3.5750877857208252,113.154541015625,149.46571350097656,0,75.017143249511719,22.583766937255859,0.087129965424537659,6.6309323301538825E-05,0,0,-0.90352928638458252,0.94880169630050659,0.96425503492355347,1.1377302408218384,1.0689007043838501,-4.9995265007019043,0,0,0,0
61,240,531360,10.881577491760254,0,3.6149060726165771,109.14702606201172,139.24888610839844,0,87.027809143066406,19.042778015136719,0.088298536837100983,1.0900297553462224E-07,0,0,-0.9546196460723877,0.94339108467102051,0.96425503492355347,1.1377302408218384,1.0689007043838501,-4.9995265007019043,0,0,0,0
61,270,532080,1.3472237586975098,0,3.6422691345214844,108.27035522460938,128.69296264648438,0,93.16790771484375,15.900996208190918,0.089446812868118286,6.3540152041241527E-05,0,0,-1.2958288192749023,0.93359899520874023,0.96425503492355347,1.1377302408218384,1.0689007043838501,-4.9995265007019043,0,0,0,0
61,300,532800,-6.1602063179016113,7.4312088145234156E-06,3.6655278205871582,109.58634948730469,120.77184295654297,3.5075244903564453,87.974288940429688,18.118188858032227,0.086943529546260834,0.00029736006399616599,0,0,-1.5779309272766113,0.9255031943321228,0.96425503492355347,1.1377302408218384,1.0689007043838501,-4.9995265007019043,0,0,0,0
61,330,533520,-16.131568908691406,0.13822329044342041,3.7140333652496338,108.52122497558594,113.44487762451172,57.55999755859375,69.341239929199219,31.943435668945312,0.085901401937007904,0.0043832277879118919,0,0,-7.8159751892089844,0.91738998889923096,0.96425503492355347,1.1377302408218384,1.0689007043838501,-4.9995265007019043,0,1,0,0
61,360,534240,-9.5344619750976562,0.1956082284450531,3.6678540706634521,105.71224975585938,107.84928894042969,133.26553344726562,53.887981414794922,40.477993011474609,0.085134737193584442,0.0038904405664652586,0,0,-0.48816299438476562,0.9949677586555481,0.99201607704162598,1.1629512310028076,1.0792224407196045,-9.9097995758056641,0,0,0,0
61,365,534360,-9.008112907409668,0.13447986543178558,3.6684942245483398,105.12947082519531,107.08136749267578,155.37797546386719,51.671157836914062,41.368484497070312,0.085009776055812836,4.0589471609564498E-05,0,0,-0.32092821598052979,1.0132546424865723,0.99715703725814819,1.1676218509674072,1.0811338424682617,-10.819108963012695,0,0,0,0
62,30,535080,-5.1585698127746582,0.15669633448123932,3.6225211620330811,102.84174346923828,102.18611145019531,251.78350830078125,40.897060394287109,43.847785949707031,0.084145195782184601,2.5050900148926303E-05,0,0,-0.26412445306777954,1.0124276876449585,0.99715703725814819,1.1676218509674072,1.0811338424682617,-10.819108963012695,0,0,0,0
62,60,535800,-6.7255067825317383,0.33547529578208923,3.7479474544525146,108.170654296875,110.10573577880859,310.44415283203125,36.368404388427734,40.138271331787109,0.080782927572727203,1.525036879002073E-07,0,0,-8.6333456039428711,1.0147711038589478,0.99715703725814819,1.1676218509674072,1.0811338424682617,-10.819108963012695,0,1,0,0
62,90,536520,10.579939842224121,0.0018139235908165574,4.0665040016174316,137.12950134277344,194.10292053222656,3.3517482280731201,38.267108917236328,33.878597259521484,0.081351369619369507,7.2737577738735126E-08,0,0,-1.0636751651763916,1.0180518627166748,0.99715703725814819,1.1676218509674072,1.0811338424682617,-10.819108963012695,0,0,0,0
62,120,537240,18.084169387817383,0,3.7754733562469482,128.784423828125,183.45948791503906,0,49.101612091064453,28.304443359375,0.083039969205856323,1.2239887610121514E-06,0,0,-1.3558187484741211,1.0201069116592407,0.99715703725814819,1.1676218509674072,1.0811338424682617,-10.819108963012695,0,0,0,0
62,150,537960,22.259311676025391,1.9644495248794556,6.0346364974975586,125.78618621826172,168.91452026367188,0,57.422332763671875,25.074844360351562,0.084485992789268494,0.00046167758409865201,0,0,-1.1398507356643677,1.0224205255508423,1.1908959150314331,1.1676218509674072,5.2544307708740234,-10.819108963012695,0,0,1,1
62,180,538680,22.595645904541016,0,3.6353175640106201,119.475830078125,158.32710266113281,0,62.475883483886719,24.12553596496582,0.085703842341899872,3.9530801586806774E-05,0,0,-0.51773691177368164,1.0285748243331909,0.99715703725814819,1.1676218509674072,1.0811338424682617,-10.819108963012695,0,0,0,0
62,210,539400,18.570802688598633,0,3.5792832374572754,113.44026184082031,148.30314636230469,0,70.470649719238281,22.369636535644531,0.086917787790298462,0.0028069408144801855,0,0,-0.033462166786193848,1.0333658456802368,0.99715703725814819,1.1676218509674072,1.0811338424682617,-10.819108963012695,0,0,0,0
62,240,540120,10.580811500549316,0,3.6094074249267578,109.76676940917969,138.45835876464844,0,82.772987365722656,18.823410034179688,0.088100112974643707,0.0044779959134757519,0,0,-0.095284223556518555,1.031606912612915,0.99715703725814819,1.1676218509674072,1.0811338424682617,-10.819108963012695,0,0,0,0
62,270,540840,1.0852320194244385,0,3.6330058574676514,109.69618225097656,129.72492980957031,0,88.788253784179688,15.705815315246582,0.089263185858726501,0.0012803731951862574,0,0,-0.42447441816329956,1.0244884490966797,0.99715703725814819,1.1676218509674072,1.0811338424682617,-10.819108963012695,0,0,0,0
62,300,541560,-6.2402181625366211,0.0035990441683679819,3.6934046745300293,110.39183044433594,122.50353240966797,6.9988079071044922,83.550361633300781,18.11199951171875,0.08657430112361908,0.0034810854122042656,0,0,-0.69663959741592407,1.0186030864715576,0.99715703725814819,1.1676218509674072,1.0811338424682617,-10.819108963012695,0,0,0,0
62,330,542280,-9.8471994400024414,0.051896121352910995,3.7243990898132324,109.03727722167969,115.314453125,47.953254699707031,65.924232482910156,31.183095932006836,0.08549952507019043,0.0012486523482948542,0,0,-0.63583999872207642,1.0170519351959229,0.99715703725814819,1.1676218509674072,1.0811338424682617,-10.819108963012695,0,0,0,0
62,360,543000,-11.191987037658691,0.12059518694877625,3.6839232444763184,106.00660705566406,109.22813415527344,125.86719512939453,51.232509613037109,39.134078979492188,0.084742322564125061,0.00014258691226132214,0,0,-1.5834692716598511,0.92823928594589233,1.3073809146881104,1.0967841148376465,0.92116618156433105,2.0831060409545898,0,0,0,0
62,365,543120,-11.254311561584473,0.13088493049144745,3.6752018928527832,105.45159149169922,108.4195556640625,142.22676086425781,49.124217987060547,39.988517761230469,0.08461887389421463,0.00096116354689002037,0,0,-1.7617249488830566,0.91804802417755127,1.3648297786712646,1.0836659669876099,0.89154255390167236,4.4724054336547852,0,0,0,0
63,30,543840,-8.7730236053466797,0.221803218126297,3.6779654026031494,102.92319488525391,102.96477508544922,240.37040710449219,38.156448364257812,42.879409790039062,0.083893395960330963,0.00021531087986659259,0,0,-1.6822543144226074,0.93465995788574219,1.3648297786712646,1.0836659669876099,0.89154255390167236,4.4724054336547852,0,0,0,0
63,60,544560,-3.8740556240081787,0.42699655890464783,3.6529736518859863,103.21443176269531,97.623069763183594,313.81512451171875,30.613250732421875,41.743644714355469,0.082572981715202332,0.0044167558662593365,0,0,-1.9292771816253662,0.99127936363220215,1.3648297786712646,1.0836659669876099,0.89154255390167236,4.4724054336547852,0,0,0,0
63,90,545280,4.8155055046081543,0.66048705577850342,5.0643959045410156,136.35557556152344,169.34223937988281,126.12455749511719,28.756538391113281,34.907711029052734,0.080473653972148895,0.0040626372210681438,0,0,-2.2751090526580811,1.0705463886260986,1.3648297786712646,1.0836659669876099,0.89154255390167236,4.4724054336547852,0,0,0,0
63,120,546000,14.289081573486328,0.0027193189598619938,3.8184564113616943,131.48414611816406,189.5626220703125,0,37.432239532470703,28.685985565185547,0.082200124859809875,0.0039034350775182247,0,0,-2.4917290210723877,1.1201972961425781,1.3648297786712646,1.0836659669876099,0.89154255390167236,4.4724054336547852,0,0,0,0
63,150,546720,20.636070251464844,0,3.71382737159729,125.37815093994141,177.25117492675781,0,48.010795593261719,24.452342987060547,0.083916023373603821,0.0054107853211462498,0,0,-2.2418813705444336,1.1050260066986084,1.3648297786712646,1.0836659669876099,0.89154255390167236,4.4724054336547852,0,0,0,0
63,180,547440,22.719144821166992,0,3.6317813396453857,123.14456939697266,163.08018493652344,0,54.505592346191406,22.658405303955078,0.085346885025501251,0.00069699774030596018,0,0,-1.5341079235076904,1.0584596395492554,1.3648297786712646,1.0836659669876099,5.5,4.4724054336547852,0,0,1,0
63,210,548160,19.794828414916992,0,3.6060433387756348,116.1265869140625,152.71636962890625,0,61.694934844970703,21.039989471435547,0.086587056517601013,0.0011705950601026416,0,0,-0.98315262794494629,1.0222107172012329,1.3648297786712646,1.0836659669876099,0.89154255390167236,4.4724054336547852,0,0,0,0
63,240,548880,12.292215347290039,0,3.6381776332855225,111.30713653564453,142.41810607910156,0,73.316642761230469,17.830860137939453,0.08778892457485199,2.8056045266566798E-05,0,0,-1.1168386936187744,0.9982987642288208,1.3648297786712646,1.0836659669876099,0.89154255390167236,4.4724054336547852,0,0,0,0
63,270,549600,2.8843352794647217,0,3.6664533615112305,109.18517303466797,131.60771179199219,0,80.366790771484375,14.832242965698242,0.08898431807756424,1.7486117940279655E-05,0,0,-1.7045986652374268,0.92687445878982544,1.3648297786712646,1.0836659669876099,0.89154255390167236,4.4724054336547852,0,0,0,0
63,300,550320,-5.0968151092529297,0,3.6694502830505371,108.85981750488281,122.86186218261719,0.81143522262573242,78.216659545898438,14.826845169067383,0.087322667241096497,1.0976802514051087E-05,0,0,-2.1905419826507568,0.86782294511795044,1.3648297786712646,1.0836659669876099,0.89154255390167236,4.4724054336547852,0,0,0,0
63,330,551040,-10.165555953979492,0.021991921588778496,3.7718710899353027,108.44287872314453,115.07833099365234,18.333522796630859,62.814708709716797,26.491998672485352,0.085814967751502991,2.5397300760232611E-06,0,0,-2.1334652900695801,0.87435799837112427,1.3648297786712646,1.0836659669876099,0.89154255390167236,4.4724054336547852,0,0,0,0
63,360,551760,-7.5497760772705078,0.033131122589111328,3.6880843639373779,105.92501831054688,108.49878692626953,69.804855346679688,48.816696166992188,34.691829681396484,0.085051737725734711,1.1407239042249273E-10,0,0,1.8568121194839478,0.99815094470977783,1.0324490070343018,1.1098248958587646,0.97803974151611328,7.9745326042175293,0,0,0,0
63,365,551880,-6.9534478187561035,0.35141456127166748,3.6662013530731201,105.46698760986328,107.64606475830078,80.488075256347656,46.715599060058594,35.428001403808594,0.084931910037994385,0.003996935673058033,0,0,2.6041300296783447,1.0302841663360596,0.97089707851409912,1.1146690845489502,0.99405777454376221,8.6230745315551758,0,0,0,0
64,30,552600,-6.6821670532226562,0.76109820604324341,3.6694602966308594,102.43194580078125,102.82264709472656,207.03935241699219,36.255821228027344,38.570499420166016,0.084202848374843597,0.0028590536676347256,0,0,0.21987795829772949,1.0706596374511719,0.97089707851409912,1.1146690845489502,0.99405777454376221,8.6230745315551758,0,1,0,0
64,60,553320,0.47195807099342346,0.29548272490501404,4.2398052215576172,120.71528625488281,119.83810424804688,183.82856750488281,32.99627685546875,34.656463623046875,0.080891706049442291,0.0024846603628247976,0,0,2.8700060844421387,1.1457334756851196,0.97089707851409912,1.1146690845489502,0.99405777454376221,8.6230745315551758,0,0,0,0
64,90,554040,10.713741302490234,0.025943126529455185,3.9618830680847168,131.08493041992188,180.98602294921875,0.92464464902877808,36.649734497070312,28.764263153076172,0.081937946379184723,0.00019295429228805006,0,0,3.0286593437194824,1.2508372068405151,0.97089707851409912,1.1146690845489502,0.99405777454376221,8.6230745315551758,0,0,0,0
64,120,554760,19.544563293457031,0,3.7787652015686035,126.76224517822266,169.79629516601562,0,47.080570220947266,24.03026008605957,0.083645045757293701,0.00053182977717369795,0,0,3.128035306930542,1.3166712522506714,0.97089707851409912,1.1146690845489502,0.99405777454376221,8.6230745315551758,0,0,0,0
64,150,555480,25.891315460205078,0,3.6152024269104004,121.80568695068359,158.70428466796875,0,53.277591705322266,22.32984733581543,0.085044771432876587,1.5456970459126751E-06,0,0,3.4532113075256348,1.2668526172637939,0.97089707851409912,1.1146690845489502,0.99405777454376221,8.6230745315551758,0,0,0,0
64,180,556200,28.507892608642578,0,3.5486152172088623,115.62262725830078,149.19075012207031,0,53.923286437988281,23.528619766235352,0.086286008358001709,4.4858862224828044E-07,0,0,4.3368816375732422,1.1234990358352661,0.97089707851409912,1.1146690845489502,0.99405777454376221,8.6230745315551758,0,0,0,0
64,210,556920,26.208599090576172,0,3.539177417755127,113.88419342041016,140.22444152832031,0,55.526359558105469,24.407293319702148,0.087481163442134857,1.4368090432981262E-06,0,0,5.0247607231140137,1.011907696723938,0.97089707851409912,1.1146690845489502,1.1303861141204834,8.6230745315551758,0,0,0,0
64,240,557640,19.03680419921875,0,3.585186243057251,109.53558349609375,131.02243041992188,0,64.264938354492188,22.285272598266602,0.08866458386182785,5.2908979419896696E-09,0,0,4.6508893966674805,0.98561441898345947,0.97089707851409912,1.1146690845489502,0.99405777454376221,8.6230745315551758,0,0,0,0
64,270,558360,8.5939922332763672,0,3.5503511428833008,106.46163177490234,121.7979736328125,0,75.649436950683594,18.545591354370117,0.089872166514396667,7.1971837378725922E-09,0,0,3.220421314239502,0.92501485347747803,0.97089707851409912,1.1146690845489502,0.99405777454376221,8.6230745315551758,0,0,0,0
64,300,559080,-0.11899279057979584,0,3.5288684368133545,104.92995452880859,114.01912689208984,0,78.654083251953125,15.488893508911133,0.090945295989513397,0.00056594505440443754,0,0,2.0377507209777832,0.87491285800933838,0.97089707851409912,1.1146690845489502,0.99405777454376221,8.6230745315551758,0,0,0,0
64,330,559800,-5.3692245483398438,0,3.6068263053894043,104.74384307861328,108.41107940673828,4.8832573890686035,73.290382385253906,18.013166427612305,0.087084300816059113,0.0041787433438003063,0,0,2.0751385688781738,0.90444332361221313,0.97089707851409912,1.1146690845489502,0.99405777454376221,8.6230745315551758,0,0,0,0
64,360,560520,-9.5729055404663086,0.059997264295816422,3.6137752532958984,103.21463012695312,104.17092895507812,37.712299346923828,59.216426849365234,27.894142150878906,0.085751175880432129,0.0032385315280407667,0,0,0.075916111469268799,0.96805387735366821,1.0912836790084839,1.1542158126831055,0.93114131689071655,11.406740188598633,0,0,0,0
64,365,560640,-9.9199008941650391,0.13406883180141449,3.5803112983703613,102.90339660644531,103.20137786865234,43.861194610595703,56.780364990234375,29.438846588134766,0.085622616112232208,0.00013418857997749001,0,0,-0.33032384514808655,0.97320276498794556,1.1135774850845337,1.1615393161773682,0.91949009895324707,11.922234535217285,0,0,0,0
65,30,561360,-8.1539583206176758,0.5357285737991333,3.3768975734710693,101.81930541992188,96.86346435546875,137.78070068359375,44.375141143798828,35.546123504638672,0.084881357848644257,2.4628472601762041E-05,0,0,-0.21317499876022339,1.0052162408828735,1.1135774850845337,1.1615393161773682,0.91949009895324707,11.922234535217285,0,0,0,0
65,60,562080,-3.3720617294311523,0.2003723531961441,3.2419438362121582,103.28997039794922,92.608512878417969,242.32003784179688,36.311054229736328,36.425827026367188,0.083160616457462311,1.6129462210301426E-07,0,0,-0.047915160655975342,1.0456420183181763,1.1135774850845337,1.1615393161773682,0.91949009895324707,11.922234535217285,0,0,0,0
65,90,562800,6.3995857238769531,0.054545510560274124,4.1547985076904297,134.12286376953125,173.92848205566406,58.96307373046875,35.8948974609375,30.826282501220703,0.081447362899780273,4.9727536861610133E-06,0,0,0.18344861268997192,1.1022379398345947,1.1135774850845337,1.1615393161773682,0.91949009895324707,11.922234535217285,0,0,0,0
65,120,563520,15.90312385559082,0,3.7947511672973633,127.2218017578125,180.849853515625,0,47.909572601318359,25.6265869140625,0.083151891827583313,1.1257403684794554E-06,0,0,0.32836875319480896,1.1376882791519165,1.1135774850845337,1.1615393161773682,0.91949009895324707,11.922234535217285,0,0,0,0
65,150,564240,22.366876602172852,0,3.676593542098999,121.97102355957031,167.48780822753906,0,58.363998413085938,22.481260299682617,0.084859192371368408,0.00024945326731540263,0,0,0.28498747944831848,1.0884454250335693,1.1135774850845337,1.1615393161773682,0.91949009895324707,11.922234535217285,0,0,0,0
65,180,564960,24.317230224609375,0,3.5785677433013916,116.90754699707031,154.42201232910156,0,63.163394927978516,22.392158508300781,0.08617834746837616,3.2386622478952631E-05,0,0,0.15154415369033813,0.9496619701385498,1.1135774850845337,1.1615393161773682,0.91949009895324707,11.922234535217285,0,0,0,0
65,210,565680,21.529106140136719,0,3.5599343776702881,111.53066253662109,143.30339050292969,0,68.983512878417969,22.092166900634766,0.087387360632419586,0.0038554042112082243,0,0,0.047667264938354492,0.84162819385528564,1.1135774850845337,1.1615393161773682,0.91949009895324707,11.922234535217285,0,0,0,0
65,240,566400,20.347763061523438,0,3.5764315128326416,107.4033203125,133.11819458007812,0,80.641387939453125,19.336931228637695,0.088560312986373901,0.0035845539532601833,0,0,5.0703296661376953,0.83431082963943481,1.1135774850845337,1.1615393161773682,0.91949009895324707,11.922234535217285,1,0,0,0
65,270,567120,5.6407485008239746,0,3.6072292327880859,107.79387664794922,123.89173889160156,0,90.130889892578125,16.180944442749023,0.089745111763477325,0.0019837913569062948,0,0,-0.46470648050308228,0.83669489622116089,1.1135774850845337,1.1615393161773682,0.91949009895324707,11.922234535217285,0,0,0,0
65,300,567840,-2.3154802322387695,0,3.6372482776641846,105.99713134765625,116.22653198242188,0.013020564801990986,90.936515808105469,13.891255378723145,0.089873738586902618,0.0015822775894775987,0,0,-0.78637814521789551,0.83866602182388306,1.1135774850845337,1.1615393161773682,0.91949009895324707,11.922234535217285,0,0,0,0
65,330,568560,-7.8325481414794922,0.2598094642162323,3.6927638053894043,106.29887390136719,109.88613128662109,7.9226894378662109,78.632247924804688,23.074033737182617,0.086762808263301849,0.002569104777649045,0,0,-0.71196627616882324,0.86742323637008667,1.1135774850845337,1.1615393161773682,0.91949009895324707,11.922234535217285,0,0,0,0
65,360,569280,-10.13028621673584,0.09238443523645401,3.6774120330810547,103.56517791748047,104.73712158203125,50.327598571777344,61.249626159667969,34.968524932861328,0.085983052849769592,4.8254139983328059E-05,0,0,-0.5490492582321167,0.89749908447265625,1.0953735113143921,1.0925437211990356,0.96113252639770508,5.3795557022094727,0,0,0,0
65,365,569400,-9.9511384963989258,0.070768490433692932,3.675255298614502,103.15943908691406,103.82792663574219,56.893966674804688,58.729118347167969,36.382110595703125,0.08585454523563385,0.00047911054571159184,0,0,-0.46970105171203613,0.89964312314987183,1.0920023918151855,1.0797667503356934,0.96884411573410034,4.1679487228393555,0,0,0,0
66,30,570120,-7.3157548904418945,0.13977822661399841,3.6557178497314453,101.54830932617188,97.837852478027344,147.49658203125,45.760322570800781,41.840587615966797,0.085104204714298248,4.2849609371842234E-07,0,0,-0.25153526663780212,0.93005156517028809,1.0920023918151855,1.0797667503356934,0.96884411573410034,4.1679487228393555,0,0,0,0
66,60,570840,-2.2463963031768799,0.25542548298835754,3.719437837600708,106.41401672363281,95.517974853515625,220.92485046386719,38.610694885253906,40.849475860595703,0.08271355926990509,0.003262772224843502,0,0,-0.41002100706100464,0.95230841636657715,1.0920023918151855,1.0797667503356934,0.96884411573410034,4.1679487228393555,0,0,0,0
66,90,571560,7.5219645500183105,0.021144650876522064,4.1907773017883301,129.14010620117188,174.06925964355469,31.154600143432617,39.764759063720703,34.287551879882812,0.081758186221122742,0.0019625658169388771,0,0,-0.63190102577209473,0.98346811532974243,1.0920023918151855,1.0797667503356934,0.96884411573410034,4.1679487228393555,0,0,0,0
66,120,572280,15.550962448120117,0.14791193604469299,4.0688238143920898,123.24611663818359,168.54495239257812,0,51.457309722900391,28.559757232666016,0.083468720316886902,0.0041377609595656395,0,0,-0.77088081836700439,1.0029855966567993,1.0920023918151855,1.0797667503356934,0.96884411573410034,4.1679487228393555,0,0,0,0
66,150,573000,22.142173767089844,0,3.6017489433288574,118.80532073974609,154.83297729492188,0,61.402351379394531,25.155250549316406,0.085076160728931427,0.0033538155257701874,0,0,-0.63809341192245483,0.99123823642730713,1.0920023918151855,1.0797667503356934,0.96884411573410034,4.1679487228393555,0,0,0,0
66,180,573720,23.815183639526367,0,3.5578634738922119,113.61343383789062,144.09066772460938,0,66.184028625488281,24.759000778198242,0.086289063096046448,0.00061241188086569309,0,0,-0.25958511233329773,0.95704197883605957,1.0920023918151855,1.0797667503356934,0.96884411573410034,4.1679487228393555,0,0,0,0
66,210,574440,20.653585433959961,0,3.5462079048156738,109.16153717041016,133.06307983398438,0,72.322654724121094,23.896804809570312,0.087489292025566101,0.0012890482321381569,0,0,0.035058736801147461,0.93042242527008057,1.0920023918151855,1.0797667503356934,0.96884411573410034,4.1679487228393555,0,0,0,0
66,240,575160,13.369803428649902,0,3.5763638019561768,105.50062561035156,123.97948455810547,0,84.406135559082031,20.495937347412109,0.088657446205615997,1.8502658349461854E-05,0,0,-0.16144329309463501,0.90642756223678589,1.0920023918151855,1.0797667503356934,0.96884411573410034,4.1679487228393555,0,0,0,0
66,270,575880,3.3155925273895264,0,3.6110489368438721,106.0614013671875,118.08674621582031,0,92.639328002929688,17.065652847290039,0.089830055832862854,3.1895935535430908E-05,0,0,-0.89655119180679321,0.83231675624847412,1.0920023918151855,1.0797667503356934,0.96884411573410034,4.1679487228393555,0,0,0,0
66,300,576600,-4.4763054847717285,0,3.627685546875,104.84481048583984,111.11477661132812,0.27196779847145081,90.87969970703125,16.206510543823242,0.08860403299331665,2.6939126200886676E-06,0,0,-1.5043177604675293,0.77104401588439941,1.0920023918151855,1.0797667503356934,0.96884411573410034,4.1679487228393555,0,0,0,0
66,330,577320,-9.3303699493408203,0.012048634700477123,3.7833888530731201,104.657958984375,104.98133850097656,11.06266975402832,73.937294006347656,28.976959228515625,0.086680397391319275,3.9290597442231956E-07,0,0,-1.3269343376159668,0.7940947413444519,1.0920023918151855,1.0797667503356934,0.96884411573410034,4.1679487228393555,0,0,0,0
66,360,578040,-10.626238822937012,0.049679595977067947,3.58843994140625,101.89410400390625,100.31342315673828,68.139114379882812,57.462612152099609,39.019760131835938,0.085896581411361694,1.1305895455948622E-11,0,0,-0.99512386322021484,0.81010955572128296,1.1034030914306641,1.0413010120391846,1.0801013708114624,4.8740053176879883,0,0,0,0
66,365,578160,-10.51942253112793,0.095366664230823517,3.5483324527740479,101.537353515625,99.503364562988281,81.721542358398438,55.097946166992188,40.133453369140625,0.085768766701221466,0.003676306689158082,0,0,-0.98069870471954346,0.78495490550994873,1.1055142879486084,1.0341776609420776,1.100704550743103,5.0047564506530762,0,0,0,0
67,30,578880,-7.9723525047302246,0.19102802872657776,3.3351292610168457,100.28740692138672,93.920272827148438,142.30035400390625,42.726787567138672,44.305866241455078,0.085017912089824677,0.0060079824179410934,0,0,-0.79960149526596069,0.76900804042816162,1.1055142879486084,1.0341776609420776,1.100704550743103,5.0047564506530762,0,0,0,0
67,60,579600,-2.9428670406341553,0.20371298491954803,3.2598063945770264,102.24880218505859,91.582984924316406,200.32284545898438,35.225933074951172,43.22998046875,0.083047725260257721,0.0028880711179226637,0,0,-0.91415965557098389,0.85464775562286377,1.1055142879486084,1.0341776609420776,1.100704550743103,5.0047564506530762,0,0,0,0
67,90,580320,6.5644059181213379,0.053557302802801132,4.1084585189819336,128.488037109375,164.07275390625,46.567249298095703,35.456195831298828,36.396915435791016,0.081626832485198975,0.0013546469854190946,0,0,-1.0745409727096558,0.97454339265823364,1.1055142879486084,1.0341776609420776,1.100704550743103,5.0047564506530762,0,0,0,0
67,120,581040,15.667719841003418,0,3.7862856388092041,122.07325744628906,165.84242248535156,0,46.231998443603516,30.291316986083984,0.083351954817771912,0.00092976505402475595,0,0,-1.1749995946884155,1.04964280128479,1.4660282135009766,1.0341776609420776,1.100704550743103,5.0047564506530762,0,0,0,1
67,150,581760,21.500030517578125,0,3.6207010746002197,118.66584014892578,153.75871276855469,0,56.251132965087891,26.26255989074707,0.084980271756649017,4.2817073335754685E-06,0,0,-1.1949976682662964,1.0554312467575073,1.1055142879486084,1.0341776609420776,1.100704550743103,5.0047564506530762,0,0,0,0
67,180,582480,25.20585823059082,0,3.6181604862213135,114.28516387939453,143.5799560546875,0,60.473583221435547,25.632665634155273,0.086202986538410187,0.00011808568524429575,0,0,1.9800366163253784,1.0639500617980957,1.1055142879486084,1.0341776609420776,1.100704550743103,5.0047564506530762,1,0,0,0
67,210,583200,19.463077545166016,0,3.5753021240234375,110.76950073242188,132.84474182128906,0,68.043128967285156,23.86119270324707,0.087417960166931152,8.2412122992536752E-07,0,0,-1.2751469612121582,1.0705815553665161,1.1055142879486084,1.0341776609420776,1.100704550743103,5.0047564506530762,0,0,0,0
67,240,583920,12.366205215454102,0,3.5862758159637451,107.18872833251953,124.93868255615234,0,79.864463806152344,20.059032440185547,0.08866196870803833,1.0245771875361243E-07,0,0,-1.3588647842407227,1.0471502542495728,1.1055142879486084,1.0341776609420776,1.100704550743103,5.0047564506530762,0,0,0,0
67,270,584640,2.8738241195678711,0.13630205392837524,3.7542517185211182,106.20321655273438,117.15242767333984,0,87.343338012695312,16.722221374511719,0.089850135147571564,2.2417522060891315E-08,0,0,-1.6318883895874023,0.96662181615829468,1.1055142879486084,1.0341776609420776,1.100704550743103,5.0047564506530762,0,0,0,0
67,300,585360,-4.7694454193115234,0,3.6287605762481689,106.68912506103516,111.29039764404297,2.1359732151031494,85.42340087890625,16.235805511474609,0.088318362832069397,0.0016581770032644272,0,0,-1.857616662979126,0.90004312992095947,1.1055142879486084,1.0341776609420776,1.100704550743103,5.0047564506530762,0,0,0,0
67,330,586080,-9.7351951599121094,0.023162392899394035,3.7431621551513672,106.31173706054688,105.07632446289062,26.345832824707031,68.774681091308594,28.631965637207031,0.086547210812568665,0.0029902055393904448,0,0,-1.6869378089904785,0.87088382244110107,1.1055142879486084,1.0341776609420776,1.100704550743103,5.0047564506530762,0,0,0,0
67,360,586800,-8.6906290054321289,0.42483529448509216,3.4465465545654297,103.48537445068359,100.07518005371094,70.172637939453125,53.449459075927734,37.709362030029297,0.085767626762390137,0.0079534938558936119,0,0,0.80102431774139404,0.88302844762802124,1.4735258817672729,1.1686528921127319,1.086783766746521,3.0643091201782227,0,0,0,0
67,365,586920,-8.2393255233764648,0.05778796598315239,3.4026806354522705,102.99813079833984,99.396324157714844,80.888496398925781,51.269832611083984,38.685543060302734,0.085640475153923035,0.0006318138912320137,0,0,1.2179708480834961,0.89313465356826782,1.5416761636734009,1.1935557126998901,1.0842058658599854,2.7049670219421387,0,0,0,0
68,30,587640,-5.5396022796630859,0.097601994872093201,3.1426088809967041,101.51241302490234,94.868598937988281,138.20814514160156,40.479427337646484,41.769954681396484,0.084797419607639313,0.0015126309590414166,0,0,1.3415789604187012,0.88803887367248535,1.5416761636734009,1.1935557126998901,1.0842058658599854,2.7049670219421387,0,0,0,0
68,60,588360,-0.30914825201034546,0.58652359247207642,4.3854155540466309,113.97728729248047,106.61634063720703,172.13360595703125,36.227706909179688,37.908103942871094,0.081336192786693573,1.9202082057745429E-06,0,0,1.07016921043396,0.97585725784301758,1.5416761636734009,1.1935557126998901,1.0842058658599854,2.7049670219421387,0,0,0,0
68,90,589080,9.3352422714233398,0.020024817436933517,4.1328792572021484,124.36130523681641,171.91357421875,8.0026950836181641,39.187412261962891,31.446517944335938,0.081928461790084839,5.425749986898154E-05,0,0,0.69019556045532227,1.0988030433654785,1.5431604385375977,1.1935557126998901,1.0842058658599854,2.7049670219421387,0,0,0,0
68,120,589800,17.773340225219727,0,3.7371275424957275,125.7432861328125,163.41413879394531,0,49.654811859130859,26.102035522460938,0.083670318126678467,2.1531555205456243E-07,0,0,0.452190101146698,1.1758131980895996,1.5416761636734009,1.1935557126998901,1.0842058658599854,2.7049670219421387,0,0,0,0
68,150,590520,23.378149032592773,0,3.630403995513916,119.05809783935547,155.7379150390625,0,57.486499786376953,23.388198852539062,0.085254959762096405,0.00036810428719036281,0,0,0.46980103850364685,1.1804356575012207,1.5416761636734009,1.1935557126998901,1.0842058658599854,2.7049670219421387,0,0,0,0
68,180,591240,24.594308853149414,0,3.5893392562866211,114.16181945800781,144.8782958984375,0,61.148452758789062,23.373479843139648,0.08652050793170929,0.00069497572258114815,0,0,0.54159241914749146,1.1855640411376953,1.5416761636734009,1.1935557126998901,1.0842058658599854,2.7049670219421387,0,0,0,0
68,210,591960,20.492435455322266,0,3.6687633991241455,110.05142974853516,134.39143371582031,0,66.805557250976562,22.582529067993164,0.087791807949542999,0.0093170739710330963,0,0,0.5974772572517395,1.1895560026168823,2.1707127094268799,1.1935557126998901,1.0842058658599854,2.7049670219421387,0,0,0,1
68,240,592680,13.881111145019531,0,3.5928471088409424,106.81383514404297,125.31240844726562,0,78.503349304199219,19.363498687744141,0.089033752679824829,0.0042607253417372704,0,0,0.59175145626068115,1.1577175855636597,1.5416761636734009,1.1935557126998901,1.0842058658599854,2.7049670219421387,0,0,0,0
68,270,593400,4.7275753021240234,0,3.5494427680969238,104.89918518066406,117.12857818603516,0,87.312721252441406,16.155612945556641,0.090218663215637207,0.0041304081678390503,0,0,0.55850404500961304,1.0495502948760986,1.5416761636734009,1.1935557126998901,1.0842058658599854,2.7049670219421387,0,0,0,0
68,300,594120,-2.6556181907653809,0,3.5859756469726562,105.09659576416016,111.22971343994141,0.29990053176879883,87.709014892578125,14.091010093688965,0.089945293962955475,0.0060698105953633785,0,0,0.53101605176925659,0.9601207971572876,1.5416761636734009,1.1935557126998901,1.0842058658599854,2.7049670219421387,0,0,0,0
68,330,594840,-7.5357136726379395,0.030404204502701759,3.6671755313873291,105.24995422363281,105.74501037597656,14.205653190612793,75.108734130859375,23.210363388061523,0.086854338645935059,0.003535398980602622,0,0,0.67521387338638306,0.93958830833435059,1.5416761636734009,1.1935557126998901,1.0842058658599854,2.7049670219421387,0,0,0,0
68,360,595560,-9.1600360870361328,0.093662895262241364,3.4987006187438965,102.59618377685547,100.08618927001953,68.26177978515625,58.471637725830078,34.108222961425781,0.08607819676399231,0.0013266239548102021,0,0,0.46759882569313049,0.97800064086914062,1.2357048988342285,1.0147427320480347,1.1166462898254395,3.3326730728149414,0,0,0,0
68,365,595680,-9.1525917053222656,0.074649274349212646,3.4590058326721191,102.33258056640625,99.007377624511719,74.800765991210938,56.070461273193359,35.428943634033203,0.085949540138244629,1.1579709280340467E-05,0,0,0.34602934122085571,0.98872834444046021,1.1790435314178467,0.98162925243377686,1.1226538419723511,3.4489150047302246,0,0,0,0
69,30,596400,-6.6989727020263672,0.21970458328723907,3.2407295703887939,100.83369445800781,93.038825988769531,254.73812866210938,43.593051910400391,40.225048065185547,0.085196636617183685,0.00091405899729579687,0,0,0.021060377359390259,0.98399561643600464,1.1790435314178467,0.98162925243377686,2.2210090160369873,3.4489150047302246,0,0,1,0
69,60,597120,-1.3264573812484741,0.27636027336120605,3.6102502346038818,108.9384765625,96.006805419921875,282.69229125976562,37.773105621337891,38.364833831787109,0.082358889281749725,0.0021507018245756626,0,0,0.30065003037452698,1.0237782001495361,1.1790435314178467,0.98162925243377686,1.1226538419723511,3.4489150047302246,0,0,0,0
69,90,597840,8.6304826736450195,0.024630626663565636,4.3251266479492188,134.07423400878906,189.57290649414062,24.055822372436523,39.0810546875,31.722524642944336,0.082147181034088135,0.001343304174952209,0,0,0.23019731044769287,1.0794737339019775,1.1790435314178467,0.98162925243377686,1.1226538419723511,3.4489150047302246,0,0,0,0
69,120,598560,17.474161148071289,0,3.7789154052734375,126.84978485107422,182.19818115234375,0,50.033000946044922,26.416450500488281,0.083856053650379181,0.0069950507022440434,0,0,0.18606756627559662,1.1143598556518555,1.1790435314178467,0.98162925243377686,1.1226538419723511,3.4489150047302246,0,0,0,0
69,150,599280,22.926761627197266,0,3.6935689449310303,122.72164916992188,167.49740600585938,0,58.642795562744141,23.565717697143555,0.085498541593551636,0.001970409881323576,0,0,0.36187726259231567,1.1169239282608032,1.1790435314178467,0.98162925243377686,1.1226538419723511,3.4489150047302246,0,0,0,0
69,180,600000,24.967306137084961,0,3.5711708068847656,116.73152160644531,156.35281372070312,0,62.240821838378906,23.633724212646484,0.086725994944572449,0.00068569945869967341,0,0,0.84926533699035645,1.1205382347106934,1.1790435314178467,0.98162925243377686,1.1226538419723511,3.4489150047302246,0,0,0,0
69,210,600720,21.309333801269531,0,3.6212146282196045,111.58494567871094,146.34660339355469,0,67.2998046875,23.178218841552734,0.087948203086853027,0.00046529102837666869,0,0,1.2286648750305176,1.1233519315719604,1.1790435314178467,0.98162925243377686,1.1226538419723511,3.4489150047302246,0,0,0,0
69,240,601440,14.573888778686523,0,3.6024413108825684,108.03289031982422,136.24859619140625,0,79.150177001953125,20.094966888427734,0.089131906628608704,6.4883162849582732E-05,0,0,1.1278641223907471,1.110487699508667,1.1790435314178467,0.98162925243377686,1.1226538419723511,3.4489150047302246,0,0,0,0
69,270,602160,4.9214544296264648,0.12781637907028198,3.7737240791320801,106.94756317138672,125.83681488037109,0,88.203392028808594,16.729679107666016,0.090327188372612,2.3084208805812523E-05,0,0,0.693695068359375,1.0664832592010498,1.1790435314178467,0.98162925243377686,1.1226538419723511,3.4489150047302246,0,0,0,0
69,300,602880,-2.7079668045043945,0,3.6593692302703857,108.21621704101562,118.83599090576172,0.70821899175643921,88.4776611328125,14.554736137390137,0.090066976845264435,1.8673803197089001E-06,0,0,0.3347364068031311,1.0301015377044678,1.1790435314178467,0.98162925243377686,1.1226538419723511,3.4489150047302246,0,0,0,0
69,330,603600,-7.8440818786621094,0.12036964297294617,3.721233606338501,108.20003509521484,112.46916198730469,20.360042572021484,75.168998718261719,24.133230209350586,0.087073788046836853,2.2872939098306233E-06,0,0,0.31191891431808472,1.0187445878982544,1.1790435314178467,0.98162925243377686,1.1226538419723511,3.4489150047302246,0,0,0,0
69,360,604320,-10.442456245422363,0.051458243280649185,3.6839263439178467,105.08409118652344,106.45602416992188,78.710418701171875,58.48162841796875,35.090869903564453,0.086283281445503235,2.6369930310465861E-06,0,0,-1.1381938457489014,0.70741057395935059,1.5397526025772095,0.85983538627624512,1.1334748268127441,-6.9286026954650879,0,0,0,1
69,365,604440,-10.304934501647949,0.38913983106613159,3.6744339466094971,104.51408386230469,105.68603515625,85.443931579589844,56.075031280517578,36.381317138671875,0.086153656244277954,0.0039339633658528328,0,0,-1.4621105194091797,0.65565413236618042,1.0939033031463623,0.8372809886932373,1.1354787349700928,-8.8503646850585938,0,0,0,0
70,30,605160,-6.7143445014953613,0.31931346654891968,3.6424612998962402,102.68277740478516,99.755332946777344,146.40350341796875,43.660541534423828,41.255039215087891,0.08539997786283493,0.0065858103334903717,0,0,-1.5341150760650635,0.65573006868362427,1.0939033031463623,0.8372809886932373,1.1354787349700928,-8.8503646850585938,0,0,0,0
70,60,605880,-0.13963040709495544,0.056830350309610367,3.8874340057373047,111.489990234375,101.78864288330078,135.89952087402344,38.485267639160156,38.831729888916016,0.082435570657253265,0.0018958402797579765,0,0,-1.153311014175415,0.63056927919387817,1.0939033031463623,0.8372809886932373,1.1354787349700928,-8.8503646850585938,0,0,0,0
70,90,606600,10.803174018859863,0,3.8202967643737793,120.43660736083984,154.01788330078125,1.1201153993606567,42.933048248291016,32.448398590087891,0.083180472254753113,0.00043883273610845208,0,0,-0.62018513679504395,0.59534406661987305,1.0939033031463623,0.8372809886932373,1.1354787349700928,-8.8503646850585938,0,0,0,0
70,120,607320,18.688879013061523,0,3.5997481346130371,115.41642761230469,142.95787048339844,0,54.061130523681641,27.119064331054688,0.084928005933761597,0.0008816069457679987,0,0,-0.28624922037124634,0.5732799768447876,1.0939033031463623,0.8372809886932373,1.1354787349700928,-8.8503646850585938,0,0,0,0
70,150,608040,23.185575485229492,0,3.5210890769958496,111.13242340087891,132.285400390625,0,61.598419189453125,24.802501678466797,0.086366936564445496,1.3338366443349514E-05,0,0,-0.28621804714202881,0.55587822198867798,1.0939033031463623,0.8372809886932373,1.1354787349700928,-8.8503646850585938,0,0,0,0
70,180,608760,27.292304992675781,0,3.4640429019927979,106.91011810302734,122.32034301757812,0,65.364555358886719,24.71674919128418,0.087626762688159943,4.2172936254303295E-09,0,0,2.9604952335357666,0.51023536920547485,1.0939033031463623,0.8372809886932373,1.1354787349700928,-8.8503646850585938,1,0,0,0
70,210,609480,18.397918701171875,0,3.4408159255981445,102.77371978759766,114.59119415283203,0,71.556175231933594,23.827014923095703,0.088862888514995575,4.7778246425878024E-07,0,0,-0.34446489810943604,0.47470545768737793,1.0939033031463623,0.8372809886932373,1.1354787349700928,-8.8503646850585938,0,0,0,0
70,240,610200,10.50296688079834,0,3.3178441524505615,99.96966552734375,106.99312591552734,0,84.649322509765625,20.099401473999023,0.090045474469661713,1.6976026984139025E-07,0,0,-0.43088579177856445,0.49547842144966125,1.0939033031463623,0.8372809886932373,1.1354787349700928,-8.8503646850585938,0,0,0,0
70,270,610920,0.99867027997970581,0,2.9091670513153076,97.356613159179688,100.79537963867188,0,90.932662963867188,16.770412445068359,0.091213621199131012,8.7006668536560028E-10,0,0,-0.71540510654449463,0.57428520917892456,1.0939033031463623,0.8372809886932373,1.1354787349700928,-8.8503646850585938,0,0,0,0
70,300,611640,-6.136599063873291,0,2.6254968643188477,97.434288024902344,95.951530456542969,1.3046571016311646,85.943893432617188,18.841794967651367,0.088528774678707123,0.001459903665818274,0,0,-0.95063769817352295,0.63944041728973389,1.0939033031463623,0.8372809886932373,1.1354787349700928,-8.8503646850585938,0,0,0,0
70,330,612360,-14.588205337524414,0.061781115829944611,2.6478416919708252,96.372894287109375,91.751548767089844,18.1163330078125,68.109840393066406,32.017375946044922,0.087410904467105865,0.0026043013203889132,0,0,-4.6262507438659668,0.64746701717376709,1.0939033031463623,0.8372809886932373,1.1354787349700928,-8.8503646850585938,0,1,0,0
70,360,613080,-10.789310455322266,0.23060634732246399,2.3135941028594971,95.51959228515625,86.231666564941406,95.559181213378906,52.930999755859375,40.282276153564453,0.086615860462188721,0.0054222866892814636,0,0,-1.3548107147216797,1.1291811466217041,1.0491478443145752,0.93167769908905029,1.1934797763824463,-5.8433361053466797,0,0,0,0
70,365,613200,-10.62430477142334,0.42500057816505432,2.2668213844299316,95.340003967285156,85.419578552246094,115.64653015136719,50.752815246582031,41.15203857421875,0.086486130952835083,0.00035947651485912502,0,0,-1.4308722019195557,1.2178671360015869,1.0408598184585571,0.94915854930877686,1.2042206525802612,-5.2864789962768555,0,0,0,0
71,30,613920,-7.4081106185913086,0.27771082520484924,2.0290546417236328,94.306884765625,80.894882202148438,268.64016723632812,39.412506103515625,43.941867828369141,0.085726089775562286,2.2663265554001555E-05,0,0,-1.5631155967712402,1.2127896547317505,1.0408598184585571,0.94915854930877686,1.2042206525802612,-5.2864789962768555,0,0,0,0
71,60,614640,-0.89898413419723511,0.22253087162971497,2.9437294006347656,110.46155548095703,95.397346496582031,333.35516357421875,33.945659637451172,40.843559265136719,0.083050966262817383,2.3113751012715511E-05,0,0,-0.98464226722717285,1.1332769393920898,1.0408598184585571,0.94915854930877686,1.2042206525802612,-5.2864789962768555,0,0,0,0
71,90,615360,10.181657791137695,0.42727988958358765,4.7757987976074219,139.81779479980469,195.90536499023438,9.8030233383178711,35.283153533935547,33.515132904052734,0.083290055394172668,2.4193414560613746E-07,0,0,-0.17477971315383911,1.0219589471817017,1.0408598184585571,0.94915854930877686,1.2042206525802612,-5.2864789962768555,0,0,0,0
71,120,616080,19.023702621459961,0,3.7627558708190918,129.61320495605469,187.85350036621094,0,46.402133941650391,27.942548751831055,0.084915518760681152,1.3938648013578359E-09,0,0,0.33249670267105103,0.95223236083984375,1.0408598184585571,0.94915854930877686,1.2042206525802612,-5.2864789962768555,0,0,0,0
71,150,616800,23.787014007568359,0,3.6447274684906006,123.92335510253906,173.31401062011719,0,54.231403350830078,25.146154403686523,0.086364030838012695,8.8422133615040366E-08,0,0,0.27715128660202026,1.0025045871734619,1.0408598184585571,0.94915854930877686,1.2042206525802612,-5.2864789962768555,0,0,0,0
71,180,617520,23.29640007019043,0.053450077772140503,3.7982814311981201,118.2220458984375,160.5865478515625,0,58.544864654541016,24.401926040649414,0.087535515427589417,0.00035413011210039258,0,0,0.075203418731689453,1.1474871635437012,1.0408598184585571,0.94915854930877686,1.2042206525802612,-5.2864789962768555,0,0,0,0
71,210,618240,20.372285842895508,0,3.5834193229675293,113.59453582763672,149.75823974609375,0,66.592277526855469,22.815393447875977,0.088668584823608398,0.0037927674129605293,0,0,0.55142492055892944,1.2603466510772705,1.0408598184585571,0.94915854930877686,1.2042206525802612,-5.2864789962768555,0,0,0,0
71,240,618960,11.636692047119141,0,3.6161105632781982,110.51482391357422,140.36172485351562,0,77.3995361328125,19.896947860717773,0.089847035706043243,0.0026741523761302233,0,0,-0.15919351577758789,1.260791540145874,1.0408598184585571,0.94915854930877686,1.2042206525802612,-5.2864789962768555,0,0,0,0
71,270,619680,1.880244255065918,0.018830645829439163,3.7425987720489502,112.3997802734375,132.3260498046875,0.0025451036635786295,84.68267822265625,16.564640045166016,0.0910152867436409,0.004575356375426054,0,0,-0.37971988320350647,1.2340675592422485,1.3177332878112793,0.94915854930877686,1.2042206525802612,-5.2864789962768555,0,0,0,1
71,300,620400,-5.4684720039367676,0.0025459316093474627,3.7189157009124756,112.20884704589844,126.1884765625,13.897348403930664,81.229606628417969,17.143383026123047,0.088886886835098267,0.0017068074084818363,0,0,-0.56204485893249512,1.2119729518890381,1.0408598184585571,0.94915854930877686,1.2042206525802612,-5.2864789962768555,0,0,0,0
71,330,621120,-9.7039566040039062,0.068124495446681976,3.7209491729736328,110.18032073974609,118.87599945068359,65.03900146484375,64.596572875976562,29.372043609619141,0.087321393191814423,0.0020058930385857821,0,0,-0.75967174768447876,1.2116744518280029,1.0408598184585571,0.94915854930877686,1.2042206525802612,-5.2864789962768555,0,0,0,0
71,360,621840,-10.877222061157227,0.11051697283983231,3.6950912475585938,107.41547393798828,111.85301208496094,166.79011535644531,50.06768798828125,37.232292175292969,0.08652438223361969,0.0011051043402403593,0,0,-1.6609234809875488,0.75756627321243286,1.0404506921768188,0.76568090915679932,0.92557340860366821,-7.7916460037231445,0,0,0,0
71,365,621960,-10.661774635314941,0.072458617389202118,3.6952259540557861,106.82530975341797,110.83946990966797,171.87435913085938,48.007331848144531,38.124340057373047,0.08639439195394516,1.4702566204505274E-06,0,0,-1.7880973815917969,0.6737678050994873,1.0403749942779541,0.73170357942581177,0.87397205829620361,-8.2555656433105469,0,0,0,0
72,30,622680,-7.1591734886169434,0.13372568786144257,3.6861450672149658,103.73200988769531,104.96505737304688,255.40744018554688,37.202617645263672,40.985076904296875,0.085633374750614166,0.00041859038174152374,0,0,-1.8881238698959351,0.67469954490661621,1.0403749942779541,0.73170357942581177,0.87397205829620361,-8.2555656433105469,0,0,0,0
72,60,623400,-0.60793799161911011,0.07950359582901001,3.8203251361846924,110.32759094238281,104.78807830810547,222.73072814941406,32.28216552734375,38.309047698974609,0.082875281572341919,0.00048574278480373323,0,0,-1.378087043762207,0.65378266572952271,1.0403749942779541,0.73170357942581177,0.87397205829620361,-8.2555656433105469,0,0,0,0
72,90,624120,10.631274223327637,0,4.0215764045715332,126.16272735595703,175.20709228515625,4.1116480827331543,35.074073791503906,31.599538803100586,0.083320699632167816,0.0015356534859165549,0,0,-0.66403543949127197,0.62449914216995239,1.0403749942779541,0.73170357942581177,0.87397205829620361,-8.2555656433105469,0,0,0,0
72,120,624840,18.644153594970703,0,3.7026915550231934,119.39118957519531,161.58683776855469,0,46.387428283691406,26.429414749145508,0.085006736218929291,0.0053181732073426247,0,0,-0.21677231788635254,0.60615664720535278,1.0403749942779541,0.73170357942581177,0.87397205829620361,-8.2555656433105469,0,0,0,0
72,150,625560,23.338544845581055,0,3.5464432239532471,115.21598052978516,148.03816223144531,0,54.207019805908203,23.924270629882812,0.086531408131122589,0.0022988729178905487,0,0,-0.1780189573764801,0.5773998498916626,1.0403749942779541,0.73170357942581177,0.87397205829620361,-8.2555656433105469,0,0,0,0
72,180,626280,26.943027496337891,0,3.4783995151519775,111.70869445800781,135.82167053222656,0,58.758388519287109,23.608112335205078,0.087718211114406586,0.0010592266917228699,0,0,2.4593775272369385,0.50019228458404541,1.0604199171066284,0.73170357942581177,0.87397205829620361,-8.2555656433105469,1,0,0,0
72,210,627000,18.850309371948242,0,3.4435892105102539,107.92078399658203,125.62054443359375,0,65.096900939941406,22.812992095947266,0.088903628289699554,0.00033547688508406281,0,0,-0.066873669624328613,0.44009131193161011,1.0403749942779541,0.73170357942581177,0.87397205829620361,-8.2555656433105469,0,0,0,0
72,240,627720,10.901875495910645,0,3.5475873947143555,104.09881591796875,118.19906616210938,0,78.237136840820312,19.223062515258789,0.090084239840507507,0.00019577413331717253,0,0,-0.20534473657608032,0.46609881520271301,1.0403749942779541,0.73170357942581177,0.87397205829620361,-8.2555656433105469,0,0,0,0
72,270,628440,1.2124933004379272,0,3.5140776634216309,102.25576782226562,110.09618377685547,0,84.658531188964844,15.988234519958496,0.091271795332431793,1.3252399185148533E-05,0,0,-0.68360632658004761,0.56866925954818726,1.0403749942779541,0.73170357942581177,0.87397205829620361,-8.2555656433105469,0,0,0,0
72,300,629160,-6.0914678573608398,0,3.5428757667541504,101.32688903808594,104.15430450439453,0.44017824530601501,80.137611389160156,17.71782112121582,0.088682599365711212,4.3194991121708881E-06,0,0,-1.0790195465087891,0.65347152948379517,1.0403749942779541,0.73170357942581177,0.87397205829620361,-8.2555656433105469,0,0,0,0
72,330,629880,-10.287065505981445,0.037169866263866425,3.7748816013336182,99.886978149414062,99.819969177246094,13.605291366577148,63.516334533691406,29.857141494750977,0.087560467422008514,1.4521533557854127E-06,0,0,-1.2576355934143066,0.66374707221984863,1.0403749942779541,0.73170357942581177,0.87397205829620361,-8.2555656433105469,0,0,0,0
72,360,630600,-10.507082939147949,0.10827754437923431,3.614210844039917,97.446037292480469,95.347846984863281,78.620956420898438,49.280399322509766,37.554218292236328,0.086762957274913788,2.4838553144945763E-05,0,0,-0.88817203044891357,1.0731179714202881,1.0945703983306885,0.87799549102783203,0.8451310396194458,2.7607955932617188,0,0,0,0
72,365,630720,-10.253738403320312,0.22838285565376282,3.5993638038635254,97.162590026855469,94.541725158691406,106.18792724609375,47.252445220947266,38.345260620117188,0.086632847785949707,0.0039948220364749432,0,0,-0.66937243938446045,1.1554399728775024,1.1046066284179688,0.90508657693862915,0.83979010581970215,4.8008623123168945,0,0,0,0
73,30,631440,-7.7022557258605957,0.44260698556900024,3.4160385131835938,96.053886413574219,89.290550231933594,218.76336669921875,36.360195159912109,40.901226043701172,0.085869550704956055,0.0060689998790621758,0,0,-0.50774312019348145,1.1674422025680542,1.1046066284179688,0.90508657693862915,0.83979010581970215,4.8008623123168945,0,0,0,0
73,60,632160,-2.1577553749084473,0.2860531210899353,3.7044062614440918,104.74432373046875,89.929824829101562,302.52200317382812,30.563938140869141,38.811229705810547,0.083543255925178528,0.00039144715992733836,0,0,-0.20147252082824707,1.1085237264633179,1.4830136299133301,0.90508657693862915,0.83979010581970215,4.8008623123168945,0,0,0,1
73,90,632880,8.3497791290283203,0.017145831137895584,4.4273624420166016,137.15402221679688,190.04470825195312,36.377349853515625,30.874011993408203,32.027656555175781,0.082820363342761993,0.0016953330487012863,0,0,0.22730636596679688,1.0260379314422607,1.1046066284179688,0.90508657693862915,0.83979010581970215,4.8008623123168945,0,0,0,0
73,120,633600,17.57737922668457,0,3.7761650085449219,127.37808227539062,184.56266784667969,0,41.978561401367188,26.661777496337891,0.084503024816513062,0.00028458470478653908,0,0,0.49588203430175781,0.97437101602554321,1.1046066284179688,0.90508657693862915,0.83979010581970215,4.8008623123168945,0,0,0,0
73,150,634320,22.664634704589844,0,3.7085390090942383,121.54539489746094,169.7252197265625,0,50.628425598144531,23.61656379699707,0.086150392889976501,6.8893814386683516E-06,0,0,0.37533414363861084,1.0098291635513306,1.1046066284179688,0.90508657693862915,0.83979010581970215,4.8008623123168945,0,0,0,0
73,180,635040,24.134969711303711,0,3.5989301204681396,116.02332305908203,156.92245483398438,0,55.215602874755859,23.004222869873047,0.08736005425453186,5.183983464718267E-09,0,0,0.017710685729980469,1.1123334169387817,1.1046066284179688,0.90508657693862915,0.83979010581970215,4.8008623123168945,0,0,0,0
73,210,635760,20.481449127197266,0,3.5847334861755371,112.11927795410156,144.44038391113281,0,62.07647705078125,21.825422286987305,0.088546507060527802,8.1570320276114217E-08,0,0,-0.26067572832107544,1.1921261548995972,1.1046066284179688,0.90508657693862915,0.83979010581970215,4.8008623123168945,0,0,0,0
73,240,636480,13.297406196594238,0,3.6168022155761719,109.09251403808594,133.5518798828125,0,74.614021301269531,18.633600234985352,0.089689210057258606,2.0980140106985345E-05,0,0,-0.42000153660774231,1.1814868450164795,1.1046066284179688,0.90508657693862915,5.0097661018371582,4.8008623123168945,0,0,1,0
73,270,637200,3.7511065006256104,0,3.6319034099578857,107.76297760009766,123.13993835449219,0,82.837615966796875,15.527680397033691,0.09084445983171463,9.8557495498141634E-11,0,0,-0.88668346405029297,1.1257219314575195,1.1046066284179688,0.90508657693862915,0.83979010581970215,4.8008623123168945,0,0,0,0
73,300,637920,-4.3869976997375488,0.10195595026016235,3.6724483966827393,108.32743835449219,115.85496520996094,4.3076686859130859,81.721214294433594,14.461215972900391,0.089703470468521118,0.0010328702628612518,0,0,-1.2725228071212769,1.0796172618865967,1.1046066284179688,0.90508657693862915,0.83979010581970215,4.8008623123168945,0,0,0,0
73,330,638640,-9.2102184295654297,0.031269855797290802,3.7631065845489502,108.33744049072266,109.78581237792969,27.14923095703125,66.597259521484375,25.626514434814453,0.087578162550926208,0.00075376214226707816,0,0,-1.1713289022445679,1.0925071239471436,1.1046066284179688,0.90508657693862915,0.83979010581970215,4.8008623123168945,0,0,0,0
73,360,639360,-9.264286994934082,0.3517765998840332,3.6644618511199951,105.01800537109375,105.07084655761719,122.43608093261719,51.405845642089844,34.471321105957031,0.08677489310503006,0.0086565306410193443,0,0,0.2588132917881012,1.8075028657913208,1.3706318140029907,1.0329227447509766,1.1463451385498047,9.5197563171386719,0,0,0,0
73,365,639480,-8.9924201965332031,1.1610274314880371,3.6642236709594727,104.35124969482422,104.42375183105469,155.46237182617188,49.292728424072266,35.416248321533203,0.086643971502780914,0.0016869293758645654,0,0,0.59034192562103271,1.9339895248413086,1.4198957681655884,1.0565961599349976,1.2031146287918091,10.393625259399414,0,0,0,0
74,30,640200,-6.9090948104858398,0.53305590152740479,3.6407110691070557,102.09449005126953,99.417839050292969,363.45339965820312,38.482139587402344,38.488243103027344,0.085887320339679718,0.00023445722763426602,0,0,0.87862229347229004,1.9471418857574463,1.4198957681655884,1.0565961599349976,1.2031146287918091,10.393625259399414,0,0,0,0
74,60,640920,-2.284982442855835,0.7723575234413147,3.9860117435455322,114.70709991455078,107.19058227539062,454.20068359375,32.294414520263672,35.544902801513672,0.083314485847949982,2.5368103706568945E-06,0,0,0.6365128755569458,1.9978576898574829,1.5380997657775879,1.0565961599349976,1.2031146287918091,10.393625259399414,0,0,0,0
74,90,641640,6.5470056533813477,0.48862171173095703,5.5945091247558594,146.78096008300781,196.83938598632812,114.06346893310547,31.840444564819336,28.293127059936523,0.082098029553890228,3.1553256121696904E-05,0,0,0.2975597083568573,2.0688598155975342,1.4198957681655884,1.0565961599349976,1.2031146287918091,10.393625259399414,0,0,0,0
74,120,642360,15.283451080322266,0.37033727765083313,4.4901785850524902,140.46586608886719,196.90390014648438,0,41.185104370117188,22.893245697021484,0.083723321557044983,1.8837554307538085E-05,0,0,0.085248440504074097,2.1133339405059814,1.4198957681655884,1.0565961599349976,1.2031146287918091,10.393625259399414,0,0,0,0
74,150,643080,22.020078659057617,0.054050758481025696,3.9239895343780518,134.65127563476562,190.79901123046875,0,51.737621307373047,19.412349700927734,0.085332363843917847,7.2930824046579801E-08,0,0,0.20757636427879333,2.1143085956573486,1.4198957681655884,1.0565961599349976,1.2031146287918091,10.393625259399414,0,0,0,0
74,180,643800,24.992790222167969,0,3.7388484477996826,131.99508666992188,180.4871826171875,0,57.459331512451172,18.970060348510742,0.086699701845645905,0.00034417107235640287,0,0,0.56455779075622559,2.1126136779785156,1.4198957681655884,1.0565961599349976,1.2031146287918091,10.393625259399414,0,0,0,0
74,210,644520,21.252693176269531,0.068226516246795654,4.0069169998168945,128.25666809082031,169.24662780761719,0,62.780895233154297,18.77667236328125,0.087858349084854126,0.0011457073269411922,0,0,0.84244430065155029,2.1112940311431885,1.4198957681655884,1.0565961599349976,1.2031146287918091,10.393625259399414,0,0,0,0
74,240,645240,15.602055549621582,0,3.7231500148773193,127.62124633789062,162.634033203125,0,72.450881958007812,16.680519104003906,0.088983125984668732,0.0029450333677232265,0,0,0.62995100021362305,2.0816185474395752,1.4198957681655884,1.0565961599349976,1.2031146287918091,10.393625259399414,0,0,0,0
74,270,645960,5.8636326789855957,0,3.7332043647766113,125.62313842773438,156.33238220214844,0,82.107734680175781,13.877650260925293,0.090060442686080933,0.0047495509497821331,0,0,-0.15479335188865662,1.9820599555969238,1.5959820747375488,1.0565961599349976,1.2031146287918091,10.393625259399414,0,0,0,1
74,300,646680,-2.9767494201660156,0.0094313332810997963,3.7856209278106689,124.30428314208984,152.87425231933594,14.006695747375488,82.842041015625,12.005143165588379,0.089771345257759094,0.0027165957726538181,0,0,-0.80359792709350586,1.8997477293014526,1.4198957681655884,1.0565961599349976,1.2031146287918091,10.393625259399414,0,0,0,0
74,330,647400,-8.0023269653320312,1.0548602342605591,3.7595126628875732,117.94035339355469,148.14692687988281,99.904251098632812,69.677734375,22.133142471313477,0.08710113912820816,0.0018599991453811526,0,0,-0.55266261100769043,1.901248574256897,1.4198957681655884,1.0565961599349976,1.2031146287918091,10.393625259399414,0,0,0,0
74,360,648120,-8.5607442855834961,0.15653921663761139,3.7127180099487305,112.50365447998047,140.85488891601562,227.12344360351562,54.208168029785156,32.131385803222656,0.086294561624526978,0.0011598364217206836,0,0,0.93809652328491211,1.3065081834793091,1.1274843215942383,0.79002523422241211,1.0062193870544434,5.6381878852844238,0,0,0,0
74,365,648240,-8.4002952575683594,0.12636055052280426,3.7141349315643311,111.94446563720703,139.34365844726562,246.053955078125,52.000495910644531,33.283950805664062,0.086164548993110657,5.6145023563658469E-07,0,0,1.035504937171936,1.2112687826156616,1.0733339786529541,0.74066025018692017,0.9697573184967041,4.7575511932373047,0,0,0,0
75,30,648960,-5.9937925338745117,0.74351745843887329,3.6884398460388184,109.99355316162109,129.87069702148438,366.19808959960938,40.952674865722656,37.182491302490234,0.085357345640659332,0.00049937260337173939,0,0,1.0555144548416138,1.247353196144104,1.0733339786529541,0.74066025018692017,0.9697573184967041,4.7575511932373047,0,0,0,0
75,60,649680,-0.54893749952316284,0.27825084328651428,4.0582351684570312,121.60372161865234,135.83238220214844,352.60610961914062,35.965244293212891,34.363433837890625,0.082168169319629669,0.0011953820940107107,0,0,1.1515039205551147,1.1752111911773682,1.0733339786529541,0.74066025018692017,0.9697573184967041,4.7575511932373047,0,0,0,0
75,90,650400,9.6735935211181641,0.013351605273783207,4.2647147178649902,142.74562072753906,197.154296875,17.148168563842773,37.017066955566406,27.583478927612305,0.082436598837375641,0.0012767462758347392,0,0,1.2858890295028687,1.0742125511169434,1.0733339786529541,0.74066025018692017,0.9697573184967041,4.7575511932373047,0,0,0,0
75,120,651120,18.520778656005859,0,3.7622466087341309,131.11079406738281,190.3546142578125,0,48.573665618896484,23.043912887573242,0.084069475531578064,0.0035155885852873325,0,0,1.370064377784729,1.0109497308731079,1.0780634880065918,0.74066025018692017,5.5,4.7575511932373047,0,0,1,0
75,150,651840,24.061487197875977,0,3.6528828144073486,125.35953521728516,175.57234191894531,0,56.833656311035156,21.084362030029297,0.085719488561153412,0.0021626371890306473,0,0,1.2226403951644897,1.0442104339599609,1.0733339786529541,0.74066025018692017,0.9697573184967041,4.7575511932373047,0,0,0,0
75,180,652560,24.438676834106445,0.024557603523135185,3.7231297492980957,119.15380859375,162.27177429199219,0,60.491306304931641,21.580251693725586,0.086896851658821106,0.0020582734141498804,0,0,0.80930614471435547,1.1418172121047974,1.0733339786529541,0.74066025018692017,0.9697573184967041,4.7575511932373047,0,0,0,0
75,210,653280,21.253236770629883,0,3.595529317855835,113.75653839111328,150.00912475585938,0,66.554580688476562,21.205259323120117,0.088037192821502686,5.7058587117353454E-05,0,0,0.48755249381065369,1.2177976369857788,1.0733339786529541,0.74066025018692017,0.9697573184967041,4.7575511932373047,0,0,0,0
75,240,654000,14.270637512207031,0,3.6141736507415771,110.54944610595703,139.2208251953125,0,77.098152160644531,18.925064086914062,0.089178353548049927,0.00015495291154365987,0,0,0.53341877460479736,1.1949722766876221,1.0733339786529541,0.74066025018692017,0.9697573184967041,4.7575511932373047,0,0,0,0
75,270,654720,5.4254589080810547,0,3.6323709487915039,108.57566070556641,128.79460144042969,0,86.91925048828125,15.800336837768555,0.090309835970401764,1.77395068021724E-05,0,0,0.76826214790344238,1.0991424322128296,1.0733339786529541,0.74066025018692017,0.9697573184967041,4.7575511932373047,0,0,0,0
75,300,655440,-1.8155972957611084,0,3.6519098281860352,108.71903991699219,120.75388336181641,0.14230185747146606,87.687782287597656,13.446475028991699,0.090551786124706268,1.3034792573307641E-05,0,0,0.96242403984069824,1.0199130773544312,1.0733339786529541,0.74066025018692017,0.9697573184967041,4.7575511932373047,0,0,0,0
75,330,656160,-6.9987273216247559,0.030946727842092514,3.6876158714294434,109.51676177978516,113.78433990478516,17.601051330566406,77.3914794921875,20.844816207885742,0.087045677006244659,4.0556309954808967E-07,0,0,0.99161124229431152,1.0550516843795776,1.0733339786529541,0.74066025018692017,0.9697573184967041,4.7575511932373047,0,0,0,0
75,360,656880,-8.3962030410766602,0.055189810693264008,3.679678201675415,106.98393249511719,107.90529632568359,64.962020874023438,60.57635498046875,32.363445281982422,0.086199477314949036,0.00020479180966503918,0,0,1.1469060182571411,1.0621587038040161,1.4383974075317383,0.93375569581985474,0.89942634105682373,9.0594968795776367,0,0,0,0
75,365,657000,-8.3168487548828125,0.12330343574285507,3.6756589412689209,106.40603637695312,107.05606079101562,82.801445007324219,58.123691558837891,33.756397247314453,0.086069449782371521,0.0086974948644638062,0,0,1.2436330318450928,1.0415427684783936,1.5060017108917236,0.96951413154602051,0.88640207052230835,9.8561534881591797,0,0,0,0
76,30,657720,-6.3103971481323242,0.26718395948410034,3.6161503791809082,103.66569519042969,102.50446319580078,166.77851867675781,45.456813812255859,38.871047973632812,0.085281454026699066,0.0054714553989470005,0,0,1.3943221569061279,1.0438994169235229,1.5060017108917236,0.96951413154602051,0.88640207052230835,9.8561534881591797,0,0,0,0
76,60,658440,-1.4177180528640747,0.66391652822494507,4.1255073547363281,112.79695892333984,104.17436218261719,201.47848510742188,39.5989990234375,37.246414184570312,0.082282178103923798,0.0037882833275943995,0,0,1.3201156854629517,0.99132061004638672,1.5060017108917236,0.96951413154602051,0.88640207052230835,9.8561534881591797,0,0,0,0
76,90,659160,8.4215621948242188,0.0013130840379744768,4.147432804107666,126.15209197998047,171.33355712890625,24.55955696105957,41.395961761474609,31.00651741027832,0.081958301365375519,0.0047132098115980625,0,0,1.2162266969680786,0.91771024465560913,1.5060017108917236,0.96951413154602051,0.88640207052230835,9.8561534881591797,0,0,0,0
76,120,659880,17.25550651550293,0,3.7127716541290283,121.00420379638672,160.12855529785156,0,52.925174713134766,25.864028930664062,0.083681285381317139,0.00047055864706635475,0,0,1.1511533260345459,0.87160271406173706,1.5060017108917236,0.96951413154602051,0.88640207052230835,9.8561534881591797,0,0,0,0
76,150,660600,23.128252029418945,0,3.5901877880096436,116.11879730224609,148.17207336425781,0,61.195976257324219,23.276412963867188,0.085424870252609253,0.00018431583885103464,0,0,0.93977886438369751,0.88129574060440063,1.5060017108917236,0.96951413154602051,0.88640207052230835,9.8561534881591797,0,0,0,0
76,180,661320,24.436809539794922,0,3.5377039909362793,111.71007537841797,136.53451538085938,0,65.014533996582031,23.570735931396484,0.086655557155609131,2.6712456246968941E-07,0,0,0.36541271209716797,0.91246175765991211,1.5060017108917236,0.96951413154602051,0.88640207052230835,9.8561534881591797,0,0,0,0
76,210,662040,21.059686660766602,0,3.5417811870574951,107.03412628173828,126.97998046875,0,70.83367919921875,23.134103775024414,0.087875477969646454,1.551478135297657E-06,0,0,-0.081693530082702637,0.93672245740890503,1.5060017108917236,0.96951413154602051,0.88640207052230835,9.8561534881591797,0,0,0,0
76,240,662760,17.989297866821289,0,3.5556471347808838,103.91079711914062,117.75284576416016,0,82.768836975097656,20.048833847045898,0.089073978364467621,3.6254396036383696E-06,0,0,3.1780304908752441,0.9481167197227478,1.5060017108917236,0.96951413154602051,0.88640207052230835,9.8561534881591797,1,0,0,0
76,270,663480,5.8558568954467773,0,3.5259230136871338,101.85153198242188,109.44957733154297,0,92.288246154785156,16.733177185058594,0.090260721743106842,0.00034103277721442282,0,0,0.25134077668190002,0.98040348291397095,1.5060017108917236,0.96951413154602051,0.88640207052230835,9.8561534881591797,0,0,0,0
76,300,664200,-1.4720077514648438,0,3.5696461200714111,101.67764282226562,103.71821594238281,0.087449423968791962,93.630592346191406,14.159586906433105,0.090757101774215698,0.00036517376429401338,0,0,0.48479044437408447,1.0070972442626953,1.5060017108917236,0.96951413154602051,0.88640207052230835,9.8561534881591797,0,0,0,0
76,330,664920,-6.7331185340881348,0.0060310591943562031,3.6241898536682129,101.83149719238281,100.10122680664062,6.9747195243835449,83.330528259277344,21.273895263671875,0.087189257144927979,0.0041647939942777157,0,0,0.66261327266693115,1.0162999629974365,1.5060017108917236,0.96951413154602051,0.88640207052230835,9.8561534881591797,0,0,0,0
76,360,665640,-14.243995666503906,0.20224304497241974,3.634638786315918,99.926673889160156,95.444961547851562,69.675605773925781,65.244209289550781,33.842342376708984,0.086337491869926453,0.0050103273242712021,0,0,-4.3459434509277344,1.0009933710098267,0.98806387186050415,0.83235430717468262,0.95019274950027466,3.3547611236572266,0,0,0,0
76,365,665760,-15.043661117553711,0.19761686027050018,3.6292815208435059,99.731521606445312,94.449417114257812,88.724105834960938,62.495395660400391,35.399261474609375,0.086207084357738495,0.00064625719096511602,0,0,-5.5361728668212891,0.99408638477325439,0.89214944839477539,0.80695432424545288,0.9620058536529541,2.1507997512817383,0,0,0,0
77,30,666480,-12.665655136108398,0.26211810111999512,3.5047228336334229,98.232742309570312,89.373245239257812,232.36654663085938,48.440940856933594,41.642204284667969,0.08544158935546875,0.00012394078657962382,0,0,-5.827728271484375,0.98979657888412476,0.89214944839477539,0.80695432424545288,0.9620058536529541,2.1507999897003174,0,0,0,0
77,60,667200,-6.6491847038269043,0.26519304513931274,3.3499386310577393,97.210433959960938,84.354438781738281,365.89462280273438,37.65496826171875,43.714080810546875,0.08470848947763443,4.4180177383168484E-07,0,0,-5.0973038673400879,0.93930858373641968,0.89214944839477539,0.80695432424545288,0.9620058536529541,2.1507999897003174,0,0,0,0
77,90,667920,2.1695849895477295,0.081376604735851288,4.2509365081787109,129.4080810546875,131.85664367675781,257.51119995117188,33.791576385498047,38.859764099121094,0.082047164440155029,1.5299615796493526E-08,0,0,-4.0747098922729492,0.86862540245056152,0.89214944839477539,0.80695432424545288,0.9620058536529541,2.1507999897003174,0,0,0,0
77,120,668640,13.928984642028809,0,3.8243257999420166,137.00801086425781,196.28201293945312,0,40.934345245361328,31.837337493896484,0.08362993597984314,6.3023463781064493E-08,0,0,-3.4341838359832764,0.82435125112533569,0.89214944839477539,0.80695432424545288,0.9620058536529541,2.1507999897003174,0,0,0,0
77,150,669360,18.486438751220703,0.045055247843265533,3.8553745746612549,127.19860076904297,184.55862426757812,0,52.904876708984375,26.947919845581055,0.085248477756977081,5.1494084551961805E-09,0,0,-3.8513357639312744,0.85461348295211792,0.89214944839477539,0.80695432424545288,0.9620058536529541,2.1507999897003174,0,0,0,0
77,180,670080,19.338491439819336,0,3.6537866592407227,121.10369873046875,169.86274719238281,0,62.37286376953125,23.912763595581055,0.086625225841999054,0.00041122268885374069,0,0,-5.0140438079833984,0.94211459159851074,0.89214944839477539,0.80695432424545288,0.9620058536529541,2.1507999897003174,0,0,0,0
77,210,670800,14.494154930114746,0,3.6539466381072998,116.49153137207031,156.08753967285156,0,73.177276611328125,20.976036071777344,0.087747469544410706,0.0005440844688564539,0,0,-6.0017080307006836,1.0102285146713257,0.89214944839477539,0.80695432424545288,0.9620058536529541,2.1507999897003174,0,0,0,0
77,240,671520,7.5996074676513672,0,3.6747238636016846,118.21029663085938,150.00459289550781,0,83.521263122558594,17.407215118408203,0.088883392512798309,0.0020782472565770149,0,0,-5.7745513916015625,1.0124245882034302,0.89214944839477539,0.80695432424545288,0.9620058536529541,2.1507999897003174,0,0,0,0
77,270,672240,-0.58726674318313599,0,3.6807022094726562,115.63060760498047,142.79313659667969,0,86.821533203125,14.546913146972656,0.089897982776165009,0.0037294512148946524,0,0,-4.7745757102966309,1.0027840137481689,0.89214944839477539,0.80695432424545288,0.9620058536529541,2.1507999897003174,0,0,0,0
77,300,672960,-7.6547188758850098,0.0066618793644011021,3.7353842258453369,113.87371063232422,135.94371032714844,13.083589553833008,78.649833679199219,19.724798202514648,0.086607567965984344,0.00014390668366104364,0,0,-3.9478240013122559,0.99481350183486938,0.89214944839477539,0.80695432424545288,0.9620058536529541,2.1507999897003174,0,0,0,0
77,330,673680,-12.60200023651123,0.10083314776420593,3.7391612529754639,111.32548522949219,126.78794097900391,58.153594970703125,61.011829376220703,32.054954528808594,0.085788369178771973,0.00052737473743036389,0,0,-4.2276115417480469,0.99409890174865723,0.89214944839477539,0.80695432424545288,0.9620058536529541,2.1507999897003174,0,0,0,0
77,360,674400,-9.4778938293457031,0.51945507526397705,3.6986970901489258,108.79793548583984,118.22415924072266,145.89167785644531,47.349536895751953,38.822216033935547,0.085027225315570831,0.00054756773170083761,0,0,-0.22775709629058838,1.1617728471755981,0.9808686375617981,0.98105895519256592,1.0633567571640015,0.20170795917510986,0,0,0,0
77,365,674520,-8.566136360168457,0.13741113245487213,3.6990220546722412,108.42344665527344,116.89801025390625,170.63999938964844,45.402809143066406,39.505847930908203,0.084903068840503693,9.9808310949356382E-08,0,0,0.73541355133056641,1.2072175741195679,0.99729812145233154,1.0133005380630493,1.0821254253387451,-0.15923500061035156,0,0,0,0
78,30,675240,-5.6979494094848633,0.9128488302230835,3.6583571434020996,106.1807861328125,109.82337951660156,306.67620849609375,35.703826904296875,41.197475433349609,0.084107190370559692,5.5251206504181027E-05,0,0,0.7600100040435791,1.2296198606491089,0.99729812145233154,1.0133005380630493,1.0821254253387451,-0.15923500061035156,0,0,0,0
78,60,675960,0.014279189519584179,0.20120842754840851,4.0953965187072754,120.66928100585938,126.14146423339844,309.69857788085938,32.075164794921875,36.82891845703125,0.08079935610294342,0.00035344625939615071,0,0,0.7680785059928894,1.1388815641403198,0.99729812145233154,1.0133005380630493,1.0821254253387451,-0.15923500061035156,0,0,0,0
78,90,676680,9.8574800491333008,0.0024315540213137865,4.5849595069885254,141.578857421875,194.73161315917969,28.788675308227539,31.883731842041016,30.486448287963867,0.079656630754470825,0.0018562991172075272,0,0,0.77937442064285278,1.0118480920791626,0.99729812145233154,1.0133005380630493,1.0821254253387451,-0.15923500061035156,0,0,0,0
78,120,677400,18.718570709228516,0,3.7560369968414307,130.38568115234375,188.26602172851562,0,42.06939697265625,25.497282028198242,0.081370703876018524,0.0014625251060351729,0,0,0.78644990921020508,0.93227773904800415,0.99729812145233154,1.0133005380630493,1.0821254253387451,-0.15923500061035156,0,0,0,0
78,150,678120,23.710458755493164,0,3.6496284008026123,124.49431610107422,173.48478698730469,0,49.291778564453125,22.88316535949707,0.083106264472007751,0.002751488471403718,0,0,0.51076865196228027,0.93758344650268555,0.99729812145233154,1.0133005380630493,1.0821254253387451,-0.15923500061035156,0,0,0,0
78,180,678840,23.771139144897461,0,3.5799250602722168,118.24065399169922,160.40673828125,0,53.808708190917969,22.361299514770508,0.08457241952419281,0.0014566786121577024,0,0,-0.24737930297851562,0.95998555421829224,0.99729812145233154,1.0133005380630493,1.0821254253387451,-0.15923500061035156,0,0,0,0
78,210,679560,19.315160751342773,0,3.5772035121917725,113.56151580810547,148.57499694824219,0,61.732746124267578,20.939807891845703,0.085752852261066437,5.8968726079910994E-05,0,0,-0.8375476598739624,0.97742420434951782,0.99729812145233154,1.0133005380630493,1.0821254253387451,-0.15923500061035156,0,0,0,0
78,240,680280,11.74659538269043,0.0015943812904879451,3.6517722606658936,110.34812164306641,137.89547729492188,0,74.046981811523438,17.623044967651367,0.086969785392284393,0.00063191767549142241,0,0,-0.67801952362060547,0.99047654867172241,0.99729812145233154,1.0133005380630493,1.0821254253387451,-0.15923500061035156,0,0,0,0
78,270,681000,3.6711745262145996,0,3.6313939094543457,108.86488342285156,127.81325531005859,0,81.553520202636719,14.691388130187988,0.088179916143417358,1.7860558727988973E-05,0,0,0.0065308213233947754,1.0300502777099609,0.99729812145233154,1.0133005380630493,1.0821254253387451,-0.15923500061035156,0,0,0,0
78,300,681720,-3.2806508541107178,0,3.6947872638702393,109.62255096435547,120.37078857421875,3.1722757816314697,80.910179138183594,13.090568542480469,0.08760080486536026,5.2939385568606667E-06,0,0,0.5724976658821106,1.062768816947937,0.99729812145233154,1.0133005380630493,1.0821254253387451,-0.15923500061035156,0,0,0,0
78,330,682440,-7.8260746002197266,0.017738228663802147,3.7100214958190918,109.6873779296875,113.45120239257812,25.507431030273438,68.248664855957031,22.409429550170898,0.084878966212272644,7.8406543480014079E-07,0,0,0.64691692590713501,1.095794677734375,0.99729812145233154,1.0133005380630493,1.0821254253387451,-0.15923500061035156,0,0,0,0
78,360,683160,-14.353504180908203,0.22282125055789948,3.6683969497680664,106.83744049072266,107.67371368408203,122.76525115966797,53.084911346435547,32.154354095458984,0.084134973585605621,0.00027092633536085486,0,0,-4.5912933349609375,1.1969045400619507,0.96503448486328125,0.90871536731719971,0.98592424392700195,-0.40991801023483276,0,0,0,0
78,365,683280,-15.151298522949219,0.6908944845199585,3.6674923896789551,106.27964782714844,106.87876129150391,149.5570068359375,50.900394439697266,33.265079498291016,0.084013104438781738,0.0043068849481642246,0,0,-5.8073477745056152,1.2172566652297974,0.95905971527099609,0.88934773206710815,0.96810925006866455,-0.45634078979492188,0,0,0,0
79,30,684000,-12.658041954040527,0.87503761053085327,3.6695988178253174,103.29763793945312,102.11430358886719,348.35208129882812,39.556930541992188,37.365238189697266,0.083297684788703918,0.002781309187412262,0,0,-6.2404413223266602,1.2515387535095215,0.95905971527099609,0.88934773206710815,0.96810925006866455,-0.45634078979492188,0,0,0,0
79,60,684720,-6.6065592765808105,0.87230193614959717,3.6649246215820312,101.67384338378906,97.160362243652344,478.77584838867188,30.835020065307617,37.929904937744141,0.082615509629249573,0.0017530113691464067,0,0,-5.631657600402832,1.1724834442138672,0.95905971527099609,0.88934773206710815,0.96810925006866455,-0.45634078979492188,0,0,0,0
79,90,685440,2.0639111995697021,0.28626963496208191,4.4919533729553223,137.48887634277344,146.82342529296875,308.89120483398438,27.274669647216797,33.06646728515625,0.080057568848133087,0.00069818453630432487,0,0,-4.7793607711791992,1.0618058443069458,0.95905971527099609,0.88934773206710815,0.96810925006866455,-0.45634078979492188,0,0,0,0
79,120,686160,13.528960227966309,0,3.8308045864105225,140.14530944824219,197.72787475585938,0,33.420417785644531,26.949977874755859,0.081680901348590851,5.2978295570937917E-05,0,0,-4.2455048561096191,0.99248045682907104,0.95905971527099609,0.88934773206710815,0.96810925006866455,-0.45634078979492188,0,0,0,0
79,150,686880,18.946645736694336,0,3.7431495189666748,129.64910888671875,188.39122009277344,0,44.742687225341797,22.739608764648438,0.083345368504524231,1.8994293213836499E-06,0,0,-4.3762927055358887,1.0302939414978027,0.95905971527099609,0.88934773206710815,0.96810925006866455,-0.45634078979492188,0,0,0,0
79,180,687600,19.356870651245117,0,3.689157247543335,124.84734344482422,173.24380493164062,0,54.111690521240234,20.173267364501953,0.084786251187324524,9.728177246870473E-06,0,0,-4.7881369590759277,1.1410062313079834,0.95905971527099609,0.88934773206710815,0.96810925006866455,-0.45634078979492188,0,0,0,0
79,210,688320,15.11884880065918,0,3.6792099475860596,119.59221649169922,161.10697937011719,0,65.211189270019531,17.46312141418457,0.08596348762512207,5.540116490010405E-06,0,0,-5.1087307929992676,1.2271883487701416,0.95905971527099609,0.88934773206710815,0.96810925006866455,-0.45634078979492188,0,0,0,0
79,240,689040,7.1658697128295898,0.063319727778434753,3.8717236518859863,117.05643463134766,150.26640319824219,0,76.005058288574219,14.574333190917969,0.087100103497505188,6.8929601582112809E-08,0,0,-4.9156904220581055,1.2053309679031372,0.95905971527099609,0.88934773206710815,0.96810925006866455,-0.45634078979492188,0,0,0,0
79,270,689760,-0.66081780195236206,0,3.7284047603607178,115.49530792236328,142.2791748046875,0.15698976814746857,79.362937927246094,12.183803558349609,0.088164478540420532,8.2928899303169601E-08,0,0,-4.1857471466064453,1.1102074384689331,0.95905971527099609,0.88934773206710815,0.96810925006866455,-0.45634078979492188,0,0,0,0
79,300,690480,-7.6666584014892578,0.0077753062359988689,3.7491071224212646,113.85182952880859,135.93983459472656,13.516074180603027,71.751068115234375,17.363386154174805,0.08501598984003067,1.3201937690610066E-05,0,0,-3.5822505950927734,1.0315620899200439,0.95905971527099609,0.88934773206710815,0.96810925006866455,-0.45634078979492188,0,0,0,0
79,330,691200,-12.615626335144043,0.091733291745185852,3.7360024452209473,111.32796478271484,126.78813934326172,60.616386413574219,55.755645751953125,28.770339965820312,0.084195412695407867,0.0018732333555817604,0,0,-4.0131731033325195,1.0655375719070435,0.95905971527099609,0.88934773206710815,0.96810925006866455,-0.45634078979492188,0,0,0,0
79,360,691920,-9.5667724609375,0.17680838704109192,3.7021610736846924,109.09866333007812,118.39649963378906,165.44882202148438,42.851531982421875,34.811359405517578,0.083469152450561523,0.0033122322056442499,0,0,-0.22982573509216309,1.0612796545028687,0.82635706663131714,1.0381302833557129,0.9460340142250061,4.7932572364807129,0,0,0,0
79,365,692040,-8.8891448974609375,0.11886255443096161,3.6986672878265381,108.75547027587891,117.03800964355469,180.5562744140625,41.088787078857422,35.446609497070312,0.083350777626037598,0.00012986076762899756,0,0,0.62055528163909912,1.0365030765533447,0.80178248882293701,1.0656825304031372,0.94194602966308594,5.7654051780700684,0,0,0,0
80,30,692760,-6.8562474250793457,0.2023969292640686,3.6946806907653809,106.14376068115234,109.71779632568359,285.51657104492188,32.063030242919922,37.340518951416016,0.082664117217063904,7.0030204369686544E-05,0,0,0.35102123022079468,1.0334316492080688,0.80178248882293701,1.0656825304031372,0.94194602966308594,5.7654051780700684,0,0,0,0
80,60,693480,-1.4017847776412964,0.12159141898155212,3.8086860179901123,112.20872497558594,111.5615234375,317.3074951171875,27.641984939575195,34.693313598632812,0.080084353685379028,1.0955808704693482E-07,0,0,0.61539113521575928,0.98545277118682861,0.80178248882293701,1.0656825304031372,0.94194602966308594,5.7654051780700684,0,0,0,0
80,90,694200,9.1143608093261719,0.00074055255390703678,4.4332818984985352,137.98294067382812,193.23384094238281,22.162290573120117,28.202901840209961,28.356269836425781,0.079958461225032806,2.8139300411567092E-05,0,0,0.98550897836685181,0.91828221082687378,0.80178248882293701,1.0656825304031372,0.94194602966308594,5.7654051780700684,0,0,0,0
80,120,694920,18.013294219970703,0,3.7763469219207764,128.08535766601562,185.00729370117188,0,37.904075622558594,23.681373596191406,0.081658080220222473,3.5128202853229595E-06,0,0,1.2173409461975098,0.87620836496353149,0.80178248882293701,1.0656825304031372,0.94194602966308594,5.7654051780700684,0,0,0,0
80,150,695640,23.782125473022461,0,3.6585829257965088,122.00817108154297,170.08522033691406,0,45.210338592529297,21.226478576660156,0.083355262875556946,1.1741897232298015E-08,0,0,1.0839037895202637,0.92735010385513306,0.80178248882293701,1.0656825304031372,0.94194602966308594,5.7654051780700684,0,0,0,0
80,180,696360,24.850780487060547,0,3.5905773639678955,117.06111907958984,156.12521362304688,0,48.895526885986328,20.873960494995117,0.08460090309381485,0.00017457119247410446,0,0,0.69447946548461914,1.072002649307251,0.80178248882293701,1.0656825304031372,0.94194602966308594,5.7654051780700684,0,0,0,0
80,210,697080,21.31810188293457,0,3.5717959403991699,117.04528045654297,149.60952758789062,0,53.263214111328125,20.716073989868164,0.085793852806091309,0.00078344217035919428,0,0,0.39133816957473755,1.1846050024032593,0.80178248882293701,1.0656825304031372,0.94194602966308594,5.7654051780700684,0,0,0,0
80,240,697800,14.519679069519043,0,3.6116800308227539,111.55884552001953,141.53369140625,0,65.792465209960938,17.77119255065918,0.086971156299114227,0.0028922480996698141,0,0,0.58840292692184448,1.171181321144104,0.80178248882293701,1.0656825304031372,0.94194602966308594,5.7654051780700684,0,0,0,0
80,270,698520,6.1953392028808594,0.04311852902173996,3.6753439903259277,108.99405670166016,131.52951049804688,0,75.364089965820312,14.828855514526367,0.088166780769824982,0.003164931433275342,0,0,1.3275297880172729,1.0978403091430664,0.80178248882293701,1.0656825304031372,0.94194602966308594,5.7654051780700684,0,0,0,0
80,300,699240,-0.65893137454986572,0,3.6375617980957031,108.16190338134766,123.08833312988281,0.00034373177913948894,76.837448120117188,12.433102607727051,0.089020431041717529,0.00033123057801276445,0,0,1.9386188983917236,1.0372039079666138,0.80178248882293701,1.0656825304031372,0.94194602966308594,5.7654051780700684,0,0,0,0
80,330,699960,-6.1129121780395508,0.0059961387887597084,3.6763458251953125,108.95896148681641,116.73131561279297,9.3183183670043945,70.518692016601562,16.321199417114258,0.085331402719020844,0.0014399745268747211,0,0,1.701174259185791,1.0327945947647095,0.80178248882293701,1.0656825304031372,0.94194602966308594,5.7654051780700684,0,0,0,0
80,360,700680,-10.377626419067383,0.10987464338541031,3.6895501613616943,106.89337158203125,110.64625549316406,65.220565795898438,55.776565551757812,27.031013488769531,0.084385357797145844,0.00014422924141399562,0,0,-0.75457435846328735,1.09354567527771,0.82781130075454712,0.99878144264221191,0.98859667778015137,2.2405471801757812,0,0,0,0
80,365,700800,-10.572432518005371,0.17221090197563171,3.6818985939025879,106.28638458251953,109.82398986816406,78.928733825683594,53.481285095214844,28.45244026184082,0.084261715412139893,1.5168805589382828E-07,0,0,-1.1649539470672607,1.1111873388290405,0.83263146877288818,0.9863923192024231,0.99723565578460693,1.5877957344055176,0,0,0,0
81,30,701520,-8.1281509399414062,0.23536704480648041,3.6840708255767822,102.9407958984375,105.12706756591797,219.33334350585938,41.480873107910156,34.129493713378906,0.08353666216135025,1.2142108118951001E-07,0,0,-1.4157501459121704,1.1220955848693848,0.83263146877288818,0.9863923192024231,0.99723565578460693,1.5877959728240967,0,0,0,0
81,60,702240,-2.4926109313964844,0.2995244562625885,3.7492592334747314,106.58338928222656,101.05429077148438,328.925537109375,34.504451751708984,34.271163940429688,0.081529185175895691,0.00037740409607067704,0,0,-1.1696679592132568,1.0783662796020508,0.83263146877288818,0.9863923192024231,0.99723565578460693,1.5877959728240967,0,0,0,0
81,90,702960,7.811305046081543,0.023383457213640213,4.5472397804260254,141.44386291503906,191.21376037597656,44.028785705566406,34.414890289306641,28.553400039672852,0.080563269555568695,0.00054418842773884535,0,0,-0.82515305280685425,1.0171453952789307,0.83263146877288818,0.9863923192024231,0.99723565578460693,1.5877959728240967,0,0,0,0
81,120,703680,17.062137603759766,0,3.7763845920562744,130.92137145996094,188.61976623535156,0,45.694526672363281,23.831642150878906,0.082243099808692932,0.00046665853005833924,0,0,-0.60935801267623901,0.97879815101623535,0.83263146877288818,0.9863923192024231,0.99723565578460693,1.5877959728240967,0,0,0,0
81,150,704400,22.649829864501953,0,3.6633625030517578,125.28083038330078,174.20277404785156,0,54.937656402587891,21.140254974365234,0.083902850747108459,0.0010814388515427709,0,0,-0.46297675371170044,1.0448848009109497,0.83263146877288818,0.9863923192024231,0.99723565578460693,1.5877959728240967,0,0,0,0
81,180,705120,24.041971206665039,0,3.6043317317962646,119.20073699951172,161.24726867675781,0,59.909065246582031,21.075828552246094,0.085089512169361115,0.00040844673640094697,0,0,-0.082004666328430176,1.2302329540252686,0.83263146877288818,0.9863923192024231,0.99723565578460693,1.5877959728240967,0,0,0,0
81,210,705840,20.617637634277344,0,3.5972366333007812,114.68756866455078,149.8897705078125,0,66.741844177246094,20.392860412597656,0.086264163255691528,1.2672984439632273E-06,0,0,0.21455705165863037,1.374514102935791,0.83263146877288818,0.9863923192024231,0.99723565578460693,1.5877959728240967,0,0,0,0
81,240,706560,13.369867324829102,0,3.6135106086730957,111.14112854003906,140.7833251953125,0,78.872032165527344,17.389019012451172,0.087445862591266632,5.3929383284412324E-05,0,0,0.21978062391281128,1.3388943672180176,0.83263146877288818,0.9863923192024231,0.99723565578460693,1.5877959728240967,0,0,0,0
81,270,707280,4.1204299926757812,0,3.6660330295562744,110.1754150390625,131.3128662109375,0,87.153511047363281,14.468901634216309,0.088629424571990967,6.1616410675924271E-05,0,0,0.16320621967315674,1.1829186677932739,0.83263146877288818,0.9863923192024231,0.99723565578460693,1.5877959728240967,0,0,0,0
81,300,708000,-3.2188835144042969,0,3.6690132617950439,109.76036834716797,124.06624603271484,0.62173694372177124,86.897293090820312,13.038982391357422,0.087948143482208252,5.8906183967102899E-13,0,0,0.1164320707321167,1.0539623498916626,0.92863798141479492,0.9863923192024231,0.99723565578460693,1.5877959728240967,0,0,0,1
81,330,708720,-8.5119447708129883,0.020851306617259979,3.7251386642456055,109.71825408935547,117.02126312255859,26.518650054931641,72.913642883300781,23.731220245361328,0.085323870182037354,2.4070840254353243E-07,0,0,-0.15943077206611633,1.057075023651123,0.83263146877288818,0.9863923192024231,0.99723565578460693,1.5877959728240967,0,0,0,0
81,360,709440,-4.9250650405883789,0.014822900295257568,3.6560726165771484,107.29304504394531,110.05878448486328,80.510772705078125,57.009967803955078,34.140132904052734,0.08453909307718277,9.1425178538884211E-08,0,0,4.38189697265625,1.0132292509078979,0.8173142671585083,1.0074485540390015,1.0929903984069824,2.4769017696380615,0,0,0,0
81,365,709560,-4.088961124420166,0.06148562952876091,3.6760294437408447,107.25385284423828,109.27006530761719,88.759414672851562,55.484989166259766,34.594490051269531,0.084162108600139618,0.0031212836038321257,0,0,5.328829288482666,0.99816471338272095,0.81447774171829224,1.0113478899002075,1.1107227802276611,2.6415510177612305,0,0,0,0
82,30,710280,-1.5593746900558472,0.075934238731861115,3.7361745834350586,109.02190399169922,107.95235443115234,134.57759094238281,46.757240295410156,35.924800872802734,0.081789471209049225,0.0011768346885219216,0,0,5.1937618255615234,0.99968105554580688,0.81447774171829224,1.0113478899002075,1.1107227802276611,2.6415510177612305,0,0,0,0
82,60,711000,5.0432381629943848,0.0095811765640974045,3.9456839561462402,125.48537445068359,151.13734436035156,19.284921646118164,46.606128692626953,30.180322647094727,0.080666504800319672,0.001786651904694736,0,0,4.987856388092041,0.97364848852157593,0.81447774171829224,1.0113478899002075,1.1107227802276611,2.6415510177612305,0,0,0,0
82,90,711720,13.785362243652344,0.077727392315864563,3.798403263092041,121.10199737548828,155.24528503417969,0,52.114128112792969,25.149612426757812,0.082409784197807312,0.00024657545145601034,0,0,4.528928279876709,0.93720293045043945,0.81447774171829224,1.0113478899002075,1.1107227802276611,2.6415510177612305,0,0,0,0
82,120,712440,21.79510498046875,0,3.617002010345459,116.04098510742188,146.48080444335938,0,61.945510864257812,21.389890670776367,0.084158509969711304,1.5069312553350755E-07,0,0,4.5190258026123047,0.91437435150146484,0.81447774171829224,1.0113478899002075,1.1107227802276611,2.6415510177612305,0,0,0,0
82,150,713160,27.698055267333984,0,3.571568489074707,111.89914703369141,135.5849609375,0,64.865119934082031,21.905841827392578,0.085432335734367371,1.7720734831527807E-05,0,0,4.9154791831970215,0.94270420074462891,0.81447774171829224,1.0113478899002075,1.1107227802276611,2.6415510177612305,0,0,0,0
82,180,713880,29.976863861083984,0,3.4831891059875488,107.54883575439453,125.80760192871094,0,62.775196075439453,25.22260856628418,0.08668111264705658,1.8070588081453565E-10,0,0,6.0225152969360352,1.0227872133255005,0.81447774171829224,1.0113478899002075,1.1107227802276611,2.6415510177612305,0,0,0,0
82,210,714600,30.221635818481445,0,3.4726071357727051,103.80841064453125,117.14970397949219,0,60.324642181396484,28.231513977050781,0.087904654443264008,5.0086551794947809E-08,0,0,10.195931434631348,1.085126519203186,0.81447774171829224,1.0113478899002075,1.1107227802276611,2.6415510177612305,1,0,0,0
82,240,715320,19.976612091064453,0,3.2979323863983154,100.85469818115234,109.03129577636719,0,68.361991882324219,26.240468978881836,0.089116320013999939,2.4181354696395374E-09,0,0,6.8040895462036133,1.075007438659668,0.81447774171829224,1.0113478899002075,1.1107227802276611,2.6415510177612305,0,0,0,0
82,270,716040,10.35783863067627,0,3.1294469833374023,98.250282287597656,102.577392578125,0,81.364471435546875,21.980827331542969,0.090288996696472168,3.8534252828556492E-13,0,0,6.3187112808227539,1.0253580808639526,0.81447774171829224,1.0113478899002075,1.1107227802276611,2.6415510177612305,0,0,0,0
82,300,716760,2.6258909702301025,0,3.0836176872253418,97.219184875488281,97.517845153808594,0,86.026840209960938,18.298505783081055,0.091451913118362427,1.5160797083350018E-14,0,0,5.917414665222168,0.98430931568145752,0.81447774171829224,1.0113478899002075,1.1107227802276611,2.6415510177612305,0,0,0,0
82,330,717480,-2.2253243923187256,0,3.1417937278747559,98.50579833984375,93.59228515625,0.53239232301712036,85.265609741210938,16.150182723999023,0.090054728090763092,0.0014830183936282992,0,0,5.7640161514282227,0.98437261581420898,0.81447774171829224,1.0113478899002075,1.1107227802276611,2.6415510177612305,0,0,0,0
82,360,718200,-7.9805288314819336,0.1109711155295372,3.2421514987945557,99.707733154296875,89.7840576171875,24.633949279785156,75.891838073730469,22.205595016479492,0.086184509098529816,0.0016769304638728499,0,0,1.5287308692932129,0.84868240356445312,0.84262233972549438,1.0500963926315308,0.96312952041625977,-3.8722867965698242,0,0,0,0
82,365,718320,-8.2401399612426758,0.051734782755374908,3.2548990249633789,99.37615966796875,89.111656188964844,29.456350326538086,72.878990173339844,24.508153915405273,0.086058028042316437,8.1850393129911936E-09,0,0,0.83643341064453125,0.82507491111755371,0.84783428907394409,1.0572720766067505,0.93579739332199097,-5.0785531997680664,0,0,0,0
83,30,719040,-4.9555549621582031,0.057610541582107544,3.0485692024230957,99.023429870605469,85.930152893066406,89.204444885253906,60.299221038818359,31.687614440917969,0.084206700325012207,4.8459005483891815E-05,0,0,0.85045558214187622,0.8298410177230835,0.84783428907394409,1.0572720766067505,0.93579739332199097,-5.0785531997680664,0,0,0,0
83,60,719760,1.0026878118515015,0.023226374760270119,3.8882191181182861,114.70121765136719,102.45661163330078,69.038902282714844,55.865745544433594,30.253192901611328,0.080797791481018066,1.8081512109802134E-07,0,0,0.4776441752910614,0.79371708631515503,0.84783428907394409,1.0572720766067505,0.93579739332199097,-5.0785531997680664,0,0,0,0
83,90,720480,10.559886932373047,0,3.7371468544006348,111.77080535888672,139.52723693847656,0,61.444366455078125,25.257696151733398,0.082128249108791351,5.8521834489511093E-08,0,0,-0.044291794300079346,0.74314367771148682,0.84783428907394409,1.0572720766067505,0.93579739332199097,-5.0785531997680664,0,0,0,0
83,120,721200,17.999118804931641,0,3.5994722843170166,108.67017364501953,128.59906005859375,0,74.421051025390625,21.140464782714844,0.084020771086215973,1.7969522332350607E-06,0,0,-0.37121856212615967,0.71146583557128906,0.84783428907394409,1.0572720766067505,0.93579739332199097,-5.0785531997680664,0,0,0,0
83,150,721920,23.153726577758789,0,3.5195109844207764,105.18800354003906,118.08066558837891,0,82.388511657714844,20.346527099609375,0.085550345480442047,1.2429902940258586E-10,0,0,-0.084822893142700195,0.73524570465087891,0.84783428907394409,1.0572720766067505,0.93579739332199097,-5.0785531997680664,0,0,0,0
83,180,722640,24.327152252197266,0,3.4867362976074219,101.21505737304688,109.35659790039062,0,82.021247863769531,24.030641555786133,0.08681168407201767,5.8705413721327204E-06,0,0,0.97866100072860718,0.80369746685028076,0.84783428907394409,1.0572720766067505,0.93579739332199097,-5.0785531997680664,0,0,0,0
83,210,723360,20.595230102539062,0,3.2571792602539062,96.972694396972656,102.07577514648438,0,87.251487731933594,24.320106506347656,0.088072754442691803,5.2344024879857898E-05,0,0,1.3717840909957886,0.85698258876800537,0.84783428907394409,1.0572720766067505,0.93579739332199097,-5.0785531997680664,0,0,0,0
83,240,724080,12.922470092773438,0,2.7379477024078369,94.175796508789062,96.325393676757812,0,100.01317596435547,20.924848556518555,0.089287489652633667,0.0020396821200847626,0,0,1.3113481998443604,0.85111463069915771,0.84783428907394409,1.0572720766067505,0.93579739332199097,-5.0785531997680664,0,0,0,0
83,270,724800,3.4203798770904541,0,2.3577094078063965,97.998649597167969,94.891220092773438,0,108.54920196533203,17.425146102905273,0.09045826643705368,0.0017980493139475584,0,0,0.94849181175231934,0.81803858280181885,0.84783428907394409,1.0572720766067505,0.93579739332199097,-5.0785531997680664,0,0,0,0
83,300,725520,-3.9825594425201416,0.12282072007656097,2.0414402484893799,96.289939880371094,90.951553344726562,0.82593530416488647,107.19675445556641,16.477174758911133,0.089353017508983612,0.0016774365212768316,0,0,0.64849233627319336,0.79069232940673828,0.84783428907394409,1.0572720766067505,0.93579739332199097,-5.0785531997680664,0,0,0,0
83,330,726240,-8.1411266326904297,0.011936512775719166,1.9689967632293701,96.588874816894531,87.481292724609375,8.8574962615966797,89.338333129882812,30.256364822387695,0.08684452623128891,0.00054363859817385674,0,0,0.66739386320114136,0.79608482122421265,0.84783428907394409,1.0572720766067505,0.93579739332199097,-5.0785531997680664,0,0,0,0
83,360,726960,-8.7604055404663086,0.071254253387451172,1.7387000322341919,95.407577514648438,83.047805786132812,54.002506256103516,69.637283325195312,43.054264068603516,0.086059063673019409,0.00039252114947885275,0,0,0.61768364906311035,0.8967815637588501,1.3925096988677979,0.95299357175827026,1.0926436185836792,-6.4007606506347656,0,0,0,0
83,365,727080,-8.4215669631958008,0.20928153395652771,1.701712965965271,95.150848388671875,82.389602661132812,70.417404174804688,66.7978515625,44.509952545166016,0.085930146276950836,1.5067518413514058E-11,0,0,0.66805106401443481,0.90434068441390991,1.4933755397796631,0.93368273973464966,1.1216892004013062,-6.6456136703491211,0,0,0,0
84,30,727800,-4.8237228393554688,0.11631117016077042,1.478191614151001,94.214363098144531,78.839385986328125,138.20120239257812,53.200550079345703,48.790950775146484,0.084932610392570496,0.000671935616992414,0,0,0.82575732469558716,0.89000952243804932,1.4933755397796631,0.93368273973464966,1.1216892004013062,-6.6456136703491211,0,0,0,0
84,60,728520,1.4384015798568726,0.046486593782901764,3.6326429843902588,115.02093505859375,104.82299041748047,100.24997711181641,49.597938537597656,43.65557861328125,0.081334494054317474,0.0013401104370132089,0,0,0.54380083084106445,0.87922561168670654,1.4933755397796631,0.93368273973464966,1.1216892004013062,-6.6456136703491211,0,0,0,0
84,90,729240,10.837960243225098,0.19564142823219299,4.0190000534057617,117.19454956054688,151.61341857910156,0.39523613452911377,54.641731262207031,36.325305938720703,0.082810558378696442,0.0033914276864379644,0,0,0.14906167984008789,0.8641282320022583,1.4933755397796631,0.93368273973464966,1.1216892004013062,-6.6456136703491211,0,0,0,0
84,120,729960,18.530570983886719,0,3.6379711627960205,113.25474548339844,142.43788146972656,0,65.895416259765625,30.33848762512207,0.084579363465309143,0.00252750632353127,0,0,-0.098192453384399414,0.85467171669006348,1.4933755397796631,0.93368273973464966,1.1216892004013062,-6.6456136703491211,0,0,0,0
84,150,730680,23.434375762939453,0,3.5428943634033203,108.51142120361328,132.51417541503906,0,72.921775817871094,27.776796340942383,0.08605203777551651,0.0036827677395194769,0,0,0.099177777767181396,0.84711301326751709,1.4933755397796631,0.93368273973464966,1.1216892004013062,-6.6456136703491211,0,0,0,0
84,180,731400,24.242485046386719,0,3.5193264484405518,108.86861419677734,125.43727874755859,0,75.802291870117188,27.928903579711914,0.087309576570987701,0.001582107157446444,0,0,0.6657789945602417,0.82727479934692383,1.7485783100128174,0.93368273973464966,1.1216892004013062,-6.6456136703491211,0,0,0,1
84,210,732120,23.780704498291016,0,3.4861040115356445,104.24665069580078,116.32035064697266,0,78.46337890625,28.327796936035156,0.08854898065328598,0.00037571150460280478,0,0,5.3271121978759766,0.81183212995529175,1.4933755397796631,0.93368273973464966,1.1216892004013062,-6.6456136703491211,1,0,0,0
84,240,732840,12.332626342773438,0,3.488553524017334,100.71398162841797,107.74693298339844,0,90.947105407714844,24.160934448242188,0.089763276278972626,0.0006439931457862258,0,0,0.96042406558990479,0.83187150955200195,1.4933755397796631,0.93368273973464966,1.1216892004013062,-6.6456136703491211,0,0,0,0
84,270,733560,2.5814089775085449,0,3.3239068984985352,102.95618438720703,103.75046539306641,0,98.817703247070312,20.125566482543945,0.090933725237846375,0.00010013858991442248,0,0,0.35729169845581055,0.90318578481674194,1.4933755397796631,0.93368273973464966,1.1216892004013062,-6.6456136703491211,0,0,0,0
84,300,734280,-5.1726746559143066,0.2300068736076355,3.1909785270690918,103.44790649414062,99.424552917480469,6.213798999786377,95.914436340332031,19.884626388549805,0.089106559753417969,1.015458337860764E-06,0,0,-0.14136099815368652,0.96214646100997925,1.4933755397796631,0.93368273973464966,1.1216892004013062,-6.6456136703491211,0,0,0,0
84,330,735000,-9.0624313354492188,0.02664584293961525,3.1464531421661377,102.3385009765625,95.211051940917969,37.433280944824219,77.157005310058594,33.783153533935547,0.087392039597034454,2.7981243988506321E-08,0,0,-0.0042171478271484375,0.95399242639541626,1.4933755397796631,0.93368273973464966,1.1216892004013062,-6.6456136703491211,0,0,0,0
84,360,735720,-8.3083791732788086,0.18654872477054596,2.8657598495483398,100.30957794189453,90.892585754394531,120.34374237060547,60.015048980712891,43.50830078125,0.086591780185699463,6.3674178818473592E-06,0,0,1.1515510082244873,1.537868857383728,0.95963996648788452,1.158414363861084,1.1766074895858765,-3.4250226020812988,0,0,0,0
84,365,735840,-8.0423707962036133,0.34883952140808105,2.8298368453979492,99.998443603515625,90.210296630859375,167.20755004882812,57.594749450683594,44.432098388671875,0.086462274193763733,0.0020984446164220572,0,0,1.2390170097351074,1.6591432094573975,0.86080002784729004,1.2000312805175781,1.1867775917053223,-2.8286168575286865,0,0,0,0
85,30,736560,-4.9461154937744141,0.71192538738250732,2.6131517887115479,98.770500183105469,86.512191772460938,341.7489013671875,45.860603332519531,46.57208251953125,0.085474103689193726,0.0029612472280859947,0,0,1.2063283920288086,1.6696542501449585,1.1424012184143066,1.2000312805175781,1.1867775917053223,-2.8286168575286865,0,0,0,1
85,60,737280,1.2266519069671631,0.55278688669204712,4.6745648384094238,131.68855285644531,142.18122863769531,301.6441650390625,42.524715423583984,40.637138366699219,0.081845350563526154,0.0013323057210072875,0,0,1.2685368061065674,1.6667661666870117,0.86080002784729004,1.2000312805175781,1.1867775917053223,-2.8286168575286865,0,0,0,0
85,90,738000,11.267622947692871,0.17460818588733673,4.2173829078674316,143.33819580078125,198.09187316894531,0,44.803581237792969,32.717784881591797,0.083132095634937286,1.7783046132535674E-05,0,0,1.3556286096572876,1.6627228260040283,0.86080002784729004,1.2000312805175781,1.1867775917053223,-2.8286168575286865,0,0,0,0
85,120,738720,18.702068328857422,0.03432580828666687,3.970782995223999,135.78678894042969,193.42291259765625,0,55.678699493408203,26.932945251464844,0.084743097424507141,0.00069937593070790172,0,0,1.4101805686950684,1.6601901054382324,1.2218694686889648,1.2000312805175781,1.1867775917053223,-2.8286168575286865,0,0,0,1
85,150,739440,25.016181945800781,0,3.7230117321014404,130.56864929199219,180.62629699707031,0,62.604427337646484,24.635869979858398,0.086287438869476318,2.5292434656876139E-05,0,0,1.5296967029571533,1.6418015956878662,0.86080002784729004,1.2000312805175781,1.1867775917053223,-2.8286168575286865,0,0,0,0
85,180,740160,25.902603149414062,0,3.636777400970459,125.60663604736328,167.94007873535156,0,65.648880004882812,25.193260192871094,0.087417416274547577,1.9963946940038113E-08,0,0,1.852710485458374,1.5915263891220093,0.86080002784729004,1.2000312805175781,1.1867775917053223,-2.8286168575286865,0,0,0,0
85,210,740880,21.986038208007812,0,3.6009731292724609,119.63978576660156,158.21846008300781,0,71.198013305664062,24.778129577636719,0.088525794446468353,4.0737745621299837E-07,0,0,2.1041555404663086,1.5523905754089355,0.86080002784729004,1.2000312805175781,1.1867775917053223,-2.8286168575286865,0,0,0,0
85,240,741600,13.796363830566406,0.0501827672123909,3.8384091854095459,118.68367767333984,150.51742553710938,0,83.841934204101562,21.297098159790039,0.08961080014705658,3.183861707611868E-08,0,0,2.0274868011474609,1.5574718713760376,0.86080002784729004,1.2000312805175781,1.1867775917053223,-2.8286168575286865,0,0,0,0
85,270,742320,4.860753059387207,0,3.683753490447998,116.70138549804688,143.63691711425781,0,93.323829650878906,17.747524261474609,0.090707167983055115,1.4705457962449486E-09,0,0,1.7065428495407104,1.5843617916107178,0.86080002784729004,1.2000312805175781,1.1867775917053223,-2.8286168575286865,0,0,0,0
85,300,743040,-4.9310898780822754,0.016120061278343201,3.743398904800415,116.70930480957031,139.16888427734375,5.0631422996520996,93.483238220214844,15.485886573791504,0.090266764163970947,3.8244209773878601E-13,0,0,0.37867021560668945,1.6065934896469116,0.86080002784729004,1.2000312805175781,1.1867775917053223,-2.8286168575286865,0,0,0,0
85,330,743760,-7.3644351959228516,0.097552880644798279,3.7141575813293457,113.49128723144531,132.87324523925781,87.148094177246094,75.457649230957031,29.15899658203125,0.088624522089958191,0.0016069592675194144,0,0,1.3795450925827026,1.6193337440490723,0.86080002784729004,1.2000312805175781,1.1867775917053223,-2.8286168575286865,0,0,0,0
85,360,744480,-7.9555115699768066,0.61080950498580933,3.7010321617126465,110.01120758056641,125.21410369873047,203.82513427734375,59.173221588134766,38.822834014892578,0.087815642356872559,0.00059505942044779658,0,0,1.5462205410003662,0.95524799823760986,0.85778242349624634,1.0960983037948608,1.2249085903167725,1.5018765926361084,0,0,0,0
85,365,744600,-7.849970817565918,0.06565045565366745,3.7014117240905762,109.35026550292969,124.04515075683594,203.97946166992188,56.815635681152344,39.94244384765625,0.087682947516441345,7.3457391636111424E-07,0,0,1.5445821285247803,0.81638938188552856,0.85722362995147705,1.076851487159729,1.2319698333740234,2.3038198947906494,0,0,0,0
86,30,745320,-5.3057289123535156,0.076648913323879242,3.6640493869781494,107.09954071044922,116.71401977539062,287.69500732421875,45.3585205078125,43.283634185791016,0.086755655705928802,6.7957353167003021E-06,0,0,1.4568789005279541,0.79277783632278442,0.85722362995147705,1.076851487159729,1.2319698333740234,2.3038196563720703,0,0,0,0
86,60,746040,0.58321100473403931,0.046186994761228561,4.0187950134277344,119.55574798583984,128.09797668457031,220.70365905761719,41.184131622314453,39.185379028320312,0.083158813416957855,0.00027659439365379512,0,0,1.7831258773803711,0.74775350093841553,0.85722362995147705,1.076851487159729,1.2319698333740234,2.3038196563720703,0,0,0,0
86,90,746760,11.029003143310547,0,3.8922915458679199,130.52461242675781,183.81550598144531,0.10370895266532898,44.634365081787109,32.166141510009766,0.084156356751918793,6.9221911758177157E-08,0,0,2.2398715019226074,0.68471932411193848,0.85722362995147705,1.076851487159729,1.2319698333740234,2.3038196563720703,0,0,0,0
86,120,747480,19.942070007324219,0,3.6850931644439697,122.75486755371094,170.85600280761719,0,56.33172607421875,27.032461166381836,0.085766196250915527,2.4044979340942518E-07,0,0,2.5259649753570557,0.64523643255233765,0.85722362995147705,1.076851487159729,1.2319698333740234,2.3038196563720703,0,0,0,0
86,150,748200,25.251239776611328,0,3.5754239559173584,117.19618988037109,157.42446899414062,0,62.488716125488281,25.35362434387207,0.087078854441642761,1.2621949281310663E-06,0,0,2.3644866943359375,0.66394197940826416,0.85722362995147705,1.076851487159729,1.2319698333740234,2.3038196563720703,0,0,0,0
86,180,748920,25.880794525146484,0,3.5478370189666748,112.64053344726562,144.73756408691406,0,64.603721618652344,26.181442260742188,0.088236205279827118,1.6567541024414822E-05,0,0,1.8926825523376465,0.71921926736831665,0.85722362995147705,1.076851487159729,1.2319698333740234,2.3038196563720703,0,0,0,0
86,210,749640,22.761911392211914,0,3.5172898769378662,109.02277374267578,133.44017028808594,0,67.957054138183594,26.421777725219727,0.089401908218860626,0.00010350755474064499,0,0,2.8236775398254395,0.7622489333152771,0.85722362995147705,1.076851487159729,1.2319698333740234,2.3038196563720703,1,0,0,0
86,240,750360,14.641767501831055,0,3.5864865779876709,105.63318634033203,124.47278594970703,0,80.769973754882812,22.820491790771484,0.090531371533870697,0.0017276669386774302,0,0,1.5777478218078613,0.78490835428237915,0.85722362995147705,1.076851487159729,1.2319698333740234,2.3038196563720703,0,0,0,0
86,270,751080,6.0026369094848633,0,3.5700180530548096,109.64357757568359,120.25150299072266,0,90.701347351074219,18.945211410522461,0.091681472957134247,0.0012057987041771412,0,0,1.8457425832748413,0.85042029619216919,0.85722362995147705,1.076851487159729,1.2319698333740234,2.3038196563720703,0,0,0,0
86,300,751800,-1.1342006921768188,0,3.6048948764801025,108.27545928955078,113.38037872314453,0.019556678831577301,92.100685119628906,15.930315971374512,0.09222644567489624,0.0019843585323542356,0,0,2.0673131942749023,0.90458381175994873,0.85722362995147705,1.076851487159729,1.2319698333740234,2.3038196563720703,0,0,0,0
86,330,752520,-6.184760570526123,0.0015005504246801138,3.6756205558776855,108.16902923583984,108.11507415771484,11.429915428161621,82.979476928710938,21.249195098876953,0.088242299854755402,0.00036449302569963038,0,0,1.9716849327087402,0.88962846994400024,0.85722362995147705,1.076851487159729,1.2319698333740234,2.3038196563720703,0,0,0,0
86,360,753240,-8.8743391036987305,0.03975389152765274,3.671281099319458,105.30792236328125,104.04308319091797,50.693435668945312,65.663055419921875,33.246246337890625,0.087235353887081146,3.204773520337767E-06,0,0,0.67131561040878296,0.79747515916824341,0.88678646087646484,0.99393999576568604,1.1934475898742676,-0.037797927856445312,0,0,0,0
86,365,753360,-8.8974008560180664,0.22087828814983368,3.6719188690185547,104.71584320068359,103.31463623046875,55.623096466064453,62.976226806640625,34.880378723144531,0.087101466953754425,3.0383503872577489E-12,0,0,0.42352306842803955,0.77324831485748291,0.89226102828979492,0.97858601808547974,1.1863138675689697,-0.47143077850341797,0,0,0,0
87,30,754080,-6.1330170631408691,0.059801355004310608,3.6113927364349365,102.89305877685547,98.319679260253906,114.27091979980469,49.595157623291016,40.984695434570312,0.086296156048774719,2.7497778276597273E-08,0,0,0.29983395338058472,0.73540443181991577,0.89226102828979492,0.97858601808547974,1.1863138675689697,-0.47143071889877319,0,0,0,0
87,60,754800,0.019837133586406708,0.038847912102937698,3.8926718235015869,111.62269592285156,103.10353851318359,113.30106353759766,44.300197601318359,38.679187774658203,0.083063751459121704,0.00013541695079766214,0,0,0.7121010422706604,0.75712549686431885,0.89226102828979492,0.97858601808547974,3.710808277130127,-0.47143071889877319,0,0,1,0
87,90,755520,11.03046703338623,0,3.7941656112670898,118.35160064697266,153.71722412109375,0,48.920463562011719,32.238418579101562,0.083882942795753479,0.00065042474307119846,0,0,1.2892749309539795,0.78753489255905151,0.89226102828979492,0.97858601808547974,1.1863138675689697,-0.47143071889877319,0,0,0,0
87,120,756240,19.383281707763672,0,3.6255743503570557,113.9642333984375,142.50340270996094,0,60.491455078125,27.021808624267578,0.085659153759479523,0.0011655323905870318,0,0,1.650801420211792,0.80658257007598877,0.89226102828979492,0.97858601808547974,1.1863138675689697,-0.47143071889877319,0,0,0,0
87,150,756960,24.542987823486328,0,3.5334086418151855,110.43209838867188,131.76530456542969,0,66.949432373046875,25.303045272827148,0.087142318487167358,0.0022112145088613033,0,0,1.5570030212402344,0.82454043626785278,0.89226102828979492,0.97858601808547974,1.1863138675689697,-0.47143071889877319,0,0,0,0
87,180,757680,25.077280044555664,0,3.5037298202514648,106.85835266113281,121.55140686035156,0,69.437713623046875,26.19184684753418,0.088356636464595795,0.00049213838065043092,0,0,1.263735294342041,0.87200778722763062,0.89226102828979492,0.97858601808547974,1.1863138675689697,-0.47143071889877319,0,0,0,0
87,210,758400,20.898897171020508,0,3.5319876670837402,103.28214263916016,113.12627410888672,0,74.89825439453125,25.660789489746094,0.089567869901657104,0.000513706065248698,0,0,1.0354456901550293,0.9089580774307251,0.89226102828979492,0.97858601808547974,1.1863138675689697,-0.47143071889877319,0,0,0,0
87,240,759120,13.632174491882324,0,3.4161782264709473,100.12960052490234,105.17753601074219,0,87.42791748046875,22.014015197753906,0.090757258236408234,1.1070880390207094E-07,0,0,1.038905143737793,0.91820794343948364,0.89226102828979492,0.97858601808547974,1.1863138675689697,-0.47143071889877319,0,0,0,0
87,270,759840,4.3108224868774414,0.054840017110109329,3.112173318862915,98.530387878417969,99.104812622070312,0,96.612556457519531,18.383533477783203,0.091895468533039093,1.6822155885165557E-05,0,0,1.1076351404190063,0.94010359048843384,0.89226102828979492,0.97858601808547974,1.1863138675689697,-0.47143071889877319,0,0,0,0
87,300,760560,-2.6417281627655029,0,2.7930824756622314,98.517646789550781,96.572601318359375,0.57313597202301025,96.801620483398438,16.028116226196289,0.091578967869281769,1.064828669683493E-08,0,0,1.164459228515625,0.95820629596710205,0.89226102828979492,0.97858601808547974,1.1863138675689697,-0.47143071889877319,0,0,0,0
87,330,761280,-7.5603642463684082,0.1253812164068222,2.6786420345306396,99.221321105957031,93.220634460449219,17.030891418457031,82.705543518066406,25.816022872924805,0.088260598480701447,1.6009858882171102E-05,0,0,1.0108394622802734,0.92013394832611084,0.89226102828979492,0.97858601808547974,1.1863138675689697,-0.47143071889877319,0,0,0,0
87,360,762000,-8.2577877044677734,0.028307760134339333,2.4987571239471436,97.723258972167969,88.37628173828125,63.596046447753906,64.54693603515625,37.895847320556641,0.087448634207248688,2.8938243303855415E-06,0,0,1.3557388782501221,0.83560687303543091,0.88629192113876343,0.98539721965789795,1.1668932437896729,2.5607955455780029,0,0,0,0
87,365,762120,-8.061121940612793,0.40335360169410706,2.4472348690032959,97.511306762695312,87.62249755859375,68.6461181640625,61.948219299316406,39.298595428466797,0.087315931916236877,0.0022295247763395309,0,0,1.4806411266326904,0.82727301120758057,0.88518655300140381,0.98665857315063477,1.1632968187332153,3.1223189830780029,0,0,0,0
88,30,762840,-5.5520734786987305,0.1209474503993988,2.2062973976135254,96.623992919921875,83.691696166992188,122.28855133056641,49.078472137451172,44.245941162109375,0.086424559354782104,0.0024752740282565355,0,0,1.4310706853866577,0.79081672430038452,0.88518655300140381,0.98665857315063477,5.5,3.1223189830780029,0,0,1,0
88,60,763560,0.34978672862052917,0.14476916193962097,3.7232112884521484,109.46044158935547,94.953475952148438,108.01840209960938,44.398334503173828,40.755207061767578,0.082895003259181976,0.0017370713176205754,0,0,1.6771019697189331,0.7647169828414917,0.88518655300140381,0.98665857315063477,1.1632968187332153,3.1223189830780029,0,0,0,0
88,90,764280,11.025954246520996,0,3.7645235061645508,116.69378662109375,150.74278259277344,0,49.010158538818359,33.96875,0.083881251513957977,0.00044975645141676068,0,0,2.0215456485748291,0.72817736864089966,0.88518655300140381,0.98665857315063477,1.1632968187332153,3.1223189830780029,0,0,0,0
88,120,765000,19.364559173583984,0,3.6132473945617676,112.39569854736328,139.90211486816406,0,60.134464263916016,28.479278564453125,0.085620716214179993,8.5171559476293623E-05,0,0,2.2372961044311523,0.70528990030288696,0.88518655300140381,0.98665857315063477,1.1632968187332153,3.1223189830780029,0,0,0,0
88,150,765720,24.841012954711914,0,3.5250523090362549,108.511474609375,129.34944152832031,0,66.096206665039062,26.627822875976562,0.087125912308692932,5.6192915508290753E-05,0,0,2.1588740348815918,0.7344437837600708,0.88518655300140381,0.98665857315063477,1.1632968187332153,3.1223189830780029,0,0,0,0
88,180,766440,25.805465698242188,0,3.5010402202606201,104.88234710693359,119.19623565673828,0,67.503486633300781,27.416889190673828,0.088378645479679108,7.9471583092072251E-08,0,0,1.9221887588500977,0.81679654121398926,0.88518655300140381,0.98665857315063477,1.1632968187332153,3.1223189830780029,0,0,0,0
88,210,767160,22.094566345214844,0,3.5157926082611084,101.39510345458984,110.64125061035156,0,71.834114074707031,27.133609771728516,0.089584298431873322,1.3490623729239815E-08,0,0,1.7379448413848877,0.88090282678604126,0.88518655300140381,0.98665857315063477,1.1632968187332153,3.1223189830780029,0,0,0,0
88,240,767880,14.98859977722168,0,3.5031592845916748,98.466789245605469,102.61536407470703,0,83.7861328125,23.576753616333008,0.09076324850320816,1.0047736864748913E-08,0,0,1.7361011505126953,0.89953136444091797,0.88518655300140381,0.98665857315063477,1.1632968187332153,3.1223189830780029,0,0,0,0
88,270,768600,5.9024209976196289,0,3.253408670425415,96.543739318847656,96.347480773925781,0,93.75787353515625,19.673286437988281,0.091914758086204529,0.0010590213350951672,0,0,1.7759665250778198,0.94620537757873535,1.1718714237213135,0.98665857315063477,1.1632968187332153,3.1223189830780029,0,0,0,1
88,300,769320,-1.4118074178695679,0,2.9657001495361328,96.154388427734375,93.397956848144531,0.020327188074588776,95.080154418945312,16.593660354614258,0.092390976846218109,1.6310750493297999E-12,0,0,1.8089261054992676,0.98479419946670532,0.88518655300140381,0.98665857315063477,1.1632968187332153,3.1223189830780029,0,0,0,0
88,330,770040,-6.4798555374145508,0.0036625175271183252,2.8180680274963379,98.105079650878906,90.25457763671875,15.637049674987793,85.223045349121094,23.005643844604492,0.088501423597335815,0.00053100677905604243,0,0,1.7414089441299438,0.95399743318557739,0.88518655300140381,0.98665857315063477,1.1632968187332153,3.1223189830780029,0,0,0,0
88,360,770760,-8.733489990234375,0.17898474633693695,2.6889865398406982,97.388473510742188,85.82623291015625,71.329971313476562,67.343994140625,35.418483734130859,0.08755435049533844,0.00091854180209338665,0,0,0.98932981491088867,1.5117197036743164,0.86187779903411865,1.0687872171401978,1.350717306137085,5.2867851257324219,0,0,0,0
88,365,770880,-8.8449954986572266,0.20413309335708618,2.648798942565918,97.173057556152344,85.115707397460938,118.972412109375,64.596733093261719,36.935279846191406,0.087419413030147552,6.1717395283267251E-07,0,0,0.7869880199432373,1.6273614168167114,0.85756134986877441,1.0839961767196655,1.3854247331619263,5.6876125335693359,0,0,0,0
89,30,771600,-6.7470989227294922,0.42106795310974121,2.4315793514251709,95.980659484863281,81.017135620117188,301.04730224609375,50.685688018798828,42.795021057128906,0.086652457714080811,7.3657101893331856E-06,0,0,0.57318747043609619,1.6211199760437012,0.85756134986877441,1.0839961767196655,1.3854247331619263,5.6876125335693359,0,0,0,0
89,60,772320,-1.3506354093551636,1.5770566463470459,4.4471883773803711,116.24347686767578,103.28358459472656,408.19024658203125,43.706951141357422,40.556125640869141,0.083723120391368866,2.5516834284644574E-05,0,0,0.64502245187759399,1.7466026544570923,1.1977497339248657,1.0839961767196655,1.3854247331619263,5.6876125335693359,0,0,0,1
89,90,773040,8.1907835006713867,0.3632056713104248,5.4960346221923828,146.24708557128906,198.38427734375,40.752571105957031,43.058219909667969,32.442535400390625,0.083406738936901093,7.4845359077091445E-11,0,0,0.74559140205383301,1.9222785234451294,0.85756134986877441,1.0839961767196655,1.3854247331619263,5.6876125335693359,0,0,0,0
89,120,773760,16.880123138427734,0.16097156703472137,4.1679015159606934,139.79533386230469,196.50689697265625,0,53.711128234863281,26.493280410766602,0.08499782532453537,8.5550082076224498E-06,0,0,0.80858510732650757,2.0323171615600586,0.85756134986877441,1.0839961767196655,1.3854247331619263,5.6876125335693359,0,0,0,0
89,150,774480,23.248126983642578,0.0055548660457134247,3.8052592277526855,133.73333740234375,190.0767822265625,0,63.410404205322266,23.103042602539062,0.086580701172351837,1.4543089399410292E-08,0,0,0.78195607662200928,1.9922451972961426,0.85756134986877441,1.0839961767196655,1.3854247331619263,5.6876125335693359,0,0,0,0
89,180,775200,28.536996841430664,0,3.6671736240386963,129.29747009277344,177.91796875,0,65.022178649902344,24.414724349975586,0.087793819606304169,2.7270685677649453E-05,0,0,5.2438044548034668,1.8713241815567017,0.85756134986877441,1.0839961767196655,1.3854247331619263,5.6876125335693359,1,0,0,0
89,210,775920,20.620782852172852,0,3.7830221652984619,126.87920379638672,165.88005065917969,0,71.5447998046875,23.683927536010742,0.088886432349681854,8.8032960775308311E-05,0,0,0.64082038402557373,1.7771952152252197,0.85756134986877441,1.0839961767196655,1.3854247331619263,5.6876125335693359,0,0,0,0
89,240,776640,14.857241630554199,0.097901202738285065,3.7934730052947998,122.75020599365234,157.58332824707031,0,83.976860046386719,20.306083679199219,0.089973799884319305,0.0010407115332782269,0,0,0.79635792970657349,1.7616293430328369,0.85756134986877441,1.0839961767196655,1.3854247331619263,5.6876125335693359,0,0,0,0
89,270,777360,6.3713259696960449,0,3.7056992053985596,121.36299896240234,151.061767578125,0,93.599617004394531,16.880317687988281,0.091049186885356903,0.00061900413129478693,0,0,1.3353481292724609,1.7327719926834106,0.85756134986877441,1.0839961767196655,1.3854247331619263,5.6876125335693359,0,0,0,0
89,300,778080,-0.71770960092544556,0,3.7164294719696045,121.09120178222656,144.99398803710938,0.21655480563640594,94.993896484375,14.081829071044922,0.091663703322410583,0.0023306496441364288,0,0,1.7809700965881348,1.7089138031005859,0.85756134986877441,1.0839961767196655,5.5,5.6876125335693359,0,0,1,0
89,330,778800,-6.3499865531921387,0.045399047434329987,3.7165489196777344,117.97113037109375,141.61051940917969,66.834205627441406,85.796737670898438,20.335624694824219,0.087819434702396393,1.0812157597683836E-05,0,0,1.6008386611938477,1.689889669418335,0.85756134986877441,1.0839961767196655,1.3854247331619263,5.6876125335693359,0,0,0,0
89,360,779520,-10.414521217346191,0.15033333003520966,3.7098569869995117,112.36824798583984,135.78294372558594,189.70895385742188,67.59246826171875,33.262611389160156,0.086932189762592316,5.4372867452912033E-05,0,0,-0.81265795230865479,1.1206040382385254,0.84548181295394897,0.96384882926940918,1.2396098375320435,4.5554647445678711,0,0,0,0
89,365,779640,-10.637348175048828,0.13226625323295593,3.7099330425262451,111.779052734375,134.38041687011719,198.82498168945312,64.810951232910156,34.977371215820312,0.086799025535583496,1.8734851447987921E-09,0,0,-1.2032721042633057,1.006155252456665,0.84324485063552856,0.94159930944442749,1.2126070261001587,4.3458080291748047,0,0,0,0
90,30,780360,-16.509555816650391,0.40349492430686951,3.7189579010009766,108.56803131103516,125.85421752929688,339.1815185546875,50.378730773925781,41.70880126953125,0.086017094552516937,8.2444825011407374E-07,0,0,-8.3420505523681641,0.97009766101837158,0.84324485063552856,0.94159930944442749,1.2126070261001587,4.3458080291748047,0,1,0,0
90,60,781080,-3.3278682231903076,0.28915438055992126,3.7230613231658936,108.03872680664062,118.76601409912109,401.95114135742188,41.066242218017578,42.521224975585938,0.084314189851284027,2.6220561721856939E-06,0,0,-1.4610335826873779,1.0162292718887329,0.84324485063552856,0.94159930944442749,1.2126070261001587,4.3458080291748047,0,0,0,0
90,90,781800,5.1361641883850098,0.079179264605045319,4.9221820831298828,143.15238952636719,186.24955749511719,134.64891052246094,38.757518768310547,35.322223663330078,0.082485303282737732,0.00015591619012411684,0,0,-1.5914266109466553,1.0808136463165283,0.84324485063552856,0.94159930944442749,1.2126070261001587,4.3458080291748047,0,0,0,0
90,120,782520,15.071876525878906,0,3.8207545280456543,136.75929260253906,195.14419555664062,0,48.770038604736328,29.121940612792969,0.084085389971733093,0.0011827381094917655,0,0,-1.6731014251708984,1.121267557144165,0.84324485063552856,0.94159930944442749,1.2126070261001587,4.3458080291748047,0,0,0,0
90,150,783240,21.228092193603516,0,3.70461106300354,129.29904174804688,183.66705322265625,0,59.579856872558594,25.103652954101562,0.085705451667308807,0.0007582845282740891,0,0,-1.7036048173904419,1.1197575330734253,0.84324485063552856,0.94159930944442749,1.2126070261001587,4.3458080291748047,0,0,0,0
90,180,783960,22.468935012817383,0,3.6320085525512695,124.38674163818359,169.67684936523438,0,66.088226318359375,23.707769393920898,0.087058089673519135,0.0011866764398291707,0,0,-1.779383659362793,1.1116303205490112,0.84324485063552856,0.94159930944442749,1.2126070261001587,4.3458080291748047,0,0,0,0
90,210,784680,18.708442687988281,0,3.6630926132202148,117.96488189697266,158.87570190429688,0,74.23919677734375,21.834955215454102,0.088219881057739258,0.00032557552913203835,0,0,-1.8383724689483643,1.1053041219711304,0.84324485063552856,0.94159930944442749,1.2126070261001587,4.3458080291748047,0,0,0,0
90,240,785400,12.055899620056152,0,3.625058650970459,113.73908233642578,147.90487670898438,0,86.31903076171875,18.417655944824219,0.089335501194000244,1.6509162037436909E-07,0,0,-1.6567128896713257,1.1168979406356812,0.84324485063552856,0.94159930944442749,1.2126070261001587,4.3458080291748047,0,0,0,0
90,270,786120,3.6029891967773438,0,3.6642231941223145,112.06523132324219,139.28819274902344,0,93.54632568359375,15.358452796936035,0.090446464717388153,7.6268661359790713E-06,0,0,-1.0304925441741943,1.1575051546096802,0.84324485063552856,0.94159930944442749,1.2126070261001587,4.3458080291748047,0,0,0,0
90,300,786840,-3.7983739376068115,0.0083599472418427467,3.7129437923431396,113.07122039794922,132.35769653320312,8.4349241256713867,92.643806457519531,13.996539115905762,0.089546278119087219,1.5729410733911209E-05,0,0,-0.51275128126144409,1.1910780668258667,0.84324485063552856,0.94159930944442749,1.2126070261001587,4.3458080291748047,0,0,0,0
90,330,787560,-8.7627410888671875,0.025288177654147148,3.7315964698791504,111.30588531494141,125.21727752685547,45.089286804199219,76.870269775390625,26.238437652587891,0.087011151015758514,8.0357134791750329E-13,0,0,-0.62326347827911377,1.1540999412536621,0.84324485063552856,0.94159930944442749,1.2126070261001587,4.3458080291748047,0,0,0,0
90,360,788280,-14.378156661987305,0.17710073292255402,3.6992979049682617,108.81524658203125,117.26732635498047,133.02487182617188,59.687835693359375,37.241355895996094,0.086215697228908539,2.0671516267611878E-06,0,0,-4.6412639617919922,1.2031241655349731,0.83564525842666626,0.9546208381652832,1.0737714767456055,9.2872753143310547,0,0,0,0
90,365,788400,-15.067578315734863,0.32114958763122559,3.6971061229705811,108.38422393798828,116.01286315917969,167.57917785644531,57.231594085693359,38.436805725097656,0.086086086928844452,0.0021524950861930847,0,0,-5.4877738952636719,1.2435261011123657,0.83423793315887451,0.95703220367431641,1.0480612516403198,10.202362060546875,0,0,0,0
91,30,789120,-13.592329025268555,0.64467447996139526,3.7058422565460205,105.34709167480469,109.26737976074219,327.71957397460938,44.477066040039062,43.002674102783203,0.085324831306934357,0.0019405432976782322,0,0,-5.8785037994384766,1.2596406936645508,0.83423793315887451,0.95703220367431641,1.0480612516403198,10.202362060546875,0,0,0,0
91,60,789840,-8.6292104721069336,1.2682036161422729,3.7868609428405762,102.96394348144531,103.05045318603516,473.33065795898438,34.442428588867188,43.672031402587891,0.084589526057243347,0.0011734090512618423,0,0,-5.6521434783935547,1.2655134201049805,0.83423793315887451,0.95703220367431641,1.0480612516403198,10.202362060546875,0,0,0,0
91,90,790560,-0.99912917613983154,0.59458076953887939,3.9613428115844727,118.21201324462891,109.53823852539062,454.54476928710938,28.816867828369141,39.812355041503906,0.082342781126499176,0.0001700914726825431,0,0,-5.335237979888916,1.2737352848052979,0.83423793315887451,0.95703220367431641,1.0480612516403198,10.202362060546875,0,0,0,0
91,120,791280,9.2860021591186523,0.11580605804920197,4.8950839042663574,145.6890869140625,199.41273498535156,33.66204833984375,30.048345565795898,32.09027099609375,0.082573316991329193,0.00016656008665449917,0,0,-5.1367368698120117,1.2788852453231812,0.83423793315887451,0.95703220367431641,1.0480612516403198,10.202362060546875,0,0,0,0
91,150,792000,16.577768325805664,0.0069639906287193298,3.8500552177429199,135.74026489257812,195.49501037597656,0,42.078044891357422,26.631410598754883,0.084190927445888519,9.0449084382271394E-06,0,0,-5.2415242195129395,1.2660768032073975,0.83423793315887451,0.95703220367431641,1.0480612516403198,10.202362060546875,0,0,0,0
91,180,792720,18.837139129638672,0,3.7510461807250977,129.99876403808594,182.86984252929688,0,52.469184875488281,22.848161697387695,0.085750490427017212,6.782349828426959E-07,0,0,-5.5489540100097656,1.2303786277770996,0.83423793315887451,0.95703220367431641,1.0480612516403198,10.202362060546875,0,0,0,0
91,210,793440,15.633017539978027,0.11259044706821442,3.8859055042266846,125.704345703125,168.55574035644531,0,62.985271453857422,19.628217697143555,0.086917683482170105,4.179328411124672E-11,0,0,-5.7882671356201172,1.2025899887084961,0.83423793315887451,0.95703220367431641,1.0480612516403198,10.202362060546875,0,0,0,0
91,240,794160,9.3663644790649414,0,3.7190139293670654,120.96857452392578,158.71879577636719,0,73.076957702636719,16.339878082275391,0.088081292808055878,7.0104709948282107E-07,0,0,-5.5024971961975098,1.196414589881897,0.83423793315887451,0.95703220367431641,1.0480612516403198,10.202362060546875,0,0,0,0
91,270,794880,1.4113020896911621,0,3.7187950611114502,117.57444000244141,150.38568115234375,0,77.465080261230469,13.611179351806641,0.089192181825637817,3.274591620083811E-08,0,0,-4.4807462692260742,1.1825766563415527,0.83423793315887451,0.95703220367431641,1.0480612516403198,10.202362060546875,0,0,0,0
91,300,795600,-5.9258289337158203,0.036800846457481384,3.7412030696868896,115.59498596191406,144.45683288574219,14.912185668945312,73.505157470703125,14.854720115661621,0.08668595552444458,5.7316786733485614E-11,0,0,-3.635991096496582,1.1711360216140747,0.83423793315887451,0.95703220367431641,1.0480612516403198,10.202362060546875,0,0,0,0
91,330,796320,-19.129871368408203,0.17835113406181335,3.7439444065093994,112.37615203857422,136.88363647460938,64.624443054199219,57.969951629638672,26.381868362426758,0.085420481860637665,0.00015695295587647706,0,0,-10.95839786529541,1.1857309341430664,0.83423793315887451,0.95703220367431641,1.0480612516403198,10.202362060546875,0,1,0,0
91,360,797040,-10.856986999511719,0.23601734638214111,3.7081601619720459,109.90868377685547,127.37822723388672,175.77569580078125,45.041439056396484,33.518104553222656,0.084662057459354401,0.0010053631849586964,0,0,-1.6439555883407593,1.0810616016387939,0.8560444712638855,1.0340251922607422,1.1299183368682861,-2.7592191696166992,0,0,0,0
91,365,797160,-10.075517654418945,0.17636686563491821,3.7056961059570312,109.55553436279297,125.768798828125,199.46528625488281,43.187919616699219,34.253108978271484,0.084538929164409637,9.5128439170366619E-07,0,0,-1.0323597192764282,1.0408098697662354,0.86008274555206299,1.0482832193374634,1.145077109336853,-5.1595125198364258,0,0,0,0
92,30,797880,-6.8780803680419922,0.32548585534095764,3.7008609771728516,107.68103790283203,116.93952178955078,330.41845703125,33.602169036865234,36.649471282958984,0.083821624517440796,2.8662627826747666E-09,0,0,-1.1619110107421875,1.0181840658187866,0.86008274555206299,1.0482832193374634,1.145077109336853,-5.1595125198364258,0,0,0,0
92,60,798600,-0.94961726665496826,0.21273328363895416,3.9241223335266113,117.58528137207031,121.60707855224609,340.97341918945312,29.261070251464844,34.009105682373047,0.081087581813335419,1.8543203623266891E-05,0,0,-1.1126154661178589,1.0362200736999512,0.86008274555206299,1.0482832193374634,1.145077109336853,-5.1595125198364258,0,0,0,0
92,90,799320,9.2801017761230469,0.020201940089464188,4.3978848457336426,142.32281494140625,196.69508361816406,19.75004768371582,29.768562316894531,27.678510665893555,0.081192031502723694,1.9769014869552848E-08,0,0,-1.0436018705368042,1.0614703893661499,0.86008274555206299,1.0482832193374634,1.145077109336853,-5.1595125198364258,0,0,0,0
92,120,800040,17.527700424194336,0,3.7916364669799805,132.28680419921875,190.57135009765625,0,39.285945892333984,23.080293655395508,0.082858160138130188,1.3474216302711284E-06,0,0,-1.0003736019134521,1.0772866010665894,0.86008274555206299,1.0482832193374634,1.145077109336853,-5.1595125198364258,0,0,0,0
92,150,800760,22.669687271118164,0,3.685966968536377,126.61454010009766,176.42839050292969,0,47.247791290283203,20.450841903686523,0.084519915282726288,1.4520741054013797E-08,0,0,-0.91035574674606323,1.1107978820800781,0.86008274555206299,1.0482832193374634,1.145077109336853,-5.1595125198364258,0,0,0,0
92,180,801480,23.225141525268555,0,3.630561351776123,121.15236663818359,163.70387268066406,0,52.614219665527344,19.797868728637695,0.08570244163274765,2.9343033558504317E-10,0,0,-0.66727674007415771,1.2013168334960938,0.86008274555206299,1.0482832193374634,1.145077109336853,-5.1595125198364258,0,0,0,0
92,210,802200,19.044212341308594,0,3.6205315589904785,115.76084136962891,153.03729248046875,0,60.679538726806641,18.436748504638672,0.08687899261713028,0.00041301932651549578,0,0,-0.47805565595626831,1.2717800140380859,0.86008274555206299,1.0482832193374634,1.145077109336853,-5.1595125198364258,0,0,0,0
92,240,802920,11.107419013977051,0.1951926201581955,3.9102396965026855,112.89852142333984,143.61917114257812,0,73.009613037109375,15.565502166748047,0.088032305240631104,0.00034086088999174535,0,0,-0.45584219694137573,1.2604352235794067,0.86008274555206299,1.0482832193374634,1.145077109336853,-5.1595125198364258,0,0,0,0
92,270,803640,2.3126926422119141,0,3.7181534767150879,115.91677856445312,140.90371704101562,0,79.430030822753906,12.929427146911621,0.08920876681804657,0.00162716512568295,0,0,-0.42838716506958008,1.2046291828155518,0.86008274555206299,1.0482832193374634,1.145077109336853,-5.1595125198364258,0,0,0,0
92,300,804360,-5.1656451225280762,0.0002674486895557493,3.7220137119293213,113.93064880371094,135.54153442382812,9.8730192184448242,76.855758666992188,13.513925552368164,0.087262459099292755,0.0020407368429005146,0,0,-0.40568816661834717,1.1584903001785278,0.86008274555206299,1.0482832193374634,1.145077109336853,-5.1595125198364258,0,0,0,0
92,330,805080,-9.4355783462524414,0.087083920836448669,3.7347981929779053,111.59052276611328,128.03379821777344,59.690067291259766,61.604221343994141,25.19891357421875,0.085595026612281799,5.7460987591184676E-05,0,0,-0.53739899396896362,1.1302156448364258,0.86008274555206299,1.0482832193374634,1.145077109336853,-5.1595125198364258,0,0,0,0
92,360,805800,-10.895605087280273,0.22869490087032318,3.7012269496917725,108.74944305419922,119.69925689697266,149.32177734375,47.850223541259766,33.276660919189453,0.084832556545734406,0.00052911194507032633,0,0,-1.5365784168243408,1.1896268129348755,0.96107041835784912,1.1149235963821411,1.0362781286239624,-4.4855837821960449,0,0,0,0
92,365,805920,-10.740808486938477,0.20405499637126923,3.708303689956665,108.24582672119141,118.36724090576172,180.88468933105469,45.593074798583984,34.040927886962891,0.084708333015441895,5.0815529561987205E-10,0,0,-1.6459617614746094,1.2424277067184448,0.97977185249328613,1.1272643804550171,1.0161302089691162,-4.3607821464538574,0,0,0,0
93,30,806640,-7.5205235481262207,0.38619396090507507,3.7096481323242188,105.33706665039062,111.20355987548828,335.28533935546875,35.481151580810547,37.013694763183594,0.083980664610862732,1.2493171652749879E-07,0,0,-1.663588285446167,1.2943938970565796,0.97977185249328613,1.1272643804550171,1.0161302089691162,-4.3607821464538574,0,0,0,0
93,60,807360,-1.8195418119430542,0.46753305196762085,3.9050557613372803,115.94441223144531,114.39595031738281,446.83859252929688,30.101446151733398,34.808731079101562,0.081606045365333557,1.4475918419520895E-07,0,0,-1.7684476375579834,1.2318418025970459,0.97977185249328613,1.1272643804550171,5.5,-4.3607821464538574,0,0,1,0
93,90,808080,7.5590944290161133,0.054837532341480255,5.1296720504760742,146.29779052734375,197.65571594238281,62.156578063964844,29.546581268310547,28.143112182617188,0.080984793603420258,0.00088602653704583645,0,0,-1.9152508974075317,1.1442688703536987,0.97977185249328613,1.1272643804550171,1.0161302089691162,-4.3607821464538574,0,0,0,0
93,120,808800,16.584476470947266,0,3.791452169418335,134.66262817382812,195.01719665527344,0,39.537586212158203,23.318992614746094,0.08263733983039856,0.0010011063423007727,0,0,-2.007204532623291,1.089415431022644,0.97977185249328613,1.1272643804550171,1.0161302089691162,-4.3607821464538574,0,0,0,0
93,150,809520,21.704914093017578,0,3.7125983238220215,128.14225769042969,181.32595825195312,0,48.937839508056641,20.32086181640625,0.084298089146614075,0.00087551173055544496,0,0,-1.8592667579650879,1.1036137342453003,0.97977185249328613,1.1272643804550171,1.0161302089691162,-4.3607821464538574,0,0,0,0
93,180,810240,22.546228408813477,0,3.645453929901123,124.49514007568359,168.40696716308594,0,55.298126220703125,19.358768463134766,0.085602536797523499,0.001492986106313765,0,0,-1.4437559843063354,1.1480180025100708,0.97977185249328613,1.1272643804550171,1.0161302089691162,-4.3607821464538574,0,0,0,0
93,210,810960,18.546939849853516,0,3.6496007442474365,117.54713439941406,157.40458679199219,0,64.174812316894531,17.993560791015625,0.086750827729701996,0.00097702641505748034,0,0,-1.1203081607818604,1.1825839281082153,0.97977185249328613,1.1272643804550171,1.0161302089691162,-4.3607821464538574,0,0,0,0
93,240,811680,10.844029426574707,0,3.6368746757507324,113.56826019287109,146.59619140625,0,76.225814819335938,15.113025665283203,0.087897375226020813,6.8597721281093982E-08,0,0,-1.1650440692901611,1.1564947366714478,0.97977185249328613,1.1272643804550171,1.0161302089691162,-4.3607821464538574,0,0,0,0
93,270,812400,1.3681200742721558,0,3.6823489665985107,112.10240173339844,137.51092529296875,0,82.170463562011719,12.590927124023438,0.089039348065853119,6.7551841311797034E-06,0,0,-1.3965064287185669,1.060035228729248,0.97977185249328613,1.1272643804550171,1.0161302089691162,-4.3607821464538574,0,0,0,0
93,300,813120,-6.1914348602294922,0.00022247209562920034,3.7035870552062988,111.51376342773438,129.69573974609375,6.9277706146240234,77.777587890625,14.65949535369873,0.086528182029724121,4.081076622242108E-05,0,0,-1.5878729820251465,0.9802851676940918,0.97977185249328613,1.1272643804550171,1.0161302089691162,-4.3607821464538574,0,0,0,0
93,330,813840,-10.448381423950195,0.043857023119926453,3.7397961616516113,110.22370147705078,121.11119079589844,43.678775787353516,61.393215179443359,27.109096527099609,0.085460476577281952,1.1042117741000279E-11,0,0,-1.6136746406555176,1.0304450988769531,0.97977185249328613,1.1272643804550171,1.0161302089691162,-4.3607821464538574,0,0,0,0
93,360,814560,-10.115140914916992,0.18444134294986725,3.6967427730560303,107.91907501220703,113.28847503662109,153.56935119628906,47.574951171875,34.727943420410156,0.084702841937541962,4.1786034188362464E-08,0,0,-1.1653106212615967,1.1745560169219971,0.8823249340057373,1.1617679595947266,1.0052014589309692,-11.300634384155273,0,0,0,0
93,365,814680,-9.6509437561035156,0.31514090299606323,3.6904928684234619,107.3721923828125,112.28794860839844,170.678955078125,45.617179870605469,35.554313659667969,0.084579356014728546,0.0022847128566354513,0,0,-1.1279008388519287,1.1833299398422241,0.86427921056747437,1.1681575775146484,1.0031776428222656,-12.585792541503906,0,0,0,0
94,30,815400,-5.782099723815918,1.0007050037384033,3.6309282779693604,104.56525421142578,107.03763580322266,332.07061767578125,35.686985015869141,37.898960113525391,0.083809554576873779,0.0024540857411921024,0,0,-1.2147983312606812,1.208699107170105,0.86464375257492065,1.1681575775146484,1.0031776428222656,-12.585792541503906,0,0,0,0
94,60,816120,0.92060160636901855,0.42290595173835754,4.4832959175109863,129.26812744140625,132.942138671875,301.00497436523438,32.495979309082031,33.889106750488281,0.080610446631908417,0.00080476945731788874,0,0,-0.98597729206085205,1.1065726280212402,0.86427921056747437,1.1681575775146484,1.0031776428222656,-12.585792541503906,0,0,0,0
94,90,816840,11.458957672119141,0,3.9130961894989014,140.94839477539062,196.22503662109375,0.16973543167114258,34.907722473144531,27.547336578369141,0.081805102527141571,0.0010568691650405526,0,0,-0.66562783718109131,0.96359580755233765,0.86427921056747437,1.1681575775146484,1.0031776428222656,-12.585792541503906,0,0,0,0
94,120,817560,19.222152709960938,0,3.7476489543914795,129.07098388671875,187.7430419921875,0,45.124832153320312,23.025928497314453,0.083463773131370544,1.4547724731528433E-06,0,0,-0.46496939659118652,0.8740389347076416,0.86427921056747437,1.1681575775146484,1.0031776428222656,-12.585792541503906,0,0,0,0
94,150,818280,23.557895660400391,0,3.6411383152008057,123.30850982666016,172.12936401367188,0,52.634109497070312,21.007368087768555,0.08497561514377594,8.1810009078253643E-07,0,0,-0.27363181114196777,0.92841231822967529,0.86427921056747437,1.1681575775146484,1.0031776428222656,-12.585792541503906,0,0,0,0
94,180,819000,23.588212966918945,0,3.5884108543395996,117.50765991210938,158.72084045410156,0,57.415924072265625,20.940681457519531,0.086141198873519897,1.6807134670671076E-05,0,0,0.2323492169380188,1.0866132974624634,0.86427921056747437,1.1681575775146484,1.0031776428222656,-12.585792541503906,0,0,0,0
94,210,819720,18.967559814453125,0,3.5802838802337646,112.9771728515625,146.93258666992188,0,65.768081665039062,19.792840957641602,0.087279178202152252,1.1927259395118567E-15,0,0,0.62622207403182983,1.2097623348236084,0.86427921056747437,1.1681575775146484,1.0031776428222656,-12.585792541503906,0,0,0,0
94,240,820440,10.806854248046875,0,3.619321346282959,110.14844512939453,136.4310302734375,0,78.362907409667969,16.613193511962891,0.088453136384487152,7.9160486166074406E-08,0,0,0.48196643590927124,1.1924686431884766,0.86427921056747437,1.1681575775146484,1.0031776428222656,-12.585792541503906,0,0,0,0
94,270,821160,1.042400598526001,0.017817620187997818,3.6494951248168945,108.99620056152344,127.27610015869141,0.0012837820686399937,84.643058776855469,13.864960670471191,0.089607961475849152,3.8843769090135538E-08,0,0,-0.10209172964096069,1.1034632921218872,0.86427921056747437,1.1681575775146484,1.0031776428222656,-12.585792541503906,0,0,0,0
94,300,821880,-6.4972190856933594,0.13789105415344238,3.6863954067230225,109.77813720703125,120.06527709960938,10.081624984741211,79.128753662109375,16.508899688720703,0.086953975260257721,0.00030499140848405659,0,0,-0.58497446775436401,1.0298762321472168,0.86427921056747437,1.1681575775146484,1.0031776428222656,-12.585792541503906,0,0,0,0
94,330,822600,-10.025018692016602,0.065311580896377563,3.7209274768829346,108.81383514404297,112.52304077148438,54.428451538085938,61.982292175292969,28.954265594482422,0.085935823619365692,9.0186482282206271E-08,0,0,-0.73439222574234009,1.0573488473892212,0.86427921056747437,1.1681575775146484,1.0031776428222656,-12.585792541503906,0,0,0,0
94,360,823320,-11.47335147857666,0.23598252236843109,3.6674373149871826,105.676025390625,107.09134674072266,157.81588745117188,48.169036865234375,36.425342559814453,0.085168793797492981,0.0021499756257981062,0,0,-2.0766603946685791,1.0137687921524048,1.3771003484725952,1.1885185241699219,1.0709550380706787,-5.4214606285095215,0,0,0,1
94,365,823440,-11.469502449035645,0.66408902406692505,3.6681535243988037,105.15984344482422,106.25244903564453,173.87396240234375,46.186813354492188,37.2174072265625,0.085043787956237793,1.7402071534888819E-05,0,0,-2.3157906532287598,0.98889267444610596,0.99852824211120605,1.1922891139984131,1.0835064649581909,-4.0947322845458984,0,0,0,0
95,30,824160,-8.3166341781616211,0.30287441611289978,3.6655352115631104,102.51242065429688,101.39199829101562,308.21041870117188,35.786205291748047,39.793899536132812,0.084309414029121399,2.4135072412834191E-11,0,0,-2.3922834396362305,0.99586009979248047,0.99852824211120605,1.1922891139984131,1.0835064649581909,-4.0947327613830566,0,0,0,0
95,60,824880,-2.1625564098358154,0.231646329164505,3.734269380569458,108.04634857177734,100.78213500976562,363.40377807617188,29.754060745239258,37.95574951171875,0.082255162298679352,7.2376591560896486E-05,0,0,-1.9622060060501099,0.99142724275588989,0.99852824211120605,1.1922891139984131,1.0835064649581909,-4.0947327613830566,0,0,0,0
95,90,825600,8.516779899597168,0.012401556596159935,4.5753517150878906,141.53964233398438,195.67005920410156,40.917156219482422,29.876222610473633,31.109626770019531,0.081646226346492767,7.9120574810076505E-05,0,0,-1.3600976467132568,0.985221266746521,0.99852824211120605,1.1922891139984131,1.0835064649581909,-4.0947327613830566,0,0,0,0
95,120,826320,17.56214714050293,0,3.7803711891174316,130.81655883789062,190.3458251953125,0,40.657569885253906,25.925872802734375,0.083297617733478546,2.1986706617675711E-13,0,0,-0.98295295238494873,0.98133403062820435,0.99852824211120605,1.1922891139984131,1.0835064649581909,-4.0947327613830566,0,0,0,0
95,150,827040,22.11347770690918,0.035997390747070312,3.8264334201812744,125.37201690673828,176.06936645507812,0,49.741374969482422,22.833318710327148,0.084935866296291351,9.3019515645664796E-08,0,0,-0.87529504299163818,1.0128493309020996,0.99852824211120605,1.1922891139984131,1.0835064649581909,-4.0947327613830566,0,0,0,0
95,180,827760,23.28337287902832,0,3.6338059902191162,119.30850982666016,162.48716735839844,0,55.145606994628906,21.951692581176758,0.086126700043678284,7.8709254012210295E-06,0,0,-0.61658412218093872,1.0998220443725586,0.99852824211120605,1.1922891139984131,1.0835064649581909,-4.0947327613830566,0,0,0,0
95,210,828480,19.229696273803711,0,3.6064190864562988,114.34362030029297,149.99324035644531,0,63.301212310791016,20.432588577270508,0.08729119598865509,0.0017946594161912799,0,0,-0.41519463062286377,1.1675244569778442,1.4132041931152344,1.1922891139984131,1.0835064649581909,-4.0947327613830566,0,0,0,1
95,240,829200,11.449831008911133,0,3.6140050888061523,110.92707824707031,140.42800903320312,0,75.781326293945312,17.251874923706055,0.088450215756893158,0.00084168510511517525,0,0,-0.5873711109161377,1.1430588960647583,0.99852824211120605,1.1922891139984131,1.0835064649581909,-4.0947327613830566,0,0,0,0
95,270,829920,1.6334246397018433,0,3.6448268890380859,110.30339813232422,131.57078552246094,0,82.415992736816406,14.39486026763916,0.089603275060653687,0.0020775515586137772,0,0,-1.2172796726226807,1.0437777042388916,0.99852824211120605,1.1922891139984131,1.0835064649581909,-4.0947327613830566,0,0,0,0
95,300,830640,-6.3809046745300293,0.06992591917514801,3.6901910305023193,110.76270294189453,124.05632781982422,8.6447010040283203,77.96966552734375,16.306936264038086,0.087200216948986053,0.0020075992215424776,0,0,-1.7380702495574951,0.96169477701187134,0.99852824211120605,1.1922891139984131,1.0835064649581909,-4.0947327613830566,0,0,0,0
95,330,831360,-10.755027770996094,0.055268000811338425,3.7223074436187744,109.62428283691406,116.22379302978516,59.543827056884766,61.205310821533203,28.607967376708984,0.086135096848011017,0.00044239245471544564,0,0,-1.8975527286529541,0.96171337366104126,0.99852824211120605,1.1922891139984131,1.0835064649581909,-4.0947327613830566,0,0,0,0
95,360,832080,-10.496443748474121,0.19870677590370178,3.6868321895599365,106.93180847167969,109.55553436279297,143.58924865722656,47.441902160644531,35.975849151611328,0.085363283753395081,0.0010415513534098864,0,0,-1.3601148128509521,0.99453693628311157,1.0173145532608032,1.0870808362960815,0.98796677589416504,-8.3211040496826172,0,0,0,0
95,365,832200,-10.109462738037109,0.14760088920593262,3.6858901977539062,106.34719085693359,108.75661468505859,165.40022277832031,45.489604949951172,36.758152008056641,0.085237503051757812,3.8418733472322941E-11,0,0,-1.2884125709533691,0.99805110692977905,1.0207934379577637,1.0675978660583496,0.97027420997619629,-9.1037654876708984,0,0,0,0
96,30,832920,-6.6360077857971191,0.52812981605529785,3.6539335250854492,103.37298583984375,103.87686157226562,277.3597412109375,35.503841400146484,39.299842834472656,0.084508746862411499,5.9814503350352766E-10,0,0,-1.4807767868041992,0.99783247709274292,1.0207934379577637,1.0675978660583496,0.97027420997619629,-9.1037654876708984,0,0,0,0
96,60,833640,-0.44484895467758179,0.15052004158496857,3.9352943897247314,114.7440185546875,111.20288848876953,290.65524291992188,31.273235321044922,36.148788452148438,0.081556119024753571,1.0820616807905026E-05,0,0,-1.3991436958312988,0.95044279098510742,1.0207934379577637,1.0675978660583496,0.97027420997619629,-9.1037654876708984,0,0,0,0
96,90,834360,10.046041488647461,0,4.1562738418579102,135.73185729980469,192.94816589355469,8.8676061630249023,32.986068725585938,29.555910110473633,0.082050994038581848,0.0013290259521454573,0,0,-1.2848573923110962,0.88409727811813354,1.0207934379577637,1.0675978660583496,0.97027420997619629,-9.1037654876708984,0,0,0,0
96,120,835080,17.974887847900391,0,3.7541725635528564,126.69998168945312,182.48884582519531,0,44.071952819824219,24.704261779785156,0.083704493939876556,0.00077742926077917218,0,0,-1.2132714986801147,0.8425402045249939,1.0207934379577637,1.0675978660583496,0.97027420997619629,-9.1037654876708984,0,0,0,0
96,150,835800,22.568820953369141,0.0090772565454244614,3.7054708003997803,120.70974731445312,167.53707885742188,0,52.411800384521484,22.066085815429688,0.085184440016746521,0.0010453318245708942,0,0,-0.847237229347229,0.88921618461608887,1.0207934379577637,1.0675978660583496,0.97027420997619629,-9.1037654876708984,0,0,0,0
96,180,836520,23.729114532470703,0,3.5683383941650391,115.56903076171875,154.20941162109375,0,56.91021728515625,21.6380615234375,0.086390659213066101,0.0025531291030347347,0,0,0.15142643451690674,1.0215481519699097,1.1621514558792114,1.0675978660583496,0.97027420997619629,-9.1037654876708984,0,0,0,1
96,210,837240,19.79319953918457,0,3.5672461986541748,111.58122253417969,142.30778503417969,0,62.501842498779297,21.419567108154297,0.087557211518287659,0.0012817092938348651,0,0,0.92882049083709717,1.1245598793029785,1.0207934379577637,1.0675978660583496,0.97027420997619629,-9.1037654876708984,0,0,0,0
96,240,837960,11.812172889709473,0,3.6087126731872559,108.71421051025391,131.45750427246094,0,75.476036071777344,18.124044418334961,0.088733404874801636,9.6170617780444445E-07,0,0,0.80568218231201172,1.1116580963134766,1.0207934379577637,1.0675978660583496,0.97027420997619629,-9.1037654876708984,0,0,0,0
96,270,838680,1.6593639850616455,0.00016694427176844329,3.6576409339904785,108.13491058349609,122.08470916748047,0,82.564689636230469,15.098742485046387,0.089906260371208191,7.4712227160489419E-07,0,0,0.19680321216583252,1.0424712896347046,1.0207934379577637,1.0675978660583496,0.97027420997619629,-9.1037654876708984,0,0,0,0
96,300,839400,-5.4242725372314453,0,3.6768579483032227,108.91932678222656,115.39472961425781,2.0973231792449951,79.154472351074219,15.939258575439453,0.087725944817066193,6.2052560679148883E-05,0,0,-0.30660080909729004,0.98526972532272339,1.0207934379577637,1.0675978660583496,0.97027420997619629,-9.1037654876708984,0,0,0,0
96,330,840120,-9.6704807281494141,0.036626435816287994,3.7313697338104248,108.18679809570312,109.46110534667969,34.167041778564453,63.214794158935547,27.889900207519531,0.086328744888305664,1.4640864909321039E-11,0,0,-0.55082011222839355,0.98396962881088257,1.0207934379577637,1.0675978660583496,0.97027420997619629,-9.1037654876708984,0,0,0,0
96,360,840840,-6.3890299797058105,0.038751542568206787,3.6441631317138672,104.69258880615234,105.05125427246094,101.06497192382812,49.096519470214844,35.758380889892578,0.085556440055370331,4.5068792448033079E-12,0,0,2.7081890106201172,0.9071277379989624,1.1321852207183838,1.1650066375732422,0.88818484544754028,-7.2340793609619141,0,0,0,0
96,365,840960,-5.6885828971862793,0.38321301341056824,3.618715763092041,104.24412536621094,104.43575286865234,107.79830932617188,47.3900146484375,36.340679168701172,0.085382834076881409,0.0033290218561887741,0,0,3.309565544128418,0.88603734970092773,1.1528133153915405,1.1830452680587769,0.87298309803009033,-6.8878412246704102,0,0,0,0
97,30,841680,-2.391127347946167,0.13739502429962158,3.7022578716278076,106.07382202148438,101.60037231445312,157.77011108398438,39.463199615478516,37.205223083496094,0.083197273313999176,0.0029786492232233286,0,0,3.0526304244995117,0.87674236297607422,1.1528133153915405,1.1830452680587769,0.87298309803009033,-6.8878412246704102,0,0,0,0
97,60,842400,4.8994040489196777,0.010324757546186447,3.932650089263916,124.4364013671875,145.75990295410156,39.426113128662109,39.206455230712891,31.570571899414062,0.08154258131980896,0.0032053380273282528,0,0,3.0099217891693115,0.88034379482269287,1.1528133153915405,1.1830452680587769,0.87298309803009033,-6.8878412246704102,0,0,0,0
97,90,843120,14.018954277038574,0,3.7193694114685059,120.75695037841797,150.42929077148438,0,46.247161865234375,26.334659576416016,0.083264172077178955,0.0016927805263549089,0,0,2.950129508972168,0.88538569211959839,1.1528133153915405,1.1830452680587769,0.87298309803009033,-6.8878412246704102,0,0,0,0
97,120,843840,21.632314682006836,0,3.6010024547576904,115.49220275878906,141.01611328125,0,56.281051635742188,22.389795303344727,0.084925539791584015,7.740590808680281E-05,0,0,2.9126772880554199,0.88854384422302246,1.1528133153915405,1.1830452680587769,0.87298309803009033,-6.8878412246704102,0,0,0,0
97,150,844560,26.744138717651367,0,3.5283222198486328,111.34844970703125,130.68620300292969,0,60.155300140380859,22.159887313842773,0.086166627705097198,3.4299642948099063E-07,0,0,3.3209612369537354,0.95326405763626099,1.1528133153915405,1.1830452680587769,0.87298309803009033,-6.8878412246704102,0,0,0,0
97,180,845280,27.967025756835938,0,3.4920222759246826,106.08246612548828,122.56708526611328,0,60.364448547363281,24.273731231689453,0.08737608790397644,4.4309577788226306E-05,0,0,4.4464311599731445,1.1307765245437622,1.1528133153915405,1.1830452680587769,0.87298309803009033,-6.8878412246704102,0,0,0,0
97,210,846000,25.025129318237305,0,3.5268981456756592,107.05506134033203,119.10123443603516,0,61.298381805419922,25.868453979492188,0.088581427931785583,9.0975621480637869E-10,0,0,6.4632601737976074,1.2689583301544189,1.2426236867904663,1.1830452680587769,0.87298309803009033,-6.8878412246704102,1,0,0,0
97,240,846720,16.633224487304688,0,3.4041438102722168,103.56529998779297,110.57351684570312,0,72.992332458496094,22.958917617797852,0.089781031012535095,5.2236238445857452E-08,0,0,5.2676792144775391,1.2321722507476807,1.1528133153915405,1.1830452680587769,0.87298309803009033,-6.8878412246704102,0,0,0,0
97,270,847440,7.0052204132080078,0,3.245145320892334,100.53093719482422,104.17448425292969,0,84.323692321777344,19.056074142456055,0.090981177985668182,7.8993332408572314E-07,0,0,4.8639531135559082,1.0737965106964111,1.1528133153915405,1.1830452680587769,0.87298309803009033,-6.8878412246704102,0,0,0,0
97,300,848160,-0.24797724187374115,0,3.1473290920257568,99.554023742675781,99.694480895996094,0,86.504264831542969,15.91138744354248,0.091976918280124664,2.2633704632735174E-10,0,0,4.5301637649536133,0.94285589456558228,1.1528133153915405,1.1830452680587769,0.87298309803009033,-6.8878412246704102,0,0,0,0
97,330,848880,-4.4895062446594238,0.14106422662734985,2.967510461807251,99.165191650390625,96.36199951171875,2.3255248069763184,81.564094543457031,17.734865188598633,0.088002271950244904,0.0015628972323611379,0,0,4.2470664978027344,0.92156976461410522,1.1528133153915405,1.1830452680587769,0.87298309803009033,-6.8878412246704102,0,0,0,0
97,360,849600,-9.63031005859375,0.20464144647121429,2.9086301326751709,99.527473449707031,91.797370910644531,56.428878784179688,67.424415588378906,27.511932373046875,0.085756979882717133,0.0021232743747532368,0,0,-0.035846918821334839,1.2487964630126953,1.0341033935546875,1.087538480758667,1.0935817956924438,-4.4122400283813477,0,0,0,0
97,365,849720,-10.037857055664062,0.21343481540679932,2.8715057373046875,99.282272338867188,90.938926696777344,77.232933044433594,64.651268005371094,29.378032684326172,0.085627660155296326,0.00076887273462489247,0,0,-0.81640756130218506,1.3050320148468018,1.0121201276779175,1.0698519945144653,1.134433388710022,-3.9537954330444336,0,0,0,0
98,30,850440,-7.1100673675537109,0.30433642864227295,2.6576108932495117,97.893905639648438,86.892929077148438,228.70063781738281,50.995456695556641,36.356063842773438,0.084785230457782745,4.5388539149371354E-08,0,0,-1.1100596189498901,1.2932698726654053,1.0124180316925049,1.0698519945144653,1.134433388710022,-3.9537954330444336,0,0,0,0
98,60,851160,-1.3131707906723022,0.35778906941413879,3.6421651840209961,113.19680786132812,99.820213317871094,353.5953369140625,43.951068878173828,35.873359680175781,0.082075536251068115,4.4630037336901296E-06,0,0,-1.1534831523895264,1.4033966064453125,1.0121201276779175,1.0698519945144653,1.134433388710022,-3.9537954330444336,0,0,0,0
98,90,851880,8.4465875625610352,0.2090563178062439,4.8332114219665527,143.54261779785156,196.05430603027344,27.081295013427734,44.936275482177734,29.392765045166016,0.081895314157009125,6.4868712797760963E-05,0,0,-1.2142760753631592,1.5575737953186035,1.0121201276779175,1.0698519945144653,1.134433388710022,-3.9537954330444336,0,0,0,0
98,120,852600,16.615694046020508,0.43484437465667725,4.4472761154174805,136.240478515625,194.00007629394531,0,56.937110900878906,24.292852401733398,0.083533920347690582,6.0459260211101484E-14,0,0,-1.2523552179336548,1.6541465520858765,1.0121201276779175,1.0698519945144653,1.134433388710022,-3.9537954330444336,0,0,0,0
98,150,853320,22.743291854858398,0,3.7514197826385498,130.87042236328125,183.20559692382812,0,67.484123229980469,21.503414154052734,0.085166282951831818,1.4242813595188863E-09,0,0,-0.85072040557861328,1.6469254493713379,1.0121201276779175,1.0698519945144653,1.134433388710022,-3.9537954330444336,0,0,0,0
98,180,854040,24.318771362304688,0,3.6715476512908936,127.25439453125,169.40742492675781,0,72.39080810546875,21.797800064086914,0.086411997675895691,6.7889699417733596E-10,0,0,0.25654184818267822,1.6175888776779175,1.0121201276779175,1.0698519945144653,1.134433388710022,-3.9537954330444336,0,0,0,0
98,210,854760,20.892061233520508,0,3.6367151737213135,121.80878448486328,159.61924743652344,0,78.965309143066406,21.481943130493164,0.087563976645469666,2.4118493456626311E-05,0,0,1.1184729337692261,1.5947524309158325,1.0121201276779175,1.0698519945144653,1.134433388710022,-3.9537954330444336,0,0,0,0
98,240,855480,18.0985107421875,0.0069552608765661716,3.7163810729980469,116.71142578125,151.37385559082031,0,91.401588439941406,18.440895080566406,0.088695220649242401,0.00032186988391913474,0,0,6.2070126533508301,1.5675362348556519,1.0121201276779175,1.0698519945144653,1.134433388710022,-3.9537954330444336,1,0,0,0
98,270,856200,3.7546083927154541,0,3.6720623970031738,114.45551300048828,143.51686096191406,0,99.676078796386719,15.355348587036133,0.089843519032001495,0.0026176669634878635,0,0,0.80725574493408203,1.4816361665725708,1.0121201276779175,1.0698519945144653,1.134433388710022,-3.9537954330444336,0,0,0,0
98,300,856920,-3.925081729888916,0.0012752191396430135,3.7270824909210205,115.08997344970703,138.46852111816406,6.6056613922119141,98.575691223144531,14.50590991973877,0.088719330728054047,0.0015266144182533026,0,0,0.56806981563568115,1.4106165170669556,1.0121201276779175,1.0698519945144653,1.134433388710022,-3.9537954330444336,0,0,0,0
98,330,857640,-8.5806598663330078,0.075708024203777313,3.7351832389831543,112.01934051513672,132.37591552734375,68.3048095703125,80.745048522949219,27.892862319946289,0.086331769824028015,0.0010253002401441336,0,0,0.25675886869430542,1.3831667900085449,1.0121201276779175,1.0698519945144653,1.134433388710022,-3.9537954330444336,0,0,0,0
98,360,858360,-6.3624458312988281,0.09582221508026123,3.6814191341400146,109.61551666259766,123.20545196533203,161.26445007324219,62.883331298828125,39.174755096435547,0.085555516183376312,0.00024982570903375745,0,0,3.0335993766784668,1.0313107967376709,0.88965678215026855,1.0784037113189697,1.0179276466369629,3.8996520042419434,0,0,0,0
98,365,858480,-5.8590631484985352,0.028918398544192314,3.6641707420349121,109.43979644775391,121.81690979003906,161.91703796386719,60.700027465820312,40.142288208007812,0.0853738933801651,4.7142884040951571E-10,0,0,3.632392406463623,0.98454380035400391,0.86697840690612793,1.0799874067306519,0.99635255336761475,5.3539943695068359,0,0,0,0
99,30,859200,-3.6699032783508301,0.075369097292423248,3.6872692108154297,107.98650360107422,115.10977935791016,243.25465393066406,49.604549407958984,43.125312805175781,0.083712548017501831,2.6256303797822511E-09,0,0,3.4677755832672119,0.99353152513504028,0.86697840690612793,1.0799874067306519,0.99635255336761475,5.3539943695068359,0,0,0,0
99,60,859920,2.3871932029724121,0.032583735883235931,4.2346324920654297,128.93727111816406,145.91844177246094,139.28742980957031,47.555789947509766,37.562053680419922,0.080451749265193939,7.3847411385941086E-07,0,0,3.7094366550445557,0.95670711994171143,0.86697840690612793,1.0799874067306519,0.99635255336761475,5.3539943695068359,0,0,0,0
99,90,860640,12.628352165222168,0,3.8220014572143555,129.02359008789062,179.72283935546875,0,53.34393310546875,31.289356231689453,0.082092814147472382,0.00047117352369241416,0,0,4.047762393951416,0.90515297651290894,0.86697840690612793,1.0799874067306519,0.99635255336761475,5.3539943695068359,0,0,0,0
99,120,861360,20.952827453613281,0.021419398486614227,3.7633767127990723,122.62638092041016,165.78387451171875,0,64.068321228027344,26.42711067199707,0.083762966096401215,0.00017938819655682892,0,0,4.2596802711486816,0.87286084890365601,0.86697840690612793,1.0799874067306519,0.99635255336761475,5.3539943695068359,0,0,0,0
99,150,862080,27.372163772583008,0,3.5552909374237061,116.35378265380859,154.67622375488281,0,67.686225891113281,25.910383224487305,0.085208684206008911,0.001348923658952117,0,0,4.7252936363220215,0.91236197948455811,0.86697840690612793,1.0799874067306519,0.99635255336761475,5.3539943695068359,0,0,0,0
99,180,862800,30.05152702331543,0,3.5277562141418457,111.94571685791016,142.20632934570312,0,65.355514526367188,28.644327163696289,0.086450487375259399,0.00063207693165168166,0,0,5.9837579727172852,1.0240693092346191,0.86697840690612793,1.0799874067306519,0.99635255336761475,5.3539943695068359,0,0,0,0
99,210,863520,27.682024002075195,0,3.5285208225250244,108.00708770751953,131.45108032226562,0,64.261245727539062,30.563205718994141,0.087649807333946228,0.00049008242785930634,0,0,6.9633893966674805,1.1110262870788574,0.86697840690612793,1.0799874067306519,0.99635255336761475,5.3539943695068359,0,0,0,0
99,240,864240,20.407863616943359,0,3.5468230247497559,104.75325012207031,122.23944854736328,0,72.037376403808594,28.388149261474609,0.088827058672904968,1.3781277630187105E-07,0,0,6.6936817169189453,1.0918158292770386,0.86697840690612793,1.0799874067306519,0.99635255336761475,5.3539943695068359,0,0,0,0
99,270,864960,10.046923637390137,0,3.4494776725769043,102.04415893554688,114.59272766113281,0,84.845939636230469,23.753152847290039,0.090014472603797913,1.4326666519792752E-09,0,0,5.5408749580383301,1.0054092407226562,0.86697840690612793,1.0799874067306519,0.99635255336761475,5.3539943695068359,0,0,0,0
99,300,865680,1.7929290533065796,0,3.4035501480102539,100.45206451416016,107.66500091552734,0,89.425018310546875,19.838344573974609,0.091165430843830109,4.4586566218640655E-05,0,0,4.5877671241760254,0.93397057056427002,0.86697840690612793,1.0799874067306519,0.99635255336761475,5.3539943695068359,0,0,0,0
99,330,866400,-3.6445231437683105,0,3.5665285587310791,103.1497802734375,105.68386077880859,21.602851867675781,87.249404907226562,18.728860855102539,0.08881852775812149,4.4867583426366764E-08,0,0,4.3175764083862305,0.9397093653678894,0.86697840690612793,1.0799874067306519,0.99635255336761475,5.3539943695068359,0,0,0,0
99,360,867120,-9.3443107604980469,0.046780716627836227,3.6747441291809082,102.26162719726562,100.27819061279297,48.10400390625,73.312957763671875,28.313570022583008,0.085885234177112579,9.5206668707505869E-17,0,0,0.4258953332901001,0.92648446559906006,0.89288228750228882,1.0797467231750488,1.0807474851608276,6.8598785400390625,0,0,0,0
99,365,867240,-9.813664436340332,0.083037063479423523,3.6674814224243164,102.00922393798828,99.223655700683594,63.866287231445312,70.30108642578125,30.408527374267578,0.085754796862602234,0.0013564999680966139,0,0,-0.2295072078704834,0.92268848419189453,0.89767932891845703,1.0797021389007568,1.0963761806488037,7.1387462615966797,0,0,0,0
100,30,867960,-7.7071294784545898,0.63587367534637451,3.6451845169067383,100.51362609863281,94.195259094238281,142.16847229003906,55.332592010498047,38.755661010742188,0.084931015968322754,0.0023243706673383713,0,0,-0.28892648220062256,0.93271642923355103,0.89767932891845703,1.0797021389007568,1.0963761806488037,7.1387462615966797,0,0,0,0
100,60,868680,-2.2424840927124023,0.21275635063648224,3.6848599910736084,104.98805999755859,92.439033508300781,211.15835571289062,46.168128967285156,39.889400482177734,0.082710988819599152,0.001763560576364398,0,0,0.12532377243041992,0.9058721661567688,0.89767932891845703,1.0797021389007568,1.0963761806488037,7.1387462615966797,0,0,0,0
100,90,869400,8.4614105224609375,0.00034812922240234911,4.2365384101867676,128.14791870117188,174.99176025390625,15.159039497375488,47.985897064208984,33.623443603515625,0.081954218447208405,0.0011210214579477906,0,0,0.70527410507202148,0.86829030513763428,0.89767932891845703,1.0797021389007568,1.0963761806488037,7.1387462615966797,0,0,0,0
100,120,870120,17.658369064331055,0,3.7341442108154297,121.57515716552734,165.73614501953125,0,61.740974426269531,28.097043991088867,0.083677053451538086,6.6178152337670326E-05,0,0,1.0685397386550903,0.84474992752075195,0.89767932891845703,1.0797021389007568,1.0963761806488037,7.1387462615966797,0,0,0,0
100,150,870840,23.701086044311523,0,3.6010475158691406,116.18011474609375,152.50923156738281,0,71.146522521972656,25.648664474487305,0.085307970643043518,1.6420887002585594E-13,0,0,1.23616623878479,0.84873616695404053,0.89767932891845703,1.0797021389007568,1.0963761806488037,7.1387462615966797,0,0,0,0
100,180,871560,25.680574417114258,0,3.5498502254486084,110.94406127929688,141.01132202148438,0,72.02252197265625,27.609949111938477,0.086535029113292694,3.7094555409566965E-06,0,0,1.6610097885131836,0.86200326681137085,0.89767932891845703,1.0797021389007568,1.0963761806488037,7.1387462615966797,0,0,0,0
100,210,872280,22.892702102661133,0,3.5190954208374023,106.73078155517578,130.20423889160156,0,76.087944030761719,27.688451766967773,0.08778323233127594,5.7563509471947327E-05,0,0,1.991722583770752,0.87233084440231323,0.89767932891845703,1.0797021389007568,1.0963761806488037,7.1387462615966797,0,0,0,0
100,240,873000,15.822908401489258,0,3.5607030391693115,103.97677612304688,120.27127075195312,0,87.884521484375,24.308582305908203,0.089006863534450531,1.6554018600345444E-08,0,0,1.77280592918396,0.87198066711425781,0.89767932891845703,1.0797021389007568,1.0963761806488037,7.1387462615966797,0,0,0,0
100,270,873720,5.9702901840209961,0,3.5545005798339844,102.12256622314453,111.32028961181641,0,98.383438110351562,20.226667404174805,0.090207919478416443,7.718004724210914E-08,0,0,0.95323050022125244,0.86821967363357544,0.89767932891845703,1.0797021389007568,1.0963761806488037,7.1387462615966797,0,0,0,0
100,300,874440,-2.2020206451416016,0,3.5819916725158691,102.19261169433594,105.47100067138672,0.3345644474029541,99.463241577148438,17.265056610107422,0.090407513082027435,2.213169925102676E-10,0,0,0.27562868595123291,0.86511021852493286,0.89767932891845703,1.0797021389007568,1.0963761806488037,7.1387462615966797,0,0,0,0
100,330,875160,-7.6650047302246094,0.081558138132095337,3.6535453796386719,102.07976531982422,101.56201934814453,13.693081855773926,86.373451232910156,26.509687423706055,0.087125979363918304,0.0017619485734030604,0,0,0.12056910991668701,0.87713974714279175,1.2644121646881104,1.0797021389007568,1.0963761806488037,7.1387462615966797,0,0,0,1
100,360,875880,-9.6846342086791992,0.068298704922199249,3.5834970474243164,99.967117309570312,96.705245971679688,49.490371704101562,67.134475708007812,39.269191741943359,0.086335763335227966,0.0015746345743536949,0,0,-0.071107089519500732,0.86432880163192749,0.93152445554733276,0.89569580554962158,1.1760852336883545,9.9491682052612305,0,0,0,0
100,365,876000,-9.6298923492431641,0.056178584694862366,3.5449485778808594,99.830245971679688,95.692306518554688,63.813365936279297,64.29254150390625,40.739513397216797,0.086205549538135529,0.000495809072162956,0,0,0.005833745002746582,0.8634076714515686,0.93779206275939941,0.86162054538726807,1.1908462047576904,10.469616889953613,0,0,0,0
