year,day,elapsed_hours,region_x,region_y,temperature_c,snow_mm,surface_water_mean_mm,surface_water_max_mm,flooded_fraction,root_water_mm,water_stress_fraction,live_biomass_gm2,dust_gm2,burning_fraction,burn_scar
1,30,720,0,0,-8.7638006210327148,28.463296890258789,0.11770971864461899,0.5556139349937439,0,56.082881927490234,0,24.375347137451172,0.068535864353179932,0,0
1,30,720,1,0,-8.6982755661010742,15.551018714904785,0.12886281311511993,0.55592954158782959,0,55.919013977050781,0,24.76146125793457,0.26611366868019104,0,0
1,30,720,2,0,-8.5271806716918945,14.983498573303223,0.17147302627563477,0.71774357557296753,0,55.180667877197266,0,24.682090759277344,0.39943820238113403,0,0
1,30,720,3,0,-8.3638067245483398,15.304216384887695,0.15559971332550049,0.50118899345397949,0,58.844268798828125,0,25.389890670776367,0.28298041224479675,0,0
1,30,720,4,0,-8.4280729293823242,15.871068000793457,0.11894065141677856,0.46303731203079224,0,59.163936614990234,0,25.495479583740234,0.34206604957580566,0,0
1,30,720,5,0,-8.2264785766601562,13.76319694519043,0.29706266522407532,3.4808399677276611,0,54.501140594482422,0,23.898935317993164,0.403725266456604,0,0
1,30,720,6,0,-8.0410566329956055,10.875207901000977,0.44067347049713135,1.3373292684555054,0,51.630355834960938,0,22.443475723266602,0.33612996339797974,0,0
1,30,720,7,0,-7.9159755706787109,11.393000602722168,0.41594862937927246,3.0993537902832031,0,53.195178985595703,0,21.555112838745117,0.23013022541999817,0,0
1,30,720,0,1,-8.8083791732788086,32.949329376220703,0.22293353080749512,0.55448734760284424,0,52.017963409423828,0,22.976221084594727,0.14084656536579132,0,0
1,30,720,1,1,-8.9077787399291992,10.510280609130859,0.14463880658149719,0.41415300965309143,0,54.189540863037109,0,23.322345733642578,0.75243133306503296,0,0
1,30,720,2,1,-8.9804515838623047,10.855687141418457,0.13965503871440887,0.44112002849578857,0,51.509510040283203,0,23.339504241943359,1.5507509708404541,0,0
1,30,720,3,1,-8.8967103958129883,11.10541820526123,0.15979400277137756,0.46492475271224976,0,54.886741638183594,0,24.117238998413086,1.6411609649658203,0,0
1,30,720,4,1,-8.8734312057495117,10.314452171325684,0.27048400044441223,1.5394434928894043,0,56.104534149169922,0,22.857978820800781,1.3030464649200439,0,0
1,30,720,5,1,-9.1180925369262695,12.782278060913086,0.17822343111038208,0.5341607928276062,0,56.365852355957031,0,22.259069442749023,1.2873334884643555,0,0
1,30,720,6,1,-8.8844156265258789,10.651114463806152,0.38666504621505737,4.0357041358947754,0,55.189929962158203,0,21.867542266845703,0.57887852191925049,0,0
1,30,720,7,1,-8.2932291030883789,10.77549934387207,0.2988569438457489,2.03255295753479,0,55.297813415527344,0,22.921834945678711,0.20138050615787506,0,0
1,30,720,0,2,-8.6983165740966797,36.089820861816406,0.32246443629264832,2.0331625938415527,0,49.809890747070312,0,22.481559753417969,0.15729019045829773,0,0
1,30,720,1,2,-9.0367050170898438,10.539192199707031,0.23327958583831787,0.55389821529388428,0,51.283039093017578,0,21.601335525512695,0.79887652397155762,0,0
1,30,720,2,2,-9.3364591598510742,12.603541374206543,0.20190268754959106,1.3261260986328125,0,51.34796142578125,0,21.371723175048828,1.3192595243453979,0,0
1,30,720,3,2,-9.4500246047973633,12.914355278015137,0.21050053834915161,1.3191080093383789,0,54.430206298828125,0,21.714641571044922,0.93832749128341675,0,0
1,30,720,4,2,-9.1422805786132812,10.575384140014648,0.26628613471984863,1.9647588729858398,0,55.386577606201172,0,22.3564453125,0.369977205991745,0,0
1,30,720,5,2,-8.7019500732421875,8.5902328491210938,0.40960693359375,16.832912445068359,0.0024999999441206455,54.318679809570312,0,23.429862976074219,0.3626023530960083,0,0
1,30,720,6,2,-8.6992645263671875,8.4461889266967773,0.40302139520645142,16.287199020385742,0.0024999999441206455,52.145435333251953,0,23.205795288085938,0.771465003490448,0,0
1,30,720,7,2,-8.5088205337524414,11.923273086547852,0.18370386958122253,0.52346140146255493,0,57.031543731689453,0,24.747316360473633,0.64879196882247925,0,0
1,30,720,0,3,-8.9000511169433594,36.608924865722656,0.30500108003616333,3.4976789951324463,0,49.237537384033203,0,20.573736190795898,0.077156484127044678,0,0
1,30,720,1,3,-8.7733039855957031,8.577967643737793,0.40822583436965942,0.96861308813095093,0,53.618793487548828,0,22.115730285644531,0.25688207149505615,0,0
1,30,720,2,3,-8.8333816528320312,11.136399269104004,0.17644038796424866,2.166022777557373,0,56.547904968261719,0,24.656591415405273,0.56703346967697144,0,0
1,30,720,3,3,-9.1163253784179688,11.823840141296387,0.1444699764251709,0.45137429237365723,0,52.693809509277344,0,23.185232162475586,0.8483768105506897,0,0
1,30,720,4,3,-8.7966127395629883,7.361485481262207,0.45592018961906433,1.0519747734069824,0,52.743640899658203,0,21.575706481933594,0.97254246473312378,0,0
1,30,720,5,3,-8.9785223007202148,9.1085119247436523,0.28204676508903503,3.5952620506286621,0,50.79034423828125,0,21.537336349487305,1.5744820833206177,0,0
1,30,720,6,3,-8.9859800338745117,8.4498634338378906,0.42246055603027344,8.5909624099731445,0,50.299068450927734,0,21.482709884643555,1.9425878524780273,0,0
1,30,720,7,3,-8.5206375122070312,10.698349952697754,0.28328326344490051,2.100039005279541,0,54.861423492431641,0,22.228330612182617,1.1434253454208374,0,0
1,30,720,0,4,-8.3492898941040039,35.893379211425781,0.42535388469696045,3.0919816493988037,0,50.201648712158203,0,22.195880889892578,0.15126883983612061,0,0
1,30,720,1,4,-8.7804574966430664,10.294704437255859,0.186048224568367,0.56710046529769897,0,57.002864837646484,0,24.191864013671875,0.7277294397354126,0,0
1,30,720,2,4,-8.9869318008422852,13.086373329162598,0.087275907397270203,0.24488592147827148,0,59.206657409667969,0,25.111801147460938,1.4053601026535034,0,0
1,30,720,3,4,-9.2064380645751953,11.402052879333496,0.17340369522571564,0.72501450777053833,0,49.062404632568359,0,22.076869964599609,1.6607695817947388,0,0
1,30,720,4,4,-8.7676753997802734,6.1302404403686523,0.58323228359222412,1.0939067602157593,0,48.885524749755859,0,20.404077529907227,1.7372391223907471,0,0
1,30,720,5,4,-9.0673904418945312,9.2198419570922852,0.33871379494667053,2.2317013740539551,0,46.665477752685547,0,20.387529373168945,2.2568175792694092,0,0
1,30,720,6,4,-8.4200553894042969,5.2899808883666992,0.78997212648391724,3.5896990299224854,0,48.584568023681641,0,19.614572525024414,1.7254084348678589,0,0
1,30,720,7,4,-8.5569734573364258,9.1023979187011719,0.30534589290618896,0.5594940185546875,0,51.478416442871094,0,22.176416397094727,1.0289779901504517,0,0
1,30,720,0,5,-8.5427179336547852,34.047172546386719,0.30947515368461609,2.0036401748657227,0,51.393646240234375,0,23.111827850341797,0.15368500351905823,0,0
1,30,720,1,5,-9.1480827331542969,13.214314460754395,0.10811740159988403,0.45011064410209656,0,58.374359130859375,0,25.077423095703125,0.66012102365493774,0,0
1,30,720,2,5,-9.1110439300537109,12.819634437561035,0.090533845126628876,0.20302584767341614,0,59.061908721923828,0,24.877082824707031,1.3065160512924194,0,0
1,30,720,3,5,-9.1322460174560547,10.493012428283691,0.20711496472358704,1.819231390953064,0,49.902301788330078,0,21.759208679199219,1.929774284362793,0,0
1,30,720,4,5,-8.984919548034668,8.7710552215576172,0.35728633403778076,3.3957080841064453,0,48.367237091064453,0,20.652561187744141,1.8502624034881592,0,0
1,30,720,5,5,-8.4971895217895508,5.860997200012207,0.6469348669052124,2.310145378112793,0,47.638019561767578,0,20.112279891967773,1.6218386888504028,0,0
1,30,720,6,5,-8.5178337097167969,6.7189998626708984,0.51326680183410645,5.9120383262634277,0,49.804344177246094,0,22.06657600402832,1.3199344873428345,0,0
1,30,720,7,5,-8.0397348403930664,6.6845145225524902,0.5331881046295166,1.9252203702926636,0,48.933792114257812,0,21.945873260498047,0.96235066652297974,0,0
1,30,720,0,6,-8.6368350982666016,24.73219108581543,0.37488275766372681,2.141986608505249,0,45.196418762207031,0,21.618976593017578,0.13122169673442841,0,0
1,30,720,1,6,-9.0244274139404297,11.061717987060547,0.14149422943592072,0.42202094197273254,0,55.639415740966797,0,24.12455940246582,0.73937135934829712,0,0
1,30,720,2,6,-9.1112861633300781,12.539078712463379,0.091453298926353455,0.22557142376899719,0,58.486553192138672,0,24.552026748657227,1.533646821975708,0,0
1,30,720,3,6,-8.9179601669311523,10.670699119567871,0.26057526469230652,3.9036974906921387,0,52.748970031738281,0,22.595771789550781,1.8546887636184692,0,0
1,30,720,4,6,-8.5046768188476562,6.3514885902404785,0.64692801237106323,4.0234050750732422,0,48.297603607177734,0,20.101839065551758,1.1756449937820435,0,0
1,30,720,5,6,-8.4907503128051758,6.1167922019958496,0.53262436389923096,18.231489181518555,0.0024999999441206455,47.036838531494141,0,20.852428436279297,1.4032460451126099,0,0
1,30,720,6,6,-8.0223350524902344,4.8011808395385742,1.0305311679840088,3.9690799713134766,0,49.316486358642578,0,21.743131637573242,1.4524708986282349,0,0
1,30,720,7,6,-7.9235763549804688,7.1025257110595703,0.56282335519790649,3.4362506866455078,0,48.989757537841797,0,22.285009384155273,1.0380258560180664,0,0
1,30,720,0,7,-8.4232082366943359,18.195705413818359,0.2993464469909668,1.2142257690429688,0,49.117721557617188,0,22.119861602783203,0.11156090348958969,0,0
1,30,720,1,7,-8.8250293731689453,13.519209861755371,0.194752037525177,0.55785149335861206,0,52.744228363037109,0,23.389116287231445,0.50249773263931274,0,0
1,30,720,2,7,-8.7559823989868164,13.628876686096191,0.18077659606933594,3.6892695426940918,0,56.185859680175781,0,23.922243118286133,0.78693032264709473,0,0
1,30,720,3,7,-8.4279661178588867,12.2701416015625,0.29330000281333923,1.8334741592407227,0,55.098415374755859,0,23.208110809326172,0.49256175756454468,0,0
1,30,720,4,7,-8.5296049118041992,11.387495040893555,0.34469854831695557,1.1396946907043457,0,51.959022521972656,0,22.89948844909668,0.55382835865020752,0,0
1,30,720,5,7,-8.3402605056762695,10.510049819946289,0.35028716921806335,1.7808055877685547,0,51.772544860839844,0,23.234411239624023,0.82475495338439941,0,0
1,30,720,6,7,-8.1589164733886719,10.975997924804688,0.36222654581069946,0.97158253192901611,0,52.050197601318359,0,23.870693206787109,0.82517409324645996,0,0
1,30,720,7,7,-7.7545804977416992,10.749053001403809,0.35327190160751343,1.3492664098739624,0,55.404872894287109,0,24.115964889526367,0.70184856653213501,0,0
1,60,1440,0,0,-3.6378943920135498,41.866531372070312,0,0,0,62.960060119628906,0,19.542051315307617,0.08785393089056015,0,0
1,60,1440,1,0,-2.4806249141693115,7.9524784088134766,0,0,0,67.122138977050781,0,20.038461685180664,0.23104071617126465,0,0
1,60,1440,2,0,-2.4029204845428467,8.4982328414916992,0,0,0,66.420730590820312,0,20.085580825805664,0.19166713953018188,0,0
1,60,1440,3,0,-2.2367391586303711,8.4310874938964844,0,0,0,69.6219482421875,0,20.778438568115234,0.28198197484016418,0,0
1,60,1440,4,0,-2.1849360466003418,8.8234796524047852,0,0,0,69.75433349609375,0,20.82514762878418,0.2724936306476593,0,0
1,60,1440,5,0,-2.2799122333526611,8.7754764556884766,0,0,0,64.691230773925781,0,19.612600326538086,0.18509973585605621,0,0
1,60,1440,6,0,-1.9950325489044189,6.3246665000915527,0,0,0,60.672142028808594,0,18.625236511230469,0.33757457137107849,0,0
1,60,1440,7,0,-1.9706895351409912,7.4718184471130371,0,0,0,61.845024108886719,0,17.901226043701172,0.28869134187698364,0,0
1,60,1440,0,1,-3.7788667678833008,54.875205993652344,0,0,0,59.963848114013672,0,18.435182571411133,0.1443149745464325,0,0
1,60,1440,1,1,-2.4885282516479492,0.22178293764591217,0,0,0,63.917675018310547,0,18.945663452148438,0.63840562105178833,0,0
1,60,1440,2,1,-2.5456173419952393,0.16793063282966614,0,0,0,61.417568206787109,0,18.907772064208984,0.8159109354019165,0,0
1,60,1440,3,1,-2.5009257793426514,0.48378714919090271,0,0,0,64.715194702148438,0,19.577634811401367,1.2881298065185547,0,0
1,60,1440,4,1,-2.56892991065979,1.0041804313659668,0,0,0,65.927207946777344,0,18.580005645751953,1.5757428407669067,0,0
1,60,1440,5,1,-2.8187341690063477,3.0258626937866211,0,0,0,65.448646545410156,0,17.929084777832031,1.1798343658447266,0,0
1,60,1440,6,1,-2.8167352676391602,3.5555489063262939,0,0,0,62.801029205322266,0,17.736516952514648,1.0809324979782104,0,0
1,60,1440,7,1,-2.1300017833709717,3.6143712997436523,0,0,0,63.472137451171875,0,18.875482559204102,0.7157321572303772,0,0
1,60,1440,0,2,-3.6654665470123291,61.743362426757812,0,0,0,57.955429077148438,0,18.085351943969727,0.10299553722143173,0,0
1,60,1440,1,2,-2.704035758972168,0.93239474296569824,0,0,0,60.294486999511719,0,17.511650085449219,0.65078496932983398,0,0
1,60,1440,2,2,-3.187103271484375,3.9374885559082031,0,0,0,59.692428588867188,0,17.14293098449707,0.88536715507507324,0,0
1,60,1440,3,2,-3.5739164352416992,6.4388718605041504,0,0,0,61.389514923095703,0,17.364805221557617,0.9872514009475708,0,0
1,60,1440,4,2,-3.1066882610321045,3.7524449825286865,0,0,0,62.047176361083984,0,18.050075531005859,0.93848061561584473,0,0
1,60,1440,5,2,-2.3942191600799561,0.0092954579740762711,6.2099839851725847E-05,0.024839937686920166,0,62.78802490234375,0,19.118244171142578,0.88667815923690796,0,0
1,60,1440,6,2,-2.3942501544952393,0,0,0,0,59.839859008789062,0,18.961479187011719,1.1820578575134277,0,0
1,60,1440,7,2,-2.3398647308349609,2.943281888961792,0,0,0,66.731185913085938,0,20.174570083618164,1.1488333940505981,0,0
1,60,1440,0,3,-3.6127541065216064,60.405792236328125,0,0,0,56.648208618164062,0,16.531322479248047,0.058414705097675323,0,0
1,60,1440,1,3,-2.7709836959838867,2.7687337398529053,0,0,0,59.736888885498047,0,18.057645797729492,0.32652577757835388,0,0
1,60,1440,2,3,-2.2695155143737793,0,0,0,0,65.644729614257812,0,20.079502105712891,0.64940494298934937,0,0
1,60,1440,3,3,-2.6510069370269775,0.7547147274017334,0,0,0,64.290321350097656,0,18.630069732666016,1.1993409395217896,0,0
1,60,1440,4,3,-2.5803987979888916,0,0,0,0,61.133037567138672,0,17.575494766235352,1.7967761754989624,0,0
1,60,1440,5,3,-2.6525058746337891,0,0,0,0,59.360843658447266,0,17.457529067993164,1.4025638103485107,0,0
1,60,1440,6,3,-2.7925803661346436,0.40237101912498474,0,0,0,58.582386016845703,0,17.356176376342773,1.5957852602005005,0,0
1,60,1440,7,3,-2.6271710395812988,5.6586294174194336,0,0,0,61.172447204589844,0,18.130159378051758,1.1238381862640381,0,0
1,60,1440,0,4,-3.2971773147583008,61.165458679199219,0,0,0,59.227783203125,0,17.995939254760742,0.10560570657253265,0,0
1,60,1440,1,4,-2.3518147468566895,0,0,0,0,66.079917907714844,0,19.73663330078125,0.6375393271446228,0,0
1,60,1440,2,4,-2.3929615020751953,0.59085005521774292,0,0,0,69.463249206542969,0,20.314865112304688,1.021315336227417,0,0
1,60,1440,3,4,-2.8079404830932617,0.87331175804138184,0,0,0,61.101303100585938,0,17.647758483886719,1.4142762422561646,0,0
1,60,1440,4,4,-2.705988883972168,0,0,0,0,55.910312652587891,0,16.60603141784668,1.6347227096557617,0,0
1,60,1440,5,4,-2.8593173027038574,0.9948890209197998,0,0,0,54.433036804199219,0,16.439208984375,1.4088584184646606,0,0
1,60,1440,6,4,-2.6077401638031006,1.1897388696670532,0,0,0,54.058071136474609,0,16.029430389404297,1.4352055788040161,0,0
1,60,1440,7,4,-2.5260002613067627,1.8327778577804565,0,0,0,58.806411743164062,0,18.061237335205078,0.90595376491546631,0,0
1,60,1440,0,5,-3.448875904083252,55.797622680664062,0,0,0,59.834636688232422,0,18.661027908325195,0.1190032958984375,0,0
1,60,1440,1,5,-2.7528843879699707,1.8066751956939697,0,0,0,67.509590148925781,0,20.185155868530273,0.66737532615661621,0,0
1,60,1440,2,5,-2.7071096897125244,1.9254429340362549,0,0,0,69.437347412109375,0,20.054927825927734,0.78939396142959595,0,0
1,60,1440,3,5,-2.6868679523468018,0.044458016753196716,0,0,0,61.832733154296875,0,17.477001190185547,1.1568986177444458,0,0
1,60,1440,4,5,-2.7872245311737061,0.57201611995697021,0,0,0,56.791194915771484,0,16.669778823852539,1.5921707153320312,0,0
1,60,1440,5,5,-2.6727356910705566,1.8584696054458618,0,0,0,52.273933410644531,0,16.417726516723633,1.020155668258667,0,0
1,60,1440,6,5,-2.4214437007904053,0,0,0,0,56.066867828369141,0,18.093101501464844,0.87269353866577148,0,0
1,60,1440,7,5,-1.9389104843139648,0.32507777214050293,0,0,0,56.031391143798828,0,18.172723770141602,0.87687820196151733,0,0
1,60,1440,0,6,-3.4920132160186768,38.274402618408203,0,0,0,53.107940673828125,0,17.374706268310547,0.14749597012996674,0,0
1,60,1440,1,6,-2.5317521095275879,0.082362137734889984,0,0,0,64.864181518554688,0,19.541980743408203,0.72349375486373901,0,0
1,60,1440,2,6,-2.5625433921813965,0.43473109602928162,0,0,0,69.266670227050781,0,19.791807174682617,0.81061244010925293,0,0
1,60,1440,3,6,-2.6643157005310059,1.9202495813369751,0,0,0,62.799747467041016,0,18.27015495300293,1.307050347328186,0,0
1,60,1440,4,6,-2.660236120223999,2.3639507293701172,0,0,0,53.094112396240234,0,16.411716461181641,1.321402907371521,0,0
1,60,1440,5,6,-2.4521937370300293,0,0,0,0,52.909523010253906,0,17.094423294067383,0.71619629859924316,0,0
1,60,1440,6,6,-2.114530086517334,0,0,0,0,55.737480163574219,0,18.069772720336914,0.93198555707931519,0,0
1,60,1440,7,6,-1.8001787662506104,0.064132779836654663,0,0,0,56.686794281005859,0,18.515905380249023,1.1360687017440796,0,0
1,60,1440,0,7,-2.9562027454376221,18.983856201171875,0,0,0,58.983680725097656,0,17.915449142456055,0.084033243358135223,0,0
1,60,1440,1,7,-2.6779108047485352,5.200406551361084,0,0,0,63.200016021728516,0,18.887723922729492,0.27105298638343811,0,0
1,60,1440,2,7,-2.7584586143493652,6.7077312469482422,0,0,0,65.756980895996094,0,19.369251251220703,0.42642223834991455,0,0
1,60,1440,3,7,-2.6703593730926514,8.3252019882202148,0,0,0,61.3546142578125,0,18.950447082519531,0.41069403290748596,0,0
1,60,1440,4,7,-2.5275108814239502,4.9990406036376953,0,0,0,60.834003448486328,0,18.682659149169922,0.383268803358078,0,0
1,60,1440,5,7,-2.3563859462738037,4.045377254486084,0,0,0,60.175083160400391,0,19.060506820678711,0.35532850027084351,0,0
1,60,1440,6,7,-2.0427782535552979,3.1795341968536377,0,0,0,61.681858062744141,0,19.714067459106445,0.50703758001327515,0,0
1,60,1440,7,7,-1.6903694868087769,3.4794113636016846,0,0,0,65.305625915527344,0,20.129167556762695,0.40523740649223328,0,0
1,90,2160,0,0,8.4581422805786133,0,0,0,0,75.704254150390625,0,19.766023635864258,0.049966532737016678,0,0
1,90,2160,1,0,8.4274358749389648,0,0,0,0,70.493911743164062,0,20.784873962402344,0.27242472767829895,0,0
1,90,2160,2,0,8.8305625915527344,0,0,0,0,70.284652709960938,0,20.911798477172852,0.33162781596183777,0,0
1,90,2160,3,0,9.0494918823242188,0,0,0,0,71.996864318847656,0,21.69708251953125,0.37934431433677673,0,0
1,90,2160,4,0,8.9961862564086914,0,0,0,0,71.468650817871094,0,21.719661712646484,0.59512078762054443,0,0
1,90,2160,5,0,9.1658830642700195,0,0,0,0,68.4130859375,0,20.562723159790039,0.46606406569480896,0,0
1,90,2160,6,0,9.2037172317504883,0,0,0,0,63.302768707275391,0,19.639032363891602,0.46023154258728027,0,0
1,90,2160,7,0,9.2998504638671875,0,0,0,0,64.776107788085938,0,18.880865097045898,0.50345414876937866,0,0
1,90,2160,0,1,8.1453561782836914,0,0.0024463171139359474,0.11651590466499329,0,75.672286987304688,0,18.516839981079102,0.038977563381195068,0,0
1,90,2160,1,1,8.0731515884399414,0,0,0,0,64.184555053710938,0,19.610080718994141,0.38244250416755676,0,0
1,90,2160,2,1,8.2494277954101562,0,0,0,0,61.400554656982422,0,19.586523056030273,0.7575494647026062,0,0
1,90,2160,3,1,8.4089622497558594,0,0,0,0,64.916580200195312,0,20.288908004760742,0.75465810298919678,0,0
1,90,2160,4,1,8.1790647506713867,0,0,0,0,65.952186584472656,0,19.249837875366211,0.87719625234603882,0,0
1,90,2160,5,1,8.2033700942993164,0,0,0,0,65.082229614257812,0,18.505224227905273,0.758503258228302,0,0
1,90,2160,6,1,8.3161840438842773,0,0,0,0,62.680706024169922,0,18.384050369262695,0.58666962385177612,0,0
1,90,2160,7,1,8.7987689971923828,0,0,0,0,63.901584625244141,0,19.819896697998047,0.53000444173812866,0,0
1,90,2160,0,2,8.5440025329589844,0,0.13058817386627197,18.274711608886719,0.0024999999441206455,78.181106567382812,0,18.274761199951172,0.024539759382605553,0,0
1,90,2160,1,2,8.1261320114135742,0,0,0,0,60.181674957275391,0,18.115083694458008,0.30495947599411011,0,0
1,90,2160,2,2,7.9522585868835449,0,0,0,0,59.771926879882812,0,17.576887130737305,0.56178855895996094,0,0
1,90,2160,3,2,7.7940959930419922,0,0,0,0,63.32501220703125,0,17.695173263549805,0.76365196704864502,0,0
1,90,2160,4,2,7.9684052467346191,0,0,0,0,63.024166107177734,0,18.554574966430664,1.0108282566070557,0,0
1,90,2160,5,2,8.4652795791625977,0,6.0454047343228012E-05,0.02418161928653717,0,62.58099365234375,0,19.988971710205078,1.0732711553573608,0,0
1,90,2160,6,2,8.5444984436035156,0,0,0,0,59.619239807128906,0,19.905553817749023,0.80596113204956055,0,0
1,90,2160,7,2,8.8098936080932617,0,0.00019718041585292667,0.078872166574001312,0,69.435028076171875,0,21.162271499633789,0.7392842173576355,0,0
1,90,2160,0,3,8.4279861450195312,0,0.11192645132541656,5.5417971611022949,0,76.135505676269531,0,16.737266540527344,0.050694797188043594,0,0
1,90,2160,1,3,8.1453237533569336,0,0,0,0,60.216812133789062,0,18.66046142578125,0.41421005129814148,0,0
1,90,2160,2,3,8.4650516510009766,0,0,0,0,65.379440307617188,0,20.898529052734375,0.63072341680526733,0,0
1,90,2160,3,3,8.2711095809936523,0,0,0,0,64.760032653808594,0,19.326492309570312,0.83432126045227051,0,0
1,90,2160,4,3,8.2393531799316406,0,0,0,0,60.940502166748047,0,18.281694412231445,1.1188143491744995,0,0
1,90,2160,5,3,8.1638565063476562,0,0,0,0,59.172515869140625,0,18.165504455566406,1.2587569952011108,0,0
1,90,2160,6,3,8.2089691162109375,0,0,0,0,58.760734558105469,0,18.025484085083008,0.88263869285583496,0,0
1,90,2160,7,3,8.5809593200683594,0,0.01044161431491375,1.3914746046066284,0,65.63995361328125,0,18.864883422851562,0.52141010761260986,0,0
1,90,2160,0,4,8.8776836395263672,0,0.072102107107639313,6.677337646484375,0,82.272666931152344,0,18.49268913269043,0.026087861508131027,0,0
1,90,2160,1,4,8.0984706878662109,0,0,0,0,65.927696228027344,0,20.486932754516602,0.3914257287979126,0,0
1,90,2160,2,4,8.3776111602783203,0,0,0,0,69.699508666992188,0,21.097177505493164,0.65577948093414307,0,0
1,90,2160,3,4,8.0168466567993164,0,0,0,0,61.7415771484375,0,18.282737731933594,0.71652090549468994,0,0
1,90,2160,4,4,7.8763370513916016,0,0,0,0,55.745571136474609,0,17.232748031616211,0.9771575927734375,0,0
1,90,2160,5,4,7.952509880065918,0,0,0,0,55.013019561767578,0,17.033596038818359,1.0723544359207153,0,0
1,90,2160,6,4,8.493596076965332,0,0,0,0,55.060703277587891,0,16.78166389465332,0.48513585329055786,0,0
1,90,2160,7,4,8.6003236770629883,0,0,0,0,61.333290100097656,0,18.915840148925781,0.62718546390533447,0,0
1,90,2160,0,5,8.3966217041015625,0,0.016324866563081741,1.0349674224853516,0,78.810737609863281,0,19.008661270141602,0.031923722475767136,0,0
1,90,2160,1,5,7.5987892150878906,0,0,0,0,68.821380615234375,0,20.744468688964844,0.38091921806335449,0,0
1,90,2160,2,5,7.9762778282165527,0,0,0,0,70.092697143554688,0,20.617155075073242,0.67280870676040649,0,0
1,90,2160,3,5,7.6625933647155762,0,0,0,0,61.689220428466797,0,18.082103729248047,0.74558764696121216,0,0
1,90,2160,4,5,7.7471389770507812,0,0,0,0,57.178089141845703,0,17.253475189208984,0.91141617298126221,0,0
1,90,2160,5,5,8.4086952209472656,0,0,0,0,53.696140289306641,0,17.135503768920898,0.57204318046569824,0,0
1,90,2160,6,5,8.5433015823364258,0,0,0,0,55.874279022216797,0,18.994949340820312,0.64218902587890625,0,0
1,90,2160,7,5,8.9143362045288086,0,0,0,0,57.053928375244141,0,19.253480911254883,0.70610570907592773,0,0
1,90,2160,0,6,8.4905433654785156,0,0,0,0,70.54534912109375,0,17.771821975708008,0.032985411584377289,0,0
1,90,2160,1,6,7.8902087211608887,0,0,0,0,64.944633483886719,0,20.136686325073242,0.36621111631393433,0,0
1,90,2160,2,6,8.0862884521484375,0,0,0,0,69.364021301269531,0,20.398096084594727,0.47656300663948059,0,0
1,90,2160,3,6,8.2736883163452148,0,0,0,0,63.985187530517578,0,18.928228378295898,0.45204970240592957,0,0
1,90,2160,4,6,8.4478378295898438,0,0,0,0,54.810409545898438,0,17.088478088378906,0.34439748525619507,0,0
1,90,2160,5,6,8.5407886505126953,0,0,0,0,52.7369384765625,0,17.912176132202148,0.49306955933570862,0,0
1,90,2160,6,6,8.8571462631225586,0,0,0,0,55.53460693359375,0,19.120349884033203,0.57143867015838623,0,0
1,90,2160,7,6,9.0732135772705078,0,0,0,0,57.101142883300781,0,19.658111572265625,0.55075764656066895,0,0
1,90,2160,0,7,9.2384576797485352,0,0,0,0,69.371871948242188,0,18.791765213012695,0.0099202925339341164,0,0
1,90,2160,1,7,8.6684503555297852,0,0,0,0,66.922355651855469,0,19.68842887878418,0.043472576886415482,0,0
1,90,2160,2,7,8.6432428359985352,0,0,0,0,70.757904052734375,0,20.122575759887695,0.019575227051973343,0,0
1,90,2160,3,7,8.8582534790039062,0,0,0,0,67.513099670410156,0,19.808736801147461,0.048496492207050323,0,0
1,90,2160,4,7,8.773808479309082,0,0,0,0,64.069381713867188,0,19.601308822631836,0.033836189657449722,0,0
1,90,2160,5,7,8.8718013763427734,0,0,0,0,62.288066864013672,0,20.076080322265625,0.035298522561788559,0,0
1,90,2160,6,7,9.0659856796264648,0,0,0,0,62.46539306640625,0,20.888635635375977,0.037042990326881409,0,0
1,90,2160,7,7,9.3944816589355469,0,0,0,0,66.552223205566406,0,21.407260894775391,0.030996901914477348,0,0
1,120,2880,0,0,18.179967880249023,0,0.0015474059619009495,0.10541149973869324,0,74.02069091796875,0,26.763021469116211,0.00260523846372962,0,0
1,120,2880,1,0,18.140539169311523,0,0,0,0,69.684135437011719,0,27.91356086730957,0.034304369240999222,0,0
1,120,2880,2,0,18.335578918457031,0,8.1178841355722398E-05,0.032471537590026855,0,69.354904174804688,0,28.132902145385742,0.041167769581079483,0,0
1,120,2880,3,0,18.476629257202148,0,0,0,0,71.237968444824219,0,28.839914321899414,0.018088895827531815,0,0
1,120,2880,4,0,18.386707305908203,0,0,0,0,70.699562072753906,0,28.844802856445312,0.03883536159992218,0,0
1,120,2880,5,0,18.559415817260742,0,0,0,0,67.682586669921875,0,27.631855010986328,0.029143374413251877,0,0
1,120,2880,6,0,18.520784378051758,0,0,0,0,62.672016143798828,0,26.503799438476562,0.017176222056150436,0,0
1,120,2880,7,0,18.671886444091797,0,0,0,0,64.379180908203125,0,25.451757431030273,0.013824477791786194,0,0
1,120,2880,0,1,17.913063049316406,0,0.0047777127474546432,0.46212640404701233,0,75.77044677734375,0,25.278980255126953,0.01928684301674366,0,0
1,120,2880,1,1,17.233491897583008,0,0,0,0,63.709270477294922,0,26.426900863647461,0.23737490177154541,0,0
1,120,2880,2,1,17.486545562744141,0,0,0,0,60.925361633300781,0,26.479352951049805,0.46334549784660339,0,0
1,120,2880,3,1,17.651334762573242,0,0,0,0,64.409942626953125,0,27.223899841308594,0.3783913254737854,0,0
1,120,2880,4,1,17.714496612548828,0,0,0,0,65.448204040527344,0,25.880899429321289,0.35139784216880798,0,0
1,120,2880,5,1,17.448505401611328,0,0,0,0,64.515731811523438,0,24.914419174194336,0.31575670838356018,0,0
1,120,2880,6,1,17.426828384399414,0,0,0,0,62.167137145996094,0,24.747598648071289,0.060511235147714615,0,0
1,120,2880,7,1,17.858694076538086,0,0,0,0,63.345523834228516,0,26.51708984375,0.0090732136741280556,0,0
1,120,2880,0,2,17.950775146484375,0,0.0076903635635972023,0.58976453542709351,0,77.541549682617188,0,25.062313079833984,0.0087566478177905083,0,0
1,120,2880,1,2,17.283943176269531,0,0,0,0,59.909984588623047,0,24.587574005126953,0.20723474025726318,0,0
1,120,2880,2,2,17.049825668334961,0,0,0,0,59.380050659179688,0,23.880186080932617,0.37786421179771423,0,0
1,120,2880,3,2,17.05805778503418,0,0,0,0,62.813331604003906,0,23.955013275146484,0.22357240319252014,0,0
1,120,2880,4,2,17.098115921020508,0,0,0,0,62.490375518798828,0,25.063150405883789,0.056788172572851181,0,0
1,120,2880,5,2,17.589218139648438,0,0,0,0,62.111495971679688,0,26.874349594116211,0.079638414084911346,0,0
1,120,2880,6,2,17.682014465332031,0,0,0,0,59.162876129150391,0,26.823980331420898,0.13119907677173615,0,0
1,120,2880,7,2,18.059232711791992,0,0.0003010630898643285,0.060619819909334183,0,69.085487365722656,0,28.339914321899414,0.090597353875637054,0,0
1,120,2880,0,3,17.570093154907227,0,0.010056779719889164,0.70691376924514771,0,73.457267761230469,0,23.055759429931641,0.0019907739479094744,0,0
1,120,2880,1,3,17.058193206787109,0,0,0,0,59.755538940429688,0,25.201772689819336,0.041090898215770721,0,0
1,120,2880,2,3,17.446083068847656,0,0,0,0,64.839622497558594,0,27.911823272705078,0.13920195400714874,0,0
1,120,2880,3,3,17.395709991455078,0,0,0,0,64.277458190917969,0,26.208217620849609,0.13882152736186981,0,0
1,120,2880,4,3,17.413629531860352,0,0,0,0,60.519916534423828,0,24.936613082885742,0.29360136389732361,0,0
1,120,2880,5,3,17.391599655151367,0,0,0,0,58.760612487792969,0,24.71710205078125,0.52846288681030273,0,0
1,120,2880,6,3,17.289590835571289,0,0,0,0,58.362934112548828,0,24.49406623840332,0.49322926998138428,0,0
1,120,2880,7,3,17.735410690307617,0,0.0037152713630348444,0.61029374599456787,0,65.540351867675781,0,25.386781692504883,0.17513737082481384,0,0
1,120,2880,0,4,18.358755111694336,0,0.012297587469220161,0.56613099575042725,0,82.55908203125,0,25.316478729248047,0.003070098115131259,0,0
1,120,2880,1,4,17.337833404541016,0,0,0,0,65.609695434570312,0,27.275547027587891,0.1697772741317749,0,0
1,120,2880,2,4,17.454748153686523,0,0,0,0,69.1551513671875,0,28.137977600097656,0.3755078911781311,0,0
1,120,2880,3,4,16.959049224853516,0,0,0,0,61.320201873779297,0,25.051023483276367,0.40025138854980469,0,0
1,120,2880,4,4,17.154045104980469,0,0,0,0,55.384452819824219,0,23.569345474243164,0.55522304773330688,0,0
1,120,2880,5,4,17.105628967285156,0,0,0,0,54.645748138427734,0,23.317991256713867,0.73317396640777588,0,0
1,120,2880,6,4,17.511308670043945,0,0,0,0,54.69964599609375,0,22.802951812744141,0.39514857530593872,0,0
1,120,2880,7,4,17.70361328125,0,0.00024041264259722084,0.096165060997009277,0,60.990447998046875,0,25.572139739990234,0.20155069231987,0,0
1,120,2880,0,5,18.21440315246582,0,0.0031308031175285578,0.15978318452835083,0,78.127418518066406,0,25.917221069335938,0.0037801759317517281,0,0
1,120,2880,1,5,17.208703994750977,0,0,0,0,68.626907348632812,0,27.523271560668945,0.16808179020881653,0,0
1,120,2880,2,5,17.456752777099609,0,0,0,0,69.565605163574219,0,27.399408340454102,0.40022587776184082,0,0
1,120,2880,3,5,17.079240798950195,0,0,0,0,61.278182983398438,0,24.667818069458008,0.54364955425262451,0,0
1,120,2880,4,5,16.972454071044922,0,0,0,0,56.809673309326172,0,23.555744171142578,0.56860512495040894,0,0
1,120,2880,5,5,17.437091827392578,0,0,0,0,53.33087158203125,0,23.215173721313477,0.42344939708709717,0,0
1,120,2880,6,5,17.591156005859375,0,0,0,0,55.466205596923828,0,25.606430053710938,0.27138185501098633,0,0
1,120,2880,7,5,17.997859954833984,0,0,0,0,56.726036071777344,0,25.954221725463867,0.20463679730892181,0,0
1,120,2880,0,6,18.038414001464844,0,0.0011040414683520794,0.091360196471214294,0,68.287879943847656,0,24.688529968261719,0.0071992729790508747,0,0
1,120,2880,1,6,17.090730667114258,0,0,0,0,64.487564086914062,0,26.944705963134766,0.24083216488361359,0,0
1,120,2880,2,6,17.453096389770508,0,0,0,0,68.836738586425781,0,27.184589385986328,0.51716190576553345,0,0
1,120,2880,3,6,17.458244323730469,0,0,0,0,63.522193908691406,0,25.678699493408203,0.47674199938774109,0,0
1,120,2880,4,6,17.549663543701172,0,0,0,0,54.441669464111328,0,23.152303695678711,0.4004378616809845,0,0
1,120,2880,5,6,17.598249435424805,0,0,0,0,52.3641357421875,0,24.186260223388672,0.40672871470451355,0,0
1,120,2880,6,6,17.914554595947266,0,0,0,0,55.105281829833984,0,25.779460906982422,0.24357573688030243,0,0
1,120,2880,7,6,18.19343376159668,0,0,0,0,56.709209442138672,0,26.476482391357422,0.20377947390079498,0,0
1,120,2880,0,7,18.176153182983398,0,0,0,0,68.432540893554688,0,25.709278106689453,0.008989221416413784,0,0
1,120,2880,1,7,17.479394912719727,0,0,0,0,66.367301940917969,0,26.673486709594727,0.084652386605739594,0,0
1,120,2880,2,7,17.586238861083984,0,0,0,0,70.184471130371094,0,27.078861236572266,0.1305270791053772,0,0
1,120,2880,3,7,17.804018020629883,0,0,0,0,66.908226013183594,0,26.603069305419922,0.075040258467197418,0,0
1,120,2880,4,7,17.708412170410156,0,0,0,0,63.523788452148438,0,26.496110916137695,0.10342007130384445,0,0
1,120,2880,5,7,17.823118209838867,0,0,0,0,61.741596221923828,0,27.037887573242188,0.12490136176347733,0,0
1,120,2880,6,7,17.980365753173828,0,0,0,0,61.890407562255859,0,28.022525787353516,0.11276461184024811,0,0
1,120,2880,7,7,18.388605117797852,0,0,0,0,65.985328674316406,0,28.465373992919922,0.098604187369346619,0,0
1,150,3600,0,0,25.589178085327148,0,0.00064960471354424953,0.060169011354446411,0,73.201736450195312,0,29.783706665039062,0.0017715180292725563,0,0
1,150,3600,1,0,25.640758514404297,0,0,0,0,68.738754272460938,0,30.9793701171875,0.00067710387520492077,0,0
1,150,3600,2,0,25.847831726074219,0,0.00020037248032167554,0.041899114847183228,0,68.43035888671875,0,31.173418045043945,0.0010906570823863149,0,0
1,150,3600,3,0,25.972492218017578,0,0.00014848142745904624,0.035210385918617249,0,70.259300231933594,0,31.669218063354492,0.0054555232636630535,0,0
1,150,3600,4,0,25.856624603271484,0,0,0,0,69.69415283203125,0,31.62774658203125,0.0012032187078148127,0,0
1,150,3600,5,0,26.075935363769531,0,0,0,0,66.767860412597656,0,30.386867523193359,0.00020926241995766759,0,0
1,150,3600,6,0,26.006887435913086,0,0,0,0,61.882122039794922,0,28.92469596862793,0.0045906114391982555,0,0
1,150,3600,7,0,26.220663070678711,0,0,0,0,63.592945098876953,0,27.983715057373047,0.00066864723339676857,0,0
1,150,3600,0,1,25.317352294921875,0,0.00038646016037091613,0.042414359748363495,0,75.0743408203125,0,28.377994537353516,0.035823434591293335,0,0
1,150,3600,1,1,24.90498161315918,0,0,0,0,62.864128112792969,0,29.473499298095703,0.085550203919410706,0,0
1,150,3600,2,1,24.872325897216797,0,0,0,0,60.101806640625,0,29.481582641601562,0.10928135365247726,0,0
1,150,3600,3,1,25.063812255859375,0,0,0,0,63.544902801513672,0,30.220224380493164,0.099631227552890778,0,0
1,150,3600,4,1,25.158849716186523,0,0,0,0,64.618110656738281,0,28.813190460205078,0.1043270155787468,0,0
1,150,3600,5,1,24.849420547485352,0,0,0,0,63.671756744384766,0,27.909088134765625,0.11529321223497391,0,0
1,150,3600,6,1,24.807449340820312,0,0,0,0,61.372764587402344,0,27.625349044799805,0.10901893675327301,0,0
1,150,3600,7,1,25.283334732055664,0,0.0004269340424798429,0.065729677677154541,0,62.545230865478516,0,29.500282287597656,0.049093246459960938,0,0
1,150,3600,0,2,25.349861145019531,0,0.0012459768913686275,0.068011730909347534,0,76.819847106933594,0,28.046977996826172,0.054471705108880997,0,0
1,150,3600,1,2,24.967132568359375,0,0,0,0,59.113349914550781,0,27.601524353027344,0.19387029111385345,0,0
1,150,3600,2,2,24.617284774780273,0,0,0,0,58.581729888916016,0,26.960422515869141,0.29469034075737,0,0
1,150,3600,3,2,24.427589416503906,0,0,0,0,62.015529632568359,0,27.146297454833984,0.27385035157203674,0,0
1,150,3600,4,2,24.464271545410156,0,0,0,0,61.731815338134766,0,28.190942764282227,0.25636160373687744,0,0
1,150,3600,5,2,24.995073318481445,0,0,0,0,61.324836730957031,0,29.76807975769043,0.30350151658058167,0,0
1,150,3600,6,2,25.104053497314453,0,0,0,0,58.407081604003906,0,29.56336784362793,0.27399080991744995,0,0
1,150,3600,7,2,25.579494476318359,0,3.3660828194115311E-05,0.01263754814863205,0,68.227241516113281,0,31.68379020690918,0.09720776230096817,0,0
1,150,3600,0,3,25.056146621704102,0,0.0018849654588848352,0.43217161297798157,0,72.635520935058594,0,25.896549224853516,0.024396959692239761,0,0
1,150,3600,1,3,24.634592056274414,0,0,0,0,58.970333099365234,0,28.137006759643555,0.12138328701257706,0,0
1,150,3600,2,3,24.961912155151367,0,0,0,0,63.926673889160156,0,30.77374267578125,0.19997717440128326,0,0
1,150,3600,3,3,24.856952667236328,0,0,0,0,63.448554992675781,0,29.28367805480957,0.24850055575370789,0,0
1,150,3600,4,3,24.799921035766602,0,0,0,0,59.806247711181641,0,27.80415153503418,0.31698507070541382,0,0
1,150,3600,5,3,24.774587631225586,0,0,0,0,58.067611694335938,0,27.473072052001953,0.37711858749389648,0,0
1,150,3600,6,3,24.680002212524414,0,0,0,0,57.693244934082031,0,27.287580490112305,0.32939741015434265,0,0
1,150,3600,7,3,25.200403213500977,0,0.00099789421074092388,0.091248981654644012,0,64.903854370117188,0,28.516860961914062,0.052492208778858185,0,0
1,150,3600,0,4,25.726516723632812,0,0.0011197100393474102,0.053530365228652954,0,81.962257385253906,0,27.989612579345703,0.013760296627879143,0,0
1,150,3600,1,4,25.093473434448242,0,0,0,0,64.740684509277344,0,30.24113655090332,0.1288788914680481,0,0
1,150,3600,2,4,25.044258117675781,0,0,0,0,68.207763671875,0,31.175457000732422,0.2679743766784668,0,0
1,150,3600,3,4,24.75909423828125,0,0,0,0,60.566432952880859,0,28.122827529907227,0.40223094820976257,0,0
1,150,3600,4,4,24.758052825927734,0,0,0,0,54.757064819335938,0,26.22502326965332,0.34394493699073792,0,0
1,150,3600,5,4,24.631917953491211,0,0,0,0,54.0238037109375,0,25.981050491333008,0.4222278892993927,0,0
1,150,3600,6,4,24.879474639892578,0,0,0,0,54.096218109130859,0,25.135684967041016,0.18698924779891968,0,0
1,150,3600,7,4,25.132619857788086,0,0.00050154275959357619,0.049809545278549194,0,60.369987487792969,0,28.471408843994141,0.036527831107378006,0,0
1,150,3600,0,5,25.552785873413086,0,0.00032789475517347455,0.027648411691188812,0,77.402992248535156,0,28.728912353515625,0.012314756400883198,0,0
1,150,3600,1,5,24.872512817382812,0,0,0,0,67.709983825683594,0,30.806215286254883,0.15345548093318939,0,0
1,150,3600,2,5,24.907001495361328,0,0,0,0,68.637802124023438,0,30.613302230834961,0.31258493661880493,0,0
1,150,3600,3,5,24.696367263793945,0,0,0,0,60.54693603515625,0,27.643321990966797,0.31689634919166565,0,0
1,150,3600,4,5,24.67315673828125,0,0,0,0,56.163799285888672,0,26.335054397583008,0.28935536742210388,0,0
1,150,3600,5,5,24.86945915222168,0,0,0,0,52.722003936767578,0,25.525388717651367,0.19316643476486206,0,0
1,150,3600,6,5,24.974948883056641,0,0,0,0,54.789939880371094,0,28.090816497802734,0.14200817048549652,0,0
1,150,3600,7,5,25.422311782836914,0,0,0,0,56.073925018310547,0,28.438390731811523,0.073778681457042694,0,0
1,150,3600,0,6,25.360498428344727,0,0.00023115160001907498,0.037706255912780762,0,67.504325866699219,0,27.383874893188477,0.017708519473671913,0,0
1,150,3600,1,6,24.873088836669922,0,0,0,0,63.63616943359375,0,30.130233764648438,0.15299597382545471,0,0
1,150,3600,2,6,24.860479354858398,0,0,0,0,67.93218994140625,0,30.391996383666992,0.29844996333122253,0,0
1,150,3600,3,6,24.840875625610352,0,0,0,0,62.742244720458984,0,28.663372039794922,0.3382239043712616,0,0
1,150,3600,4,6,24.954944610595703,0,0,0,0,53.830883026123047,0,25.485652923583984,0.15831014513969421,0,0
1,150,3600,5,6,24.984636306762695,0,0,0,0,51.746711730957031,0,26.455961227416992,0.15493547916412354,0,0
1,150,3600,6,6,25.302486419677734,0,0,0,0,54.399250030517578,0,28.073741912841797,0.22421729564666748,0,0
1,150,3600,7,6,25.654117584228516,0,0,0,0,56.004226684570312,0,29.001895904541016,0.085782304406166077,0,0
1,150,3600,0,7,25.442705154418945,0,0,0,0,67.549766540527344,0,28.089700698852539,0.0094532286748290062,0,0
1,150,3600,1,7,24.858070373535156,0,0,0,0,65.495063781738281,0,29.484951019287109,0.090643763542175293,0,0
1,150,3600,2,7,24.89820671081543,0,0,0,0,69.287353515625,0,30.095508575439453,0.20245835185050964,0,0
1,150,3600,3,7,25.109031677246094,0,0,0,0,66.078193664550781,0,29.211265563964844,0.082235082983970642,0,0
1,150,3600,4,7,25.016019821166992,0,0,0,0,62.715568542480469,0,29.107036590576172,0.057954072952270508,0,0
1,150,3600,5,7,25.142139434814453,0,0,0,0,60.922607421875,0,29.583745956420898,0.15111295878887177,0,0
1,150,3600,6,7,25.290929794311523,0,0,0,0,61.014591217041016,0,30.531742095947266,0.16931505501270294,0,0
1,150,3600,7,7,25.772176742553711,0,0,0,0,65.064094543457031,0,31.028373718261719,0.05002131313085556,0,0
1,180,4320,0,0,28.437747955322266,0,0.00035970806493423879,0.050565049052238464,0,72.140968322753906,0,31.476057052612305,0.013473197817802429,0,0
1,180,4320,1,0,28.502456665039062,0,0,0,0,67.623001098632812,0,32.577133178710938,0.040226873010396957,0,0
1,180,4320,2,0,28.716218948364258,0,0.00015620897465851158,0.033526554703712463,0,67.335418701171875,0,32.800655364990234,0.0469643734395504,0,0
1,180,4320,3,0,28.836532592773438,0,0.00010302889859303832,0.025571063160896301,0,69.110771179199219,0,33.239940643310547,0.053546302020549774,0,0
1,180,4320,4,0,28.715690612792969,0,0,0,0,68.515876770019531,0,33.192447662353516,0.049672607332468033,0,0
1,180,4320,5,0,28.945295333862305,0,1.869518200692255E-05,0.0046135783195495605,0,65.705368041992188,0,31.975406646728516,0.042901530861854553,0,0
1,180,4320,6,0,28.871782302856445,0,0,0,0,60.952594757080078,0,30.369924545288086,0.063977323472499847,0,0
1,180,4320,7,0,29.098545074462891,0,0,0,0,62.656841278076172,0,29.476114273071289,0.015159944072365761,0,0
1,180,4320,0,1,28.155429840087891,0,0.00015118379087653011,0.027129098773002625,0,74.065254211425781,0,30.098831176757812,0.045695975422859192,0,0
1,180,4320,1,1,27.750087738037109,0,0,0,0,61.86541748046875,0,30.994327545166016,0.12308663874864578,0,0
1,180,4320,2,1,27.719062805175781,0,0,0,0,59.130786895751953,0,31.007034301757812,0.16421659290790558,0.0024999999441206455,0.00021443051809910685
1,180,4320,3,1,27.915182113647461,0,0,0,0,62.527503967285156,0,31.702192306518555,0.22401286661624908,0,0
1,180,4320,4,1,28.015239715576172,0,0,0,0,63.639862060546875,0,30.249666213989258,0.14975312352180481,0,0
1,180,4320,5,1,27.698907852172852,0,0,0,0,62.672698974609375,0,29.393869400024414,0.15530113875865936,0,0
1,180,4320,6,1,27.654705047607422,0,0,0,0,60.432823181152344,0,29.040266036987305,0.1567704975605011,0,0
1,180,4320,7,1,28.142868041992188,0,0.00037601136136800051,0.055984184145927429,0,61.61187744140625,0,31.048202514648438,0.015812180936336517,0,0
1,180,4320,0,2,28.184036254882812,0,0.00081177143147215247,0.053074076771736145,0,75.868362426757812,0,29.742731094360352,0.01404092088341713,0,0
1,180,4320,1,2,27.819522857666016,0,0,0,0,58.166759490966797,0,29.090023040771484,0.068753011524677277,0,0
1,180,4320,2,2,27.46418571472168,0,0,0,0,57.631916046142578,0,28.479129791259766,0.14724101126194,0,0
1,180,4320,3,2,27.272089004516602,0,0,0,0,61.065486907958984,0,28.611190795898438,0.22086162865161896,0,0
1,180,4320,4,2,27.309736251831055,0,0,0,0,60.831447601318359,0,29.549629211425781,0.16903369128704071,0,0
1,180,4320,5,2,27.847028732299805,0,0.00024887805921025574,0.09955122321844101,0,60.410308837890625,0,31.126201629638672,0.17766249179840088,0,0
1,180,4320,6,2,27.958293914794922,0,0,0,0,57.522426605224609,0,30.862804412841797,0.19908986985683441,0,0
1,180,4320,7,2,28.453475952148438,0,0,0,0,67.212638854980469,0,33.238636016845703,0.02909642830491066,0,0
1,180,4320,0,3,27.885515213012695,0,0.00085387710714712739,0.12198260426521301,0,71.640495300292969,0,27.483116149902344,0.015518535859882832,0,0
1,180,4320,1,3,27.475540161132812,0,0,0,0,58.040542602539062,0,29.577066421508789,0.099829331040382385,0,0
1,180,4320,2,3,27.802206039428711,0,0,0,0,62.857688903808594,0,32.234016418457031,0.17542111873626709,0,0
1,180,4320,3,3,27.70448112487793,0,0,0,0,62.469985961914062,0,30.772157669067383,0.24004103243350983,0,0
1,180,4320,4,3,27.649152755737305,0,0,0,0,58.964168548583984,0,29.166187286376953,0.18702611327171326,0,0
1,180,4320,5,3,27.623077392578125,0,0,0,0,57.252025604248047,0,28.767673492431641,0.20768226683139801,0,0
1,180,4320,6,3,27.530857086181641,0,0,0,0,56.904449462890625,0,28.490423202514648,0.15962862968444824,0,0
1,180,4320,7,3,28.067342758178711,0,0.00073908327613025904,0.080823808908462524,0,64.088783264160156,0,29.940607070922852,0.015626914799213409,0,0
1,180,4320,0,4,28.557304382324219,0,0.00057250028476119041,0.033476561307907104,0,80.925277709960938,0,29.625278472900391,0.019849868491292,0,0
1,180,4320,1,4,27.9439697265625,0,0,0,0,63.718345642089844,0,31.649957656860352,0.10329876095056534,0,0
1,180,4320,2,4,27.88896369934082,0,0,0,0,67.095924377441406,0,32.6590576171875,0.13701185584068298,0,0
1,180,4320,3,4,27.608442306518555,0,0,0,0,59.67333984375,0,29.550468444824219,0.23920904099941254,0,0
1,180,4320,4,4,27.609943389892578,0,0,0,0,54.017372131347656,0,27.400981903076172,0.19521912932395935,0,0
1,180,4320,5,4,27.481653213500977,0,0.00024543452309444547,0.098173812031745911,0,53.307525634765625,0,27.157829284667969,0.095739059150218964,0,0
1,180,4320,6,4,27.728656768798828,0,0.0018974830163642764,0.10749766230583191,0,53.470199584960938,0,26.260875701904297,0.096764408051967621,0,0
1,180,4320,7,4,27.99296760559082,0,0.00039601311436854303,0.04025646299123764,0,59.620723724365234,0,29.827417373657227,0.022669577971100807,0,0
1,180,4320,0,5,28.384374618530273,0,2.9994398573762737E-05,0.010285168886184692,0,76.402473449707031,0,30.423551559448242,0.017707835882902145,0,0
1,180,4320,1,5,27.718000411987305,0,0,0,0,66.626205444335938,0,32.277606964111328,0.10769133269786835,0,0
1,180,4320,2,5,27.755426406860352,0,0,0,0,67.543792724609375,0,32.098663330078125,0.17233221232891083,0,0
1,180,4320,3,5,27.542356491088867,0,0,0,0,59.681369781494141,0,29.068418502807617,0.22635096311569214,0,0
1,180,4320,4,5,27.524568557739258,0,0.00027709687128663063,0.083058863878250122,0,55.418552398681641,0,27.584497451782227,0.10542967915534973,0,0
1,180,4320,5,5,27.718374252319336,0,0.00090220727724954486,0.093776285648345947,0,52.075302124023438,0,26.602973937988281,0.094471395015716553,0,0
1,180,4320,6,5,27.824981689453125,0,0,0,0,53.999271392822266,0,29.239683151245117,0.14398364722728729,0,0
1,180,4320,7,5,28.283102035522461,0,4.9769019824452698E-05,0.01990760862827301,0,55.307941436767578,0,29.655776977539062,0.015615403652191162,0,0
1,180,4320,0,6,28.192958831787109,0,0.00014027845463715494,0.021789029240608215,0,66.5562744140625,0,29.091800689697266,0.014905991032719612,0,0
1,180,4320,1,6,27.720340728759766,0,0,0,0,62.628856658935547,0,31.549482345581055,0.06851409375667572,0,0
1,180,4320,2,6,27.707889556884766,0,0,0,0,66.864990234375,0,31.884454727172852,0.0939936563372612,0,0
1,180,4320,3,6,27.687952041625977,0,0,0,0,61.820476531982422,0,30.100879669189453,0.063295461237430573,0,0
1,180,4320,4,6,27.807462692260742,0,0.0011280572507530451,0.087021201848983765,0,53.202957153320312,0,26.574378967285156,0.035784255713224411,0,0
1,180,4320,5,6,27.836112976074219,0,0,0,0,51.025600433349609,0,27.50788688659668,0.094261914491653442,0,0
1,180,4320,6,6,28.15272331237793,0,0,0,0,53.574642181396484,0,29.336189270019531,0.096786312758922577,0,0
1,180,4320,7,6,28.52067756652832,0,1.0703056432248559E-05,0.0042812228202819824,0,55.163173675537109,0,30.320487976074219,0.012969013303518295,0,0
1,180,4320,0,7,28.266363143920898,0,0,0,0,66.508415222167969,0,29.779575347900391,0.0012950689997524023,0,0
1,180,4320,1,7,27.686304092407227,0,0,0,0,64.468315124511719,0,31.047767639160156,0.0029361380729824305,0,0
1,180,4320,2,7,27.733169555664062,0,0.00040267221629619598,0.0831623375415802,0,68.242958068847656,0,31.643293380737305,0.001585104619152844,0,0
1,180,4320,3,7,27.942264556884766,0,0,0,0,65.102752685546875,0,30.628547668457031,0.0081328144297003746,0,0
1,180,4320,4,7,27.850687026977539,0,0,0,0,61.766498565673828,0,30.554889678955078,0.0011422962415963411,0,0
1,180,4320,5,7,27.979312896728516,0,0,0,0,59.962451934814453,0,31.033769607543945,0.0040232203900814056,0,0
1,180,4320,6,7,28.126100540161133,0,0,0,0,59.989349365234375,0,32.077831268310547,0.0032697010319679976,0,0
1,180,4320,7,7,28.621692657470703,0,0,0,0,63.979640960693359,0,32.626022338867188,0.00057910033501684666,0,0
1,210,5040,0,0,25.851001739501953,0,0.0007266224711202085,0.075299829244613647,0,72.343414306640625,0,32.594120025634766,0.0043313978239893913,0,0
1,210,5040,1,0,25.854681015014648,0,2.1111331079737283E-05,0.0065467506647109985,0,66.85552978515625,0,33.568649291992188,0.024869147688150406,0,0
1,210,5040,2,0,26.045804977416992,0,0.00033200212055817246,0.052021205425262451,0,66.671058654785156,0,33.775856018066406,0.017393115907907486,0,0
1,210,5040,3,0,26.177614212036133,0,0.00027837164816446602,0.048314392566680908,0,68.460296630859375,0,34.154720306396484,0.021621217951178551,0,0
1,210,5040,4,0,26.07322883605957,0,0,0,0,67.816299438476562,0,34.129852294921875,0.033997636288404465,0,0
1,210,5040,5,0,26.272415161132812,0,0.00030666260863654315,0.024939894676208496,0,65.165840148925781,0,32.888225555419922,0.0096909645944833755,0,0
1,210,5040,6,0,26.219425201416016,0,3.1864419725025073E-05,0.0092596560716629028,0,60.398670196533203,0,31.157825469970703,0.0051392139866948128,0,0
1,210,5040,7,0,26.401044845581055,0,0.00030668027466163039,0.07575555145740509,0,62.205940246582031,0,30.308843612670898,0.0011584499152377248,0,0
1,210,5040,0,1,25.606359481811523,0,0.00033847411395981908,0.040302827954292297,0,73.742218017578125,0,31.294357299804688,0.020749527961015701,0,0
1,210,5040,1,1,25.165952682495117,0,0,0,0,60.889472961425781,0,32.034404754638672,0.14984691143035889,0,0
1,210,5040,2,1,24.928585052490234,0,0,0,0,58.331607818603516,0,32.064811706542969,0.16402602195739746,0,0.00075523531995713711
1,210,5040,3,1,25.13068962097168,0,0,0,0,61.584800720214844,0,32.698276519775391,0.11262011528015137,0,0
1,210,5040,4,1,25.388650894165039,0,0,0,0,62.684394836425781,0,31.194208145141602,0.092095717787742615,0,0
1,210,5040,5,1,25.097682952880859,0,0,0,0,61.694091796875,0,30.435832977294922,0.034624006599187851,0,0
1,210,5040,6,1,25.065166473388672,0,0.0004129692679271102,0.094659961760044098,0,59.533840179443359,0,30.006996154785156,0.0073663480579853058,0,0
1,210,5040,7,1,25.516874313354492,0,0.00085566495545208454,0.065960898995399475,0,61.115863800048828,0,32.061397552490234,0.0009652645094320178,0,0
1,210,5040,0,2,25.648506164550781,0,0.001109667937271297,0.057697586715221405,0,75.09503173828125,0,30.910408020019531,0.0062351571395993233,0,0
1,210,5040,1,2,25.208341598510742,0,0,0,0,57.239292144775391,0,30.11933708190918,0.075999349355697632,0,0
1,210,5040,2,2,24.815954208374023,0,0,0,0,56.76336669921875,0,29.588619232177734,0.095628641545772552,0,0
1,210,5040,3,2,24.462244033813477,0,0,0,0,60.566429138183594,0,29.716922760009766,0.050816092640161514,0,0
1,210,5040,4,2,24.731466293334961,0,0.00017310096882283688,0.069240391254425049,0,59.954856872558594,0,30.472526550292969,0.069409199059009552,0,0
1,210,5040,5,2,25.241580963134766,0,0.00027510576182976365,0.11004230380058289,0,59.53533935546875,0,31.976142883300781,0.040713392198085785,0,0
1,210,5040,6,2,25.344316482543945,0,0,0,0,56.664138793945312,0,31.625907897949219,0.061395436525344849,0,0
1,210,5040,7,2,25.767601013183594,0,0.00031286152079701424,0.022199764847755432,0,66.359054565429688,0,34.189277648925781,0.0072975424118340015,0,0
1,210,5040,0,3,25.371246337890625,0,0.001120483735576272,0.12839694321155548,0,70.750282287597656,0,28.593416213989258,0.003726182272657752,0,0
1,210,5040,1,3,24.910926818847656,0,0.0002825600968208164,0.113024041056633,0,57.139537811279297,0,30.568143844604492,0.03605223074555397,0,0
1,210,5040,2,3,25.229616165161133,0,0,0,0,61.817497253417969,0,33.208095550537109,0.040475647896528244,0,0
1,210,5040,3,3,25.113246917724609,0,0,0,0,61.513820648193359,0,31.783346176147461,0.099351964890956879,0,0
1,210,5040,4,3,25.058820724487305,0,0,0,0,58.142303466796875,0,30.047910690307617,0.17255112528800964,0,0
1,210,5040,5,3,25.035894393920898,0,0,0,0,56.457206726074219,0,29.5848388671875,0.12684501707553864,0,0
1,210,5040,6,3,24.937595367431641,0,0,0,0,56.13787841796875,0,29.217323303222656,0.069629445672035217,0,0
1,210,5040,7,3,25.418180465698242,0,0.0011324191000312567,0.09724290668964386,0,63.447780609130859,0,30.843679428100586,0.0095849419012665749,0,0
1,210,5040,0,4,26.0303955078125,0,0.00084922363748773932,0.046743631362915039,0,79.9329833984375,0,30.674070358276367,0.0016756082186475396,0,0
1,210,5040,1,4,25.337343215942383,0,0,0,0,62.723941802978516,0,32.564830780029297,0.051280997693538666,0,0
1,210,5040,2,4,24.766443252563477,0,0,0,0,66.304908752441406,0,33.721561431884766,0.09261881560087204,0,0
1,210,5040,3,4,24.819843292236328,0,0,0,0,59.056308746337891,0,30.533113479614258,0.14846380054950714,0,0
1,210,5040,4,4,25.015064239501953,0,0,0,0,53.298046112060547,0,28.094087600708008,0.17573419213294983,0,0
1,210,5040,5,4,24.896505355834961,0,0.00028181466041132808,0.11272586137056351,0,52.618434906005859,0,27.860143661499023,0.10106593370437622,0,0
1,210,5040,6,4,25.150163650512695,0,0.0026635210961103439,0.11713416874408722,0,53.006694793701172,0,26.9139404296875,0.065705239772796631,0,0
1,210,5040,7,4,25.373153686523438,0,0.00071086338721215725,0.054390832781791687,0,59.366683959960938,0,30.641565322875977,0.016218148171901703,0,0
1,210,5040,0,5,25.858787536621094,0,0.00014588069461751729,0.019171714782714844,0,76.069389343261719,0,31.545991897583008,0.005337356124073267,0,0
1,210,5040,1,5,25.127845764160156,0,0,0,0,65.570404052734375,0,33.280826568603516,0.085897468030452728,0,0
1,210,5040,2,5,24.647911071777344,0,0,0,0,67.186630249023438,0,33.208854675292969,0.099940113723278046,0,0
1,210,5040,3,5,24.856176376342773,0,0,0,0,59.396595001220703,0,30.053915023803711,0.12833535671234131,0,0
1,210,5040,4,5,24.932571411132812,0,0.00011599488061619923,0.046397954225540161,0,54.696308135986328,0,28.367525100708008,0.075414910912513733,0,0
1,210,5040,5,5,25.138551712036133,0,0.0014826763654127717,0.11316770315170288,0,51.500820159912109,0,27.201099395751953,0.067233726382255554,0,0
1,210,5040,6,5,25.233283996582031,0,0,0,0,53.234321594238281,0,29.860183715820312,0.073032021522521973,0,0
1,210,5040,7,5,25.660482406616211,0,0.00042485925951041281,0.0335894376039505,0,54.855640411376953,0,30.267030715942383,0.0092102373018860817,0,0
1,210,5040,0,6,25.66923713684082,0,0.00033173311385326087,0.033130347728729248,0,66.474815368652344,0,30.23930549621582,0.0068850712850689888,0,0
1,210,5040,1,6,25.126590728759766,0,0,0,0,61.648265838623047,0,32.494304656982422,0.067385934293270111,0,0
1,210,5040,2,6,24.884603500366211,0,0,0,0,65.970985412597656,0,32.953014373779297,0.061826489865779877,0,0
1,210,5040,3,6,25.103021621704102,0,0.00015700228686910123,0.048273235559463501,0,60.923686981201172,0,31.051555633544922,0.097063958644866943,0,0
1,210,5040,4,6,25.214872360229492,0,0.00040119155892170966,0.065406337380409241,0,52.601554870605469,0,27.177814483642578,0.059960760176181793,0,0
1,210,5040,5,6,25.242937088012695,0,0,0,0,50.328525543212891,0,28.042289733886719,0.05607304722070694,0,0
1,210,5040,6,6,25.557205200195312,0,0,0,0,52.774360656738281,0,30.040378570556641,0.09553276002407074,0,0
1,210,5040,7,6,25.871105194091797,0,9.7959411505144089E-05,0.026822462677955627,0,54.508426666259766,0,31.009120941162109,0.010105803608894348,0,0
1,210,5040,0,7,25.765886306762695,0,0.00027784332633018494,0.045215770602226257,0,66.060386657714844,0,30.922531127929688,2.0996863895561546E-05,0,0
1,210,5040,1,7,25.166177749633789,0,0,0,0,63.639392852783203,0,32.131187438964844,0.0029952172189950943,0,0
1,210,5040,2,7,25.190008163452148,0,0.00042501272400841117,0.086246505379676819,0,67.430244445800781,0,32.712482452392578,0.0018659386551007628,0,0
1,210,5040,3,7,25.406406402587891,0,0.00041621577111072838,0.06621299684047699,0,64.350395202636719,0,31.539299011230469,0.0015700645744800568,0,0
1,210,5040,4,7,25.311342239379883,0,0,0,0,61.025112152099609,0,31.489700317382812,0.0022014479618519545,0,0
1,210,5040,5,7,25.429710388183594,0,0,0,0,59.211864471435547,0,31.94654655456543,0.00093777553411200643,0,0
1,210,5040,6,7,25.579736709594727,0,8.0566926044411957E-05,0.032226771116256714,0,59.177833557128906,0,33.067207336425781,0.00043900538003072143,0,0
1,210,5040,7,7,26.023086547851562,0,0,0,0,63.266891479492188,0,33.613761901855469,0.00015319082012865692,0,0
1,240,5760,0,0,17.644388198852539,0,0.0024963694158941507,0.11176258325576782,0,71.583473205566406,0,38.300315856933594,0.024643439799547195,0,0
1,240,5760,1,0,17.557331085205078,0,0.0010164146078750491,0.05054967850446701,0,66.023391723632812,0,39.330432891845703,0.001463351072743535,0,0
1,240,5760,2,0,17.707160949707031,0,0.0016561419470235705,0.095722317695617676,0,65.886459350585938,0,39.537704467773438,0.0087433895096182823,0,0
1,240,5760,3,0,17.855375289916992,0,0.0012374975485727191,0.085316643118858337,0,67.622589111328125,0,39.718524932861328,0.018116412684321404,0,0
1,240,5760,4,0,17.786457061767578,0,0.00080511998385190964,0.041001453995704651,0,66.938713073730469,0,39.658016204833984,0.01204902958124876,0,0
1,240,5760,5,0,17.927289962768555,0,0.0015867063775658607,0.067022785544395447,0,64.422592163085938,0,38.207290649414062,0.0075660520233213902,0,0
1,240,5760,6,0,17.915494918823242,0,0.00074338784907013178,0.047851018607616425,0,59.719753265380859,0,35.736709594726562,0.036744661629199982,0,0
1,240,5760,7,0,18.026304244995117,0,0.0014792423462495208,0.09961923211812973,0,61.560672760009766,0,35.140918731689453,0.00044363667257130146,0,0
1,240,5760,0,1,17.474237442016602,0,0.0013490509008988738,0.071548759937286377,0,72.855064392089844,0,36.987499237060547,0.051116257905960083,0,0
1,240,5760,1,1,17.027219772338867,0,0,0,0,60.083309173583984,0,37.618728637695312,0.063046380877494812,0,0
1,240,5760,2,1,16.988285064697266,0,0,0,0,57.589916229248047,0,37.621017456054688,0.13581389188766479,0,0.00070554926060140133
1,240,5760,3,1,17.114927291870117,0,0,0,0,61.031661987304688,0,38.477729797363281,0.18916730582714081,0,0
1,240,5760,4,1,17.138034820556641,0,0,0,0,61.972846984863281,0,36.805923461914062,0.069969460368156433,0,0
1,240,5760,5,1,16.745567321777344,0,0.00015071114466991276,0.060284458100795746,0,61.18048095703125,0,36.264945983886719,0.051355715841054916,0,0
1,240,5760,6,1,16.584892272949219,0,0.00067160185426473618,0.146434485912323,0,58.847221374511719,0,35.476936340332031,0.063976578414440155,0,5.0329081204836257E-06
1,240,5760,7,1,17.287021636962891,0,0.0020033828914165497,0.10011903941631317,0,60.484992980957031,0,37.716072082519531,0.014968745410442352,0,0
1,240,5760,0,2,17.548069000244141,0,0.0026259939186275005,0.090154580771923065,0,74.273551940917969,0,36.430595397949219,0.066382981836795807,0,0
1,240,5760,1,2,16.996442794799805,0,0.00041200718260370195,0.088070705533027649,0,56.496990203857422,0,35.531288146972656,0.15759572386741638,0,0
1,240,5760,2,2,16.701072692871094,0,0.00042942870641127229,0.09584103524684906,0,56.003246307373047,0,35.286106109619141,0.1837516725063324,0,0
1,240,5760,3,2,16.492635726928711,0,0.00043026363709941506,0.090757548809051514,0,60.061347961425781,0,35.810081481933594,0.13103373348712921,0,0
1,240,5760,4,2,16.107612609863281,0,0.00030752934981137514,0.1230117455124855,0,59.431777954101562,0,36.203945159912109,0.11507502943277359,0,0
1,240,5760,5,2,16.134822845458984,0,0.0007786157657392323,0.16950413584709167,0,59.536365509033203,0,37.50738525390625,0.064222827553749084,0,0
1,240,5760,6,2,16.362104415893555,0,0,0,0,56.270137786865234,0,36.811222076416016,0.18069013953208923,0,0.00067076913546770811
1,240,5760,7,2,17.218647003173828,0,0.00088785920524969697,0.045123957097530365,0,65.612586975097656,0,40.339523315429688,0.077953219413757324,0,0
1,240,5760,0,3,17.317358016967773,0,0.0034498253371566534,0.46493268013000488,0,69.913703918457031,0,33.806121826171875,0.031875252723693848,0,0
1,240,5760,1,3,16.32911491394043,0,0.0006367596797645092,0.1554635763168335,0,56.448097229003906,0,35.974376678466797,0.084325447678565979,0,0
1,240,5760,2,3,17.014162063598633,0,0,0,0,60.97784423828125,0,38.752120971679688,0.15922984480857849,0,0
1,240,5760,3,3,16.93742561340332,0,0,0,0,60.784782409667969,0,37.657600402832031,0.25952911376953125,0,0
1,240,5760,4,3,16.484457015991211,0,0,0,0,57.486675262451172,0,35.377597808837891,0.158773273229599,0,0
1,240,5760,5,3,16.173791885375977,0,0,0,0,56.172080993652344,0,34.785564422607422,0.21281968057155609,0,0
1,240,5760,6,3,15.887480735778809,0,0,0,0,55.908065795898438,0,34.200229644775391,0.37953475117683411,0,0
1,240,5760,7,3,16.981021881103516,0,0.0042619649320840836,0.43364632129669189,0,62.852336883544922,0,36.565704345703125,0.083982273936271667,0,0
1,240,5760,0,4,17.925281524658203,0,0.0018773727351799607,0.076709479093551636,0,79.003257751464844,0,35.680168151855469,0.055055975914001465,0,0
1,240,5760,1,4,16.78441047668457,0,0,0,0,61.909393310546875,0,38.066867828369141,0.10189962387084961,0,0
1,240,5760,2,4,16.856163024902344,0,0,0,0,65.602943420410156,0,39.606487274169922,0.17518313229084015,0,0
1,240,5760,3,4,16.861066818237305,0,0,0,0,58.685817718505859,0,36.104812622070312,0.24776329100131989,0,0
1,240,5760,4,4,16.694469451904297,0,0,0,0,52.750755310058594,0,32.831748962402344,0.24983538687229156,0,0
1,240,5760,5,4,16.333889007568359,0,6.8113724410068244E-05,0.027245491743087769,0,52.416217803955078,0,32.946327209472656,0.30182439088821411,0,0
1,240,5760,6,4,16.195871353149414,0,0.0024192554410547018,0.11934670060873032,0,53.832550048828125,0,31.582996368408203,0.1776517927646637,0,0
1,240,5760,7,4,16.907155990600586,0,0.0016128920251503587,0.083411462604999542,0,59.261478424072266,0,36.048244476318359,0.023441815748810768,0,0
1,240,5760,0,5,17.756088256835938,0,0.0014082673005759716,0.052964664995670319,0,75.178474426269531,0,36.799690246582031,0.058539148420095444,0,0
1,240,5760,1,5,16.965679168701172,0,0,0,0,64.696281433105469,0,39.221263885498047,0.11170433461666107,0,0
1,240,5760,2,5,16.96436882019043,0,0,0,0,66.441291809082031,0,39.322624206542969,0.19624462723731995,0,0
1,240,5760,3,5,16.838104248046875,0,0,0,0,58.753677368164062,0,35.396770477294922,0.32024207711219788,0,0
1,240,5760,4,5,16.773904800415039,0,0.00015294660988729447,0.044009283185005188,0,54.118675231933594,0,33.202571868896484,0.26336431503295898,0,0
1,240,5760,5,5,16.3455810546875,0,0.00046706575085408986,0.079908788204193115,0,51.688739776611328,0,31.509834289550781,0.11282668262720108,0,0
1,240,5760,6,5,16.176519393920898,0,0,0,0,53.515235900878906,0,34.443881988525391,0.095498479902744293,0,0
1,240,5760,7,5,17.334074020385742,0,0.001219825935550034,0.065234571695327759,0,54.369071960449219,0,34.559146881103516,0.02378365583717823,0,0
1,240,5760,0,6,17.580137252807617,0,0.0013831411488354206,0.066438734531402588,0,65.726509094238281,0,35.157814025878906,0.054983850568532944,0,0
1,240,5760,1,6,16.962984085083008,0,0,0,0,60.839015960693359,0,38.095882415771484,0.07974688708782196,0,0
1,240,5760,2,6,16.947839736938477,0,0,0,0,65.152183532714844,0,38.964935302734375,0.22678166627883911,0,0
1,240,5760,3,6,16.967279434204102,0,0.0003891183587256819,0.090930178761482239,0,60.213672637939453,0,36.427783966064453,0.32709896564483643,0,0
1,240,5760,4,6,17.044328689575195,0,0.0002160537987947464,0.042970858514308929,0,52.058769226074219,0,31.206499099731445,0.0792803093791008,0,0
1,240,5760,5,6,16.865371704101562,0,0,0,0,49.772750854492188,0,31.928791046142578,0.034026023000478745,0,0
1,240,5760,6,6,16.966579437255859,0,0,0,0,52.161308288574219,0,34.231338500976562,0.12993186712265015,0,0
1,240,5760,7,6,17.588380813598633,0,0.0007677175453864038,0.061696752905845642,0,53.895530700683594,0,35.470157623291016,0.083515830338001251,0,0
1,240,5760,0,7,17.752056121826172,0,0.0014398121275007725,0.077817514538764954,0,65.283203125,0,35.626750946044922,0.023052666336297989,0,0
1,240,5760,1,7,17.154989242553711,0,0.00063520076218992472,0.07547595351934433,0,62.831306457519531,0,37.486961364746094,0.045169942080974579,0,0
1,240,5760,2,7,17.149341583251953,0,0.00079399056266993284,0.1231035515666008,0,66.63677978515625,0,38.415950775146484,0.094525180757045746,0,0
1,240,5760,3,7,17.365461349487305,0,0.00094539625570178032,0.10951197147369385,0,63.639816284179688,0,36.469497680664062,0.061723716557025909,0,0
1,240,5760,4,7,17.272403717041016,0,0.00016669515753164887,0.066678062081336975,0,60.269809722900391,0,36.376537322998047,0.027512321248650551,0,0
1,240,5760,5,7,17.381319046020508,0,0.00066380633506923914,0.073087789118289948,0,58.484943389892578,0,36.735038757324219,0.052922565490007401,0,0
1,240,5760,6,7,17.544927597045898,0,0.00017739013128448278,0.070956051349639893,0,58.377483367919922,0,37.952705383300781,0.084761001169681549,0,0
1,240,5760,7,7,17.895395278930664,0,0.00060010619927197695,0.071382299065589905,0,62.445075988769531,0,38.709121704101562,0.022413423284888268,0,0
1,270,6480,0,0,6.434934139251709,0,0.0038918042555451393,0.16446678340435028,0,71.083724975585938,0,48.998668670654297,0.12373431026935577,0,0
1,270,6480,1,0,6.222780704498291,0,0.0015112381661310792,0.060671143233776093,0,65.433670043945312,0,49.702049255371094,0.29811063408851624,0,0
1,270,6480,2,0,6.3436121940612793,0,0.0022264802828431129,0.10895232111215591,0,65.442367553710938,0,49.952972412109375,0.18334992229938507,0,0
1,270,6480,3,0,6.5157895088195801,0,0.0019272195640951395,0.10275967419147491,0,67.015823364257812,0,50.329998016357422,0.13426573574542999,0,0
1,270,6480,4,0,6.4715933799743652,0,0.0013903146609663963,0.051948659121990204,0,66.291824340820312,0,50.265113830566406,0.23946785926818848,0,0
1,270,6480,5,0,6.5412759780883789,0,0.0022321795113384724,0.082042790949344635,0,63.913619995117188,0,48.480823516845703,0.15304547548294067,0,0
1,270,6480,6,0,6.5125904083251953,0,0.0017540074186399579,0.067048206925392151,0,59.253311157226562,0,45.196067810058594,0.19022764265537262,0,0
1,270,6480,7,0,6.6078639030456543,0,0.002313441364094615,0.10833977162837982,0,61.164096832275391,0,44.512393951416016,0.19373221695423126,0,0
1,270,6480,0,1,6.3309369087219238,0,0.0059551293961703777,0.4353240430355072,0,72.168289184570312,0,47.522689819335938,0.23784992098808289,0,0
1,270,6480,1,1,5.7807831764221191,0,0,0,0,59.565860748291016,0,47.202926635742188,0.63365268707275391,0,0
1,270,6480,2,1,5.3331460952758789,0,0,0,0,57.878681182861328,0,46.988330841064453,0.47356066107749939,0,0.0006563107599504292
1,270,6480,3,1,5.676673412322998,0,0,0,0,60.348049163818359,0,48.143245697021484,0.38371658325195312,0,0
1,270,6480,4,1,5.7902631759643555,0,0.00019278372928965837,0.077113494277000427,0,61.396636962890625,0,46.161811828613281,0.48043373227119446,0,0
1,270,6480,5,1,5.4976654052734375,0,0.00069110846379771829,0.077891744673252106,0,61.149185180664062,0,45.487503051757812,0.39146134257316589,0,0
1,270,6480,6,1,5.4228692054748535,0,0.00092545617371797562,0.14879307150840759,0,60.387245178222656,0,44.247425079345703,0.20679847896099091,0,4.6958698476373684E-06
1,270,6480,7,1,5.9774665832519531,0,0.0027060694992542267,0.11347278207540512,0,62.052566528320312,0,46.982730865478516,0.08104492723941803,0,0
1,270,6480,0,2,6.4339299201965332,0,0.015197095461189747,0.56303149461746216,0,73.809799194335938,0,46.875957489013672,0.15722452104091644,0,0
1,270,6480,1,2,5.4945039749145508,0,0.00055419653654098511,0.11467581987380981,0,56.450893402099609,0,44.721961975097656,0.49244675040245056,0,0
1,270,6480,2,2,4.9130678176879883,0,0.00086851493688300252,0.11489132046699524,0,57.427829742431641,0,44.253505706787109,0.39942899346351624,0,0
1,270,6480,3,2,4.8885602951049805,0,0.00052041996968910098,0.10702425986528397,0,60.007835388183594,0,44.65936279296875,0.18990306556224823,0,0
1,270,6480,4,2,4.9729905128479004,0,0.00031519256299361587,0.12607702612876892,0,60.746379852294922,0,44.539192199707031,0.25191888213157654,0,0
1,270,6480,5,2,5.2375092506408691,0,0.001019305782392621,0.16801337897777557,0,60.505348205566406,0,46.270648956298828,0.39329630136489868,0,0
1,270,6480,6,2,5.2390894889831543,0,0,0,0,57.641391754150391,0,45.349781036376953,0.39389911293983459,0,0.00062617985531687737
1,270,6480,7,2,5.7492003440856934,0,0.0016353299142792821,0.065256066620349884,0,66.997100830078125,0,49.932083129882812,0.15136025846004486,0,0
1,270,6480,0,3,6.1571335792541504,0,0.01196727342903614,0.69896769523620605,0,69.489608764648438,0,43.510623931884766,0.042426370084285736,0,0
1,270,6480,1,3,5.5267877578735352,0,0.00089403631864115596,0.15541282296180725,0,56.155502319335938,0,44.942272186279297,0.21880553662776947,0,0
1,270,6480,2,3,5.4353737831115723,0,0,0,0,61.575164794921875,0,48.426982879638672,0.3920779824256897,0,0
1,270,6480,3,3,5.1199359893798828,0,0,0,0,60.798866271972656,0,46.973995208740234,0.461973637342453,0,0
1,270,6480,4,3,5.1295533180236816,0,0,0,0,57.594715118408203,0,43.801918029785156,0.77952784299850464,0,0
1,270,6480,5,3,5.0243706703186035,0,0,0,0,57.153861999511719,0,42.876876831054688,0.70467019081115723,0,0
1,270,6480,6,3,4.9333839416503906,0,0,0,0,57.098304748535156,0,41.880268096923828,0.36441698670387268,0,0
1,270,6480,7,3,5.5998187065124512,0,0.0065545057877898216,0.6604277491569519,0,64.712455749511719,0,45.080169677734375,0.17784127593040466,0,0
1,270,6480,0,4,6.8398456573486328,0,0.012072961777448654,0.51757389307022095,0,78.366371154785156,0,46.175601959228516,0.13505706191062927,0,0
1,270,6480,1,4,5.8540244102478027,0,0,0,0,61.3421630859375,0,47.560218811035156,0.57093298435211182,0,0
1,270,6480,2,4,5.6584100723266602,0,0.0002183072647312656,0.087322905659675598,0,65.836700439453125,0,49.483615875244141,0.632423996925354,0,0
1,270,6480,3,4,5.0874910354614258,0,0,0,0,58.481250762939453,0,44.935039520263672,0.55901694297790527,0,0
1,270,6480,4,4,5.0562686920166016,0,0,0,0,52.452186584472656,0,40.322765350341797,0.69279664754867554,0,0
1,270,6480,5,4,4.9029669761657715,0,0,0,0,52.889640808105469,0,40.249210357666016,0.56988120079040527,0,0
1,270,6480,6,4,5.2363014221191406,0,0.0011461790418252349,0.12142772972583771,0,55.988410949707031,0,38.882652282714844,0.26352778077125549,0,0
1,270,6480,7,4,5.5501265525817871,0,0.0024087170604616404,0.10693220049142838,0,61.985977172851562,0,44.429004669189453,0.21973800659179688,0,0
1,270,6480,0,5,6.6431593894958496,0,0.0024974565021693707,0.17579777538776398,0,74.495948791503906,0,47.531276702880859,0.17352151870727539,0,0
1,270,6480,1,5,5.7303910255432129,0,0,0,0,64.073410034179688,0,49.029960632324219,0.57505631446838379,0,0
1,270,6480,2,5,5.3319859504699707,0,0,0,0,66.157890319824219,0,49.013828277587891,0.55773359537124634,0,0
1,270,6480,3,5,5.3234305381774902,0,0,0,0,58.29522705078125,0,44.173423767089844,0.46826988458633423,0,0
1,270,6480,4,5,5.192817211151123,0,9.0872483269777149E-05,0.028832986950874329,0,53.669326782226562,0,40.954704284667969,0.4973284900188446,0,0
1,270,6480,5,5,5.2603945732116699,0,0.00022269829059951007,0.075585916638374329,0,51.573509216308594,0,38.800594329833984,0.3661327064037323,0,0
1,270,6480,6,5,5.3389472961425781,0,0,0,0,54.142555236816406,0,42.382808685302734,0.39793196320533752,0,0
1,270,6480,7,5,5.92926025390625,0,0.0019133151508867741,0.08311307430267334,0,54.528575897216797,0,42.449615478515625,0.23261404037475586,0,0
1,270,6480,0,6,6.3930387496948242,0,0.0029086894355714321,0.42033869028091431,0,65.179542541503906,0,45.432125091552734,0.17928799986839294,0,0
1,270,6480,1,6,5.7074899673461914,0,0,0,0,60.165115356445312,0,47.544788360595703,0.64536803960800171,0,0
1,270,6480,2,6,5.5557985305786133,0,0,0,0,64.441802978515625,0,48.705165863037109,0.46425491571426392,0,0
1,270,6480,3,6,5.7284884452819824,0,0.00068257318343967199,0.11266504973173141,0,59.650211334228516,0,45.467582702636719,0.3218168318271637,0,0
1,270,6480,4,6,5.6700830459594727,0,0.00015060424630064517,0.029403645545244217,0,51.612617492675781,0,38.525154113769531,0.34415838122367859,0,0
1,270,6480,5,6,5.5765671730041504,0,0,0,0,49.313106536865234,0,39.208324432373047,0.5429045557975769,0,0
1,270,6480,6,6,6.0911192893981934,0,0,0,0,51.643424987792969,0,42.627586364746094,0.31287795305252075,0,0
1,270,6480,7,6,6.2815570831298828,0,0.0014003670075908303,0.077922016382217407,0,53.533321380615234,0,43.920661926269531,0.25568243861198425,0,0
1,270,6480,0,7,6.6499319076538086,0,0.0021246562246233225,0.094170540571212769,0,64.739112854003906,0,46.147087097167969,0.087817884981632233,0,0
1,270,6480,1,7,6.0644078254699707,0,0.0012425538152456284,0.08240065723657608,0,62.210239410400391,0,47.441795349121094,0.17887061834335327,0,0
1,270,6480,2,7,6.0934128761291504,0,0.0012820326955989003,0.13159149885177612,0,66.019538879394531,0,48.312469482421875,0.12510691583156586,0,0
1,270,6480,3,7,6.2618546485900879,0,0.0017887161811813712,0.13623340427875519,0,63.110496520996094,0,45.871921539306641,0.11038518697023392,0,0
1,270,6480,4,7,6.1428108215332031,0,0.00045027502346783876,0.073645360767841339,0,59.665996551513672,0,45.730628967285156,0.22235596179962158,0,0
1,270,6480,5,7,6.2359213829040527,0,0.0012249954743310809,0.079131491482257843,0,57.939559936523438,0,46.139987945556641,0.20428778231143951,0,0
1,270,6480,6,7,6.4172406196594238,0,0.00080308166798204184,0.083096206188201904,0,57.752651214599609,0,47.937961578369141,0.14644503593444824,0,0
1,270,6480,7,7,6.7698369026184082,0,0.0014526606537401676,0.087210699915885925,0,61.848518371582031,0,48.949234008789062,0.068193681538105011,0,0
1,300,7200,0,0,-1.6374610662460327,0,0.012499311007559299,0.83690428733825684,0,71.600090026855469,0,50.795852661132812,0.16181358695030212,0,0
1,300,7200,1,0,-1.9586775302886963,0,0.0033264020457863808,0.099114648997783661,0,65.40606689453125,0,51.26129150390625,0.30937966704368591,0,0
1,300,7200,2,0,-1.8189548254013062,0,0.0038286219350993633,0.1425919234752655,0,65.475669860839844,0,51.59442138671875,0.47256717085838318,0,0
1,300,7200,3,0,-1.6337335109710693,0,0.0034479813184589148,0.13514503836631775,0,66.901908874511719,0,52.174751281738281,0.38628560304641724,0,0
1,300,7200,4,0,-1.6583466529846191,0,0.0031334629748016596,0.087233513593673706,0,66.154884338378906,0,52.079421997070312,0.36994460225105286,0,0
1,300,7200,5,0,-1.5867286920547485,0,0.0039773476310074329,0.11563459783792496,0,63.872444152832031,0,50.286636352539062,0.42001804709434509,0,0
1,300,7200,6,0,-1.5983582735061646,0,0.0034815189428627491,0.098813384771347046,0,59.280715942382812,0,46.855606079101562,0.47894018888473511,0,0
1,300,7200,7,0,-1.5405415296554565,0,0.0040068672969937325,0.13745349645614624,0,61.324062347412109,0,46.176765441894531,0.11562014371156693,0,0
1,300,7200,0,1,-1.8391073942184448,0.011601656675338745,0.033426906913518906,0.73466449975967407,0,72.607742309570312,0,49.18902587890625,0.2598118782043457,0,0
1,300,7200,1,1,-2.4826409816741943,0,0,0,0,59.485427856445312,0,48.258251190185547,0.82082027196884155,0,0
1,300,7200,2,1,-2.5985164642333984,0,0,0,0,58.049308776855469,0,47.914474487304688,1.292935848236084,0,0.00060891167959198356
1,300,7200,3,1,-2.5117068290710449,0,0,0,0,60.072635650634766,0,49.306915283203125,1.4159406423568726,0,0
1,300,7200,4,1,-2.4455666542053223,0,0.0004487200640141964,0.098396144807338715,0,61.354846954345703,0,47.2774658203125,0.66650098562240601,0,0
1,300,7200,5,1,-2.5953335762023926,0,0.0011982590658590198,0.10088278353214264,0,61.872673034667969,0,46.422775268554688,0.55510056018829346,0,0
1,300,7200,6,1,-2.5466458797454834,0,0.0014000838855281472,0.15488377213478088,0,61.616184234619141,0,45.002857208251953,0.61194705963134766,0,4.3703807932615746E-06
1,300,7200,7,1,-2.0629630088806152,0,0.0034078387543559074,0.13481499254703522,0,63.435489654541016,0,48.02813720703125,0.26410970091819763,0,0
1,300,7200,0,2,-1.8147232532501221,0.080220162868499756,0.058842137455940247,3.9004116058349609,0,74.353530883789062,0,48.571033477783203,0.25592336058616638,0,0
1,300,7200,1,2,-2.6923320293426514,0,0.00059352052630856633,0.12218574434518814,0,56.854354858398438,0,45.609771728515625,0.70121651887893677,0,0
1,300,7200,2,2,-2.8851630687713623,0,0.0010099473875015974,0.12187547236680984,0,58.857513427734375,0,44.821617126464844,0.77072519063949585,0,0
1,300,7200,3,2,-2.9821481704711914,0,0.00078122771810740232,0.11184065788984299,0,62.053047180175781,0,45.098220825195312,0.71562129259109497,0,0
1,300,7200,4,2,-2.851003885269165,0,0.0014298590831458569,0.13104662299156189,0,62.578994750976562,0,44.908985137939453,0.66094446182250977,0,0
1,300,7200,5,2,-2.5072658061981201,0,0.0013270197669044137,0.17654724419116974,0,62.005313873291016,0,46.908897399902344,0.85230392217636108,0,0
1,300,7200,6,2,-2.5032417774200439,0,0,0,0,59.727127075195312,0,45.995944976806641,1.1882573366165161,0,0.00058297393843531609
1,300,7200,7,2,-2.1096112728118896,0,0.0020820943173021078,0.085198424756526947,0,68.734542846679688,0,50.875,0.54835426807403564,0,0
1,300,7200,0,3,-2.0908300876617432,0.096477985382080078,0.057932805269956589,2.3703436851501465,0,69.892799377441406,0,44.923038482666016,0.16272342205047607,0,0
1,300,7200,1,3,-2.6534345149993896,0,0.0011701626935973763,0.16262525320053101,0,56.748638153076172,0,45.722217559814453,0.56709802150726318,0,0
1,300,7200,2,3,-2.4480421543121338,0,0,0,0,61.972854614257812,0,49.382289886474609,1.1715216636657715,0,0
1,300,7200,3,3,-2.6515040397644043,0,0,0,0,61.875568389892578,0,47.650753021240234,1.2365391254425049,0,0
1,300,7200,4,3,-2.6980409622192383,0,0,0,0,58.713821411132812,0,44.324851989746094,0.98827868700027466,0,0
1,300,7200,5,3,-2.7156281471252441,0,0,0,0,58.947391510009766,0,43.357082366943359,1.4264432191848755,0,0
1,300,7200,6,3,-2.7932698726654053,0,0,0,0,59.292034149169922,0,42.258132934570312,1.6206315755844116,0,0
1,300,7200,7,3,-2.2825627326965332,0,0.0094608813524246216,0.77229219675064087,0,66.78289794921875,0,45.808757781982422,0.40209561586380005,0,0
1,300,7200,0,4,-1.4158753156661987,0.046632878482341766,0.072941549122333527,4.0927906036376953,0,78.872909545898438,0,48.223640441894531,0.20868769288063049,0,0
1,300,7200,1,4,-2.4368395805358887,0,0,0,0,61.460166931152344,0,48.602779388427734,0.60287952423095703,0,0
1,300,7200,2,4,-2.3794364929199219,0,0.00053768261568620801,0.091480076313018799,0,65.884925842285156,0,50.5504150390625,1.0156105756759644,0,0
1,300,7200,3,4,-2.7636137008666992,0,0,0,0,58.934043884277344,0,45.5767822265625,1.280096173286438,0,0
1,300,7200,4,4,-2.795374870300293,0,0,0,0,53.121250152587891,0,40.685226440429688,1.0729101896286011,0,0
1,300,7200,5,4,-2.8375375270843506,0,0,0,0,54.873443603515625,0,40.573928833007812,1.2422704696655273,0,0
1,300,7200,6,4,-2.4873619079589844,0,0.001023761578835547,0.12350010126829147,0,57.930908203125,0,39.414554595947266,0.66575515270233154,0,0
1,300,7200,7,4,-2.2909932136535645,0,0.0025742922443896532,0.11442816257476807,0,64.471328735351562,0,45.174365997314453,0.39863651990890503,0,0
1,300,7200,0,5,-1.5109715461730957,0.011647928506135941,0.038754500448703766,1.1191418170928955,0,74.866355895996094,0,49.504146575927734,0.25381925702095032,0,0
1,300,7200,1,5,-2.4982397556304932,0,0,0,0,64.181198120117188,0,50.055286407470703,0.71953094005584717,0,0
1,300,7200,2,5,-2.4229660034179688,0,0,0,0,66.04864501953125,0,49.952053070068359,0.90701693296432495,0,0
1,300,7200,3,5,-2.7287991046905518,0,0,0,0,58.293674468994141,0,44.930049896240234,1.3779239654541016,0,0
1,300,7200,4,5,-2.7524662017822266,0,0.00010729200585046783,0.032411180436611176,0,54.027454376220703,0,41.390911102294922,1.0039058923721313,0,0
1,300,7200,5,5,-2.5479867458343506,0,0.00023352009884547442,0.081132352352142334,0,52.510902404785156,0,39.273387908935547,0.52653563022613525,0,0
1,300,7200,6,5,-2.4941420555114746,0,0,0,0,54.927349090576172,0,42.978824615478516,0.85593491792678833,0,0
1,300,7200,7,5,-2.0350682735443115,0,0.0024662325158715248,0.097765795886516571,0,55.651363372802734,0,43.233554840087891,0.46398946642875671,0,0
1,300,7200,0,6,-1.6676375865936279,0,0.0062755751423537731,0.65729552507400513,0,65.687538146972656,0,47.203701019287109,0.260978102684021,0,0
1,300,7200,1,6,-2.3653631210327148,0,0,0,0,60.039405822753906,0,48.5721435546875,0.83013910055160522,0,0
1,300,7200,2,6,-2.3683674335479736,0,0,0,0,64.133491516113281,0,49.756916046142578,1.186735987663269,0,0
1,300,7200,3,6,-2.3713564872741699,0,0.00066874682670459151,0.11800207942724228,0,59.384773254394531,0,46.479301452636719,1.112659215927124,0,0
1,300,7200,4,6,-2.3506238460540771,0,0.00016729728667996824,0.035129860043525696,0,51.5440673828125,0,39.211082458496094,0.41465082764625549,0,0
1,300,7200,5,6,-2.3548450469970703,0,0,0,0,49.526248931884766,0,39.8626708984375,0.85036122798919678,0,0
1,300,7200,6,6,-2.0228309631347656,0,0,0,0,51.381790161132812,0,43.685470581054688,1.1029000282287598,0,0
1,300,7200,7,6,-1.7517213821411133,0,0.0020754851866513491,0.10072082281112671,0,53.735382080078125,0,45.026943206787109,0.64589452743530273,0,0
1,300,7200,0,7,-1.40761399269104,0,0.0038421882782131433,0.12494797259569168,0,64.659675598144531,0,48.172885894775391,0.17612090706825256,0,0
1,300,7200,1,7,-1.9731839895248413,0,0.0019174946937710047,0.11147259175777435,0,61.964591979980469,0,48.885204315185547,0.28939127922058105,0,0
1,300,7200,2,7,-1.9404265880584717,0,0.0021952348761260509,0.1598965972661972,0,65.711135864257812,0,49.738109588623047,0.32091200351715088,0,0
1,300,7200,3,7,-1.771575927734375,0,0.0033635874278843403,0.13703817129135132,0,62.942668914794922,0,47.346519470214844,0.20703655481338501,0,0
1,300,7200,4,7,-1.884290337562561,0,0.0016874480061233044,0.10534217953681946,0,59.318943023681641,0,47.146858215332031,0.15899753570556641,0,0
1,300,7200,5,7,-1.7779465913772583,0,0.0024067633785307407,0.10862328112125397,0,57.705982208251953,0,47.607288360595703,0.32262897491455078,0,0
1,300,7200,6,7,-1.599994421005249,0,0.0025603384710848331,0.10861290991306305,0,57.454010009765625,0,49.648777008056641,0.376374751329422,0,0
1,300,7200,7,7,-1.2332205772399902,0,0.0032584983855485916,0.1033347025513649,0,61.617740631103516,0,50.885475158691406,0.1069832518696785,0,0
1,330,7920,0,0,-7.7352046966552734,6.06353759765625,0.053476620465517044,1.9451171159744263,0,75.903388977050781,0,43.435020446777344,0.34918466210365295,0,0
1,330,7920,1,0,-7.7358970642089844,1.4164832830429077,0.0053954957984387875,0.091719493269920349,0,67.736465454101562,0,43.932575225830078,1.0760741233825684,0,0
1,330,7920,2,0,-7.5790314674377441,1.4150975942611694,0.0083774672821164131,0.75085091590881348,0,67.674964904785156,0,44.441432952880859,0.91777545213699341,0,0
1,330,7920,3,0,-7.4105048179626465,1.4089666604995728,0.0067276391200721264,0.75677156448364258,0,68.958885192871094,0,45.178981781005859,0.79756820201873779,0,0
1,330,7920,4,0,-7.4660191535949707,1.5885264873504639,0.0028294103685766459,0.082183100283145905,0,68.225860595703125,0,45.019512176513672,1.3080047369003296,0,0
1,330,7920,5,0,-7.3603219985961914,1.4025518894195557,0.0038129184395074844,0.11304716020822525,0,65.997802734375,0,43.629749298095703,1.0529186725616455,0,0
1,330,7920,6,0,-7.3785891532897949,1.370752215385437,0.0033622910268604755,0.095949321985244751,0,61.334255218505859,0,40.624771118164062,1.0026662349700928,0,0
1,330,7920,7,0,-7.2559962272644043,1.5011969804763794,0.0039191101677715778,0.1366637647151947,0,63.549797058105469,0,40.209976196289062,0.99379050731658936,0,0
1,330,7920,0,1,-7.9263510704040527,8.771906852722168,0.054582696408033371,1.1765750646591187,0,76.194442749023438,0,41.76507568359375,0.34635096788406372,0,0
1,330,7920,1,1,-8.1218471527099609,0.00018834172806236893,0.00034319271799176931,0.041458453983068466,0,60.145454406738281,0,40.704860687255859,1.4743760824203491,0,0
1,330,7920,2,1,-8.1635818481445312,0,0,0,0,58.608192443847656,0,40.379497528076172,2.0996708869934082,0,0.00056572514586150646
1,330,7920,3,1,-8.0770034790039062,0.00060291757108643651,0.0024022301658987999,0.24383431673049927,0,60.509025573730469,0,41.655311584472656,1.8706958293914795,0,0
1,330,7920,4,1,-8.1054086685180664,0.011387763544917107,0.038901958614587784,0.43780109286308289,0,62.263626098632812,0,39.926239013671875,1.9469022750854492,0,0
1,330,7920,5,1,-8.1878786087036133,0.0084302350878715515,0.033632624894380569,0.42697936296463013,0,62.969715118408203,0,39.068572998046875,1.4054397344589233,0,0
1,330,7920,6,1,-8.1275844573974609,0.014434259384870529,0.034204941242933273,0.28361052274703979,0,62.7864990234375,0,37.928852081298828,0.90733104944229126,0,4.0708596316108014E-06
1,330,7920,7,1,-7.5743312835693359,0.2467540055513382,0.016276748850941658,0.72559356689453125,0,64.787269592285156,0,41.223594665527344,0.90579557418823242,0,0
1,330,7920,0,2,-7.8505406379699707,12.369962692260742,0.083830215036869049,2.2215452194213867,0,78.448524475097656,0,41.317245483398438,0.29826048016548157,0,0
1,330,7920,1,2,-8.2388296127319336,0.020883593708276749,0.066743597388267517,0.60541504621505737,0,58.370395660400391,0,38.314022064208984,1.1549167633056641,0,0
1,330,7920,2,2,-8.4141826629638672,0.050365637987852097,0.12326246500015259,0.43716803193092346,0,60.07958984375,0,37.434883117675781,1.3290404081344604,0,0
1,330,7920,3,2,-8.509984016418457,0.072672992944717407,0.1485569179058075,0.70330691337585449,0,63.407993316650391,0,37.535743713378906,1.1440094709396362,0,0
1,330,7920,4,2,-8.3766078948974609,0.018475966528058052,0.070701926946640015,0.68517279624938965,0,63.74090576171875,0,37.503116607666016,1.4436929225921631,0,0
1,330,7920,5,2,-8.0420646667480469,0.00044303850154392421,0.011288559064269066,0.58132296800613403,0,63.234004974365234,0,39.593036651611328,1.845624566078186,0,0
1,330,7920,6,2,-8.0421228408813477,0,0,0,0,61.189498901367188,0,38.841156005859375,1.5110287666320801,0,0.00054313411237671971
1,330,7920,7,2,-7.6427798271179199,0.38274988532066345,0.0045888721942901611,0.56919509172439575,0,70.314323425292969,0,43.482425689697266,1.4240875244140625,0,0
1,330,7920,0,3,-8.0265388488769531,11.890706062316895,0.13192771375179291,1.1517329216003418,0,73.229804992675781,0,38.052059173583984,0.2921338677406311,0,0
1,330,7920,1,3,-8.1857376098632812,0.025171376764774323,0.057831455022096634,0.5274498462677002,0,58.164600372314453,0,38.447288513183594,1.1157457828521729,0,0
1,330,7920,2,3,-7.9974689483642578,0.00028966908575966954,0.0073606092482805252,0.6758873462677002,0,63.221298217773438,0,41.763233184814453,1.8948888778686523,0,0
1,330,7920,3,3,-8.1920328140258789,0.00062972301384434104,0.0014359880005940795,0.062808841466903687,0,63.296390533447266,0,40.039440155029297,1.8838082551956177,0,0
1,330,7920,4,3,-8.2410726547241211,0,0.0002997450646944344,0.040176298469305038,0,59.532402038574219,0,37.191371917724609,2.3389537334442139,0,0
1,330,7920,5,3,-8.2575960159301758,0,0,0,0,60.092620849609375,0,36.364933013916016,2.424715518951416,0,0
1,330,7920,6,3,-8.3314981460571289,1.0962380514456527E-07,0.0017488882876932621,0.1059427410364151,0,60.381278991699219,0,35.350509643554688,1.9830622673034668,0,0
1,330,7920,7,3,-7.8152127265930176,0.51656067371368408,0.015797458589076996,0.81374591588973999,0,68.413528442382812,0,38.921779632568359,1.2343997955322266,0,0
1,330,7920,0,4,-7.5080137252807617,11.840302467346191,0.063748151063919067,1.7585606575012207,0,83.216270446777344,0,41.521575927734375,0.29356741905212402,0,0
1,330,7920,1,4,-8.0150871276855469,0.025607755407691002,0.029152592644095421,0.12860015034675598,0,62.644264221191406,0,41.075824737548828,1.3178747892379761,0,0
1,330,7920,2,4,-8.0045585632324219,0,0.0011797781335189939,0.19383531808853149,0,66.9373779296875,0,42.737186431884766,1.8433910608291626,0,0
1,330,7920,3,4,-8.3037376403808594,0.00026582079590298235,0.0060012713074684143,0.076182156801223755,0,60.357707977294922,0,38.163738250732422,1.6274139881134033,0,0
1,330,7920,4,4,-8.332768440246582,0,0.00033283419907093048,0.026228982955217361,0,53.796142578125,0,34.004226684570312,2.1177523136138916,0,0
1,330,7920,5,4,-8.3695058822631836,1.0439306606713217E-05,0.00042040704283863306,0.039608869701623917,0,56.036342620849609,0,33.899276733398438,2.3343281745910645,0,0
1,330,7920,6,4,-8.0192537307739258,0,0.0009001302532851696,0.11331959813833237,0,59.086585998535156,0,33.296825408935547,1.1277748346328735,0,0
1,330,7920,7,4,-7.823331356048584,0.39133003354072571,0.015757899731397629,0.7337842583656311,0,66.414985656738281,0,38.385158538818359,1.3345227241516113,0,0
1,330,7920,0,5,-7.6547737121582031,8.8731288909912109,0.038583982735872269,1.0076746940612793,0,79.246421813964844,0,42.418857574462891,0.33674931526184082,0,0
1,330,7920,1,5,-8.1732940673828125,0.021978083997964859,0.041905805468559265,0.14174710214138031,0,65.589057922363281,0,42.106925964355469,1.3698375225067139,0,0
1,330,7920,2,5,-8.1598024368286133,0.0010655401274561882,0.003559852484613657,0.12235098332166672,0,66.704193115234375,0,42.04937744140625,1.7266943454742432,0,0
1,330,7920,3,5,-8.3198337554931641,5.45402908755932E-05,0.00095092452829703689,0.053496897220611572,0,59.066127777099609,0,37.640644073486328,1.6308351755142212,0,0
1,330,7920,4,5,-8.351191520690918,5.6079268688336015E-05,0.0030879848636686802,0.070063337683677673,0,54.667884826660156,0,34.596759796142578,2.0715401172637939,0,0
1,330,7920,5,5,-8.1183500289916992,0.00073581846663728356,0.0064432770013809204,0.12748348712921143,0,53.373485565185547,0,33.044113159179688,1.3912396430969238,0,0
1,330,7920,6,5,-8.0266952514648438,0.00017172656953334808,0.0066494327038526535,0.12077045440673828,0,55.762287139892578,0,36.288253784179688,1.2589503526687622,0,0
1,330,7920,7,5,-7.5618000030517578,0.26604589819908142,0.0019428652012720704,0.088825121521949768,0,56.656520843505859,0,37.054641723632812,1.4017698764801025,0,0
1,330,7920,0,6,-7.7921323776245117,5.1568913459777832,0.026633955538272858,0.9220120906829834,0,69.061302185058594,0,40.322105407714844,0.37193769216537476,0,0
1,330,7920,1,6,-8.2015905380249023,0.0066393474116921425,0.016251955181360245,0.12928013503551483,0,60.753086090087891,0,40.896331787109375,1.4500278234481812,0,0
1,330,7920,2,6,-8.1964197158813477,0,0,0,0,64.467475891113281,0,41.940284729003906,1.7285895347595215,0,0
1,330,7920,3,6,-8.1695680618286133,0,0.00040511987754143775,0.087454289197921753,0,59.566593170166016,0,39.240440368652344,1.6564058065414429,0,0
1,330,7920,4,6,-8.1159143447875977,4.4331944081932306E-05,0.0017744975630193949,0.11922603845596313,0,51.746574401855469,0,33.091232299804688,1.5436969995498657,0,0
1,330,7920,5,6,-8.0280141830444336,0.00010469616972841322,0.00090153550263494253,0.1206233948469162,0,49.743629455566406,0,33.658409118652344,1.6095274686813354,0,0
1,330,7920,6,6,-7.7464494705200195,0,4.1106883145403117E-05,0.016442753374576569,0,51.457248687744141,0,37.314102172851562,1.5182652473449707,0,0
1,330,7920,7,6,-7.4500203132629395,0.17115344107151031,0.001885342295281589,0.095044568181037903,0,54.4820556640625,0,38.873130798339844,1.622189998626709,0,0
1,330,7920,0,7,-7.3278770446777344,2.9235789775848389,0.0093528814613819122,0.72555959224700928,0,68.408981323242188,0,41.721443176269531,0.29263114929199219,0,0
1,330,7920,1,7,-7.7804660797119141,0.7871251106262207,0.0044849463738501072,0.35476687550544739,0,63.625160217285156,0,41.712257385253906,0.70437121391296387,0,0
1,330,7920,2,7,-7.7415146827697754,0.6342809796333313,0.0065459609031677246,0.78972554206848145,0,66.817283630371094,0,42.560939788818359,0.54744267463684082,0,0
1,330,7920,3,7,-7.5794219970703125,0.88151943683624268,0.0061077107675373554,0.47495824098587036,0,64.175773620605469,0,40.733932495117188,0.38030868768692017,0,0
1,330,7920,4,7,-7.6831583976745605,0.93676817417144775,0.0075966548174619675,0.47382095456123352,0,60.510814666748047,0,40.455657958984375,0.69241654872894287,0,0
1,330,7920,5,7,-7.556218147277832,0.93107068538665771,0.0033647073432803154,0.11142809689044952,0,59.251968383789062,0,41.010021209716797,0.62970453500747681,0,0
1,330,7920,6,7,-7.350883960723877,0.81528472900390625,0.0033145593479275703,0.11589086055755615,0,59.040477752685547,0,43.068531036376953,0.49790123105049133,0,0
1,330,7920,7,7,-6.9692177772521973,0.81499814987182617,0.0044616078957915306,0.11431141197681427,0,63.310611724853516,0,44.677627563476562,0.46359100937843323,0,0
1,360,8640,0,0,-9.3996782302856445,13.626609802246094,0.17386496067047119,2.5673532485961914,0,75.925155639648438,0,33.773719787597656,0.15423883497714996,0,0
1,360,8640,1,0,-9.2015552520751953,2.2298939228057861,0.35627284646034241,1.3349281549453735,0,67.746162414550781,0,34.162254333496094,0.40258985757827759,0,0
1,360,8640,2,0,-9.0666561126708984,2.2403123378753662,0.2998805046081543,1.7086504697799683,0,67.697463989257812,0,34.575687408447266,0.56887191534042358,0,0
1,360,8640,3,0,-8.9258403778076172,2.0751450061798096,0.22406038641929626,1.6954704523086548,0,69.02264404296875,0,35.163105010986328,0.46960949897766113,0,0
1,360,8640,4,0,-8.9899072647094727,2.3410286903381348,0.18179500102996826,0.88985824584960938,0,68.253662109375,0,35.025115966796875,0.48605862259864807,0,0
1,360,8640,5,0,-8.8731231689453125,2.0314202308654785,0.19279472529888153,2.3014824390411377,0,66.066612243652344,0,33.962059020996094,0.53086572885513306,0,0
1,360,8640,6,0,-8.8618106842041016,2.1661360263824463,0.52513521909713745,12.658844947814941,0.022499999031424522,61.398410797119141,0,31.607032775878906,0.51236289739608765,0,0
1,360,8640,7,0,-8.7534751892089844,2.1002068519592285,0.20332257449626923,1.4491589069366455,0,63.698558807373047,0,31.306421279907227,0.33164328336715698,0,0
1,360,8640,0,1,-9.6833353042602539,23.981456756591797,0.097710654139518738,1.0734800100326538,0,76.106742858886719,0,32.466361999511719,0.2563914954662323,0,0
1,360,8640,1,1,-9.5688543319702148,0.17561453580856323,0.26183724403381348,0.76768529415130615,0,60.146167755126953,0,31.632696151733398,1.0123021602630615,0,0
1,360,8640,2,1,-9.6078891754150391,0.15490399301052094,0.26731300354003906,0.83307123184204102,0,58.608879089355469,0,31.379297256469727,1.7474836111068726,0,0.00052785791922360659
1,360,8640,3,1,-9.5285730361938477,0.10326088964939117,0.28535628318786621,19.483951568603516,0.0074999998323619366,60.509979248046875,0,32.372577667236328,1.8383820056915283,0,0
1,360,8640,4,1,-9.5419750213623047,0.42023968696594238,0.56885755062103271,32.484928131103516,0.004999999888241291,62.262020111083984,0,31.029529571533203,1.3027150630950928,0,0
1,360,8640,5,1,-9.653101921081543,0.64597404003143311,0.52225655317306519,2.7196521759033203,0,62.954807281494141,0,30.362916946411133,1.2737830877304077,0,0
1,360,8640,6,1,-9.5692672729492188,0.6561318039894104,0.5661696195602417,6.077934741973877,0,62.794246673583984,0,29.478416442871094,0.69110405445098877,0,3.806019549301709E-06
1,360,8640,7,1,-9.0289678573608398,0.72408729791641235,0.17981880903244019,2.4701523780822754,0,64.97149658203125,0,32.080581665039062,0.29529449343681335,0,0
1,360,8640,0,2,-9.5809822082519531,32.171100616455078,0.16731709241867065,3.1597461700439453,0,78.3388671875,0,32.120716094970703,0.24772277474403381,0,0
1,360,8640,1,2,-9.6782569885253906,0.50516176223754883,0.47116386890411377,1.1172704696655273,0,58.363021850585938,0,29.774282455444336,0.9654465913772583,0,0
1,360,8640,2,2,-9.862584114074707,0.98224383592605591,0.62294727563858032,33.528255462646484,0.0024999999441206455,60.058456420898438,0,29.090232849121094,1.2949409484863281,0,0
1,360,8640,3,2,-9.9694499969482422,0.87851619720458984,0.60073357820510864,33.493824005126953,0.004999999888241291,63.385944366455078,0,29.168014526367188,0.9168703556060791,0,0
1,360,8640,4,2,-9.831298828125,0.31124106049537659,0.31038889288902283,4.3470320701599121,0,63.728977203369141,0,29.139532089233398,0.51643460988998413,0,0
1,360,8640,5,2,-9.4686250686645508,0.042408842593431473,0.440082848072052,33.557720184326172,0.0024999999441206455,63.259098052978516,0,30.770122528076172,0.58351677656173706,0,0
1,360,8640,6,2,-9.4939594268798828,0.12301699072122574,0.2647443413734436,33.413585662841797,0.0024999999441206455,61.208793640136719,0,30.185672760009766,1.0489274263381958,0,0.00050789426313713193
1,360,8640,7,2,-9.0910005569458008,0.46733406186103821,0.12578791379928589,0.98239952325820923,0,70.441688537597656,0,33.820205688476562,0.81617319583892822,0,0
1,360,8640,0,3,-9.6755647659301758,31.839345932006836,0.26595091819763184,1.8808369636535645,0,73.040863037109375,0,29.578269958496094,0.12299257516860962,0,0
1,360,8640,1,3,-9.6256494522094727,0.39589095115661621,0.40006542205810547,0.91649258136749268,0,58.159923553466797,0,29.874080657958984,0.35948175191879272,0,0
1,360,8640,2,3,-9.4315872192382812,0.12964488565921783,0.36335131525993347,13.144772529602051,0.0024999999441206455,63.222999572753906,0,32.458095550537109,0.78119456768035889,0,0
1,360,8640,3,3,-9.6368179321289062,0.25653180480003357,0.30940979719161987,1.7556589841842651,0,63.296905517578125,0,31.114223480224609,1.1134029626846313,0,0
1,360,8640,4,3,-9.7060937881469727,0.055884521454572678,0.10225177556276321,0.75087481737136841,0,59.532867431640625,0,28.895412445068359,1.2987762689590454,0,0
1,360,8640,5,3,-9.710148811340332,0.15348687767982483,0.21490582823753357,2.5847017765045166,0,60.093101501464844,0,28.256061553955078,1.8492518663406372,0,0
1,360,8640,6,3,-9.7844228744506836,0.1869397759437561,0.20815987884998322,0.47142913937568665,0,60.381519317626953,0,27.465028762817383,2.1654036045074463,0,0
1,360,8640,7,3,-9.2664480209350586,0.96233999729156494,0.11309619247913361,1.0953329801559448,0,68.477043151855469,0,30.264326095581055,1.0767453908920288,0,0
1,360,8640,0,4,-9.239649772644043,32.420318603515625,0.15752603113651276,1.5701549053192139,0,83.116279602050781,0,32.301204681396484,0.190111443400383,0,0
1,360,8640,1,4,-9.4801778793334961,0.27246737480163574,0.20188102126121521,0.4373745322227478,0,62.646286010742188,0,31.921222686767578,0.80989432334899902,0,0
1,360,8640,2,4,-9.4570560455322266,0.20704425871372223,0.25929450988769531,0.72460246086120605,0,66.938446044921875,0,33.214214324951172,1.563210129737854,0,0
1,360,8640,3,4,-9.7511482238769531,0.33412003517150879,0.30595174431800842,1.9403667449951172,0,60.358139038085938,0,29.647666931152344,1.9393750429153442,0,0
1,360,8640,4,4,-9.7965230941772461,0.052296280860900879,0.092256255447864532,0.42042267322540283,0,53.796573638916016,0,26.379289627075195,1.9538743495941162,0,0
1,360,8640,5,4,-9.8172121047973633,0.19551655650138855,0.24218273162841797,2.7293131351470947,0,56.036449432373047,0,26.328184127807617,2.3372619152069092,0,0
1,360,8640,6,4,-9.4855184555053711,0.034367486834526062,0.09828919917345047,0.72284269332885742,0,59.092758178710938,0,25.869653701782227,1.6899547576904297,0,0
1,360,8640,7,4,-9.2777538299560547,0.29806220531463623,0.10578335076570511,1.048431396484375,0,66.509635925292969,0,29.837621688842773,0.98424893617630005,0,0
1,360,8640,0,5,-9.3935956954956055,25.395395278930664,0.1170426532626152,0.88783705234527588,0,79.183891296386719,0,32.987716674804688,0.23643739521503448,0,0
1,360,8640,1,5,-9.6208620071411133,0.59696704149246216,0.43284633755683899,3.62624192237854,0,65.589622497558594,0,32.720882415771484,0.85076111555099487,0,0
1,360,8640,2,5,-9.6230640411376953,0.07278277724981308,0.15002559125423431,6.2918152809143066,0,66.704566955566406,0,32.676589965820312,1.4503676891326904,0,0
1,360,8640,3,5,-9.7703657150268555,0.1797802597284317,0.23328280448913574,0.46176755428314209,0,59.066547393798828,0,29.239704132080078,2.1068904399871826,0,0
1,360,8640,4,5,-9.812993049621582,0.097228720784187317,0.12649929523468018,0.61308431625366211,0,54.668613433837891,0,26.847587585449219,1.8589209318161011,0,0
1,360,8640,5,5,-9.5914945602416992,0.028816133737564087,0.057919196784496307,0.59472823143005371,0,53.369304656982422,0,25.631866455078125,1.5522786378860474,0,0
1,360,8640,6,5,-9.5014171600341797,0.016159724444150925,0.037638615816831589,2.420579195022583,0,55.763484954833984,0,28.171785354614258,1.5631645917892456,0,0
1,360,8640,7,5,-9.0244083404541016,0.37392958998680115,0.054205752909183502,1.5121256113052368,0,56.816646575927734,0,28.766572952270508,1.1802688837051392,0,0
1,360,8640,0,6,-9.5023794174194336,14.124672889709473,0.17654471099376678,1.3767595291137695,0,69.076766967773438,0,31.343021392822266,0.25846090912818909,0,0
1,360,8640,1,6,-9.649937629699707,0.44793069362640381,0.39844769239425659,6.4782156944274902,0,60.75347900390625,0,31.776538848876953,0.97735130786895752,0,0
1,360,8640,2,6,-9.6594400405883789,0.090660795569419861,0.14523926377296448,1.2414588928222656,0,64.467727661132812,0,32.591423034667969,1.6453461647033691,0,0
1,360,8640,3,6,-9.6330118179321289,0.018051961436867714,0.12546634674072266,16.9189453125,0.0024999999441206455,59.572978973388672,0,30.475793838500977,1.924349308013916,0,0
1,360,8640,4,6,-9.5998630523681641,0.047032985836267471,0.05198255181312561,0.64755398035049438,0,51.747611999511719,0,25.627988815307617,1.1838570833206177,0,0
1,360,8640,5,6,-9.554438591003418,0.0052467533387243748,0.017085282132029533,0.46146625280380249,0,49.743988037109375,0,26.064226150512695,1.6418824195861816,0,0
1,360,8640,6,6,-9.2509803771972656,0,0.0019315086537972093,0.59142452478408813,0,51.457645416259766,0,28.951641082763672,1.9974365234375,0,0
1,360,8640,7,6,-8.9052038192749023,0.050299990922212601,0.051956918090581894,2.2334253787994385,0,54.637466430664062,0,30.189390182495117,1.4184621572494507,0,0
1,360,8640,0,7,-8.9209003448486328,4.7738437652587891,0.32808208465576172,2.732764720916748,0,68.514457702636719,0,32.476848602294922,0.18197391927242279,0,0
1,360,8640,1,7,-9.3882160186767578,1.8113261461257935,0.15156662464141846,0.99484682083129883,0,63.662826538085938,0,32.432235717773438,0.52700883150100708,0,0
1,360,8640,2,7,-9.3212041854858398,1.2951059341430664,0.075250543653964996,1.5631555318832397,0,66.926864624023438,0,33.096107482910156,0.75334244966506958,0,0
1,360,8640,3,7,-9.1766147613525391,1.5695912837982178,0.097780570387840271,1.0126618146896362,0,64.225296020507812,0,31.663167953491211,0.53264707326889038,0,0
1,360,8640,4,7,-9.2922821044921875,1.8071116209030151,0.073986567556858063,0.89214766025543213,0,60.558078765869141,0,31.437332153320312,0.63079547882080078,0,0
1,360,8640,5,7,-9.1648244857788086,1.7980822324752808,0.067920468747615814,1.2161241769790649,0,59.320941925048828,0,31.873872756958008,1.0159438848495483,0,0
1,360,8640,6,7,-8.9687328338623047,1.6818665266036987,0.066146038472652435,1.4297236204147339,0,59.168411254882812,0,33.516742706298828,1.0337097644805908,0,0
1,360,8640,7,7,-8.5617160797119141,1.3817049264907837,0.084250524640083313,1.9429992437362671,0,63.480857849121094,0,34.828166961669922,0.6761699914932251,0,0
1,365,8760,0,0,-9.3473920822143555,15.892075538635254,0.18582263588905334,2.5101428031921387,0,75.925148010253906,0,32.383201599121094,0.020059730857610703,0,0
1,365,8760,1,0,-9.0749940872192383,2.5891447067260742,0.45612666010856628,2.1591699123382568,0,67.74615478515625,0,32.755706787109375,0.13209529221057892,0,0
1,365,8760,2,0,-8.9357013702392578,2.5473940372467041,0.43064442276954651,3.2235791683197021,0,67.697334289550781,0,33.152179718017578,0.16699895262718201,0,0
1,365,8760,3,0,-8.801508903503418,2.3756303787231445,0.32674425840377808,1.8231078386306763,0,69.022621154785156,0,33.715461730957031,0.27255094051361084,0,0
1,365,8760,4,0,-8.8572969436645508,2.6978986263275146,0.29950371384620667,0.91452443599700928,0,68.251876831054688,0,33.583042144775391,0.38007438182830811,0,0
1,365,8760,5,0,-8.7453298568725586,2.341374397277832,0.29851675033569336,2.4086105823516846,0,66.066596984863281,0,32.563655853271484,0.21230296790599823,0,0
1,365,8760,6,0,-8.721491813659668,2.5045859813690186,0.7390168309211731,16.793169021606445,0.022499999031424522,61.398262023925781,0,30.303873062133789,0.23768934607505798,0,0
1,365,8760,7,0,-8.6281185150146484,2.4434540271759033,0.30732011795043945,1.9015510082244873,0,63.698604583740234,0,30.016218185424805,0.14495083689689636,0,0
1,365,8760,0,1,-9.6294975280761719,27.141271591186523,0.099948525428771973,1.0949532985687256,0,76.098724365234375,0,31.129638671875,0.034006465226411819,0,0
1,365,8760,1,1,-9.4395055770874023,0.14662152528762817,0.34922522306442261,0.83582603931427002,0,60.146236419677734,0,30.330293655395508,0.31606015563011169,0,0
1,365,8760,2,1,-9.482295036315918,0.142415851354599,0.3372846245765686,1.0526770353317261,0,58.608951568603516,0,30.08732795715332,0.56224209070205688,0,0.00052200746722519398
1,365,8760,3,1,-9.4059066772460938,0.093808837234973907,0.33207190036773682,20.81348991394043,0.0074999998323619366,60.518207550048828,0,31.040157318115234,0.61760085821151733,0,0
1,365,8760,4,1,-9.4147939682006836,0.41450256109237671,0.63891100883483887,31.426990509033203,0.004999999888241291,62.30084228515625,0,29.752155303955078,0.71429574489593506,0,0
1,365,8760,5,1,-9.5269546508789062,0.68445307016372681,0.60439455509185791,3.423363208770752,0,62.954780578613281,0,29.112796783447266,0.37711381912231445,0,0
1,365,8760,6,1,-9.4475736618041992,0.75649356842041016,0.63996660709381104,7.1271367073059082,0,62.794258117675781,0,28.264640808105469,0.25606849789619446,0,3.7649820114893373E-06
1,365,8760,7,1,-8.9158096313476562,0.87316501140594482,0.19769160449504852,2.6476762294769287,0,64.971504211425781,0,30.760465621948242,0.13355381786823273,0,0
1,365,8760,0,2,-9.5240278244018555,35.879554748535156,0.18513795733451843,4.0695724487304688,0,78.326957702636719,0,30.798236846923828,0.022593125700950623,0,0
1,365,8760,1,2,-9.5543889999389648,0.52995240688323975,0.53507810831069946,1.2907576560974121,0,58.363082885742188,0,28.548397064208984,0.21870522201061249,0,0
1,365,8760,2,2,-9.739567756652832,1.0286415815353394,0.70895195007324219,38.738037109375,0.0024999999441206455,60.059314727783203,0,27.892656326293945,0.3400731086730957,0,0
1,365,8760,3,2,-9.8482379913330078,0.96105939149856567,0.69531041383743286,38.630905151367188,0.0074999998323619366,63.390163421630859,0,27.967369079589844,0.37069368362426758,0,0
1,365,8760,4,2,-9.706573486328125,0.35806551575660706,0.38327747583389282,5.0589289665222168,0,63.728988647460938,0,27.939252853393555,0.40171316266059875,0,0
1,365,8760,5,2,-9.3419828414916992,0.025485802441835403,0.47551944851875305,22.465925216674805,0.0024999999441206455,63.305580139160156,0,29.503307342529297,0.37264442443847656,0,0
1,365,8760,6,2,-9.371734619140625,0.065103620290756226,0.26867350935935974,22.232004165649414,0.0024999999441206455,61.259067535400391,0,28.942869186401367,0.42306837439537048,0,0.00050243065925315022
1,365,8760,7,2,-8.9776487350463867,0.65441113710403442,0.13288657367229462,1.0163054466247559,0,70.441688537597656,0,32.428134918212891,0.34170746803283691,0,0
1,365,8760,0,3,-9.6102914810180664,35.519889831542969,0.27192673087120056,3.9970693588256836,0,73.027381896972656,0,28.359819412231445,0.021154604852199554,0,0
1,365,8760,1,3,-9.496429443359375,0.45294910669326782,0.50920599699020386,1.4476993083953857,0,58.159976959228516,0,28.643110275268555,0.18821695446968079,0,0
1,365,8760,2,3,-9.289398193359375,0.092837400734424591,0.53410625457763672,16.388744354248047,0.0024999999441206455,63.223037719726562,0,31.121730804443359,0.31012764573097229,0,0
1,365,8760,3,3,-9.5053768157958984,0.19857724010944366,0.41265949606895447,2.6379454135894775,0,63.296943664550781,0,29.833133697509766,0.50886571407318115,0,0
1,365,8760,4,3,-9.5843448638916016,0.021610233932733536,0.1267455518245697,0.78484576940536499,0,59.532936096191406,0,27.704877853393555,0.70842337608337402,0,0
1,365,8760,5,3,-9.5847673416137695,0.10103364288806915,0.26941496133804321,4.2593040466308594,0,60.093170166015625,0,27.092325210571289,0.68791407346725464,0,0
1,365,8760,6,3,-9.6616172790527344,0.14735725522041321,0.25658383965492249,0.55589777231216431,0,60.381587982177734,0,26.333503723144531,0.66235619783401489,0,0
1,365,8760,7,3,-9.152012825012207,1.1141204833984375,0.11276062577962875,1.2624378204345703,0,68.476409912109375,0,29.018321990966797,0.28926539421081543,0,0
1,365,8760,0,4,-9.1867027282714844,36.383068084716797,0.15627692639827728,1.6792064905166626,0,83.095802307128906,0,30.971195220947266,0.01028374582529068,0,0
1,365,8760,1,4,-9.3565835952758789,0.21397547423839569,0.24452689290046692,0.63512462377548218,0,62.646335601806641,0,30.606636047363281,0.19435539841651917,0,0
1,365,8760,2,4,-9.3303699493408203,0.17172738909721375,0.32602700591087341,0.95953011512756348,0,66.938461303710938,0,31.846698760986328,0.34205970168113708,0,0
1,365,8760,3,4,-9.6220006942749023,0.27213200926780701,0.3988061249256134,2.8954019546508789,0,60.358192443847656,0,28.425674438476562,0.52396273612976074,0,0
1,365,8760,4,4,-9.6755161285400391,0.030038509517908096,0.11913939565420151,0.50931411981582642,0,53.796638488769531,0,25.286140441894531,0.7625192403793335,0,0
1,365,8760,5,4,-9.6941375732421875,0.14956276118755341,0.28608214855194092,4.2148489952087402,0,56.036518096923828,0,25.242019653320312,0.71253430843353271,0,0
1,365,8760,6,4,-9.3676767349243164,0.029124761000275612,0.10341188311576843,0.73294460773468018,0,59.092784881591797,0,24.802986145019531,0.46619501709938049,0,0
1,365,8760,7,4,-9.1673660278320312,0.53210484981536865,0.10912103205919266,1.0543798208236694,0,66.508880615234375,0,28.608251571655273,0.3549383282661438,0,0
1,365,8760,0,5,-9.3402261734008789,28.662508010864258,0.11174994707107544,0.91784274578094482,0,79.172103881835938,0,31.629371643066406,0.018278598785400391,0,0
1,365,8760,1,5,-9.4910764694213867,0.51564639806747437,0.51860547065734863,4.1260175704956055,0,65.589637756347656,0,31.373636245727539,0.2376738041639328,0,0
1,365,8760,2,5,-9.5007152557373047,0.036732804030179977,0.17809925973415375,6.8534035682678223,0,66.70458984375,0,31.331211090087891,0.39710485935211182,0,0
1,365,8760,3,5,-9.6478357315063477,0.14225172996520996,0.28128054738044739,0.72697001695632935,0,59.066612243652344,0,28.034303665161133,0.58189064264297485,0,0
1,365,8760,4,5,-9.6934213638305664,0.087935850024223328,0.15173140168190002,0.62191373109817505,0,54.668678283691406,0,25.736404418945312,0.5843241810798645,0,0
1,365,8760,5,5,-9.4743556976318359,0.017002029344439507,0.054250217974185944,0.57404744625091553,0,53.368625640869141,0,24.568750381469727,0.3430420458316803,0,0
1,365,8760,6,5,-9.3862504959106445,0.0031474237330257893,0.027998173609375954,2.668299674987793,0,55.763515472412109,0,27.006938934326172,0.50519901514053345,0,0
1,365,8760,7,5,-8.9087276458740234,0.50203865766525269,0.063353657722473145,1.5988749265670776,0,56.816646575927734,0,27.572650909423828,0.38562795519828796,0,0
1,365,8760,0,6,-9.4529085159301758,16.189182281494141,0.18039515614509583,1.2866495847702026,0,69.076568603515625,0,30.051008224487305,0.026541624218225479,0,0
1,365,8760,1,6,-9.51898193359375,0.37850379943847656,0.49820584058761597,6.9688630104064941,0,60.753509521484375,0,30.467647552490234,0.20360971987247467,0,0
1,365,8760,2,6,-9.53759765625,0.052515074610710144,0.17727459967136383,1.6216781139373779,0,64.467758178710938,0,31.249551773071289,0.31507489085197449,0,0
1,365,8760,3,6,-9.5175466537475586,0.0056955944746732712,0.11025650799274445,10.429401397705078,0.0024999999441206455,59.597709655761719,0,29.218198776245117,0.37143465876579285,0,0
1,365,8760,4,6,-9.4790163040161133,0.045314643532037735,0.076598204672336578,0.66170394420623779,0,51.747650146484375,0,24.55854606628418,0.26600489020347595,0,0
1,365,8760,5,6,-9.4396543502807617,0,0.005007775966078043,0.40099924802780151,0,49.744007110595703,0,24.975971221923828,0.31104880571365356,0,0
1,365,8760,6,6,-9.1322813034057617,0,0.0015542653854936361,0.62170618772506714,0,51.457649230957031,0,27.750059127807617,0.54681563377380371,0,0
1,365,8760,7,6,-8.7850894927978516,0.037329103797674179,0.057354915887117386,2.6575520038604736,0,54.637458801269531,0,28.936717987060547,0.38993960618972778,0,0
1,365,8760,0,7,-8.8468551635742188,6.0190324783325195,0.33963999152183533,3.2592511177062988,0,68.514144897460938,0,31.140254974365234,0.0034451067913323641,0,0
1,365,8760,1,7,-9.2376585006713867,2.025059700012207,0.21938522160053253,1.0896977186203003,0,63.662845611572266,0,31.096868515014648,0.0082487501204013824,0,0
1,365,8760,2,7,-9.1829872131347656,1.5588974952697754,0.078831188380718231,1.6980725526809692,0,66.926872253417969,0,31.733327865600586,0.0090337740257382393,0,0
1,365,8760,3,7,-9.0377473831176758,1.8084969520568848,0.11720500141382217,1.1324008703231812,0,64.225242614746094,0,30.355806350708008,0.0040909177623689175,0,0
1,365,8760,4,7,-9.1474971771240234,2.0263047218322754,0.076967999339103699,0.91726803779602051,0,60.558025360107422,0,30.138994216918945,0.0039046262390911579,0,0
1,365,8760,5,7,-9.0191984176635742,2.0245022773742676,0.065959207713603973,1.3870965242385864,0,59.32086181640625,0,30.556751251220703,0.011036503128707409,0,0
1,365,8760,6,7,-8.8201942443847656,1.9183980226516724,0.071964718401432037,1.4661228656768799,0,59.168308258056641,0,32.135097503662109,0.0079027246683835983,0,0
1,365,8760,7,7,-8.4094486236572266,1.583483099937439,0.08346845954656601,1.976161003112793,0,63.480808258056641,0,33.394569396972656,0.029600987210869789,0,0
