year,day,elapsed_hours,temperature_c,precipitation_mm_h,surface_water_mm,root_water_mm,groundwater_mm,snow_mm,live_biomass_gm2,dry_biomass_gm2,soil_compaction,dust_gm2,fire_intensity,burn_scar,climate_temperature_offset_c,climate_moisture_multiplier,climate_wind_multiplier,climate_storm_frequency,climate_storm_intensity,climate_phase_shift_days,heatwave,cold_snap,rain_burst,wind_storm
1,15,360,-10.479321479797363,0.044152345508337021,0.012531910091638565,52.521472930908203,29.931755065917969,20.774656295776367,25.843101501464844,23.471010208129883,0,0.19378522038459778,0,0,-0.73960524797439575,0.94848209619522095,0.99728578329086304,1.1382597684860229,0.81245481967926025,9.4253749847412109,0,0,0,0
1,30,720,-9.0702714920043945,0.05024922639131546,0.10630906373262405,52.520549774169922,29.932956695556641,33.760269165039062,22.756593704223633,24.373384475708008,0,0.10058219730854034,0,0,-0.76327866315841675,0.94324588775634766,0.99728578329086304,1.1382597684860229,0.81245481967926025,9.4253749847412109,0,0,0,0
1,45,1080,-6.9442768096923828,0.051773857325315475,0.017299260944128036,53.457427978515625,29.933015823364258,46.692222595214844,20.10009765625,24.778848648071289,0,0.10437855869531631,0,0,-0.83640152215957642,0.9311034083366394,0.99728578329086304,1.1382597684860229,0.81245481967926025,9.4253749847412109,0,0,0,0
1,60,1440,-4.0739965438842773,0.044181149452924728,0.00021326121350284666,57.576396942138672,29.999069213867188,55.113452911376953,18.31407356262207,24.312076568603516,0,0.082714259624481201,0,0,-0.94967031478881836,0.91229456663131714,0.99728578329086304,1.1382597684860229,0.81245481967926025,9.4253749847412109,0,0,0,0
1,75,1800,-0.42944133281707764,0.020160024985671043,0.0043301745317876339,74.345565795898438,35.469303131103516,42.673183441162109,17.736095428466797,22.739542007446289,0,0.042867254465818405,0,0,-1.081578254699707,0.89039069414138794,0.99728578329086304,1.1382597684860229,0.81245481967926025,9.4253749847412109,0,0,0,0
1,90,2160,5.6105132102966309,0.0041139926761388779,0.14770188927650452,80.435012817382812,68.321624755859375,4.4753289222717285,18.371391296386719,20.796159744262695,0,0.038695059716701508,0,0,-1.2106186151504517,0.86896288394927979,0.99728578329086304,1.1382597684860229,0.81245481967926025,9.4253749847412109,0,0,0,0
1,105,2520,9.9321346282958984,2.1451956854434684E-05,0.054231960326433182,77.656608581542969,72.81646728515625,0,21.663887023925781,19.003852844238281,0,0.017307762056589127,0,0,-1.3152846097946167,0.85158252716064453,0.99728578329086304,1.1382597684860229,0.81245481967926025,9.4253749847412109,0,0,0,0
1,120,2880,14.155657768249512,0,0.054311808198690414,77.635810852050781,71.229316711425781,0,26.665859222412109,17.368947982788086,0,0.014636220410466194,0,0,-1.3740696907043457,0.84182101488113403,0.99728578329086304,1.1382597684860229,0.81245481967926025,9.4253749847412109,0,0,0,0
1,135,3240,17.78099250793457,0,0.050123345106840134,77.540328979492188,69.17425537109375,0,31.610969543457031,15.968021392822266,0,0.018891550600528717,0,0,-1.3387799263000488,0.84693354368209839,0.99728578329086304,1.1382597684860229,0.81245481967926025,9.4253749847412109,0,0,0,0
1,150,3600,20.638360977172852,0,0.043333481997251511,77.280769348144531,66.99957275390625,0,34.982875823974609,15.259744644165039,0,0.014406044036149979,0,0,-1.1209973096847534,0.87914001941680908,0.99728578329086304,1.1382597684860229,0.81245481967926025,9.4253749847412109,0,0,0,0
1,165,3960,22.587404251098633,0,0.035224452614784241,76.888381958007812,64.887687683105469,0,36.92803955078125,15.218995094299316,0,0.012251240201294422,0,0,-0.78499734401702881,0.9288288950920105,0.99728578329086304,1.1382597684860229,0.81245481967926025,9.4253749847412109,0,0,0,0
1,180,4320,23.311578750610352,0,0.031897205859422684,76.387466430664062,62.899936676025391,0,38.438674926757812,15.442301750183105,0,0.0044987266883254051,0,0,-0.40959161520004272,0.98434531688690186,0.99728578329086304,1.1382597684860229,0.81245481967926025,9.4253749847412109,0,0,0,0
1,195,4680,27.431156158447266,0,0.025978948920965195,75.832069396972656,61.030155181884766,0,39.824760437011719,15.770684242248535,0,0.0024852638598531485,0,0,3.8073453903198242,1.0340341329574585,0.99728578329086304,1.1382597684860229,0.97423553466796875,9.4253749847412109,1,0,0,0
1,210,5040,21.397260665893555,0,0.032390207052230835,75.86395263671875,59.538570404052734,0,40.415554046630859,16.4041748046875,0,0.0027797175571322441,0,0,0.99177873134613037,1.0662407875061035,0.99728578329086304,1.1382597684860229,0.81245481967926025,9.4253749847412109,0,0,0,0
1,225,5400,18.015497207641602,0,0.037868525832891464,75.270561218261719,57.908828735351562,0,45.322494506835938,15.556778907775879,0,0.014828965067863464,0,0,0.18138110637664795,1.0733007192611694,0.99728578329086304,1.1382597684860229,0.81245481967926025,9.4253749847412109,0,0,0,0
1,240,5760,14.295458793640137,0,0.044182863086462021,74.701362609863281,56.359771728515625,0,51.832450866699219,14.258182525634766,0,0.014736906625330448,0,0,0.14251017570495605,1.0829073190689087,0.99728578329086304,1.1382597684860229,0.81245481967926025,9.4253749847412109,0,0,0,0
1,255,6120,10.137746810913086,0,0.04644964262843132,74.185516357421875,54.922676086425781,0,57.626731872558594,13.041934967041016,0,0.012844478711485863,0,0,0.075833678245544434,1.0993858575820923,0.99728578329086304,1.1382597684860229,0.81245481967926025,9.4253749847412109,0,0,0,0
1,270,6480,5.0744786262512207,6.9330121732491534E-07,0.050411883741617203,73.854202270507812,53.600112915039062,0,61.440605163574219,11.931999206542969,0,0.083118252456188202,0,0,-0.0016244649887084961,1.1185290813446045,0.99728578329086304,1.1382597684860229,0.81245481967926025,9.4253749847412109,0,0,0,0
1,285,6840,0.97425228357315063,0,0.050388231873512268,73.723426818847656,52.431270599365234,0,62.529876708984375,10.918181419372559,0,0.12482900172472,0,0,-0.072840571403503418,1.13612961769104,0.99728578329086304,1.1382597684860229,0.81245481967926025,9.4253749847412109,0,0,0,0
1,300,7200,-2.7093276977539062,0.027631958946585655,0.063236065208911896,73.977088928222656,51.419864654541016,0.060688197612762451,62.324981689453125,10.236754417419434,0,0.10331865400075912,0,0,-0.12079089879989624,1.1479800939559937,0.99728578329086304,1.1382597684860229,2.0723745822906494,9.4253749847412109,0,0,1,0
1,315,7560,-5.8811545372009277,0.0074238521046936512,0.061957251280546188,75.977653503417969,51.307670593261719,7.9441084861755371,59.11468505859375,12.44582462310791,0,0.17088961601257324,0,0,-0.13927415013313293,1.1480000019073486,0.99728578329086304,1.1382597684860229,0.81245481967926025,9.4253749847412109,0,0,0,0
1,330,7920,-8.2444601058959961,0.028825903311371803,0.08018830418586731,76.780387878417969,50.628311157226562,10.065807342529297,53.053474426269531,17.175119400024414,0,0.27557402849197388,0,0,-0.23948147892951965,1.1146963834762573,1.059471607208252,1.1382597684860229,0.81245481967926025,9.4253749847412109,0,0,0,0
1,345,8280,-9.8586244583129883,0.05262422189116478,0.1587895005941391,76.572029113769531,49.745933532714844,15.26305103302002,46.799236297607422,21.661558151245117,0,0.16601981222629547,0,0,-0.4086838960647583,1.0584626197814941,0.99728578329086304,1.1382597684860229,0.81245481967926025,9.4253749847412109,0,0,0,0
1,360,8640,-9.7064189910888672,0.065086714923381805,0.19486004114151001,76.372093200683594,48.856590270996094,21.781654357910156,41.249073028564453,25.084001541137695,0,0.13017214834690094,0,0,0.26229840517044067,0.85051929950714111,1.0027369260787964,0.97126328945159912,1.0108325481414795,9.8919343948364258,0,0,0,0
1,365,8760,-9.6143102645874023,0.013840260915458202,0.21286728978157043,76.307594299316406,48.570438385009766,24.275487899780273,39.549629211425781,26.010591506958008,0,0.016554232686758041,0,0,0.39197155833244324,0.81466186046600342,1.0037463903427124,0.94033801555633545,1.0475691556930542,9.9783344268798828,0,0,0,0
2,15,9120,-9.2808513641357422,0.018379813060164452,0.26890778541564941,76.110572814941406,47.763668060302734,34.686389923095703,34.85931396484375,28.22618293762207,0,0.015398056246340275,0,0,0.10535813868045807,0.83083754777908325,1.002350926399231,0.98308908939361572,0.99678444862365723,9.8588953018188477,0,0,0,0
2,30,9480,-7.7262940406799316,0.054732542484998703,0.18028540909290314,76.149749755859375,47.053855895996094,41.097732543945312,30.760370254516602,29.685543060302734,0,0.013389810919761658,0,0,0.31274113059043884,0.79771524667739868,1.0037463903427124,0.94033801555633545,1.0475691556930542,9.9783344268798828,0,0,0,0
2,45,9840,-5.6417970657348633,0.028633592650294304,0.056372839957475662,77.457542419433594,46.570400238037109,48.922252655029297,27.494144439697266,30.209400177001953,0,0.024381730705499649,0,0,0.21478982269763947,0.80031096935272217,1.0037463903427124,0.94033801555633545,1.0475691556930542,9.9783344268798828,0,0,0,0
2,60,10200,-2.872626781463623,0.027946127578616142,0.089863702654838562,79.553192138671875,47.064456939697266,53.551383972167969,25.642124176025391,29.333364486694336,0,0.014298858121037483,0,0,0.063061326742172241,0.80433177947998047,1.0037463903427124,0.94033801555633545,1.0475691556930542,9.9783344268798828,0,0,0,0
2,75,10560,0.99459332227706909,0.018633291125297546,0.27662110328674316,88.371406555175781,58.835159301757812,28.992603302001953,25.228527069091797,27.195417404174805,0,0.00842326320707798,0,0,-0.11363512277603149,0.80901426076889038,1.0037463903427124,0.94033801555633545,1.0475691556930542,9.9783344268798828,0,0,0,0
2,90,10920,6.6128644943237305,0.00038379369652830064,0.35015931725502014,87.388137817382812,78.996795654296875,2.8342916965484619,26.575727462768555,24.852262496948242,0,0.0098056579008698463,0,0,-0.28649038076400757,0.8135949969291687,1.0037463903427124,0.94033801555633545,1.0475691556930542,9.9783344268798828,0,0,0,0
2,105,11280,10.826804161071777,1.1603747225308325E-05,0.56067335605621338,86.161529541015625,79.639434814453125,0,31.147584915161133,22.71211051940918,0,0.017396822571754456,0,0,-0.42669516801834106,0.81731045246124268,1.0037463903427124,0.94033801555633545,1.0475691556930542,9.9783344268798828,0,0,0,0
2,120,11640,15.02587890625,0,0.61217004060745239,85.935310363769531,77.126968383789062,0,37.329841613769531,20.761268615722656,0,0.0058914767578244209,0,0,-0.505440354347229,0.8193972110748291,1.0037463903427124,0.94033801555633545,1.0475691556930542,9.9783344268798828,0,0,0,0
2,135,12000,18.568790435791016,0,0.62223702669143677,85.579063415527344,74.525344848632812,0,43.094558715820312,19.153316497802734,0,0.044099576771259308,0,0,-0.48509538173675537,0.81898677349090576,1.0037463903427124,0.94033801555633545,1.0475691556930542,9.9783344268798828,0,0,0,0
2,150,12360,21.406261444091797,0,0.59875863790512085,85.020500183105469,71.992889404296875,0,46.643646240234375,18.505998611450195,0,0.078611887991428375,0,0,-0.33591187000274658,0.81571471691131592,1.0037463903427124,0.94033801555633545,1.0475691556930542,9.9783344268798828,0,0,0,0
2,165,12720,23.356603622436523,0,0.52281004190444946,84.210243225097656,69.569664001464844,0,48.394538879394531,18.689708709716797,0,0.047574348747730255,0,0,-0.10574823617935181,0.81066656112670898,1.0037463903427124,0.94033801555633545,1.0475691556930542,9.9783344268798828,0,0,0,0
2,180,13080,23.984125137329102,0,0.45215213298797607,83.328277587890625,67.296516418457031,0,49.670127868652344,19.136306762695312,0,0.066147774457931519,0,0,0.151408851146698,0.80502647161483765,1.0037463903427124,0.94033801555633545,1.0475691556930542,9.9783344268798828,0,0,0,0
2,195,13440,23.355625152587891,0,0.37999868392944336,82.399932861328125,65.240242004394531,0,51.044178009033203,19.556533813476562,0,0.13337399065494537,0,0,0.38157248497009277,0.79997831583023071,1.0037463903427124,0.94033801555633545,1.0475691556930542,9.9783344268798828,0,0,0,0
2,210,13800,21.498138427734375,0,0.315167635679245,81.457801818847656,63.435482025146484,0,53.335399627685547,19.612068176269531,0,0.098427139222621918,0,0,0.53075599670410156,0.79670625925064087,1.0037463903427124,0.94033801555633545,1.0475691556930542,9.9783344268798828,0,0,0,0
2,225,14160,18.55604362487793,0,0.29283201694488525,80.682510375976562,61.843269348144531,0,58.232654571533203,18.722917556762695,0,0.075895994901657104,0,0,0.56025683879852295,0.79734599590301514,1.0037463903427124,0.94033801555633545,1.0475691556930542,9.9783344268798828,0,0,0,0
2,240,14520,14.888167381286621,0,0.24987848103046417,79.788818359375,60.419940948486328,0,65.053504943847656,17.184417724609375,0,0.099407389760017395,0,0,0.5732458233833313,0.80972570180892944,1.0037463903427124,0.94033801555633545,1.0475691556930542,9.9783344268798828,0,0,0,0
2,255,14880,10.84152889251709,0,0.21934612095355988,78.977272033691406,59.117786407470703,0,71.209465026855469,15.720186233520508,0,0.05744701623916626,0,0,0.59552621841430664,0.83096086978912354,1.0037463903427124,0.94033801555633545,5.5,9.9783344268798828,0,0,1,0
2,270,15240,5.8575291633605957,3.6013025237480178E-06,0.22271132469177246,78.755523681640625,57.964923858642578,0,75.492523193359375,14.382998466491699,0,0.038006439805030823,0,0,0.62140941619873047,0.85562986135482788,1.0037463903427124,0.94033801555633545,1.0475691556930542,9.9783344268798828,0,0,0,0
2,285,15600,1.8325968980789185,2.2627684302278794E-05,0.24164839088916779,78.350074768066406,56.883903503417969,0,76.968528747558594,13.162783622741699,0,0.03991430252790451,0,0,0.64520680904388428,0.87831085920333862,1.0037463903427124,0.94033801555633545,1.0475691556930542,9.9783344268798828,0,0,0,0
2,300,15960,-1.7180509567260742,0,0.30447790026664734,78.289543151855469,55.920024871826172,0,77.005157470703125,12.128310203552246,0,0.046774718910455704,0,0,0.66122972965240479,0.89358210563659668,1.0037463903427124,0.94033801555633545,1.0475691556930542,9.9783344268798828,0,0,0,0
2,315,16320,-4.8076257705688477,3.0775911000091583E-05,0.36694541573524475,78.775932312011719,55.061382293701172,0.22600087523460388,74.574234008789062,13.437582015991211,0,0.02729121595621109,0,0,0.66056817770004272,0.89569729566574097,1.0037463903427124,0.94033801555633545,1.0475691556930542,9.9783344268798828,0,0,0,0
2,330,16680,-7.2141695022583008,0.0040615713223814964,0.43867754936218262,79.437255859375,54.275409698486328,2.2434675693511963,68.226593017578125,18.36669921875,0,0.018945207819342613,0,0,0.60675084590911865,0.87946063280105591,1.0037463903427124,0.94033801555633545,1.0475691556930542,9.9783344268798828,0,0,0,0
2,345,17040,-15.465076446533203,0.029767906293272972,0.60962462425231934,79.5364990234375,53.507652282714844,6.7669720649719238,60.423049926757812,24.238401412963867,0,0.019916795194149017,0,0,-5.9237298965454102,0.85204464197158813,1.0037463903427124,0.94033801555633545,1.0475691556930542,9.9783344268798828,0,1,0,0
2,360,17400,-8.477208137512207,0.0090045584365725517,0.70154231786727905,79.288604736328125,52.696708679199219,14.612758636474609,53.255809783935547,28.981136322021484,0,0.016824224963784218,0,0,1.370296835899353,0.73678821325302124,0.96864819526672363,1.1186869144439697,1.0342354774475098,2.7286467552185059,0,0,0,0
2,365,17520,-8.1339702606201172,0.099098004400730133,0.72999674081802368,79.220436096191406,52.445220947265625,15.870661735534668,51.079929351806641,30.263195037841797,0,0.068583741784095764,0,0,1.5823047161102295,0.71488851308822632,0.96214854717254639,1.151714563369751,1.0317662954330444,1.3861122131347656,0,0,0,0
3,15,17880,-7.4160842895507812,0.11202248185873032,0.83049893379211426,79.067474365234375,51.690029144287109,22.483310699462891,45.063163757324219,33.383377075195312,0,0.16023755073547363,0,0,1.3682811260223389,0.72391539812088013,1.2753673791885376,1.1060571670532227,1.0351797342300415,3.242032527923584,0,0,0,1
3,30,18240,-5.2511911392211914,0.059153661131858826,0.83472245931625366,80.309112548828125,51.117969512939453,26.57890510559082,40.483726501464844,34.852642059326172,0,0.079359166324138641,0,0,1.6235736608505249,0.70327764749526978,0.96214854717254639,1.151714563369751,1.0317662954330444,1.3861122131347656,0,0,0,0
3,45,18600,-2.7810559272766113,0.056174334138631821,0.996135413646698,82.224769592285156,51.257694244384766,27.466285705566406,37.909736633300781,34.274272918701172,0,0.15700876712799072,0,0,1.4665400981903076,0.70693379640579224,1.0300551652908325,1.151714563369751,1.0317662954330444,1.3861122131347656,0,0,0,0
3,60,18960,0.62480241060256958,0.025745561346411705,1.6287244558334351,87.2708740234375,56.465259552001953,14.355565071105957,37.289463043212891,31.902294158935547,0,0.1232873797416687,0,0,1.2232917547225952,0.71259719133377075,0.96214854717254639,1.151714563369751,1.0317662954330444,1.3861122131347656,0,0,0,0
3,75,19320,4.6256022453308105,0.00019564240938052535,2.4859323501586914,86.587997436523438,65.482147216796875,1.3146876096725464,37.924678802490234,29.168025970458984,0,0.1110500693321228,0,0,0.94001543521881104,0.71919262409210205,0.96214854717254639,1.151714563369751,1.0317662954330444,1.3861122131347656,0,0,0,0
3,90,19680,9.3844575881958008,3.4547088034742046E-06,2.7494158744812012,85.394813537597656,65.622962951660156,0,41.197597503662109,26.662551879882812,0,0.1472904235124588,0,0,0.66289716958999634,0.72564464807510376,0.96214854717254639,1.151714563369751,1.0317662954330444,1.3861122131347656,0,0,0,0
3,105,20040,13.505613327026367,0,2.8092894554138184,85.114021301269531,63.569168090820312,0,47.012523651123047,24.375234603881836,0,0.16035610437393188,0,0,0.43812358379364014,0.73087793588638306,0.96214854717254639,1.151714563369751,1.0317662954330444,1.3861122131347656,0,0,0,0
3,120,20400,17.384611129760742,0,2.6966736316680908,84.574485778808594,61.510177612304688,0,53.424709320068359,22.313661575317383,0,0.085088223218917847,0,0,0.31188082695007324,0.73381721973419189,0.96214854717254639,1.151714563369751,1.0317662954330444,1.3861122131347656,0,0,0,0
3,135,20760,20.727262496948242,0,2.4234700202941895,84.783042907714844,60.752601623535156,0,58.21197509765625,21.049575805664062,0,0.050716917961835861,0,0,0.32754939794540405,0.73615938425064087,0.96214854717254639,1.151714563369751,1.0317662954330444,1.3861122131347656,0,0,0,0
3,150,21120,23.108003616333008,0,2.0092711448669434,83.681228637695312,59.068367004394531,0,60.202976226806641,21.142127990722656,0,0.063178487122058868,0,0,0.47699844837188721,0.74700981378555298,0.96214854717254639,1.151714563369751,1.0317662954330444,1.3861122131347656,0,0,0,0
3,165,21480,24.473028182983398,0,1.8652670383453369,82.427909851074219,57.681270599365234,0,60.994861602783203,21.856937408447266,0,0.032601926475763321,0,0,0.70757186412811279,0.76375007629394531,0.96214854717254639,1.151714563369751,1.0317662954330444,1.3861122131347656,0,0,0,0
3,180,21840,24.636312484741211,0,1.7264423370361328,81.138031005859375,56.504890441894531,0,61.598617553710938,22.684032440185547,0,0.028161413967609406,0,0,0.9651867151260376,0.78245371580123901,0.96214854717254639,1.151714563369751,1.0317662954330444,1.3861122131347656,0,0,0,0
3,195,22200,23.55421257019043,0,1.6003478765487671,79.855438232421875,55.491752624511719,0,62.458877563476562,23.348697662353516,0,0.014842785894870758,0,0,1.1957600116729736,0.79919403791427612,0.96214854717254639,1.151714563369751,1.0317662954330444,1.3861122131347656,0,0,0,0
3,210,22560,21.284185409545898,0,1.4828063249588013,78.611480712890625,54.586097717285156,0,64.5076904296875,23.451440811157227,0,0.011122002266347408,0,0,1.3452091217041016,0.81004446744918823,0.96214854717254639,1.151714563369751,1.0317662954330444,1.3861122131347656,0,0,0,0
3,225,22920,17.995817184448242,0,1.377532958984375,77.444068908691406,53.7562255859375,0,69.588127136230469,22.321685791015625,0,0.014780592173337936,0,0,1.371633768081665,0.81160908937454224,0.96214854717254639,1.151714563369751,1.0317662954330444,1.3861122131347656,0,0,0,0
3,240,23280,14.051491737365723,0,1.2898917198181152,76.362266540527344,53.010532379150391,0,76.610404968261719,20.467567443847656,0,0.0092401308938860893,0,0,1.3538520336151123,0.80683505535125732,0.96214854717254639,1.151714563369751,1.0317662954330444,1.3861122131347656,0,0,0,0
3,255,23640,9.7929964065551758,0,1.2267851829528809,75.385185241699219,52.342098236083984,0,82.799903869628906,18.732337951660156,0,0.0085694054141640663,0,0,1.3233509063720703,0.79864603281021118,0.96214854717254639,1.151714563369751,1.0317662954330444,1.3861122131347656,0,0,0,0
3,270,24000,4.7445917129516602,0,1.1938372850418091,74.602401733398438,51.671302795410156,0,86.712486267089844,17.149309158325195,0,0.0070696771144866943,0,0,1.2879173755645752,0.78913277387619019,0.96214854717254639,1.151714563369751,1.0317662954330444,1.3861122131347656,0,0,0,0
3,285,24360,0.74834853410720825,2.5879405711748404E-06,1.1877032518386841,74.1527099609375,50.992477416992188,3.8992584450170398E-06,87.742607116699219,15.703982353210449,0,0.0050728856585919857,0,0,1.255339503288269,0.78038620948791504,0.96214854717254639,1.151714563369751,1.0317662954330444,1.3861122131347656,0,0,0,0
3,300,24720,-2.7198429107666016,6.2766766859567724E-06,1.1970117092132568,74.116111755371094,50.380126953125,0.00054872519103810191,87.396339416503906,14.742227554321289,0,0.0045458986423909664,0,0,1.2334045171737671,0.77449709177017212,0.96214854717254639,1.151714563369751,1.0317662954330444,1.3861122131347656,0,0,0,0
3,315,25080,-5.4732913970947266,5.7565630413591862E-05,1.2058004140853882,74.431365966796875,49.819160461425781,0.23451609909534454,83.382301330566406,17.344326019287109,0,0.0052049462683498859,0,0,1.2340056896209717,0.77229005098342896,0.96214854717254639,1.151714563369751,1.0317662954330444,1.3861122131347656,0,0,0,0
3,330,25440,-7.3468937873840332,0.00096721120644360781,1.2282284498214722,75.197189331054688,49.262229919433594,1.0957493782043457,75.61334228515625,23.29132080078125,0,0.01558935921639204,0,0,1.3037927150726318,0.76078879833221436,0.96214854717254639,1.151714563369751,1.0317662954330444,1.3861122131347656,0,0,0,0
3,345,25800,-8.2666873931884766,0.0067665129899978638,1.3213671445846558,75.580955505371094,48.718799591064453,3.28171706199646,67.062416076660156,29.452327728271484,0,0.003667670302093029,0,0,1.4216295480728149,0.74136865139007568,0.96214854717254639,1.151714563369751,1.0317662954330444,1.3861122131347656,0,0,0,0
3,360,26160,-4.557380199432373,0.0015982107724994421,1.3195042610168457,76.135833740234375,48.154613494873047,5.484870433807373,59.931465148925781,33.702861785888672,0,0.023112967610359192,0,0,5.1517949104309082,0.77631902694702148,1.0324180126190186,1.0308989286422729,1.0888429880142212,3.6381261348724365,0,0,0,0
3,365,26280,-3.9028034210205078,0.0040325107984244823,1.3318085670471191,76.551795959472656,48.005756378173828,5.9726176261901855,58.518890380859375,34.093654632568359,0,0.14924776554107666,0,0,5.8621835708618164,0.77022945880889893,1.0454308986663818,1.0085256099700928,1.0994127988815308,4.0551657676696777,0,0,0,0
4,15,26640,-3.6204900741577148,0.0076487800106406212,1.3774971961975098,77.681297302246094,47.575000762939453,9.0451698303222656,53.007034301757812,36.403358459472656,0,0.16172648966312408,0,0,5.0177617073059082,0.73089784383773804,1.0274418592453003,1.039454460144043,1.084801197052002,3.4786500930786133,0,0,0,0
4,30,27000,-0.99730509519577026,0.066598087549209595,1.7557220458984375,79.905792236328125,48.321605682373047,5.4068822860717773,51.400959014892578,34.778335571289062,0,0.08967745304107666,0,0,5.920595645904541,0.73818212747573853,1.0454308986663818,1.0085256099700928,1.0994127988815308,4.0551657676696777,0,0,0,0
4,45,27360,1.6939619779586792,6.6874745243694633E-05,2.1399979591369629,80.383087158203125,50.805984497070312,0.82172942161560059,51.266738891601562,31.935235977172852,0,0.073893532156944275,0,0,5.7776646614074707,0.74831026792526245,1.0454308986663818,1.0085256099700928,1.0994127988815308,4.0551657676696777,0,0,0,0
4,60,27720,4.9276442527770996,1.3427702469925862E-05,2.327143669128418,80.14599609375,51.245094299316406,0.10269108414649963,51.801322937011719,29.198043823242188,0,0.063840694725513458,0,0,5.5562615394592285,0.76399898529052734,1.0454308986663818,1.0085256099700928,1.0994127988815308,4.0551657676696777,0,0,0,0
4,75,28080,8.5812654495239258,3.9654205465922132E-05,2.3771824836730957,80.036643981933594,50.547279357910156,0,54.173686981201172,26.698238372802734,0,0.033897500485181808,0,0,5.2984247207641602,0.78226941823959351,1.0454308986663818,1.0085256099700928,1.0994127988815308,4.0551657676696777,0,0,0,0
4,90,28440,13.327696800231934,0,2.2544944286346436,79.781784057617188,49.619937896728516,0,59.013378143310547,24.416143417358398,0,0.028565600514411926,0,0,5.0461931228637695,0.80014264583587646,1.0454308986663818,1.0085256099700928,1.0994127988815308,4.0551657676696777,0,0,0,0
4,105,28800,17.48985481262207,0,2.0791137218475342,79.2242431640625,48.727901458740234,0,65.014808654785156,22.340408325195312,0,0.015578445978462696,0,0,4.8416051864624023,0.8146398663520813,1.0454308986663818,1.0085256099700928,1.0994127988815308,4.0551657676696777,0,0,0,0
4,120,29160,21.316801071166992,0,1.9920133352279663,78.330718994140625,47.954891204833984,0,70.02899169921875,20.99785041809082,0,0.010125077329576015,0,0,4.7266998291015625,0.82278203964233398,1.0454308986663818,1.0085256099700928,1.0994127988815308,4.0551657676696777,0,0,0,0
4,135,29520,24.66796875,0,1.8522502183914185,77.183326721191406,47.326065063476562,0,71.35784912109375,21.497194290161133,0,0.010744145140051842,0,0,4.7698421478271484,0.8261110782623291,1.0454308986663818,1.0085256099700928,1.0994127988815308,4.0551657676696777,0,0,0,0
4,150,29880,27.342401504516602,0,1.6831856966018677,75.836578369140625,46.80572509765625,0,70.876907348632812,22.976007461547852,0,0.0091547053307294846,0,0,5.0587577819824219,0.83944427967071533,1.0454308986663818,1.0085256099700928,1.0994127988815308,4.0551657676696777,0,0,0,0
4,165,30240,29.046775817871094,0,1.513697624206543,74.425247192382812,46.338535308837891,0,69.498733520507812,24.926288604736328,0,0.0079285306856036186,0,0,5.5045037269592285,0.86001527309417725,1.0454308986663818,1.0085256099700928,1.0994127988815308,4.0551657676696777,0,0,0,0
4,180,30600,29.58635139465332,0,1.3592615127563477,73.044219970703125,45.894527435302734,0,67.61090087890625,26.992589950561523,0,0.0040843021124601364,0,0,6.0025262832641602,0.88299870491027832,1.0454308986663818,1.0085256099700928,1.0994127988815308,4.0551657676696777,0,0,0,0
4,195,30960,28.85468864440918,0,1.2004851102828979,71.749122619628906,45.462345123291016,0,66.028732299804688,28.678060531616211,0,0.0025165604893118143,0,0,6.4482722282409668,0.90356957912445068,1.0454308986663818,1.0085256099700928,1.0994127988815308,4.0551657676696777,0,0,0,0
4,210,31320,26.84954833984375,0,1.0488454103469849,70.598548889160156,45.009960174560547,0,65.445350646972656,29.631174087524414,0,0.0028812887612730265,0,0,6.7371878623962402,0.91690289974212646,1.0454308986663818,1.0085256099700928,1.0994127988815308,4.0551657676696777,0,0,0,0
4,225,31680,26.112600326538086,0,0.91828727722167969,69.609077453613281,44.530467987060547,0,66.044097900390625,29.821788787841797,0,0.012978313490748405,0,0,8.7179288864135742,0.91956841945648193,1.0454308986663818,1.0085256099700928,1.0994127988815308,4.0551657676696777,1,0,0,0
4,240,32040,20.335319519042969,0,0.79280537366867065,68.773780822753906,44.046772003173828,0,67.804275512695312,29.411054611206055,0,0.035713929682970047,0,0,7.6454520225524902,0.921012282371521,1.0454308986663818,1.0085256099700928,1.0994127988815308,4.0551657676696777,1,0,0,0
4,255,32400,15.217166900634766,0,0.70375049114227295,68.059776306152344,43.569988250732422,0,74.631034851074219,26.958637237548828,0,0.0094028105959296227,0,0,6.3252358436584473,0.92348909378051758,1.0454308986663818,1.0085256099700928,1.0994127988815308,4.0551657676696777,0,0,0,0
4,270,32760,9.8753452301025391,0,0.63781660795211792,67.454681396484375,43.110752105712891,0,80.279365539550781,24.682838439941406,0,0.026098588481545448,0,0,5.9952125549316406,0.92636644840240479,1.0454308986663818,1.0085256099700928,1.0994127988815308,4.0551657676696777,0,0,0,0
4,285,33120,5.5801286697387695,0,0.59699612855911255,67.025947570800781,42.664535522460938,0,83.735206604003906,22.607290267944336,0,0.11151368916034698,0,0,5.6917848587036133,0.92901188135147095,1.0454308986663818,1.0085256099700928,1.0994127988815308,4.0551657676696777,0,0,0,0
4,300,33480,1.8846837282180786,0.0068367081694304943,0.56901192665100098,66.817848205566406,42.239765167236328,0,84.724578857421875,20.71263313293457,0,0.12083754688501358,0,0,5.4874849319458008,0.93079310655593872,1.0454308986663818,1.0085256099700928,1.0994127988815308,4.0551657676696777,0,0,0,0
4,315,33840,-0.94752848148345947,0,0.55303990840911865,66.885894775390625,41.876972198486328,0,84.720497131347656,19.022146224975586,0,0.12061788886785507,0,0,5.4486641883850098,0.92870110273361206,1.0454308986663818,1.0085256099700928,1.0994127988815308,4.0551657676696777,0,0,0,0
4,330,34200,-2.9097449779510498,0,0.56181830167770386,67.642807006835938,41.617519378662109,0.028921883553266525,83.350578308105469,18.709815979003906,0,0.20615722239017487,0,0,5.5315189361572266,0.89694893360137939,1.0454308986663818,1.0085256099700928,1.0994127988815308,4.0551657676696777,0,0,0,0
4,345,34560,-3.9694013595581055,4.4797896407544613E-05,0.57391124963760376,68.575889587402344,41.35540771484375,0.51930582523345947,79.744400024414062,20.556850433349609,0,0.19896852970123291,0,0,5.6714215278625488,0.8433346152305603,1.0454308986663818,1.0085256099700928,1.0994127988815308,4.0551657676696777,0,0,0,0
4,360,34920,-7.288048267364502,0.010388859547674656,0.58664971590042114,69.508583068847656,41.012355804443359,2.983196496963501,73.54791259765625,24.736865997314453,0,0.1236485093832016,0,0,2.6000261306762695,0.7814706563949585,1.0121396780014038,1.1703948974609375,0.85616493225097656,-3.6492300033569336,0,0,0,0
4,365,35040,-7.3239016532897949,0.0075975307263433933,0.59773629903793335,69.860847473144531,40.900909423828125,3.4627368450164795,70.773468017578125,26.736289978027344,0,0.023849727585911751,0,0,2.0922861099243164,0.7712472677230835,1.0059746503829956,1.2003706693649292,0.81111901998519897,-5.0759701728820801,0,0,0,0
5,15,35400,-5.2937679290771484,0.0065786289051175117,0.61068671941757202,71.133758544921875,40.666393280029297,4.984809398651123,65.587471008300781,29.374874114990234,0,0.012216733768582344,0,0,3.0590105056762695,0.75006407499313354,1.0144971609115601,1.158932089805603,0.87339049577713013,-3.103644847869873,0,0,0,0
5,30,35760,-3.6067736148834229,0.064085990190505981,0.6554914116859436,72.568656921386719,40.496231079101562,8.4710750579833984,60.907379150390625,31.293621063232422,0,0.015773745253682137,0,0,2.2415924072265625,0.7560456395149231,1.0059746503829956,1.2003706693649292,0.81111901998519897,-5.0759706497192383,0,0,0,0
5,45,36120,-0.77653801441192627,0.011694015935063362,0.84139120578765869,75.253707885742188,41.943515777587891,6.6573033332824707,59.139617919921875,30.257343292236328,0,0.012061350047588348,0,0,2.0765013694763184,0.77544581890106201,1.0059746503829956,1.2003706693649292,0.81111901998519897,-5.0759706497192383,0,0,0,0
5,60,36480,2.7772204875946045,0.0011759132612496614,1.2628680467605591,76.092010498046875,46.850528717041016,0.47299331426620483,59.166557312011719,27.755407333374023,0,0.0059579219669103622,0,0,1.8207715749740601,0.80549705028533936,1.0059746503829956,1.2003706693649292,0.81111901998519897,-5.0759706497192383,0,0,0,0
5,75,36840,6.5382833480834961,5.2056318963877857E-05,1.4393526315689087,75.535148620605469,47.924507141113281,0,60.682224273681641,25.389961242675781,0,0.0059801335446536541,0,0,1.5229599475860596,0.84049338102340698,1.0059746503829956,1.2003706693649292,0.81111901998519897,-5.0759706497192383,0,0,0,0
5,90,37200,11.330144882202148,4.0524555515730754E-06,1.4657661914825439,75.304237365722656,47.216899871826172,0,65.200187683105469,23.232049942016602,0,0.0034310757182538509,0,0,1.2316223382949829,0.87472891807556152,1.0059746503829956,1.2003706693649292,0.81111901998519897,-5.0759706497192383,0,0,0,0
5,105,37560,15.225080490112305,0,1.3180321455001831,74.900016784667969,46.153762817382812,0,71.654998779296875,21.265182495117188,0,0.011320878751575947,0,0,0.99531519412994385,0.90249782800674438,1.0059746503829956,1.2003706693649292,0.81111901998519897,-5.0759706497192383,0,0,0,0
5,120,37920,18.753662109375,0,1.0288324356079102,74.144973754882812,45.111438751220703,0,78.150947570800781,19.642118453979492,0,0.010543209500610828,0,0,0.86259472370147705,0.91809403896331787,1.0059746503829956,1.2003706693649292,0.81111901998519897,-5.0759706497192383,0,0,0,0
5,135,38280,21.704992294311523,0,0.9519762396812439,72.998046875,44.205978393554688,0,81.584930419921875,19.555124282836914,0,0.021966731175780296,0,0,0.84107190370559692,0.91682100296020508,1.0059746503829956,1.2003706693649292,0.81111901998519897,-5.0759706497192383,0,0,0,0
5,150,38640,23.621820449829102,0,0.86734533309936523,71.663314819335938,43.450294494628906,0,82.150650024414062,20.92902946472168,0,0.055990025401115417,0,0,0.79705190658569336,0.90186607837677002,1.0059746503829956,1.2003706693649292,0.81111901998519897,-5.0759706497192383,0,0,0,0
5,165,39000,24.326566696166992,0,0.76128613948822021,70.227279663085938,42.831336975097656,0,81.889732360839844,22.69239616394043,0,0.043073110282421112,0,0,0.7291368842124939,0.87879323959350586,1.0059746503829956,1.2003706693649292,0.81111901998519897,-5.0759706497192383,0,0,0,0
5,180,39360,23.825101852416992,0,0.63371431827545166,68.772369384765625,42.312057495117188,0,81.632911682128906,24.34935188293457,0,0.052639126777648926,0,0,0.65325683355331421,0.85301446914672852,1.0059746503829956,1.2003706693649292,0.81111901998519897,-5.0759706497192383,0,0,0,0
5,195,39720,22.123306274414062,0,0.5016053318977356,67.366264343261719,41.869400024414062,0,81.953079223632812,25.557939529418945,0,0.11580084264278412,0,0,0.58534181118011475,0.82994163036346436,1.0059746503829956,1.2003706693649292,0.81111901998519897,-5.0759706497192383,0,0,0,0
5,210,40080,19.388185501098633,0,0.37758800387382507,66.063240051269531,41.451858520507812,0,84.326728820800781,25.644906997680664,0,0.11477365344762802,0,0,0.54132187366485596,0.8149867057800293,1.0059746503829956,1.2003706693649292,0.81111901998519897,-5.0759706497192383,0,0,0,0
5,225,40440,15.867030143737793,0,0.27198836207389832,64.8695068359375,41.077751159667969,0,90.108726501464844,24.093368530273438,0,0.085653796792030334,0,0,0.54160261154174805,0.81278860569000244,1.0059746503829956,1.2003706693649292,0.81111901998519897,-5.0759706497192383,0,0,0,0
5,240,40800,11.884981155395508,0,0.1849731057882309,63.785106658935547,40.732528686523438,0,96.709312438964844,22.132673263549805,0,0.10928378254175186,0,0,0.62620663642883301,0.81895941495895386,1.0059746503829956,1.2003706693649292,0.81111901998519897,-5.0759706497192383,0,0,0,0
5,255,41160,7.7501282691955566,0,0.11701668798923492,62.857452392578125,40.405143737792969,0,102.11503601074219,20.348926544189453,0,0.074252471327781677,0,0,0.77133041620254517,0.82954442501068115,1.0059746503829956,1.2003706693649292,0.81111901998519897,-5.0759706497192383,0,0,0,0
5,270,41520,2.8658006191253662,4.8801300778222867E-08,0.073318250477313995,62.135669708251953,40.09088134765625,0,104.77327728271484,18.731828689575195,0,0.050343424081802368,0,0,0.93992090225219727,0.84184104204177856,1.0059746503829956,1.2003706693649292,0.81111901998519897,-5.0759706497192383,0,0,0,0
5,285,41880,-0.8076939582824707,0.0098943645134568214,0.054021842777729034,61.721725463867188,39.779739379882812,0.0031371200457215309,105.08887481689453,17.266271591186523,0,0.053762320429086685,0,0,1.0949254035949707,0.85314661264419556,1.0059746503829956,1.2003706693649292,0.81111901998519897,-5.0759706497192383,0,0,0,0
5,300,42240,-4.0432496070861816,0.001507353619672358,0.042720422148704529,61.826141357421875,39.503913879394531,0.14451171457767487,103.46953582763672,17.362384796142578,0,0.045416556298732758,0,0,1.1992909908294678,0.86075884103775024,1.0059746503829956,1.2003706693649292,0.81111901998519897,-5.0759706497192383,0,0,0,0
5,315,42600,-6.4646034240722656,0.00016157685604412109,0.052998851984739304,62.514389038085938,39.246364593505859,0.56657284498214722,96.578903198242188,22.490056991577148,0,0.03399958461523056,0,0,1.235877513885498,0.86103790998458862,1.0059746503829956,1.2003706693649292,0.81111901998519897,-5.0759706497192383,0,0,0,0
5,330,42960,-7.8927264213562012,0.0033767297863960266,0.085032626986503601,63.481159210205078,38.995018005371094,1.7982223033905029,86.466255187988281,30.224752426147461,0,0.026263926178216934,0,0,1.4074718952178955,0.84304708242416382,1.0059746503829956,1.2003706693649292,0.81111901998519897,-5.0759706497192383,0,0,0,0
5,345,43320,-8.3115568161010742,0.010916237719357014,0.13418279588222504,63.753406524658203,38.741592407226562,4.7647953033447266,76.423477172851562,37.206832885742188,0,0.029941214248538017,0,0,1.6972129344940186,0.81266897916793823,1.1684625148773193,1.2003706693649292,0.81111901998519897,-5.0759706497192383,0,0,0,1
5,360,43680,-8.6845922470092773,0.01352529413998127,0.1696750670671463,63.805862426757812,38.497505187988281,9.4653720855712891,67.424781799316406,42.581943511962891,0,0.017958872020244598,0,0,1.3328900337219238,0.83815652132034302,0.94491612911224365,1.2242963314056396,0.94789892435073853,-1.2351863384246826,0,0,0,0
5,365,43800,-8.6955204010009766,0.022698827087879181,0.18403869867324829,63.785598754882812,38.417499542236328,12.474907875061035,64.647567749023438,44.047557830810547,0,0.056104321032762527,0,0,1.1259732246398926,0.86600136756896973,0.9336090087890625,1.2287269830703735,0.97322851419448853,-0.52393007278442383,0,0,0,0
6,15,44160,-7.4312725067138672,0.034067176282405853,0.15858688950538635,64.485305786132812,38.176231384277344,18.083953857421875,57.358161926269531,47.18865966796875,0,0.10379597544670105,0,0,1.2460305690765381,0.86776494979858398,0.94923996925354004,1.2226020097732544,0.93821287155151367,-1.5071709156036377,0,0,0,0
6,30,44520,-5.8406424522399902,0.043033041059970856,0.16537529230117798,65.9287109375,37.946792602539062,36.972743988037109,51.231342315673828,48.896129608154297,0,0.074570231139659882,0,0,0.93910545110702515,0.90220141410827637,0.9336090087890625,1.2287269830703735,0.97322851419448853,-0.52393007278442383,0,0,0,0
6,45,44880,-3.2394561767578125,0.055101323872804642,0.20883183181285858,68.625320434570312,37.858638763427734,43.238304138183594,47.45074462890625,48.225452423095703,0,0.10135217756032944,0,0,0.87470889091491699,0.90349102020263672,0.9336090087890625,1.2287269830703735,0.97322851419448853,-0.52393007278442383,0,0,0,0
6,60,45240,0.12743280827999115,0.13713636994361877,0.68136495351791382,79.109710693359375,42.757167816162109,30.477411270141602,46.377174377441406,45.036308288574219,0,0.14219149947166443,0,0,0.77495729923248291,0.90548849105834961,0.9336090087890625,1.2287269830703735,0.97322851419448853,-0.52393007278442383,0,0,0,0
6,75,45600,4.5609073638916016,0.0032586378511041403,1.8114300966262817,80.098358154296875,64.161567687988281,3.4118211269378662,46.832626342773438,41.183612823486328,0,0.10954827070236206,0,0,0.6587909460067749,0.907814621925354,0.9336090087890625,1.2287269830703735,0.97322851419448853,-0.52393007278442383,0,0,0,0
6,90,45960,9.5284271240234375,4.5280689846549649E-06,2.0752825736999512,78.04644775390625,67.318138122558594,0,49.923484802246094,37.656208038330078,0,0.10755971819162369,0,0,0.54514992237091064,0.91009026765823364,0.9336090087890625,1.2287269830703735,0.97322851419448853,-0.52393007278442383,0,0,0,0
6,105,46320,13.840566635131836,0,2.1560940742492676,77.683540344238281,65.976448059082031,0,55.511940002441406,34.440784454345703,0,0.17322573065757751,0,0,0.45297449827194214,0.91193604469299316,0.9336090087890625,1.2287269830703735,0.97322851419448853,-0.52393007278442383,0,0,0,0
6,120,46680,17.700355529785156,0,2.0801212787628174,77.253204345703125,64.107566833496094,0,61.662525177001953,31.5531005859375,0,0.1281493753194809,0,0,0.40120470523834229,0.91297274827957153,0.9336090087890625,1.2287269830703735,0.97322851419448853,-0.52393007278442383,0,0,0,0
6,135,47040,20.828737258911133,0,1.8270316123962402,76.587966918945312,62.181926727294922,0,66.006393432617188,29.686897277832031,0,0.050696562975645065,0,0,0.38034307956695557,0.90783500671386719,0.9336090087890625,1.2287269830703735,0.97322851419448853,-0.52393007278442383,0,0,0,0
6,150,47400,22.931396484375,0.0042537297122180462,1.4452871084213257,75.670585632324219,60.380783081054688,0,67.571426391601562,29.294858932495117,0,0.04398108646273613,0,0,0.29717910289764404,0.88009107112884521,0.9336090087890625,1.2287269830703735,0.97322851419448853,-0.52393007278442383,0,0,0,0
6,165,47760,23.825143814086914,0,0.96254658699035645,74.638099670410156,58.688167572021484,0,68.032966613769531,29.547435760498047,0,0.035548657178878784,0,0,0.16887181997299194,0.83728712797164917,0.9336090087890625,1.2287269830703735,0.97322851419448853,-0.52393007278442383,0,0,0,0
6,180,48120,23.475532531738281,0,0.59788691997528076,74.87481689453125,57.670524597167969,0,68.470436096191406,29.845447540283203,0,0.023171022534370422,0,0,0.025516748428344727,0.7894631028175354,0.9336090087890625,1.2287269830703735,0.97322851419448853,-0.52393007278442383,0,0,0,0
6,195,48480,21.944805145263672,0,0.47732499241828918,73.696876525878906,56.213222503662109,0,69.354873657226562,29.936349868774414,0,0.024299800395965576,0,0,-0.10279059410095215,0.74665915966033936,0.9336090087890625,1.2287269830703735,0.97322851419448853,-0.52393007278442383,0,0,0,0
6,210,48840,19.375593185424805,0,0.40396100282669067,72.628181457519531,54.902675628662109,0,72.193168640136719,29.135446548461914,0,0.015481900423765182,0,0,-0.18595457077026367,0.71891522407531738,1.0808541774749756,1.2287269830703735,0.97322851419448853,-0.52393007278442383,0,0,0,1
6,225,49200,16.027982711791992,0,0.33773264288902283,71.526702880859375,53.684150695800781,0,77.900733947753906,27.126876831054688,0,0.0066288486123085022,0,0,-0.17497420310974121,0.71346813440322876,0.9336090087890625,1.2287269830703735,0.97322851419448853,-0.52393007278442383,0,0,0,0
6,240,49560,12.340418815612793,0,0.28227150440216064,70.516387939453125,52.549827575683594,0,84.294502258300781,24.864955902099609,0,0.0089692408218979836,0,0,0.087709903717041016,0.71143859624862671,0.9336090087890625,1.2287269830703735,0.97322851419448853,-0.52393007278442383,0,0,0,0
6,255,49920,8.5381288528442383,0,0.24428705871105194,69.632240295410156,51.511863708496094,0,89.670761108398438,22.799457550048828,0,0.0077921999618411064,0,0,0.53829962015151978,0.70795732736587524,0.9336090087890625,1.2287269830703735,0.97322851419448853,-0.52393007278442383,0,0,0,0
6,270,50280,4.0235929489135742,0,0.22168506681919098,68.939208984375,50.517204284667969,0,92.729698181152344,20.917816162109375,0,0.0069530368782579899,0,0,1.0617505311965942,0.70391309261322021,0.9336090087890625,1.2287269830703735,0.97322851419448853,-0.52393007278442383,0,0,0,0
6,285,50640,0.62886518239974976,0,0.21337252855300903,68.481910705566406,49.620830535888672,0,93.449249267578125,19.200960159301758,0,0.0054085166193544865,0,0,1.5430185794830322,0.7001948356628418,0.9336090087890625,1.2287269830703735,0.97322851419448853,-0.52393007278442383,0,0,0,0
6,300,51000,-2.4530010223388672,0,0.20691442489624023,68.252815246582031,48.793304443359375,0,93.107887268066406,17.928403854370117,0,0.0050376066938042641,0,0,1.8670597076416016,0.69769126176834106,0.9336090087890625,1.2287269830703735,0.97322851419448853,-0.52393007278442383,0,0,0,0
6,315,51360,-5.0935053825378418,0.00014099977852310985,0.20823857188224792,68.319808959960938,48.004379272460938,0.029363691806793213,89.487876892089844,19.878499984741211,0,0.0045569255016744137,0,0,1.9263656139373779,0.69974517822265625,0.9336090087890625,1.2287269830703735,0.97322851419448853,-0.52393007278442383,0,0,0,0
6,330,51720,-7.1209077835083008,0.0476117804646492,0.22445207834243774,68.819084167480469,47.274726867675781,0.83951330184936523,81.755508422851562,25.577251434326172,0,0.0087861400097608566,0,0,1.7659950256347656,0.73305708169937134,0.9336090087890625,1.2287269830703735,0.97322851419448853,-0.52393007278442383,0,0,0,0
6,345,52080,-8.3685159683227539,0.010138563811779022,0.29531973600387573,69.357063293457031,46.585929870605469,3.4323921203613281,72.645347595214844,32.076625823974609,0,0.0096442820504307747,0,0,1.4952054023742676,0.78930503129959106,0.9336090087890625,1.2287269830703735,0.97322851419448853,-0.52393007278442383,0,0,0,0
6,360,52440,-7.5838003158569336,0.01256836298853159,0.32840618491172791,69.468048095703125,45.896114349365234,8.3164892196655273,64.1844482421875,37.380012512207031,0,0.0030625374056398869,0,0,2.2080368995666504,0.86495625972747803,0.92635393142700195,1.0941522121429443,0.91763031482696533,-2.5708990097045898,0,0,0,0
6,365,52560,-7.1827621459960938,0.053263794630765915,0.31451296806335449,69.609580993652344,45.671546936035156,10.583771705627441,61.680892944335938,38.731727600097656,0,0.1340935230255127,0,0,2.4300017356872559,0.88025212287902832,0.92501038312911987,1.0692309141159058,0.90733432769775391,-2.9499673843383789,0,0,0,0
7,15,52920,-6.1915440559387207,0.080744542181491852,0.33915907144546509,70.148689270019531,45.011417388916016,17.250324249267578,54.696407318115234,42.036769866943359,0,0.15801265835762024,0,0,2.1698000431060791,0.90309083461761475,0.92686766386032104,1.1036820411682129,0.92156749963760376,-2.4259433746337891,0,0,0,0
7,30,53280,-3.8258447647094727,0.027360979467630386,0.37175866961479187,71.938400268554688,44.437667846679688,23.514215469360352,50.284156799316406,42.582149505615234,0,0.09805944561958313,0,0,2.5005481243133545,0.90805745124816895,0.92501038312911987,1.0692309141159058,0.90733432769775391,-2.9499673843383789,0,0,0,0
7,45,53640,-0.95029163360595703,0.016015646979212761,0.55448216199874878,76.775627136230469,46.122299194335938,20.856792449951172,48.551998138427734,40.520633697509766,0,0.058418635278940201,0,0,2.4699301719665527,0.91755527257919312,0.92501038312911987,1.0692309141159058,0.90733432769775391,-2.9499673843383789,0,0,0,0
7,60,54000,2.9910891056060791,0.0055654584430158138,1.7824668884277344,79.769439697265625,56.482852935791016,3.219336986541748,48.515499114990234,37.151618957519531,0,0.08913847804069519,0,0,2.4225025177001953,0.93226772546768188,1.1036477088928223,1.0692309141159058,0.90733432769775391,-2.9499673843383789,0,0,0,1
7,75,54360,6.9606242179870605,0.0001433984434697777,2.1344213485717773,78.103958129882812,60.240825653076172,0.04421808198094368,49.869796752929688,33.971179962158203,0,0.026059476658701897,0,0,2.3672702312469482,0.94940125942230225,0.92501038312911987,1.0692309141159058,0.90733432769775391,-2.9499673843383789,0,0,0,0
7,90,54720,11.925308227539062,7.4658812081906945E-05,2.290949821472168,77.828750610351562,59.231227874755859,0,53.790550231933594,31.072341918945312,0,0.028838230296969414,0,0,2.3132386207580566,0.96616226434707642,1.0559935569763184,1.0692309141159058,0.90733432769775391,-2.9499673843383789,0,0,0,1
7,105,55080,16.186721801757812,0,2.2802519798278809,77.550529479980469,57.585578918457031,0,59.266925811767578,28.430168151855469,0,0.017227420583367348,0,0,2.2694129943847656,0.97975718975067139,0.92501038312911987,1.0692309141159058,0.90733432769775391,-2.9499673843383789,0,0,0,0
7,120,55440,19.899362564086914,0,2.0690910816192627,76.999961853027344,55.928409576416016,0,64.556350708007812,26.261276245117188,0,0.014355326071381569,0,0,2.2447986602783203,0.98739278316497803,0.92501038312911987,1.0692309141159058,0.90733432769775391,-2.9499673843383789,0,0,0,0
7,135,55800,22.84821891784668,0.00084145634900778532,1.6914815902709961,76.089813232421875,54.409248352050781,0,66.920578002929688,25.627716064453125,0,0.0075822779908776283,0,0,2.1896891593933105,0.9821087121963501,0.92501038312911987,1.0692309141159058,0.90733432769775391,-2.9499673843383789,0,0,0,0
7,150,56160,24.670969009399414,0,1.1840025186538696,75.022003173828125,53.076370239257812,0,67.2193603515625,26.125831604003906,0,0.0068042068742215633,0,0,1.9109207391738892,0.95011359453201294,0.92501038312911987,1.0692309141159058,0.90733432769775391,-2.9499673843383789,0,0,0,0
7,165,56520,25.083740234375,0,0.90682154893875122,73.874320983886719,51.855186462402344,0,67.080718994140625,26.91868782043457,0,0.0062562981620430946,0,0,1.4808303117752075,0.90075087547302246,0.92501038312911987,1.0692309141159058,0.90733432769775391,-2.9499673843383789,0,0,0,0
7,180,56880,24.306842803955078,0,0.80174601078033447,72.736968994140625,50.748577117919922,0,67.095115661621094,27.629434585571289,0,0.0053386297076940536,0,0,1.0002992153167725,0.84559893608093262,0.92501038312911987,1.0692309141159058,0.90733432769775391,-2.9499673843383789,0,0,0,0
7,195,57240,22.358417510986328,0,0.68230229616165161,71.516258239746094,49.795101165771484,0,67.694778442382812,27.999801635742188,0,0.0026234469842165709,0,0,0.57020878791809082,0.79623615741729736,0.92501038312911987,1.0692309141159058,0.90733432769775391,-2.9499673843383789,0,0,0,0
7,210,57600,26.949649810791016,0,0.55754333734512329,70.330741882324219,48.962902069091797,0,67.825126647949219,28.553436279296875,0,0.0033663208596408367,0,0,8.1056766510009766,0.76424109935760498,0.92501038312911987,1.0692309141159058,0.90733432769775391,-2.9499673843383789,1,0,0,0
7,225,57960,16.016433715820312,0,0.46976858377456665,69.265548706054688,48.171131134033203,0,72.174552917480469,27.170492172241211,0,0.0057568070478737354,0,0,0.26157832145690918,0.75820964574813843,0.92501038312911987,1.0692309141159058,0.90733432769775391,-2.9499673843383789,0,0,0,0
7,240,58320,12.175850868225098,3.2892308876597554E-09,0.40344920754432678,68.340484619140625,47.433780670166016,0,78.720413208007812,24.90192985534668,0,0.019831461831927299,0,0,0.48595571517944336,0.75833296775817871,0.92501038312911987,1.0692309141159058,0.90733432769775391,-2.9499673843383789,0,0,0,0
7,255,58680,8.2840356826782227,0,0.34674546122550964,67.519256591796875,46.752902984619141,0,84.198768615722656,22.829910278320312,0,0.01833333820104599,0,0,0.87083685398101807,0.75854432582855225,0.92501038312911987,1.0692309141159058,0.90733432769775391,-2.9499673843383789,0,0,0,0
7,270,59040,3.7256920337677002,1.7492206097813323E-05,0.30632174015045166,66.871597290039062,46.069740295410156,0,87.237335205078125,20.941982269287109,0,0.029670272022485733,0,0,1.3179539442062378,0.75878995656967163,0.92501038312911987,1.0692309141159058,0.90733432769775391,-2.9499673843383789,0,0,0,0
7,285,59400,0.30611482262611389,0,0.27412381768226624,66.437767028808594,45.407283782958984,0,87.903465270996094,19.21910285949707,0,0.077945441007614136,0,0,1.7290396690368652,0.75901579856872559,0.92501038312911987,1.0692309141159058,0.90733432769775391,-2.9499673843383789,0,0,0,0
7,300,59760,-2.7365264892578125,0,0.25870832800865173,66.307586669921875,44.823253631591797,9.8874920695379842E-08,87.4630126953125,18.028884887695312,0,0.10636790841817856,0,0,2.005826473236084,0.75916785001754761,0.92501038312911987,1.0692309141159058,0.90733432769775391,-2.9499673843383789,0,0,0,0
7,315,60120,-5.2722468376159668,3.8932926145207603E-06,0.25871607661247253,66.499908447265625,44.296222686767578,0.078356049954891205,83.70697021484375,20.098062515258789,0,0.10743766278028488,0,0,2.0728187561035156,0.76107197999954224,0.92501038312911987,1.0692309141159058,0.90733432769775391,-2.9499673843383789,0,0,0,0
7,330,60480,-6.9376320838928223,0.002410859102383256,0.27499532699584961,67.188056945800781,43.797805786132812,0.81522417068481445,76.398971557617188,25.367341995239258,0,0.15749640762805939,0,0,2.144385814666748,0.78495150804519653,0.92501038312911987,1.0692309141159058,0.90733432769775391,-2.9499673843383789,0,0,0,0
7,345,60840,-7.6355962753295898,0.011759349144995213,0.30294236540794373,67.953880310058594,43.357841491699219,3.1127166748046875,68.141197204589844,31.069786071777344,0,0.19487835466861725,0,0,2.265228271484375,0.82527261972427368,0.92501038312911987,1.0692309141159058,0.90733432769775391,-2.9499673843383789,0,0,0,0
7,360,61200,-5.5956683158874512,0.010356733575463295,0.3124082088470459,68.72894287109375,42.971828460693359,6.6553144454956055,60.958019256591797,35.233196258544922,0,0.15553919970989227,0,0,4.2245821952819824,0.95673727989196777,1.0254518985748291,1.0467286109924316,0.80709636211395264,-1.3668961524963379,0,0,0,0
7,365,61320,-5.2463183403015137,0.070474050939083099,0.31857851147651672,69.038543701171875,42.849311828613281,7.5438361167907715,59.149154663085938,35.968788146972656,0,0.02107737772166729,0,0,4.4531173706054688,0.98286193609237671,1.0440521240234375,1.0425615310668945,0.78853374719619751,-1.0737347602844238,0,0,0,0
8,15,61680,-4.5651125907897949,0.011265760287642479,0.33840751647949219,70.18243408203125,42.487178802490234,13.189933776855469,53.629962921142578,38.116706848144531,0,0.015823028981685638,0,0,3.8633303642272949,0.98058032989501953,1.0183391571044922,1.0483220815658569,0.81419467926025391,-1.4790010452270508,0,0,0,0
8,30,62040,-2.2626488208770752,0.01165771484375,0.41041785478591919,72.703651428222656,42.750553131103516,16.337764739990234,50.896202087402344,37.404548645019531,0,0.012265396304428577,0,0,4.246579647064209,1.0024998188018799,1.0440521240234375,1.0425615310668945,0.78853374719619751,-1.0737347602844238,0,0,0,0
8,45,62400,0.94498878717422485,0.0094102434813976288,1.3237078189849854,77.438056945800781,48.073879241943359,5.8733811378479004,50.305076599121094,34.722026824951172,0,0.011768855154514313,0,0,4.3615398406982422,0.9996635913848877,1.0440521240234375,1.0425615310668945,0.78853374719619751,-1.0737347602844238,0,0,0,0
8,60,62760,4.7748875617980957,0.0015023973537608981,1.6629672050476074,76.571189880371094,54.116970062255859,0.22798407077789307,50.674671173095703,31.754081726074219,0,0.0083749610930681229,0,0,4.5396151542663574,0.99527019262313843,1.0440521240234375,1.0425615310668945,0.78853374719619751,-1.0737347602844238,0,0,0,0
8,75,63120,8.908940315246582,7.601817196700722E-05,1.988856315612793,76.300300598144531,54.128593444824219,0,52.851940155029297,29.044767379760742,0,0.0046792170032858849,0,0,4.7469944953918457,0.99015378952026367,1.0440521240234375,1.0425615310668945,0.78853374719619751,-1.0737347602844238,0,0,0,0
8,90,63480,14.278947830200195,0.016530591994524002,2.0852463245391846,75.976036071777344,52.794075012207031,0,57.397727966308594,26.575250625610352,0,0.0031587793491780758,0,0,4.9498653411865234,0.98514854907989502,1.0440521240234375,1.0425615310668945,0.78853374719619751,-1.0737347602844238,0,0,0,0
8,105,63840,18.716310501098633,0,1.8514049053192139,75.530540466308594,51.304546356201172,0,62.923942565917969,24.347675323486328,0,0.015544403344392776,0,0,5.1144161224365234,0.98108887672424316,1.0440521240234375,1.0425615310668945,0.78853374719619751,-1.0737347602844238,0,0,0,0
8,120,64200,22.612661361694336,0,1.5137401819229126,74.789649963378906,49.979248046875,0,66.796844482421875,23.147943496704102,0,0.013820980675518513,0,0,5.2068347930908203,0.97880864143371582,1.0440521240234375,1.0425615310668945,0.78853374719619751,-1.0737347602844238,0,0,0,0
8,135,64560,25.680244445800781,0,1.0488171577453613,73.848426818847656,48.790805816650391,0,67.307373046875,23.677146911621094,0,0.015681352466344833,0,0,5.2135648727416992,0.97828036546707153,1.0440521240234375,1.0425615310668945,0.78853374719619751,-1.0737347602844238,0,0,0,0
8,150,64920,27.787561416625977,0,0.85308718681335449,72.741378784179688,47.732860565185547,0,66.540580749511719,24.957359313964844,0,0.062716074287891388,0,0,5.2005057334899902,0.9766848087310791,1.0440521240234375,1.0425615310668945,0.78853374719619751,-1.0737347602844238,0,0,0,0
8,165,65280,28.764650344848633,0,0.75069522857666016,71.537803649902344,46.830417633056641,0,65.163970947265625,26.553443908691406,0,0.058207590132951736,0,0,5.1803579330444336,0.97422325611114502,1.0440521240234375,1.0425615310668945,0.78853374719619751,-1.0737347602844238,0,0,0,0
8,180,65640,28.517255783081055,0,0.62828296422958374,70.321815490722656,46.054244995117188,0,63.736152648925781,28.059507369995117,0,0.04165416955947876,0,0,5.1578474044799805,0.97147291898727417,1.0440521240234375,1.0425615310668945,0.78853374719619751,-1.0737347602844238,0,0,0,0
8,195,66000,27.067783355712891,0,0.50334179401397705,69.159271240234375,45.383640289306641,0,62.934272766113281,29.085662841796875,0,0.10032990574836731,0,0,5.1376996040344238,0.96901136636734009,1.0440521240234375,1.0425615310668945,0.78853374719619751,-1.0737347602844238,0,0,0,0
8,210,66360,24.541093826293945,0,0.38871759176254272,68.093299865722656,44.761058807373047,0,63.074409484863281,29.475521087646484,0,0.13417845964431763,0,0,5.1246404647827148,0.96741580963134766,1.0440521240234375,1.0425615310668945,0.78853374719619751,-1.0737347602844238,0,0,0,0
8,225,66720,26.099035263061523,0,0.2736380398273468,67.1148681640625,44.202083587646484,0,64.30474853515625,29.265556335449219,0,0.084587499499320984,0,0,9.6810054779052734,0.96612364053726196,1.0440521240234375,1.0425615310668945,0.78853374719619751,-1.0737347602844238,1,0,0,0
8,240,67080,17.241605758666992,0,0.17759636044502258,66.262863159179688,43.699134826660156,0,68.321662902832031,27.884210586547852,0,0.094350278377532959,0,0,5.1787939071655273,0.95637309551239014,1.0440521240234375,1.0425615310668945,0.78853374719619751,-1.0737347602844238,0,0,0,0
8,255,67440,13.098716735839844,0,0.1064930185675621,65.514671325683594,43.240001678466797,0,74.582763671875,25.550065994262695,0,0.1100844070315361,0,0,5.2669577598571777,0.93964779376983643,1.0440521240234375,1.0425615310668945,0.78853374719619751,-1.0737347602844238,0,0,0,0
8,270,67800,8.148869514465332,0,0.051533669233322144,64.893234252929688,42.798385620117188,0,79.491798400878906,23.421058654785156,0,0.05788126215338707,0,0,5.3693780899047852,0.92021781206130981,1.0440521240234375,1.0425615310668945,0.78853374719619751,-1.0737347602844238,0,0,0,0
8,285,68160,4.3724231719970703,0,0.016388410702347755,64.412742614746094,42.374359130859375,0,82.040580749511719,21.48017692565918,0,0.066811375319957733,0,0,5.4635443687438965,0.90235364437103271,1.0440521240234375,1.0425615310668945,0.78853374719619751,-1.0737347602844238,0,0,0,0
8,300,68520,1.0618300437927246,0,0.0191195048391819,64.099578857421875,41.954475402832031,0,82.617210388183594,19.708284378051758,0,0.070580609142780304,0,0,5.526947021484375,0.89032554626464844,1.0440521240234375,1.0425615310668945,0.78853374719619751,-1.0737347602844238,0,0,0,0
8,315,68880,-5.5070781707763672,2.800385482260026E-05,0.027591004967689514,64.409721374511719,41.543598175048828,0.06160963699221611,80.970390319824219,19.66847038269043,0,0.036956164985895157,0,0,1.2636728286743164,0.8891289234161377,1.0440521240234375,1.0425615310668945,3.0433454513549805,-1.0737347602844238,0,1,1,0
8,330,69240,-3.653681755065918,4.6002507588127628E-05,0.037829741835594177,65.765411376953125,41.325782775878906,0.40574243664741516,77.292396545410156,21.462812423706055,0,0.0321304090321064,0,0,5.3095927238464355,0.90790975093841553,1.0440521240234375,1.0425615310668945,0.78853374719619751,-1.0737347602844238,0,0,0,0
8,345,69600,-4.956718921661377,0.00088567688362672925,0.057219777256250381,66.386161804199219,41.073963165283203,1.3404544591903687,72.857437133789062,23.86543083190918,0,0.020948963239789009,0,0,4.9472227096557617,0.93962156772613525,1.0440521240234375,1.0425615310668945,0.78853374719619751,-1.0737347602844238,0,0,0,0
8,360,69960,-7.9288725852966309,0.019910562783479691,0.082235284149646759,67.379386901855469,40.773689270019531,6.7851519584655762,66.165054321289062,28.218053817749023,0,0.021266821771860123,0,0,1.7884535789489746,0.95032042264938354,1.0525157451629639,1.0980743169784546,0.88822102546691895,-8.5410213470458984,0,0,0,0
8,365,70080,-7.8870372772216797,0.02532382495701313,0.10458263009786606,67.489463806152344,40.664451599121094,8.4614381790161133,63.538322448730469,29.965885162353516,0,0.062524996697902679,0,0,1.2853696346282959,0.94613313674926758,1.0540831089019775,1.1083544492721558,0.90668165683746338,-9.9238510131835938,0,0,0,0
9,15,70440,-5.9628891944885254,0.030352668836712837,0.10419431328773499,68.733009338378906,40.359752655029297,15.023524284362793,57.716667175292969,32.921585083007812,0,0.11170069873332977,0,0,1.9397629499435425,0.95819342136383057,1.0519163608551025,1.0941431522369385,0.88116168975830078,-8.0122261047363281,0,0,0,0
9,30,70800,-3.9674179553985596,0.042729694396257401,0.13385659456253052,70.260719299316406,40.130077362060547,24.623355865478516,53.003433227539062,34.543914794921875,0,0.13704270124435425,0,0,1.3029690980911255,0.94850450754165649,1.0540831089019775,1.1083544492721558,0.90668165683746338,-9.9238519668579102,0,0,0,0
9,45,71160,-0.9165681004524231,0.033351656049489975,0.28248023986816406,75.616104125976562,42.282787322998047,23.309677124023438,51.106254577636719,33.327865600585938,0,0.10696029663085938,0,0,1.2793309688568115,0.95901548862457275,1.0540831089019775,1.1083544492721558,0.90668165683746338,-9.9238519668579102,0,0,0,0
9,60,71520,-1.2246912717819214,0.045758236199617386,1.1835726499557495,77.109329223632812,49.854415893554688,24.9462890625,49.784435272216797,31.701997756958008,0,0.1255950927734375,0,0,-3.4089334011077881,0.97529733180999756,1.0540831089019775,1.1083544492721558,0.90668165683746338,-9.9238519668579102,0,1,0,0
9,75,71880,7.2280654907226562,0.00058903585886582732,2.2212073802947998,78.563858032226562,64.095268249511719,0.26105645298957825,50.892463684082031,29.101055145263672,0,0.14684690535068512,0,0,1.2000738382339478,0.99425840377807617,1.0540831089019775,1.1083544492721558,0.90668165683746338,-9.9238519668579102,0,0,0,0
9,90,72240,12.169081687927246,2.6854286261368543E-06,2.4239075183868408,77.669822692871094,64.048934936523438,0,55.337017059326172,26.613712310791016,0,0.12356327474117279,0,0,1.1583595275878906,1.0128073692321777,1.0540831089019775,1.1083544492721558,0.90668165683746338,-9.9238519668579102,0,0,0,0
9,105,72600,16.231386184692383,8.0660438470658846E-06,2.4341952800750732,77.416213989257812,62.323413848876953,0,61.392143249511719,24.348648071289062,0,0.14035151898860931,0,0,1.1245245933532715,1.0278525352478027,1.0540831089019775,1.1083544492721558,0.90668165683746338,-9.9238519668579102,0,0,0,0
9,120,72960,19.773807525634766,0,2.2264165878295898,76.921180725097656,60.459266662597656,0,67.309722900390625,22.518011093139648,0,0.14076624810695648,0,0,1.1055213212966919,1.0363025665283203,1.0597901344299316,1.1083544492721558,0.90668165683746338,-9.9238519668579102,0,0,0,0
9,135,73320,22.524255752563477,0,1.874211311340332,76.144607543945312,58.694305419921875,0,70.297447204589844,22.141359329223633,0,0.078502781689167023,0,0,1.0975747108459473,1.0338447093963623,1.0540831089019775,1.1083544492721558,0.90668165683746338,-9.9238519668579102,0,0,0,0
9,150,73680,24.226516723632812,0,1.3985084295272827,75.095474243164062,57.069972991943359,0,70.939445495605469,22.967605590820312,0,0.039814762771129608,0,0,1.065517783164978,1.0163822174072266,1.0540831089019775,1.1083544492721558,0.90668165683746338,-9.9238519668579102,0,0,0,0
9,165,74040,29.674495697021484,0,0.84818440675735474,73.925224304199219,55.563678741455078,0,69.92193603515625,24.705480575561523,0,0.040208533406257629,0,0,6.3177022933959961,0.98944056034088135,1.0540831089019775,1.1083544492721558,0.90668165683746338,-9.9238519668579102,1,0,0,0
9,180,74400,23.90301513671875,0,0.56327050924301147,72.714622497558594,54.199802398681641,0,69.757499694824219,25.860261917114258,0,0.036312565207481384,0,0,0.96080106496810913,0.95933932065963745,1.0540831089019775,1.1083544492721558,0.90668165683746338,-9.9238519668579102,0,0,0,0
9,195,74760,21.989521026611328,0,0.4701574444770813,71.491485595703125,52.972320556640625,0,70.658287048339844,26.405546188354492,0,0.024957006797194481,0,0,0.91134297847747803,0.93239772319793701,1.0540831089019775,1.1083544492721558,0.90668165683746338,-9.9238519668579102,0,0,0,0
9,210,75120,19.062589645385742,0,0.38052830100059509,70.291007995605469,51.882972717285156,0,73.7032470703125,25.943399429321289,0,0.01441357284784317,0,0,0.87928605079650879,0.91493511199951172,1.0540831089019775,1.1083544492721558,0.90668165683746338,-9.9238519668579102,0,0,0,0
9,225,75480,15.347344398498535,0,0.3069826066493988,69.174575805664062,50.859886169433594,0,79.911483764648438,24.137554168701172,0,0.010406721383333206,0,0,0.87703776359558105,0.91206085681915283,1.0540831089019775,1.1083544492721558,0.90668165683746338,-9.9238519668579102,0,0,0,0
9,240,75840,11.223448753356934,0,0.24371553957462311,68.18316650390625,49.875144958496094,0,86.588966369628906,22.121429443359375,0,0.010020047426223755,0,0,0.91450965404510498,0.91623848676681519,1.0540831089019775,1.1083544492721558,0.90668165683746338,-9.9238519668579102,0,0,0,0
9,255,76200,6.9402236938476562,0.0041911276057362556,0.19506187736988068,67.364593505859375,48.955093383789062,0,91.90399169921875,20.283422470092773,0,0.010421267710626125,0,0,0.97878628969192505,0.92340439558029175,1.0540831089019775,1.1083544492721558,0.90668165683746338,-9.9238519668579102,0,0,0,0
9,270,76560,2.0262587070465088,0.00085220771143212914,0.16287082433700562,66.949722290039062,48.093269348144531,1.9489471014821902E-05,94.23394775390625,18.607860565185547,0,0.012467061169445515,0,0,1.0534565448760986,0.9317290186882019,1.0540831089019775,1.1083544492721558,0.90668165683746338,-9.9238519668579102,0,0,0,0
9,285,76920,-1.6076488494873047,0.0003018043062184006,0.15111088752746582,66.875350952148438,47.297695159912109,0.00061057676794007421,94.417259216308594,17.112831115722656,0,0.0085586151108145714,0,0,1.1221094131469727,0.93938279151916504,1.0540831089019775,1.1083544492721558,1.7218718528747559,-9.9238519668579102,0,0,1,0
9,300,77280,-4.6584682464599609,0.0003702194953802973,0.15616385638713837,67.311119079589844,46.627208709716797,0.02624710276722908,92.177719116210938,17.813352584838867,0,0.0047984868288040161,0,0,1.1683340072631836,0.94453614950180054,1.0540831089019775,1.1083544492721558,0.90668165683746338,-9.9238519668579102,0,0,0,0
9,315,77640,-6.947730541229248,0.001376396045088768,0.17707160115242004,68.378562927246094,46.033176422119141,0.89821958541870117,85.088066101074219,23.082763671875,0,0.0062224376015365124,0,0,1.180235743522644,0.94568610191345215,1.0540831089019775,1.1083544492721558,0.90668165683746338,-9.9238519668579102,0,0,0,0
9,330,78000,-8.3282938003540039,0.0092847598716616631,0.25618550181388855,69.315437316894531,45.435585021972656,3.8928611278533936,75.784675598144531,29.984157562255859,0,0.0053962068632245064,0,0,1.2013008594512939,0.94577568769454956,1.0540831089019775,1.1083544492721558,0.90668165683746338,-9.9238519668579102,0,0,0,0
9,345,78360,-8.765192985534668,0.020536301657557487,0.32252326607704163,69.289695739746094,44.798870086669922,9.9662628173828125,66.886573791503906,35.884258270263672,0,0.035611972212791443,0,0,1.2368699312210083,0.94592690467834473,1.0540831089019775,1.1083544492721558,0.90668165683746338,-9.9238519668579102,0,0,0,0
9,360,78720,-8.4973478317260742,0.042237713932991028,0.32507574558258057,69.207969665527344,44.160068511962891,20.782073974609375,58.992168426513672,40.298301696777344,0,0.023808689787983894,0,0,1.1905050277709961,1.153491735458374,1.1395138502120972,1.0442808866500854,1.0436723232269287,-8.059051513671875,0,0,0,0
9,365,78840,-8.2156362533569336,0.055327240377664566,0.32288047671318054,69.190376281738281,43.954849243164062,27.147151947021484,56.585521697998047,41.449317932128906,0,0.17014145851135254,0,0,1.1931306123733521,1.1994891166687012,1.1553343534469604,1.0324153900146484,1.0690408945083618,-7.7137184143066406,0,0,0,0
10,15,79200,-6.6792640686035156,0.078846007585525513,0.30876722931861877,69.620376586914062,43.436561584472656,41.046634674072266,50.230587005615234,43.877487182617188,0,0.19336792826652527,0,0,1.2452578544616699,1.1563259363174438,1.1334640979766846,1.0488182306289673,1.0339713096618652,-8.1911067962646484,0,0,0,0
10,30,79560,-4.5226364135742188,0.29009994864463806,0.35467034578323364,71.1917724609375,43.027816772460938,58.264026641845703,45.5880126953125,44.420211791992188,0,0.16597995162010193,0,0,1.2239999771118164,1.2177205085754395,1.1553343534469604,1.0324153900146484,1.0690408945083618,-7.7137184143066406,0,0,0,0
10,45,79920,-1.6266587972640991,0.071969054639339447,0.54430270195007324,77.762466430664062,45.527702331542969,62.390964508056641,43.393997192382812,42.563133239746094,0,0.077051393687725067,0,0,1.1908881664276123,1.2286063432693481,1.1553343534469604,1.0324153900146484,1.0690408945083618,-7.7137184143066406,0,0,0,0
10,60,80280,2.3441109657287598,0.034469887614250183,3.6184513568878174,90.956939697265625,67.904518127441406,19.214784622192383,43.136692047119141,39.095363616943359,0,0.062337808310985565,0,0,1.1395974159240723,1.2454688549041748,1.1553343534469604,1.0324153900146484,1.0690408945083618,-7.7137184143066406,0,0,0,0
10,75,80640,6.5854077339172363,0.015265665948390961,4.1383323669433594,84.447341918945312,87.224227905273438,1.0502331256866455,44.322132110595703,35.702491760253906,0,0.058680023998022079,0,0,1.0798662900924683,1.265106201171875,1.1553343534469604,1.0324153900146484,1.0690408945083618,-7.7137184143066406,0,0,0,0
10,90,81000,11.464395523071289,0.0050767296925187111,4.5715088844299316,84.440269470214844,87.506355285644531,0,48.255207061767578,32.617214202880859,0,0.02419760636985302,0,0,1.0214337110519409,1.2843165397644043,1.1553343534469604,1.0324153900146484,1.0690408945083618,-7.7137184143066406,0,0,0,0
10,105,81360,15.267922401428223,0.0077802357263863087,4.931185245513916,84.690010070800781,85.960296630859375,0,53.975692749023438,29.813201904296875,0,0.029443351551890373,0,0,0.97403848171234131,1.2998983860015869,1.1553343534469604,1.0324153900146484,1.0690408945083618,-7.7137184143066406,0,0,0,0
10,120,81720,19.372121810913086,0.00016647485608700663,4.8650612831115723,84.153709411621094,83.818061828613281,0,59.924057006835938,27.402450561523438,0,0.0097394334152340889,0,0,0.94741916656494141,1.3086497783660889,1.1553343534469604,1.0324153900146484,1.0690408945083618,-7.7137184143066406,0,0,0,0
10,135,82080,22.138454437255859,9.6585404207871761E-07,4.7310128211975098,83.658775329589844,81.320632934570312,0,63.733161926269531,26.127199172973633,0,0.0088449260219931602,0,0,0.92313694953918457,1.3055046796798706,1.1553343534469604,1.0324153900146484,1.0690408945083618,-7.7137184143066406,0,0,0,0
10,150,82440,23.926511764526367,0,4.4803767204284668,82.839004516601562,78.822120666503906,0,65.04583740234375,26.145328521728516,0,0.0089125698432326317,0,0,0.808616042137146,1.2842448949813843,1.1553343534469604,1.0324153900146484,1.0690408945083618,-7.7137184143066406,0,0,0,0
10,165,82800,24.46574592590332,0,4.1356630325317383,81.834060668945312,76.447013854980469,0,65.602012634277344,26.624578475952148,0,0.0065691052004694939,0,0,0.63193047046661377,1.2514448165893555,1.1553343534469604,1.0324153900146484,1.0690408945083618,-7.7137184143066406,0,0,0,0
10,180,83160,23.695783615112305,0,3.7362496852874756,80.784904479980469,74.269607543945312,0,66.241523742675781,27.09837532043457,0,0.012930601835250854,0,0,0.43452334403991699,1.2147979736328125,1.1553343534469604,1.0324153900146484,1.0690408945083618,-7.7137184143066406,0,0,0,0
10,195,83520,21.663093566894531,0.0068815029226243496,3.34419846534729,79.719200134277344,72.268501281738281,0,67.692268371582031,27.19188117980957,0,0.0064624710939824581,0,0,0.25783783197402954,1.1819978952407837,1.1553343534469604,1.0324153900146484,1.0690408945083618,-7.7137184143066406,0,0,0,0
10,210,83880,18.796213150024414,3.7909179809503257E-05,2.905937671661377,78.610321044921875,70.391029357910156,0,71.370986938476562,26.324625015258789,0,0.00209087785333395,0,0,0.14331680536270142,1.1607381105422974,1.1553343534469604,1.0324153900146484,1.0690408945083618,-7.7137184143066406,0,0,0,0
10,225,84240,15.18235969543457,0,2.5481343269348145,77.646453857421875,68.595893859863281,0,77.892745971679688,24.327337265014648,0,0.001540779136121273,0,0,0.13281357288360596,1.1563248634338379,1.1553343534469604,1.0324153900146484,1.0690408945083618,-7.7137184143066406,0,0,0,0
10,240,84600,11.111125946044922,3.6397329949977575E-06,2.2774579524993896,76.986534118652344,66.856658935546875,0,84.499969482421875,22.271295547485352,0,0.019360221922397614,0,0,0.24235492944717407,1.1524145603179932,1.1553343534469604,1.0324153900146484,1.0690408945083618,-7.7137184143066406,0,0,0,0
10,255,84960,6.9401650428771973,7.4792465056816582E-06,2.0845940113067627,76.687583923339844,65.202239990234375,0,89.692337036132812,20.394390106201172,0,0.040369510650634766,0,0,0.43025442957878113,1.1457072496414185,1.1553343534469604,1.0324153900146484,1.0690408945083618,-7.7137184143066406,0,0,0,0
10,270,85320,2.0620887279510498,5.4716623708372936E-05,1.9902281761169434,76.613929748535156,63.662322998046875,6.3134507399809081E-08,92.035873413085938,18.680791854858398,0,0.030979031696915627,0,0,0.64853757619857788,1.1379153728485107,1.1553343534469604,1.0324153900146484,1.0690408945083618,-7.7137184143066406,0,0,0,0
10,285,85680,-1.3539773225784302,0.023586831986904144,1.9588302373886108,76.537490844726562,62.289802551269531,0.019615735858678818,92.282806396484375,17.140451431274414,0,0.0787058025598526,0,0,0.84923022985458374,1.130751371383667,1.2925050258636475,1.0324153900146484,1.0690408945083618,-7.7137184143066406,0,0,0,1
10,300,86040,-4.4296131134033203,0.00012474517279770225,1.9986834526062012,77.254318237304688,61.074871063232422,0.49197697639465332,90.334663391113281,17.556808471679688,0,0.13388587534427643,0,0,0.98435795307159424,1.1259278059005737,1.1553343534469604,1.0324153900146484,1.0690408945083618,-7.7137184143066406,0,0,0,0
10,315,86400,-6.8434529304504395,0.0067373770289123058,2.1473078727722168,78.359817504882812,60.175235748291016,3.1325633525848389,83.594245910644531,22.512567520141602,0,0.11804813891649246,0,0,1.0170897245407104,1.1260111331939697,1.1553343534469604,1.0324153900146484,1.0690408945083618,-7.7137184143066406,0,0,0,0
10,330,86760,-8.3015604019165039,0.0206000916659832,2.3071706295013428,78.816879272460938,59.295696258544922,9.30242919921875,74.477218627929688,29.278759002685547,0,0.14326776564121246,0,0,1.0523622035980225,1.1407335996627808,1.1553343534469604,1.0324153900146484,1.0690408945083618,-7.7137184143066406,0,0,0,0
10,345,87120,-8.8349704742431641,0.045115169137716293,2.3370120525360107,78.470146179199219,58.288867950439453,19.77601432800293,65.738372802734375,35.074100494384766,0,0.20084089040756226,0,0,1.1119204759597778,1.1655926704406738,1.1553343534469604,1.0324153900146484,1.0690408945083618,-7.7137184143066406,0,0,0,0
10,360,87480,-9.9496030807495117,0.18694958090782166,2.3190314769744873,78.114509582519531,57.335700988769531,38.908824920654297,57.954177856445312,39.422618865966797,0,0.15289251506328583,0,0,0.002098768949508667,1.4605716466903687,1.0002858638763428,1.1667056083679199,1.2553031444549561,-0.66729354858398438,0,0,0,0
10,365,87600,-9.8867759704589844,0.06039191409945488,2.3278942108154297,78.009796142578125,57.022758483886719,45.066314697265625,55.561981201171875,40.588699340820312,0,0.017292024567723274,0,0,-0.11949026584625244,1.5233907699584961,0.97157317399978638,1.1915740966796875,1.2897961139678955,0.63759994506835938,0,0,0,0
11,15,87960,-8.345428466796875,0.076352454721927643,2.319981575012207,77.8299560546875,56.069820404052734,66.929893493652344,49.077747344970703,43.180191040039062,0,0.017226876690983772,0,0,0.31706127524375916,1.4764788150787354,1.0112656354904175,1.1571958065032959,1.2421129941940308,-1.1662850379943848,0,0,0,0
11,30,88320,-6.8648805618286133,0.10450198501348495,2.2800984382629395,77.932304382324219,55.190814971923828,99.770004272460938,43.454891204833984,44.658473968505859,0,0.011043165810406208,0,0,0.060348883271217346,1.5615088939666748,0.97157317399978638,1.1915740966796875,1.2897961139678955,0.63760042190551758,0,0,0,0
11,45,88680,-4.4009218215942383,0.35408532619476318,2.3293929100036621,79.345306396484375,54.629074096679688,134.45181274414062,39.436042785644531,44.411544799804688,0,0.0095143551006913185,0,0,-0.032783545553684235,1.6113561391830444,0.97157317399978638,1.1915740966796875,1.2897961139678955,0.63760042190551758,0,0,0,0
11,60,89040,-1.303256630897522,0.22316095232963562,2.9686574935913086,87.140350341796875,59.302669525146484,144.6759033203125,37.708698272705078,41.954055786132812,0,0.0072977705858647823,0,0,-0.17704752087593079,1.688570499420166,0.97157317399978638,1.1915740966796875,1.2897961139678955,0.63760042190551758,0,0,0,0
11,75,89400,-1.5425773859024048,0.17641901969909668,6.1922831535339355,95.975845336914062,92.212501525878906,88.710617065429688,37.545856475830078,38.322605133056641,0,0.0051624397747218609,0,0,-3.6091530323028564,1.7784909009933472,0.97157317399978638,1.1915740966796875,1.2897961139678955,0.63760042190551758,0,1,0,0
11,90,89760,6.9229249954223633,0.10493990033864975,8.8158321380615234,106.61456298828125,109.80441284179688,67.839073181152344,37.196426391601562,35.339332580566406,0,0.0045392811298370361,0,0,-1.2849138975143433,1.8664566278457642,0.97157317399978638,1.1915740966796875,1.2897961139678955,0.63760042190551758,0,0,0,0
11,105,90120,12.191350936889648,0.071303762495517731,7.7119722366333008,101.17180633544922,122.47419738769531,0,41.621208190917969,32.209308624267578,0,0.0023298088926821947,0,0,-0.64270955324172974,1.9378063678741455,0.97157317399978638,1.1915740966796875,1.2897961139678955,0.63760042190551758,0,0,0,0
11,120,90480,15.890188217163086,0.039920050650835037,7.6190323829650879,100.87016296386719,121.8212890625,0,47.973400115966797,29.379486083984375,0,0.013962750323116779,0,0,-0.71758073568344116,1.9778797626495361,0.97157317399978638,1.1915740966796875,1.2897961139678955,0.63760042190551758,0,0,0,0
11,135,90840,19.271738052368164,0.017491092905402184,7.5502429008483887,100.64998626708984,120.42752838134766,0,54.354015350341797,26.915180206298828,0,0.0079657705500721931,0,0,-0.71897250413894653,1.9728209972381592,0.97157317399978638,1.1915740966796875,1.2897961139678955,0.63760042190551758,0,0,0,0
11,150,91200,21.643835067749023,0.0021399757824838161,7.4920568466186523,100.21271514892578,118.58636474609375,0,59.029689788818359,25.354425430297852,0,0.019684942439198494,0,0,-0.68689829111099243,1.9249320030212402,0.97157317399978638,1.1915740966796875,1.2897961139678955,0.63760042190551758,0,0,0,0
11,165,91560,23.131641387939453,0,7.4412837028503418,99.439277648925781,116.423828125,0,61.648502349853516,24.855703353881836,0,0.056757938116788864,0,0,-0.63741344213485718,1.8510477542877197,0.97157317399978638,1.1915740966796875,1.2897961139678955,0.63760042190551758,0,0,0,0
11,180,91920,23.153875350952148,0,7.3688530921936035,99.170013427734375,114.13349151611328,0,63.382343292236328,24.827796936035156,0,0.048236638307571411,0,0,-0.58212506771087646,1.7684983015060425,0.97157317399978638,1.1915740966796875,1.2897961139678955,0.63760042190551758,0,0,0,0
11,195,92280,21.849502563476562,0.14136360585689545,7.7009015083312988,97.945556640625,111.67592620849609,0,65.558639526367188,24.698232650756836,0,0.04009733721613884,0,0,-0.53264021873474121,1.6946139335632324,0.97157317399978638,1.1915740966796875,1.2897961139678955,0.63760042190551758,0,0,0,0
11,210,92640,19.2269287109375,8.0221652751788497E-05,7.174889087677002,96.814544677734375,109.18392181396484,0,69.610008239746094,23.803985595703125,0,0.088295206427574158,0,0,-0.50056600570678711,1.646725058555603,0.97157317399978638,1.1915740966796875,1.2897961139678955,0.63760042190551758,0,0,0,0
11,225,93000,16.019180297851562,0,7.0135722160339355,95.987831115722656,106.84677886962891,0,75.980209350585938,22.016170501708984,0,0.077751182019710541,0,0,-0.50155389308929443,1.6346516609191895,0.97157317399978638,1.1915740966796875,1.2897961139678955,0.63760042190551758,0,0,0,0
11,240,93360,12.031041145324707,6.2927988437877502E-06,6.9746694564819336,95.458343505859375,104.5047607421875,0,82.514656066894531,20.138727188110352,0,0.05001402273774147,0,0,-0.57090771198272705,1.6048599481582642,0.97157317399978638,1.1915740966796875,1.2897961139678955,0.63760042190551758,0,0,0,0
11,255,93720,7.7404065132141113,3.2891023238335038E-06,6.9693155288696289,94.983230590820312,102.20944213867188,0,87.857986450195312,18.42180061340332,0,0.071466699242591858,0,0,-0.68987226486206055,1.5537575483322144,0.97157317399978638,1.1915740966796875,1.2897961139678955,0.63760042190551758,0,0,0,0
11,270,94080,2.6813974380493164,2.0502084225881845E-05,7.0191121101379395,94.635101318359375,100.04315185546875,0,90.422821044921875,16.853044509887695,0,0.04755212739109993,0,0,-0.82807368040084839,1.494391918182373,0.97157317399978638,1.1915740966796875,1.2897961139678955,0.63760042190551758,0,0,0,0
11,285,94440,-1.4000552892684937,0.00052008754573762417,7.1147141456604004,94.621192932128906,98.047210693359375,0.0012633451260626316,90.716064453125,15.454241752624512,0,0.032527513802051544,0,0,-0.95513790845870972,1.4398101568222046,0.97157317399978638,1.1915740966796875,1.2897961139678955,0.63760042190551758,0,0,0,0
11,300,94800,-5.0349869728088379,0.0031417496502399445,7.2757086753845215,95.010810852050781,96.369102478027344,2.6387224197387695,88.234771728515625,16.529850006103516,0,0.024052198976278305,0,0,-1.0406911373138428,1.4030599594116211,1.2897989749908447,1.1915740966796875,1.2897961139678955,0.63760042190551758,0,0,0,1
11,315,95160,-7.7736716270446777,0.0092389965429902077,7.4854292869567871,95.114425659179688,94.876220703125,9.0162477493286133,80.367851257324219,22.643823623657227,0,0.025669638067483902,0,0,-1.0451388359069824,1.3968945741653442,0.97157317399978638,1.1915740966796875,1.2897961139678955,0.63760042190551758,0,0,0,0
11,330,95520,-9.4502153396606445,0.095609985291957855,7.8614335060119629,94.337471008300781,92.862419128417969,19.605415344238281,71.041893005371094,29.581718444824219,0,0.01713884249329567,0,0,-0.85967129468917847,1.4222400188446045,0.97157317399978638,1.1915740966796875,1.2897961139678955,0.63760042190551758,0,0,0,0
11,345,95880,-10.146450042724609,0.22201253473758698,7.8436503410339355,93.615463256835938,90.805084228515625,38.496593475341797,62.618389129638672,35.027046203613281,0,0.014691383577883244,0,0,-0.54650485515594482,1.4650362730026245,0.97157317399978638,1.1915740966796875,1.2897961139678955,0.63760042190551758,0,0,0,0
11,360,96240,-7.8862795829772949,0.025709109380841255,7.7792859077453613,92.89093017578125,88.911094665527344,52.913284301757812,55.213588714599609,39.022544860839844,0,0.013993063010275364,0,0,1.7505085468292236,1.050956130027771,0.9402318000793457,1.1038742065429688,1.0978142023086548,0.58383125066757202,0,0,0,0
11,365,96360,-7.3683533668518066,0.038222331553697586,7.7478914260864258,92.711135864257812,88.297714233398438,53.562221527099609,53.016204833984375,40.023998260498047,0,0.02885843813419342,0,0,2.1953024864196777,0.96186822652816772,0.93442785739898682,1.087633490562439,1.0622619390487671,0.57387399673461914,0,0,0,0
12,15,96720,-6.5820941925048828,0.10321379452943802,7.686823844909668,92.165473937988281,86.495857238769531,75.640716552734375,46.860076904296875,42.351966857910156,0,0.05244743824005127,0,0,1.8582464456558228,1.0825183391571045,0.94245123863220215,1.1100846529006958,1.1114093065261841,0.58763891458511353,0,0,0,0
12,30,97080,-4.3848590850830078,0.13297921419143677,7.6828370094299316,92.528411865234375,85.203018188476562,82.91552734375,42.669109344482422,42.617992401123047,0,0.074625827372074127,0,0,2.3022563457489014,0.95467990636825562,0.93442785739898682,1.087633490562439,1.0622619390487671,0.57387399673461914,0,0,0,0
12,45,97440,-2.0868966579437256,0.096794188022613525,7.8355269432067871,94.142303466796875,84.797027587890625,85.113578796386719,40.525306701660156,40.897327423095703,0,0.082472659647464752,0,0,2.015514612197876,0.96031719446182251,0.93442785739898682,1.087633490562439,1.0622619390487671,0.57387399673461914,0,0,0,0
12,60,97800,0.97090572118759155,0.063455685973167419,8.8893423080444336,102.06140899658203,93.633544921875,51.423175811767578,40.047481536865234,37.767948150634766,0,0.079112276434898376,0,0,1.5713460445404053,0.96904951333999634,0.93442785739898682,1.087633490562439,1.0622619390487671,0.57387399673461914,0,0,0,0
12,75,98160,1.9644712209701538,0.022950135171413422,8.1714353561401367,103.04446411132812,112.25360107421875,9.8484401702880859,40.572929382324219,34.498645782470703,0,0.096006304025650024,0,0,-1.4320898056030273,0.97921872138977051,0.93442785739898682,1.087633490562439,1.0622619390487671,0.57387399673461914,0,1,0,0
12,90,98520,9.5316734313964844,0.00021968508372083306,8.1980772018432617,101.93571472167969,114.51911926269531,1.5576839447021484,42.022472381591797,31.511516571044922,0,0.093407511711120605,0,0,0.40563312172889709,0.98916691541671753,0.93442785739898682,1.087633490562439,1.0622619390487671,0.57387399673461914,0,0,0,0
12,105,98880,13.369050025939941,3.5195200780435698E-06,8.0186309814453125,101.13642883300781,112.38562774658203,0,47.617527008056641,28.797248840332031,0,0.082333013415336609,0,0,0.13763725757598877,0.99723601341247559,1.2935519218444824,1.087633490562439,1.0622619390487671,0.57387399673461914,0,0,0,1
12,120,99240,17.069465637207031,1.4096511335992545E-07,7.9833536148071289,100.32552337646484,109.47129058837891,0,54.034709930419922,26.333522796630859,0,0.10428020358085632,0,0,-0.092880606651306152,1.0017679929733276,0.93442785739898682,1.087633490562439,1.0622619390487671,0.57387399673461914,0,0,0,0
12,135,99600,20.403251647949219,0,7.8826260566711426,99.396324157714844,106.47166442871094,0,59.358734130859375,24.544641494750977,0,0.065258704125881195,0,0,-0.080194592475891113,0.99915915727615356,0.93442785739898682,1.087633490562439,1.0622619390487671,0.57387399673461914,0,0,0,0
12,150,99960,22.943159103393555,0.0060557895340025425,7.6876163482666016,98.247734069824219,103.56220245361328,0,61.989871978759766,24.0750732421875,0,0.036591269075870514,0,0,0.10839736461639404,0.98296183347702026,0.93442785739898682,1.087633490562439,1.0622619390487671,0.57387399673461914,0,0,0,0
12,165,100320,24.422981262207031,5.5299995437962934E-05,7.3036518096923828,96.709510803222656,100.86351776123047,0,62.983638763427734,24.467458724975586,0,0.031006148084998131,0,0,0.399361252784729,0.95797228813171387,0.93442785739898682,1.087633490562439,1.0622619390487671,0.57387399673461914,0,0,0,0
12,180,100680,24.655651092529297,0,6.8905692100524902,95.069076538085938,98.341194152832031,0,63.645229339599609,25.064657211303711,0,0.022507639601826668,0,0,0.72444921731948853,0.93005192279815674,0.93442785739898682,1.087633490562439,1.0622619390487671,0.57387399673461914,0,0,0,0
12,195,101040,23.584466934204102,0,6.4652833938598633,93.413299560546875,96.033180236816406,0,64.596145629882812,25.504177093505859,0,0.020885320380330086,0,0,1.0154131650924683,0.90506231784820557,0.93442785739898682,1.087633490562439,1.0622619390487671,0.57387399673461914,0,0,0,0
12,210,101400,21.299018859863281,0,6.0648336410522461,91.753005981445312,93.906288146972656,0,66.920402526855469,25.315601348876953,0,0.0084481658414006233,0,0,1.2040051221847534,0.88886499404907227,1.3153630495071411,1.087633490562439,1.0622619390487671,0.57387399673461914,0,0,0,1
12,225,101760,20.454265594482422,0,5.641693115234375,90.145637512207031,91.917190551757812,0,69.269546508789062,25.085042953491211,0,0.0066551491618156433,0,0,4.5262227058410645,0.88724654912948608,0.93442785739898682,1.087633490562439,1.0622619390487671,0.57387399673461914,1,0,0,0
12,240,102120,13.978723526000977,0,5.3857293128967285,88.855621337890625,89.956016540527344,0,76.336311340332031,22.996191024780273,0,0.0074215251952409744,0,0,1.2614169120788574,0.90143132209777832,0.93442785739898682,1.087633490562439,1.0622619390487671,0.57387399673461914,0,0,0,0
12,255,102480,9.7504634857177734,2.0024490368086845E-05,5.2217297554016113,87.969444274902344,87.974205017089844,0,82.564811706542969,21.032527923583984,0,0.0069114463403820992,0,0,1.2953407764434814,0.9257628321647644,0.93442785739898682,1.087633490562439,1.0622619390487671,0.57387399673461914,0,0,0,0
12,270,102840,4.7560462951660156,0.00011881035607075319,5.1046380996704102,87.263435363769531,86.047561645507812,0,86.487228393554688,19.239141464233398,0,0.0065103447996079922,0,0,1.3347501754760742,0.95402878522872925,0.93442785739898682,1.087633490562439,1.0622619390487671,0.57387399673461914,0,0,0,0
12,285,103200,0.85775852203369141,0.00038694430259056389,5.0885872840881348,86.995460510253906,84.153297424316406,0.00019662323757074773,87.54669189453125,17.60004997253418,0,0.0051613831892609596,0,0,1.3709838390350342,0.98001694679260254,0.93442785739898682,1.087633490562439,1.0622619390487671,0.57387399673461914,0,0,0,0
12,300,103560,-2.5551559925079346,0.00058448046911507845,5.0934691429138184,87.20318603515625,82.359672546386719,0.057792838662862778,87.253311157226562,16.430812835693359,0,0.0035882140509784222,0,0,1.3953801393508911,0.99751496315002441,0.93442785739898682,1.087633490562439,1.0622619390487671,0.57387399673461914,0,0,0,0
12,315,103920,-5.2961978912353516,0.0029256159905344248,5.1104698181152344,87.629966735839844,80.755363464355469,1.4277548789978027,83.558387756347656,18.57855224609375,0,0.0026224835310131311,0,0,1.4130667448043823,1.0007849931716919,0.93442785739898682,1.087633490562439,1.0622619390487671,0.57387399673461914,0,0,0,0
12,330,104280,-7.0176167488098145,0.036291316151618958,5.1652011871337891,88.200523376464844,79.279380798339844,4.1164488792419434,76.124282836914062,24.095783233642578,0,0.0027408611495047808,0,0,1.5697994232177734,0.99298739433288574,0.93442785739898682,1.087633490562439,1.0622619390487671,0.57387399673461914,0,0,0,0
12,345,104640,-7.749640941619873,0.11706121265888214,5.2801032066345215,88.310279846191406,77.786445617675781,8.034083366394043,67.784339904785156,29.982517242431641,0,0.018514310941100121,0,0,1.8344461917877197,0.97982108592987061,0.93442785739898682,1.087633490562439,1.0622619390487671,0.57387399673461914,0,0,0,0
12,360,105000,-8.4948740005493164,0.049648284912109375,5.3583717346191406,87.999496459960938,76.182182312011719,16.021524429321289,59.960685729980469,34.854255676269531,0,0.048779431730508804,0,0,1.1358959674835205,1.0780012607574463,1.2660061120986938,1.2564272880554199,0.95847892761230469,-3.197777271270752,0,0,0,0
12,365,105120,-8.2546844482421875,0.049841601401567459,5.3575410842895508,87.882194519042969,75.659904479980469,21.160091400146484,57.525970458984375,36.203823089599609,0,0.15687741339206696,0,0,1.0976543426513672,1.1173005104064941,1.3274095058441162,1.2876853942871094,0.93925988674163818,-3.8962311744689941,0,0,0,0
13,15,105480,-6.6389226913452148,0.055962175130844116,5.3316574096679688,88.213668823242188,74.232749938964844,31.292919158935547,51.203689575195312,39.080173492431641,0,0.13389258086681366,0,0,1.5860644578933716,1.1102367639541626,1.2425254583358765,1.2444741725921631,0.9658282995223999,-2.9306883811950684,0,0,0,0
13,30,105840,-6.8319091796875,0.15651947259902954,5.3496012687683105,89.083465576171875,73.139801025390625,49.954196929931641,46.387607574462891,40.224891662597656,0,0.15891055762767792,0,0,0.047275781631469727,1.1512579917907715,1.3274095058441162,1.2876853942871094,0.93925988674163818,-3.8962314128875732,0,1,0,0
13,45,106200,-2.1947004795074463,0.094599261879920959,5.5143628120422363,91.33770751953125,72.781532287597656,65.722694396972656,41.900714874267578,40.913394927978516,0,0.10006877034902573,0,0,1.1370464563369751,1.1289819478988647,1.3274095058441162,1.2876853942871094,0.93925988674163818,-3.8962314128875732,0,0,0,0
13,60,106560,1.1081558465957642,0.035575620830059052,7.8563237190246582,100.51443481445312,83.919517517089844,33.092166900634766,41.353950500488281,37.845989227294922,0,0.062076091766357422,0,0,0.80632245540618896,1.0944756269454956,1.3274095058441162,1.2876853942871094,0.93925988674163818,-3.8962314128875732,0,0,0,0
13,75,106920,5.3497262001037598,0.017055334523320198,8.138453483581543,98.549095153808594,102.17528533935547,3.4474697113037109,42.119304656982422,34.571624755859375,0,0.06565268337726593,0,0,0.42117556929588318,1.0542911291122437,1.3274095058441162,1.2876853942871094,0.93925988674163818,-3.8962314128875732,0,0,0,0
13,90,107280,9.8121738433837891,0.00042378783109597862,8.0922994613647461,97.481208801269531,102.60841369628906,0,45.662979125976562,31.583881378173828,0,0.033319942653179169,0,0,0.044401258230209351,1.0149801969528198,1.3274095058441162,1.2876853942871094,0.93925988674163818,-3.8962314128875732,0,0,0,0
13,105,107640,13.844637870788574,0.00013980409130454063,8.0870494842529297,97.014434814453125,100.20415496826172,0,51.680355072021484,28.866594314575195,0,0.038888022303581238,0,0,-0.26120427250862122,0.98309469223022461,1.4968587160110474,1.2876853942871094,0.93925988674163818,-3.8962314128875732,0,0,0,1
13,120,108000,17.606220245361328,3.3881511285471788E-07,8.0076131820678711,96.307907104492188,97.372695922851562,0,58.387496948242188,26.414020538330078,0,0.013396741822361946,0,0,-0.43284597992897034,0.96518635749816895,1.3274095058441162,1.2876853942871094,0.93925988674163818,-3.8962314128875732,0,0,0,0
13,135,108360,20.675266265869141,0.012507794424891472,7.8928475379943848,95.5379638671875,94.484916687011719,0,63.7322998046875,24.732192993164062,0,0.0094936937093734741,0,0,-0.42986825108528137,0.96337920427322388,1.3274095058441162,1.2876853942871094,0.93925988674163818,-3.8962314128875732,0,0,0,0
13,150,108720,22.827526092529297,0,7.5636253356933594,94.249168395996094,91.667625427246094,0,66.18206787109375,24.473770141601562,0,0.006539542693644762,0,0,-0.32368579506874084,0.96324652433395386,1.3274095058441162,1.2876853942871094,0.93925988674163818,-3.8962314128875732,0,0,0,0
13,165,109080,23.82649040222168,0,7.1457514762878418,92.857772827148438,89.045631408691406,0,67.256111145019531,24.950611114501953,0,0.0078765638172626495,0,0,-0.15986517071723938,0.96304172277450562,1.3274095058441162,1.2876853942871094,0.93925988674163818,-3.8962314128875732,0,0,0,0
13,180,109440,23.713832855224609,0,6.6662402153015137,91.473602294921875,86.6265869140625,0,68.145538330078125,25.553060531616211,0,0.0054226526990532875,0,0,0.023168265819549561,0.96281290054321289,1.3274095058441162,1.2876853942871094,0.93925988674163818,-3.8962314128875732,0,0,0,0
13,195,109800,22.184593200683594,0,6.2168593406677246,90.080398559570312,84.511062622070312,0,69.623130798339844,25.871824264526367,0,0.0034342552535235882,0,0,0.18698891997337341,0.96260815858840942,1.3274095058441162,1.2876853942871094,0.93925988674163818,-3.8962314128875732,0,0,0,0
13,210,110160,19.740852355957031,0,5.7432613372802734,88.867515563964844,82.561279296875,0,73.140953063964844,25.294845581054688,0,0.0028265281580388546,0,0,0.29317137598991394,0.96247541904449463,1.3274095058441162,1.2876853942871094,0.93925988674163818,-3.8962314128875732,0,0,0,0
13,225,110520,16.212621688842773,0,5.3046116828918457,87.503120422363281,80.731910705566406,0,79.597930908203125,23.530570983886719,0,0.0013338720891624689,0,0,0.30547821521759033,0.96210819482803345,1.3274095058441162,1.2876853942871094,0.93925988674163818,-3.8962314128875732,0,0,0,0
13,240,110880,12.026679992675781,7.9844176070764661E-07,4.9679470062255859,86.274238586425781,79.010971069335938,0,86.662109375,21.525436401367188,0,0.013616408221423626,0,0,0.22919058799743652,0.95873993635177612,1.3274095058441162,1.2876853942871094,0.93925988674163818,-3.8962314128875732,0,0,0,0
13,255,111240,7.4640069007873535,5.3741732699563727E-06,4.7584309577941895,85.407463073730469,77.346549987792969,0,92.428871154785156,19.690891265869141,0,0.058454740792512894,0,0,0.098332196474075317,0.95296233892440796,1.3274095058441162,1.2876853942871094,0.93925988674163818,-3.8962314128875732,0,0,0,0
13,270,111600,2.4257566928863525,5.9523413256101776E-06,4.6367778778076172,84.9696044921875,75.818336486816406,0,95.129013061523438,18.015096664428711,0,0.053551983088254929,0,0,-0.053686171770095825,0.94625037908554077,1.3274095058441162,1.2876853942871094,0.93925988674163818,-3.8962314128875732,0,0,0,0
13,285,111960,-1.5448275804519653,9.5606328613939695E-06,4.5870800018310547,84.718208312988281,74.447074890136719,2.8154885512776673E-05,95.414344787597656,16.528362274169922,0,0.052241437137126923,0,0,-0.19345405697822571,0.94007939100265503,1.3274095058441162,1.2876853942871094,0.93925988674163818,-3.8962314128875732,0,0,0,0
13,300,112320,-4.9705314636230469,0.046220351010560989,4.6263427734375,84.932830810546875,73.2078857421875,0.29984906315803528,92.841926574707031,17.602645874023438,0,0.12074959278106689,0,0,-0.28756067156791687,0.93592435121536255,1.3274095058441162,1.2876853942871094,0.93925988674163818,-3.8962314128875732,0,0,0,0
13,315,112680,-7.5665621757507324,0.0069924150593578815,4.7560272216796875,85.819686889648438,72.121650695800781,1.6463956832885742,84.923393249511719,23.681472778320312,0,0.14012971520423889,0,0,-0.28670665621757507,0.93781954050064087,1.3274095058441162,1.2876853942871094,0.93925988674163818,-3.8962314128875732,0,0,0,0
13,330,113040,-8.9637470245361328,0.017297880724072456,4.9663681983947754,85.83050537109375,70.961631774902344,5.1419668197631836,75.239547729492188,30.888254165649414,0,0.12222818285226822,0,0,-0.0093291699886322021,0.9737812876701355,1.3274095058441162,1.2876853942871094,0.93925988674163818,-3.8962314128875732,0,0,0,0
13,345,113400,-9.2941122055053711,0.029762474820017815,4.9593162536621094,85.391639709472656,69.808967590332031,11.791841506958008,66.349967956542969,36.699687957763672,0,0.17514665424823761,0,0,0.45902934670448303,1.0345034599304199,1.3274095058441162,1.2876853942871094,0.93925988674163818,-3.8962314128875732,0,0,0,0
13,360,113760,-8.6560230255126953,0.099435307085514069,4.9561076164245605,84.974311828613281,68.706695556640625,25.541463851928711,58.509353637695312,40.983161926269531,0,0.16849462687969208,0,0,1.0100798606872559,1.2070469856262207,1.0536284446716309,1.0405848026275635,1.020089864730835,-3.6552488803863525,0,0,0,0
13,365,113880,-8.316950798034668,0.040114030241966248,4.971890926361084,84.852821350097656,68.3494873046875,28.988712310791016,56.122837066650391,42.108489990234375,0,0.010257082991302013,0,0,1.1247137784957886,1.2277356386184692,1.0029282569885254,0.99482548236846924,1.0350583791732788,-3.6106224060058594,0,0,0,0
14,15,114240,-6.8749542236328125,0.042645681649446487,4.9182839393615723,84.809593200683594,67.300384521484375,45.950740814208984,49.723423004150391,44.519309997558594,0,0.021637674421072006,0,0,1.3375236988067627,1.2126168012619019,1.0730161666870117,1.0580832958221436,1.0143659114837646,-3.672313928604126,0,0,0,0
14,30,114600,-4.8904247283935547,0.04715239629149437,4.9110455513000488,85.759620666503906,66.495124816894531,66.303825378417969,44.922111511230469,45.166927337646484,0,0.0084240715950727463,0,0,1.2902177572250366,1.2242332696914673,1.0029282569885254,0.99482548236846924,1.0350583791732788,-3.6106224060058594,0,0,0,0
14,45,114960,-2.3902146816253662,0.065333269536495209,5.0261287689208984,88.59820556640625,66.662742614746094,78.548263549804688,42.326667785644531,43.634525299072266,0,0.0098899994045495987,0,0,1.0460958480834961,1.2019006013870239,1.0029282569885254,0.99482548236846924,1.0350583791732788,-3.6106224060058594,0,0,0,0
14,60,115320,0.76717489957809448,0.037340007722377777,6.9699811935424805,98.379196166992188,77.957679748535156,49.018054962158203,41.725490570068359,40.366840362548828,0,0.0074437526054680347,0,0,0.66794615983963013,1.1673071384429932,1.0029282569885254,0.99482548236846924,1.0350583791732788,-3.6106224060058594,0,0,0,0
14,75,115680,5.0300941467285156,0.01453343965113163,7.9326381683349609,99.927154541015625,103.00639343261719,5.667689323425293,42.321216583251953,36.859954833984375,0,0.0065496396273374557,0,0,0.22756952047348022,1.1270210742950439,1.0029282569885254,0.99482548236846924,1.0350583791732788,-3.6106224060058594,0,0,0,0
14,90,116040,9.5727968215942383,0.0033279096242040396,8.0780763626098633,98.094535827636719,105.07808685302734,0.034626379609107971,45.608589172363281,33.669677734375,0,0.0049993898719549179,0,0,-0.20323401689529419,1.0876107215881348,1.0029282569885254,0.99482548236846924,1.0350583791732788,-3.6106224060058594,0,0,0,0
14,105,116400,13.182821273803711,0.00029338791500777006,8.1704082489013672,97.779464721679688,102.88269805908203,0,51.44659423828125,30.767309188842773,0,0.0018789934692904353,0,0,-0.55266326665878296,1.0556446313858032,1.0029282569885254,0.99482548236846924,1.0350583791732788,-3.6106224060058594,0,0,0,0
14,120,116760,17.111225128173828,7.864859071560204E-06,8.1250638961791992,97.141304016113281,100.15186309814453,0,58.088336944580078,28.141811370849609,0,0.0079071326181292534,0,0,-0.74891811609268188,1.0376911163330078,1.0029282569885254,0.99482548236846924,1.0350583791732788,-3.6106224060058594,0,0,0,0
14,135,117120,20.282678604125977,8.6091453965764231E-08,7.9706497192382812,96.392974853515625,97.309562683105469,0,63.686161041259766,26.194692611694336,0,0.017305219545960426,0,0,-0.71660131216049194,1.0379596948623657,1.0029282569885254,0.99482548236846924,1.0350583791732788,-3.6106224060058594,0,0,0,0
14,150,117480,22.639364242553711,0,7.7297959327697754,95.396240234375,94.503372192382812,0,66.631607055664062,25.577550888061523,0,0.018581384792923927,0,0,-0.44213837385177612,1.0488393306732178,1.0029282569885254,0.99482548236846924,1.0350583791732788,-3.6106224060058594,0,0,0,0
14,165,117840,23.866180419921875,0,7.4145798683166504,94.155693054199219,91.793350219726562,0,67.742652893066406,25.924854278564453,0,0.037803195416927338,0,0,-0.018690824508666992,1.0656247138977051,1.0029282569885254,0.99482548236846924,1.0350583791732788,-3.6106224060058594,0,0,0,0
14,180,118200,24.138162612915039,0,6.9708824157714844,92.711616516113281,89.224227905273438,0,68.422325134277344,26.524753570556641,0,0.04904753714799881,0,0,0.4544183611869812,1.084378719329834,1.0029282569885254,0.99482548236846924,1.0350583791732788,-3.6106224060058594,0,0,0,0
14,195,118560,23.018707275390625,0,6.5495319366455078,91.286994934082031,86.79400634765625,0,69.49072265625,26.921178817749023,0,0.050778985023498535,0,0,0.87786597013473511,1.1011641025543213,1.0029282569885254,0.99482548236846924,1.0350583791732788,-3.6106224060058594,0,0,0,0
14,210,118920,20.608596801757812,0,6.2214469909667969,90.042251586914062,84.627433776855469,0,72.332008361816406,26.512655258178711,0,0.070716604590415955,0,0,1.1523289680480957,1.1120438575744629,1.0029282569885254,0.99482548236846924,1.0350583791732788,-3.6106224060058594,0,0,0,0
14,225,119280,17.091945648193359,0,5.8643927574157715,88.873573303222656,82.599044799804688,0,78.283393859863281,24.826841354370117,0,0.090700887143611908,0,0,1.1903870105743408,1.1154379844665527,1.0029282569885254,0.99482548236846924,1.0350583791732788,-3.6106224060058594,0,0,0,0
14,240,119640,16.579257965087891,0,5.556363582611084,87.896934509277344,80.643569946289062,0,85.337265014648438,22.719148635864258,0,0.07601621001958847,0,0,4.2896475791931152,1.1286152601242065,1.0029282569885254,0.99482548236846924,1.0350583791732788,-3.6106224060058594,1,0,0,0
14,255,120000,8.4334535598754883,0,5.4177083969116211,87.367897033691406,78.790504455566406,0,91.336456298828125,20.780845642089844,0,0.041586488485336304,0,0,0.82190024852752686,1.1512187719345093,1.309262752532959,0.99482548236846924,1.0350583791732788,-3.6106224060058594,0,0,0,1
14,270,120360,3.1427538394927979,2.7390581180952722E-06,5.3423867225646973,87.029029846191406,77.050636291503906,0,94.469596862792969,19.009860992431641,0,0.069289639592170715,0,0,0.55147850513458252,1.1774774789810181,1.0029282569885254,0.99482548236846924,1.0350583791732788,-3.6106224060058594,0,0,0,0
14,285,120720,-1.0953365564346313,0.00057515763910487294,5.2949681282043457,87.187171936035156,75.524864196777344,0.001239227713085711,94.938308715820312,17.403402328491211,0,0.037765078246593475,0,0,0.30284899473190308,1.2016199827194214,1.0029282569885254,0.99482548236846924,1.0350583791732788,-3.6106224060058594,0,0,0,0
14,300,121080,-4.4992728233337402,0.04805605486035347,5.2854361534118652,87.632331848144531,74.304695129394531,0.44887596368789673,92.968101501464844,17.824214935302734,0,0.035809803754091263,0,0,0.13544505834579468,1.2178752422332764,1.0029282569885254,0.99482548236846924,1.0350583791732788,-3.6106224060058594,0,0,0,0
14,315,121440,-12.415328025817871,0.029275629669427872,5.5927653312683105,88.515640258789062,73.2076416015625,5.9762754440307617,84.600540161132812,24.330480575561523,0,0.02743641659617424,0,0,-5.0062932968139648,1.2215769290924072,1.0029282569885254,0.99482548236846924,1.0350583791732788,-3.6106224060058594,0,1,0,0
14,330,121800,-8.6542987823486328,0.015897396951913834,5.7065114974975586,88.019851684570312,71.824501037597656,15.60645866394043,74.581390380859375,31.781604766845703,0,0.021924732252955437,0,0,0.31665265560150146,1.2228109836578369,1.0029282569885254,0.99482548236846924,1.0350583791732788,-3.6106224060058594,0,0,0,0
14,345,122160,-9.1158351898193359,0.026645783334970474,5.6502313613891602,87.560440063476562,70.576034545898438,26.953876495361328,65.785102844238281,37.411899566650391,0,0.021200019866228104,0,0,0.65853875875473022,1.2248945236206055,1.0029282569885254,0.99482548236846924,1.0350583791732788,-3.6106224060058594,0,0,0,0
14,360,122520,-9.4202594757080078,0.086166948080062866,5.6243348121643066,87.078369140625,69.451454162597656,35.326107025146484,58.001735687255859,41.586799621582031,0,0.015767768025398254,0,0,0.19165655970573425,0.75898849964141846,1.0513981580734253,0.92068839073181152,0.98568093776702881,-5.8866701126098633,0,0,0,0
14,365,122640,-9.2456121444702148,0.03281228244304657,5.6231479644775391,86.902656555175781,69.120147705078125,37.483562469482422,55.615070343017578,42.698089599609375,0,0.025880159810185432,0,0,0.030503749847412109,0.68169373273849487,1.0603740215301514,0.90695929527282715,0.97653692960739136,-6.3081607818603516,0,0,0,0
15,15,123000,-7.7074284553527832,0.060311481356620789,5.6013760566711426,86.500221252441406,68.211753845214844,52.041179656982422,49.160675048828125,45.117019653320312,0,0.051509395241737366,0,0,0.29888790845870972,0.8141903281211853,1.0479657649993896,0.92593836784362793,0.98917758464813232,-5.7254924774169922,0,0,0,0
15,30,123360,-5.7296581268310547,0.091891571879386902,5.5514764785766602,86.93817138671875,67.47698974609375,55.745643615722656,43.864452362060547,46.233589172363281,0,0.089755669236183167,0,0,0.013744890689849854,0.69826740026473999,1.0603740215301514,0.90695929527282715,0.97653692960739136,-6.3081607818603516,0,0,0,0
15,45,123720,-2.9130632877349854,0.078013584017753601,5.6192154884338379,88.323699951171875,67.106468200683594,58.24420166015625,40.721641540527344,45.182754516601562,0,0.10087553411722183,0,0,0.010665059089660645,0.68406283855438232,1.0603740215301514,0.90695929527282715,0.97653692960739136,-6.3081607818603516,0,0,0,0
15,60,124080,0.80948269367218018,0.054160431027412415,7.232353687286377,97.325920104980469,72.778053283691406,35.037143707275391,39.941715240478516,41.995552062988281,0,0.086113244295120239,0,0,0.0058943629264831543,0.66205954551696777,1.0603740215301514,0.90695929527282715,0.97653692960739136,-6.3081607818603516,0,0,0,0
15,75,124440,5.6001119613647461,6.4815387304406613E-05,7.87823486328125,97.372001647949219,91.415969848632812,4.2605457305908203,40.748310089111328,38.388446807861328,0,0.11413641273975372,0,0,0.00033861398696899414,0.63643544912338257,1.2646818161010742,0.90695929527282715,0.97653692960739136,-6.3081607818603516,0,0,0,1
15,90,124800,10.467447280883789,7.0423408260467113E-07,7.9309983253479004,95.052360534667969,92.2095947265625,0.011339851655066013,44.659595489501953,35.089023590087891,0,0.099030680954456329,0,0,-0.0050963759422302246,0.61136841773986816,1.0603740215301514,0.90695929527282715,0.97653692960739136,-6.3081607818603516,0,0,0,0
15,105,125160,14.787321090698242,0,7.850738525390625,94.402748107910156,89.087455749511719,0,50.941825866699219,32.076465606689453,0,0.079104900360107422,0,0,-0.0095047354698181152,0.59103626012802124,1.0603740215301514,0.90695929527282715,0.97653692960739136,-6.3081607818603516,0,0,0,0
15,120,125520,18.444753646850586,0,7.6921510696411133,93.66259765625,86.040985107421875,0,57.573291778564453,29.384481430053711,0,0.10410179942846298,0,0,-0.011980652809143066,0.57961684465408325,1.0603740215301514,0.90695929527282715,0.97653692960739136,-6.3081607818603516,0,0,0,0
15,135,125880,21.357574462890625,0,7.3887028694152832,92.697296142578125,83.206588745117188,0,62.194011688232422,27.716424942016602,0,0.09949851781129837,0,0,-0.0068863034248352051,0.57466858625411987,1.0603740215301514,0.90695929527282715,0.97653692960739136,-6.3081607818603516,0,0,0,0
15,150,126240,23.292318344116211,0,7.0277528762817383,91.6474609375,80.601715087890625,0,64.268142700195312,27.340526580810547,0,0.044690776616334915,0,0,0.021386086940765381,0.55448925495147705,1.0603740215301514,0.90695929527282715,0.97653692960739136,-6.3081607818603516,0,0,0,0
15,165,126600,24.072788238525391,0,6.5030012130737305,90.387802124023438,78.252304077148438,0,65.241996765136719,27.592414855957031,0,0.02838556095957756,0,0,0.065005481243133545,0.52335619926452637,1.0603740215301514,0.90695929527282715,0.97653692960739136,-6.3081607818603516,0,0,0,0
15,180,126960,23.620750427246094,0,5.9367127418518066,89.024429321289062,76.177764892578125,0,66.175521850585938,27.925746917724609,0,0.042192790657281876,0,0,0.11374050378799438,0.48857185244560242,1.0603740215301514,0.90695929527282715,0.97653692960739136,-6.3081607818603516,0,0,0,0
15,195,127320,21.964162826538086,0,5.4055113792419434,87.544548034667969,74.444427490234375,0,67.799209594726562,27.964761734008789,0,0.016093958169221878,0,0,0.15735986828804016,0.45743879675865173,1.0603740215301514,0.90695929527282715,0.97653692960739136,-6.3081607818603516,0,0,0,0
15,210,127680,22.073341369628906,0,4.8368544578552246,86.084930419921875,72.928680419921875,0,68.850486755371094,28.244636535644531,0,0.017638623714447021,0,0,3.9740321636199951,0.43725946545600891,1.0603740215301514,0.90695929527282715,0.97653692960739136,-6.3081607818603516,1,0,0,0
15,225,128040,15.643547058105469,0,4.3603739738464355,84.735374450683594,71.527793884277344,0,75.602378845214844,26.190589904785156,0,0.0084894429892301559,0,0,0.18991547822952271,0.43539118766784668,1.0603740215301514,0.90695929527282715,0.97653692960739136,-6.3081607818603516,0,0,0,0
15,240,128400,11.513590812683105,0,3.9671432971954346,83.469223022460938,70.2327880859375,0,82.8740234375,23.955381393432617,0,0.0071134977042675018,0,0,0.17950686812400818,0.45452034473419189,1.0603740215301514,0.90695929527282715,0.97653692960739136,-6.3081607818603516,0,0,0,0
15,255,128760,7.1631350517272949,2.7322328151058173E-06,3.7031888961791992,82.39703369140625,69.006271362304688,0,88.71807861328125,21.912687301635742,0,0.0076188351958990097,0,0,0.16165265440940857,0.48733311891555786,1.0603740215301514,0.90695929527282715,0.97653692960739136,-6.3081607818603516,0,0,0,0
15,270,129120,2.1271419525146484,1.7301035768468864E-05,3.5305490493774414,81.493240356445312,67.909996032714844,0,91.339576721191406,20.047126770019531,0,0.0077040432952344418,0,0,0.14091143012046814,0.52545177936553955,1.0603740215301514,0.90695929527282715,0.97653692960739136,-6.3081607818603516,0,0,0,0
15,285,129480,-1.7222597599029541,0.0014023673720657825,3.45448899269104,80.944534301757812,66.889549255371094,0.001950547331944108,91.57275390625,18.393716812133789,0,0.0062325214967131615,0,0,0.12184160947799683,0.56049859523773193,1.0603740215301514,0.90695929527282715,0.97653692960739136,-6.3081607818603516,0,0,0,0
15,300,129840,-4.9644007682800293,0.00073337560752406716,3.4582061767578125,80.91595458984375,65.910545349121094,0.0075080166570842266,89.051811218261719,19.256134033203125,0,0.0044955224730074406,0,0,0.10900181531906128,0.58409583568572998,1.0603740215301514,0.90695929527282715,0.97653692960739136,-6.3081607818603516,0,0,0,0
15,315,130200,-7.4542970657348633,0.0014976304955780506,3.5335888862609863,81.241233825683594,64.995574951171875,0.43857535719871521,81.594284057617188,24.752233505249023,0,0.0030345630366355181,0,0,0.10498526692390442,0.59075641632080078,1.0603740215301514,0.90695929527282715,0.97653692960739136,-6.3081607818603516,0,0,0,0
15,330,130560,-9.0022048950195312,0.0057733538560569286,3.7917392253875732,81.267616271972656,64.106521606445312,0.98720777034759521,72.376655578613281,31.428842544555664,0,0.0025990393478423357,0,0,0.090061783790588379,0.60897707939147949,1.0603740215301514,0.90695929527282715,0.97653692960739136,-6.3081607818603516,0,0,0,0
15,345,130920,-9.699183464050293,0.010775333270430565,3.9115400314331055,81.029289245605469,63.138767242431641,4.1310749053955078,63.826595306396484,36.879177093505859,0,0.014174984768033028,0,0,0.064863115549087524,0.63974308967590332,1.0603740215301514,0.90695929527282715,0.97653692960739136,-6.3081607818603516,0,0,0,0
15,360,131280,-7.7952189445495605,0.14388616383075714,3.882279634475708,80.875556945800781,62.156242370605469,11.240728378295898,56.300876617431641,40.868942260742188,0,0.029548035934567451,0,0,1.7557265758514404,1.1981165409088135,0.95996057987213135,0.80830585956573486,0.79911446571350098,-4.5598011016845703,0,0,0,0
15,365,131400,-7.3850278854370117,0.048267226666212082,3.8545842170715332,80.907669067382812,61.842075347900391,16.587497711181641,54.070388793945312,41.83935546875,0,0.12648016214370728,0,0,2.0340065956115723,1.3148351907730103,0.94136548042297363,0.79003673791885376,0.76625841856002808,-4.2360310554504395,0,0,0,0
16,15,131760,-6.4831113815307617,0.072712570428848267,3.852632999420166,81.056846618652344,60.917671203613281,25.976755142211914,47.846000671386719,44.140892028808594,0,0.11051028966903687,0,0,1.5375232696533203,1.2114348411560059,0.9670712947845459,0.81529200077056885,0.81167858839035034,-4.6836109161376953,0,0,0,0
16,30,132120,-4.105410099029541,0.096354454755783081,3.8784482479095459,82.7318115234375,60.202114105224609,48.335647583007812,43.701652526855469,44.196853637695312,0,0.11011867970228195,0,0,1.9439932107925415,1.3485839366912842,0.94136548042297363,0.79003673791885376,0.76625841856002808,-4.2360310554504395,0,0,0,0
16,45,132480,-1.2649792432785034,0.085097171366214752,4.295508861541748,88.932357788085938,62.601310729980469,51.783458709716797,41.922042846679688,41.993438720703125,0,0.079372696578502655,0,0,1.9125881195068359,1.3175350427627563,0.94136548042297363,0.79003673791885376,0.76625841856002808,-4.2360310554504395,0,0,0,0
16,60,132840,2.5935947895050049,0.058673232793807983,6.0346865653991699,98.877838134765625,80.624893188476562,14.14902400970459,41.783908843994141,38.493732452392578,0,0.041590116918087006,0,0,1.8639411926269531,1.269439697265625,0.94136548042297363,0.79003673791885376,0.76625841856002808,-4.2360310554504395,0,0,0,0
16,75,133200,6.7733855247497559,0.010827186517417431,6.0886569023132324,94.374038696289062,92.403480529785156,0.36969867348670959,43.10076904296875,35.162097930908203,0,0.028230141848325729,0,0,1.8072891235351562,1.2134300470352173,0.94136548042297363,0.79003673791885376,0.76625841856002808,-4.2360310554504395,0,0,0,0
16,90,133560,11.679675102233887,0.00070657121250405908,6.1667475700378418,94.050506591796875,91.415046691894531,0,47.357158660888672,32.130924224853516,0,0.022663457319140434,0,0,1.7518684864044189,1.1586378812789917,0.94136548042297363,0.79003673791885376,0.76625841856002808,-4.2360310554504395,0,0,0,0
16,105,133920,15.817607879638672,0.00023615216196049005,6.1865406036376953,93.745658874511719,89.272575378417969,0,53.494899749755859,29.36821174621582,0,0.013402358628809452,0,0,1.7069162130355835,1.1141954660415649,0.94136548042297363,0.79003673791885376,0.76625841856002808,-4.2360310554504395,0,0,0,0
16,120,134280,19.814233779907227,0,6.0643949508666992,93.030731201171875,86.867828369140625,0,59.799488067626953,27.003828048706055,0,0.011064094491302967,0,0,1.6816689968109131,1.0892345905303955,0.94136548042297363,0.79003673791885376,0.76625841856002808,-4.2360310554504395,0,0,0,0
16,135,134640,22.702709197998047,3.4006534406216815E-05,5.8227152824401855,92.112571716308594,84.40765380859375,0,63.496131896972656,25.930910110473633,0,0.011320360936224461,0,0,1.683598518371582,1.0846735239028931,0.94136548042297363,0.79003673791885376,0.76625841856002808,-4.2360310554504395,0,0,0,0
16,150,135000,24.857545852661133,0,5.3855247497558594,90.851669311523438,82.157920837402344,0,64.571731567382812,26.166866302490234,0,0.014093377627432346,0,0,1.7071127891540527,1.0736777782440186,0.94136548042297363,0.79003673791885376,0.76625841856002808,-4.2360310554504395,0,0,0,0
16,165,135360,25.734710693359375,0,4.8726935386657715,89.516342163085938,80.071640014648438,0,64.980148315429688,26.824813842773438,0,0.0050113014876842499,0,0,1.7433911561965942,1.0567132234573364,0.94136548042297363,0.79003673791885376,0.76625841856002808,-4.2360310554504395,0,0,0,0
16,180,135720,25.384815216064453,0,4.2940239906311035,88.106376647949219,78.159049987792969,0,65.376617431640625,27.51641845703125,0,0.0026753784622997046,0,0,1.7839242219924927,1.0377591848373413,0.94136548042297363,0.79003673791885376,0.76625841856002808,-4.2360310554504395,0,0,0,0
16,195,136080,23.803598403930664,0,3.7606101036071777,86.712852478027344,76.365959167480469,0,66.222946166992188,27.948005676269531,0,0.002168002538383007,0,0,1.8202025890350342,1.0207946300506592,0.94136548042297363,0.79003673791885376,0.76625841856002808,-4.2360310554504395,0,0,0,0
16,210,136440,21.161012649536133,0,3.2864320278167725,85.490943908691406,74.677116394042969,0,68.674774169921875,27.654029846191406,0,0.0018395936349406838,0,0,1.8437168598175049,1.0097988843917847,0.94136548042297363,0.79003673791885376,0.76625841856002808,-4.2360310554504395,0,0,0,0
16,225,136800,17.638465881347656,1.0409763717689202E-06,2.8290305137634277,84.274642944335938,73.050308227539062,0,74.474502563476562,26.032276153564453,0,0.0023882740642875433,0,0,1.855353832244873,1.0091789960861206,0.94136548042297363,0.79003673791885376,0.76625841856002808,-4.2360310554504395,0,0,0,0
16,240,137160,13.6490478515625,0,2.4740636348724365,83.191047668457031,71.513832092285156,0,81.8779296875,23.83390998840332,0,0.0062664486467838287,0,0,1.9261670112609863,1.0235210657119751,0.94136548042297363,0.79003673791885376,0.76625841856002808,-4.2360310554504395,0,0,0,0
16,255,137520,9.4298620223999023,2.0168721448499127E-07,2.2434487342834473,82.309410095214844,70.0289306640625,0,88.249557495117188,21.802453994750977,0,0.017629802227020264,0,0,2.0476350784301758,1.0481224060058594,0.94136548042297363,0.79003673791885376,0.76625841856002808,-4.2360310554504395,0,0,0,0
16,270,137880,4.5307183265686035,8.9729783212533221E-06,2.0718715190887451,81.636833190917969,68.648857116699219,0,92.169845581054688,19.947483062744141,0,0.039743527770042419,0,0,2.1887445449829102,1.0767017602920532,0.94136548042297363,0.79003673791885376,0.76625841856002808,-4.2360310554504395,0,0,0,0
16,285,138240,0.81222742795944214,0.015730034559965134,2.0526471138000488,81.450706481933594,67.405502319335938,0.00015150581020861864,93.191696166992188,18.252296447753906,0,0.03513031080365181,0,0,2.3184828758239746,1.102977991104126,0.94136548042297363,0.79003673791885376,0.76625841856002808,-4.2360310554504395,0,0,0,0
16,300,138600,-2.3761069774627686,7.9723477028892376E-06,2.056405782699585,81.548805236816406,66.31561279296875,0.0035406446550041437,92.913230895996094,17.009546279907227,0,0.05924871563911438,0,0,2.4058363437652588,1.1206700801849365,0.94136548042297363,0.79003673791885376,0.76625841856002808,-4.2360310554504395,0,0,0,0
16,315,138960,-4.9237403869628906,0.001154433935880661,2.1150081157684326,81.74139404296875,65.353721618652344,0.40385162830352783,89.3232421875,19.008869171142578,0,0.10286695510149002,0,0,2.4191656112670898,1.1275333166122437,0.94136548042297363,0.79003673791885376,0.76625841856002808,-4.2360310554504395,0,0,0,0
16,330,139320,-6.7312707901000977,0.0093786930665373802,2.2352361679077148,82.611289978027344,64.5299072265625,3.6997642517089844,81.825538635253906,24.552169799804688,0,0.10276145488023758,0,0,2.3419930934906006,1.1650619506835938,0.94136548042297363,0.79003673791885376,0.76625841856002808,-4.2360310554504395,0,0,0,0
16,345,139680,-7.6165585517883301,0.022639764472842216,2.3720686435699463,83.162353515625,63.718494415283203,8.5913524627685547,73.021812438964844,30.843317031860352,0,0.10995928943157196,0,0,2.2116856575012207,1.2284301519393921,0.94136548042297363,0.79003673791885376,0.76625841856002808,-4.2360310554504395,0,0,0,0
16,360,140040,-8.9918365478515625,0.16829194128513336,2.4420738220214844,82.981719970703125,62.803401947021484,20.594816207885742,64.571159362792969,36.230251312255859,0,0.19834831357002258,0,0,0.66962772607803345,1.1931896209716797,1.357738733291626,0.78389978408813477,0.88996988534927368,-6.6253013610839844,0,0,0,0
16,365,140160,-8.9654388427734375,0.052189342677593231,2.4559049606323242,82.884208679199219,62.489326477050781,27.237150192260742,61.921073913574219,37.74896240234375,0,0.029395168647170067,0,0,0.33313745260238647,1.1937294006347656,1.4348448514938354,0.78276330232620239,0.91287940740585327,-7.0677590370178223,0,0,0,0
17,15,140520,-7.4428462982177734,0.059479176998138428,2.4461684226989746,82.939315795898438,61.635536193847656,44.661808013916016,54.905445098876953,41.133209228515625,0,0.01816188357770443,0,0,0.56756657361984253,1.257628321647644,1.3282532691955566,0.78433436155319214,0.88120925426483154,-6.4561057090759277,0,0,0,0
17,30,140880,-5.5034933090209961,0.064386717975139618,2.4426400661468506,83.802032470703125,60.934841156005859,68.978111267089844,49.118824005126953,42.994709014892578,0,0.023366065695881844,0,0,0.20106333494186401,1.2281641960144043,1.4348448514938354,0.78276330232620239,0.91287940740585327,-7.0677590370178223,0,0,0,0
17,45,141240,-2.5382983684539795,0.068138957023620605,2.5373847484588623,86.357322692871094,61.090248107910156,80.940162658691406,45.858741760253906,42.263240814208984,0,0.015313445590436459,0,0,0.32985430955886841,1.1989427804946899,1.4348448514938354,0.78276330232620239,0.91287940740585327,-7.0677590370178223,0,0,0,0
17,60,141600,1.4051418304443359,0.13750778138637543,5.2799749374389648,99.49407958984375,77.673545837402344,42.090373992919922,45.218494415283203,39.137668609619141,0,0.010065192356705666,0,0,0.52935409545898438,1.1536779403686523,1.4348448514938354,0.78276330232620239,0.91287940740585327,-7.0677590370178223,0,0,0,0
17,75,141960,6.3724613189697266,0.0078585268929600716,5.4788646697998047,97.01300048828125,105.23615264892578,3.1593532562255859,46.210594177246094,35.745197296142578,0,0.010079407133162022,0,0,0.76168286800384521,1.1009645462036133,1.4348448514938354,0.78276330232620239,0.91287940740585327,-7.0677590370178223,0,0,0,0
17,90,142320,11.568061828613281,5.7494020438753068E-05,5.6251106262207031,95.3087158203125,105.4833984375,0,50.445358276367188,32.66607666015625,0,0.0068347183987498283,0,0,0.98896110057830811,1.0493971109390259,1.4348448514938354,0.78276330232620239,0.91287940740585327,-7.0677590370178223,0,0,0,0
17,105,142680,15.646946907043457,2.4432885766145773E-05,5.6990718841552734,94.789985656738281,102.65542602539062,0,56.788509368896484,29.858800888061523,0,0.0094274105504155159,0,0,1.1733088493347168,1.0075701475143433,1.4348448514938354,0.78276330232620239,0.91287940740585327,-7.0677590370178223,0,0,0,0
17,120,143040,19.827768325805664,0,5.5896220207214355,94.049530029296875,99.366767883300781,0,63.223316192626953,27.467453002929688,0,0.018629640340805054,0,0,1.2768468856811523,0.98407828807830811,1.4348448514938354,0.78276330232620239,0.91287940740585327,-7.0677590370178223,0,0,0,0
17,135,143400,22.708478927612305,0,5.3808536529541016,93.130287170410156,96.075492858886719,0,66.916397094726562,26.436748504638672,0,0.038779623806476593,0,0,1.2724008560180664,0.9863927960395813,1.4348448514938354,0.78276330232620239,0.91287940740585327,-7.0677590370178223,0,0,0,0
17,150,143760,24.472330093383789,0,5.0825729370117188,92.048027038574219,92.928062438964844,0,68.145431518554688,26.66497802734375,0,0.059564404189586639,0,0,1.1943217515945435,1.0110205411911011,1.4348448514938354,0.78276330232620239,0.91287940740585327,-7.0677590370178223,0,0,0,0
17,165,144120,25.024223327636719,0,4.6525702476501465,90.788093566894531,90.008750915527344,0,68.651237487792969,27.332717895507812,0,0.065069295465946198,0,0,1.0738595724105835,1.0490165948867798,1.4348448514938354,0.78276330232620239,0.91287940740585327,-7.0677590370178223,0,0,0,0
17,180,144480,24.262355804443359,0.0039147227071225643,4.2567076683044434,89.625022888183594,87.310188293457031,0,69.310249328613281,27.953489303588867,0,0.071018368005752563,0,0,0.93926966190338135,1.0914688110351562,1.4348448514938354,0.78276330232620239,0.91287940740585327,-7.0677590370178223,0,0,0,0
17,195,144840,22.530550003051758,0,3.8389580249786377,88.326339721679688,84.764350891113281,0,70.614456176757812,28.250177383422852,0,0.070958495140075684,0,0,0.81880748271942139,1.1294649839401245,1.4348448514938354,0.78276330232620239,0.91287940740585327,-7.0677590370178223,0,0,0,0
17,210,145200,19.683225631713867,0,3.4437034130096436,87.056732177734375,82.411216735839844,0,74.145988464355469,27.580389022827148,0,0.095573320984840393,0,0,0.74072837829589844,1.1540926694869995,1.4348448514938354,0.78276330232620239,0.91287940740585327,-7.0677590370178223,0,0,0,0
17,225,145560,15.907790184020996,0,3.077028751373291,85.910789489746094,80.219894409179688,0,80.973655700683594,25.601268768310547,0,0.12393618375062943,0,0,0.73045623302459717,1.1567920446395874,1.4348448514938354,0.78276330232620239,0.91287940740585327,-7.0677590370178223,0,0,0,0
17,240,145920,11.976913452148438,0,2.7910816669464111,85.184638977050781,78.236305236816406,0,88.283447265625,23.420251846313477,0,0.10640324652194977,0,0,0.77451938390731812,1.1375718116760254,1.4348448514938354,0.78276330232620239,0.91287940740585327,-7.0677590370178223,0,0,0,0
17,255,146280,7.7363238334655762,0,2.5728461742401123,84.402519226074219,76.381423950195312,0,94.263847351074219,21.426031112670898,0,0.10601882636547089,0,0,0.85010218620300293,1.1046030521392822,1.4348448514938354,0.78276330232620239,0.91287940740585327,-7.0677590370178223,0,0,0,0
17,270,146640,2.7885434627532959,2.1271409522682916E-08,2.5165054798126221,84.368736267089844,74.622627258300781,0,97.117134094238281,19.60405158996582,0,0.13043859601020813,0,0,0.93790692090988159,1.0663031339645386,1.4348448514938354,0.78276330232620239,0.91287940740585327,-7.0677590370178223,0,0,0,0
17,285,147000,-0.94504386186599731,7.4884161449517705E-07,2.4679784774780273,84.164161682128906,72.998191833496094,3.0957289709476754E-07,97.533218383789062,17.953947067260742,0,0.0784335657954216,0,0,1.0186358690261841,1.0310895442962646,1.4348448514938354,0.78276330232620239,0.91287940740585327,-7.0677590370178223,0,0,0,0
17,300,147360,-4.2659130096435547,0.019062526524066925,2.4642333984375,84.335464477539062,71.584686279296875,0.89047163724899292,95.833915710449219,18.065351486206055,0,0.073103547096252441,0,0,1.0729911327362061,1.0073801279067993,1.4348448514938354,0.78276330232620239,0.91287940740585327,-7.0677590370178223,0,0,0,0
17,315,147720,-6.6024284362792969,0.0028508908580988646,2.6169681549072266,85.344879150390625,70.412185668945312,1.4940402507781982,89.06463623046875,23.010639190673828,0,0.089743353426456451,0,0,1.0734285116195679,1.0050822496414185,1.4348448514938354,0.78276330232620239,0.91287940740585327,-7.0677590370178223,0,0,0,0
17,330,148080,-8.29248046875,0.014220846816897392,2.7185473442077637,85.916641235351562,69.293418884277344,4.3281946182250977,79.51025390625,30.161853790283203,0,0.05605754628777504,0,0,0.92510008811950684,1.0428805351257324,1.4348448514938354,0.78276330232620239,0.91287940740585327,-7.0677590370178223,0,0,0,0
17,345,148440,-9.2002630233764648,0.02562989667057991,2.7841365337371826,85.581893920898438,68.154655456542969,14.362479209899902,70.172515869140625,36.458686828613281,0,0.032052863389253616,0,0,0.67464405298233032,1.1067037582397461,1.4348448514938354,0.78276330232620239,0.91287940740585327,-7.0677590370178223,0,0,0,0
17,360,148800,-10.072417259216309,0.053260661661624908,2.7804622650146484,85.164421081542969,67.099845886230469,28.867074966430664,61.854946136474609,41.217136383056641,0,0.019537856802344322,0,0,-0.40844827890396118,1.3260077238082886,1.0481264591217041,1.0176568031311035,0.99597173929214478,-6.2077884674072266,0,0,0,0
17,365,148920,-9.9234838485717773,0.19755440950393677,2.7835648059844971,85.024154663085938,66.762290954589844,39.781982421875,59.305084228515625,42.477973937988281,0,0.033481031656265259,0,0,-0.56790679693222046,1.3774088621139526,0.97651195526123047,1.0611555576324463,1.0113592147827148,-6.0485343933105469,0,0,0,0
18,15,149280,-8.4259128570556641,0.15961854159832001,2.7886278629302979,84.650833129882812,65.760719299316406,60.156929016113281,52.308448791503906,45.409782409667969,0,0.052097346633672714,0,0,-0.41743928194046021,1.3813307285308838,1.0755119323730469,1.0010228157043457,0.99008756875991821,-6.2686867713928223,0,0,0,0
18,30,149640,-6.4554810523986816,0.18878822028636932,2.7377328872680664,84.816810607910156,64.858970642089844,90.681037902832031,46.364818572998047,47.0283203125,0,0.067285358905792236,0,0,-0.57766890525817871,1.4243160486221313,0.97651195526123047,1.0611555576324463,1.0113592147827148,-6.0485343933105469,0,0,0,0
18,45,150000,-3.6272389888763428,0.27536854147911072,2.8006899356842041,86.616874694824219,64.286094665527344,117.12879180908203,42.449966430664062,46.520462036132812,0,0.11197870969772339,0,0,-0.54575413465499878,1.4158749580383301,0.97651195526123047,1.0611555576324463,1.0113592147827148,-6.0485343933105469,0,0,0,0
18,60,150360,-0.052837096154689789,0.17631866037845612,4.1387801170349121,98.335845947265625,71.45220947265625,103.87727355957031,41.198818206787109,43.516490936279297,0,0.090910822153091431,0,0,-0.49631756544113159,1.4027994871139526,0.97651195526123047,1.0611555576324463,1.0113592147827148,-6.0485343933105469,0,0,0,0
18,75,150720,4.6559047698974609,0.039905037730932236,6.8540620803833008,107.2109375,109.85283660888672,22.00102424621582,41.477321624755859,39.717174530029297,0,0.078968949615955353,0,0,-0.4387458860874176,1.3875725269317627,0.97651195526123047,1.0611555576324463,1.0113592147827148,-6.0485343933105469,0,0,0,0
18,90,151080,9.8265714645385742,0.012864867225289345,6.6632518768310547,103.06098937988281,119.27498626708984,0.19323371350765228,44.658256530761719,36.25860595703125,0,0.097444869577884674,0,0,-0.38242572546005249,1.3726764917373657,0.97651195526123047,1.0611555576324463,1.0113592147827148,-6.0485343933105469,0,0,0,0
18,105,151440,13.894803047180176,0.0032655077520757914,6.7690982818603516,102.48027038574219,117.93618011474609,0,50.68157958984375,33.119537353515625,0,0.12376967817544937,0,0,-0.33674389123916626,1.3605940341949463,1.3135542869567871,1.0611555576324463,1.0113592147827148,-6.0485343933105469,0,0,0,1
18,120,151800,17.70928955078125,0.10255250334739685,7.1877756118774414,101.74870300292969,115.79990386962891,0,57.510196685791016,30.285017013549805,0,0.067705824971199036,0,0,-0.31108692288398743,1.3538081645965576,0.97651195526123047,1.0611555576324463,1.0113592147827148,-6.0485343933105469,0,0,0,0
18,135,152160,21.130266189575195,0,6.7287087440490723,100.78172302246094,113.07872772216797,0,63.023365020751953,28.269994735717773,0,0.089430220425128937,0,0,-0.30453747510910034,1.349998950958252,0.97651195526123047,1.0611555576324463,1.0113592147827148,-6.0485343933105469,0,0,0,0
18,150,152520,23.104120254516602,0,6.5728354454040527,99.786109924316406,110.06052398681641,0,66.000099182128906,27.526508331298828,0,0.057158313691616058,0,0,-0.28338229656219482,1.3334096670150757,0.97651195526123047,1.0611555576324463,1.0113592147827148,-6.0485343933105469,0,0,0,0
18,165,152880,23.849365234375,0,6.3508596420288086,98.524803161621094,107.08031463623047,0,67.421432495117188,27.625467300415039,0,0.026604702696204185,0,0,-0.25074362754821777,1.3078151941299438,0.97651195526123047,1.0611555576324463,1.0113592147827148,-6.0485343933105469,0,0,0,0
18,180,153240,23.343311309814453,0,6.0799989700317383,97.119537353515625,104.26754760742188,0,68.691329956054688,27.872068405151367,0,0.016603611409664154,0,0,-0.21427708864212036,1.2792190313339233,0.97651195526123047,1.0611555576324463,1.0113592147827148,-6.0485343933105469,0,0,0,0
18,195,153600,21.733613967895508,0,5.7956733703613281,95.637908935546875,101.60263824462891,0,70.770339965820312,27.787424087524414,0,0.016595927998423576,0,0,-0.18163840472698212,1.2536245584487915,0.97651195526123047,1.0611555576324463,1.0113592147827148,-6.0485343933105469,0,0,0,0
18,210,153960,20.830390930175781,0,5.4356212615966797,94.074714660644531,99.052268981933594,0,72.329093933105469,27.913658142089844,0,0.014406411908566952,0,0,2.2593002319335938,1.2370351552963257,0.97651195526123047,1.0611555576324463,1.0113592147827148,-6.0485343933105469,1,0,0,0
18,225,154320,15.336892127990723,0,5.2425727844238281,92.984786987304688,96.623260498046875,0,79.441818237304688,25.772100448608398,0,0.011288044974207878,0,0,-0.16063974797725677,1.2328341007232666,0.97651195526123047,1.0611555576324463,1.0113592147827148,-6.0485343933105469,0,0,0,0
18,240,154680,11.240259170532227,0.024111524224281311,5.1345696449279785,91.99542236328125,94.2852783203125,0,86.672576904296875,23.569057464599609,0,0.0084434263408184052,0,0,-0.20151135325431824,1.2223306894302368,0.97651195526123047,1.0611555576324463,1.0113592147827148,-6.0485343933105469,0,0,0,0
18,255,155040,6.8476319313049316,1.659907320572529E-05,4.927976131439209,91.330123901367188,91.978034973144531,0,92.286224365234375,21.556722640991211,0,0.0070837270468473434,0,0,-0.27161961793899536,1.2043136358261108,0.97651195526123047,1.0611555576324463,1.0113592147827148,-6.0485343933105469,0,0,0,0
18,270,155400,1.7392840385437012,0.0003283049154561013,4.883296012878418,91.106376647949219,89.848411560058594,8.6176281911320984E-05,94.585464477539062,19.717494964599609,0,0.005372737068682909,0,0,-0.35306447744369507,1.1833833456039429,0.97651195526123047,1.0611555576324463,1.0113592147827148,-6.0485343933105469,0,0,0,0
18,285,155760,-2.1562638282775879,0.0010114024626091123,4.8731169700622559,91.1802978515625,87.995208740234375,0.0029461251106113195,94.640556335449219,18.172805786132812,0,0.006928224116563797,0,0,-0.4279460608959198,1.1641396284103394,0.97651195526123047,1.0611555576324463,1.0113592147827148,-6.0485343933105469,0,0,0,0
18,300,156120,-5.4891161918640137,0.0012467517517507076,4.9257183074951172,91.645561218261719,86.360511779785156,1.2686512470245361,91.169326782226562,19.964361190795898,0,0.0039474936202168465,0,0,-0.47836431860923767,1.1511827707290649,0.97651195526123047,1.0611555576324463,1.0113592147827148,-6.0485343933105469,0,0,0,0
18,315,156480,-8.000065803527832,0.0090830186381936073,5.053034782409668,92.142044067382812,84.850234985351562,5.2374577522277832,82.578117370605469,26.473451614379883,0,0.0044104494154453278,0,0,-0.49075701832771301,1.1518489122390747,0.97651195526123047,1.0611555576324463,1.0113592147827148,-6.0485343933105469,0,0,0,0
18,330,156840,-9.5820426940917969,0.021987516433000565,5.3598651885986328,91.753280639648438,82.95355224609375,13.099020957946777,72.947257995605469,33.37646484375,0,0.0028630169108510017,0,0,-0.50621509552001953,1.1970431804656982,0.97651195526123047,1.0611555576324463,1.0113592147827148,-6.0485343933105469,0,0,0,0
18,345,157200,-10.300862312316895,0.052347064018249512,5.3001747131347656,91.327690124511719,81.092742919921875,26.720758438110352,64.297996520996094,38.725311279296875,0,0.0026604281738400459,0,0,-0.53231650590896606,1.2733548879623413,0.97651195526123047,1.0611555576324463,1.0113592147827148,-6.0485343933105469,0,0,0,0
18,360,157560,-11.64777660369873,0.29545718431472778,5.2566924095153809,90.890907287597656,79.350112915039062,47.555843353271484,56.671634674072266,42.607246398925781,0,0.024919182062149048,0,0,-2.1655821800231934,1.3304094076156616,0.94991153478622437,0.99306577444076538,1.1757019758224487,-8.2264404296875,0,0,0,0
18,365,157680,-11.516665458679199,0.14211201667785645,5.2373747825622559,90.7431640625,78.79058837890625,56.024101257324219,54.336128234863281,43.605606079101562,0,0.10511425882577896,0,0,-2.4384968280792236,1.335620641708374,0.94498550891876221,0.98045653104782104,1.2061358690261841,-8.6297569274902344,0,0,0,0
19,15,158040,-9.7249059677124023,0.14727410674095154,5.2463088035583496,90.297561645507812,77.193077087402344,85.436988830566406,47.892894744873047,45.867366790771484,0,0.097956366837024689,0,0,-2.0006375312805176,1.369010329246521,0.95179522037506104,0.99788749217987061,1.1640641689300537,-8.0722122192382812,0,0,0,0
19,30,158400,-7.7171635627746582,0.28523245453834534,5.3242826461791992,89.935775756835938,75.628692626953125,118.48159027099609,42.246749877929688,47.114273071289062,0,0.090935327112674713,0,0,-2.3513524532318115,1.353914737701416,0.94498550891876221,0.98045653104782104,1.2061358690261841,-8.6297569274902344,0,0,0,0
19,45,158760,-4.7081389427185059,0.31008970737457275,5.2318325042724609,90.963066101074219,74.424079895019531,142.56588745117188,37.959274291992188,46.922183990478516,0,0.087022200226783752,0,0,-2.1847877502441406,1.3456482887268066,0.94498550891876221,0.98045653104782104,1.2061358690261841,-8.6297569274902344,0,0,0,0
19,60,159120,-1.0090007781982422,0.13320179283618927,6.0500860214233398,97.970085144042969,78.043708801269531,143.18849182128906,36.189708709716797,44.3306884765625,0,0.036220725625753403,0,0,-1.9267756938934326,1.3328431844711304,0.94498550891876221,0.98045653104782104,1.2061358690261841,-8.6297569274902344,0,0,0,0
19,75,159480,3.5701978206634521,0.04678625613451004,9.3681392669677734,112.86119842529297,109.43560028076172,55.621109008789062,36.198505401611328,40.51837158203125,0,0.024214355275034904,0,0,-1.6263058185577393,1.3179309368133545,0.94498550891876221,0.98045653104782104,1.2061358690261841,-8.6297569274902344,0,0,0,0
19,90,159840,1.7916291952133179,0.30966565012931824,8.9892463684082031,108.71647644042969,129.80036926269531,7.8648104667663574,37.937515258789062,36.96783447265625,0,0.019138341769576073,0,0,-8.6249408721923828,1.3033429384231567,0.94498550891876221,0.98045653104782104,1.2061358690261841,-8.6297569274902344,0,1,0,0
19,105,160200,13.792154312133789,0.0030590002425014973,8.158564567565918,107.64972686767578,128.9266357421875,0,42.076412200927734,33.752182006835938,0,0.0078449379652738571,0,0,-1.0939517021179199,1.2915104627609253,0.94498550891876221,0.98045653104782104,1.2061358690261841,-8.6297569274902344,0,0,0,0
19,120,160560,17.636617660522461,6.8157525674905628E-05,8.1330604553222656,106.75525665283203,126.94196319580078,0,49.032356262207031,30.849044799804688,0,0.043005246669054031,0,0,-0.96004670858383179,1.2848647832870483,1.1694824695587158,0.98045653104782104,1.2061358690261841,-8.6297569274902344,0,0,0,1
19,135,160920,20.559722900390625,7.164761228750649E-08,8.0902242660522461,105.49886322021484,124.36161804199219,0,54.950122833251953,28.616958618164062,0,0.0061751245521008968,0,0,-0.9568135142326355,1.2841235399246216,0.94498550891876221,0.98045653104782104,1.2061358690261841,-8.6297569274902344,0,0,0,0
19,150,161280,22.496780395507812,0,8.0069847106933594,104.25048065185547,121.24195098876953,0,58.534046173095703,27.516977310180664,0,0.0067688398994505405,0,0,-1.0102381706237793,1.2837004661560059,0.94498550891876221,0.98045653104782104,1.2061358690261841,-8.6297569274902344,0,0,0,0
19,165,161640,22.878458023071289,2.1790388927911408E-05,7.9267597198486328,103.14732360839844,118.09369659423828,0,60.988147735595703,27.069860458374023,0,0.008393523283302784,0,0,-1.092663049697876,1.2830479145050049,0.94498550891876221,0.98045653104782104,1.2061358690261841,-8.6297569274902344,0,0,0,0
19,180,162000,22.116022109985352,4.1324907215312123E-05,7.7318086624145508,101.89708709716797,115.14213562011719,0,63.367000579833984,26.788572311401367,0,0.0027698429767042398,0,0,-1.1847546100616455,1.2823187112808228,0.94498550891876221,0.98045653104782104,1.2061358690261841,-8.6297569274902344,0,0,0,0
19,195,162360,19.934288024902344,0.0001185918299597688,7.5500149726867676,100.70862579345703,112.32229614257812,0,66.90252685546875,26.122432708740234,0,0.0018252750160172582,0,0,-1.2671793699264526,1.2816661596298218,0.94498550891876221,0.98045653104782104,1.2061358690261841,-8.6297569274902344,0,0,0,0
19,210,162720,17.375740051269531,0.00017775263404473662,7.3941664695739746,99.626197814941406,109.55582427978516,0,72.724136352539062,24.616323471069336,0,0.0039072735235095024,0,0,-1.3206040859222412,1.2812430858612061,0.94498550891876221,0.98045653104782104,1.2061358690261841,-8.6297569274902344,0,0,0,0
19,225,163080,13.724464416503906,4.6114691940601915E-05,7.238649845123291,98.620635986328125,106.94760894775391,0,80.140090942382812,22.557380676269531,0,0.0015884335152804852,0,0,-1.3475039005279541,1.2806650400161743,0.94498550891876221,0.98045653104782104,1.2061358690261841,-8.6297569274902344,0,0,0,0
19,240,163440,9.3160161972045898,5.9287536714691669E-05,7.1966485977172852,97.946640014648438,104.49324798583984,0,86.966407775878906,20.624526977539062,0,0.00067274883622303605,0,0,-1.5129261016845703,1.2757620811462402,0.94498550891876221,0.98045653104782104,1.2061358690261841,-8.6297569274902344,0,0,0,0
19,255,163800,4.5967159271240234,0.080759674310684204,7.5066871643066406,97.552543640136719,102.21603393554688,0,91.434646606445312,18.858438491821289,0,0.0046376921236515045,0,0,-1.7966793775558472,1.2673519849777222,0.94498550891876221,0.98045653104782104,1.2061358690261841,-8.6297569274902344,0,0,0,0
19,270,164160,-0.52315044403076172,0.00035927991848438978,7.327003002166748,97.799636840820312,100.14402770996094,0.00073171919211745262,92.578536987304688,17.246337890625,0,0.02684389054775238,0,0,-2.1263160705566406,1.2575819492340088,0.94498550891876221,0.98045653104782104,1.2061358690261841,-8.6297569274902344,0,0,0,0
19,285,164520,-4.6903867721557617,0.0021324777044355869,7.489098072052002,98.2645263671875,98.342422485351562,1.5654217004776001,91.110954284667969,17.207826614379883,0,0.029463980346918106,0,0,-2.4293889999389648,1.2485991716384888,0.94498550891876221,0.98045653104782104,1.2061358690261841,-8.6297569274902344,0,0,0,0
19,300,164880,-8.1127204895019531,0.010633759200572968,7.7316427230834961,98.452133178710938,97.046485900878906,7.5511651039123535,83.582725524902344,22.951486587524414,0,0.049821369349956512,0,0,-2.6334497928619385,1.2425512075424194,0.94498550891876221,0.98045653104782104,1.2061358690261841,-8.6297569274902344,0,0,0,0
19,315,165240,-10.422848701477051,0.12053173780441284,8.2822608947753906,97.675811767578125,95.112030029296875,13.718891143798828,73.8189697265625,30.288486480712891,0,0.075239360332489014,0,0,-2.6749956607818604,1.2426685094833374,0.94498550891876221,0.98045653104782104,1.2061358690261841,-8.6297569274902344,0,0,0,0
19,330,165600,-11.812564849853516,0.057785358279943466,8.3971376419067383,96.972610473632812,93.059181213378906,26.921785354614258,65.066917419433594,36.002944946289062,0,0.073586419224739075,0,0,-2.6276097297668457,1.2612929344177246,0.94498550891876221,0.98045653104782104,1.2061358690261841,-8.6297569274902344,0,0,0,0
19,345,165960,-12.26417064666748,0.081034258008003235,8.3126811981201172,96.332923889160156,91.083824157714844,47.293716430664062,57.352519989013672,40.204647064208984,0,0.082129396498203278,0,0,-2.5475969314575195,1.2927404642105103,0.94498550891876221,0.98045653104782104,1.2061358690261841,-8.6297569274902344,0,0,0,0
19,360,166320,-11.906161308288574,0.13961161673069,8.2525472640991211,95.759002685546875,89.152061462402344,68.295265197753906,50.552829742431641,43.145782470703125,0,0.12868915498256683,0,0,-2.3672983646392822,1.0481703281402588,1.0763357877731323,0.99256086349487305,1.3061221837997437,-4.2699985504150391,0,0,0,0
19,365,166440,-11.615318298339844,0.050180267542600632,8.2541866302490234,95.576667785644531,88.522071838378906,71.847160339355469,48.47039794921875,43.897216796875,0,0.013206047937273979,0,0,-2.277848482131958,0.99214953184127808,1.100659966468811,0.99480241537094116,1.3246381282806396,-3.4626359939575195,0,0,0,0
20,15,166800,-10.19499397277832,0.061379596590995789,8.2544050216674805,95.018669128417969,86.708587646484375,98.696151733398438,42.723846435546875,45.466957092285156,0,0.0086632873862981796,0,0,-2.1932010650634766,1.0634158849716187,1.0670342445373535,0.99170368909835815,1.2990416288375854,-4.5787343978881836,0,0,0,0
20,30,167160,-8.2011775970458984,0.063870750367641449,8.3250532150268555,94.442680358886719,85.012992858886719,116.27576446533203,37.670677185058594,46.224044799804688,0,0.015863830223679543,0,0,-2.1017310619354248,0.98597985506057739,1.100659966468811,0.99480241537094116,1.3246381282806396,-3.4626357555389404,0,0,0,0
20,45,167520,-5.4121341705322266,0.22856469452381134,8.2421274185180664,94.767654418945312,83.665916442871094,128.60075378417969,33.612155914306641,45.950618743896484,0,0.0070811687037348747,0,0,-1.9813910722732544,1.0016177892684937,1.100659966468811,0.99480241537094116,1.3246381282806396,-3.4626357555389404,0,0,0,0
20,60,167880,-1.9745090007781982,0.050613943487405777,8.5541410446166992,96.557861328125,83.459281921386719,134.65988159179688,31.563560485839844,43.772140502929688,0,0.0070044687017798424,0,0,-1.7949819564819336,1.0258413553237915,1.100659966468811,0.99480241537094116,1.3246381282806396,-3.4626357555389404,0,0,0,0
20,75,168240,2.3298826217651367,0.028885051608085632,10.672120094299316,110.93354034423828,104.30711364746094,71.442054748535156,31.327886581420898,40.162368774414062,0,0.0046811075881123543,0,0,-1.5778981447219849,1.0540510416030884,1.100659966468811,0.99480241537094116,1.3246381282806396,-3.4626357555389404,0,0,0,0
20,90,168600,8.388850212097168,0.0080322502180933952,9.9896965026855469,109.98754119873047,132.88545227050781,5.2766823768615723,33.295925140380859,36.670089721679688,0,0.0050083594396710396,0,0,-1.3655333518981934,1.0816473960876465,1.100659966468811,0.99480241537094116,1.3246381282806396,-3.4626357555389404,0,0,0,0
20,105,168960,12.747418403625488,0.16568389534950256,10.077302932739258,108.29741668701172,132.1456298828125,0,38.875576019287109,33.497802734375,0,0.0029918313957750797,0,0,-1.1932821273803711,1.1040310859680176,1.100659966468811,0.99480241537094116,1.3246381282806396,-3.4626357555389404,0,0,0,0
20,120,169320,16.877555847167969,2.3354125005425885E-05,9.4761810302734375,107.34176635742188,129.50892639160156,0,45.603153228759766,30.614063262939453,0,0.0016853484557941556,0,0,-1.0965381860733032,1.1166027784347534,1.100659966468811,0.99480241537094116,1.3246381282806396,-3.4626357555389404,0,0,0,0
20,135,169680,20.050830841064453,0,9.2532749176025391,106.51302337646484,126.23691558837891,0,51.706806182861328,28.252063751220703,0,0.015833841636776924,0,0,-1.1029024124145508,1.1161377429962158,1.100659966468811,0.99480241537094116,1.3246381282806396,-3.4626357555389404,0,0,0,0
20,150,170040,21.986669540405273,0,8.9401130676269531,105.71607208251953,122.847900390625,0,55.779491424560547,26.885215759277344,0,0.029969537630677223,0,0,-1.1875574588775635,1.1070530414581299,1.100659966468811,0.99480241537094116,1.3246381282806396,-3.4626357555389404,0,0,0,0
20,165,170400,22.642210006713867,0.036646828055381775,8.6999101638793945,104.80611419677734,119.46001434326172,0,58.345878601074219,26.333261489868164,0,0.026781782507896423,0,0,-1.3181650638580322,1.0930368900299072,1.100659966468811,0.99480241537094116,1.3246381282806396,-3.4626357555389404,0,0,0,0
20,180,170760,22.193910598754883,5.7308989198645577E-06,8.0879316329956055,103.74889373779297,116.17270660400391,0,60.688419342041016,26.023036956787109,0,0.051000837236642838,0,0,-1.4640902280807495,1.0773769617080688,1.100659966468811,0.99480241537094116,1.3246381282806396,-3.4626357555389404,0,0,0,0
20,195,171120,20.536848068237305,1.5712301319581456E-05,7.8534798622131348,102.62546539306641,113.01792144775391,0,63.933967590332031,25.442716598510742,0,0.05836925283074379,0,0,-1.5946977138519287,1.0633608102798462,1.100659966468811,0.99480241537094116,1.3246381282806396,-3.4626357555389404,0,0,0,0
20,210,171480,17.75157356262207,2.030359064519871E-05,7.6151633262634277,101.4000244140625,110.10039520263672,0,69.366355895996094,24.069934844970703,0,0.052470020949840546,0,0,-1.6793527603149414,1.0542761087417603,1.100659966468811,0.99480241537094116,1.3246381282806396,-3.4626357555389404,0,0,0,0
20,225,171840,14.215314865112305,0.0041951150633394718,7.469444751739502,100.38075256347656,107.46578216552734,0,76.586700439453125,22.084133148193359,0,0.071633115410804749,0,0,-1.7114039659500122,1.0523667335510254,1.100659966468811,0.99480241537094116,1.3246381282806396,-3.4626357555389404,0,0,0,0
20,240,172200,13.531304359436035,0,7.2656011581420898,99.53045654296875,105.05238342285156,0,83.402610778808594,20.189886093139648,0,0.080619379878044128,0,0,0.6296999454498291,1.0504649877548218,1.100659966468811,0.99480241537094116,1.3246381282806396,-3.4626357555389404,1,0,0,0
20,255,172560,5.6031289100646973,7.0535872964683222E-07,7.2176632881164551,98.811943054199219,102.71996307373047,0,88.906547546386719,18.459421157836914,0,0.056670527905225754,0,0,-2.1405847072601318,1.0472028255462646,1.100659966468811,0.99480241537094116,1.3246381282806396,-3.4626357555389404,0,0,0,0
20,270,172920,0.21621325612068176,7.7811229857616127E-05,7.2425055503845215,98.553138732910156,100.60524749755859,0.00015392804925795645,90.469352722167969,16.87641716003418,0,0.072226688265800476,0,0,-2.4555480480194092,1.0434130430221558,1.100659966468811,0.99480241537094116,1.3246381282806396,-3.4626357555389404,0,0,0,0
20,285,173280,-4.1420927047729492,0.026157544925808907,7.3645768165588379,98.387138366699219,98.736190795898438,1.9055215120315552,89.681495666503906,16.241735458374023,0,0.06356550008058548,0,0,-2.7451298236846924,1.0399287939071655,1.100659966468811,0.99480241537094116,1.3246381282806396,-3.4626357555389404,0,0,0,0
20,300,173640,-7.5731453895568848,0.0043098079040646553,7.5197820663452148,98.730964660644531,97.242424011230469,3.1399037837982178,83.203018188476562,21.0762939453125,0,0.033383101224899292,0,0,-2.9401071071624756,1.0375828742980957,1.100659966468811,0.99480241537094116,1.3246381282806396,-3.4626357555389404,0,0,0,0
20,315,174000,-10.136019706726074,0.016373999416828156,8.0347061157226562,98.166648864746094,95.318649291992188,9.5263643264770508,73.636444091796875,28.392391204833984,0,0.02970653772354126,0,0,-2.9724493026733398,1.0363686084747314,1.100659966468811,0.99480241537094116,1.3246381282806396,-3.4626357555389404,0,0,0,0
20,330,174360,-14.262928009033203,0.030204052105545998,8.2349700927734375,97.573089599609375,93.143257141113281,25.593158721923828,64.90936279296875,34.243389129638672,0,0.032307352870702744,0,0,-6.2628879547119141,1.0275086164474487,1.100659966468811,0.99480241537094116,1.3246381282806396,-3.4626357555389404,0,1,0,0
20,345,174720,-12.234918594360352,0.067918486893177032,8.147191047668457,97.031440734863281,91.086479187011719,39.105777740478516,57.216312408447266,38.597293853759766,0,0.016857683658599854,0,0,-2.5982773303985596,1.0125483274459839,1.100659966468811,0.99480241537094116,1.3246381282806396,-3.4626357555389404,0,0,0,0
20,360,175080,-11.067506790161133,0.049821041524410248,8.1176815032958984,96.468307495117188,89.157966613769531,51.353858947753906,50.435085296630859,41.692920684814453,0,0.020423077046871185,0,0,-1.4810614585876465,1.1330415010452271,1.2909058332443237,1.002646803855896,1.0332366228103638,-1.0869326591491699,0,0,0,0
20,365,175200,-10.769516944885254,0.091550692915916443,8.1199264526367188,96.272193908691406,88.547195434570312,58.969696044921875,48.358238220214844,42.479473114013672,0,0.032910201698541641,0,0,-1.320220947265625,1.1679407358169556,1.326136589050293,1.0040994882583618,0.97927337884902954,-0.6469876766204834,0,0,0,0
