day,year,day_of_year,x,y,distance_km,water_l,snow_l,wet_organic_kg,dry_organic_kg,organic_nitrogen_kg,structural_nitrogen_kg,electricity_kwh,heat_kwh,mass_kg,water_deficit_hours,organic_deficit_hours,thermal_deficit_hours,niche_count,mode,hibernation_reason,hibernation_hours,max_ledger_error,actions
1,1,1,12,11,1.25,2710.391113,0,220,886.342163,15.66257,178.902908,261.025482,0.041562,19997.232422,0,0,0,4,Active,None,0,0.001953,"capture dust|burn dry organic matter|power intake and harvest|heat caravan|reject heat|move|movement water loss|movement organic maintenance|maintain caravan water circuit|maintain living structure|circulate organic nitrogen|maintain electrical systems|grow Парус|grow Солнечный лист|grow Резервуар|grow Органическое хранилище|grow Каркас"
2,1,2,12,11,2.25,2624.943848,0,220,713.771667,13.199439,178.924484,279.256866,0.041098,19757.214844,0,0,0,4,Active,None,0,0.001953,"capture dust|burn dry organic matter|power intake and harvest|heat caravan|reject heat|move|movement water loss|movement organic maintenance|maintain caravan water circuit|maintain living structure|circulate organic nitrogen|maintain electrical systems|grow Парус|grow Солнечный лист|grow Резервуар|grow Органическое хранилище|grow Каркас"
3,1,3,12,14,4.151388,2543.581055,0,220,541.359253,10.742562,178.946091,279.512695,0,19521.162109,0,0,0,4,Active,None,0,0.001953,"capture dust|burn dry organic matter|power intake and harvest|heat caravan|reject heat|maintain caravan water circuit|maintain living structure|circulate organic nitrogen|maintain electrical systems|grow Парус|grow Солнечный лист|grow Резервуар|grow Органическое хранилище|grow Каркас"
4,1,4,12,13,4.401388,2465.843262,0,220,470.973419,9.533159,178.967728,279.537018,0,19325.421875,0,0,0,4,Active,None,0,0.001953,"burn dry organic matter|heat caravan|reject heat|maintain caravan water circuit|maintain living structure|circulate organic nitrogen|maintain electrical systems|grow Парус|grow Солнечный лист|grow Резервуар|grow Органическое хранилище|grow Каркас"
5,1,5,7,5,7.518292,2383.835693,0,220,503.115021,9.626676,178.989365,277.455414,0,19274.355469,0,0,0,4,Active,None,0,0.001953,"harvest dry biomass|burn dry organic matter|power intake and harvest|heat caravan|reject heat|move|movement water loss|movement organic maintenance|maintain caravan water circuit|maintain living structure|circulate organic nitrogen|maintain electrical systems|grow Сборщик сухой массы|grow Органическое хранилище|grow Биореактор / топка"
6,1,6,5,6,9.268292,2304.000244,0,220,433.415344,8.560962,179.011002,279.536804,0,19124.417969,0,0,0,4,Active,None,0,0.001953,"burn dry organic matter|heat caravan|reject heat|maintain caravan water circuit|maintain living structure|circulate organic nitrogen|maintain electrical systems|grow Парус|grow Солнечный лист|grow Резервуар|grow Органическое хранилище|grow Каркас"
7,1,7,5,5,11.989881,2223.772461,0,220,465.925873,8.776482,179.032608,279.537231,0,19076.699219,0,0,0,4,Active,None,0,0.001953,"burn dry organic matter|heat caravan|reject heat|maintain caravan water circuit|maintain living structure|circulate organic nitrogen|maintain electrical systems|grow Парус|grow Солнечный лист|grow Резервуар|grow Органическое хранилище|grow Каркас"
8,1,8,6,3,14.109558,2140.960205,0,220,498.371246,9.02599,179.054214,277.264404,0.030559,19026.332031,0,0,0,4,Active,None,0,0.001953,"harvest dry biomass|burn dry organic matter|power intake and harvest|heat caravan|reject heat|move|movement water loss|movement organic maintenance|maintain caravan water circuit|maintain living structure|circulate organic nitrogen|maintain electrical systems|grow Сборщик сухой массы|grow Органическое хранилище|grow Биореактор / топка"
9,1,9,6,5,16.41625,2052.743164,0,220,428.952271,8.084896,179.07579,279.514038,0,18877.273438,0,0,0,4,Active,None,0,0.001953,"capture dust|burn dry organic matter|power intake and harvest|heat caravan|reject heat|maintain caravan water circuit|maintain living structure|circulate organic nitrogen|maintain electrical systems|grow Парус|grow Солнечный лист|grow Резервуар|grow Органическое хранилище|grow Каркас"
10,1,10,5,6,19.285929,1961.301636,0,220,461.776825,8.394974,179.097412,279.269562,0.03918,18836.402344,0,0,0,4,Active,None,0,0.001953,"capture dust|burn dry organic matter|power intake and harvest|heat caravan|reject heat|move|movement water loss|movement organic maintenance|maintain caravan water circuit|maintain living structure|circulate organic nitrogen|maintain electrical systems|grow Парус|grow Солнечный лист|grow Резервуар|grow Органическое хранилище|grow Каркас"
11,1,11,5,6,21.802053,1868.502441,0,220,494.713745,8.724934,179.118988,277.453186,0.32968,18792.138672,0,0,0,4,Active,None,0,0.001953,"capture dust|burn dry organic matter|power intake and harvest|heat caravan|reject heat|move|movement water loss|movement organic maintenance|maintain caravan water circuit|maintain living structure|circulate organic nitrogen|maintain electrical systems|grow Парус|grow Солнечный лист|grow Резервуар|grow Органическое хранилище|grow Каркас"
12,1,12,5,6,23.464624,1777.861206,0,220,425.673035,7.844515,179.140594,279.514465,0,18595.035156,0,0,0,4,Active,None,0,0.001953,"capture dust|burn dry organic matter|power intake and harvest|heat caravan|reject heat|maintain caravan water circuit|maintain living structure|circulate organic nitrogen|maintain electrical systems|grow Парус|grow Солнечный лист|grow Резервуар|grow Органическое хранилище|grow Каркас"
13,1,13,5,6,26.124872,1685.171265,0,220,458.898956,8.203155,179.162247,279.538574,0,18548.769531,0,0,0,4,Active,None,0,0.001953,"burn dry organic matter|heat caravan|reject heat|maintain caravan water circuit|maintain living structure|circulate organic nitrogen|maintain electrical systems|grow Парус|grow Солнечный лист|grow Резервуар|grow Органическое хранилище|grow Каркас"
14,1,14,7,5,28.228426,1591.443726,0,220,492.199341,8.571165,179.183868,279.241699,0.043645,18506.044922,0,0,0,4,Active,None,0,0.001953,"capture dust|burn dry organic matter|power intake and harvest|heat caravan|reject heat|move|movement water loss|movement organic maintenance|maintain caravan water circuit|maintain living structure|circulate organic nitrogen|maintain electrical systems|grow Парус|grow Солнечный лист|grow Резервуар|grow Органическое хранилище|grow Каркас"
15,1,15,12,16,33.81451,2331.682861,0,220,526.062439,8.952575,179.205475,277.429443,0,19246.996094,0,0,0,4,Active,None,0,0.001953,"harvest dry biomass|capture dust|burn dry organic matter|power intake and harvest|heat caravan|reject heat|move|movement water loss|movement organic maintenance|maintain caravan water circuit|maintain living structure|circulate organic nitrogen|maintain electrical systems|grow Сборщик сухой массы|grow Органическое хранилище|grow Биореактор / топка"
16,1,16,11,16,35.06451,2246.158447,0,220,456.347351,8.09656,179.227036,279.513763,0,19109.757813,0,0,0,4,Active,None,0,0.001953,"capture dust|burn dry organic matter|power intake and harvest|heat caravan|reject heat|maintain caravan water circuit|maintain living structure|circulate organic nitrogen|maintain electrical systems|grow Парус|grow Солнечный лист|grow Резервуар|grow Органическое хранилище|grow Каркас"
17,1,17,13,11,40.173035,2159.14502,0,220,489.254333,8.476207,179.248627,277.302856,0.353684,19073.650391,0,0,0,4,Active,None,0,0.001953,"capture dust|burn dry organic matter|power intake and harvest|heat caravan|reject heat|move|movement water loss|movement organic maintenance|maintain caravan water circuit|maintain living structure|circulate organic nitrogen|maintain electrical systems|grow Парус|grow Солнечный лист|grow Резервуар|grow Органическое хранилище|grow Каркас"
18,1,18,13,11,43.001465,2074.968506,0,220,484.205811,8.40376,179.270172,278.492554,0.167158,18995.050781,0,0,0,4,Active,None,0,0.001953,"burn dry organic matter|heat caravan|reject heat|move|movement water loss|movement organic maintenance|maintain caravan water circuit|maintain living structure|circulate organic nitrogen|maintain electrical systems|grow Парус|grow Солнечный лист|grow Резервуар|grow Органическое хранилище|grow Каркас"
19,1,19,10,10,44.810482,1993.106812,0,220,479.890808,8.342793,179.291748,278.066559,0.031199,18860,0,0,0,4,Active,None,0,0.001953,"harvest dry biomass|burn dry organic matter|power intake and harvest|heat caravan|reject heat|move|movement water loss|movement organic maintenance|maintain caravan water circuit|maintain living structure|circulate organic nitrogen|maintain electrical systems|grow Сборщик сухой массы|grow Органическое хранилище|grow Биореактор / топка"
20,1,20,13,8,47.469086,1911.332642,0,220,416.957733,7.580617,179.313354,279.494415,0,18715.291016,0,0,0,4,Active,None,0,0.001953,"harvest dry biomass|burn dry organic matter|power intake and harvest|heat caravan|reject heat|move|movement water loss|movement organic maintenance|maintain caravan water circuit|maintain living structure|circulate organic nitrogen|maintain electrical systems|grow Сборщик сухой массы|grow Органическое хранилище|grow Биореактор / топка"
21,1,21,13,11,49.800224,1829.461548,0,220,453.113251,8.008781,179.334961,279.53772,0,18669.576172,0,0,0,4,Active,None,0,0.001953,"burn dry organic matter|heat caravan|reject heat|maintain caravan water circuit|maintain living structure|circulate organic nitrogen|maintain electrical systems|grow Парус|grow Солнечный лист|grow Резервуар|grow Органическое хранилище|grow Каркас"
22,1,22,13,11,53.202583,1746.404785,0,220,490.958191,8.458185,179.356552,278.161682,0.220092,18624.365234,0,0,0,4,Active,None,0,0.001953,"burn dry organic matter|heat caravan|reject heat|move|movement water loss|movement organic maintenance|maintain caravan water circuit|maintain living structure|circulate organic nitrogen|maintain electrical systems|grow Парус|grow Солнечный лист|grow Резервуар|grow Органическое хранилище|grow Каркас"
23,1,23,11,9,55.30217,1661.928345,0,220,438.505859,7.825315,179.378159,278.560333,0.112646,18487.435547,0,0,0,4,Active,None,0,0.001953,"harvest dry biomass|burn dry organic matter|power intake and harvest|heat caravan|reject heat|move|movement water loss|movement organic maintenance|maintain caravan water circuit|maintain living structure|circulate organic nitrogen|maintain electrical systems|grow Сборщик сухой массы|grow Органическое хранилище|grow Биореактор / топка"
24,1,24,13,11,57.590416,1573.122314,0,220,477.287384,8.287442,179.39975,279.514313,0,18450.523438,0,0,0,4,Active,None,0,0.001953,"capture dust|burn dry organic matter|power intake and harvest|heat caravan|reject heat|maintain caravan water circuit|maintain living structure|circulate organic nitrogen|maintain electrical systems|grow Парус|grow Солнечный лист|grow Резервуар|grow Органическое хранилище|grow Каркас"
25,1,25,13,7,62.428211,2320.770264,0,220,515.833374,8.747772,179.421341,277.421326,0,19249.804688,0,0,0,4,Active,None,0,0.001953,"harvest dry biomass|capture dust|burn dry organic matter|power intake and harvest|heat caravan|reject heat|maintain caravan water circuit|maintain living structure|circulate organic nitrogen|maintain electrical systems|grow Сборщик сухой массы|grow Органическое хранилище|grow Биореактор / топка"
26,1,26,13,11,65.511765,2228.452393,0,220,449.185425,7.946336,179.442947,279.514496,0,19108.839844,0,0,0,4,Active,None,0,0.001953,"capture dust|burn dry organic matter|power intake and harvest|heat caravan|reject heat|maintain caravan water circuit|maintain living structure|circulate organic nitrogen|maintain electrical systems|grow Парус|grow Солнечный лист|grow Резервуар|grow Органическое хранилище|grow Каркас"
27,1,27,13,11,69.117325,2132.060791,0,220,487.755249,8.407806,179.464493,279.514252,0,19018.068359,0,0,0,4,Active,None,0,0.001953,"capture dust|burn dry organic matter|power intake and harvest|heat caravan|reject heat|move|movement water loss|movement organic maintenance|maintain caravan water circuit|maintain living structure|circulate organic nitrogen|maintain electrical systems|grow Парус|grow Солнечный лист|grow Резервуар|grow Органическое хранилище|grow Каркас"
28,1,28,7,14,71.676338,2038.315186,0,220,484.104065,8.363104,179.486084,277.036011,0.192376,18938.669922,0,0,0,4,Active,None,0,0.001953,"harvest dry biomass|capture dust|burn dry organic matter|power intake and harvest|heat caravan|reject heat|move|movement water loss|movement organic maintenance|maintain caravan water circuit|maintain living structure|circulate organic nitrogen|maintain electrical systems|grow Сборщик сухой массы|grow Органическое хранилище|grow Биореактор / топка"
29,1,29,14,7,76.445717,1946.871216,0,220,523.702332,8.837467,179.507584,277.417419,0,18904.824219,0,0,0,4,Active,None,0,0.001953,"harvest dry biomass|capture dust|burn dry organic matter|power intake and harvest|heat caravan|reject heat|maintain caravan water circuit|maintain living structure|circulate organic nitrogen|maintain electrical systems|grow Сборщик сухой массы|grow Органическое хранилище|grow Биореактор / топка"
30,1,30,13,11,79.712563,1859.267456,0,220,457.868256,8.046516,179.529251,279.513947,0,18717.636719,0,0,0,4,Active,None,0,0.001953,"capture dust|burn dry organic matter|power intake and harvest|heat caravan|reject heat|maintain caravan water circuit|maintain living structure|circulate organic nitrogen|maintain electrical systems|grow Парус|grow Солнечный лист|grow Резервуар|grow Органическое хранилище|grow Каркас"
31,1,31,13,11,84.076897,1772.29895,0,220,455.199677,8.013747,179.550888,279.513977,0,18646,0,0,0,4,Active,None,0,0.001953,"capture dust|burn dry organic matter|power intake and harvest|heat caravan|reject heat|move|movement water loss|movement organic maintenance|maintain caravan water circuit|maintain living structure|circulate organic nitrogen|maintain electrical systems|grow Парус|grow Солнечный лист|grow Резервуар|grow Органическое хранилище|grow Каркас"
32,1,32,13,11,89.737099,1682.039795,0,220,483.710785,8.356222,179.572571,279.514008,0,18602.253906,0,0,0,4,Active,None,0,0.001953,"capture dust|burn dry organic matter|power intake and harvest|heat caravan|reject heat|move|movement water loss|movement organic maintenance|maintain caravan water circuit|maintain living structure|circulate organic nitrogen|maintain electrical systems|grow Парус|grow Солнечный лист|grow Резервуар|grow Органическое хранилище|grow Каркас"
33,1,33,17,11,96.877159,1592.293213,0,220,514.379639,8.724693,179.594284,277.414093,0,18507.179688,0,0,0,4,Active,None,0,0.001953,"harvest dry biomass|capture dust|burn dry organic matter|power intake and harvest|heat caravan|reject heat|maintain caravan water circuit|maintain living structure|circulate organic nitrogen|maintain electrical systems|grow Сборщик сухой массы|grow Органическое хранилище|grow Биореактор / топка"
34,1,34,13,11,103.829651,2338.259521,0,220,450.294342,7.954962,179.615936,277.460388,0.332279,19194.763672,0,0,0,4,Active,None,0,0.001953,"burn dry organic matter|heat caravan|reject heat|move|movement water loss|movement organic maintenance|maintain caravan water circuit|maintain living structure|circulate organic nitrogen|maintain electrical systems|grow Парус|grow Солнечный лист|grow Резервуар|grow Органическое хранилище|grow Каркас"
35,1,35,12,11,107.6119,2254.50708,0,220,490.228638,8.433624,179.637573,275.046692,0.71842,19156.220703,0,0,0,4,Active,None,0,0.001953,"burn dry organic matter|heat caravan|reject heat|move|movement water loss|movement organic maintenance|maintain caravan water circuit|maintain living structure|circulate organic nitrogen|maintain electrical systems|grow Парус|grow Солнечный лист|grow Резервуар|grow Органическое хранилище|grow Каркас"
36,1,36,13,8,111.304482,2170.715088,0,220,530.186462,8.9123,179.65921,277.43515,0,19111.185547,0,0,0,4,Active,None,0,0.001953,"harvest dry biomass|burn dry organic matter|power intake and harvest|heat caravan|reject heat|maintain caravan water circuit|maintain living structure|circulate organic nitrogen|maintain electrical systems|grow Сборщик сухой массы|grow Органическое хранилище|grow Биореактор / топка"
37,1,37,12,11,115.358513,2079.600586,0,220,466.086273,8.14242,179.680771,279.304871,0.033501,18959.574219,0,0,0,4,Active,None,0,0.001953,"capture dust|burn dry organic matter|power intake and harvest|heat caravan|reject heat|move|movement water loss|movement organic maintenance|maintain caravan water circuit|maintain living structure|circulate organic nitrogen|maintain electrical systems|grow Парус|grow Солнечный лист|grow Резервуар|grow Органическое хранилище|grow Каркас"
38,1,38,10,10,117.917526,1992.231689,0,220,442.767456,7.862455,179.702469,278.756622,0.116114,18866.898438,0,0,0,4,Active,None,0,0.001953,"harvest dry biomass|capture dust|burn dry organic matter|power intake and harvest|heat caravan|reject heat|move|movement water loss|movement organic maintenance|maintain caravan water circuit|maintain living structure|circulate organic nitrogen|maintain electrical systems|grow Сборщик сухой массы|grow Органическое хранилище|grow Биореактор / топка"
39,1,39,12,11,120.27932,1906.151855,0,220,481.631714,8.328297,179.724152,279.513794,0,18786.044922,0,0,0,4,Active,None,0,0.001953,"capture dust|burn dry organic matter|power intake and harvest|heat caravan|reject heat|maintain caravan water circuit|maintain living structure|circulate organic nitrogen|maintain electrical systems|grow Парус|grow Солнечный лист|grow Резервуар|grow Органическое хранилище|grow Каркас"
40,1,40,16,7,123.360466,1815.973511,0,220,527.74115,8.881318,179.74585,277.407196,0,18759.984375,0,0,0,4,Active,None,0,0.001953,"harvest dry biomass|capture dust|burn dry organic matter|power intake and harvest|heat caravan|reject heat|maintain caravan water circuit|maintain living structure|circulate organic nitrogen|maintain electrical systems|grow Сборщик сухой массы|grow Органическое хранилище|grow Биореактор / топка"
41,1,41,13,11,126.822517,1720.695557,0,220,463.680817,8.112319,179.767548,279.514587,0,18618.658203,0,0,0,4,Active,None,0,0.001953,"capture dust|burn dry organic matter|power intake and harvest|heat caravan|reject heat|maintain caravan water circuit|maintain living structure|circulate organic nitrogen|maintain electrical systems|grow Парус|grow Солнечный лист|grow Резервуар|grow Органическое хранилище|grow Каркас"
42,1,42,13,11,131.921524,1624.13855,0,220,504.32074,8.599724,179.7892,273.589203,0.947809,18528.96875,0,0,0,4,Active,None,0,0.001953,"capture dust|burn dry organic matter|power intake and harvest|heat caravan|reject heat|move|movement water loss|movement organic maintenance|maintain caravan water circuit|maintain living structure|circulate organic nitrogen|maintain electrical systems|grow Парус|grow Солнечный лист|grow Резервуар|grow Органическое хранилище|grow Каркас"
43,1,43,18,11,137.847717,2369.777832,0,220,441.764923,7.849526,179.810791,279.461945,0,19230.066406,0,0,0,4,Active,None,0,0.001953,"harvest dry biomass|capture dust|burn dry organic matter|power intake and harvest|heat caravan|reject heat|move|movement water loss|movement organic maintenance|maintain caravan water circuit|maintain living structure|circulate organic nitrogen|maintain electrical systems|grow Сборщик сухой массы|grow Органическое хранилище|grow Биореактор / топка"
44,1,44,13,11,141.597717,2278.947754,0,220,492.365356,8.456133,179.832474,279.512299,0,19228.853516,0,0,0,4,Active,None,0,0.001953,"capture dust|burn dry organic matter|power intake and harvest|heat caravan|reject heat|maintain caravan water circuit|maintain living structure|circulate organic nitrogen|maintain electrical systems|grow Парус|grow Солнечный лист|grow Резервуар|grow Органическое хранилище|grow Каркас"
45,1,45,12,7,144.931259,2191.087402,0,220,534.537781,8.961671,179.854218,277.400085,0,19149.392578,0,0,0,4,Active,None,0,0.001953,"harvest dry biomass|capture dust|burn dry organic matter|power intake and harvest|heat caravan|reject heat|maintain caravan water circuit|maintain living structure|circulate organic nitrogen|maintain electrical systems|grow Сборщик сухой массы|grow Органическое хранилище|grow Биореактор / топка"
46,1,46,13,11,147.552979,2105.29126,0,220,471.946106,8.227519,179.85672,279.071228,0,19069.658203,0,0,0,4,Active,None,0,0.001953,"capture dust|collect chitin|burn dry organic matter|power intake and harvest|heat caravan|reject heat|maintain caravan water circuit|maintain living structure|circulate organic nitrogen|maintain electrical systems|grow Ростовая ткань|grow Каркас|atrophy Парус|atrophy Солнечный лист|atrophy Водозабор|atrophy Снегосборник|atrophy Жатка живой массы|atrophy Сушильный орган|atrophy Электромотор|atrophy Тепловой орган"
47,1,47,12,11,152.702667,2018.249634,0,220,470.907776,8.228128,179.85965,279.501709,0,19020.867188,0,0,0,4,Active,None,0,0.001953,"capture dust|burn dry organic matter|power intake and harvest|heat caravan|reject heat|maintain caravan water circuit|maintain living structure|circulate organic nitrogen|maintain electrical systems|grow Парус|grow Солнечный лист|grow Резервуар|grow Органическое хранилище|grow Каркас|atrophy Парус|atrophy Солнечный лист|atrophy Водозабор|atrophy Снегосборник|atrophy Жатка живой массы|atrophy Сушильный орган|atrophy Электромотор|atrophy Тепловой орган"
48,1,48,13,11,156.255432,1935.425049,0,219.997192,521.748596,8.848021,179.862991,279.075195,0.072067,18946.132813,0,0,0,4,Active,None,0,0.001953,"burn dry organic matter|heat caravan|reject heat|spoil wet organic matter|move|movement water loss|movement organic maintenance|maintain caravan water circuit|maintain living structure|circulate organic nitrogen|maintain electrical systems|grow Парус|grow Солнечный лист|grow Резервуар|grow Органическое хранилище|grow Каркас|atrophy Парус|atrophy Солнечный лист|atrophy Водозабор|atrophy Снегосборник|atrophy Жатка живой массы|atrophy Сушильный орган|atrophy Электромотор|atrophy Тепловой орган"
49,1,49,17,7,160.225174,1853.239136,0,219.996307,459.69043,8.111218,179.866425,279.160797,0.052613,18809.390625,0,0,0,4,Active,None,0,0.001953,"harvest dry biomass|capture dust|burn dry organic matter|power intake and harvest|heat caravan|reject heat|spoil wet organic matter|move|movement water loss|movement organic maintenance|maintain caravan water circuit|maintain living structure|circulate organic nitrogen|maintain electrical systems|grow Сборщик сухой массы|grow Органическое хранилище|grow Биореактор / топка|atrophy Парус|atrophy Солнечный лист|atrophy Водозабор|atrophy Снегосборник|atrophy Жатка живой массы|atrophy Сушильный орган|atrophy Электромотор|atrophy Тепловой орган"
50,1,50,13,11,163.700943,1770.229126,0,219.993851,500.978729,8.612607,179.869965,279.52594,0,18768.597656,0,0,0,4,Active,None,0,0.001953,"burn dry organic matter|heat caravan|reject heat|spoil wet organic matter|maintain caravan water circuit|maintain living structure|circulate organic nitrogen|maintain electrical systems|grow Парус|grow Солнечный лист|grow Резервуар|grow Органическое хранилище|grow Каркас|atrophy Парус|atrophy Солнечный лист|atrophy Водозабор|atrophy Снегосборник|atrophy Жатка живой массы|atrophy Сушильный орган|atrophy Электромотор|atrophy Тепловой орган"
51,1,51,19,8,167.877991,1684.213745,0,219.986374,543.997986,9.133528,179.87355,277.408356,0,18724.117188,0,0,0,4,Active,None,0,0.001953,"harvest dry biomass|burn dry organic matter|power intake and harvest|heat caravan|reject heat|spoil wet organic matter|maintain caravan water circuit|maintain living structure|circulate organic nitrogen|maintain electrical systems|grow Сборщик сухой массы|grow Органическое хранилище|grow Биореактор / топка|atrophy Парус|atrophy Солнечный лист|atrophy Водозабор|atrophy Снегосборник|atrophy Жатка живой массы|atrophy Сушильный орган|atrophy Электромотор|atrophy Тепловой орган"
52,1,52,0,8,176.05275,1596.030029,0,219.979843,481.90152,8.392078,179.877106,276.730042,0.447406,18572.353516,0,0,0,4,Active,None,0,0.001953,"burn dry organic matter|heat caravan|reject heat|spoil wet organic matter|move|movement water loss|movement organic maintenance|maintain caravan water circuit|maintain living structure|circulate organic nitrogen|maintain electrical systems|grow Водозабор|grow Резервуар|grow Тепловой орган|atrophy Парус|atrophy Солнечный лист|atrophy Водозабор|atrophy Снегосборник|atrophy Жатка живой массы|atrophy Сушильный орган|atrophy Электромотор|atrophy Тепловой орган"
53,1,53,12,11,181.206635,2340.675049,0,219.925064,533.519348,9.013759,179.880676,279.502472,0,19379.013672,0,0,0,4,Active,None,0,0.001953,"capture dust|burn dry organic matter|power intake and harvest|heat caravan|reject heat|spoil wet organic matter|move|movement water loss|movement organic maintenance|maintain caravan water circuit|maintain living structure|circulate organic nitrogen|maintain electrical systems|grow Парус|grow Солнечный лист|grow Резервуар|grow Органическое хранилище|grow Каркас|atrophy Парус|atrophy Солнечный лист|atrophy Водозабор|atrophy Снегосборник|atrophy Жатка живой массы|atrophy Сушильный орган|atrophy Электромотор|atrophy Тепловой орган"
54,1,54,12,11,183.442688,2251.763672,0,219.910645,472.353119,8.282021,179.884262,279.502472,0,19246.644531,0,0,0,4,Active,None,0,0.001953,"capture dust|burn dry organic matter|power intake and harvest|heat caravan|reject heat|spoil wet organic matter|maintain caravan water circuit|maintain living structure|circulate organic nitrogen|maintain electrical systems|grow Парус|grow Солнечный лист|grow Резервуар|grow Органическое хранилище|grow Каркас|atrophy Парус|atrophy Солнечный лист|atrophy Водозабор|atrophy Снегосборник|atrophy Жатка живой массы|atrophy Сушильный орган|atrophy Электромотор|atrophy Тепловой орган"
55,1,55,13,11,187.168457,2158.475342,0,219.889038,517.19696,8.821756,179.887878,277.348907,0.344512,19164.884766,0,0,0,4,Active,None,0,0.001953,"capture dust|burn dry organic matter|power intake and harvest|heat caravan|reject heat|spoil wet organic matter|move|movement water loss|movement organic maintenance|maintain caravan water circuit|maintain living structure|circulate organic nitrogen|maintain electrical systems|grow Парус|grow Солнечный лист|grow Резервуар|grow Органическое хранилище|grow Каркас|atrophy Парус|atrophy Солнечный лист|atrophy Водозабор|atrophy Снегосборник|atrophy Жатка живой массы|atrophy Сушильный орган|atrophy Электромотор|atrophy Тепловой орган"
56,1,56,16,10,189.761795,2063.710938,0,219.870682,456.352051,8.092887,179.891434,279.499603,0,19026.974609,0,0,0,4,Active,None,0,0.001953,"harvest dry biomass|capture dust|burn dry organic matter|power intake and harvest|heat caravan|reject heat|spoil wet organic matter|move|movement water loss|movement organic maintenance|maintain caravan water circuit|maintain living structure|circulate organic nitrogen|maintain electrical systems|grow Сборщик сухой массы|grow Органическое хранилище|grow Биореактор / топка|atrophy Парус|atrophy Солнечный лист|atrophy Водозабор|atrophy Снегосборник|atrophy Жатка живой массы|atrophy Сушильный орган|atrophy Электромотор|atrophy Тепловой орган"
57,1,57,12,11,193.654205,1971.635742,0,219.847473,498.802612,8.603082,179.895081,279.502411,0,18995.035156,0,0,0,4,Active,None,0,0.001953,"capture dust|burn dry organic matter|power intake and harvest|heat caravan|reject heat|spoil wet organic matter|maintain caravan water circuit|maintain living structure|circulate organic nitrogen|maintain electrical systems|grow Парус|grow Солнечный лист|grow Резервуар|grow Органическое хранилище|grow Каркас|atrophy Парус|atrophy Солнечный лист|atrophy Водозабор|atrophy Снегосборник|atrophy Жатка живой массы|atrophy Сушильный орган|atrophy Электромотор|atrophy Тепловой орган"
58,1,58,9,10,197.137375,1882.916626,0,219.803543,545.761292,9.166878,179.898804,277.378326,0,18919.125,0,0,0,4,Active,None,0,0.001953,"harvest dry biomass|capture dust|burn dry organic matter|power intake and harvest|heat caravan|reject heat|spoil wet organic matter|maintain caravan water circuit|maintain living structure|circulate organic nitrogen|maintain electrical systems|grow Сборщик сухой массы|grow Органическое хранилище|grow Биореактор / топка|atrophy Парус|atrophy Солнечный лист|atrophy Водозабор|atrophy Снегосборник|atrophy Жатка живой массы|atrophy Сушильный орган|atrophy Электромотор|atrophy Тепловой орган"
59,1,59,13,11,199.177948,1794.436401,0,219.747253,486.230164,8.452408,179.902527,279.502472,0,18788.71875,0,0,0,4,Active,None,0,0.001953,"capture dust|burn dry organic matter|power intake and harvest|heat caravan|reject heat|spoil wet organic matter|move|movement water loss|movement organic maintenance|maintain caravan water circuit|maintain living structure|circulate organic nitrogen|maintain electrical systems|grow Парус|grow Солнечный лист|grow Резервуар|grow Органическое хранилище|grow Каркас|atrophy Парус|atrophy Солнечный лист|atrophy Водозабор|atrophy Снегосборник|atrophy Жатка живой массы|atrophy Сушильный орган|atrophy Электромотор|atrophy Тепловой орган"
60,1,60,13,11,205.260712,1701.792358,0,219.692505,531.024475,8.989676,179.906235,276.441437,0.49354,18753.671875,0,0,0,4,Active,None,0,0.001953,"burn dry organic matter|heat caravan|reject heat|spoil wet organic matter|move|movement water loss|movement organic maintenance|maintain caravan water circuit|maintain living structure|circulate organic nitrogen|maintain electrical systems|grow Парус|grow Солнечный лист|grow Резервуар|grow Органическое хранилище|grow Каркас|atrophy Парус|atrophy Солнечный лист|atrophy Водозабор|atrophy Снегосборник|atrophy Жатка живой массы|atrophy Сушильный орган|atrophy Электромотор|atrophy Тепловой орган"
61,1,61,8,23,210.649506,1614.319702,0,219.619995,472.205505,8.283239,179.910019,279.502533,0,18573.455078,0,0,0,4,Active,None,0,0.001953,"capture dust|burn dry organic matter|power intake and harvest|heat caravan|reject heat|spoil wet organic matter|move|movement water loss|movement organic maintenance|maintain caravan water circuit|maintain living structure|circulate organic nitrogen|maintain electrical systems|grow Водозабор|grow Резервуар|grow Тепловой орган|atrophy Парус|atrophy Солнечный лист|atrophy Водозабор|atrophy Снегосборник|atrophy Жатка живой массы|atrophy Сушильный орган|atrophy Электромотор|atrophy Тепловой орган"
62,1,62,7,14,215.126083,2357.791016,0,219.512909,474.827179,8.313581,179.91394,279.523682,0,19317.808594,0,0,0,4,Active,None,0,0.001953,"harvest dry biomass|burn dry organic matter|power intake and harvest|heat caravan|reject heat|spoil wet organic matter|move|movement water loss|movement organic maintenance|maintain caravan water circuit|maintain living structure|circulate organic nitrogen|maintain electrical systems|grow Сборщик сухой массы|grow Органическое хранилище|grow Биореактор / топка|atrophy Парус|atrophy Солнечный лист|atrophy Водозабор|atrophy Снегосборник|atrophy Жатка живой массы|atrophy Сушильный орган|atrophy Электромотор|atrophy Тепловой орган"
63,1,63,6,12,216.685104,2274.023682,0,219.429001,518.773987,8.839958,179.917892,279.526215,0,19276.308594,0,0,0,4,Active,None,0,0.001953,"burn dry organic matter|heat caravan|reject heat|spoil wet organic matter|maintain caravan water circuit|maintain living structure|circulate organic nitrogen|maintain electrical systems|grow Парус|grow Солнечный лист|grow Резервуар|grow Органическое хранилище|grow Каркас|atrophy Парус|atrophy Солнечный лист|atrophy Водозабор|atrophy Снегосборник|atrophy Жатка живой массы|atrophy Сушильный орган|atrophy Электромотор|atrophy Тепловой орган"
64,1,64,4,11,218.244125,2190.855469,0,219.338486,563.238831,9.372504,179.921814,277.396088,0,19235.904297,0,0,0,4,Active,None,0,0.001953,"harvest dry biomass|burn dry organic matter|power intake and harvest|heat caravan|reject heat|spoil wet organic matter|maintain caravan water circuit|maintain living structure|circulate organic nitrogen|maintain electrical systems|grow Сборщик сухой массы|grow Органическое хранилище|grow Биореактор / топка|atrophy Парус|atrophy Солнечный лист|atrophy Водозабор|atrophy Снегосборник|atrophy Жатка живой массы|atrophy Сушильный орган|atrophy Электромотор|atrophy Тепловой орган"
65,1,65,6,12,222.061722,2104.356201,0,219.243988,503.230011,8.651216,179.925781,279.522491,0,19110.265625,0,0,0,4,Active,None,0,0.001953,"burn dry organic matter|heat caravan|reject heat|spoil wet organic matter|move|movement water loss|movement organic maintenance|maintain caravan water circuit|maintain living structure|circulate organic nitrogen|maintain electrical systems|grow Парус|grow Солнечный лист|grow Резервуар|grow Органическое хранилище|grow Каркас|atrophy Парус|atrophy Солнечный лист|atrophy Водозабор|atrophy Снегосборник|atrophy Жатка живой массы|atrophy Сушильный орган|atrophy Электромотор|atrophy Тепловой орган"
66,1,66,5,14,224.120743,2019.462402,0,219.130539,548.246704,9.189798,179.930176,277.390228,0,19069.832031,0,0,0,4,Active,None,0,0.001953,"harvest dry biomass|burn dry organic matter|power intake and harvest|heat caravan|reject heat|spoil wet organic matter|maintain caravan water circuit|maintain living structure|circulate organic nitrogen|maintain electrical systems|grow Сборщик сухой массы|grow Органическое хранилище|grow Биореактор / топка|atrophy Парус|atrophy Солнечный лист|atrophy Водозабор|atrophy Снегосборник|atrophy Жатка живой массы|atrophy Сушильный орган|atrophy Электромотор|atrophy Тепловой орган"
67,1,67,6,12,225.797806,1934.317749,0,219.014282,488.859741,8.475506,179.934418,279.522797,0,18924.734375,0,0,0,4,Active,None,0,0.001953,"burn dry organic matter|heat caravan|reject heat|spoil wet organic matter|maintain caravan water circuit|maintain living structure|circulate organic nitrogen|maintain electrical systems|grow Парус|grow Солнечный лист|grow Резервуар|grow Органическое хранилище|grow Каркас|atrophy Парус|atrophy Солнечный лист|atrophy Водозабор|atrophy Снегосборник|atrophy Жатка живой массы|atrophy Сушильный орган|atrophy Электромотор|atrophy Тепловой орган"
68,1,68,13,12,230.829849,1839.26062,0,218.882797,534.171082,9.017439,179.938812,266.535187,2.074043,18882.751953,0,0,0,4,Active,None,0,0.001953,"capture dust|burn dry organic matter|power intake and harvest|heat caravan|reject heat|spoil wet organic matter|move|movement water loss|movement organic maintenance|maintain caravan water circuit|maintain living structure|circulate organic nitrogen|maintain electrical systems|grow Ростовая ткань|grow Каркас|atrophy Парус|atrophy Солнечный лист|atrophy Водозабор|atrophy Снегосборник|atrophy Жатка живой массы|atrophy Сушильный орган|atrophy Электромотор|atrophy Тепловой орган"
69,1,69,13,12,237.232986,1743.498047,0,218.760361,530.442749,8.970581,179.943481,279.495422,0,18826.871094,0,0,0,4,Active,None,0,0.001953,"capture dust|burn dry organic matter|power intake and harvest|heat caravan|reject heat|spoil wet organic matter|maintain caravan water circuit|maintain living structure|circulate organic nitrogen|maintain electrical systems|grow Парус|grow Солнечный лист|grow Резервуар|grow Органическое хранилище|grow Каркас|atrophy Солнечный лист|atrophy Водозабор|atrophy Снегосборник|atrophy Жатка живой массы|atrophy Сушильный орган|atrophy Электромотор|atrophy Тепловой орган"
70,1,70,13,16,240.46904,1649.36438,0,218.630783,473.741028,8.288099,179.948227,278.454498,0.166531,18693.449219,0,0,0,4,Active,None,0,0.001953,"capture dust|burn dry organic matter|power intake and harvest|heat caravan|reject heat|spoil wet organic matter|move|movement water loss|movement organic maintenance|maintain caravan water circuit|maintain living structure|circulate organic nitrogen|maintain electrical systems|grow Сборщик сухой массы|grow Органическое хранилище|grow Биореактор / топка|atrophy Солнечный лист|atrophy Водозабор|atrophy Снегосборник|atrophy Жатка живой массы|atrophy Сушильный орган|atrophy Электромотор|atrophy Тепловой орган"
71,1,71,6,12,246.950562,2385.759766,0,218.418869,520.57428,8.847009,179.953094,279.494965,0,19433.71875,0,0,0,4,Active,None,0,0.001953,"capture dust|burn dry organic matter|power intake and harvest|heat caravan|reject heat|spoil wet organic matter|maintain caravan water circuit|maintain living structure|circulate organic nitrogen|maintain electrical systems|grow Парус|grow Солнечный лист|grow Резервуар|grow Органическое хранилище|grow Каркас|atrophy Солнечный лист|atrophy Водозабор|atrophy Снегосборник|atrophy Жатка живой массы|atrophy Сушильный орган|atrophy Электромотор|atrophy Тепловой орган"
72,1,72,5,16,249.562485,2295.089355,0,218.252319,567.101624,9.402925,179.957962,277.356293,0,19404.050781,0,0,0,4,Active,None,0,0.001953,"harvest dry biomass|capture dust|burn dry organic matter|power intake and harvest|heat caravan|reject heat|spoil wet organic matter|maintain caravan water circuit|maintain living structure|circulate organic nitrogen|maintain electrical systems|grow Сборщик сухой массы|grow Органическое хранилище|grow Биореактор / топка|atrophy Парус|atrophy Солнечный лист|atrophy Водозабор|atrophy Снегосборник|atrophy Жатка живой массы|atrophy Сушильный орган|atrophy Электромотор|atrophy Тепловой орган"
73,1,73,6,12,252.007477,2207.577148,0,218.070572,509.143524,8.70489,179.962753,279.518768,0,19261.447266,0,0,0,4,Active,None,0,0.001953,"burn dry organic matter|heat caravan|reject heat|spoil wet organic matter|maintain caravan water circuit|maintain living structure|circulate organic nitrogen|maintain electrical systems|grow Парус|grow Солнечный лист|grow Резервуар|grow Органическое хранилище|grow Каркас|atrophy Парус|atrophy Солнечный лист|atrophy Водозабор|atrophy Снегосборник|atrophy Жатка живой массы|atrophy Сушильный орган|atrophy Электромотор|atrophy Тепловой орган"
74,1,74,6,12,255.088623,2121.505127,0,217.892456,556.578186,9.271635,179.967606,278.180969,0.213987,19220.884766,0,0,0,4,Active,None,0,0.001953,"burn dry organic matter|heat caravan|reject heat|spoil wet organic matter|move|movement water loss|movement organic maintenance|maintain caravan water circuit|maintain living structure|circulate organic nitrogen|maintain electrical systems|grow Парус|grow Солнечный лист|grow Резервуар|grow Органическое хранилище|grow Каркас|atrophy Парус|atrophy Солнечный лист|atrophy Водозабор|atrophy Снегосборник|atrophy Жатка живой массы|atrophy Сушильный орган|atrophy Электромотор|atrophy Тепловой орган"
75,1,75,6,12,256.588623,2036.910767,0,217.68042,501.770355,8.611141,179.972458,279.518555,0,19079.464844,0,0,0,4,Active,None,0,0.001953,"burn dry organic matter|heat caravan|reject heat|spoil wet organic matter|maintain caravan water circuit|maintain living structure|circulate organic nitrogen|maintain electrical systems|grow Парус|grow Солнечный лист|grow Резервуар|grow Органическое хранилище|grow Каркас|atrophy Парус|atrophy Солнечный лист|atrophy Водозабор|atrophy Снегосборник|atrophy Жатка живой массы|atrophy Сушильный орган|atrophy Электромотор|atrophy Тепловой орган"
76,1,76,13,11,261.541992,1950.401001,0,217.481018,549.938904,9.186526,179.97731,275.338867,0.668705,19039.144531,0,0,0,4,Active,None,0,0.001953,"burn dry organic matter|heat caravan|reject heat|spoil wet organic matter|move|movement water loss|movement organic maintenance|maintain caravan water circuit|maintain living structure|circulate organic nitrogen|maintain electrical systems|grow Ростовая ткань|grow Каркас|atrophy Парус|atrophy Солнечный лист|atrophy Водозабор|atrophy Снегосборник|atrophy Жатка живой массы|atrophy Сушильный орган|atrophy Электромотор|atrophy Тепловой орган"
77,1,77,13,11,263.603516,1863.154907,0,217.242142,497.257355,8.550796,179.982544,279.515015,0,18921.865234,0,0,0,4,Active,None,0,0.001953,"burn dry organic matter|heat caravan|reject heat|spoil wet organic matter|maintain caravan water circuit|maintain living structure|circulate organic nitrogen|maintain electrical systems|grow Парус|grow Солнечный лист|grow Резервуар|grow Органическое хранилище|grow Каркас|atrophy Парус|atrophy Солнечный лист|atrophy Водозабор|atrophy Снегосборник|atrophy Жатка живой массы|atrophy Сушильный орган|atrophy Электромотор|atrophy Тепловой орган"
78,1,78,13,12,268.624207,1774.993896,0,216.998337,549.547668,9.174709,179.987839,276.616669,0.46357,18898.302734,0,0,0,4,Active,None,0,0.001953,"burn dry organic matter|heat caravan|reject heat|spoil wet organic matter|move|movement water loss|movement organic maintenance|maintain caravan water circuit|maintain living structure|circulate organic nitrogen|maintain electrical systems|grow Парус|grow Солнечный лист|grow Резервуар|grow Органическое хранилище|grow Каркас|atrophy Парус|atrophy Солнечный лист|atrophy Водозабор|atrophy Снегосборник|atrophy Жатка живой массы|atrophy Сушильный орган|atrophy Электромотор|atrophy Тепловой орган"
79,1,79,15,15,271.587128,1689.224365,0,216.742386,495.867126,8.526915,179.993317,279.514801,0,18760.748047,0,0,0,4,Active,None,0,0.001953,"burn dry organic matter|heat caravan|reject heat|spoil wet organic matter|move|movement water loss|movement organic maintenance|maintain caravan water circuit|maintain living structure|circulate organic nitrogen|maintain electrical systems|grow Сборщик сухой массы|grow Органическое хранилище|grow Биореактор / топка|atrophy Парус|atrophy Солнечный лист|atrophy Водозабор|atrophy Снегосборник|atrophy Жатка живой массы|atrophy Сушильный орган|atrophy Электромотор|atrophy Тепловой орган"
80,1,80,6,12,277.35791,2428.398682,0,216.438889,549.177979,9.16233,179.998825,271.140411,1.339869,19550.982422,0,0,0,4,Active,None,0,0.001953,"burn dry organic matter|heat caravan|reject heat|spoil wet organic matter|move|movement water loss|movement organic maintenance|maintain caravan water circuit|maintain living structure|circulate organic nitrogen|maintain electrical systems|grow Парус|grow Солнечный лист|grow Резервуар|grow Органическое хранилище|grow Каркас|atrophy Парус|atrophy Солнечный лист|atrophy Водозабор|atrophy Снегосборник|atrophy Жатка живой массы|atrophy Сушильный орган|atrophy Электромотор|atrophy Тепловой орган"
81,1,81,3,14,279.37735,2340.586182,0,216.130264,496.487122,8.525789,180.004517,277.97818,0.242087,19424.894531,0,0,0,4,Active,None,0,0.001953,"capture dust|burn dry organic matter|power intake and harvest|heat caravan|reject heat|spoil wet organic matter|move|movement water loss|movement organic maintenance|maintain caravan water circuit|maintain living structure|circulate organic nitrogen|maintain electrical systems|grow Сборщик сухой массы|grow Органическое хранилище|grow Биореактор / топка|atrophy Парус|atrophy Солнечный лист|atrophy Водозабор|atrophy Снегосборник|atrophy Жатка живой массы|atrophy Сушильный орган|atrophy Электромотор|atrophy Тепловой орган"
82,1,82,12,11,282.794312,2250.170166,0,215.803909,549.066772,9.152179,180.010269,279.491272,0,19343.3125,0,0,0,4,Active,None,0,0.001953,"capture dust|burn dry organic matter|power intake and harvest|heat caravan|reject heat|spoil wet organic matter|maintain caravan water circuit|maintain living structure|circulate organic nitrogen|maintain electrical systems|grow Парус|grow Солнечный лист|grow Резервуар|grow Органическое хранилище|grow Каркас|atrophy Парус|atrophy Солнечный лист|atrophy Водозабор|atrophy Снегосборник|atrophy Жатка живой массы|atrophy Сушильный орган|atrophy Электромотор|atrophy Тепловой орган"
83,1,83,14,15,286.145538,2157.724609,0,215.469574,498.152313,8.536741,180.016052,279.491699,0,19216.830078,0,0,0,4,Active,None,0,0.001953,"capture dust|burn dry organic matter|power intake and harvest|heat caravan|reject heat|spoil wet organic matter|move|movement water loss|movement organic maintenance|maintain caravan water circuit|maintain living structure|circulate organic nitrogen|maintain electrical systems|grow Сборщик сухой массы|grow Органическое хранилище|grow Биореактор / топка|atrophy Парус|atrophy Солнечный лист|atrophy Водозабор|atrophy Снегосборник|atrophy Жатка живой массы|atrophy Сушильный орган|atrophy Электромотор|atrophy Тепловой орган"
84,1,84,13,12,290.137634,2065.893066,0,215.12442,552.454712,9.183602,180.021896,279.491913,0,19196.15625,0,0,0,4,Active,None,0,0.001953,"capture dust|burn dry organic matter|power intake and harvest|heat caravan|reject heat|spoil wet organic matter|maintain caravan water circuit|maintain living structure|circulate organic nitrogen|maintain electrical systems|grow Парус|grow Солнечный лист|grow Резервуар|grow Органическое хранилище|grow Каркас|atrophy Парус|atrophy Солнечный лист|atrophy Водозабор|atrophy Снегосборник|atrophy Жатка живой массы|atrophy Сушильный орган|atrophy Электромотор|atrophy Тепловой орган"
85,1,85,11,7,293.876709,1971.331543,0,214.760727,502.091675,8.574434,180.027771,278.198944,0.206872,19016.921875,0,0,0,4,Active,None,0,0.001953,"capture dust|burn dry organic matter|power intake and harvest|heat caravan|reject heat|spoil wet organic matter|move|movement water loss|movement organic maintenance|maintain caravan water circuit|maintain living structure|circulate organic nitrogen|maintain electrical systems|grow Сборщик сухой массы|grow Органическое хранилище|grow Биореактор / топка|atrophy Парус|atrophy Солнечный лист|atrophy Водозабор|atrophy Снегосборник|atrophy Жатка живой массы|atrophy Сушильный орган|atrophy Электромотор|atrophy Тепловой орган"
86,1,86,13,11,298.029419,1878,0,214.388489,557.577271,9.235135,180.033905,279.198029,0.047026,18995.861328,0,0,0,4,Active,None,0,0.001953,"capture dust|burn dry organic matter|power intake and harvest|heat caravan|reject heat|spoil wet organic matter|move|movement water loss|movement organic maintenance|maintain caravan water circuit|maintain living structure|circulate organic nitrogen|maintain electrical systems|grow Парус|grow Солнечный лист|grow Резервуар|grow Органическое хранилище|grow Каркас|atrophy Парус|atrophy Солнечный лист|atrophy Водозабор|atrophy Снегосборник|atrophy Жатка живой массы|atrophy Сушильный орган|atrophy Электромотор|atrophy Тепловой орган"
87,1,87,18,12,300.718353,1781.633057,0,213.993942,507.152618,8.62486,180.040207,279.491943,0,18865.796875,0,0,0,4,Active,None,0,0.001953,"capture dust|burn dry organic matter|power intake and harvest|heat caravan|reject heat|spoil wet organic matter|move|movement water loss|movement organic maintenance|maintain caravan water circuit|maintain living structure|circulate organic nitrogen|maintain electrical systems|grow Сборщик сухой массы|grow Органическое хранилище|grow Биореактор / топка|atrophy Парус|atrophy Солнечный лист|atrophy Водозабор|atrophy Снегосборник|atrophy Жатка живой массы|atrophy Сушильный орган|atrophy Электромотор|atrophy Тепловой орган"
88,1,88,13,12,304.88382,1691.056519,0,213.574341,563.727356,9.298102,180.046646,277.272308,0.358874,18794.273438,0,0,0,4,Active,None,0,0.001953,"burn dry organic matter|heat caravan|reject heat|spoil wet organic matter|move|movement water loss|movement organic maintenance|maintain caravan water circuit|maintain living structure|circulate organic nitrogen|maintain electrical systems|grow Парус|grow Солнечный лист|grow Резервуар|grow Органическое хранилище|grow Каркас|atrophy Парус|atrophy Солнечный лист|atrophy Водозабор|atrophy Снегосборник|atrophy Жатка живой массы|atrophy Сушильный орган|atrophy Электромотор|atrophy Тепловой орган"
89,1,89,17,12,311.182587,2427.421875,0,213.125519,512.187439,8.67404,180.053101,276.345398,0,19488.480469,0,0,0,4,Active,None,0,0.001953,"capture dust|burn dry organic matter|power intake and harvest|heat caravan|reject heat|spoil wet organic matter|move|movement water loss|movement organic maintenance|maintain caravan water circuit|maintain living structure|circulate organic nitrogen|maintain electrical systems|grow Сборщик сухой массы|grow Органическое хранилище|grow Биореактор / топка|atrophy Солнечный лист|atrophy Водозабор|atrophy Снегосборник|atrophy Жатка живой массы|atrophy Сушильный орган|atrophy Электромотор|atrophy Тепловой орган"
90,1,90,13,11,314.274872,2344.108887,0,212.689117,569.748535,9.358893,180.059631,277.895844,0.25519,19478.921875,0,0,0,4,Active,None,0,0.001953,"capture dust|burn dry organic matter|power intake and harvest|heat caravan|reject heat|spoil wet organic matter|move|movement water loss|movement organic maintenance|maintain caravan water circuit|maintain living structure|circulate organic nitrogen|maintain electrical systems|grow Парус|grow Солнечный лист|grow Резервуар|grow Органическое хранилище|grow Каркас|atrophy Солнечный лист|atrophy Водозабор|atrophy Снегосборник|atrophy Жатка живой массы|atrophy Сушильный орган|atrophy Электромотор|atrophy Тепловой орган"
91,1,91,13,11,317.783081,2260.242432,0,212.231903,521.974121,8.779566,180.06633,279.155121,0.057528,19354.244141,0,0,0,4,Active,None,0,0.001953,"burn dry organic matter|heat caravan|reject heat|spoil wet organic matter|move|movement water loss|movement organic maintenance|maintain caravan water circuit|maintain living structure|circulate organic nitrogen|maintain electrical systems|grow Парус|grow Солнечный лист|grow Резервуар|grow Органическое хранилище|grow Каркас|atrophy Солнечный лист|atrophy Водозабор|atrophy Снегосборник|atrophy Жатка живой массы|atrophy Сушильный орган|atrophy Электромотор|atrophy Тепловой орган"
92,1,92,14,12,321.694977,2177.754639,0,211.760757,581.198059,9.483969,180.073288,279.361481,0.024566,19287.75,0,0,0,4,Active,None,0,0.001953,"burn dry organic matter|heat caravan|reject heat|spoil wet organic matter|move|movement water loss|movement organic maintenance|maintain caravan water circuit|maintain living structure|circulate organic nitrogen|maintain electrical systems|grow Ростовая ткань|grow Каркас|atrophy Солнечный лист|atrophy Водозабор|atrophy Снегосборник|atrophy Жатка живой массы|atrophy Сушильный орган|atrophy Электромотор|atrophy Тепловой орган"
93,1,93,13,12,324.773407,2093.801758,0,211.257874,535.757385,8.93166,180.080765,279.510986,0,19184.15625,0,0,0,5,Active,None,0,0.001953,"burn dry organic matter|heat caravan|reject heat|spoil wet organic matter|maintain caravan water circuit|maintain living structure|circulate organic nitrogen|maintain electrical systems|grow Парус|grow Солнечный лист|grow Резервуар|grow Органическое хранилище|grow Каркас|atrophy Солнечный лист|atrophy Водозабор|atrophy Снегосборник|atrophy Жатка живой массы|atrophy Сушильный орган|atrophy Электромотор|atrophy Тепловой орган"
94,1,94,19,15,329.652008,2007.925659,0,210.747055,595.406189,9.640349,180.088379,277.34967,0,19155.142578,0,0,0,5,Active,None,0,0.001953,"harvest dry biomass|burn dry organic matter|power intake and harvest|heat caravan|reject heat|spoil wet organic matter|maintain caravan water circuit|maintain living structure|circulate organic nitrogen|maintain electrical systems|grow Сборщик сухой массы|grow Органическое хранилище|grow Биореактор / топка|atrophy Солнечный лист|atrophy Водозабор|atrophy Снегосборник|atrophy Жатка живой массы|atrophy Сушильный орган|atrophy Электромотор|atrophy Тепловой орган"
95,1,95,13,12,334.864594,1918.954956,0,210.220032,549.600281,9.083409,180.096054,279.511536,0,19017.546875,0,0,0,5,Active,None,0,0.001953,"burn dry organic matter|heat caravan|reject heat|spoil wet organic matter|maintain caravan water circuit|maintain living structure|circulate organic nitrogen|maintain electrical systems|grow Парус|grow Солнечный лист|grow Резервуар|grow Органическое хранилище|grow Каркас|atrophy Солнечный лист|atrophy Водозабор|atrophy Снегосборник|atrophy Жатка живой массы|atrophy Сушильный орган|atrophy Электромотор|atrophy Тепловой орган"
96,1,96,13,8,339.195587,1828.761963,0,209.673248,610.188477,9.803067,180.103806,277.348541,0,18990.171875,0,0,0,5,Active,None,0,0.001953,"harvest dry biomass|burn dry organic matter|power intake and harvest|heat caravan|reject heat|spoil wet organic matter|maintain caravan water circuit|maintain living structure|circulate organic nitrogen|maintain electrical systems|grow Сборщик сухой массы|grow Органическое хранилище|grow Биореактор / топка|atrophy Солнечный лист|atrophy Водозабор|atrophy Снегосборник|atrophy Жатка живой массы|atrophy Сушильный орган|atrophy Электромотор|atrophy Тепловой орган"
97,1,97,13,11,341.545166,1738.044189,0,209.104507,564.83197,9.251138,180.111725,279.487457,0,18869.871094,0,0,0,5,Active,None,0,0.001953,"capture dust|burn dry organic matter|power intake and harvest|heat caravan|reject heat|spoil wet organic matter|move|movement water loss|movement organic maintenance|maintain caravan water circuit|maintain living structure|circulate organic nitrogen|maintain electrical systems|grow Парус|grow Солнечный лист|grow Резервуар|grow Органическое хранилище|grow Каркас|atrophy Солнечный лист|atrophy Водозабор|atrophy Снегосборник|atrophy Жатка живой массы|atrophy Сушильный орган|atrophy Электромотор|atrophy Тепловой орган"
98,1,98,23,5,346.804565,2475.741699,0,208.525391,625.520874,9.971629,180.119751,277.345734,0,19677.308594,0,0,0,5,Active,None,0,0.001953,"harvest dry biomass|burn dry organic matter|power intake and harvest|heat caravan|reject heat|spoil wet organic matter|maintain caravan water circuit|maintain living structure|circulate organic nitrogen|maintain electrical systems|grow Сборщик сухой массы|grow Органическое хранилище|grow Биореактор / топка|atrophy Солнечный лист|atrophy Водозабор|atrophy Снегосборник|atrophy Жатка живой массы|atrophy Сушильный орган|atrophy Электромотор|atrophy Тепловой орган"
99,1,99,13,11,351.989471,2367.601074,0,207.91095,580.906555,9.428014,180.127808,279.488159,0,19538.314453,0,0,0,5,Active,None,0,0.001953,"capture dust|burn dry organic matter|power intake and harvest|heat caravan|reject heat|spoil wet organic matter|move|movement water loss|movement organic maintenance|maintain caravan water circuit|maintain living structure|circulate organic nitrogen|maintain electrical systems|grow Парус|grow Солнечный лист|grow Резервуар|grow Органическое хранилище|grow Каркас|atrophy Солнечный лист|atrophy Водозабор|atrophy Снегосборник|atrophy Жатка живой массы|atrophy Сушильный орган|atrophy Электромотор|atrophy Тепловой орган"
100,1,100,13,11,354.904938,2271.834961,0,207.276184,535.957031,8.880364,180.136002,279.488098,0,19363.339844,0,0,0,5,Active,None,0,0.001953,"capture dust|burn dry organic matter|power intake and harvest|heat caravan|reject heat|spoil wet organic matter|maintain caravan water circuit|maintain living structure|circulate organic nitrogen|maintain electrical systems|grow Парус|grow Солнечный лист|grow Резервуар|grow Органическое хранилище|grow Каркас|atrophy Солнечный лист|atrophy Водозабор|atrophy Снегосборник|atrophy Жатка живой массы|atrophy Сушильный орган|atrophy Электромотор|atrophy Тепловой орган"
101,1,101,13,11,360.347809,2179.52417,0,206.623978,597.386902,9.60901,180.144302,278.057098,0.228828,19348.257813,0,0,0,5,Active,None,0,0.001953,"capture dust|burn dry organic matter|power intake and harvest|heat caravan|reject heat|spoil wet organic matter|move|movement water loss|movement organic maintenance|maintain caravan water circuit|maintain living structure|circulate organic nitrogen|maintain electrical systems|grow Парус|grow Солнечный лист|grow Резервуар|grow Органическое хранилище|grow Каркас|atrophy Солнечный лист|atrophy Водозабор|atrophy Снегосборник|atrophy Жатка живой массы|atrophy Сушильный орган|atrophy Электромотор|atrophy Тепловой орган"
102,1,102,13,11,362.347809,2091.505615,0,205.960861,553.43512,9.073002,180.15274,279.487701,0,19180.816406,0,0,0,5,Active,None,0,0.001953,"capture dust|burn dry organic matter|power intake and harvest|heat caravan|reject heat|spoil wet organic matter|maintain caravan water circuit|maintain living structure|circulate organic nitrogen|maintain electrical systems|grow Парус|grow Солнечный лист|grow Резервуар|grow Органическое хранилище|grow Каркас|atrophy Солнечный лист|atrophy Водозабор|atrophy Снегосборник|atrophy Жатка живой массы|atrophy Сушильный орган|atrophy Электромотор|atrophy Тепловой орган"
103,1,103,9,5,367.150574,2002.621216,0,205.277634,616.563049,9.821633,180.161118,277.317413,0,19171.048828,0,0,0,5,Active,None,0,0.001953,"harvest dry biomass|capture dust|burn dry organic matter|power intake and harvest|heat caravan|reject heat|spoil wet organic matter|maintain caravan water circuit|maintain living structure|circulate organic nitrogen|maintain electrical systems|grow Сборщик сухой массы|grow Органическое хранилище|grow Биореактор / топка|atrophy Водозабор|atrophy Снегосборник|atrophy Жатка живой массы|atrophy Сушильный орган|atrophy Электромотор|atrophy Тепловой орган"
104,1,104,13,11,370.577637,1916.863525,0,204.563568,574.274475,9.304861,180.169418,279.511627,0,19046.90625,0,0,0,5,Active,None,0,0.001953,"burn dry organic matter|heat caravan|reject heat|spoil wet organic matter|maintain caravan water circuit|maintain living structure|circulate organic nitrogen|maintain electrical systems|grow Парус|grow Солнечный лист|grow Резервуар|grow Органическое хранилище|grow Каркас|atrophy Водозабор|atrophy Снегосборник|atrophy Жатка живой массы|atrophy Сушильный орган|atrophy Электромотор|atrophy Тепловой орган"
105,1,105,15,8,373.06015,1833.146484,0,203.844864,532.019775,8.788719,180.177719,279.511353,0,18917.617188,0,0,0,5,Active,None,0,0.001953,"burn dry organic matter|heat caravan|reject heat|spoil wet organic matter|move|movement water loss|movement organic maintenance|maintain caravan water circuit|maintain living structure|circulate organic nitrogen|maintain electrical systems|grow Сборщик сухой массы|grow Органическое хранилище|grow Биореактор / топка|atrophy Водозабор|atrophy Снегосборник|atrophy Жатка живой массы|atrophy Сушильный орган|atrophy Электромотор|atrophy Тепловой орган"
106,1,106,13,12,377.389832,1747.758911,0,203.102692,598.191589,9.573172,180.18602,279.511993,0,18897.423828,0,0,0,5,Active,None,0,0.001953,"burn dry organic matter|heat caravan|reject heat|spoil wet organic matter|maintain caravan water circuit|maintain living structure|circulate organic nitrogen|maintain electrical systems|grow Парус|grow Солнечный лист|grow Резервуар|grow Органическое хранилище|grow Каркас|atrophy Водозабор|atrophy Снегосборник|atrophy Жатка живой массы|atrophy Сушильный орган|atrophy Электромотор|atrophy Тепловой орган"
107,1,107,13,11,385.436523,2478.51416,0,202.317841,556.920349,9.06811,180.194351,267.104858,1.98499,19583.417969,0,0,0,6,Active,None,0,0.001953,"burn dry organic matter|heat caravan|reject heat|spoil wet organic matter|move|movement water loss|movement organic maintenance|maintain caravan water circuit|maintain living structure|circulate organic nitrogen|maintain electrical systems|grow Парус|grow Солнечный лист|grow Резервуар|grow Органическое хранилище|grow Каркас|atrophy Водозабор|atrophy Снегосборник|atrophy Жатка живой массы|atrophy Сушильный орган|atrophy Электромотор|atrophy Тепловой орган"
108,1,108,10,19,390.139954,2391.644287,0,201.563065,624.769287,9.872778,180.202652,277.336578,0,19562.871094,0,0,0,6,Active,None,0,0.001953,"harvest dry biomass|burn dry organic matter|power intake and harvest|heat caravan|reject heat|spoil wet organic matter|maintain caravan water circuit|maintain living structure|circulate organic nitrogen|maintain electrical systems|grow Сборщик сухой массы|grow Органическое хранилище|grow Биореактор / топка|atrophy Водозабор|atrophy Снегосборник|atrophy Жатка живой массы|atrophy Сушильный орган|atrophy Электромотор|atrophy Тепловой орган"
109,1,109,13,12,394.105408,2304.49292,0,200.763596,584.608948,9.38085,180.210953,279.512054,0,19432.033203,0,0,0,6,Active,None,0,0.001953,"burn dry organic matter|heat caravan|reject heat|spoil wet organic matter|maintain caravan water circuit|maintain living structure|circulate organic nitrogen|maintain electrical systems|grow Парус|grow Солнечный лист|grow Резервуар|grow Органическое хранилище|grow Каркас|atrophy Водозабор|atrophy Снегосборник|atrophy Жатка живой массы|atrophy Сушильный орган|atrophy Электромотор|atrophy Тепловой орган"
110,1,110,16,7,398.7677,2214.069092,0,199.934219,544.360229,8.887715,180.219254,279.512115,0,19302.449219,0,0,0,6,Active,None,0,0.001953,"burn dry organic matter|heat caravan|reject heat|spoil wet organic matter|move|movement water loss|movement organic maintenance|maintain caravan water circuit|maintain living structure|circulate organic nitrogen|maintain electrical systems|grow Сборщик сухой массы|grow Органическое хранилище|grow Биореактор / топка|atrophy Водозабор|atrophy Снегосборник|atrophy Жатка живой массы|atrophy Сушильный орган|atrophy Электромотор|atrophy Тепловой орган"
111,1,111,13,11,403.124481,2124.828613,0,199.075256,610.98938,9.676657,180.227554,277.079254,0.389228,19285.642578,0,0,0,6,Active,None,0,0.001953,"burn dry organic matter|heat caravan|reject heat|spoil wet organic matter|move|movement water loss|movement organic maintenance|maintain caravan water circuit|maintain living structure|circulate organic nitrogen|maintain electrical systems|grow Парус|grow Солнечный лист|grow Резервуар|grow Органическое хранилище|grow Каркас|atrophy Водозабор|atrophy Снегосборник|atrophy Жатка живой массы|atrophy Сушильный орган|atrophy Электромотор|atrophy Тепловой орган"
112,1,112,13,12,406.907806,2031.781494,0,198.219742,571.514038,9.192438,180.235855,279.488617,0,19161.447266,0,0,0,6,Active,None,0,0.001953,"capture dust|burn dry organic matter|power intake and harvest|heat caravan|reject heat|spoil wet organic matter|maintain caravan water circuit|maintain living structure|circulate organic nitrogen|maintain electrical systems|grow Парус|grow Солнечный лист|grow Резервуар|grow Органическое хранилище|grow Каркас|atrophy Водозабор|atrophy Снегосборник|atrophy Жатка живой массы|atrophy Сушильный орган|atrophy Электромотор|atrophy Тепловой орган"
113,1,113,18,11,410.407806,1937.667847,0,197.321198,637.97821,9.979053,180.244156,277.308441,0,19097.568359,0,0,0,6,Active,None,0,0.001953,"harvest dry biomass|capture dust|burn dry organic matter|power intake and harvest|heat caravan|reject heat|spoil wet organic matter|maintain caravan water circuit|maintain living structure|circulate organic nitrogen|maintain electrical systems|grow Сборщик сухой массы|grow Органическое хранилище|grow Биореактор / топка|atrophy Водозабор|atrophy Снегосборник|atrophy Жатка живой массы|atrophy Сушильный орган|atrophy Электромотор|atrophy Тепловой орган"
114,1,114,13,12,415.490417,1841.428467,0,196.396271,598.217468,9.490664,180.252457,279.488922,0,18976.921875,0,0,0,6,Active,None,0,0.001953,"capture dust|burn dry organic matter|power intake and harvest|heat caravan|reject heat|spoil wet organic matter|maintain caravan water circuit|maintain living structure|circulate organic nitrogen|maintain electrical systems|grow Парус|grow Солнечный лист|grow Резервуар|grow Органическое хранилище|grow Каркас|atrophy Водозабор|atrophy Снегосборник|atrophy Жатка живой массы|atrophy Сушильный орган|atrophy Электромотор|atrophy Тепловой орган"
115,1,115,18,10,420.015167,1746.507202,0,195.461517,559.161865,9.010626,180.260757,279.488586,0,18858.267578,0,0,0,6,Active,None,0,0.001953,"capture dust|burn dry organic matter|power intake and harvest|heat caravan|reject heat|spoil wet organic matter|move|movement water loss|movement organic maintenance|maintain caravan water circuit|maintain living structure|circulate organic nitrogen|maintain electrical systems|grow Сборщик сухой массы|grow Органическое хранилище|grow Биореактор / топка|atrophy Водозабор|atrophy Снегосборник|atrophy Жатка живой массы|atrophy Сушильный орган|atrophy Электромотор|atrophy Тепловой орган"
116,1,116,5,10,427.07431,2478.97583,0,194.456589,627.783752,9.821576,180.26947,277.300842,0,19648.908203,0,0,0,6,Active,None,0,0.001953,"harvest dry biomass|capture dust|burn dry organic matter|power intake and harvest|reject heat|spoil wet organic matter|maintain caravan water circuit|maintain living structure|circulate organic nitrogen|maintain electrical systems|grow Сборщик сухой массы|grow Органическое хранилище|grow Биореактор / топка|atrophy Водозабор|atrophy Снегосборник|atrophy Жатка живой массы|atrophy Сушильный орган|atrophy Электромотор|atrophy Тепловой орган"
117,1,117,13,11,432.089874,2385.950195,0,193.508987,591.637878,9.375813,180.278351,279.48587,0,19527.613281,0,0,0,6,Active,None,0,0.001953,"capture dust|burn dry organic matter|power intake and harvest|heat caravan|reject heat|spoil wet organic matter|maintain caravan water circuit|maintain living structure|circulate organic nitrogen|maintain electrical systems|grow Парус|grow Солнечный лист|grow Резервуар|grow Органическое хранилище|grow Каркас|atrophy Водозабор|atrophy Снегосборник|atrophy Жатка живой массы|atrophy Сушильный орган|atrophy Электромотор|atrophy Тепловой орган"
118,1,118,14,16,435.60672,2300.749023,0,192.502411,554.000244,8.911737,180.287216,278.719818,0.126002,19407.900391,0,0,0,6,Active,None,0,0.001953,"burn dry organic matter|reject heat|spoil wet organic matter|move|movement water loss|movement organic maintenance|maintain caravan water circuit|maintain living structure|circulate organic nitrogen|maintain electrical systems|grow Сборщик сухой массы|grow Органическое хранилище|grow Биореактор / топка|atrophy Водозабор|atrophy Снегосборник|atrophy Жатка живой массы|atrophy Сушильный орган|atrophy Электромотор|atrophy Тепловой орган"
119,1,119,13,12,440.256012,2214.958252,0,191.469162,624.844299,9.748825,180.296082,279.507111,0,19398.417969,0,0,0,6,Active,None,0,0.001953,"burn dry organic matter|reject heat|spoil wet organic matter|maintain caravan water circuit|maintain living structure|circulate organic nitrogen|maintain electrical systems|grow Парус|grow Солнечный лист|grow Резервуар|grow Органическое хранилище|grow Каркас|atrophy Водозабор|atrophy Снегосборник|atrophy Жатка живой массы|atrophy Сушильный орган|atrophy Электромотор|atrophy Тепловой орган"
120,1,120,13,12,442.492096,2133.024902,0,190.426422,588.65332,9.301598,180.304962,279.506989,0,19280.927734,0,0,0,6,Active,None,0,0.001953,"burn dry organic matter|reject heat|spoil wet organic matter|maintain caravan water circuit|maintain living structure|circulate organic nitrogen|maintain electrical systems|grow Парус|grow Солнечный лист|grow Резервуар|grow Органическое хранилище|grow Каркас|atrophy Водозабор|atrophy Снегосборник|atrophy Жатка живой массы|atrophy Сушильный орган|atrophy Электромотор|atrophy Тепловой орган"
121,1,121,14,15,444.782654,2050.729492,0,189.376556,659.605591,10.140039,180.313812,277.297729,0,19270.03125,0,0,0,6,Active,None,0,0.001953,"harvest dry biomass|capture dust|burn dry organic matter|power intake and harvest|reject heat|spoil wet organic matter|maintain caravan water circuit|maintain living structure|circulate organic nitrogen|maintain electrical systems|grow Сборщик сухой массы|grow Органическое хранилище|grow Биореактор / топка|atrophy Водозабор|atrophy Снегосборник|atrophy Жатка живой массы|atrophy Сушильный орган|atrophy Электромотор|atrophy Тепловой орган"
122,1,122,13,13,447.200165,1966.601318,0,188.34877,623.632813,9.695653,180.322693,279.507477,0,19145.802734,0,0,0,6,Active,None,0,0.001953,"burn dry organic matter|reject heat|spoil wet organic matter|maintain caravan water circuit|maintain living structure|circulate organic nitrogen|maintain electrical systems|grow Парус|grow Солнечный лист|grow Резервуар|grow Органическое хранилище|grow Каркас|atrophy Водозабор|atrophy Снегосборник|atrophy Жатка живой массы|atrophy Сушильный орган|atrophy Электромотор|atrophy Тепловой орган"
123,1,123,13,12,449.505676,1881.961792,0,187.350571,589.08136,9.26878,180.331573,279.50766,0,19022.556641,0,0,0,6,Active,None,0,0.001953,"burn dry organic matter|reject heat|spoil wet organic matter|maintain caravan water circuit|maintain living structure|circulate organic nitrogen|maintain electrical systems|grow Парус|grow Солнечный лист|grow Резервуар|grow Органическое хранилище|grow Каркас|atrophy Водозабор|atrophy Снегосборник|atrophy Жатка живой массы|atrophy Сушильный орган|atrophy Электромотор|atrophy Тепловой орган"
124,1,124,19,16,454.083191,1795.433472,0,186.292313,661.89093,10.129508,180.340424,277.317108,0,19004.628906,0,0,0,6,Active,None,0,0.001953,"harvest dry biomass|burn dry organic matter|power intake and harvest|reject heat|spoil wet organic matter|maintain caravan water circuit|maintain living structure|circulate organic nitrogen|maintain electrical systems|grow Сборщик сухой массы|grow Органическое хранилище|grow Биореактор / топка|atrophy Водозабор|atrophy Снегосборник|atrophy Жатка живой массы|atrophy Сушильный орган|atrophy Электромотор|atrophy Тепловой орган"
125,1,125,5,11,461.437042,1701.689087,0,185.241043,626.779968,9.695306,180.349289,276.991241,0.398919,18873.980469,0,0,0,6,Active,None,0,0.001953,"capture dust|burn dry organic matter|power intake and harvest|reject heat|spoil wet organic matter|move|movement water loss|movement organic maintenance|maintain caravan water circuit|maintain living structure|circulate organic nitrogen|maintain electrical systems|grow Водозабор|grow Резервуар|grow Тепловой орган|atrophy Водозабор|atrophy Снегосборник|atrophy Жатка живой массы|atrophy Сушильный орган|atrophy Электромотор|atrophy Тепловой орган"
126,1,126,13,12,465.952606,2424.001221,0,184.159973,592.270874,9.26808,180.358154,279.484619,0,19567.125,0,0,0,6,Active,None,0,0.001953,"capture dust|burn dry organic matter|power intake and harvest|reject heat|spoil wet organic matter|maintain caravan water circuit|maintain living structure|circulate organic nitrogen|maintain electrical systems|grow Парус|grow Солнечный лист|grow Резервуар|grow Органическое хранилище|grow Каркас|atrophy Водозабор|atrophy Снегосборник|atrophy Жатка живой массы|atrophy Сушильный орган|atrophy Электромотор|atrophy Тепловой орган"
127,1,127,19,14,470.735291,2327.287842,0,183.097717,664.583313,10.122931,180.367004,277.291046,0,19506.96875,0,0,0,6,Active,None,0,0.001953,"harvest dry biomass|capture dust|burn dry organic matter|power intake and harvest|reject heat|spoil wet organic matter|maintain caravan water circuit|maintain living structure|circulate organic nitrogen|maintain electrical systems|grow Сборщик сухой массы|grow Органическое хранилище|grow Биореактор / топка|atrophy Водозабор|atrophy Снегосборник|atrophy Жатка живой массы|atrophy Сушильный орган|atrophy Электромотор|atrophy Тепловой орган"
128,1,128,13,12,475.517975,2232.281738,0,182.039169,629.695374,9.691396,180.375885,279.48468,0,19392.076172,0,0,0,6,Active,None,0,0.001953,"capture dust|burn dry organic matter|power intake and harvest|reject heat|spoil wet organic matter|maintain caravan water circuit|maintain living structure|circulate organic nitrogen|maintain electrical systems|grow Парус|grow Солнечный лист|grow Резервуар|grow Органическое хранилище|grow Каркас|atrophy Водозабор|atrophy Снегосборник|atrophy Жатка живой массы|atrophy Сушильный орган|atrophy Электромотор|atrophy Тепловой орган"
129,1,129,13,12,479.123505,2139.494873,0,180.855179,595.642517,9.268485,180.384766,279.031891,0,19254.996094,0,0,0,6,Active,None,0,0.001953,"capture dust|collect chitin|burn dry organic matter|power intake and harvest|reject heat|spoil wet organic matter|maintain caravan water circuit|maintain living structure|circulate organic nitrogen|maintain electrical systems|grow Ростовая ткань|grow Каркас|atrophy Водозабор|atrophy Снегосборник|atrophy Жатка живой массы|atrophy Сушильный орган|atrophy Электромотор|atrophy Тепловой орган"
130,1,130,11,8,482.824402,2047.941528,0,179.693237,669.564209,10.141246,180.393753,277.285187,0,19252.091797,0,0,0,6,Active,None,0,0.001953,"harvest dry biomass|capture dust|burn dry organic matter|power intake and harvest|reject heat|spoil wet organic matter|maintain caravan water circuit|maintain living structure|circulate organic nitrogen|maintain electrical systems|grow Сборщик сухой массы|grow Органическое хранилище|grow Биореактор / топка|atrophy Водозабор|atrophy Снегосборник|atrophy Жатка живой массы|atrophy Сушильный орган|atrophy Электромотор|atrophy Тепловой орган"
131,1,131,13,12,486.031311,1954.233276,0,178.403152,634.940857,9.709882,180.402756,279.482208,0,19138.150391,0,0,0,6,Active,None,0,0.001953,"capture dust|burn dry organic matter|power intake and harvest|reject heat|spoil wet organic matter|maintain caravan water circuit|maintain living structure|circulate organic nitrogen|maintain electrical systems|grow Парус|grow Солнечный лист|grow Резервуар|grow Органическое хранилище|grow Каркас|atrophy Водозабор|atrophy Снегосборник|atrophy Жатка живой массы|atrophy Сушильный орган|atrophy Электромотор|atrophy Тепловой орган"
132,1,132,13,13,489.921387,1863.827026,0,177.099625,601.08606,9.287826,180.411758,279.481659,0,18976.458984,0,0,0,6,Active,None,0,0.001953,"capture dust|burn dry organic matter|power intake and harvest|reject heat|spoil wet organic matter|maintain caravan water circuit|maintain living structure|circulate organic nitrogen|maintain electrical systems|grow Парус|grow Солнечный лист|grow Резервуар|grow Органическое хранилище|grow Каркас|atrophy Водозабор|atrophy Снегосборник|atrophy Жатка живой массы|atrophy Сушильный орган|atrophy Электромотор|atrophy Тепловой орган"
133,1,133,14,7,493.909882,1778.123901,0,175.860123,675.595764,10.166826,180.420731,277.282379,0,18979.789063,0,0,0,6,Active,None,0,0.001953,"harvest dry biomass|capture dust|burn dry organic matter|power intake and harvest|reject heat|spoil wet organic matter|maintain caravan water circuit|maintain living structure|circulate organic nitrogen|maintain electrical systems|grow Сборщик сухой массы|grow Органическое хранилище|grow Биореактор / топка|atrophy Водозабор|atrophy Снегосборник|atrophy Жатка живой массы|atrophy Сушильный орган|atrophy Электромотор|atrophy Тепловой орган"
134,1,134,13,12,501.749359,2503.688232,0,174.520035,643.682434,9.767331,180.429733,266.674408,2.052878,19677.6875,0,0,0,6,Active,None,0,0.001953,"burn dry organic matter|reject heat|spoil wet organic matter|move|movement water loss|movement organic maintenance|maintain caravan water circuit|maintain living structure|circulate organic nitrogen|maintain electrical systems|grow Парус|grow Солнечный лист|grow Резервуар|grow Органическое хранилище|grow Каркас|atrophy Водозабор|atrophy Снегосборник|atrophy Жатка живой массы|atrophy Сушильный орган|atrophy Электромотор|atrophy Тепловой орган"
135,1,135,13,12,505.55722,2417.171143,0,173.276001,612.376526,9.3765,180.438736,279.505402,0,19562.371094,0,0,0,6,Active,None,0,0.001953,"burn dry organic matter|reject heat|spoil wet organic matter|maintain caravan water circuit|maintain living structure|circulate organic nitrogen|maintain electrical systems|grow Парус|grow Солнечный лист|grow Резервуар|grow Органическое хранилище|grow Каркас|atrophy Водозабор|atrophy Снегосборник|atrophy Жатка живой массы|atrophy Сушильный орган|atrophy Электромотор|atrophy Тепловой орган"
136,1,136,9,16,509.799866,2333.193604,0,172.066299,688.65686,10.277068,180.447708,277.303436,0,19552.464844,0,0,0,6,Active,None,0,0.001953,"harvest dry biomass|burn dry organic matter|power intake and harvest|reject heat|spoil wet organic matter|maintain caravan water circuit|maintain living structure|circulate organic nitrogen|maintain electrical systems|grow Сборщик сухой массы|grow Органическое хранилище|grow Биореактор / топка|atrophy Водозабор|atrophy Снегосборник|atrophy Жатка живой массы|atrophy Сушильный орган|atrophy Электромотор|atrophy Тепловой орган"
137,1,137,13,12,515.299866,2247.061279,0,170.867493,657.63269,9.890039,180.456711,279.505707,0,19430.726563,0,0,0,6,Active,None,0,0.001953,"burn dry organic matter|reject heat|spoil wet organic matter|maintain caravan water circuit|maintain living structure|circulate organic nitrogen|maintain electrical systems|grow Парус|grow Солнечный лист|grow Резервуар|grow Органическое хранилище|grow Каркас|atrophy Водозабор|atrophy Снегосборник|atrophy Жатка живой массы|atrophy Сушильный орган|atrophy Электромотор|atrophy Тепловой орган"
138,1,138,13,12,519.205017,2161.066406,0,169.648071,626.456909,9.501096,180.465714,279.505646,0,19308.923828,0,0,0,6,Active,None,0,0.001953,"burn dry organic matter|reject heat|spoil wet organic matter|maintain caravan water circuit|maintain living structure|circulate organic nitrogen|maintain electrical systems|grow Парус|grow Солнечный лист|grow Резервуар|grow Органическое хранилище|grow Каркас|atrophy Водозабор|atrophy Снегосборник|atrophy Жатка живой массы|atrophy Сушильный орган|atrophy Электромотор|atrophy Тепловой орган"
139,1,139,8,10,524.086853,2072.022461,0,168.360611,703.512573,10.410031,180.474686,277.301147,0,19292.121094,0,0,0,6,Active,None,0,0.001953,"harvest dry biomass|burn dry organic matter|power intake and harvest|reject heat|spoil wet organic matter|maintain caravan water circuit|maintain living structure|circulate organic nitrogen|maintain electrical systems|grow Сборщик сухой массы|grow Органическое хранилище|grow Биореактор / топка|atrophy Водозабор|atrophy Снегосборник|atrophy Жатка живой массы|atrophy Сушильный орган|atrophy Электромотор|atrophy Тепловой орган"
140,1,140,13,12,528.653015,1979.670044,0,167.047119,672.014893,10.01602,180.483688,279.482513,0,19168.189453,0,0,0,6,Active,None,0,0.001953,"capture dust|burn dry organic matter|power intake and harvest|reject heat|spoil wet organic matter|maintain caravan water circuit|maintain living structure|circulate organic nitrogen|maintain electrical systems|grow Парус|grow Солнечный лист|grow Резервуар|grow Органическое хранилище|grow Каркас|atrophy Водозабор|atrophy Снегосборник|atrophy Жатка живой массы|atrophy Сушильный орган|atrophy Электромотор|atrophy Тепловой орган"
141,1,141,13,12,531.815247,1883.105469,0,165.853516,640.330688,9.621334,180.492691,279.482544,0,19003.347656,0,0,0,6,Active,None,0,0.001953,"capture dust|burn dry organic matter|power intake and harvest|reject heat|spoil wet organic matter|maintain caravan water circuit|maintain living structure|circulate organic nitrogen|maintain electrical systems|grow Парус|grow Солнечный лист|grow Резервуар|grow Органическое хранилище|grow Каркас|atrophy Водозабор|atrophy Снегосборник|atrophy Жатка живой массы|atrophy Сушильный орган|atrophy Электромотор|atrophy Тепловой орган"
142,1,142,20,13,537.614136,1785.841187,0,164.693939,607.764099,9.216728,180.501678,279.482483,0,18888.253906,0,0,0,6,Active,None,0,0.001953,"capture dust|burn dry organic matter|power intake and harvest|reject heat|spoil wet organic matter|move|movement water loss|movement organic maintenance|maintain caravan water circuit|maintain living structure|circulate organic nitrogen|maintain electrical systems|grow Сборщик сухой массы|grow Органическое хранилище|grow Биореактор / топка|atrophy Водозабор|atrophy Снегосборник|atrophy Жатка живой массы|atrophy Сушильный орган|atrophy Электромотор|atrophy Тепловой орган"
143,1,143,4,11,541.94342,2511.414795,0,163.553253,685.089966,10.130835,180.510635,277.297699,0,19698.730469,0,0,0,6,Active,None,0,0.001953,"harvest dry biomass|burn dry organic matter|power intake and harvest|reject heat|spoil wet organic matter|maintain caravan water circuit|maintain living structure|circulate organic nitrogen|maintain electrical systems|grow Сборщик сухой массы|grow Органическое хранилище|grow Биореактор / топка|atrophy Водозабор|atrophy Снегосборник|atrophy Жатка живой массы|atrophy Сушильный орган|atrophy Электромотор|atrophy Тепловой орган"
144,1,144,13,12,547.559082,2416.727295,0,162.339294,652.232056,9.721942,180.519638,279.482361,0,19583.375,0,0,0,6,Active,None,0,0.001953,"capture dust|burn dry organic matter|power intake and harvest|reject heat|spoil wet organic matter|maintain caravan water circuit|maintain living structure|circulate organic nitrogen|maintain electrical systems|grow Парус|grow Солнечный лист|grow Резервуар|grow Органическое хранилище|grow Каркас|atrophy Водозабор|atrophy Снегосборник|atrophy Жатка живой массы|atrophy Сушильный орган|atrophy Электромотор|atrophy Тепловой орган"
145,1,145,9,19,553.479797,2322.799072,0,161.06955,621.532227,9.338222,180.528625,276.738068,0.439034,19419.607422,0,0,0,6,Active,None,0,0.001953,"capture dust|burn dry organic matter|power intake and harvest|reject heat|spoil wet organic matter|move|movement water loss|movement organic maintenance|maintain caravan water circuit|maintain living structure|circulate organic nitrogen|maintain electrical systems|grow Сборщик сухой массы|grow Органическое хранилище|grow Биореактор / топка|atrophy Водозабор|atrophy Снегосборник|atrophy Жатка живой массы|atrophy Сушильный орган|atrophy Электромотор|atrophy Тепловой орган"
146,1,146,13,12,559.100952,2233.767822,0,159.68042,699.709595,10.259328,180.537613,276.351929,0.504504,19420.027344,0,0,0,6,Active,None,0,0.001953,"burn dry organic matter|reject heat|spoil wet organic matter|move|movement water loss|movement organic maintenance|maintain caravan water circuit|maintain living structure|circulate organic nitrogen|maintain electrical systems|grow Парус|grow Солнечный лист|grow Резервуар|grow Органическое хранилище|grow Каркас|atrophy Водозабор|atrophy Снегосборник|atrophy Жатка живой массы|atrophy Сушильный орган|atrophy Электромотор|atrophy Тепловой орган"
147,1,147,13,12,562.365906,2144.556885,0,158.237549,669.696045,9.881618,180.546677,279.481964,0,19309.990234,0,0,0,6,Active,None,0,0.001953,"capture dust|burn dry organic matter|power intake and harvest|reject heat|spoil wet organic matter|maintain caravan water circuit|maintain living structure|circulate organic nitrogen|maintain electrical systems|grow Парус|grow Солнечный лист|grow Резервуар|grow Органическое хранилище|grow Каркас|atrophy Водозабор|atrophy Снегосборник|atrophy Жатка живой массы|atrophy Сушильный орган|atrophy Электромотор|atrophy Тепловой орган"
148,1,148,13,12,566.371277,2054.869141,0,156.85997,639.499084,9.502582,180.555801,279.505798,0,19192.255859,0,0,0,6,Active,None,0,0.001953,"burn dry organic matter|reject heat|spoil wet organic matter|maintain caravan water circuit|maintain living structure|circulate organic nitrogen|maintain electrical systems|grow Парус|grow Солнечный лист|grow Резервуар|grow Органическое хранилище|grow Каркас|atrophy Водозабор|atrophy Снегосборник|atrophy Жатка живой массы|atrophy Сушильный орган|atrophy Электромотор|atrophy Тепловой орган"
149,1,149,15,19,571.710571,1966.290405,0,155.561554,718.461609,10.434401,180.564896,277.291443,0,19133.517578,0,0,0,6,Active,None,0,0.001953,"harvest dry biomass|burn dry organic matter|power intake and harvest|reject heat|spoil wet organic matter|maintain caravan water circuit|maintain living structure|circulate organic nitrogen|maintain electrical systems|grow Сборщик сухой массы|grow Органическое хранилище|grow Биореактор / топка|atrophy Водозабор|atrophy Снегосборник|atrophy Жатка живой массы|atrophy Сушильный орган|atrophy Электромотор|atrophy Тепловой орган"
150,1,150,13,11,576.945251,1875.216675,0,154.281662,688.816406,10.063087,180.57402,279.48526,0,19016.75,0,0,0,6,Active,None,0,0.001953,"capture dust|burn dry organic matter|power intake and harvest|reject heat|spoil wet organic matter|maintain caravan water circuit|maintain living structure|circulate organic nitrogen|maintain electrical systems|grow Парус|grow Солнечный лист|grow Резервуар|grow Органическое хранилище|grow Каркас|atrophy Водозабор|atrophy Снегосборник|atrophy Жатка живой массы|atrophy Сушильный орган|atrophy Электромотор|atrophy Тепловой орган"
151,1,151,13,11,580.480774,1783.965698,0,153.092957,658.904114,9.689768,180.583145,279.505951,0,18891.033203,0,0,0,6,Active,None,0,0.001953,"burn dry organic matter|reject heat|spoil wet organic matter|maintain caravan water circuit|maintain living structure|circulate organic nitrogen|maintain electrical systems|grow Парус|grow Солнечный лист|grow Резервуар|grow Органическое хранилище|grow Каркас|atrophy Водозабор|atrophy Снегосборник|atrophy Жатка живой массы|atrophy Сушильный орган|atrophy Электромотор|atrophy Тепловой орган"
152,1,152,7,15,590.047852,2503.070313,0,151.796265,630.583374,9.334196,180.592285,277.15448,0.376147,19576.982422,0,0,0,6,Active,None,0,0.001953,"burn dry organic matter|reject heat|spoil wet organic matter|move|movement water loss|movement organic maintenance|maintain caravan water circuit|maintain living structure|circulate organic nitrogen|maintain electrical systems|grow Сборщик сухой массы|grow Органическое хранилище|grow Биореактор / топка|atrophy Водозабор|atrophy Снегосборник|atrophy Жатка живой массы|atrophy Сушильный орган|atrophy Электромотор|atrophy Тепловой орган"
153,1,153,13,12,595.080505,2412.625244,0,150.301926,710.617615,10.276415,180.601517,279.506042,0,19561.210938,0,0,0,6,Active,None,0,0.001953,"burn dry organic matter|reject heat|spoil wet organic matter|move|movement water loss|movement organic maintenance|maintain caravan water circuit|maintain living structure|circulate organic nitrogen|maintain electrical systems|grow Парус|grow Солнечный лист|grow Резервуар|grow Органическое хранилище|grow Каркас|atrophy Водозабор|atrophy Снегосборник|atrophy Жатка живой массы|atrophy Сушильный орган|atrophy Электромотор|atrophy Тепловой орган"
154,1,154,13,12,598.465332,2314.832275,0,148.837891,681.712219,9.911846,180.610764,279.482574,0,19445.84375,0,0,0,6,Active,None,0,0.001953,"capture dust|burn dry organic matter|power intake and harvest|reject heat|spoil wet organic matter|maintain caravan water circuit|maintain living structure|circulate organic nitrogen|maintain electrical systems|grow Парус|grow Солнечный лист|grow Резервуар|grow Органическое хранилище|grow Каркас|atrophy Водозабор|atrophy Снегосборник|atrophy Жатка живой массы|atrophy Сушильный орган|atrophy Электромотор|atrophy Тепловой орган"
155,1,155,19,8,603.908142,2216.773926,0,147.609985,652.624207,9.54796,180.619995,279.482574,0,19330.849609,0,0,0,6,Active,None,0,0.001953,"capture dust|burn dry organic matter|power intake and harvest|reject heat|spoil wet organic matter|move|movement water loss|movement organic maintenance|maintain caravan water circuit|maintain living structure|circulate organic nitrogen|maintain electrical systems|grow Сборщик сухой массы|grow Органическое хранилище|grow Биореактор / топка|atrophy Водозабор|atrophy Снегосборник|atrophy Жатка живой массы|atrophy Сушильный орган|atrophy Электромотор|atrophy Тепловой орган"
156,1,156,11,5,607.655212,2121.067139,0,146.329788,732.432434,10.490092,180.629227,277.261139,0,19278.642578,0,0,0,6,Active,None,0,0.001953,"harvest dry biomass|capture dust|burn dry organic matter|power intake and harvest|reject heat|spoil wet organic matter|maintain caravan water circuit|maintain living structure|circulate organic nitrogen|maintain electrical systems|grow Сборщик сухой массы|grow Органическое хранилище|grow Биореактор / топка|atrophy Водозабор|atrophy Снегосборник|atrophy Жатка живой массы|atrophy Сушильный орган|atrophy Электромотор|atrophy Тепловой орган"
157,1,157,13,13,612.889893,2021.446533,0,145.274612,703.114685,10.125489,180.638474,279.482605,0,19159.916016,0,0,0,6,Active,None,0,0.001953,"capture dust|burn dry organic matter|power intake and harvest|reject heat|spoil wet organic matter|maintain caravan water circuit|maintain living structure|circulate organic nitrogen|maintain electrical systems|grow Парус|grow Солнечный лист|grow Резервуар|grow Органическое хранилище|grow Каркас|atrophy Водозабор|atrophy Снегосборник|atrophy Жатка живой массы|atrophy Сушильный орган|atrophy Электромотор|atrophy Тепловой орган"
158,1,158,13,12,616.675415,1919.770142,0,144.159058,671.67572,9.734915,180.64772,279.482819,0,19041.646484,0,0,0,6,Active,None,0,0.001953,"capture dust|burn dry organic matter|power intake and harvest|reject heat|spoil wet organic matter|maintain caravan water circuit|maintain living structure|circulate organic nitrogen|maintain electrical systems|grow Парус|grow Солнечный лист|grow Резервуар|grow Органическое хранилище|grow Каркас|atrophy Водозабор|atrophy Снегосборник|atrophy Жатка живой массы|atrophy Сушильный орган|atrophy Электромотор|atrophy Тепловой орган"
159,1,159,10,18,622.257629,1820.853882,0,143.124008,751.432312,10.679388,180.656937,277.25882,0,19032.748047,0,0,0,6,Active,None,0,0.001953,"harvest dry biomass|capture dust|burn dry organic matter|power intake and harvest|reject heat|spoil wet organic matter|maintain caravan water circuit|maintain living structure|circulate organic nitrogen|maintain electrical systems|grow Сборщик сухой массы|grow Органическое хранилище|grow Биореактор / топка|atrophy Водозабор|atrophy Снегосборник|atrophy Жатка живой массы|atrophy Сушильный орган|atrophy Электромотор|atrophy Тепловой орган"
160,1,160,2,11,628.768982,2540.629395,0,141.892868,722.072937,10.312332,180.666183,272.63913,0.742795,19681.726563,0,0,0,6,Active,None,0,0.001953,"harvest dry biomass|burn dry organic matter|power intake and harvest|reject heat|spoil wet organic matter|move|movement water loss|movement organic maintenance|maintain caravan water circuit|maintain living structure|circulate organic nitrogen|maintain electrical systems|grow Сборщик сухой массы|grow Органическое хранилище|grow Биореактор / топка|atrophy Водозабор|atrophy Снегосборник|atrophy Жатка живой массы|atrophy Сушильный орган|atrophy Электромотор|atrophy Тепловой орган"
161,1,161,13,11,635.326843,2445.861084,0,140.774521,694.545654,9.968391,180.67543,279.481537,0,19571.875,0,0,0,6,Active,None,0,0.001953,"capture dust|burn dry organic matter|power intake and harvest|reject heat|spoil wet organic matter|maintain caravan water circuit|maintain living structure|circulate organic nitrogen|maintain electrical systems|grow Парус|grow Солнечный лист|grow Резервуар|grow Органическое хранилище|grow Каркас|atrophy Водозабор|atrophy Снегосборник|atrophy Жатка живой массы|atrophy Сушильный орган|atrophy Электромотор|atrophy Тепловой орган"
162,1,162,13,3,640.528381,2353.178223,0,139.699234,666.070068,9.613687,180.684662,276.592621,0.466087,19453.666016,0,0,0,6,Active,None,0,0.001953,"burn dry organic matter|reject heat|spoil wet organic matter|move|movement water loss|movement organic maintenance|maintain caravan water circuit|maintain living structure|circulate organic nitrogen|maintain electrical systems|grow Сборщик сухой массы|grow Органическое хранилище|grow Биореактор / топка|atrophy Водозабор|atrophy Снегосборник|atrophy Жатка живой массы|atrophy Сушильный орган|atrophy Электромотор|atrophy Тепловой орган"
163,1,163,8,17,644.546143,2263.033936,0,138.617493,747.822449,10.581448,180.693893,277.278564,0,19445.806641,0,0,0,6,Active,None,0,0.001953,"harvest dry biomass|burn dry organic matter|power intake and harvest|reject heat|spoil wet organic matter|maintain caravan water circuit|maintain living structure|circulate organic nitrogen|maintain electrical systems|grow Сборщик сухой массы|grow Органическое хранилище|grow Биореактор / топка|atrophy Водозабор|atrophy Снегосборник|atrophy Жатка живой массы|atrophy Сушильный орган|atrophy Электромотор|atrophy Тепловой орган"
164,1,164,13,11,650.371765,2168.679932,0,137.494934,721.928772,10.256934,180.70314,278.083801,0,19330.785156,0,0,0,6,Active,None,0,0.001953,"capture dust|burn dry organic matter|power intake and harvest|reject heat|spoil wet organic matter|maintain caravan water circuit|maintain living structure|circulate organic nitrogen|maintain electrical systems|grow Парус|grow Солнечный лист|grow Резервуар|grow Органическое хранилище|grow Каркас|atrophy Водозабор|atrophy Снегосборник|atrophy Жатка живой массы|atrophy Сушильный орган|atrophy Электромотор|atrophy Тепловой орган"
165,1,165,13,11,653.907288,2076.5625,0,136.326309,694.587769,9.914658,180.712387,279.506348,0,19165.699219,0,0,0,6,Active,None,0,0.001953,"burn dry organic matter|reject heat|spoil wet organic matter|maintain caravan water circuit|maintain living structure|circulate organic nitrogen|maintain electrical systems|grow Парус|grow Солнечный лист|grow Резервуар|grow Органическое хранилище|grow Каркас|atrophy Водозабор|atrophy Снегосборник|atrophy Жатка живой массы|atrophy Сушильный орган|atrophy Электромотор|atrophy Тепловой орган"
166,1,166,14,3,659.953979,1980.161499,0,135.214142,667.477295,9.575974,180.72168,276.602692,0.464591,19045.039063,0,0,0,6,Active,None,0,0.001953,"burn dry organic matter|reject heat|spoil wet organic matter|move|movement water loss|movement organic maintenance|maintain caravan water circuit|maintain living structure|circulate organic nitrogen|maintain electrical systems|grow Сборщик сухой массы|grow Органическое хранилище|grow Биореактор / топка|atrophy Водозабор|atrophy Снегосборник|atrophy Жатка живой массы|atrophy Сушильный орган|atrophy Электромотор|atrophy Тепловой орган"
167,1,167,13,12,665.573669,1885.019775,0,134.128159,749.805786,10.550574,180.731033,276.274384,0.517021,19027.947266,0,0,0,6,Active,None,0,0.001953,"burn dry organic matter|reject heat|spoil wet organic matter|move|movement water loss|movement organic maintenance|maintain caravan water circuit|maintain living structure|circulate organic nitrogen|maintain electrical systems|grow Парус|grow Солнечный лист|grow Резервуар|grow Органическое хранилище|grow Каркас|atrophy Водозабор|atrophy Снегосборник|atrophy Жатка живой массы|atrophy Сушильный орган|atrophy Электромотор|atrophy Тепловой орган"
168,1,168,13,12,669.381531,1791.289551,0,132.858795,723.069214,10.214273,180.740402,279.5065,0,18902.712891,0,0,0,6,Active,None,0,0.001953,"burn dry organic matter|reject heat|spoil wet organic matter|maintain caravan water circuit|maintain living structure|circulate organic nitrogen|maintain electrical systems|grow Парус|grow Солнечный лист|grow Резервуар|grow Органическое хранилище|grow Каркас|atrophy Водозабор|atrophy Снегосборник|atrophy Жатка живой массы|atrophy Сушильный орган|atrophy Электромотор|atrophy Тепловой орган"
169,1,169,13,11,673.518433,2508.940674,0,131.425919,696.313721,9.876202,180.749741,279.482727,0,19593.033203,0,0,0,6,Active,None,0,0.001953,"capture dust|burn dry organic matter|power intake and harvest|reject heat|spoil wet organic matter|maintain caravan water circuit|maintain living structure|circulate organic nitrogen|maintain electrical systems|grow Парус|grow Солнечный лист|grow Резервуар|grow Органическое хранилище|grow Каркас|atrophy Водозабор|atrophy Снегосборник|atrophy Жатка живой массы|atrophy Сушильный орган|atrophy Электромотор|atrophy Тепловой орган"
170,1,170,18,15,678.580322,2408.236816,0,130.212479,778.00238,10.84172,180.759079,277.248779,0,19588.611328,0,0,0,6,Active,None,0,0.001953,"harvest dry biomass|capture dust|burn dry organic matter|power intake and harvest|reject heat|spoil wet organic matter|maintain caravan water circuit|maintain living structure|circulate organic nitrogen|maintain electrical systems|grow Сборщик сухой массы|grow Органическое хранилище|grow Биореактор / топка|atrophy Водозабор|atrophy Снегосборник|atrophy Жатка живой массы|atrophy Сушильный орган|atrophy Электромотор|atrophy Тепловой орган"
171,1,171,13,13,683.625854,2305.849854,0,129.097,751.078003,10.50491,180.768448,279.482788,0,19474.154297,0,0,0,6,Active,None,0,0.001953,"capture dust|burn dry organic matter|power intake and harvest|reject heat|spoil wet organic matter|maintain caravan water circuit|maintain living structure|circulate organic nitrogen|maintain electrical systems|grow Парус|grow Солнечный лист|grow Резервуар|grow Органическое хранилище|grow Каркас|atrophy Водозабор|atrophy Снегосборник|atrophy Жатка живой массы|atrophy Сушильный орган|atrophy Электромотор|atrophy Тепловой орган"
172,1,172,13,12,687.038086,2203.628418,0,128.055893,724.457703,10.172825,180.777817,279.482971,0,19305.902344,0,0,0,6,Active,None,0,0.001953,"capture dust|burn dry organic matter|power intake and harvest|reject heat|spoil wet organic matter|maintain caravan water circuit|maintain living structure|circulate organic nitrogen|maintain electrical systems|grow Парус|grow Солнечный лист|grow Резервуар|grow Органическое хранилище|grow Каркас|atrophy Водозабор|atrophy Снегосборник|atrophy Жатка живой массы|atrophy Сушильный орган|atrophy Электромотор|atrophy Тепловой орган"
173,1,173,13,12,691.280762,2103.81665,0,127.041626,697.433105,9.836253,180.787186,279.482727,0,19194.185547,0,0,0,6,Active,None,0,0.001953,"capture dust|burn dry organic matter|power intake and harvest|reject heat|spoil wet organic matter|maintain caravan water circuit|maintain living structure|circulate organic nitrogen|maintain electrical systems|grow Парус|grow Солнечный лист|grow Резервуар|grow Органическое хранилище|grow Каркас|atrophy Водозабор|atrophy Снегосборник|atrophy Жатка живой массы|atrophy Сушильный орган|atrophy Электромотор|atrophy Тепловой орган"
174,1,174,7,9,697.763062,2004.209106,0,126.001671,780.5625,10.821178,180.796524,276.584412,0.105813,19190.292969,0,0,0,6,Active,None,0,0.001953,"harvest dry biomass|capture dust|burn dry organic matter|power intake and harvest|reject heat|spoil wet organic matter|move|movement water loss|movement organic maintenance|maintain caravan water circuit|maintain living structure|circulate organic nitrogen|maintain electrical systems|grow Сборщик сухой массы|grow Органическое хранилище|grow Биореактор / топка|atrophy Водозабор|atrophy Снегосборник|atrophy Жатка живой массы|atrophy Сушильный орган|atrophy Электромотор|atrophy Тепловой орган"
175,1,175,13,11,705.622192,1903.553955,0,124.928101,755.169189,10.503254,180.805893,279.506744,0,19067.199219,0,0,0,6,Active,None,0,0.001953,"burn dry organic matter|reject heat|spoil wet organic matter|move|movement water loss|movement organic maintenance|maintain caravan water circuit|maintain living structure|circulate organic nitrogen|maintain electrical systems|grow Парус|grow Солнечный лист|grow Резервуар|grow Органическое хранилище|grow Каркас|atrophy Водозабор|atrophy Снегосборник|atrophy Жатка живой массы|atrophy Сушильный орган|atrophy Электромотор|atrophy Тепловой орган"
176,1,176,13,11,711.719299,1806.712891,0,123.872353,729.389893,10.181132,180.815262,277.060516,0.391337,18895.417969,0,0,0,6,Active,None,0,0.001953,"burn dry organic matter|reject heat|spoil wet organic matter|move|movement water loss|movement organic maintenance|maintain caravan water circuit|maintain living structure|circulate organic nitrogen|maintain electrical systems|grow Парус|grow Солнечный лист|grow Резервуар|grow Органическое хранилище|grow Каркас|atrophy Водозабор|atrophy Снегосборник|atrophy Жатка живой массы|atrophy Сушильный орган|atrophy Электромотор|atrophy Тепловой орган"
177,1,177,13,12,719.73291,2521.635254,0,122.794868,704.184143,9.865987,180.824615,279.506348,0,19583.576172,0,0,0,6,Active,None,0,0.001953,"burn dry organic matter|reject heat|spoil wet organic matter|maintain caravan water circuit|maintain living structure|circulate organic nitrogen|maintain electrical systems|grow Парус|grow Солнечный лист|grow Резервуар|grow Органическое хранилище|grow Каркас|atrophy Водозабор|atrophy Снегосборник|atrophy Жатка живой массы|atrophy Сушильный орган|atrophy Электромотор|atrophy Тепловой орган"
178,1,178,6,15,725.639709,2424.669189,0,121.885498,788.383301,10.865255,180.833954,277.264832,0,19566.992188,0,0,0,6,Active,None,0,0.001953,"harvest dry biomass|burn dry organic matter|power intake and harvest|reject heat|spoil wet organic matter|move|movement water loss|movement organic maintenance|maintain caravan water circuit|maintain living structure|circulate organic nitrogen|maintain electrical systems|grow Сборщик сухой массы|grow Органическое хранилище|grow Биореактор / топка|atrophy Водозабор|atrophy Снегосборник|atrophy Жатка живой массы|atrophy Сушильный орган|atrophy Электромотор|atrophy Тепловой орган"
179,1,179,13,11,730.967896,2326.462646,0,120.887383,761.800842,10.534038,180.843323,279.50647,0,19439.052734,0,0,0,6,Active,None,0,0.001953,"burn dry organic matter|reject heat|spoil wet organic matter|maintain caravan water circuit|maintain living structure|circulate organic nitrogen|maintain electrical systems|grow Парус|grow Солнечный лист|grow Резервуар|grow Органическое хранилище|grow Каркас|atrophy Водозабор|atrophy Снегосборник|atrophy Жатка живой массы|atrophy Сушильный орган|atrophy Электромотор|atrophy Тепловой орган"
180,1,180,13,12,734.753418,2233.964355,0,119.974998,736.264465,10.216397,180.852692,279.506226,0,19318.394531,0,0,0,6,Active,None,0,0.001953,"burn dry organic matter|reject heat|spoil wet organic matter|maintain caravan water circuit|maintain living structure|circulate organic nitrogen|maintain electrical systems|grow Парус|grow Солнечный лист|grow Резервуар|grow Органическое хранилище|grow Каркас|atrophy Водозабор|atrophy Снегосборник|atrophy Жатка живой массы|atrophy Сушильный орган|atrophy Электромотор|atrophy Тепловой орган"
181,1,181,13,11,738.830505,2137.75415,0,118.959526,711.288269,9.904357,180.862061,279.506836,0,19196.265625,0,0,0,6,Active,None,0,0.001953,"burn dry organic matter|reject heat|spoil wet organic matter|maintain caravan water circuit|maintain living structure|circulate organic nitrogen|maintain electrical systems|grow Парус|grow Солнечный лист|grow Резервуар|grow Органическое хранилище|grow Каркас|atrophy Водозабор|atrophy Снегосборник|atrophy Жатка живой массы|atrophy Сушильный орган|atrophy Электромотор|atrophy Тепловой орган"
182,1,182,13,5,744.453552,2038.515259,0,117.882256,795.90271,10.90667,180.871399,277.261688,0,19186.986328,0,0,0,6,Active,None,0,0.001953,"harvest dry biomass|burn dry organic matter|power intake and harvest|reject heat|spoil wet organic matter|maintain caravan water circuit|maintain living structure|circulate organic nitrogen|maintain electrical systems|grow Сборщик сухой массы|grow Органическое хранилище|grow Биореактор / топка|atrophy Водозабор|atrophy Снегосборник|atrophy Жатка живой массы|atrophy Сушильный орган|atrophy Электромотор|atrophy Тепловой орган"
183,1,183,13,13,749.807678,1938.686279,0,116.712296,770.43219,10.586743,180.880768,279.506714,0,19066.421875,0,0,0,6,Active,None,0,0.001953,"burn dry organic matter|reject heat|spoil wet organic matter|maintain caravan water circuit|maintain living structure|circulate organic nitrogen|maintain electrical systems|grow Парус|grow Солнечный лист|grow Резервуар|grow Органическое хранилище|grow Каркас|atrophy Водозабор|atrophy Снегосборник|atrophy Жатка живой массы|atrophy Сушильный орган|atrophy Электромотор|atrophy Тепловой орган"
184,1,184,13,12,753.689209,1841.673462,0,115.557472,745.156799,10.269385,180.890137,279.485199,0,18946.449219,0,0,0,6,Active,None,0,0.001953,"capture dust|burn dry organic matter|power intake and harvest|reject heat|spoil wet organic matter|maintain caravan water circuit|maintain living structure|circulate organic nitrogen|maintain electrical systems|grow Парус|grow Солнечный лист|grow Резервуар|grow Органическое хранилище|grow Каркас|atrophy Водозабор|atrophy Снегосборник|atrophy Жатка живой массы|atrophy Сушильный орган|atrophy Электромотор|atrophy Тепловой орган"
185,1,185,14,5,764.045959,2537.689209,0,114.421677,718.839111,9.939947,180.89949,279.483276,0,19626.148438,0,0,0,6,Active,None,0,0.001953,"capture dust|burn dry organic matter|power intake and harvest|reject heat|spoil wet organic matter|move|movement water loss|movement organic maintenance|maintain caravan water circuit|maintain living structure|circulate organic nitrogen|maintain electrical systems|grow Сборщик сухой массы|grow Органическое хранилище|grow Биореактор / топка|atrophy Водозабор|atrophy Снегосборник|atrophy Жатка живой массы|atrophy Сушильный орган|atrophy Электромотор|atrophy Тепловой орган"
186,1,186,19,14,767.394836,2432.883057,0,113.466431,802.109253,10.927604,180.908844,277.234375,0,19566.949219,0,0,0,6,Active,None,0,0.001953,"harvest dry biomass|capture dust|burn dry organic matter|power intake and harvest|reject heat|spoil wet organic matter|maintain caravan water circuit|maintain living structure|circulate organic nitrogen|maintain electrical systems|grow Сборщик сухой массы|grow Органическое хранилище|grow Биореактор / топка|atrophy Водозабор|atrophy Снегосборник|atrophy Жатка живой массы|atrophy Сушильный орган|atrophy Электромотор|atrophy Тепловой орган"
187,1,187,13,13,772.696289,2331.825684,0,112.521866,776.066956,10.603604,180.918213,279.482849,0,19455.152344,0,0,0,6,Active,None,0,0.001953,"capture dust|burn dry organic matter|power intake and harvest|reject heat|spoil wet organic matter|maintain caravan water circuit|maintain living structure|circulate organic nitrogen|maintain electrical systems|grow Парус|grow Солнечный лист|grow Резервуар|grow Органическое хранилище|grow Каркас|atrophy Водозабор|atrophy Снегосборник|atrophy Жатка живой массы|atrophy Сушильный орган|atrophy Электромотор|atrophy Тепловой орган"
188,1,188,13,12,777.062683,2235.341064,0,111.624893,751.527954,10.298152,180.927582,279.506622,0,19342.353516,0,0,0,6,Active,None,0,0.001953,"burn dry organic matter|reject heat|spoil wet organic matter|maintain caravan water circuit|maintain living structure|circulate organic nitrogen|maintain electrical systems|grow Парус|grow Солнечный лист|grow Резервуар|grow Органическое хранилище|grow Каркас|atrophy Водозабор|atrophy Снегосборник|atrophy Жатка живой массы|atrophy Сушильный орган|atrophy Электромотор|atrophy Тепловой орган"
189,1,189,7,10,782.944946,2138.736328,0,110.631531,726.319336,9.983685,180.936935,277.098663,0.385239,19223.347656,0,0,0,6,Active,None,0,0.001953,"burn dry organic matter|reject heat|spoil wet organic matter|move|movement water loss|movement organic maintenance|maintain caravan water circuit|maintain living structure|circulate organic nitrogen|maintain electrical systems|grow Сборщик сухой массы|grow Органическое хранилище|grow Биореактор / топка|atrophy Водозабор|atrophy Снегосборник|atrophy Жатка живой массы|atrophy Сушильный орган|atrophy Электромотор|atrophy Тепловой орган"
190,1,190,8,11,788.083313,2039.810303,0,109.621613,812.542603,11.005965,180.946289,277.254517,0,19206.5625,0,0,0,6,Active,None,0,0.001953,"harvest dry biomass|burn dry organic matter|power intake and harvest|reject heat|spoil wet organic matter|maintain caravan water circuit|maintain living structure|circulate organic nitrogen|maintain electrical systems|grow Сборщик сухой массы|grow Органическое хранилище|grow Биореактор / топка|atrophy Водозабор|atrophy Снегосборник|atrophy Жатка живой массы|atrophy Сушильный орган|atrophy Электромотор|atrophy Тепловой орган"
191,1,191,13,11,792.973328,1944.150146,0,108.6642,788.292358,10.703214,180.955658,279.506805,0,19082.714844,0,0,0,6,Active,None,0,0.001953,"burn dry organic matter|reject heat|spoil wet organic matter|maintain caravan water circuit|maintain living structure|circulate organic nitrogen|maintain electrical systems|grow Парус|grow Солнечный лист|grow Резервуар|grow Органическое хранилище|grow Каркас|atrophy Водозабор|atrophy Снегосборник|atrophy Жатка живой массы|atrophy Сушильный орган|atrophy Электромотор|atrophy Тепловой орган"
192,1,192,13,11,797.2453,1846.655273,0,107.852592,763.807739,10.399567,180.965027,279.506622,0,18957.179688,0,0,0,6,Active,None,0,0.001953,"burn dry organic matter|reject heat|spoil wet organic matter|maintain caravan water circuit|maintain living structure|circulate organic nitrogen|maintain electrical systems|grow Парус|grow Солнечный лист|grow Резервуар|grow Органическое хранилище|grow Каркас|atrophy Водозабор|atrophy Снегосборник|atrophy Жатка живой массы|atrophy Сушильный орган|atrophy Электромотор|atrophy Тепловой орган"
193,1,193,13,12,804.996765,2549.456543,0,106.891785,740.163208,10.10414,180.974365,279.5065,0,19632.386719,0,0,0,6,Active,None,0,0.001953,"burn dry organic matter|reject heat|spoil wet organic matter|maintain caravan water circuit|maintain living structure|circulate organic nitrogen|maintain electrical systems|grow Парус|grow Солнечный лист|grow Резервуар|grow Органическое хранилище|grow Каркас|atrophy Водозабор|atrophy Снегосборник|atrophy Жатка живой массы|atrophy Сушильный орган|atrophy Электромотор|atrophy Тепловой орган"
194,1,194,15,7,809.961609,2444.088623,0,105.951782,826.438171,11.127891,180.983826,277.248138,0,19629.267578,0,0,0,6,Active,None,0,0.001953,"harvest dry biomass|burn dry organic matter|power intake and harvest|reject heat|spoil wet organic matter|maintain caravan water circuit|maintain living structure|circulate organic nitrogen|maintain electrical systems|grow Сборщик сухой массы|grow Органическое хранилище|grow Биореактор / топка|atrophy Водозабор|atrophy Снегосборник|atrophy Жатка живой массы|atrophy Сушильный орган|atrophy Электромотор|atrophy Тепловой орган"
195,1,195,13,11,813.993835,2337.440674,0,105.010033,802.774902,10.832107,180.993378,279.061066,0,19521.326172,0,0,0,6,Active,None,0,0.001953,"collect chitin|burn dry organic matter|power intake and harvest|reject heat|spoil wet organic matter|maintain caravan water circuit|maintain living structure|circulate organic nitrogen|maintain electrical systems|grow Ростовая ткань|grow Каркас|atrophy Водозабор|atrophy Снегосборник|atrophy Жатка живой массы|atrophy Сушильный орган|atrophy Электромотор|atrophy Тепловой орган"
196,1,196,13,13,817.409363,2226.341064,0,104.090805,778.172302,10.525353,181.003143,279.350739,0.024171,19381.787109,0,0,0,6,Active,None,0,0.001953,"burn dry organic matter|reject heat|spoil wet organic matter|move|movement water loss|movement organic maintenance|maintain caravan water circuit|maintain living structure|circulate organic nitrogen|maintain electrical systems|grow Ростовая ткань|grow Каркас|atrophy Водозабор|atrophy Снегосборник|atrophy Жатка живой массы|atrophy Сушильный орган|atrophy Электромотор|atrophy Тепловой орган"
197,1,197,13,13,819.645447,2111.484131,0,103.016441,754.052856,10.22195,181.013535,279.493225,0,19288.720703,0,0,0,6,Active,None,0,0.001953,"burn dry organic matter|reject heat|spoil wet organic matter|maintain caravan water circuit|maintain living structure|circulate organic nitrogen|maintain electrical systems|grow Парус|grow Солнечный лист|grow Резервуар|grow Органическое хранилище|grow Каркас|atrophy Водозабор|atrophy Снегосборник|atrophy Жатка живой массы|atrophy Сушильный орган|atrophy Электромотор|atrophy Тепловой орган"
198,1,198,17,10,825.044617,1986.653076,0,101.547569,729.974915,9.914369,181.0242,279.469666,0,19146.53125,0,0,0,6,Active,None,0,0.001953,"capture dust|burn dry organic matter|power intake and harvest|reject heat|spoil wet organic matter|move|movement water loss|movement organic maintenance|maintain caravan water circuit|maintain living structure|circulate organic nitrogen|maintain electrical systems|grow Сборщик сухой массы|grow Органическое хранилище|grow Биореактор / топка|atrophy Водозабор|atrophy Снегосборник|atrophy Жатка живой массы|atrophy Сушильный орган|atrophy Электромотор|atrophy Тепловой орган"
199,1,199,13,11,828.196716,1859.243408,0,99.955887,815.710022,10.923047,181.034866,277.691803,0.284384,19067.03125,0,0,0,6,Active,None,0,0.001953,"capture dust|burn dry organic matter|power intake and harvest|reject heat|spoil wet organic matter|move|movement water loss|movement organic maintenance|maintain caravan water circuit|maintain living structure|circulate organic nitrogen|maintain electrical systems|grow Парус|grow Солнечный лист|grow Резервуар|grow Органическое хранилище|grow Каркас|atrophy Водозабор|atrophy Снегосборник|atrophy Жатка живой массы|atrophy Сушильный орган|atrophy Электромотор|atrophy Тепловой орган"
200,1,200,12.999999,11,833.696716,2535.6875,0,98.694908,791.288208,10.614166,181.045547,273.046814,1.031353,19723.921875,0,0,0,6,Active,None,0,0.001953,"burn dry organic matter|reject heat|spoil wet organic matter|move|movement water loss|movement organic maintenance|maintain caravan water circuit|maintain living structure|circulate organic nitrogen|maintain electrical systems|grow Парус|grow Солнечный лист|grow Резервуар|grow Органическое хранилище|grow Каркас|atrophy Водозабор|atrophy Снегосборник|atrophy Жатка живой массы|atrophy Сушильный орган|atrophy Электромотор|atrophy Тепловой орган"
201,1,201,13,11,836.123779,2408.397461,0,97.4842,767.164612,10.309412,181.056198,279.469574,0,19587.113281,0,0,0,6,Active,None,0,0.001953,"capture dust|burn dry organic matter|power intake and harvest|reject heat|spoil wet organic matter|maintain caravan water circuit|maintain living structure|circulate organic nitrogen|maintain electrical systems|grow Парус|grow Солнечный лист|grow Резервуар|grow Органическое хранилище|grow Каркас|atrophy Водозабор|atrophy Снегосборник|atrophy Жатка живой массы|atrophy Сушильный орган|atrophy Электромотор|atrophy Тепловой орган"
202,1,202,10,10,839.065735,2283.518799,0,96.31337,742.458801,9.998261,181.066864,278.034271,0.229625,19452.240234,0,0,0,6,Active,None,0,0.001953,"capture dust|burn dry organic matter|power intake and harvest|reject heat|spoil wet organic matter|move|movement water loss|movement organic maintenance|maintain caravan water circuit|maintain living structure|circulate organic nitrogen|maintain electrical systems|grow Сборщик сухой массы|grow Органическое хранилище|grow Биореактор / топка|atrophy Водозабор|atrophy Снегосборник|atrophy Жатка живой массы|atrophy Сушильный орган|atrophy Электромотор|atrophy Тепловой орган"
203,1,203,13,11,841.575562,2162.312744,0,95.232651,829.048279,11.023594,181.07753,278.583252,0.141751,19380.960938,0,0,0,6,Active,None,0,0.001953,"capture dust|burn dry organic matter|power intake and harvest|reject heat|spoil wet organic matter|move|movement water loss|movement organic maintenance|maintain caravan water circuit|maintain living structure|circulate organic nitrogen|maintain electrical systems|grow Парус|grow Солнечный лист|grow Резервуар|grow Органическое хранилище|grow Каркас|atrophy Водозабор|atrophy Снегосборник|atrophy Жатка живой массы|atrophy Сушильный орган|atrophy Электромотор|atrophy Тепловой орган"
204,1,204,13,11,843.646912,2047.719482,0,94.191872,804.878601,10.720405,181.088181,279.49295,0,19252.072266,0,0,0,6,Active,None,0,0.001953,"burn dry organic matter|reject heat|spoil wet organic matter|maintain caravan water circuit|maintain living structure|circulate organic nitrogen|maintain electrical systems|grow Парус|grow Солнечный лист|grow Резервуар|grow Органическое хранилище|grow Каркас|atrophy Водозабор|atrophy Снегосборник|atrophy Жатка живой массы|atrophy Сушильный орган|atrophy Электромотор|atrophy Тепловой орган"
205,1,205,13,12,846.014954,1939.03772,0,93.19825,781.545166,10.427963,181.098831,279.493103,0,19120.21875,0,0,0,6,Active,None,0,0.001953,"burn dry organic matter|reject heat|spoil wet organic matter|maintain caravan water circuit|maintain living structure|circulate organic nitrogen|maintain electrical systems|grow Парус|grow Солнечный лист|grow Резервуар|grow Органическое хранилище|grow Каркас|atrophy Водозабор|atrophy Снегосборник|atrophy Жатка живой массы|atrophy Сушильный орган|atrophy Электромотор|atrophy Тепловой орган"
206,1,206,17,11,849.107239,1832.59436,0,92.203308,757.814758,10.13095,181.109497,277.873688,0.259106,18990.078125,0,0,0,6,Active,None,0,0.001953,"burn dry organic matter|reject heat|spoil wet organic matter|move|movement water loss|movement organic maintenance|maintain caravan water circuit|maintain living structure|circulate organic nitrogen|maintain electrical systems|grow Сборщик сухой массы|grow Органическое хранилище|grow Биореактор / топка|atrophy Водозабор|atrophy Снегосборник|atrophy Жатка живой массы|atrophy Сушильный орган|atrophy Электромотор|atrophy Тепловой орган"
207,1,207,8,10,855.765076,2536.968262,0,91.260132,849.343994,11.217872,181.120209,277.22464,0,19782.080078,0,0,0,6,Active,None,0,0.001953,"harvest dry biomass|burn dry organic matter|power intake and harvest|reject heat|spoil wet organic matter|maintain caravan water circuit|maintain living structure|circulate organic nitrogen|maintain electrical systems|grow Сборщик сухой массы|grow Органическое хранилище|grow Биореактор / топка|atrophy Водозабор|atrophy Снегосборник|atrophy Жатка живой массы|atrophy Сушильный орган|atrophy Электромотор|atrophy Тепловой орган"
208,1,208,13,12,859.411194,2441.800293,0,90.394409,825.982788,10.926576,181.130859,279.492859,0,19659.853516,0,0,0,6,Active,None,0,0.001953,"burn dry organic matter|reject heat|spoil wet organic matter|maintain caravan water circuit|maintain living structure|circulate organic nitrogen|maintain electrical systems|grow Парус|grow Солнечный лист|grow Резервуар|grow Органическое хранилище|grow Каркас|atrophy Водозабор|atrophy Снегосборник|atrophy Жатка живой массы|atrophy Сушильный орган|atrophy Электромотор|atrophy Тепловой орган"
209,1,209,13,12,861.966736,2350.529541,0,89.618698,802.357483,10.633411,181.14151,279.493103,0,19541.501953,0,0,0,6,Active,None,0,0.001953,"burn dry organic matter|reject heat|spoil wet organic matter|maintain caravan water circuit|maintain living structure|circulate organic nitrogen|maintain electrical systems|grow Парус|grow Солнечный лист|grow Резервуар|grow Органическое хранилище|grow Каркас|atrophy Водозабор|atrophy Снегосборник|atrophy Жатка живой массы|atrophy Сушильный орган|atrophy Электромотор|atrophy Тепловой орган"
210,1,210,13,11,863.986145,2260.248779,0,88.856094,778.521729,10.337905,181.152161,279.493439,0,19423.958984,0,0,0,6,Active,None,0,0.001953,"burn dry organic matter|reject heat|spoil wet organic matter|maintain caravan water circuit|maintain living structure|circulate organic nitrogen|maintain electrical systems|grow Парус|grow Солнечный лист|grow Резервуар|grow Органическое хранилище|grow Каркас|atrophy Водозабор|atrophy Снегосборник|atrophy Жатка живой массы|atrophy Сушильный орган|atrophy Электромотор|atrophy Тепловой орган"
211,1,211,13,7,867.107483,2167.550293,0,88.150528,866.477295,11.384521,181.162964,277.2211,0,19415.941406,0,0,0,6,Active,None,0,0.001953,"harvest dry biomass|burn dry organic matter|power intake and harvest|reject heat|spoil wet organic matter|maintain caravan water circuit|maintain living structure|circulate organic nitrogen|maintain electrical systems|grow Сборщик сухой массы|grow Органическое хранилище|grow Биореактор / топка|atrophy Водозабор|atrophy Снегосборник|atrophy Жатка живой массы|atrophy Сушильный орган|atrophy Электромотор|atrophy Тепловой орган"
212,1,212,13,11,870.506287,2073.047607,0,87.478844,843.259583,11.097445,181.173737,279.471985,0,19299.595703,0,0,0,6,Active,None,0,0.001953,"capture dust|burn dry organic matter|power intake and harvest|reject heat|spoil wet organic matter|move|movement water loss|movement organic maintenance|maintain caravan water circuit|maintain living structure|circulate organic nitrogen|maintain electrical systems|grow Парус|grow Солнечный лист|grow Резервуар|grow Органическое хранилище|grow Каркас|atrophy Водозабор|atrophy Снегосборник|atrophy Жатка живой массы|atrophy Сушильный орган|atrophy Электромотор|atrophy Тепловой орган"
213,1,213,13,11,873.006287,1977.767578,0,86.722176,819.020081,10.797218,181.184509,279.470032,0,19195.878906,0,0,0,6,Active,None,0,0.001953,"capture dust|burn dry organic matter|power intake and harvest|reject heat|spoil wet organic matter|maintain caravan water circuit|maintain living structure|circulate organic nitrogen|maintain electrical systems|grow Парус|grow Солнечный лист|grow Резервуар|grow Органическое хранилище|grow Каркас|atrophy Водозабор|atrophy Снегосборник|atrophy Жатка живой массы|atrophy Сушильный орган|atrophy Электромотор|atrophy Тепловой орган"
214,1,214,13,12,875.810364,1881.282227,0,86.014801,793.727722,10.485192,181.195282,279.470001,0,19038.392578,0,0,0,6,Active,None,0,0.001953,"capture dust|burn dry organic matter|power intake and harvest|reject heat|spoil wet organic matter|maintain caravan water circuit|maintain living structure|circulate organic nitrogen|maintain electrical systems|grow Парус|grow Солнечный лист|grow Резервуар|grow Органическое хранилище|grow Каркас|atrophy Водозабор|atrophy Снегосборник|atrophy Жатка живой массы|atrophy Сушильный орган|atrophy Электромотор|atrophy Тепловой орган"
215,1,215,4,8,882.134949,2590.990479,0,85.439018,791.96283,10.45677,181.206177,278.427948,0.098626,19776.269531,0,0,0,6,Active,None,0,0.001953,"harvest dry biomass|burn dry organic matter|power intake and harvest|reject heat|spoil wet organic matter|move|movement water loss|movement organic maintenance|maintain caravan water circuit|maintain living structure|circulate organic nitrogen|maintain electrical systems|grow Сборщик сухой массы|grow Органическое хранилище|grow Биореактор / топка|atrophy Водозабор|atrophy Снегосборник|atrophy Жатка живой массы|atrophy Сушильный орган|atrophy Электромотор|atrophy Тепловой орган"
216,1,216,17,16,886.011353,2491.851074,0,84.846397,767.718201,10.158035,181.217529,279.465332,0,19664.316406,0,0,0,6,Active,None,0,0.001953,"capture dust|burn dry organic matter|power intake and harvest|reject heat|spoil wet organic matter|move|movement water loss|movement organic maintenance|maintain caravan water circuit|maintain living structure|circulate organic nitrogen|maintain electrical systems|grow Сборщик сухой массы|grow Органическое хранилище|grow Биореактор / топка|atrophy Водозабор|atrophy Снегосборник|atrophy Жатка живой массы|atrophy Сушильный орган|atrophy Электромотор|atrophy Тепловой орган"
217,1,217,13,12,890.203979,2398.246094,0,84.265572,855.404297,11.202597,181.228882,277.681519,0.285353,19623.626953,0,0,0,6,Active,None,0,0.001953,"capture dust|burn dry organic matter|power intake and harvest|reject heat|spoil wet organic matter|move|movement water loss|movement organic maintenance|maintain caravan water circuit|maintain living structure|circulate organic nitrogen|maintain electrical systems|grow Парус|grow Солнечный лист|grow Резервуар|grow Органическое хранилище|grow Каркас|atrophy Водозабор|atrophy Снегосборник|atrophy Жатка живой массы|atrophy Сушильный орган|atrophy Электромотор|atrophy Тепловой орган"
218,1,218,13,12,893.119507,2307.841309,0,83.695587,832.072327,10.915033,181.240326,279.484131,0,19545.177734,0,0,0,6,Active,None,0,0.001953,"burn dry organic matter|reject heat|spoil wet organic matter|maintain caravan water circuit|maintain living structure|circulate organic nitrogen|maintain electrical systems|grow Парус|grow Солнечный лист|grow Резервуар|grow Органическое хранилище|grow Каркас|atrophy Водозабор|atrophy Снегосборник|atrophy Жатка живой массы|atrophy Сушильный орган|atrophy Электромотор|atrophy Тепловой орган"
219,1,219,13,11,896.17804,2219.067139,0,83.083488,808.25824,10.621062,181.252167,279.484192,0,19443.972656,0,0,0,6,Active,None,0,0.001953,"burn dry organic matter|reject heat|spoil wet organic matter|maintain caravan water circuit|maintain living structure|circulate organic nitrogen|maintain electrical systems|grow Парус|grow Солнечный лист|grow Резервуар|grow Органическое хранилище|grow Каркас|atrophy Водозабор|atrophy Снегосборник|atrophy Жатка живой массы|atrophy Сушильный орган|atrophy Электромотор|atrophy Тепловой орган"
220,1,220,8,9,900.714172,2128.253418,0,82.465523,784.364502,10.326314,181.264008,277.679657,0.288736,19337.777344,0,0,0,6,Active,None,0,0.001953,"burn dry organic matter|reject heat|spoil wet organic matter|move|movement water loss|movement organic maintenance|maintain caravan water circuit|maintain living structure|circulate organic nitrogen|maintain electrical systems|grow Сборщик сухой массы|grow Органическое хранилище|grow Биореактор / топка|atrophy Водозабор|atrophy Снегосборник|atrophy Жатка живой массы|atrophy Сушильный орган|atrophy Электромотор|atrophy Тепловой орган"
221,1,221,7,16,904.113281,2040.408569,0,81.845772,872.872681,11.380157,181.275848,277.202759,0,19335.392578,0,0,0,6,Active,None,0,0.001953,"harvest dry biomass|burn dry organic matter|power intake and harvest|reject heat|spoil wet organic matter|maintain caravan water circuit|maintain living structure|circulate organic nitrogen|maintain electrical systems|grow Сборщик сухой массы|grow Органическое хранилище|grow Биореактор / топка|atrophy Водозабор|atrophy Снегосборник|atrophy Жатка живой массы|atrophy Сушильный орган|atrophy Электромотор|atrophy Тепловой орган"
222,1,222,13,12,909.270203,1953.479004,0,81.227432,849.826111,11.09541,181.287689,279.4841,0,19222.375,0,0,0,6,Active,None,0,0.001953,"burn dry organic matter|reject heat|spoil wet organic matter|maintain caravan water circuit|maintain living structure|circulate organic nitrogen|maintain electrical systems|grow Парус|grow Солнечный лист|grow Резервуар|grow Органическое хранилище|grow Каркас|atrophy Водозабор|atrophy Снегосборник|atrophy Жатка живой массы|atrophy Сушильный орган|atrophy Электромотор|atrophy Тепловой орган"
223,1,223,13,12,913.270203,1866.852539,0,80.636742,827.020386,10.814106,181.299561,279.483856,0,19109.972656,0,0,0,6,Active,None,0,0.001953,"burn dry organic matter|reject heat|spoil wet organic matter|maintain caravan water circuit|maintain living structure|circulate organic nitrogen|maintain electrical systems|grow Парус|grow Солнечный лист|grow Резервуар|grow Органическое хранилище|grow Каркас|atrophy Водозабор|atrophy Снегосборник|atrophy Жатка живой массы|atrophy Сушильный орган|atrophy Электромотор|atrophy Тепловой орган"
224,1,224,13,11,918.357239,2588.356201,0,80.035187,804.42688,10.535555,181.311508,279.483795,0,19805.886719,0,0,0,6,Active,None,0,0.001953,"burn dry organic matter|reject heat|spoil wet organic matter|maintain caravan water circuit|maintain living structure|circulate organic nitrogen|maintain electrical systems|grow Парус|grow Солнечный лист|grow Резервуар|grow Органическое хранилище|grow Каркас|atrophy Водозабор|atrophy Снегосборник|atrophy Жатка живой массы|atrophy Сушильный орган|atrophy Электромотор|atrophy Тепловой орган"
225,1,225,20,13,923.290527,2494.817383,0,79.499153,893.222961,11.594122,181.323471,277.199036,0,19798.320313,0,0,0,6,Active,None,0,0.001953,"harvest dry biomass|burn dry organic matter|power intake and harvest|reject heat|spoil wet organic matter|maintain caravan water circuit|maintain living structure|circulate organic nitrogen|maintain electrical systems|grow Сборщик сухой массы|grow Органическое хранилище|grow Биореактор / топка|atrophy Водозабор|atrophy Снегосборник|atrophy Жатка живой массы|atrophy Сушильный орган|atrophy Электромотор|atrophy Тепловой орган"
226,1,226,13,13,928.375488,2399.5625,0,79.003967,869.916077,11.30796,181.335434,279.484436,0,19686.646484,0,0,0,6,Active,None,0,0.001953,"burn dry organic matter|reject heat|spoil wet organic matter|move|movement water loss|movement organic maintenance|maintain caravan water circuit|maintain living structure|circulate organic nitrogen|maintain electrical systems|grow Ростовая ткань|grow Каркас|atrophy Водозабор|atrophy Снегосборник|atrophy Жатка живой массы|atrophy Сушильный орган|atrophy Электромотор|atrophy Тепловой орган"
227,1,227,13,12,933.029419,2306.196045,0,78.506935,846.638855,11.021736,181.347931,279.456055,0,19548.242188,0,0,0,6,Active,None,0,0.001953,"capture dust|burn dry organic matter|power intake and harvest|reject heat|spoil wet organic matter|maintain caravan water circuit|maintain living structure|circulate organic nitrogen|maintain electrical systems|grow Парус|grow Солнечный лист|grow Резервуар|grow Органическое хранилище|grow Каркас|atrophy Водозабор|atrophy Снегосборник|atrophy Жатка живой массы|atrophy Сушильный орган|atrophy Электромотор|atrophy Тепловой орган"
228,1,228,13,12,938.006775,2212.10791,0,78.010918,823.295349,10.734956,181.360474,279.456085,0,19444.898438,0,0,0,6,Active,None,0,0.001953,"capture dust|burn dry organic matter|power intake and harvest|reject heat|spoil wet organic matter|maintain caravan water circuit|maintain living structure|circulate organic nitrogen|maintain electrical systems|grow Парус|grow Солнечный лист|grow Резервуар|grow Органическое хранилище|grow Каркас|atrophy Водозабор|atrophy Снегосборник|atrophy Жатка живой массы|atrophy Сушильный орган|atrophy Электромотор|atrophy Тепловой орган"
229,1,229,18,17,944.47998,2114.874268,0,77.540436,799.339661,10.441385,181.373001,279.456299,0,19340.267578,0,0,0,6,Active,None,0,0.001953,"capture dust|burn dry organic matter|power intake and harvest|reject heat|spoil wet organic matter|move|movement water loss|movement organic maintenance|maintain caravan water circuit|maintain living structure|circulate organic nitrogen|maintain electrical systems|grow Сборщик сухой массы|grow Органическое хранилище|grow Биореактор / топка|atrophy Водозабор|atrophy Снегосборник|atrophy Жатка живой массы|atrophy Сушильный орган|atrophy Электромотор|atrophy Тепловой орган"
230,1,230,15,4,948.400757,2020.421143,0,77.146484,886.963684,11.487571,181.385529,277.165497,0,19294.509766,0,0,0,6,Active,None,0,0.001953,"harvest dry biomass|capture dust|burn dry organic matter|power intake and harvest|reject heat|spoil wet organic matter|maintain caravan water circuit|maintain living structure|circulate organic nitrogen|maintain electrical systems|grow Сборщик сухой массы|grow Органическое хранилище|grow Биореактор / топка|atrophy Водозабор|atrophy Снегосборник|atrophy Жатка живой массы|atrophy Сушильный орган|atrophy Электромотор|atrophy Тепловой орган"
231,1,231,13,11,954.668274,1922.365723,0,76.733597,863.484924,11.200239,181.398071,279.456055,0,19187.033203,0,0,0,6,Active,None,0,0.001953,"capture dust|burn dry organic matter|power intake and harvest|reject heat|spoil wet organic matter|maintain caravan water circuit|maintain living structure|circulate organic nitrogen|maintain electrical systems|grow Парус|grow Солнечный лист|grow Резервуар|grow Органическое хранилище|grow Каркас|atrophy Водозабор|atrophy Снегосборник|atrophy Жатка живой массы|atrophy Сушильный орган|atrophy Электромотор|atrophy Тепловой орган"
232,1,232,13,11,962.168274,2632.452637,0,76.33017,839.504639,10.907108,181.410583,268.701294,1.724453,19880.267578,0,0,0,6,Active,None,0,0.001953,"burn dry organic matter|reject heat|spoil wet organic matter|move|movement water loss|movement organic maintenance|maintain caravan water circuit|maintain living structure|circulate organic nitrogen|maintain electrical systems|grow Парус|grow Солнечный лист|grow Резервуар|grow Органическое хранилище|grow Каркас|atrophy Водозабор|atrophy Снегосборник|atrophy Жатка живой массы|atrophy Сушильный орган|atrophy Электромотор|atrophy Тепловой орган"
233,1,233,13,12,966.023865,2547.078613,0,75.934387,817.040222,10.632298,181.423126,279.47937,0,19779.179688,0,0,0,6,Active,None,0,0.001953,"burn dry organic matter|reject heat|spoil wet organic matter|maintain caravan water circuit|maintain living structure|circulate organic nitrogen|maintain electrical systems|grow Парус|grow Солнечный лист|grow Резервуар|grow Органическое хранилище|grow Каркас|atrophy Водозабор|atrophy Снегосборник|atrophy Жатка живой массы|atrophy Сушильный орган|atrophy Электромотор|atrophy Тепловой орган"
234,1,234,4,16,972.787231,2457.63916,0,75.534126,906.015625,11.694787,181.435638,277.185303,0,19792.859375,0,0,0,6,Active,None,0,0.001953,"harvest dry biomass|burn dry organic matter|power intake and harvest|reject heat|spoil wet organic matter|maintain caravan water circuit|maintain living structure|circulate organic nitrogen|maintain electrical systems|grow Сборщик сухой массы|grow Органическое хранилище|grow Биореактор / топка|atrophy Водозабор|atrophy Снегосборник|atrophy Жатка живой массы|atrophy Сушильный орган|atrophy Электромотор|atrophy Тепловой орган"
235,1,235,13,11,978.896667,2363.775146,0,75.13343,882.837769,11.411399,181.448196,279.479706,0,19633.822266,0,0,0,6,Active,None,0,0.001953,"burn dry organic matter|reject heat|spoil wet organic matter|move|movement water loss|movement organic maintenance|maintain caravan water circuit|maintain living structure|circulate organic nitrogen|maintain electrical systems|grow Парус|grow Солнечный лист|grow Резервуар|grow Органическое хранилище|grow Каркас|atrophy Водозабор|atrophy Снегосборник|atrophy Жатка живой массы|atrophy Сушильный орган|atrophy Электромотор|atrophy Тепловой орган"
236,1,236,13,11,982.801819,2272.59082,0,74.716583,859.406921,11.124834,181.460861,279.479889,0,19528.703125,0,0,0,6,Active,None,0,0.001953,"burn dry organic matter|reject heat|spoil wet organic matter|maintain caravan water circuit|maintain living structure|circulate organic nitrogen|maintain electrical systems|grow Парус|grow Солнечный лист|grow Резервуар|grow Органическое хранилище|grow Каркас|atrophy Водозабор|atrophy Снегосборник|atrophy Жатка живой массы|atrophy Сушильный орган|atrophy Электромотор|atrophy Тепловой орган"
237,1,237,13,12,987.051819,2183.958008,0,74.325615,836.05426,10.839683,181.473526,279.479767,0,19416.529297,0,0,0,6,Active,None,0,0.001953,"burn dry organic matter|reject heat|spoil wet organic matter|maintain caravan water circuit|maintain living structure|circulate organic nitrogen|maintain electrical systems|grow Парус|grow Солнечный лист|grow Резервуар|grow Органическое хранилище|grow Каркас|atrophy Водозабор|atrophy Снегосборник|atrophy Жатка живой массы|atrophy Сушильный орган|atrophy Электромотор|atrophy Тепловой орган"
238,1,238,16,3,994.047546,2094.794678,0,73.909836,812.637756,10.553443,181.486176,275.868317,0.577781,19301.443359,0,0,0,6,Active,None,0,0.001953,"burn dry organic matter|reject heat|spoil wet organic matter|move|movement water loss|movement organic maintenance|maintain caravan water circuit|maintain living structure|circulate organic nitrogen|maintain electrical systems|grow Сборщик сухой массы|grow Органическое хранилище|grow Биореактор / топка|atrophy Водозабор|atrophy Снегосборник|atrophy Жатка живой массы|atrophy Сушильный орган|atrophy Электромотор|atrophy Тепловой орган"
239,1,239,5,17,998.834106,2006.714844,0,73.547417,902.251587,11.624133,181.498825,277.180634,0,19300.609375,0,0,0,6,Active,None,0,0.001953,"harvest dry biomass|burn dry organic matter|power intake and harvest|reject heat|spoil wet organic matter|maintain caravan water circuit|maintain living structure|circulate organic nitrogen|maintain electrical systems|grow Сборщик сухой массы|grow Органическое хранилище|grow Биореактор / топка|atrophy Водозабор|atrophy Снегосборник|atrophy Жатка живой массы|atrophy Сушильный орган|atrophy Электромотор|atrophy Тепловой орган"
240,1,240,12,11,1005.956482,1913.230469,0,73.190285,879.399719,11.345265,181.51149,279.479797,0,19181.917969,0,0,0,6,Active,None,0,0.001953,"burn dry organic matter|reject heat|spoil wet organic matter|maintain caravan water circuit|maintain living structure|circulate organic nitrogen|maintain electrical systems|grow Парус|grow Солнечный лист|grow Резервуар|grow Органическое хранилище|grow Каркас|atrophy Водозабор|atrophy Снегосборник|atrophy Жатка живой массы|atrophy Сушильный орган|atrophy Электромотор|atrophy Тепловой орган"
241,1,241,12,11,1011.509521,2623.421143,0,72.785278,856.13324,11.061378,181.524124,279.47995,0,19873.570313,0,0,0,6,Active,None,0,0.001953,"burn dry organic matter|reject heat|spoil wet organic matter|move|movement water loss|movement organic maintenance|maintain caravan water circuit|maintain living structure|circulate organic nitrogen|maintain electrical systems|grow Парус|grow Солнечный лист|grow Резервуар|grow Органическое хранилище|grow Каркас|atrophy Водозабор|atrophy Снегосборник|atrophy Жатка живой массы|atrophy Сушильный орган|atrophy Электромотор|atrophy Тепловой орган"
242,1,242,13,12,1016.707703,2529.08374,0,72.444855,831.504761,10.761611,181.536774,279.453857,0,19801.376953,0,0,0,6,Active,None,0,0.001953,"capture dust|burn dry organic matter|power intake and harvest|reject heat|spoil wet organic matter|maintain caravan water circuit|maintain living structure|circulate organic nitrogen|maintain electrical systems|grow Парус|grow Солнечный лист|grow Резервуар|grow Органическое хранилище|grow Каркас|atrophy Водозабор|atrophy Снегосборник|atrophy Жатка живой массы|atrophy Сушильный орган|atrophy Электромотор|atrophy Тепловой орган"
243,1,243,14,2,1023.831299,2430.410156,0,72.075806,919.624451,11.814256,181.549576,277.174164,0,19755.257813,0,0,0,6,Active,None,0,0.001953,"harvest dry biomass|burn dry organic matter|power intake and harvest|reject heat|spoil wet organic matter|maintain caravan water circuit|maintain living structure|circulate organic nitrogen|maintain electrical systems|grow Сборщик сухой массы|grow Органическое хранилище|grow Биореактор / топка|atrophy Водозабор|atrophy Снегосборник|atrophy Жатка живой массы|atrophy Сушильный орган|atrophy Электромотор|atrophy Тепловой орган"
244,1,244,13,10,1029.878174,2332.063477,0,71.764221,894.940796,11.513947,181.562393,275.804077,0.587669,19641.996094,0,0,0,6,Active,None,0,0.001953,"burn dry organic matter|reject heat|spoil wet organic matter|move|movement water loss|movement organic maintenance|maintain caravan water circuit|maintain living structure|circulate organic nitrogen|maintain electrical systems|grow Парус|grow Солнечный лист|grow Резервуар|grow Органическое хранилище|grow Каркас|atrophy Водозабор|atrophy Снегосборник|atrophy Жатка живой массы|atrophy Сушильный орган|atrophy Электромотор|atrophy Тепловой орган"
245,1,245,13,11,1034.429443,2236.533203,0,71.442749,870.306396,11.21414,181.575211,279.453796,0,19538.785156,0,0,0,6,Active,None,0,0.001953,"capture dust|burn dry organic matter|power intake and harvest|reject heat|spoil wet organic matter|maintain caravan water circuit|maintain living structure|circulate organic nitrogen|maintain electrical systems|grow Парус|grow Солнечный лист|grow Резервуар|grow Органическое хранилище|grow Каркас|atrophy Водозабор|atrophy Снегосборник|atrophy Жатка живой массы|atrophy Сушильный орган|atrophy Электромотор|atrophy Тепловой орган"
246,1,246,13,10,1040.769897,2142.421143,0,71.175453,845.559814,10.913815,181.588028,279.453369,0,19429.818359,0,0,0,6,Active,None,0,0.001953,"capture dust|burn dry organic matter|power intake and harvest|reject heat|spoil wet organic matter|maintain caravan water circuit|maintain living structure|circulate organic nitrogen|maintain electrical systems|grow Парус|grow Солнечный лист|grow Резервуар|grow Органическое хранилище|grow Каркас|atrophy Водозабор|atrophy Снегосборник|atrophy Жатка живой массы|atrophy Сушильный орган|atrophy Электромотор|atrophy Тепловой орган"
247,1,247,18,3,1047.501465,2050.436035,0,70.922028,821.253174,10.618875,181.600845,278.398895,0.172514,19273.021484,0,0,0,6,Active,None,0,0.001953,"burn dry organic matter|reject heat|spoil wet organic matter|move|movement water loss|movement organic maintenance|maintain caravan water circuit|maintain living structure|circulate organic nitrogen|maintain electrical systems|grow Сборщик сухой массы|grow Органическое хранилище|grow Биореактор / топка|atrophy Водозабор|atrophy Снегосборник|atrophy Жатка живой массы|atrophy Сушильный орган|atrophy Электромотор|atrophy Тепловой орган"
248,1,248,13,10,1055.383911,1953.444214,0,70.677536,910.513428,11.686577,181.613663,273.118134,1.01739,19268.033203,0,0,0,6,Active,None,0,0.001953,"burn dry organic matter|heat caravan|reject heat|spoil wet organic matter|move|movement water loss|movement organic maintenance|maintain caravan water circuit|maintain living structure|circulate organic nitrogen|maintain electrical systems|grow Парус|grow Солнечный лист|grow Резервуар|grow Органическое хранилище|grow Каркас|atrophy Водозабор|atrophy Снегосборник|atrophy Жатка живой массы|atrophy Сушильный орган|atrophy Электромотор|atrophy Тепловой орган"
249,1,249,1,11,1062.106445,2663.784912,0,70.398811,887.066772,11.401896,181.62648,271.26947,0.943812,19954.933594,0,0,0,6,Active,None,0,0.001953,"harvest dry biomass|burn dry organic matter|power intake and harvest|reject heat|spoil wet organic matter|move|movement water loss|movement organic maintenance|maintain caravan water circuit|maintain living structure|circulate organic nitrogen|maintain electrical systems|grow Сборщик сухой массы|grow Органическое хранилище|grow Биореактор / топка|atrophy Водозабор|atrophy Снегосборник|atrophy Жатка живой массы|atrophy Сушильный орган|atrophy Электромотор|atrophy Тепловой орган"
250,1,250,12,11,1070.105225,2565.171387,0,70.106178,864.310547,11.124869,181.639297,279.453461,0,19833.783203,0,0,0,6,Active,None,0,0.001953,"capture dust|burn dry organic matter|power intake and harvest|heat caravan|reject heat|spoil wet organic matter|maintain caravan water circuit|maintain living structure|circulate organic nitrogen|maintain electrical systems|grow Парус|grow Солнечный лист|grow Резервуар|grow Органическое хранилище|grow Каркас|atrophy Водозабор|atrophy Снегосборник|atrophy Жатка живой массы|atrophy Сушильный орган|atrophy Электромотор|atrophy Тепловой орган"
251,1,251,12,0,1078.117676,2469.947021,0,69.839745,839.234314,10.820686,181.652115,275.848114,0.58066,19720.652344,0,0,0,6,Active,None,0,0.001953,"burn dry organic matter|heat caravan|reject heat|spoil wet organic matter|move|movement water loss|movement organic maintenance|maintain caravan water circuit|maintain living structure|circulate organic nitrogen|maintain electrical systems|grow Сборщик сухой массы|grow Органическое хранилище|grow Биореактор / топка|atrophy Водозабор|atrophy Снегосборник|atrophy Жатка живой массы|atrophy Сушильный орган|atrophy Электромотор|atrophy Тепловой орган"
252,1,252,17,21,1083.92627,2377.738525,0,69.589859,927.369446,11.875021,181.664932,277.164856,0,19714.507813,0,0,0,6,Active,None,0,0.001953,"harvest dry biomass|burn dry organic matter|power intake and harvest|heat caravan|reject heat|spoil wet organic matter|maintain caravan water circuit|maintain living structure|circulate organic nitrogen|maintain electrical systems|grow Сборщик сухой массы|grow Органическое хранилище|grow Биореактор / топка|atrophy Водозабор|atrophy Снегосборник|atrophy Жатка живой массы|atrophy Сушильный орган|atrophy Электромотор|atrophy Тепловой орган"
253,1,253,13,11,1092.672241,2281.183105,0,69.350601,902.384033,11.572027,181.67775,279.143738,0,19590.925781,0,0,0,6,Active,None,0,0.001953,"burn dry organic matter|heat caravan|reject heat|spoil wet organic matter|maintain caravan water circuit|maintain living structure|circulate organic nitrogen|maintain electrical systems|grow Парус|grow Солнечный лист|grow Резервуар|grow Органическое хранилище|grow Каркас|atrophy Водозабор|atrophy Снегосборник|atrophy Жатка живой массы|atrophy Сушильный орган|atrophy Электромотор|atrophy Тепловой орган"
254,1,254,13,10,1098.512329,2188.415527,0,69.089386,877.910156,11.275044,181.690567,279.454712,0,19473.845703,0,0,0,6,Active,None,0,0.001953,"capture dust|burn dry organic matter|power intake and harvest|heat caravan|reject heat|spoil wet organic matter|maintain caravan water circuit|maintain living structure|circulate organic nitrogen|maintain electrical systems|grow Парус|grow Солнечный лист|grow Резервуар|grow Органическое хранилище|grow Каркас|atrophy Водозабор|atrophy Снегосборник|atrophy Жатка живой массы|atrophy Сушильный орган|atrophy Электромотор|atrophy Тепловой орган"
255,1,255,13,11,1104.631104,2095.013428,0,68.827202,852.675476,10.968966,181.703384,279.477478,0,19355.117188,0,0,0,6,Active,None,0,0.001953,"burn dry organic matter|heat caravan|reject heat|spoil wet organic matter|maintain caravan water circuit|maintain living structure|circulate organic nitrogen|maintain electrical systems|grow Парус|grow Солнечный лист|grow Резервуар|grow Органическое хранилище|grow Каркас|atrophy Водозабор|atrophy Снегосборник|atrophy Жатка живой массы|atrophy Сушильный орган|atrophy Электромотор|atrophy Тепловой орган"
256,1,256,1,13,1114.166138,1994.33667,0,68.554764,940.894226,12.024164,181.716202,277.161499,0,19340.527344,0,0,0,6,Active,None,0,0.001953,"harvest dry biomass|burn dry organic matter|power intake and harvest|heat caravan|reject heat|spoil wet organic matter|maintain caravan water circuit|maintain living structure|circulate organic nitrogen|maintain electrical systems|grow Сборщик сухой массы|grow Органическое хранилище|grow Биореактор / топка|atrophy Водозабор|atrophy Снегосборник|atrophy Жатка живой массы|atrophy Сушильный орган|atrophy Электромотор|atrophy Тепловой орган"
257,1,257,5,11,1123.172729,1890.628174,0,68.299515,914.146362,11.700082,181.729034,279.477386,0,19219.996094,0,0,0,6,Active,None,0,0.001953,"burn dry organic matter|heat caravan|reject heat|spoil wet organic matter|move|movement water loss|movement organic maintenance|maintain caravan water circuit|maintain living structure|circulate organic nitrogen|maintain electrical systems|grow Водозабор|grow Резервуар|grow Тепловой орган|atrophy Водозабор|atrophy Снегосборник|atrophy Жатка живой массы|atrophy Сушильный орган|atrophy Электромотор|atrophy Тепловой орган"
258,1,258,13,11,1131.714233,2584.652832,0,68.051254,888.611755,11.390532,181.741867,279.453583,0,19896.025391,0,0,0,6,Active,None,0,0.001953,"capture dust|burn dry organic matter|power intake and harvest|heat caravan|reject heat|spoil wet organic matter|move|movement water loss|movement organic maintenance|maintain caravan water circuit|maintain living structure|circulate organic nitrogen|maintain electrical systems|grow Парус|grow Солнечный лист|grow Резервуар|grow Органическое хранилище|grow Каркас|atrophy Водозабор|atrophy Снегосборник|atrophy Жатка живой массы|atrophy Сушильный орган|atrophy Электромотор|atrophy Тепловой орган"
259,1,259,12.999999,11,1137.979126,2483.837402,0,67.833092,862.644287,11.07635,181.754684,279.453735,0,19781.666016,0,0,0,6,Active,None,0,0.001953,"capture dust|burn dry organic matter|power intake and harvest|heat caravan|reject heat|spoil wet organic matter|maintain caravan water circuit|maintain living structure|circulate organic nitrogen|maintain electrical systems|grow Парус|grow Солнечный лист|grow Резервуар|grow Органическое хранилище|grow Каркас|atrophy Водозабор|atrophy Снегосборник|atrophy Жатка живой массы|atrophy Сушильный орган|atrophy Электромотор|atrophy Тепловой орган"
260,1,260,1,16,1147.553589,2384.171875,0,67.64196,835.955994,10.753863,181.767502,273.682526,0.927183,19614.5625,0,0,0,6,Active,None,0,0.001953,"burn dry organic matter|heat caravan|reject heat|spoil wet organic matter|move|movement water loss|movement organic maintenance|maintain caravan water circuit|maintain living structure|circulate organic nitrogen|maintain electrical systems|grow Сборщик сухой массы|grow Органическое хранилище|grow Биореактор / топка|atrophy Водозабор|atrophy Снегосборник|atrophy Жатка живой массы|atrophy Сушильный орган|atrophy Электромотор|atrophy Тепловой орган"
261,1,261,11.999999,11,1157.098267,2278.205322,0,67.460442,923.386841,11.800644,181.780319,273.732666,0.919109,19601.105469,0,0,0,6,Active,None,0,0.001953,"burn dry organic matter|heat caravan|reject heat|spoil wet organic matter|move|movement water loss|movement organic maintenance|maintain caravan water circuit|maintain living structure|circulate organic nitrogen|maintain electrical systems|grow Парус|grow Солнечный лист|grow Резервуар|grow Органическое хранилище|grow Каркас|atrophy Водозабор|atrophy Снегосборник|atrophy Жатка живой массы|atrophy Сушильный орган|atrophy Электромотор|atrophy Тепловой орган"
262,1,262,12.999999,10,1163.963501,2181.4646,0,67.283974,899.106689,11.506796,181.793137,279.477203,0,19480.537109,0,0,0,6,Active,None,0,0.001953,"burn dry organic matter|heat caravan|reject heat|spoil wet organic matter|maintain caravan water circuit|maintain living structure|circulate organic nitrogen|maintain electrical systems|grow Парус|grow Солнечный лист|grow Резервуар|grow Органическое хранилище|grow Каркас|atrophy Водозабор|atrophy Снегосборник|atrophy Жатка живой массы|atrophy Сушильный орган|atrophy Электромотор|atrophy Тепловой орган"
263,1,263,13,11,1171.319092,2085.155518,0,67.121475,873.881226,11.202025,181.805954,279.477142,0,19357.164063,0,0,0,6,Active,None,0,0.001953,"burn dry organic matter|heat caravan|reject heat|spoil wet organic matter|maintain caravan water circuit|maintain living structure|circulate organic nitrogen|maintain electrical systems|grow Парус|grow Солнечный лист|grow Резервуар|grow Органическое хранилище|grow Каркас|atrophy Водозабор|atrophy Снегосборник|atrophy Жатка живой массы|atrophy Сушильный орган|atrophy Электромотор|atrophy Тепловой орган"
264,1,264,0,18,1182.799438,1985.113159,0,66.957329,847.337769,10.881513,181.818771,277.957855,0.243098,19228.734375,0,0,0,6,Active,None,0,0.001953,"burn dry organic matter|heat caravan|reject heat|spoil wet organic matter|move|movement water loss|movement organic maintenance|maintain caravan water circuit|maintain living structure|circulate organic nitrogen|maintain electrical systems|grow Сборщик сухой массы|grow Органическое хранилище|grow Биореактор / топка|atrophy Водозабор|atrophy Снегосборник|atrophy Жатка живой массы|atrophy Сушильный орган|atrophy Электромотор|atrophy Тепловой орган"
265,1,265,12,11,1190.391724,2690.994873,0,142.860931,820.2323,11.915027,181.831619,265.678314,1.834189,20149.082031,0,0,0,6,Active,None,0,0.001953,"harvest live biomass|burn dry organic matter|power intake and harvest|heat caravan|reject heat|spoil wet organic matter|move|movement water loss|movement organic maintenance|maintain caravan water circuit|maintain living structure|circulate organic nitrogen|maintain electrical systems|grow Сборщик сухой массы|grow Органическое хранилище|grow Биореактор / топка|atrophy Водозабор|atrophy Снегосборник|atrophy Жатка живой массы|atrophy Сушильный орган|atrophy Электромотор|atrophy Тепловой орган"
266,1,266,12,11,1196.974243,2601.609131,0,294.485199,679.546692,12.827536,181.845428,279.469666,0,20422.845703,0,0,0,6,Active,None,0,0.001953,"burn dry organic matter|heat caravan|reject heat|spoil wet organic matter|move|movement water loss|movement organic maintenance|maintain caravan water circuit|maintain living structure|circulate organic nitrogen|maintain electrical systems|grow Парус|grow Солнечный лист|grow Резервуар|grow Органическое хранилище|grow Каркас|atrophy Водозабор|atrophy Снегосборник|atrophy Жатка живой массы|atrophy Сушильный орган|atrophy Электромотор|atrophy Тепловой орган"
267,1,267,13,10,1205.88623,2496.803955,0,445.703705,517.870422,13.348299,181.859711,275.659149,0.07503,20638.945313,0,0,0,6,Active,None,0,0.001953,"burn dry organic matter|heat caravan|reject heat|spoil wet organic matter|move|movement water loss|movement organic maintenance|maintain caravan water circuit|maintain living structure|circulate organic nitrogen|maintain electrical systems|grow Парус|grow Солнечный лист|grow Резервуар|grow Органическое хранилище|grow Каркас|atrophy Водозабор|atrophy Снегосборник|atrophy Жатка живой массы|atrophy Сушильный орган|atrophy Электромотор|atrophy Тепловой орган"
268,1,268,13,12,1214.729492,2390.47876,0,596.513916,355.701111,13.748044,181.874313,277.629242,0,20851.732422,0,0,0,6,Active,None,0,0.001953,"burn dry organic matter|heat caravan|reject heat|spoil wet organic matter|maintain caravan water circuit|maintain living structure|circulate organic nitrogen|maintain electrical systems|grow Парус|grow Солнечный лист|grow Резервуар|grow Органическое хранилище|grow Каркас|atrophy Водозабор|atrophy Снегосборник|atrophy Жатка живой массы|atrophy Сушильный орган|atrophy Электромотор|atrophy Тепловой орган"
269,1,269,12,11,1226.184692,2273.817627,0,746.884277,193.14064,14.0411,181.889221,272.476898,0,21056.949219,0,0,0,6,Active,None,0,0.001953,"capture dust|burn dry organic matter|power intake and harvest|heat caravan|reject heat|spoil wet organic matter|maintain caravan water circuit|maintain living structure|circulate organic nitrogen|maintain electrical systems|grow Парус|grow Солнечный лист|grow Резервуар|grow Органическое хранилище|grow Каркас|atrophy Водозабор|atrophy Снегосборник|atrophy Жатка живой массы|atrophy Сушильный орган|atrophy Электромотор|atrophy Тепловой орган"
270,1,270,13,10,1233.1521,2168.144287,0,972.684509,19.817217,15.472719,181.875412,276.809418,0.087817,21515.910156,0,0,0,6,Active,None,0,0.001953,"harvest live biomass|capture dust|burn dry organic matter|power intake and harvest|heat caravan|reject heat|spoil wet organic matter|move|movement water loss|movement organic maintenance|maintain caravan water circuit|maintain living structure|circulate organic nitrogen|maintain electrical systems|atrophy Водозабор|atrophy Снегосборник|atrophy Жатка живой массы|atrophy Сушильный орган|atrophy Электромотор|atrophy Тепловой орган"
271,1,271,10,6,1239.013306,2069.195068,0,966.579285,0,15.082238,181.861862,272.180084,0,21393.287109,0,0,0,6,Active,None,0,0.001953,"capture dust|power intake and harvest|heat caravan|spoil wet organic matter|maintain caravan water circuit|maintain living structure|circulate organic nitrogen|maintain electrical systems|atrophy Водозабор|atrophy Снегосборник|atrophy Жатка живой массы|atrophy Сушильный орган|atrophy Электромотор|atrophy Тепловой орган"
272,1,272,13,11,1240.471069,1976.743286,0,960.839905,0,15.006366,181.848297,267.237396,0,21248.478516,0,0,0,6,Active,None,0,0.001953,"capture dust|power intake and harvest|heat caravan|spoil wet organic matter|maintain caravan water circuit|maintain living structure|circulate organic nitrogen|maintain electrical systems|atrophy Водозабор|atrophy Снегосборник|atrophy Жатка живой массы|atrophy Сушильный орган|atrophy Электромотор|atrophy Тепловой орган"
273,1,273,4,10,1244.261597,2687.032227,0,954.936279,0,14.927942,181.834564,268.739807,0,21953.140625,0,0,0,6,Active,None,0,0.001953,"heat caravan|spoil wet organic matter|maintain caravan water circuit|maintain living structure|circulate organic nitrogen|maintain electrical systems|atrophy Водозабор|atrophy Снегосборник|atrophy Жатка живой массы|atrophy Сборщик сухой массы|atrophy Сушильный орган|atrophy Электромотор|atrophy Тепловой орган"
274,1,274,1,9,1245.052124,2599.556641,0,949.147644,0,14.851401,181.820709,271.987946,0,21852.595703,0,0,0,6,Active,None,0,0.001953,"heat caravan|spoil wet organic matter|maintain caravan water circuit|maintain living structure|circulate organic nitrogen|maintain electrical systems|atrophy Водозабор|atrophy Снегосборник|atrophy Жатка живой массы|atrophy Сборщик сухой массы|atrophy Сушильный орган|atrophy Электромотор|atrophy Тепловой орган"
275,1,275,1,9,1254.593506,2484.349121,0,1018.224487,0,16.123587,181.806824,261.191803,0,21966.902344,0,0,0,6,Active,None,0,0.001953,"heat caravan|spoil wet organic matter|maintain caravan water circuit|maintain living structure|circulate organic nitrogen|maintain electrical systems|atrophy Водозабор|atrophy Снегосборник|atrophy Жатка живой массы|atrophy Сборщик сухой массы|atrophy Сушильный орган|atrophy Электромотор|atrophy Тепловой орган"
276,1,276,1,9,1254.593506,2400.610352,0,1012.694458,0,16.050152,181.792709,271.569794,0,21864.275391,0,0,0,6,Active,None,0,0.001953,"heat caravan|spoil wet organic matter|maintain caravan water circuit|maintain living structure|circulate organic nitrogen|maintain electrical systems|atrophy Водозабор|atrophy Снегосборник|atrophy Жатка живой массы|atrophy Сборщик сухой массы|atrophy Сушильный орган|atrophy Электромотор|atrophy Тепловой орган"
277,1,277,1,9,1254.593506,2317.405029,0,1007.219299,0,15.977668,181.778473,271.407227,0,21762.347656,0,0,0,6,Active,None,0,0.001953,"heat caravan|spoil wet organic matter|maintain caravan water circuit|maintain living structure|circulate organic nitrogen|maintain electrical systems|atrophy Водозабор|atrophy Снегосборник|atrophy Жатка живой массы|atrophy Сборщик сухой массы|atrophy Сушильный орган|atrophy Электромотор|atrophy Тепловой орган"
278,1,278,1,9,1254.593506,2234.519043,0,1001.69635,0,15.90451,181.764084,271.25354,0,21660.589844,0,0,0,6,Active,None,0,0.001953,"heat caravan|spoil wet organic matter|maintain caravan water circuit|maintain living structure|circulate organic nitrogen|maintain electrical systems|atrophy Водозабор|atrophy Снегосборник|atrophy Жатка живой массы|atrophy Сборщик сухой массы|atrophy Сушильный орган|atrophy Электромотор|atrophy Тепловой орган"
279,1,279,10,5.999999,1261.966675,2124.787598,0,994.934021,0,15.81173,181.749496,254.412415,0,21528.058594,0,0,0,6,Active,None,0,0.001953,"heat caravan|spoil wet organic matter|maintain caravan water circuit|maintain living structure|circulate organic nitrogen|maintain electrical systems|atrophy Водозабор|atrophy Снегосборник|atrophy Жатка живой массы|atrophy Сборщик сухой массы|atrophy Сушильный орган|atrophy Электромотор|atrophy Тепловой орган"
280,1,280,1,9,1264.338379,2034.179199,0,989.325928,0,15.73733,181.734802,270.524994,0,21418.306641,0,0,0,6,Active,None,0,0.001953,"heat caravan|spoil wet organic matter|maintain caravan water circuit|maintain living structure|circulate organic nitrogen|maintain electrical systems|atrophy Водозабор|atrophy Снегосборник|atrophy Жатка живой массы|atrophy Сборщик сухой массы|atrophy Сушильный орган|atrophy Электромотор|atrophy Тепловой орган"
281,1,281,1,9,1264.338379,1951.40564,0,984.049316,0,15.66825,181.719955,270.256683,0,21317.433594,0,0,0,6,Active,None,0,0.001953,"heat caravan|spoil wet organic matter|maintain caravan water circuit|maintain living structure|circulate organic nitrogen|maintain electrical systems|atrophy Водозабор|atrophy Снегосборник|atrophy Жатка живой массы|atrophy Сборщик сухой массы|atrophy Сушильный орган|atrophy Электромотор|atrophy Тепловой орган"
282,1,282,1,9,1265.919434,2660.319824,0,978.411255,0,15.593461,181.704941,269.750214,0,22007.103516,0,0,0,6,Active,None,0,0.001953,"heat caravan|spoil wet organic matter|maintain caravan water circuit|maintain living structure|circulate organic nitrogen|maintain electrical systems|atrophy Водозабор|atrophy Снегосборник|atrophy Жатка живой массы|atrophy Сборщик сухой массы|atrophy Сушильный орган|atrophy Электромотор|atrophy Тепловой орган"
283,1,283,1,9,1265.919434,2576.618164,0,973.214783,0,15.525755,181.689804,269.233307,0,21905.554688,0,0,0,6,Active,None,0,0.001953,"heat caravan|spoil wet organic matter|maintain caravan water circuit|maintain living structure|circulate organic nitrogen|maintain electrical systems|atrophy Водозабор|atrophy Снегосборник|atrophy Жатка живой массы|atrophy Сборщик сухой массы|atrophy Сушильный орган|atrophy Электромотор|atrophy Тепловой орган"
284,1,284,1,9,1265.919434,2492.147949,0,968.061462,0,15.458793,181.674561,268.719299,0,21803.369141,0,0,0,6,Active,None,0,0.001953,"heat caravan|spoil wet organic matter|maintain caravan water circuit|maintain living structure|circulate organic nitrogen|maintain electrical systems|atrophy Водозабор|atrophy Снегосборник|atrophy Жатка живой массы|atrophy Сборщик сухой массы|atrophy Сушильный орган|atrophy Электромотор|atrophy Тепловой орган"
285,1,285,5,6,1267.169434,2396.518799,0,962.753601,0,15.38939,181.659134,264.07605,0,21689.541016,0,0,0,6,Active,None,0,0.001953,"heat caravan|spoil wet organic matter|maintain caravan water circuit|maintain living structure|circulate organic nitrogen|maintain electrical systems|atrophy Водозабор|atrophy Снегосборник|atrophy Жатка живой массы|atrophy Сборщик сухой массы|atrophy Сушильный орган|atrophy Электромотор|atrophy Тепловой орган"
286,1,286,6,6,1267.419434,2300.264404,0,957.801025,0,15.325701,181.643631,263.808319,0,21587.746094,0,0,0,6,Active,None,0,0.001953,"capture dust|power intake and harvest|heat caravan|spoil wet organic matter|maintain caravan water circuit|maintain living structure|circulate organic nitrogen|maintain electrical systems|atrophy Водозабор|atrophy Снегосборник|atrophy Жатка живой массы|atrophy Сборщик сухой массы|atrophy Сушильный орган|atrophy Электромотор|atrophy Тепловой орган"
287,1,287,14,11,1269.777954,2206.153076,0,952.855286,0,15.26215,181.628006,257.966858,0,21491.001953,0,0,0,6,Active,None,0,0.001953,"capture dust|power intake and harvest|heat caravan|spoil wet organic matter|maintain caravan water circuit|maintain living structure|circulate organic nitrogen|maintain electrical systems|atrophy Водозабор|atrophy Снегосборник|atrophy Жатка живой массы|atrophy Сборщик сухой массы|atrophy Сушильный орган|atrophy Электромотор|atrophy Тепловой орган"
288,1,288,13,11,1279.522217,2089.734619,0,1022.349548,0,16.540428,181.612396,234.078934,0,21560.285156,0,0,0,6,Active,None,0,0.001953,"capture dust|power intake and harvest|heat caravan|spoil wet organic matter|maintain caravan water circuit|maintain living structure|circulate organic nitrogen|maintain electrical systems|atrophy Водозабор|atrophy Снегосборник|atrophy Жатка живой массы|atrophy Сборщик сухой массы|atrophy Сушильный орган|atrophy Электромотор|atrophy Тепловой орган"
289,1,289,1,9,1282.563599,1997.680786,0,1017.297424,0,16.474339,181.596771,240.212616,0,21462.841797,0,0,0,6,Active,None,0,0.001953,"heat caravan|spoil wet organic matter|maintain caravan water circuit|maintain living structure|circulate organic nitrogen|maintain electrical systems|atrophy Водозабор|atrophy Снегосборник|atrophy Жатка живой массы|atrophy Сборщик сухой массы|atrophy Сушильный орган|atrophy Электромотор|atrophy Тепловой орган"
290,1,290,4,10,1283.354126,1910.233765,0,1012.117004,0,16.406199,181.581024,269.293701,0.062169,21357.578125,0,0,0,6,Active,None,0,0.001953,"heat caravan|spoil wet organic matter|move|movement water loss|movement organic maintenance|maintain caravan water circuit|maintain living structure|circulate organic nitrogen|maintain electrical systems|atrophy Водозабор|atrophy Снегосборник|atrophy Жатка живой массы|atrophy Сборщик сухой массы|atrophy Сушильный орган|atrophy Электромотор|atrophy Тепловой орган"
291,1,291,1,9,1284.144653,2620.497314,0,1006.929199,0,16.337963,181.565231,267.226685,0,22049.998047,0,0,0,6,Active,None,0,0.001953,"heat caravan|spoil wet organic matter|maintain caravan water circuit|maintain living structure|circulate organic nitrogen|maintain electrical systems|atrophy Водозабор|atrophy Снегосборник|atrophy Жатка живой массы|atrophy Сборщик сухой массы|atrophy Сушильный орган|atrophy Электромотор|atrophy Тепловой орган"
292,1,292,1,9,1284.144653,2537.624268,0,1001.978027,0,16.27359,181.549332,267.07431,0,21950.03125,0,0,0,6,Active,None,0,0.001953,"heat caravan|spoil wet organic matter|maintain caravan water circuit|maintain living structure|circulate organic nitrogen|maintain electrical systems|atrophy Водозабор|atrophy Снегосборник|atrophy Жатка живой массы|atrophy Сборщик сухой массы|atrophy Сушильный орган|atrophy Электромотор|atrophy Тепловой орган"
293,1,293,1,9,1284.144653,2454.739014,0,997.033081,0,16.209305,181.533264,266.834381,0,21850.070313,0,0,0,6,Active,None,0,0.001953,"heat caravan|spoil wet organic matter|maintain caravan water circuit|maintain living structure|circulate organic nitrogen|maintain electrical systems|atrophy Водозабор|atrophy Снегосборник|atrophy Жатка живой массы|atrophy Сборщик сухой массы|atrophy Сушильный орган|atrophy Электромотор|atrophy Тепловой орган"
294,1,294,10,6,1286.523682,2361.940674,0,991.797485,0,16.140316,181.517151,265.904572,0,21739.271484,0,0,0,6,Active,None,0,0.001953,"heat caravan|spoil wet organic matter|maintain caravan water circuit|maintain living structure|circulate organic nitrogen|maintain electrical systems|atrophy Водозабор|atrophy Снегосборник|atrophy Жатка живой массы|atrophy Сборщик сухой массы|atrophy Сушильный орган|atrophy Электромотор|atrophy Тепловой орган"
295,1,295,1,9,1288.895386,2271.085938,0,986.743896,0,16.074299,181.500931,263.743835,0,21630.996094,0,0,0,6,Active,None,0,0.001953,"heat caravan|spoil wet organic matter|maintain caravan water circuit|maintain living structure|circulate organic nitrogen|maintain electrical systems|atrophy Водозабор|atrophy Снегосборник|atrophy Жатка живой массы|atrophy Сборщик сухой массы|atrophy Сушильный орган|atrophy Электромотор|atrophy Тепловой орган|atrophy Охлаждающий орган"
296,1,296,1,9,1288.895386,2188.027588,0,981.951721,0,16.012644,181.484573,266.020538,0,21531.341797,0,0,0,6,Active,None,0,0.001953,"heat caravan|spoil wet organic matter|maintain caravan water circuit|maintain living structure|circulate organic nitrogen|maintain electrical systems|atrophy Водозабор|atrophy Снегосборник|atrophy Жатка живой массы|atrophy Сборщик сухой массы|atrophy Сушильный орган|atrophy Электромотор|atrophy Тепловой орган|atrophy Охлаждающий орган"
297,1,297,1,9,1288.895386,2104.724609,0,977.195435,0,15.951678,181.467865,265.691895,0,21431.550781,0,0,0,6,Active,None,0,0.001953,"heat caravan|spoil wet organic matter|maintain caravan water circuit|maintain living structure|circulate organic nitrogen|maintain electrical systems|atrophy Водозабор|atrophy Снегосборник|atrophy Жатка живой массы|atrophy Сборщик сухой массы|atrophy Сушильный орган|atrophy Электромотор|atrophy Тепловой орган|atrophy Охлаждающий орган"
298,1,298,1,9,1288.895386,2021.042114,0,972.478516,0,15.891459,181.45105,265.361725,0,21331.505859,0,0,0,6,Active,None,0,0.001953,"heat caravan|spoil wet organic matter|maintain caravan water circuit|maintain living structure|circulate organic nitrogen|maintain electrical systems|atrophy Водозабор|atrophy Снегосборник|atrophy Жатка живой массы|atrophy Сборщик сухой массы|atrophy Сушильный орган|atrophy Электромотор|atrophy Тепловой орган|atrophy Охлаждающий орган"
299,1,299,1,9,1288.895386,1937.071411,0,967.797852,0,15.831973,181.43399,265.21286,0,21231.285156,0,0,0,6,Active,None,0,0.001953,"heat caravan|spoil wet organic matter|maintain caravan water circuit|maintain living structure|circulate organic nitrogen|maintain electrical systems|atrophy Парус|atrophy Водозабор|atrophy Снегосборник|atrophy Жатка живой массы|atrophy Сборщик сухой массы|atrophy Сушильный орган|atrophy Биореактор / топка|atrophy Электромотор|atrophy Тепловой орган|atrophy Охлаждающий орган"
300,1,300,1,9,1290.47644,2639.708496,0,962.779846,0,15.767202,181.416656,264.897461,0,21921.404297,0,0,0,6,Active,None,0,0.001953,"heat caravan|spoil wet organic matter|maintain caravan water circuit|maintain living structure|circulate organic nitrogen|maintain electrical systems|atrophy Водозабор|atrophy Снегосборник|atrophy Жатка живой массы|atrophy Сборщик сухой массы|atrophy Сушильный орган|atrophy Биореактор / топка|atrophy Электромотор|atrophy Тепловой орган|atrophy Охлаждающий орган|atrophy Ростовая ткань"
301,1,301,17,16,1295.118652,2536.839111,0,957.472961,0,15.697925,181.399017,221.220367,0,21805.099609,0,0,0,6,Active,None,0,0.001953,"heat caravan|spoil wet organic matter|maintain caravan water circuit|maintain living structure|circulate organic nitrogen|maintain electrical systems|atrophy Водозабор|atrophy Снегосборник|atrophy Жатка живой массы|atrophy Сборщик сухой массы|atrophy Сушильный орган|atrophy Биореактор / топка|atrophy Электромотор|atrophy Тепловой орган|atrophy Охлаждающий орган|atrophy Ростовая ткань"
302,1,302,17,16,1297.618652,2444.207275,0,952.978394,0,15.642201,181.380905,197.839752,0,21713.255859,0,0,0,6,Active,None,0,0.001953,"capture dust|power intake and harvest|heat caravan|spoil wet organic matter|maintain caravan water circuit|maintain living structure|circulate organic nitrogen|maintain electrical systems|atrophy Парус|atrophy Водозабор|atrophy Снегосборник|atrophy Жатка живой массы|atrophy Сборщик сухой массы|atrophy Сушильный орган|atrophy Биореактор / топка|atrophy Электромотор|atrophy Тепловой орган|atrophy Охлаждающий орган|atrophy Ростовая ткань"
303,1,303,13,10,1302.293213,2349.567383,0,1023.492554,0,16.937008,181.362625,168.592026,0.743144,21811.898438,0,0,0,6,Active,None,0,0.001953,"harvest live biomass|capture dust|power intake and harvest|heat caravan|spoil wet organic matter|move|movement water loss|movement organic maintenance|maintain caravan water circuit|maintain living structure|circulate organic nitrogen|maintain electrical systems|atrophy Парус|atrophy Водозабор|atrophy Снегосборник|atrophy Жатка живой массы|atrophy Сборщик сухой массы|atrophy Сушильный орган|atrophy Биореактор / топка|atrophy Электромотор|atrophy Тепловой орган|atrophy Охлаждающий орган|atrophy Ростовая ткань"
304,1,304,17,4,1304.095947,2261.724609,0,1019.050659,0,16.881975,181.344147,154.226227,0,21720.546875,0,0,0,6,Active,None,0,0.001953,"heat caravan|spoil wet organic matter|maintain caravan water circuit|maintain living structure|circulate organic nitrogen|maintain electrical systems|atrophy Парус|atrophy Водозабор|atrophy Снегосборник|atrophy Жатка живой массы|atrophy Сборщик сухой массы|atrophy Сушильный орган|atrophy Биореактор / топка|atrophy Электромотор|atrophy Тепловой орган|atrophy Охлаждающий орган|atrophy Ростовая ткань"
305,1,305,17,4,1304.095947,2178.4646,0,1014.686157,0,16.828451,181.325378,150.595123,0,21622.001953,0,0,0,6,Active,None,0,0.001953,"heat caravan|spoil wet organic matter|maintain caravan water circuit|maintain living structure|circulate organic nitrogen|maintain electrical systems|atrophy Парус|atrophy Водозабор|atrophy Снегосборник|atrophy Жатка живой массы|atrophy Сборщик сухой массы|atrophy Сушильный орган|atrophy Биореактор / топка|atrophy Электромотор|atrophy Тепловой орган|atrophy Охлаждающий орган|atrophy Ростовая ткань"
306,1,306,17,4,1304.095947,2095.609619,0,1010.342102,0,16.77549,181.306335,146.097458,0,21523.925781,0,0,0,6,Active,None,0,0.001953,"heat caravan|spoil wet organic matter|maintain caravan water circuit|maintain living structure|circulate organic nitrogen|maintain electrical systems|atrophy Парус|atrophy Водозабор|atrophy Снегосборник|atrophy Жатка живой массы|atrophy Сборщик сухой массы|atrophy Сушильный орган|atrophy Биореактор / топка|atrophy Электромотор|atrophy Тепловой орган|atrophy Охлаждающий орган|atrophy Ростовая ткань"
307,1,307,17,4,1304.095947,2012.797119,0,1006.019714,0,16.723108,181.287018,140.400818,0,21425.953125,0,0,0,6,Active,None,0,0.001953,"heat caravan|spoil wet organic matter|maintain caravan water circuit|maintain living structure|circulate organic nitrogen|maintain electrical systems|atrophy Парус|atrophy Водозабор|atrophy Снегосборник|atrophy Жатка живой массы|atrophy Сборщик сухой массы|atrophy Сушильный орган|atrophy Биореактор / топка|atrophy Электромотор|atrophy Тепловой орган|atrophy Охлаждающий орган|atrophy Ростовая ткань"
308,1,308,17,4,1304.095947,1930.187256,0,1001.716003,0,16.671238,181.267319,133.726883,0,21328.242188,0,0,0,6,Active,None,0,0.001953,"heat caravan|spoil wet organic matter|maintain caravan water circuit|maintain living structure|circulate organic nitrogen|maintain electrical systems|atrophy Парус|atrophy Водозабор|atrophy Снегосборник|atrophy Жатка живой массы|atrophy Сборщик сухой массы|atrophy Сушильный орган|atrophy Биореактор / топка|atrophy Электромотор|atrophy Тепловой орган|atrophy Охлаждающий орган|atrophy Ростовая ткань"
309,1,309,10,6,1309.378052,2624.574951,0,996.689697,0,16.607529,181.247299,100.401031,0,22005.232422,0,0,0,6,Active,None,0,0.001953,"heat caravan|spoil wet organic matter|maintain caravan water circuit|maintain living structure|circulate organic nitrogen|maintain electrical systems|atrophy Парус|atrophy Водозабор|atrophy Снегосборник|atrophy Жатка живой массы|atrophy Сборщик сухой массы|atrophy Сушильный орган|atrophy Биореактор / топка|atrophy Электромотор|atrophy Тепловой орган|atrophy Охлаждающий орган|atrophy Ростовая ткань"
310,1,310,7,7,1310.187012,2539.5354,0,992.312134,0,16.55477,181.227036,79.11348,0,21904.849609,0,0,0,6,Active,None,0,0.001953,"heat caravan|spoil wet organic matter|maintain caravan water circuit|maintain living structure|circulate organic nitrogen|maintain electrical systems|atrophy Парус|atrophy Водозабор|atrophy Снегосборник|atrophy Жатка живой массы|atrophy Сборщик сухой массы|atrophy Сушильный орган|atrophy Биореактор / топка|atrophy Электромотор|atrophy Тепловой орган|atrophy Охлаждающий орган|atrophy Ростовая ткань"
311,1,311,7,7,1310.687012,2454.944092,0,988.000366,0,16.503273,181.206543,59.520691,0,21807.521484,0,0,0,6,Active,None,0,0.001953,"heat caravan|spoil wet organic matter|maintain caravan water circuit|maintain living structure|circulate organic nitrogen|maintain electrical systems|atrophy Парус|atrophy Водозабор|atrophy Снегосборник|atrophy Жатка живой массы|atrophy Сборщик сухой массы|atrophy Сушильный орган|atrophy Биореактор / топка|atrophy Электромотор|atrophy Тепловой орган|atrophy Охлаждающий орган|atrophy Ростовая ткань"
312,1,312,7,7,1311.187012,2369.457764,0,983.699158,0,16.452112,181.185913,34.662781,0,21726.126953,0,0,0,6,Active,None,0,0.001953,"capture dust|power intake and harvest|heat caravan|spoil wet organic matter|maintain caravan water circuit|maintain living structure|circulate organic nitrogen|maintain electrical systems|atrophy Парус|atrophy Водозабор|atrophy Снегосборник|atrophy Жатка живой массы|atrophy Сборщик сухой массы|atrophy Сушильный орган|atrophy Биореактор / топка|atrophy Электромотор|atrophy Тепловой орган|atrophy Охлаждающий орган|atrophy Ростовая ткань"
313,1,313,10,6,1311.995972,2283.391846,0,979.381531,0,16.40082,181.164948,8.938154,0,21644.091797,0,0,0,6,Active,None,0,0.001953,"capture dust|power intake and harvest|heat caravan|spoil wet organic matter|maintain caravan water circuit|maintain living structure|circulate organic nitrogen|maintain electrical systems|atrophy Парус|atrophy Водозабор|atrophy Снегосборник|atrophy Жатка живой массы|atrophy Сборщик сухой массы|atrophy Сушильный орган|atrophy Биореактор / топка|atrophy Электромотор|atrophy Тепловой орган|atrophy Охлаждающий орган|atrophy Ростовая ткань"
314,1,314,17,4,1316.319946,2189.619385,0,974.726379,0,16.344006,181.143799,0,0,21541.267578,0,0,4.569678,6,Active,None,0,0.001953,"spoil wet organic matter|maintain caravan water circuit|maintain living structure|circulate organic nitrogen|atrophy Парус|atrophy Водозабор|atrophy Снегосборник|atrophy Жатка живой массы|atrophy Сборщик сухой массы|atrophy Сушильный орган|atrophy Биореактор / топка|atrophy Электромотор|atrophy Тепловой орган|atrophy Охлаждающий орган|atrophy Ростовая ткань"
315,1,315,19,3.000001,1322.608154,2095.074463,0,970.045532,0,16.286846,181.122391,0,0,21432.767578,0,0,13.36147,6,Active,None,0,0.001953,"spoil wet organic matter|maintain caravan water circuit|maintain living structure|circulate organic nitrogen|atrophy Парус|atrophy Водозабор|atrophy Снегосборник|atrophy Жатка живой массы|atrophy Сборщик сухой массы|atrophy Сушильный орган|atrophy Биореактор / топка|atrophy Электромотор|atrophy Тепловой орган|atrophy Охлаждающий орган|atrophy Ростовая ткань"
316,1,316,19,3.000001,1322.608154,2052.257324,0,969.688232,1.277668,16.319662,181.100815,2.174996,0.352398,21388.660156,0,0,17.561466,6,Hibernating,ThermalProtection,12,0.001953,"harvest live biomass|harvest dry biomass|maintain caravan water circuit|maintain living structure|circulate organic nitrogen|maintain electrical systems|atrophy Парус|atrophy Водозабор|atrophy Снегосборник|atrophy Жатка живой массы|atrophy Сборщик сухой массы|atrophy Сушильный орган|atrophy Биореактор / топка|atrophy Электромотор|atrophy Тепловой орган|atrophy Охлаждающий орган|atrophy Ростовая ткань|hibernate"
317,1,317,21,8,1323.954468,2034.503174,0,959.054382,126.555489,17.276751,181.07901,51.345207,0,21463.412109,0,0,1.961468,6,Active,None,30,0.001953,"harvest dry biomass|capture dust|burn dry organic matter|power intake and harvest|heat caravan|reject heat|dry wet organic matter|maintain caravan water circuit|maintain living structure|circulate organic nitrogen|maintain electrical systems|atrophy Парус|atrophy Водозабор|atrophy Снегосборник|atrophy Жатка живой массы|atrophy Сборщик сухой массы|atrophy Сушильный орган|atrophy Биореактор / топка|atrophy Электромотор|atrophy Тепловой орган|atrophy Охлаждающий орган|atrophy Ростовая ткань"
318,1,318,13,11,1330.699219,1935.857178,0,959.054199,197.838806,17.619482,181.072693,114.555328,0.710244,21430.863281,0,0,0,6,Active,None,30,0.001953,"capture dust|burn dry organic matter|power intake and harvest|heat caravan|reject heat|move|movement water loss|movement organic maintenance|maintain caravan water circuit|maintain living structure|circulate organic nitrogen|maintain electrical systems|grow Парус|grow Солнечный лист|grow Резервуар|grow Органическое хранилище|grow Каркас|atrophy Парус|atrophy Водозабор|atrophy Снегосборник|atrophy Жатка живой массы|atrophy Сборщик сухой массы|atrophy Сушильный орган|atrophy Биореактор / топка|atrophy Электромотор|atrophy Тепловой орган|atrophy Охлаждающий орган|atrophy Ростовая ткань"
319,1,319,13,11,1335.955933,2612.819336,0,959.054199,158.345901,16.695704,181.059998,178.437607,0,22073.902344,0,0,0,6,Active,None,30,0.001953,"burn dry organic matter|heat caravan|reject heat|maintain caravan water circuit|maintain living structure|circulate organic nitrogen|maintain electrical systems|atrophy Парус|atrophy Солнечный лист|atrophy Водозабор|atrophy Снегосборник|atrophy Жатка живой массы|atrophy Сборщик сухой массы|atrophy Сушильный орган|atrophy Биореактор / топка|atrophy Электромотор|atrophy Тепловой орган|atrophy Охлаждающий орган|atrophy Ростовая ткань"
320,1,320,11,7,1343.266846,2518.312744,0,959.054199,219.044632,16.998926,181.051529,250.393509,0,22045.390625,0,0,0,6,Active,None,30,0.001953,"harvest dry biomass|capture dust|burn dry organic matter|power intake and harvest|heat caravan|reject heat|maintain caravan water circuit|maintain living structure|circulate organic nitrogen|maintain electrical systems|grow Сборщик сухой массы|grow Органическое хранилище|grow Биореактор / топка|atrophy Парус|atrophy Солнечный лист|atrophy Водозабор|atrophy Снегосборник|atrophy Жатка живой массы|atrophy Сборщик сухой массы|atrophy Сушильный орган|atrophy Биореактор / топка|atrophy Электромотор|atrophy Тепловой орган|atrophy Охлаждающий орган|atrophy Ростовая ткань"
321,1,321,13,10,1346.786255,2427.342529,0,959.054199,178.873154,16.171061,181.043671,273.74411,0,21923.927734,0,0,0,6,Active,None,30,0.001953,"capture dust|burn dry organic matter|power intake and harvest|heat caravan|reject heat|maintain caravan water circuit|maintain living structure|circulate organic nitrogen|maintain electrical systems|atrophy Парус|atrophy Солнечный лист|atrophy Водозабор|atrophy Снегосборник|atrophy Жатка живой массы|atrophy Сборщик сухой массы|atrophy Сушильный орган|atrophy Биореактор / топка|atrophy Электромотор|atrophy Тепловой орган|atrophy Охлаждающий орган|atrophy Ростовая ткань"
322,1,322,12,7,1351.311646,2336.090576,0,959.054199,128.489944,15.245786,181.029251,272.77066,0.178321,21792.578125,0,0,0,6,Active,None,30,0.001953,"burn dry organic matter|heat caravan|reject heat|move|movement water loss|movement organic maintenance|maintain caravan water circuit|maintain living structure|circulate organic nitrogen|maintain electrical systems|atrophy Парус|atrophy Солнечный лист|atrophy Водозабор|atrophy Снегосборник|atrophy Жатка живой массы|atrophy Сборщик сухой массы|atrophy Сушильный орган|atrophy Биореактор / топка|atrophy Электромотор|atrophy Тепловой орган|atrophy Охлаждающий орган|atrophy Ростовая ткань"
323,1,323,13,10,1353.683228,2248.837891,0,959.054199,198.885223,15.823874,181.026093,272.474426,0.206001,21730.496094,0,0,0,6,Active,None,30,0.001953,"burn dry organic matter|heat caravan|reject heat|move|movement water loss|movement organic maintenance|maintain caravan water circuit|maintain living structure|circulate organic nitrogen|maintain electrical systems|grow Парус|grow Солнечный лист|grow Резервуар|grow Органическое хранилище|grow Каркас|atrophy Парус|atrophy Солнечный лист|atrophy Водозабор|atrophy Снегосборник|atrophy Жатка живой массы|atrophy Сборщик сухой массы|atrophy Сушильный орган|atrophy Биореактор / топка|atrophy Электромотор|atrophy Тепловой орган|atrophy Охлаждающий орган|atrophy Ростовая ткань"
324,1,324,13,10,1355.183228,2162.015137,0,959.054199,158.52597,15.10913,181.016129,274.114166,0,21608.925781,0,0,0,6,Active,None,30,0.001953,"burn dry organic matter|heat caravan|reject heat|maintain caravan water circuit|maintain living structure|circulate organic nitrogen|maintain electrical systems|atrophy Парус|atrophy Солнечный лист|atrophy Водозабор|atrophy Снегосборник|atrophy Жатка живой массы|atrophy Сборщик сухой массы|atrophy Сушильный орган|atrophy Электромотор|atrophy Тепловой орган|atrophy Охлаждающий орган|atrophy Ростовая ткань"
325,1,325,15,9,1357.640381,2074.106934,0,959.054199,118.19075,14.421155,181.006332,274.22525,0,21483.949219,0,0,0,6,Active,None,30,0.001953,"burn dry organic matter|heat caravan|reject heat|move|movement water loss|movement organic maintenance|maintain caravan water circuit|maintain living structure|circulate organic nitrogen|maintain electrical systems|atrophy Парус|atrophy Солнечный лист|atrophy Водозабор|atrophy Снегосборник|atrophy Жатка живой массы|atrophy Сборщик сухой массы|atrophy Сушильный орган|atrophy Электромотор|atrophy Тепловой орган|atrophy Охлаждающий орган|atrophy Ростовая ткань"
326,1,326,13,10,1359.317261,1987.959106,0,959.054199,188.340485,15.079687,181.003769,274.054688,0.006468,21466.525391,0,0,0,6,Active,None,30,0.001953,"burn dry organic matter|heat caravan|reject heat|move|movement water loss|movement organic maintenance|maintain caravan water circuit|maintain living structure|circulate organic nitrogen|maintain electrical systems|grow Парус|grow Солнечный лист|grow Резервуар|grow Органическое хранилище|grow Каркас|atrophy Парус|atrophy Солнечный лист|atrophy Водозабор|atrophy Снегосборник|atrophy Жатка живой массы|atrophy Сборщик сухой массы|atrophy Сушильный орган|atrophy Электромотор|atrophy Тепловой орган|atrophy Охлаждающий орган|atrophy Ростовая ткань"
327,1,327,12,12,1364.693604,2663.20752,0,959.054199,148.10675,14.443337,180.994339,274.44101,0,22100.115234,0,0,0,6,Active,None,30,0.001953,"burn dry organic matter|heat caravan|reject heat|move|movement water loss|movement organic maintenance|maintain caravan water circuit|maintain living structure|circulate organic nitrogen|maintain electrical systems|atrophy Парус|atrophy Солнечный лист|atrophy Водозабор|atrophy Снегосборник|atrophy Жатка живой массы|atrophy Сборщик сухой массы|atrophy Сушильный орган|atrophy Электромотор|atrophy Тепловой орган|atrophy Ростовая ткань"
328,1,328,10,10,1367.274658,2569.83667,0,959.054199,217.939926,15.142869,180.988419,272.021454,0,22093.953125,0,0,0,6,Active,None,30,0.001953,"harvest dry biomass|capture dust|burn dry organic matter|power intake and harvest|heat caravan|reject heat|maintain caravan water circuit|maintain living structure|circulate organic nitrogen|maintain electrical systems|grow Сборщик сухой массы|grow Органическое хранилище|grow Биореактор / топка|atrophy Парус|atrophy Солнечный лист|atrophy Водозабор|atrophy Снегосборник|atrophy Жатка живой массы|atrophy Сборщик сухой массы|atrophy Сушильный орган|atrophy Электромотор|atrophy Тепловой орган|atrophy Ростовая ткань"
329,1,329,13,10,1369.815186,2470.73291,0,959.054199,177.195862,14.532525,180.982574,274.624817,0,21971.490234,0,0,0,6,Active,None,30,0.001953,"capture dust|burn dry organic matter|power intake and harvest|heat caravan|reject heat|move|movement water loss|movement organic maintenance|maintain caravan water circuit|maintain living structure|circulate organic nitrogen|maintain electrical systems|atrophy Парус|atrophy Солнечный лист|atrophy Водозабор|atrophy Снегосборник|atrophy Жатка живой массы|atrophy Сборщик сухой массы|atrophy Сушильный орган|atrophy Электромотор|atrophy Тепловой орган|atrophy Ростовая ткань"
330,1,330,13,11,1372.277222,2369.714844,0,959.054199,136.403992,13.939144,180.973129,274.72525,0,21796.121094,0,0,0,6,Active,None,30,0.001953,"capture dust|burn dry organic matter|power intake and harvest|heat caravan|reject heat|maintain caravan water circuit|maintain living structure|circulate organic nitrogen|maintain electrical systems|atrophy Парус|atrophy Солнечный лист|atrophy Водозабор|atrophy Снегосборник|atrophy Жатка живой массы|atrophy Сборщик сухой массы|atrophy Сушильный орган|atrophy Электромотор|atrophy Тепловой орган|atrophy Ростовая ткань"
331,1,331,13,10,1375.383423,2271.726807,0,959.054199,212.454041,14.755068,180.970932,272.963928,0.259217,21791.578125,0,0,0,6,Active,None,30,0.001953,"capture dust|burn dry organic matter|power intake and harvest|heat caravan|reject heat|move|movement water loss|movement organic maintenance|maintain caravan water circuit|maintain living structure|circulate organic nitrogen|maintain electrical systems|grow Парус|grow Солнечный лист|grow Резервуар|grow Органическое хранилище|grow Каркас|atrophy Парус|atrophy Солнечный лист|atrophy Водозабор|atrophy Снегосборник|atrophy Жатка живой массы|atrophy Сборщик сухой массы|atrophy Сушильный орган|atrophy Электромотор|atrophy Тепловой орган|atrophy Ростовая ткань"
332,1,332,13,11,1376.73291,2175.525146,0,959.054199,174.026611,14.212234,180.965179,274.920166,0,21674.357422,0,0,0,6,Active,None,30,0.001953,"capture dust|burn dry organic matter|power intake and harvest|heat caravan|reject heat|maintain caravan water circuit|maintain living structure|circulate organic nitrogen|maintain electrical systems|atrophy Парус|atrophy Солнечный лист|atrophy Водозабор|atrophy Снегосборник|atrophy Жатка живой массы|atrophy Сборщик сухой массы|atrophy Сушильный орган|atrophy Электромотор|atrophy Тепловой орган|atrophy Ростовая ткань"
333,1,333,13,11,1379.131714,2077.512451,0,959.054199,135.634018,13.682873,180.955841,275.01474,0,21504.689453,0,0,0,6,Active,None,30,0.001953,"capture dust|burn dry organic matter|power intake and harvest|heat caravan|reject heat|maintain caravan water circuit|maintain living structure|circulate organic nitrogen|maintain electrical systems|atrophy Парус|atrophy Солнечный лист|atrophy Водозабор|atrophy Снегосборник|atrophy Жатка живой массы|atrophy Сборщик сухой массы|atrophy Сушильный орган|atrophy Электромотор|atrophy Тепловой орган|atrophy Ростовая ткань"
334,1,334,13,15,1381.703003,1979.287476,0,959.054199,215.308899,14.575706,180.950119,272.600616,0,21503.554688,0,0,0,6,Active,None,30,0.001953,"harvest dry biomass|capture dust|burn dry organic matter|power intake and harvest|heat caravan|reject heat|maintain caravan water circuit|maintain living structure|circulate organic nitrogen|maintain electrical systems|grow Сборщик сухой массы|grow Органическое хранилище|grow Биореактор / топка|atrophy Парус|atrophy Солнечный лист|atrophy Водозабор|atrophy Снегосборник|atrophy Жатка живой массы|atrophy Сборщик сухой массы|atrophy Сушильный орган|atrophy Электромотор|atrophy Тепловой орган|atrophy Ростовая ткань"
335,1,335,4,12,1385.112671,2654.429932,0,959.054199,174.613754,14.03809,180.937103,272.953033,0,22148.357422,0,0,0,6,Active,None,30,0.001953,"harvest dry biomass|burn dry organic matter|power intake and harvest|heat caravan|reject heat|maintain caravan water circuit|maintain living structure|circulate organic nitrogen|maintain electrical systems|atrophy Парус|atrophy Солнечный лист|atrophy Водозабор|atrophy Снегосборник|atrophy Жатка живой массы|atrophy Сборщик сухой массы|atrophy Сушильный орган|atrophy Электромотор|atrophy Тепловой орган|atrophy Ростовая ткань"
336,1,336,13,11,1390.455078,2562.673828,0,959.054199,137.490433,13.546568,180.927719,275.286621,0,22027.480469,0,0,0,6,Active,None,30,0.001953,"capture dust|burn dry organic matter|power intake and harvest|heat caravan|reject heat|maintain caravan water circuit|maintain living structure|circulate organic nitrogen|maintain electrical systems|atrophy Парус|atrophy Солнечный лист|atrophy Водозабор|atrophy Снегосборник|atrophy Жатка живой массы|atrophy Сборщик сухой массы|atrophy Сушильный орган|atrophy Электромотор|atrophy Тепловой орган|atrophy Ростовая ткань"
337,1,337,10,11,1393.266602,2474.853516,0,959.054199,218.086197,14.470511,180.921997,272.887848,0,21979.029297,0,0,0,6,Active,None,30,0.001953,"harvest dry biomass|burn dry organic matter|power intake and harvest|heat caravan|reject heat|maintain caravan water circuit|maintain living structure|circulate organic nitrogen|maintain electrical systems|grow Сборщик сухой массы|grow Органическое хранилище|grow Биореактор / топка|atrophy Парус|atrophy Солнечный лист|atrophy Водозабор|atrophy Снегосборник|atrophy Жатка живой массы|atrophy Сборщик сухой массы|atrophy Сушильный орган|atrophy Электромотор|atrophy Тепловой орган|atrophy Ростовая ткань"
338,1,338,13,11,1396.566162,2386.56665,0,959.054199,178.556229,13.958338,180.916351,275.459503,0,21859.226563,0,0,0,6,Active,None,30,0.001953,"capture dust|burn dry organic matter|power intake and harvest|heat caravan|reject heat|maintain caravan water circuit|maintain living structure|circulate organic nitrogen|maintain electrical systems|atrophy Парус|atrophy Солнечный лист|atrophy Водозабор|atrophy Снегосборник|atrophy Жатка живой массы|atrophy Сборщик сухой массы|atrophy Сушильный орган|atrophy Электромотор|atrophy Тепловой орган|atrophy Ростовая ткань"
339,1,339,13,11,1399.340942,2295.85791,0,959.054199,139.052734,13.454236,180.907166,275.543671,0,21744.103516,0,0,0,6,Active,None,30,0.001953,"capture dust|burn dry organic matter|power intake and harvest|heat caravan|reject heat|maintain caravan water circuit|maintain living structure|circulate organic nitrogen|maintain electrical systems|atrophy Парус|atrophy Солнечный лист|atrophy Водозабор|atrophy Снегосборник|atrophy Жатка живой массы|atrophy Сборщик сухой массы|atrophy Сушильный орган|atrophy Электромотор|atrophy Тепловой орган|atrophy Ростовая ткань"
340,1,340,16,9,1404.411865,2201.112793,0,959.054199,212.503754,14.306007,180.901596,273.113037,0,21735.544922,0,0,0,6,Active,None,30,0.001953,"harvest dry biomass|capture dust|burn dry organic matter|power intake and harvest|heat caravan|reject heat|maintain caravan water circuit|maintain living structure|circulate organic nitrogen|maintain electrical systems|grow Сборщик сухой массы|grow Органическое хранилище|grow Биореактор / топка|atrophy Парус|atrophy Солнечный лист|atrophy Водозабор|atrophy Снегосборник|atrophy Жатка живой массы|atrophy Сборщик сухой массы|atrophy Сушильный орган|atrophy Электромотор|atrophy Тепловой орган|atrophy Ростовая ткань"
341,1,341,13,11,1407.813232,2107.890625,0,959.054199,172.894836,13.804799,180.896042,275.706635,0,21563.339844,0,0,0,6,Active,None,30,0.001953,"capture dust|burn dry organic matter|power intake and harvest|heat caravan|reject heat|maintain caravan water circuit|maintain living structure|circulate organic nitrogen|maintain electrical systems|atrophy Парус|atrophy Солнечный лист|atrophy Водозабор|atrophy Снегосборник|atrophy Жатка живой массы|atrophy Сборщик сухой массы|atrophy Сушильный орган|atrophy Электромотор|atrophy Тепловой орган|atrophy Ростовая ткань"
342,1,342,13,12,1410.063232,2016.127197,0,959.054199,152.599854,13.538614,180.890503,275.785614,0,21466.386719,0,0,0,6,Active,None,30,0.001953,"capture dust|burn dry organic matter|power intake and harvest|heat caravan|reject heat|maintain caravan water circuit|maintain living structure|circulate organic nitrogen|maintain electrical systems|atrophy Парус|atrophy Солнечный лист|atrophy Водозабор|atrophy Снегосборник|atrophy Жатка живой массы|atrophy Сборщик сухой массы|atrophy Сушильный орган|atrophy Электромотор|atrophy Тепловой орган|atrophy Ростовая ткань"
343,1,343,5,11,1415.470581,2688.809814,0,959.054199,114.725655,13.067826,180.881378,267.962311,1.188211,22118.669922,0,0,0,6,Active,None,30,0.001953,"withdraw surface water|capture dust|burn dry organic matter|power intake and harvest|heat caravan|reject heat|move|movement water loss|movement organic maintenance|maintain caravan water circuit|maintain living structure|circulate organic nitrogen|maintain electrical systems|atrophy Парус|atrophy Солнечный лист|atrophy Водозабор|atrophy Снегосборник|atrophy Жатка живой массы|atrophy Сборщик сухой массы|atrophy Сушильный орган|atrophy Электромотор|atrophy Тепловой орган|atrophy Ростовая ткань"
344,1,344,13,12,1420.574097,2587.909668,0,959.054199,192.992096,13.988888,180.875946,275.699158,0,22079.925781,0,0,0,6,Active,None,30,0.001953,"capture dust|burn dry organic matter|power intake and harvest|heat caravan|reject heat|maintain caravan water circuit|maintain living structure|circulate organic nitrogen|maintain electrical systems|grow Парус|grow Солнечный лист|grow Резервуар|grow Органическое хранилище|grow Каркас|atrophy Парус|atrophy Солнечный лист|atrophy Водозабор|atrophy Снегосборник|atrophy Жатка живой массы|atrophy Сборщик сухой массы|atrophy Сушильный орган|atrophy Электромотор|atrophy Тепловой орган|atrophy Ростовая ткань"
345,1,345,13,13,1422.958374,2492.070068,0,959.054199,154.878311,13.519088,180.866867,275.214539,0.065544,21986.136719,0,0,0,6,Active,None,30,0.001953,"capture dust|collect chitin|burn dry organic matter|power intake and harvest|heat caravan|reject heat|move|movement water loss|movement organic maintenance|maintain caravan water circuit|maintain living structure|circulate organic nitrogen|maintain electrical systems|atrophy Парус|atrophy Солнечный лист|atrophy Водозабор|atrophy Снегосборник|atrophy Жатка живой массы|atrophy Сборщик сухой массы|atrophy Сушильный орган|atrophy Электромотор|atrophy Тепловой орган|atrophy Ростовая ткань"
346,1,346,13,13,1426.620483,2396.438721,0,959.054199,161.126801,13.583249,180.857773,275.193481,0.065413,21942.429688,0,0,0,6,Active,None,30,0.001953,"capture dust|collect chitin|burn dry organic matter|power intake and harvest|heat caravan|reject heat|move|movement water loss|movement organic maintenance|maintain caravan water circuit|maintain living structure|circulate organic nitrogen|maintain electrical systems|atrophy Парус|atrophy Солнечный лист|atrophy Водозабор|atrophy Снегосборник|atrophy Жатка живой массы|atrophy Сушильный орган|atrophy Электромотор|atrophy Тепловой орган|atrophy Ростовая ткань"
347,1,347,7,9,1431.709839,2298.86084,0,959.054199,132.16156,13.22643,180.84874,273.398834,0.412183,21809.912109,0,0,0,6,Active,None,30,0.001953,"harvest dry biomass|capture dust|burn dry organic matter|power intake and harvest|heat caravan|reject heat|move|movement water loss|movement organic maintenance|maintain caravan water circuit|maintain living structure|circulate organic nitrogen|maintain electrical systems|atrophy Парус|atrophy Солнечный лист|atrophy Водозабор|atrophy Снегосборник|atrophy Жатка живой массы|atrophy Сушильный орган|atrophy Электромотор|atrophy Тепловой орган|atrophy Ростовая ткань"
348,1,348,13,13,1436.599609,2201.39917,0,959.054199,206.474716,14.103528,180.846832,276.007385,0,21797.095703,0,0,0,6,Active,None,30,0.001953,"burn dry organic matter|heat caravan|reject heat|move|movement water loss|movement organic maintenance|maintain caravan water circuit|maintain living structure|circulate organic nitrogen|maintain electrical systems|grow Парус|grow Солнечный лист|grow Резервуар|grow Органическое хранилище|grow Каркас|atrophy Парус|atrophy Солнечный лист|atrophy Водозабор|atrophy Снегосборник|atrophy Жатка живой массы|atrophy Сушильный орган|atrophy Электромотор|atrophy Тепловой орган|atrophy Ростовая ткань"
349,1,349,13,11,1441.633057,2111.261963,0,959.054199,166.153336,13.613387,180.837723,276.294342,0,21674.677734,0,0,0,6,Active,None,30,0.001953,"capture dust|burn dry organic matter|power intake and harvest|heat caravan|reject heat|maintain caravan water circuit|maintain living structure|circulate organic nitrogen|maintain electrical systems|atrophy Парус|atrophy Солнечный лист|atrophy Водозабор|atrophy Снегосборник|atrophy Жатка живой массы|atrophy Сушильный орган|atrophy Электромотор|atrophy Тепловой орган|atrophy Ростовая ткань"
350,1,350,8,17,1446.692139,2021.623535,0,959.054199,133.700333,13.218606,180.828659,273.470367,0.454342,21553.529297,0,0,0,6,Active,None,30,0.001953,"harvest dry biomass|burn dry organic matter|power intake and harvest|heat caravan|reject heat|move|movement water loss|movement organic maintenance|maintain caravan water circuit|maintain living structure|circulate organic nitrogen|maintain electrical systems|atrophy Парус|atrophy Солнечный лист|atrophy Водозабор|atrophy Снегосборник|atrophy Жатка живой массы|atrophy Сушильный орган|atrophy Электромотор|atrophy Тепловой орган|atrophy Ростовая ткань"
351,1,351,5,11,1453.542847,2700.743164,0,959.054199,205.874649,14.073262,180.826782,268.654755,1.13305,22303.398438,0,0,0,6,Active,None,30,0.001953,"withdraw surface water|burn dry organic matter|power intake and harvest|heat caravan|reject heat|move|movement water loss|movement organic maintenance|maintain caravan water circuit|maintain living structure|circulate organic nitrogen|maintain electrical systems|grow Водозабор|grow Снегосборник|grow Резервуар|grow Тепловой орган|atrophy Парус|atrophy Солнечный лист|atrophy Водозабор|atrophy Снегосборник|atrophy Жатка живой массы|atrophy Сушильный орган|atrophy Электромотор|atrophy Тепловой орган|atrophy Ростовая ткань"
352,1,352,13,11,1459.992676,2607.239746,0,959.054199,166.869934,13.601802,180.817917,276.515503,0,22169.466797,0,0,0,6,Active,None,30,0.001953,"burn dry organic matter|heat caravan|reject heat|maintain caravan water circuit|maintain living structure|circulate organic nitrogen|maintain electrical systems|atrophy Солнечный лист|atrophy Водозабор|atrophy Снегосборник|atrophy Жатка живой массы|atrophy Сушильный орган|atrophy Электромотор|atrophy Тепловой орган|atrophy Ростовая ткань"
353,1,353,10,20,1466.348999,2518.936279,0,959.054199,128.708969,13.140961,180.809036,273.036682,0.561412,22041.582031,0,0,0,6,Active,None,30,0.001953,"harvest dry biomass|burn dry organic matter|power intake and harvest|heat caravan|reject heat|move|movement water loss|movement organic maintenance|maintain caravan water circuit|maintain living structure|circulate organic nitrogen|maintain electrical systems|atrophy Солнечный лист|atrophy Водозабор|atrophy Снегосборник|atrophy Жатка живой массы|atrophy Сушильный орган|atrophy Электромотор|atrophy Тепловой орган|atrophy Ростовая ткань"
354,1,354,13,11,1470.651733,2429.416748,0,959.054199,201.211121,14.001673,180.807297,273.821564,0.412348,22023.138672,0,0,0,6,Active,None,30,0.001953,"burn dry organic matter|heat caravan|reject heat|move|movement water loss|movement organic maintenance|maintain caravan water circuit|maintain living structure|circulate organic nitrogen|maintain electrical systems|grow Парус|grow Солнечный лист|grow Резервуар|grow Органическое хранилище|grow Каркас|atrophy Солнечный лист|atrophy Водозабор|atrophy Снегосборник|atrophy Жатка живой массы|atrophy Сушильный орган|atrophy Электромотор|atrophy Тепловой орган|atrophy Ростовая ткань"
355,1,355,13,12,1474.54187,2336.855469,0,959.054199,161.349838,13.521845,180.798294,276.702576,0,21891.664063,0,0,0,6,Active,None,30,0.001953,"burn dry organic matter|heat caravan|reject heat|maintain caravan water circuit|maintain living structure|circulate organic nitrogen|maintain electrical systems|atrophy Солнечный лист|atrophy Водозабор|atrophy Снегосборник|atrophy Жатка живой массы|atrophy Сушильный орган|atrophy Электромотор|atrophy Тепловой орган|atrophy Ростовая ткань"
356,1,356,13,7,1478.603149,2241.634277,0,959.054199,137.353836,13.232787,180.789322,274.79541,0.259819,21787.607422,0,0,0,6,Active,None,30,0.001953,"harvest dry biomass|capture dust|burn dry organic matter|power intake and harvest|heat caravan|reject heat|move|movement water loss|movement organic maintenance|maintain caravan water circuit|maintain living structure|circulate organic nitrogen|maintain electrical systems|atrophy Солнечный лист|atrophy Водозабор|atrophy Снегосборник|atrophy Жатка живой массы|atrophy Сушильный орган|atrophy Электромотор|atrophy Тепловой орган|atrophy Ростовая ткань"
357,1,357,13,13,1484.22522,2140.147461,0,959.054199,212.011078,14.117664,180.791107,276.556702,0,21778.140625,0,0,0,6,Active,None,30,0.001953,"capture dust|burn dry organic matter|power intake and harvest|heat caravan|reject heat|move|movement water loss|movement organic maintenance|maintain caravan water circuit|maintain living structure|circulate organic nitrogen|maintain electrical systems|grow Парус|grow Солнечный лист|grow Резервуар|grow Органическое хранилище|grow Каркас|atrophy Солнечный лист|atrophy Водозабор|atrophy Снегосборник|atrophy Жатка живой массы|atrophy Сушильный орган|atrophy Электромотор|atrophy Тепловой орган|atrophy Ростовая ткань"
358,1,358,13,12,1488.080688,2038.149658,0,959.054199,172.55098,13.637746,180.789261,276.854675,0,21602.675781,0,0,0,6,Active,None,30,0.001953,"capture dust|burn dry organic matter|power intake and harvest|heat caravan|reject heat|maintain caravan water circuit|maintain living structure|circulate organic nitrogen|maintain electrical systems|atrophy Солнечный лист|atrophy Водозабор|atrophy Снегосборник|atrophy Жатка живой массы|atrophy Сушильный орган|atrophy Электромотор|atrophy Тепловой орган|atrophy Ростовая ткань"
359,1,359,20,16,1493.604492,1938.703125,0,959.054199,134.967377,13.188146,180.780167,276.88031,0,21483.185547,0,0,0,6,Active,None,30,0.001953,"harvest dry biomass|capture dust|burn dry organic matter|power intake and harvest|heat caravan|reject heat|move|movement water loss|movement organic maintenance|maintain caravan water circuit|maintain living structure|circulate organic nitrogen|maintain electrical systems|atrophy Солнечный лист|atrophy Водозабор|atrophy Снегосборник|atrophy Жатка живой массы|atrophy Сушильный орган|atrophy Электромотор|atrophy Тепловой орган|atrophy Ростовая ткань"
360,1,360,10,5,1501.855713,2606.885742,0,959.054199,143.294052,13.28907,180.771072,274.016449,0.443322,22167.427734,0,0,0,6,Active,None,30,0.001953,"harvest dry biomass|capture dust|burn dry organic matter|power intake and harvest|heat caravan|reject heat|move|movement water loss|movement organic maintenance|maintain caravan water circuit|maintain living structure|circulate organic nitrogen|maintain electrical systems|atrophy Солнечный лист|atrophy Водозабор|atrophy Снегосборник|atrophy Жатка живой массы|atrophy Сушильный орган|atrophy Электромотор|atrophy Тепловой орган|atrophy Ростовая ткань"
361,1,361,9,18,1505.585449,2510.336182,0,959.054199,218.815826,14.189779,180.768997,274.482574,0,22113.794922,0,0,0,6,Active,None,30,0.001953,"harvest dry biomass|capture dust|burn dry organic matter|power intake and harvest|heat caravan|reject heat|maintain caravan water circuit|maintain living structure|circulate organic nitrogen|maintain electrical systems|grow Сборщик сухой массы|grow Органическое хранилище|grow Биореактор / топка|atrophy Солнечный лист|atrophy Водозабор|atrophy Снегосборник|atrophy Жатка живой массы|atrophy Сушильный орган|atrophy Электромотор|atrophy Тепловой орган|atrophy Ростовая ткань"
362,1,362,13,12,1509.937744,2414.698242,0,959.054199,179.491776,13.716184,180.76329,277.072479,0,21996.382813,0,0,0,6,Active,None,30,0.001953,"capture dust|burn dry organic matter|power intake and harvest|heat caravan|reject heat|maintain caravan water circuit|maintain living structure|circulate organic nitrogen|maintain electrical systems|atrophy Парус|atrophy Солнечный лист|atrophy Водозабор|atrophy Снегосборник|atrophy Жатка живой массы|atrophy Сушильный орган|atrophy Электромотор|atrophy Тепловой орган|atrophy Ростовая ткань"
363,1,363,13,12,1514.1073,2325.206543,0,959.054199,140.493408,13.25015,180.753967,277.123901,0,21885.447266,0,0,0,6,Active,None,30,0.001953,"capture dust|burn dry organic matter|power intake and harvest|heat caravan|reject heat|maintain caravan water circuit|maintain living structure|circulate organic nitrogen|maintain electrical systems|atrophy Солнечный лист|atrophy Водозабор|atrophy Снегосборник|atrophy Жатка живой массы|atrophy Сушильный орган|atrophy Электромотор|atrophy Тепловой орган|atrophy Ростовая ткань"
364,1,364,12,4,1519.463013,2236.771729,0,959.054199,222.055054,14.227213,180.74826,274.658234,0,21840.019531,0,0,0,6,Active,None,30,0.001953,"harvest dry biomass|burn dry organic matter|power intake and harvest|heat caravan|reject heat|maintain caravan water circuit|maintain living structure|circulate organic nitrogen|maintain electrical systems|grow Сборщик сухой массы|grow Органическое хранилище|grow Биореактор / топка|atrophy Солнечный лист|atrophy Водозабор|atrophy Снегосборник|atrophy Жатка живой массы|atrophy Сушильный орган|atrophy Электромотор|atrophy Тепловой орган|atrophy Ростовая ткань"
365,1,365,2,6,1525.839355,2145.302734,0,959.054199,132.069901,13.15295,180.735229,276.301971,0.149607,21680.896484,0,0,0,6,Active,None,30,0.001953,"harvest dry biomass|burn dry organic matter|power intake and harvest|heat caravan|reject heat|move|movement water loss|movement organic maintenance|maintain caravan water circuit|maintain living structure|circulate organic nitrogen|maintain electrical systems|atrophy Солнечный лист|atrophy Водозабор|atrophy Снегосборник|atrophy Жатка живой массы|atrophy Сушильный орган|atrophy Электромотор|atrophy Тепловой орган|atrophy Ростовая ткань"
