year,day,elapsed_hours,region_x,region_y,temperature_c,snow_mm,surface_water_mean_mm,surface_water_max_mm,flooded_fraction,root_water_mm,water_stress_fraction,live_biomass_gm2,dust_gm2,burning_fraction,burn_scar
1,15,360,0,0,-10.330122947692871,28.67146110534668,0.0012476857518777251,0.044379450380802155,0,55.993942260742188,0,27.750045776367188,0.029198421165347099,0,0
1,15,360,1,0,-10.382492065429688,19.865467071533203,0.0011606845073401928,0.017527239397168159,0,55.745712280273438,0,28.110816955566406,0.093550316989421844,0,0
1,15,360,2,0,-10.219478607177734,18.998517990112305,0.0016462201019749045,0.021393913775682449,0,54.947242736816406,0,28.042551040649414,0.074816495180130005,0,0
1,15,360,3,0,-10.047369956970215,18.387346267700195,0.0023464697878807783,0.030498640611767769,0,58.667716979980469,0,28.854219436645508,0.026842592284083366,0,0
1,15,360,4,0,-10.08774471282959,19.196426391601562,0.0039640883915126324,0.035820525139570236,0,58.921382904052734,0,28.971651077270508,0.048407986760139465,0,0
1,15,360,5,0,-9.9775314331054688,17.283935546875,0.0087769385427236557,0.042715653777122498,0,53.952102661132812,0,27.0579833984375,0.050756778568029404,0,0
1,15,360,6,0,-9.9372501373291016,15.671492576599121,0.014622638933360577,0.0474545918405056,0,51.271583557128906,0,25.454738616943359,0.050440426915884018,0,0
1,15,360,7,0,-9.78619384765625,16.350496292114258,0.0097581511363387108,0.038659095764160156,0,52.795997619628906,0,24.534025192260742,0.035736571997404099,0,0
1,15,360,0,1,-10.508570671081543,31.405012130737305,0.00032346873194910586,0.0059214979410171509,0,51.638084411621094,0,26.094905853271484,0.062852449715137482,0,0
1,15,360,1,1,-10.682357788085938,12.074856758117676,0.0012992564588785172,0.024229820817708969,0,54.106864929199219,0,26.565986633300781,0.38585987687110901,0,0
1,15,360,2,1,-10.744861602783203,12.678082466125488,0.0038192446809262037,0.023397674784064293,0,51.408725738525391,0,26.536308288574219,0.76796501874923706,0,0
1,15,360,3,1,-10.606459617614746,11.17292594909668,0.011201887391507626,0.030116003006696701,0,54.786472320556641,0,27.449264526367188,0.88174259662628174,0,0
1,15,360,4,1,-10.610531806945801,10.627403259277344,0.019807253032922745,0.06188645213842392,0,55.943767547607422,0,26.130966186523438,0.84439873695373535,0,0
1,15,360,5,1,-10.814987182617188,14.175259590148926,0.012040875852108002,0.055841840803623199,0,56.204818725585938,0,25.33050537109375,0.77665925025939941,0,0
1,15,360,6,1,-10.700390815734863,12.027046203613281,0.020622812211513519,0.059758767485618591,0,54.925857543945312,0,24.875007629394531,0.45255541801452637,0,0
1,15,360,7,1,-10.177292823791504,17.014808654785156,0.0011738825123757124,0.027848530560731888,0,54.762828826904297,0,25.909284591674805,0.18907678127288818,0,0
1,15,360,0,2,-10.458852767944336,36.858615875244141,0.0032465956173837185,0.042585723102092743,0,49.591217041015625,0,25.592941284179688,0.056134816259145737,0,0
1,15,360,1,2,-10.772090911865234,11.355801582336426,0.011360839009284973,0.076015889644622803,0,51.127212524414062,0,24.648347854614258,0.35692581534385681,0,0
1,15,360,2,2,-11.05091381072998,14.245515823364258,0.01112604234367609,0.062846377491950989,0,50.969913482666016,0,24.253606796264648,0.66987353563308716,0,0
1,15,360,3,2,-11.134969711303711,13.318256378173828,0.018161298707127571,0.072914212942123413,0,54.203594207763672,0,24.672124862670898,0.62734401226043701,0,0
1,15,360,4,2,-10.959287643432617,11.214682579040527,0.014269857667386532,0.053886368870735168,0,55.091060638427734,0,25.333002090454102,0.44738981127738953,0,0
1,15,360,5,2,-10.575730323791504,9.5367450714111328,0.02024390920996666,0.067698203027248383,0,54.095661163330078,0,26.596290588378906,0.39237236976623535,0,0
1,15,360,6,2,-10.542075157165527,8.970952033996582,0.024805480614304543,0.061087090522050858,0,52.077602386474609,0,26.438993453979492,0.47994557023048401,0,0
1,15,360,7,2,-10.264270782470703,18.639450073242188,0.0012982534244656563,0.027990102767944336,0,56.699596405029297,0,28.114694595336914,0.3788827657699585,0,0
1,15,360,0,3,-10.634443283081055,40.991554260253906,0.0087179727852344513,0.037502497434616089,0,49.029441833496094,0,23.402803421020508,0.049061484634876251,0,0
1,15,360,1,3,-10.693146705627441,9.7906322479248047,0.015539250336587429,0.050135545432567596,0,52.969135284423828,0,24.992349624633789,0.31494244933128357,0,0
1,15,360,2,3,-10.56356143951416,11.183207511901855,0.009067220613360405,0.052598048001527786,0,56.377956390380859,0,27.978342056274414,0.64076697826385498,0,0
1,15,360,3,3,-10.804971694946289,11.792258262634277,0.0057552759535610676,0.028578665107488632,0,52.517318725585938,0,26.371316909790039,0.79406678676605225,0,0
1,15,360,4,3,-10.711640357971191,8.0419559478759766,0.017104964703321457,0.03317241370677948,0,52.388755798339844,0,24.546051025390625,0.87830400466918945,0,0
1,15,360,5,3,-10.814286231994629,10.22474479675293,0.010292083024978638,0.030293762683868408,0,50.4600830078125,0,24.503883361816406,1.0809170007705688,0,0
1,15,360,6,3,-10.884079933166504,10.24741268157959,0.013090330176055431,0.042435843497514725,0,50.189495086669922,0,24.513795852661133,1.2259690761566162,0,0
1,15,360,7,3,-10.383687019348145,18.637233734130859,0.0096411425620317459,0.062698036432266235,0,54.50872802734375,0,25.272815704345703,0.58389461040496826,0,0
1,15,360,0,4,-10.14372444152832,37.051044464111328,0.010144239291548729,0.034880358725786209,0,50.017284393310547,0,25.252925872802734,0.045968726277351379,0,0
1,15,360,1,4,-10.560007095336914,11.368432998657227,0.0073118326254189014,0.031550146639347076,0,56.536331176757812,0,27.4244384765625,0.29705482721328735,0,0
1,15,360,2,4,-10.628335952758789,13.334152221679688,0.0011066636070609093,0.010554596781730652,0,58.934276580810547,0,28.529685974121094,0.61909431219100952,0,0
1,15,360,3,4,-10.92567253112793,11.902836799621582,0.0057082595303654671,0.022160520777106285,0,48.749958038330078,0,25.142780303955078,0.8716396689414978,0,0
1,15,360,4,4,-10.756278991699219,7.3889760971069336,0.022124838083982468,0.035928040742874146,0,48.485099792480469,0,23.239614486694336,0.99419867992401123,0,0
1,15,360,5,4,-10.932607650756836,11.017666816711426,0.01155433151870966,0.030221045017242432,0,46.300579071044922,0,23.216043472290039,1.1205679178237915,0,0
1,15,360,6,4,-10.503673553466797,7.0968894958496094,0.03579435870051384,0.10531451553106308,0,48.589839935302734,0,22.380498886108398,0.88730704784393311,0,0
1,15,360,7,4,-10.449443817138672,17.93128776550293,0.012716776691377163,0.13286986947059631,0,51.075935363769531,0,25.278964996337891,0.79407989978790283,0,0
1,15,360,0,5,-10.277535438537598,33.1505126953125,0.006149031687527895,0.030231349170207977,0,50.973533630371094,0,26.209558486938477,0.049812003970146179,0,0
1,15,360,1,5,-10.805646896362305,15.008907318115234,0.0034922254271805286,0.024527400732040405,0,57.860641479492188,0,28.391868591308594,0.313810795545578,0,0
1,15,360,2,5,-10.726596832275391,11.817691802978516,0.0072237462736666203,0.028646640479564667,0,58.920207977294922,0,28.31068229675293,0.57207530736923218,0,0
1,15,360,3,5,-10.915457725524902,11.915760040283203,0.0053435638546943665,0.039781253784894943,0,49.784141540527344,0,24.780588150024414,0.87188977003097534,0,0
1,15,360,4,5,-10.870428085327148,10.630494117736816,0.012487424537539482,0.063685238361358643,0,47.91888427734375,0,23.476634979248047,0.91699260473251343,0,0
1,15,360,5,5,-10.548807144165039,8.0650014877319336,0.042630754411220551,0.14561662077903748,0,47.171272277832031,0,22.930658340454102,0.67877542972564697,0,0
1,15,360,6,5,-10.491787910461426,8.3008871078491211,0.024842215701937675,0.1128995418548584,0,49.505054473876953,0,25.129465103149414,0.7430419921875,0,0
1,15,360,7,5,-10.07192325592041,14.118223190307617,0.0042987745255231857,0.0324697345495224,0,48.457733154296875,0,24.990907669067383,0.70108991861343384,0,0
1,15,360,0,6,-10.393972396850586,23.486867904663086,0.013137219473719597,0.037596635520458221,0,44.897445678710938,0,24.603738784790039,0.041151039302349091,0,0
1,15,360,1,6,-10.77175235748291,12.319579124450684,0.0047438773326575756,0.026231370866298676,0,55.082489013671875,0,27.345724105834961,0.33611071109771729,0,0
1,15,360,2,6,-10.783432960510254,13.155327796936035,0.0024672970175743103,0.020241130143404007,0,58.250045776367188,0,27.884479522705078,0.67253345251083374,0,0
1,15,360,3,6,-10.720491409301758,12.427218437194824,0.011311627924442291,0.099912695586681366,0,52.225528717041016,0,25.735893249511719,0.78175956010818481,0,0
1,15,360,4,6,-10.517679214477539,7.6747856140136719,0.039033658802509308,0.10333439707756042,0,48.076511383056641,0,22.943822860717773,0.47006851434707642,0,0
1,15,360,5,6,-10.496763229370117,8.1312961578369141,0.024304170161485672,0.10327392816543579,0,46.734577178955078,0,23.803075790405273,0.63357388973236084,0,0
1,15,360,6,6,-10.123579025268555,5.6337151527404785,0.033028136938810349,0.056718476116657257,0,48.793327331542969,0,24.721652984619141,0.80759495496749878,0,0
1,15,360,7,6,-9.9437656402587891,13.25733757019043,0.006209040991961956,0.046311255544424057,0,48.632255554199219,0,25.43699836730957,0.70902568101882935,0,0
1,15,360,0,7,-10.07303524017334,16.771427154541016,0.011052336543798447,0.06358674168586731,0,49.024738311767578,0,25.158136367797852,0.02104414626955986,0,0
1,15,360,1,7,-10.498448371887207,14.41084098815918,0.0075723393820226192,0.034405909478664398,0,52.370090484619141,0,26.491556167602539,0.057844951748847961,0,0
1,15,360,2,7,-10.446878433227539,14.141281127929688,0.0051774005405604839,0.036779928952455521,0,55.809310913085938,0,27.102926254272461,0.069254696369171143,0,0
1,15,360,3,7,-10.221639633178711,13.802806854248047,0.03307555615901947,0.18910633027553558,0,54.820991516113281,0,26.370925903320312,0.045819636434316635,0,0
1,15,360,4,7,-10.32271671295166,12.218005180358887,0.014081637375056744,0.062215410172939301,0,51.924636840820312,0,26.135732650756836,0.019882719963788986,0,0
1,15,360,5,7,-10.169521331787109,11.611211776733398,0.014501042664051056,0.065222233533859253,0,51.868671417236328,0,26.570114135742188,0.040937580168247223,0,0
1,15,360,6,7,-9.9981298446655273,12.029542922973633,0.0073262406513094902,0.033945035189390182,0,52.142829895019531,0,27.252347946166992,0.12385993450880051,0,0
1,15,360,7,7,-9.6263294219970703,12.973511695861816,0.0064002061262726784,0.031279526650905609,0,55.328659057617188,0,27.438735961914062,0.11610398441553116,0,0
1,30,720,0,0,-8.9757413864135742,49.499172210693359,0.0083829471841454506,0.14362236857414246,0,55.994235992431641,0,24.461490631103516,0.0037481649778783321,0,0
1,30,720,1,0,-9.0204458236694336,29.730070114135742,0.0072069601155817509,0.062837839126586914,0,55.745933532714844,0,24.778818130493164,0.0059343241155147552,0,0
1,30,720,2,0,-8.8785896301269531,29.817697525024414,0.0076912329532206059,0.086584955453872681,0,54.947322845458984,0,24.716070175170898,0.001578080584295094,0,0
1,30,720,3,0,-8.6869087219238281,27.688396453857422,0.016603114083409309,0.28577825427055359,0,58.668025970458984,0,25.436775207519531,0.0011803229572251439,0,0
1,30,720,4,0,-8.6955966949462891,29.094795227050781,0.029542829841375351,0.45121726393699646,0,58.921699523925781,0,25.540224075317383,0.0053698285482823849,0,0
1,30,720,5,0,-8.6227054595947266,27.385061264038086,0.020951703190803528,0.34335771203041077,0,53.952426910400391,0,23.845373153686523,0.0059119821526110172,0,0
1,30,720,6,0,-8.6010704040527344,25.068946838378906,0.030073627829551697,0.35678762197494507,0,51.271942138671875,0,22.408962249755859,0.012992131523787975,0,0
1,30,720,7,0,-8.4397735595703125,27.749839782714844,0.019982261583209038,0.12520729005336761,0,52.795543670654297,0,21.607372283935547,0.00763274310156703,0,0
1,30,720,0,1,-9.196284294128418,56.267303466796875,0.0080818133428692818,0.037388239055871964,0,51.638397216796875,0,22.989887237548828,0.016217105090618134,0,0
1,30,720,1,1,-9.2619380950927734,13.35387134552002,0.047612413763999939,0.104736328125,0,54.107219696044922,0,23.413238525390625,0.12583647668361664,0,0
1,30,720,2,1,-9.3152675628662109,13.523190498352051,0.051507536321878433,0.16654995083808899,0,51.409065246582031,0,23.381694793701172,0.24369944632053375,0,0
1,30,720,3,1,-9.1283121109008789,10.816645622253418,0.086432375013828278,0.29081550240516663,0,54.786849975585938,0,24.193426132202148,0.33580875396728516,0,0
1,30,720,4,1,-9.103947639465332,10.045851707458496,0.12630204856395721,0.52623045444488525,0,55.944015502929688,0,23.024457931518555,0.28271234035491943,0,0
1,30,720,5,1,-9.3820409774780273,16.117290496826172,0.066691987216472626,0.45488542318344116,0,56.180507659912109,0,22.325939178466797,0.32830643653869629,0,0
1,30,720,6,1,-9.2405271530151367,13.987223625183105,0.15551841259002686,1.1694705486297607,0,54.920413970947266,0,21.920768737792969,0.1545742005109787,0,0
1,30,720,7,1,-8.8135890960693359,25.66038703918457,0.019339844584465027,0.5343853235244751,0,54.749595642089844,0,22.835880279541016,0.050600845366716385,0,0
1,30,720,0,2,-9.1388263702392578,67.542129516601562,0.017334122210741043,0.17978112399578094,0,49.591537475585938,0,22.536476135253906,0.0069575496017932892,0,0
1,30,720,1,2,-9.3328323364257812,12.337371826171875,0.083216175436973572,0.5212634801864624,0,51.123359680175781,0,21.719682693481445,0.12996284663677216,0,0
1,30,720,2,2,-9.6380271911621094,16.506500244140625,0.069621406495571136,0.52167630195617676,0,50.962490081787109,0,21.374504089355469,0.34416601061820984,0,0
1,30,720,3,2,-9.7008123397827148,15.352777481079102,0.11308986693620682,0.52894926071166992,0,54.20074462890625,0,21.742189407348633,0.34308987855911255,0,0
1,30,720,4,2,-9.4608421325683594,11.390303611755371,0.12009261548519135,0.52419239282608032,0,55.0911865234375,0,22.313068389892578,0.23181720077991486,0,0
1,30,720,5,2,-9.0616731643676758,8.7064390182495117,0.17616258561611176,1.2015982866287231,0,54.095783233642578,0,23.428373336791992,0.14007307589054108,0,0
1,30,720,6,2,-9.0188541412353516,8.3877830505371094,0.15946014225482941,0.51630246639251709,0,52.077865600585938,0,23.276453018188477,0.20104722678661346,0,0
1,30,720,7,2,-8.8941774368286133,27.278322219848633,0.012880426831543446,0.14817699790000916,0,56.699729919433594,0,24.779796600341797,0.126519575715065,0,0
1,30,720,0,3,-9.2817726135253906,75.714759826660156,0.033669654279947281,0.30766049027442932,0,49.029777526855469,0,20.601119995117188,0.0038689400535076857,0,0
1,30,720,1,3,-9.189610481262207,10.347494125366211,0.17545245587825775,0.52936285734176636,0,52.968830108642578,0,22.019121170043945,0.066408850252628326,0,0
1,30,720,2,3,-8.9938497543334961,8.242854118347168,0.15448306500911713,0.52685648202896118,0,56.378334045410156,0,24.663827896118164,0.13203585147857666,0,0
1,30,720,3,3,-9.3588857650756836,11.841739654541016,0.06393730640411377,0.36433547735214233,0,52.517673492431641,0,23.224336624145508,0.20886234939098358,0,0
1,30,720,4,3,-9.2274904251098633,7.9763202667236328,0.087752215564250946,0.20922943949699402,0,52.389167785644531,0,21.604345321655273,0.37445348501205444,0,0
1,30,720,5,3,-9.3360042572021484,9.6299343109130859,0.066857554018497467,0.12412939965724945,0,50.460468292236328,0,21.553970336914062,0.67340642213821411,0,0
1,30,720,6,3,-9.4699697494506836,12.384949684143066,0.059059951454401016,0.46479639410972595,0,50.18988037109375,0,21.550716400146484,0.8487083911895752,0,0
1,30,720,7,3,-8.9495820999145508,28.321260452270508,0.10168604552745819,0.55090147256851196,0,54.509021759033203,0,22.264944076538086,0.2806570827960968,0,0
1,30,720,0,4,-8.8261651992797852,68.991264343261719,0.02004578523337841,0.071768790483474731,0,50.017623901367188,0,22.2174072265625,0.0025650067254900932,0,0
1,30,720,1,4,-9.1279764175415039,12.022556304931641,0.064236767590045929,0.35110116004943848,0,56.536697387695312,0,24.167573928833008,0.09704095870256424,0,0
1,30,720,2,4,-9.1277704238891602,11.511037826538086,0.062141705304384232,0.20211127400398254,0,58.934593200683594,0,25.148746490478516,0.27075448632240295,0,0
1,30,720,3,4,-9.5478830337524414,13.667800903320312,0.035490896552801132,0.084146797657012939,0,48.750308990478516,0,22.108020782470703,0.48361831903457642,0,0
1,30,720,4,4,-9.2678632736206055,7.5773797035217285,0.1334245502948761,0.27198240160942078,0,48.485519409179688,0,20.42609977722168,0.71540814638137817,0,0
1,30,720,5,4,-9.4703073501586914,11.756979942321777,0.066764168441295624,0.14541876316070557,0,46.300949096679688,0,20.388227462768555,1.0293484926223755,0,0
1,30,720,6,4,-8.9341917037963867,7.4759550094604492,0.44526219367980957,1.0499951839447021,0,48.590240478515625,0,19.671869277954102,0.96606630086898804,0,0
1,30,720,7,4,-9.0280981063842773,27.850088119506836,0.090478323400020599,0.51537048816680908,0,51.076229095458984,0,22.241960525512695,0.61248385906219482,0,0
1,30,720,0,5,-8.9509944915771484,60.907543182373047,0.014115338213741779,0.0697660893201828,0,50.973793029785156,0,23.073177337646484,0.0082913078367710114,0,0
1,30,720,1,5,-9.3905582427978516,16.089374542236328,0.037627775222063065,0.10833738744258881,0,57.860881805419922,0,25.026088714599609,0.13451530039310455,0,0
1,30,720,2,5,-9.1961030960083008,10.958427429199219,0.098452135920524597,0.27782034873962402,0,58.920574188232422,0,24.954288482666016,0.31859362125396729,0,0
1,30,720,3,5,-9.4856224060058594,12.378897666931152,0.054056722670793533,0.31306779384613037,0,49.784496307373047,0,21.794988632202148,0.56912326812744141,0,0
1,30,720,4,5,-9.4313087463378906,12.489919662475586,0.099687598645687103,1.1439745426177979,0,47.91925048828125,0,20.63129997253418,0.8079301118850708,0,0
1,30,720,5,5,-8.9521331787109375,7.8973841667175293,0.40197199583053589,1.1856348514556885,0,47.171672821044922,0,20.154117584228516,0.84987175464630127,0,0
1,30,720,6,5,-8.9687166213989258,7.6086125373840332,0.18734875321388245,0.51674121618270874,0,49.505458831787109,0,22.101202011108398,0.88667631149291992,0,0
1,30,720,7,5,-8.6845741271972656,22.390060424804688,0.040028586983680725,0.52058124542236328,0,48.457988739013672,0,21.956575393676758,0.57269316911697388,0,0
1,30,720,0,6,-9.0761909484863281,42.915313720703125,0.022576950490474701,0.1063561886548996,0,44.897476196289062,0,21.607227325439453,0.011184209026396275,0,0
1,30,720,1,6,-9.3326692581176758,12.634310722351074,0.048205997794866562,0.11207326501607895,0,55.082679748535156,0,24.097463607788086,0.20958194136619568,0,0
1,30,720,2,6,-9.3339395523071289,13.099050521850586,0.048933945596218109,0.185858353972435,0,58.250377655029297,0,24.580341339111328,0.3865281343460083,0,0
1,30,720,3,6,-9.2688665390014648,13.946959495544434,0.10393515229225159,0.56079614162445068,0,52.225898742675781,0,22.653934478759766,0.5201227068901062,0,0
1,30,720,4,6,-8.9132575988769531,7.0830154418945312,0.39103475213050842,1.1691969633102417,0,48.076923370361328,0,20.16618537902832,0.69210261106491089,0,0
1,30,720,5,6,-8.9937124252319336,7.8713831901550293,0.17050531506538391,0.52211356163024902,0,46.7349853515625,0,20.917758941650391,0.79789435863494873,0,0
1,30,720,6,6,-8.5491971969604492,4.501981258392334,0.31112107634544373,0.61115390062332153,0,48.793766021728516,0,21.758783340454102,0.88367927074432373,0,0
1,30,720,7,6,-8.524846076965332,19.279399871826172,0.069930233061313629,0.51613485813140869,0,48.632553100585938,0,22.374147415161133,0.49351555109024048,0,0
1,30,720,0,7,-8.7599496841430664,28.066648483276367,0.019131019711494446,0.25975847244262695,0,49.025028228759766,0,22.148345947265625,0.0041659753769636154,0,0
1,30,720,1,7,-9.1634292602539062,20.099618911743164,0.028665963560342789,0.1896325945854187,0,52.370414733886719,0,23.339391708374023,0.032483339309692383,0,0
1,30,720,2,7,-9.0645132064819336,18.733953475952148,0.071841493248939514,0.7056695818901062,0,55.809612274169922,0,23.884681701660156,0.098965920507907867,0,0
1,30,720,3,7,-8.7468442916870117,18.367355346679688,0.21827155351638794,0.62597942352294922,0,54.821235656738281,0,23.231075286865234,0.062362868338823318,0,0
1,30,720,4,7,-8.9311351776123047,16.824207305908203,0.075331822037696838,0.51658487319946289,0,51.924697875976562,0,23.011499404907227,0.11063208431005478,0,0
1,30,720,5,7,-8.7604103088378906,16.011358261108398,0.11819490045309067,0.54823613166809082,0,51.868984222412109,0,23.399641036987305,0.24147608876228333,0,0
1,30,720,6,7,-8.6290187835693359,16.551504135131836,0.035820920020341873,0.1832021176815033,0,52.143161773681641,0,24.014717102050781,0.26102617383003235,0,0
1,30,720,7,7,-8.266169548034668,18.563386917114258,0.024631235748529434,0.12324187159538269,0,55.328956604003906,0,24.188318252563477,0.14495806396007538,0,0
1,45,1080,0,0,-6.9305472373962402,69.224433898925781,0.005854947492480278,0.041095085442066193,0,56.379810333251953,0,21.608112335205078,0.001358079956844449,0,0
1,45,1080,1,0,-6.9776096343994141,39.732540130615234,0.010558531619608402,0.032516758888959885,0,56.109596252441406,0,21.886302947998047,0.001633909996598959,0,0
1,45,1080,2,0,-6.8449573516845703,40.874263763427734,0.011800897307693958,0.33552470803260803,0,55.392776489257812,0,21.843177795410156,0.0010085146641358733,0,0
1,45,1080,3,0,-6.6245441436767578,35.747879028320312,0.0015472709201276302,0.021729066967964172,0,59.525547027587891,0,22.508125305175781,0.0029146363958716393,0,0
1,45,1080,4,0,-6.6482748985290527,37.570735931396484,0,0,0,59.823982238769531,0,22.598459243774414,0.029638199135661125,0,0
1,45,1080,5,0,-6.5716795921325684,36.099517822265625,0.0010782700264826417,0.019181724637746811,0,54.8173828125,0,21.100128173828125,0.013791523873806,0,0
1,45,1080,6,0,-6.5286240577697754,32.722499847412109,0,0,0,52.423484802246094,0,19.816144943237305,0.014265837147831917,0,0
1,45,1080,7,0,-6.3799920082092285,38.712356567382812,0.001802775776013732,0.046674102544784546,0,53.791713714599609,0,19.12816047668457,0.010767493396997452,0,0
1,45,1080,0,1,-7.1589951515197754,78.342178344726562,0.014919981360435486,0.053208760917186737,0,51.906375885009766,0,20.284891128540039,0.0059870188124477863,0,0
1,45,1080,1,1,-7.2979145050048828,19.603002548217773,0.01657487079501152,0.067366883158683777,0,54.617889404296875,0,20.667356491088867,0.10180417448282242,0,0
1,45,1080,2,1,-7.1551570892333984,14.005831718444824,0.0096271587535738945,0.10433316975831985,0,52.202171325683594,0,20.638900756835938,0.25475937128067017,0,0
1,45,1080,3,1,-6.9037880897521973,10.836073875427246,0.029360691085457802,0.54032355546951294,0,56.469284057617188,0,21.392505645751953,0.35196879506111145,0,0
1,45,1080,4,1,-6.7917041778564453,8.1932382583618164,0.0290547925978899,0.41125801205635071,0,57.973121643066406,0,20.366764068603516,0.34431061148643494,0,0
1,45,1080,5,1,-7.1526169776916504,16.326488494873047,0.036177881062030792,0.51755326986312866,0,57.066234588623047,0,19.716056823730469,0.378395676612854,0,0
1,45,1080,6,1,-7.0795102119445801,15.599557876586914,0.042389824986457825,0.43295225501060486,0,55.849330902099609,0,19.385566711425781,0.24269188940525055,0,0
1,45,1080,7,1,-6.7310194969177246,33.385032653808594,0.0090756667777895927,0.30484193563461304,0,55.449981689453125,0,20.201801300048828,0.091962076723575592,0,0
1,45,1080,0,2,-7.1033034324645996,96.854461669921875,0.03194650262594223,0.42078694701194763,0,50.020534515380859,0,19.883079528808594,0.0069881542585790157,0,0
1,45,1080,1,2,-7.2870068550109863,16.232437133789062,0.071014463901519775,0.52115243673324585,0,52.004364013671875,0,19.176752090454102,0.17401996254920959,0,0
1,45,1080,2,2,-7.5095067024230957,17.918294906616211,0.11612278968095779,0.5318906307220459,0,51.458362579345703,0,18.857681274414062,0.45624011754989624,0,0
1,45,1080,3,2,-7.5629515647888184,17.168682098388672,0.10635264962911606,0.52764952182769775,0,54.898097991943359,0,19.190093994140625,0.44373378157615662,0,0
1,45,1080,4,2,-7.1589126586914062,10.788846015930176,0.048473034054040909,0.44167616963386536,0,56.247493743896484,0,19.713607788085938,0.34418982267379761,0,0
1,45,1080,5,2,-6.7216887474060059,6.0049233436584473,0.010298737324774265,0.21472738683223724,0,55.886577606201172,0,20.729339599609375,0.33795881271362305,0,0
1,45,1080,6,2,-6.6710457801818848,5.7824206352233887,0.0042116404511034489,0.086978897452354431,0,53.808204650878906,0,20.587230682373047,0.41934695839881897,0,0
1,45,1080,7,2,-6.8119635581970215,34.415069580078125,0.015436963178217411,0.33021670579910278,0,57.248779296875,0,21.897211074829102,0.22277161478996277,0,0
1,45,1080,0,3,-7.2478623390197754,110.44813537597656,0.02333349734544754,0.10502546280622482,0,49.531158447265625,0,18.171920776367188,0.0027466993778944016,0,0
1,45,1080,1,3,-6.9547348022460938,11.140010833740234,0.023201977834105492,0.51760220527648926,0,54.837532043457031,0,19.490375518798828,0.08625146746635437,0,0
1,45,1080,2,3,-6.5043268203735352,3.3961582183837891,0.003415427403524518,0.065340191125869751,0,58.583347320556641,0,21.853038787841797,0.22791473567485809,0,0
1,45,1080,3,3,-7.0915031433105469,9.9521636962890625,0.016753457486629486,0.078877151012420654,0,53.450191497802734,0,20.495361328125,0.39465600252151489,0,0
1,45,1080,4,3,-6.9653534889221191,7.3357758522033691,0.0045608151704072952,0.087755046784877777,0,54.311302185058594,0,19.073144912719727,0.5987582802772522,0,0
1,45,1080,5,3,-6.9857892990112305,6.7462587356567383,0.0034321520943194628,0.070822536945343018,0,52.024948120117188,0,19.007028579711914,0.80382627248764038,0,0
1,45,1080,6,3,-7.323479175567627,13.790587425231934,0.044471930712461472,0.50047403573989868,0,50.864543914794922,0,18.973489761352539,0.75387102365493774,0,0
1,45,1080,7,3,-6.8046407699584961,37.833992004394531,0.0087923714891076088,0.39257246255874634,0,55.532543182373047,0,19.682470321655273,0.20755240321159363,0,0
1,45,1080,0,4,-6.7995643615722656,99.470390319824219,0.01017538458108902,0.24527560174465179,0,50.723358154296875,0,19.613777160644531,0.0053484863601624966,0,0
1,45,1080,1,4,-7.0432324409484863,14.45851993560791,0.0062855682335793972,0.038698926568031311,0,57.742408752441406,0,21.352396011352539,0.1664491593837738,0,0
1,45,1080,2,4,-6.7694106101989746,7.9235172271728516,0.0040187244303524494,0.073723018169403076,0,60.560733795166016,0,22.239097595214844,0.40911352634429932,0,0
1,45,1080,3,4,-7.4137372970581055,14.030665397644043,0.044152598828077316,0.42786052823066711,0,49.075344085693359,0,19.458526611328125,0.66769134998321533,0,0
1,45,1080,4,4,-7.0441198348999023,7.7751202583312988,0.020136194303631783,0.33201447129249573,0,50.479228973388672,0,18.009170532226562,0.90965479612350464,0,0
1,45,1080,5,4,-7.1298618316650391,9.7862081527709961,0.018183993175625801,0.21656061708927155,0,47.551731109619141,0,17.94239616394043,1.0872683525085449,0,0
1,45,1080,6,4,-6.6968355178833008,8.3048563003540039,0.011273716576397419,0.26288318634033203,0,50.204673767089844,0,17.399623870849609,0.61713123321533203,0,0
1,45,1080,7,4,-6.8700814247131348,35.678810119628906,0.00526026776060462,0.033443868160247803,0,51.712821960449219,0,19.629980087280273,0.29543149471282959,0,0
1,45,1080,0,5,-6.9201507568359375,86.813705444335938,0.0095042204484343529,0.066850468516349792,0,51.4825439453125,0,20.364728927612305,0.010229039005935192,0,0
1,45,1080,1,5,-7.3631658554077148,19.223058700561523,0.035234156996011734,0.29270395636558533,0,58.187767028808594,0,22.084934234619141,0.16055901348590851,0,0
1,45,1080,2,5,-6.8917875289916992,10.726719856262207,0.0085083814337849617,0.26741576194763184,0,60.881477355957031,0,22.065664291381836,0.41979214549064636,0,0
1,45,1080,3,5,-7.1922473907470703,9.8382472991943359,0.015804234892129898,0.15460875630378723,0,50.754142761230469,0,19.200618743896484,0.69109177589416504,0,0
1,45,1080,4,5,-7.2580280303955078,14.088831901550293,0.022279025986790657,0.1558564305305481,0,48.999534606933594,0,18.164867401123047,0.84779554605484009,0,0
1,45,1080,5,5,-6.6631245613098145,7.4372372627258301,0.016667908057570457,0.31789681315422058,0,48.734012603759766,0,17.820959091186523,0.57242614030838013,0,0
1,45,1080,6,5,-6.6247348785400391,5.0554723739624023,0.0068936445750296116,0.23881223797798157,0,51.480903625488281,0,19.53533935546875,0.4472503662109375,0,0
1,45,1080,7,5,-6.573122501373291,28.96966552734375,0,0,0,49.589481353759766,0,19.374334335327148,0.35914391279220581,0,0
1,45,1080,0,6,-7.0727367401123047,61.093532562255859,0.029854396358132362,0.33885762095451355,0,45.316070556640625,0,19.016181945800781,0.015194260515272617,0,0
1,45,1080,1,6,-7.2491168975830078,14.017614364624023,0.019246015697717667,0.31178602576255798,0,55.699562072753906,0,21.268556594848633,0.21594120562076569,0,0
1,45,1080,2,6,-7.1294264793395996,12.235291481018066,0.013878093101084232,0.34497317671775818,0,59.148323059082031,0,21.708133697509766,0.38601750135421753,0,0
1,45,1080,3,6,-7.0574579238891602,14.321051597595215,0.01349377166479826,0.11922794580459595,0,53.587337493896484,0,19.994012832641602,0.49865260720252991,0,0
1,45,1080,4,6,-6.5793089866638184,5.9977116584777832,0.0090067917481064796,0.19313064217567444,0,49.969234466552734,0,17.836626052856445,0.50758260488510132,0,0
1,45,1080,5,6,-6.6586322784423828,5.5357298851013184,0.00440187007188797,0.15334980189800262,0,48.733261108398438,0,18.471565246582031,0.51770001649856567,0,0
1,45,1080,6,6,-6.1407136917114258,1.7563369274139404,0,0,0,52.166732788085938,0,19.326295852661133,0.43700426816940308,0,0
1,45,1080,7,6,-6.354316234588623,24.710561752319336,0,0,0,49.749282836914062,0,19.792947769165039,0.26074087619781494,0,0
1,45,1080,0,7,-6.7212820053100586,38.325069427490234,0.0047875321470201015,0.047301270067691803,0,49.766845703125,0,19.569517135620117,0.0021912353113293648,0,0
1,45,1080,1,7,-7.124091625213623,26.096540451049805,0.02873561717569828,0.35179540514945984,0,52.802074432373047,0,20.59881591796875,0.035601764917373657,0,0
1,45,1080,2,7,-6.9574966430664062,23.890562057495117,0.02174278162419796,0.48169726133346558,0,56.671615600585938,0,21.10057258605957,0.13066275417804718,0,0
1,45,1080,3,7,-6.550048828125,22.077634811401367,0.0023819694761186838,0.035298213362693787,0,56.612628936767578,0,20.587493896484375,0.069713383913040161,0,0
1,45,1080,4,7,-6.8151788711547852,20.579065322875977,0.004641758743673563,0.14895851910114288,0,52.989913940429688,0,20.3260498046875,0.10734755545854568,0,0
1,45,1080,5,7,-6.6381926536560059,20.187644958496094,0.0016814540140330791,0.028022188693284988,0,53.125179290771484,0,20.701545715332031,0.1967461109161377,0,0
1,45,1080,6,7,-6.5304293632507324,20.022895812988281,0,0,0,53.343189239501953,0,21.260501861572266,0.1732536107301712,0,0
1,45,1080,7,7,-6.1975841522216797,23.989248275756836,0,0,0,56.631900787353516,0,21.466276168823242,0.086598321795463562,0,0
1,60,1440,0,0,-4.2702541351318359,82.803230285644531,0,0,0,59.756301879882812,0,19.602167129516602,0.00042498513357713819,0,0
1,60,1440,1,0,-4.3087935447692871,45.453212738037109,0,0,0,59.436210632324219,0,19.83595085144043,0.0032798941247165203,0,0
1,60,1440,2,0,-4.2030239105224609,47.721412658691406,0,0,0,58.407588958740234,0,19.83289909362793,0.0012678612256422639,0,0
1,60,1440,3,0,-3.8160445690155029,38.758537292480469,0,0,0,63.892192840576172,0,20.544870376586914,0.0010804481571540236,0,0
1,60,1440,4,0,-3.7327041625976562,39.467494964599609,0,0,0,64.978897094726562,0,20.633749008178711,0.0034127004910260439,0,0
1,60,1440,5,0,-3.7569284439086914,39.241527557373047,0,0,0,59.303180694580078,0,19.274021148681641,0.0011886575957760215,0,0
1,60,1440,6,0,-3.595905065536499,34.380752563476562,0,0,0,57.862396240234375,0,18.143022537231445,0.0020771364215761423,0,0
1,60,1440,7,0,-3.5963253974914551,45.303504943847656,0,0,0,57.836639404296875,0,17.523735046386719,0.0032777083106338978,0,0
1,60,1440,0,1,-4.5113458633422852,92.117378234863281,0,0,0,55.371669769287109,0,18.340347290039062,0.0045870575122535229,0,0
1,60,1440,1,1,-4.729949951171875,29.601661682128906,0,0,0,58.663658142089844,0,18.666929244995117,0.14458915591239929,0,0
1,60,1440,2,1,-3.7536153793334961,6.4814848899841309,0,0,0,62.217018127441406,0,18.824121475219727,0.31540337204933167,0,0
1,60,1440,3,1,-3.5919647216796875,5.208188533782959,0,0,0,63.835224151611328,0,19.638101577758789,0.31117871403694153,0,0
1,60,1440,4,1,-3.3605072498321533,2.0926287174224854,0,0,0,64.475700378417969,0,18.778827667236328,0.15057528018951416,0,0
1,60,1440,5,1,-3.8135552406311035,9.0958490371704102,0,0,0,62.508235931396484,0,18.005641937255859,0.29144570231437683,0,0
1,60,1440,6,1,-4.0620841979980469,12.55352783203125,0,0,0,60.111915588378906,0,17.701644897460938,0.42998409271240234,0,0
1,60,1440,7,1,-3.8980462551116943,38.332916259765625,0,0,0,59.015300750732422,0,18.45353889465332,0.23237839341163635,0,0
1,60,1440,0,2,-4.4589900970458984,118.1142578125,0,0,0,53.706657409667969,0,17.997247695922852,0.0037817822303622961,0,0
1,60,1440,1,2,-4.4996819496154785,20.064365386962891,0,0,0,58.013637542724609,0,17.371429443359375,0.16405840218067169,0,0
1,60,1440,2,2,-4.3117790222167969,11.907863616943359,0,0,0,58.267971038818359,0,17.069730758666992,0.45109039545059204,0,0
1,60,1440,3,2,-4.5948596000671387,14.495556831359863,0,0,0,58.478984832763672,0,17.359071731567383,0.44041559100151062,0,0
1,60,1440,4,2,-4.1650619506835938,9.201899528503418,0,0,0,58.420173645019531,0,18.02423095703125,0.45693126320838928,0,0
1,60,1440,5,2,-3.4051921367645264,0.99894773960113525,0,0,0,59.751136779785156,0,19.135183334350586,0.56910896301269531,0,0
1,60,1440,6,2,-3.2431449890136719,0.26241260766983032,0,0,0,58.839302062988281,0,19.036384582519531,0.66377687454223633,0,0
1,60,1440,7,2,-3.998661994934082,40.104785919189453,0,0,0,60.474903106689453,0,19.926555633544922,0.42986831068992615,0,0
1,60,1440,0,3,-4.5700740814208984,135.91720581054688,0,0,0,53.589981079101562,0,16.434919357299805,0.0054737660102546215,0,0
1,60,1440,1,3,-3.9499220848083496,10.586862564086914,0,0,0,58.668178558349609,0,17.905065536499023,0.1108584851026535,0,0
1,60,1440,2,3,-3.2669229507446289,0.59178268909454346,0,0,0,61.081798553466797,0,20.303325653076172,0.25619745254516602,0,0
1,60,1440,3,3,-3.5180790424346924,1.0989309549331665,0,0,0,59.746776580810547,0,18.782787322998047,0.37566044926643372,0,0
1,60,1440,4,3,-3.4821445941925049,0.85870260000228882,0,0,0,62.673091888427734,0,17.539436340332031,0.46988430619239807,0,0
1,60,1440,5,3,-3.4792628288269043,0.15322259068489075,0,0,0,57.655193328857422,0,17.490320205688477,0.60826098918914795,0,0
1,60,1440,6,3,-3.8369669914245605,5.2379822731018066,0,0,0,59.561374664306641,0,17.239368438720703,0.71838223934173584,0,0
1,60,1440,7,3,-3.8473789691925049,44.197463989257812,0,0,0,59.515338897705078,0,17.974822998046875,0.25789719820022583,0,0
1,60,1440,0,4,-4.1328816413879395,122.98166656494141,0,0,0,54.910400390625,0,17.841978073120117,0.0013211425393819809,0,0
1,60,1440,1,4,-4.1735138893127441,18.123905181884766,0,0,0,64.528076171875,0,19.438928604125977,0.11100847274065018,0,0
1,60,1440,2,4,-3.16510009765625,0.097177162766456604,0,0,0,67.978225708007812,0,20.544467926025391,0.31350642442703247,0,0
1,60,1440,3,4,-3.8468623161315918,3.9522945880889893,0,0,0,56.927276611328125,0,17.65513801574707,0.51859664916992188,0,0
1,60,1440,4,4,-3.7115509510040283,2.7968175411224365,0,0,0,58.6162109375,0,16.497947692871094,0.58438611030578613,0,0
1,60,1440,5,4,-3.7311828136444092,3.718961238861084,0,0,0,52.468704223632812,0,16.434995651245117,0.65179049968719482,0,0
1,60,1440,6,4,-3.6331701278686523,6.5772504806518555,0,0,0,52.126426696777344,0,16.024972915649414,0.41715490818023682,0,0
1,60,1440,7,4,-4.0116915702819824,43.738868713378906,0,0,0,54.257331848144531,0,17.889516830444336,0.21761323511600494,0,0
1,60,1440,0,5,-4.2608232498168945,104.89945220947266,0,0,0,55.303829193115234,0,18.486265182495117,0.0018887498881667852,0,0
1,60,1440,1,5,-4.7049684524536133,23.801706314086914,0,0,0,62.686637878417969,0,19.926101684570312,0.093945279717445374,0,0
1,60,1440,2,5,-3.7063906192779541,8.4186677932739258,0,0,0,67.831619262695312,0,20.264503479003906,0.27835053205490112,0,0
1,60,1440,3,5,-3.6778759956359863,1.7025575637817383,0,0,0,57.164951324462891,0,17.565670013427734,0.43483513593673706,0,0
1,60,1440,4,5,-4.0165553092956543,8.8984966278076172,0,0,0,55.749687194824219,0,16.517087936401367,0.48489084839820862,0,0
1,60,1440,5,5,-3.515533447265625,4.8188490867614746,0,0,0,51.292926788330078,0,16.447694778442383,0.32377162575721741,0,0
1,60,1440,6,5,-3.3459675312042236,0.86751729249954224,0,0,0,55.456157684326172,0,18.065393447875977,0.3404833972454071,0,0
1,60,1440,7,5,-3.5339987277984619,31.937089920043945,0,0,0,54.776004791259766,0,17.748317718505859,0.24745842814445496,0,0
1,60,1440,0,6,-4.4327731132507324,71.323951721191406,0,0,0,48.950897216796875,0,17.188713073730469,0.0012148738605901599,0,0
1,60,1440,1,6,-4.5730490684509277,16.571483612060547,0,0,0,61.405197143554688,0,19.268167495727539,0.11384442448616028,0,0
1,60,1440,2,6,-3.6373617649078369,3.8261406421661377,0,0,0,68.581016540527344,0,19.836507797241211,0.33715137839317322,0,0
1,60,1440,3,6,-3.7465052604675293,8.0682849884033203,0,0,0,60.625808715820312,0,18.279796600341797,0.4107058048248291,0,0
1,60,1440,4,6,-3.454998254776001,3.9840376377105713,0,0,0,52.258556365966797,0,16.493370056152344,0.22327570617198944,0,0
1,60,1440,5,6,-3.3564555644989014,0.92019271850585938,0,0,0,53.176593780517578,0,17.065563201904297,0.26513254642486572,0,0
1,60,1440,6,6,-2.9835600852966309,0.080426864326000214,0,0,0,53.769737243652344,0,18.065242767333984,0.2590729296207428,0,0
1,60,1440,7,6,-3.4693520069122314,28.338008880615234,0,0,0,52.760684967041016,0,18.211812973022461,0.19316709041595459,0,0
1,60,1440,0,7,-4.0140471458435059,40.967861175537109,0,0,0,53.742527008056641,0,17.834295272827148,0.001195841352455318,0,0
1,60,1440,1,7,-4.3669147491455078,27.391469955444336,0,0,0,57.321994781494141,0,18.662342071533203,0.018898352980613708,0,0
1,60,1440,2,7,-4.0929341316223145,24.451578140258789,0.0033766042906790972,0.21610267460346222,0,61.999919891357422,0,19.208826065063477,0.085537537932395935,0,0
1,60,1440,3,7,-3.5724387168884277,20.7293701171875,0,0,0,60.851531982421875,0,18.956535339355469,0.042300853878259659,0,0
1,60,1440,4,7,-3.9205923080444336,19.333133697509766,0,0,0,57.798294067382812,0,18.578432083129883,0.031283266842365265,0,0
1,60,1440,5,7,-3.7744388580322266,20.576845169067383,0,0,0,57.408485412597656,0,18.98204231262207,0.067311525344848633,0,0
1,60,1440,6,7,-3.6078033447265625,18.844209671020508,0,0,0,58.096939086914062,0,19.52052116394043,0.073174349963665009,0,0
1,60,1440,7,7,-3.2506129741668701,24.381462097167969,0,0,0,61.999988555908203,0,19.804546356201172,0.055061403661966324,0,0
1,75,1800,0,0,-0.75887405872344971,59.574840545654297,0,0,0,84.784385681152344,0,18.831886291503906,2.607279566291254E-05,0,0
1,75,1800,1,0,-0.66793143749237061,26.732156753540039,0,0,0,81.32696533203125,0,19.058113098144531,0.0018592721316963434,0,0
1,75,1800,2,0,-0.28404626250267029,25.849048614501953,0,0,0,82.4967041015625,0,19.081460952758789,0.0087940795347094536,0,0
1,75,1800,3,0,0.24027365446090698,16.56635856628418,0.0022913843858987093,0.1466486006975174,0,83.604721069335938,0,19.933731079101562,0.013356352224946022,0,0
1,75,1800,4,0,0.41676470637321472,20.697700500488281,0,0,0,80.098876953125,0,20.105598449707031,0.041025608777999878,0,0
1,75,1800,5,0,0.29562953114509583,16.689764022827148,0,0,0,80.637496948242188,0,18.724531173706055,0.043661877512931824,0,0
1,75,1800,6,0,0.61515241861343384,12.936245918273926,0,0,0,80.506332397460938,0,17.702541351318359,0.013549996539950371,0,0
1,75,1800,7,0,0.42429202795028687,25.143888473510742,0,0,0,80.827598571777344,0,17.066944122314453,0.0015717690112069249,0,0
1,75,1800,0,1,-1.1428015232086182,60.107479095458984,0,0,0,84.511054992675781,0,17.554759979248047,8.7189902842510492E-05,0,0
1,75,1800,1,1,-1.2902470827102661,24.969236373901367,0,0,0,76.289466857910156,0,17.81519889831543,0.037811417132616043,0,0
1,75,1800,2,1,0.24461215734481812,1.5652929544448853,0,0,0,68.52642822265625,0,18.456918716430664,0.20361886918544769,0,0
1,75,1800,3,1,0.35616719722747803,0.58047622442245483,0,0,0,67.971237182617188,0,19.317943572998047,0.37600713968276978,0,0
1,75,1800,4,1,0.44255131483078003,0,0,0,0,66.281410217285156,0,18.533880233764648,0.53584748506546021,0,0
1,75,1800,5,1,0.034176230430603027,3.2932295799255371,0,0,0,66.661796569824219,0,17.626708984375,0.66715073585510254,0,0
1,75,1800,6,1,-0.024366149678826332,4.379544734954834,0,0,0,66.650772094726562,0,17.250219345092773,0.62256598472595215,0,0
1,75,1800,7,1,-0.12365340441465378,29.203062057495117,0,0,0,72.796966552734375,0,17.935022354125977,0.21317042410373688,0,0
1,75,1800,0,2,-1.0136760473251343,83.584602355957031,0.021938130259513855,1.4040403366088867,0,87.9381103515625,0,17.253278732299805,8.1637954281177372E-05,0,0
1,75,1800,1,2,-0.72098016738891602,13.611039161682129,0,0,0,71.771514892578125,0,16.701614379882812,0.024863157421350479,0,0
1,75,1800,2,2,-0.17560024559497833,3.3904125690460205,0,0,0,64.251747131347656,0,16.602584838867188,0.16941173374652863,0,0
1,75,1800,3,2,-0.36557954549789429,4.668602466583252,0,0,0,65.403465270996094,0,16.821624755859375,0.39519506692886353,0,0
1,75,1800,4,2,-0.39217334985733032,4.5058445930480957,0,0,0,62.179203033447266,0,17.582679748535156,0.59753996133804321,0,0
1,75,1800,5,2,0.26904371380805969,0,0.0036464896984398365,0.23337534070014954,0,60.592506408691406,0,18.890531539916992,0.74509161710739136,0,0
1,75,1800,6,2,0.37871736288070679,0,0,0,0,59.064235687255859,0,18.822000503540039,0.80727434158325195,0,0
1,75,1800,7,2,0.0099311619997024536,30.277780532836914,0,0,0,77.764366149902344,0,19.297159194946289,0.34762820601463318,0,0
1,75,1800,0,3,-1.0422343015670776,108.83598327636719,0.028571188449859619,0.97537344694137573,0,84.2572021484375,0,15.74967098236084,0.000538540945854038,0,0
1,75,1800,1,3,-0.16647814214229584,6.7897286415100098,0,0,0,64.803298950195312,0,17.511222839355469,0.038736894726753235,0,0
1,75,1800,2,3,0.36021026968955994,0,0,0,0,61.981292724609375,0,20.085454940795898,0.15701791644096375,0,0
1,75,1800,3,3,0.18049353361129761,0,0,0,0,60.503345489501953,0,18.523517608642578,0.34079211950302124,0,0
1,75,1800,4,3,0.19381789863109589,0,0,0,0,63.586803436279297,0,17.300151824951172,0.49616959691047668,0,0
1,75,1800,5,3,0.11870089173316956,0,0,0,0,57.836582183837891,0,17.257566452026367,0.6588442325592041,0,0
1,75,1800,6,3,-0.0038691535592079163,0.9169047474861145,0,0,0,63.580814361572266,0,16.899692535400391,0.86669415235519409,0,0
1,75,1800,7,3,-0.23216241598129272,41.505863189697266,0.0047406451776623726,0.25626006722450256,0,70.75714111328125,0,17.457256317138672,0.28509685397148132,0,0
1,75,1800,0,4,-0.60485363006591797,79.36456298828125,0.034074787050485611,1.3406549692153931,0,97.737693786621094,0,17.21171760559082,2.3845159375923686E-06,0,0
1,75,1800,1,4,-0.45617422461509705,14.572188377380371,0,0,0,77.941268920898438,0,18.825847625732422,0.031454619020223618,0,0
1,75,1800,2,4,0.45581617951393127,0,0,0,0,68.33197021484375,0,20.329866409301758,0.10828575491905212,0,0
1,75,1800,3,4,0.09934370219707489,0,0,0,0,60.392578125,0,17.339468002319336,0.26473033428192139,0,0
1,75,1800,4,4,0.14448574185371399,0,0,0,0,61.198886871337891,0,16.235052108764648,0.47408708930015564,0,0
1,75,1800,5,4,-0.13976067304611206,2.5106427669525146,0,0,0,53.402149200439453,0,16.14080810546875,0.58022302389144897,0,0
1,75,1800,6,4,0.12058869004249573,2.9967236518859863,0,0,0,55.313400268554688,0,15.729315757751465,0.38189616799354553,0,0
1,75,1800,7,4,-0.40810680389404297,40.355552673339844,0,0,0,67.551155090332031,0,17.339822769165039,0.16231976449489594,0,0
1,75,1800,0,5,-0.80138885974884033,66.62969970703125,0,0,0,92.512542724609375,0,17.787839889526367,1.2342455192992929E-05,0,0
1,75,1800,1,5,-1.1719223260879517,19.006271362304688,0,0,0,78.934989929199219,0,19.029102325439453,0.030939510092139244,0,0
1,75,1800,2,5,0.064316987991333008,4.5903406143188477,0,0,0,71.537933349609375,0,19.859426498413086,0.1559734046459198,0,0
1,75,1800,3,5,0.061591781675815582,0,0,0,0,58.912517547607422,0,17.28331184387207,0.26107808947563171,0,0
1,75,1800,4,5,-0.14994971454143524,2.9945087432861328,0,0,0,61.547637939453125,0,16.12712287902832,0.39935481548309326,0,0
1,75,1800,5,5,0.086315639317035675,3.1390423774719238,0,0,0,52.815666198730469,0,16.176183700561523,0.25238198041915894,0,0
1,75,1800,6,5,0.33361357450485229,0,0,0,0,56.253429412841797,0,17.838907241821289,0.29741314053535461,0,0
1,75,1800,7,5,0.32264864444732666,25.81756591796875,0,0,0,68.196395874023438,0,17.38031005859375,0.1655251681804657,0,0
1,75,1800,0,6,-0.87006717920303345,39.576774597167969,0,0,0,83.017036437988281,0,16.484535217285156,1.7600510545889847E-05,0,0
1,75,1800,1,6,-0.31870391964912415,5.991389274597168,0,0,0,79.010986328125,0,18.573749542236328,0.032604198902845383,0,0
1,75,1800,2,6,0.27876973152160645,0,0,0,0,72.030532836914062,0,19.501884460449219,0.1821051687002182,0,0
1,75,1800,3,6,0.15111145377159119,3.4072291851043701,0,0,0,65.076240539550781,0,17.939315795898438,0.27052268385887146,0,0
1,75,1800,4,6,0.17666679620742798,2.5395174026489258,0,0,0,53.639328002929688,0,16.23560905456543,0.11311023682355881,0,0
1,75,1800,5,6,0.29976359009742737,0,0,0,0,54.0347900390625,0,16.843196868896484,0.18358592689037323,0,0
1,75,1800,6,6,0.5964280366897583,0,0,0,0,53.783882141113281,0,17.910442352294922,0.29838931560516357,0,0
1,75,1800,7,6,0.43922752141952515,18.921586990356445,0,0,0,66.829826354980469,0,17.813116073608398,0.15010850131511688,0,0
1,75,1800,0,7,0.63325810432434082,11.756613731384277,0,0,0,79.088638305664062,0,17.279069900512695,4.7740675654495135E-05,0,0
1,75,1800,1,7,0.059969589114189148,7.9742779731750488,0,0,0,77.717582702636719,0,17.970561981201172,0.0025415422860532999,0,0
1,75,1800,2,7,0.20941093564033508,8.7746334075927734,0.004956237506121397,0.31719920039176941,0,79.843452453613281,0,18.618673324584961,0.014111338183283806,0,0
1,75,1800,3,7,0.54363411664962769,8.2961788177490234,0,0,0,73.1224365234375,0,18.552623748779297,0.0097710574045777321,0,0
1,75,1800,4,7,0.70620369911193848,1.8497245311737061,0,0,0,74.520774841308594,0,18.097076416015625,0.0031231585890054703,0,0
1,75,1800,5,7,0.62113362550735474,3.8879923820495605,0,0,0,72.781028747558594,0,18.530344009399414,0.016217250376939774,0,0
1,75,1800,6,7,0.9275241494178772,1.0464481115341187,0,0,0,72.556098937988281,0,19.134981155395508,0.056664407253265381,0,0
1,75,1800,7,7,1.0352511405944824,7.451812744140625,0,0,0,76.313117980957031,0,19.437789916992188,0.010685608722269535,0,0
1,90,2160,0,0,6.2007083892822266,0.66077476739883423,0.040630433708429337,1.1488124132156372,0,88.566726684570312,0,19.496528625488281,0.00070007873000577092,0,0
1,90,2160,1,0,6.2038049697875977,0,0.004211916122585535,0.14127103984355927,0,79.537956237792969,0,19.862403869628906,0.014989171177148819,0,0
1,90,2160,2,0,6.4269232749938965,0,0.020139683037996292,0.84767144918441772,0,81.71160888671875,0,19.938901901245117,0.04493303969502449,0,0
1,90,2160,3,0,6.5900607109069824,0,0.029904307797551155,0.87660872936248779,0,78.827224731445312,0,20.934892654418945,0.064144037663936615,0,0
1,90,2160,4,0,6.461517333984375,0,0.0075841899961233139,0.11459830403327942,0,77.287185668945312,0,21.065731048583984,0.078256428241729736,0,0
1,90,2160,5,0,6.6710062026977539,0,0.01168432179838419,0.19514544308185577,0,77.766517639160156,0,19.72239875793457,0.062431327998638153,0,0
1,90,2160,6,0,6.7023091316223145,0,0.0032976618967950344,0.10553009808063507,0,76.149627685546875,0,18.758201599121094,0.075292818248271942,0,0
1,90,2160,7,0,6.753753662109375,0,0.0090037472546100616,0.2205265611410141,0,79.26239013671875,0,17.956104278564453,0.0040230476297438145,0,0
1,90,2160,0,1,5.8512887954711914,0,0.10450885444879532,0.95746982097625732,0,88.120338439941406,0,18.099967956542969,0.0013570793671533465,0,0
1,90,2160,1,1,5.1897058486938477,0,0,0,0,75.755058288574219,0,18.382593154907227,0.030983714386820793,0,0
1,90,2160,2,1,5.0761008262634277,0,0,0,0,67.737831115722656,0,19.190877914428711,0.15024279057979584,0,0
1,90,2160,3,1,5.1918377876281738,0,0,0,0,67.739768981933594,0,20.074888229370117,0.31286242604255676,0,0
1,90,2160,4,1,5.2480301856994629,0,0,0,0,66.05926513671875,0,19.282936096191406,0.40990978479385376,0,0
1,90,2160,5,1,5.0379123687744141,0,0,0,0,66.327995300292969,0,18.285938262939453,0.44342336058616638,0,0
1,90,2160,6,1,5.059941291809082,0,0.0019040205515921116,0.12185731530189514,0,65.942359924316406,0,17.92413330078125,0.38433897495269775,0,0
1,90,2160,7,1,5.4526786804199219,0.53256577253341675,0.25278449058532715,3.7566392421722412,0,80.470626831054688,0,18.534994125366211,0.088451296091079712,0,0
1,90,2160,0,2,5.9991788864135742,0,0.22708854079246521,4.3734188079833984,0,96.064834594726562,0,17.699977874755859,0.00011565537715796381,0,0
1,90,2160,1,2,5.1772656440734863,0,0,0,0,68.931198120117188,0,17.315694808959961,0.018166406080126762,0,0
1,90,2160,2,2,4.8010959625244141,0,0,0,0,63.013942718505859,0,17.200353622436523,0.12049499899148941,0,0
1,90,2160,3,2,4.6139898300170898,0,0,0,0,65.710090637207031,0,17.361047744750977,0.28386947512626648,0,0
1,90,2160,4,2,4.5661106109619141,0,0,0,0,63.334053039550781,0,18.135076522827148,0.45005172491073608,0,0
1,90,2160,5,2,5.0524377822875977,0,0.0037025711499154568,0.23696455359458923,0,60.863605499267578,0,19.639629364013672,0.54277074337005615,0,0
1,90,2160,6,2,5.2311053276062012,0,0,0,0,58.944171905517578,0,19.646492004394531,0.4655592143535614,0,0
1,90,2160,7,2,5.6898374557495117,2.279975414276123,0.058452039957046509,0.75145983695983887,0,85.331436157226562,0,19.947246551513672,0.1522260457277298,0,0
1,90,2160,0,3,5.3783812522888184,8.5800199508666992,0.25016427040100098,4.1130709648132324,0,100.47039794921875,0,16.095781326293945,0.00015774014173075557,0,0
1,90,2160,1,3,4.7760272026062012,1.150071382522583,0,0,0,65.977142333984375,0,18.125574111938477,0.025919253006577492,0,0
1,90,2160,2,3,5.1129045486450195,0,0,0,0,62.018604278564453,0,20.878000259399414,0.089859873056411743,0,0
1,90,2160,3,3,4.9518346786499023,0,0,0,0,60.506778717041016,0,19.244682312011719,0.23206906020641327,0,0
1,90,2160,4,3,4.9506964683532715,0,0,0,0,63.509017944335938,0,17.997171401977539,0.40065008401870728,0,0
1,90,2160,5,3,4.8942608833312988,0,0,0,0,57.731414794921875,0,17.945022583007812,0.50211882591247559,0,0
1,90,2160,6,3,4.9388246536254883,0,0,0,0,63.948589324951172,0,17.556041717529297,0.4810023307800293,0,0
1,90,2160,7,3,5.3827509880065918,8.3976573944091797,0.4162600040435791,4.6052813529968262,0,83.408988952636719,0,17.983081817626953,0.13891316950321198,0,0
1,90,2160,0,4,6.4660177230834961,0,0.18805952370166779,3.2622199058532715,0,100.24406433105469,0,17.847095489501953,1.04899399389069E-07,0,0
1,90,2160,1,4,5.3333706855773926,0,0,0,0,78.176803588867188,0,19.48900032043457,0.027613455429673195,0,0
1,90,2160,2,4,5.2106747627258301,0,0,0,0,68.316490173339844,0,21.128396987915039,0.10569247603416443,0,0
1,90,2160,3,4,4.8730268478393555,0,0,0,0,60.2999267578125,0,18.025844573974609,0.2268669456243515,0,0
1,90,2160,4,4,4.9137425422668457,0,0,0,0,61.095314025878906,0,16.898666381835938,0.40785163640975952,0,0
1,90,2160,5,4,4.8120508193969727,0,0,0,0,54.234134674072266,0,16.735151290893555,0.45742860436439514,0,0
1,90,2160,6,4,5.4747734069824219,0,0,0,0,56.95928955078125,0,16.493762969970703,0.21951352059841156,0,0
1,90,2160,7,4,5.2748913764953613,2.4984126091003418,0.21484684944152832,4.425748348236084,0,80.764785766601562,0,17.939323425292969,0.087209589779376984,0,0
1,90,2160,0,5,6.2298359870910645,0,0.096946679055690765,0.96586716175079346,0,94.440185546875,0,18.438873291015625,2.1910846470518663E-08,0,0
1,90,2160,1,5,5.1802444458007812,0,0,0,0,79.313621520996094,0,19.625375747680664,0.020676696673035622,0,0
1,90,2160,2,5,5.1521873474121094,0,0,0,0,71.031761169433594,0,20.540224075317383,0.16298381984233856,0,0
1,90,2160,3,5,5.0225110054016113,0,0,0,0,58.788524627685547,0,17.963735580444336,0.24161246418952942,0,0
1,90,2160,4,5,4.9796748161315918,0,0,0,0,63.093460083007812,0,16.738105773925781,0.25164839625358582,0,0
1,90,2160,5,5,5.3077349662780762,0,0,0,0,54.183277130126953,0,16.903152465820312,0.12885658442974091,0,0
1,90,2160,6,5,5.4661040306091309,0,0,0,0,56.142051696777344,0,18.705741882324219,0.091958671808242798,0,0
1,90,2160,7,5,5.9028949737548828,0,1.1183431148529053,12.514233589172363,0.046875,77.691543579101562,0,18.152524948120117,0.067780584096908569,0,0
1,90,2160,0,6,6.2161397933959961,0,0.019060011953115463,0.7387239933013916,0,81.737625122070312,0,17.311807632446289,4.445524837137782E-08,0,0
1,90,2160,1,6,5.5288357734680176,0,0,0,0,76.8262939453125,0,19.315061569213867,0.015169250778853893,0,0
1,90,2160,2,6,5.5487041473388672,0,0,0,0,71.838577270507812,0,20.256620407104492,0.05709553137421608,0,0
1,90,2160,3,6,5.5597438812255859,0,0,0,0,66.0947265625,0,18.684759140014648,0.075384385883808136,0,0
1,90,2160,4,6,5.5790386199951172,0,0,0,0,54.677906036376953,0,16.973217010498047,0.036364816129207611,0,0
1,90,2160,5,6,5.612858772277832,0,0,0,0,53.93194580078125,0,17.643461227416992,0.018387714400887489,0,0
1,90,2160,6,6,5.946110725402832,0,0,0,0,53.671390533447266,0,18.868646621704102,0.027326198294758797,0,0
1,90,2160,7,6,6.1301636695861816,0,1.0128110647201538,13.637392997741699,0.078125,72.197921752929688,0,18.597286224365234,0.016754386946558952,0,0
1,90,2160,0,7,6.6249117851257324,0,0.0032666458282619715,0.20906533300876617,0,74.566619873046875,0,18.580698013305664,5.4855142650467315E-10,0,0
1,90,2160,1,7,5.9402780532836914,0,0,0,0,75.197212219238281,0,19.01490592956543,0.00027220527408644557,0,0
1,90,2160,2,7,5.8484840393066406,0,0.014653184451162815,0.93780380487442017,0,79.277915954589844,0,19.555158615112305,0.00036749496939592063,0,0
1,90,2160,3,7,6.0905342102050781,0,0,0,0,73.504806518554688,0,19.653785705566406,0.00068590149749070406,0,0
1,90,2160,4,7,5.9830751419067383,0,0,0,0,72.127799987792969,0,19.196155548095703,0.00031870842212811112,0,0
1,90,2160,5,7,6.0501203536987305,0,0.0026863943785429001,0.17192924022674561,0,70.098197937011719,0,19.631200790405273,1.9244909708504565E-05,0,0
1,90,2160,6,7,6.1554746627807617,0,0,0,0,67.807533264160156,0,20.31904411315918,0.00051885400898754597,0,0
1,90,2160,7,7,6.429563045501709,0,0.0043043480254709721,0.16716314852237701,0,72.50128173828125,0,20.554300308227539,1.1941578122787178E-05,0,0
1,105,2520,0,0,10.781258583068848,0,0.049471955746412277,0.95629966259002686,0,82.489753723144531,0,23.361129760742188,8.983722364064306E-05,0,0
1,105,2520,1,0,10.721631050109863,0,0.011600431986153126,0.29648810625076294,0,78.859146118164062,0,23.726034164428711,0.0029425411485135555,0,0
1,105,2520,2,0,10.893867492675781,0,0.035455185920000076,0.8377344012260437,0,80.346473693847656,0,23.826042175292969,0.0080646947026252747,0,0
1,105,2520,3,0,11.03156852722168,0,0.031080642715096474,0.87262362241744995,0,78.592765808105469,0,24.864234924316406,0.0087279798462986946,0,0
1,105,2520,4,0,10.912411689758301,0,0.0072645177133381367,0.10961279273033142,0,77.099662780761719,0,25.009958267211914,0.016533847898244858,0,0
1,105,2520,5,0,11.137997627258301,0,0.034879080951213837,0.80232971906661987,0,78.6551513671875,0,23.612241744995117,0.019283119589090347,0,0
1,105,2520,6,0,11.152276992797852,0,0.007618654053658247,0.10366407036781311,0,76.276832580566406,0,22.657386779785156,0.033182632178068161,0,0
1,105,2520,7,0,11.219874382019043,0,0.025244439020752907,0.82620763778686523,0,79.530860900878906,0,21.54255485534668,0.00033193596755154431,0,0
1,105,2520,0,1,10.245305061340332,0,0.089091949164867401,0.8298688530921936,0,82.697555541992188,0,21.668727874755859,0.00058113475097343326,0,0
1,105,2520,1,1,9.2703647613525391,0,0,0,0,73.971237182617188,0,21.584299087524414,0.022794758901000023,0,0
1,105,2520,2,1,9.1284084320068359,0,0,0,0,67.416984558105469,0,22.446994781494141,0.098995968699455261,0,0
1,105,2520,3,1,9.3340520858764648,0,0,0,0,67.507293701171875,0,23.418693542480469,0.14124664664268494,0,0
1,105,2520,4,1,9.5268049240112305,0,0,0,0,65.834884643554688,0,22.60443115234375,0.19179965555667877,0,0
1,105,2520,5,1,9.4728727340698242,0,0.00081347068771719933,0.052062124013900757,0,65.549942016601562,0,21.443696975708008,0.19714727997779846,0,0
1,105,2520,6,1,9.6698465347290039,0,0.002936079865321517,0.18790911138057709,0,65.188316345214844,0,21.006454467773438,0.13821324706077576,0,0
1,105,2520,7,1,9.9542741775512695,0,0.10465031862258911,1.1268703937530518,0,78.608047485351562,0,21.573642730712891,0.0096911489963531494,0,0
1,105,2520,0,2,10.02580738067627,0,0.14137041568756104,1.2361022233963013,0,89.831832885742188,0,21.20237922668457,3.609249324654229E-05,0,0
1,105,2520,1,2,9.2353248596191406,0,0.0028084558434784412,0.17974117398262024,0,68.540153503417969,0,20.282148361206055,0.012732227332890034,0,0
1,105,2520,2,2,8.8295040130615234,0,0,0,0,62.657756805419922,0,19.980024337768555,0.081214778125286102,0,0
1,105,2520,3,2,8.6509771347045898,0,0,0,0,64.868690490722656,0,20.064750671386719,0.10877855122089386,0,0
1,105,2520,4,2,8.6787834167480469,0,0,0,0,61.981277465820312,0,20.915910720825195,0.10595063120126724,0,0
1,105,2520,5,2,9.4991817474365234,0,0.0037212260067462921,0.2381584644317627,0,61.064506530761719,0,22.889633178710938,0.13720543682575226,0,0
1,105,2520,6,2,9.8406877517700195,0,0,0,0,58.765693664550781,0,23.080795288085938,0.1614825576543808,0,0
1,105,2520,7,2,10.186195373535156,0,0.070187866687774658,0.82951122522354126,0,84.293525695800781,0,23.222850799560547,0.030247878283262253,0,0
1,105,2520,0,3,9.7863788604736328,0,0.090337648987770081,0.93896967172622681,0,90.84954833984375,0,19.179647445678711,3.3861655538203195E-05,0,0
1,105,2520,1,3,8.7820577621459961,0,0.0021182859782129526,0.13557030260562897,0,64.987617492675781,0,20.940448760986328,0.011271610856056213,0,0
1,105,2520,2,3,9.1317777633666992,0,0,0,0,61.869789123535156,0,24.074462890625,0.046498142182826996,0,0
1,105,2520,3,3,9.0108222961425781,0,0,0,0,60.394641876220703,0,22.334794998168945,0.095233224332332611,0,0
1,105,2520,4,3,9.0400476455688477,0,0,0,0,63.374027252197266,0,21.016916275024414,0.1470278799533844,0,0
1,105,2520,5,3,9.0476369857788086,0,0,0,0,57.581260681152344,0,20.945880889892578,0.22786781191825867,0,0
1,105,2520,6,3,9.1628618240356445,0,0,0,0,63.765426635742188,0,20.606180191040039,0.317207932472229,0,0
1,105,2520,7,3,9.5345649719238281,0,0.09401288628578186,0.99408519268035889,0,82.300491333007812,0,20.768756866455078,0.059376198798418045,0,0
1,105,2520,0,4,10.594154357910156,0,0.11031361669301987,0.98389315605163574,0,96.035285949707031,0,21.587940216064453,2.8211633917862855E-08,0,0
1,105,2520,1,4,9.4178619384765625,0,0,0,0,77.46771240234375,0,22.613750457763672,0.013014295138418674,0,0
1,105,2520,2,4,9.3312816619873047,0,0,0,0,68.515762329101562,0,24.349811553955078,0.05670987069606781,0,0
1,105,2520,3,4,8.9813117980957031,0,0,0,0,60.429859161376953,0,21.044824600219727,0.10682312399148941,0,0
1,105,2520,4,4,9.0404071807861328,0,0,0,0,61.080497741699219,0,19.816858291625977,0.16003254055976868,0,0
1,105,2520,5,4,9.0078306198120117,0,0,0,0,53.933177947998047,0,19.574893951416016,0.21915154159069061,0,0
1,105,2520,6,4,9.6624679565429688,0,0.0010361059103161097,0.066310778260231018,0,56.776500701904297,0,19.668859481811523,0.23210623860359192,0,0
1,105,2520,7,4,9.7090482711791992,0,0.080156788229942322,0.80877244472503662,0,79.300254821777344,0,21.09210205078125,0.055365204811096191,0,0
1,105,2520,0,5,10.701715469360352,0,0.088864937424659729,0.867767333984375,0,86.61309814453125,0,22.251237869262695,9.0150447107362197E-09,0,0
1,105,2520,1,5,9.7299203872680664,0,0,0,0,77.923576354980469,0,22.862771987915039,0.011410809122025967,0,0
1,105,2520,2,5,9.6474933624267578,0,0,0,0,70.616363525390625,0,23.693613052368164,0.070592470467090607,0,0
1,105,2520,3,5,9.2526397705078125,0,0,0,0,58.752792358398438,0,21.076986312866211,0.095635898411273956,0,0
1,105,2520,4,5,9.2718162536621094,0,0,0,0,62.933383941650391,0,19.697515487670898,0.12563671171665192,0,0
1,105,2520,5,5,9.6185407638549805,0,0,0,0,53.912754058837891,0,20.013643264770508,0.18171025812625885,0,0
1,105,2520,6,5,9.7292976379394531,0,0,0,0,55.974208831787109,0,22.230756759643555,0.26811617612838745,0,0
1,105,2520,7,5,10.250699043273926,0,0.10675586760044098,0.90166652202606201,0,77.402481079101562,0,21.571203231811523,0.023338275030255318,0,0
1,105,2520,0,6,10.762594223022461,0,0.028686609119176865,0.75427329540252686,0,78.4500732421875,0,21.309141159057617,5.358065777727461E-07,0,0
1,105,2520,1,6,10.001970291137695,0,0,0,0,76.329055786132812,0,22.798370361328125,0.0058061173185706139,0,0
1,105,2520,2,6,9.8560914993286133,0,0,0,0,71.845558166503906,0,23.667510986328125,0.01262093149125576,0,0
1,105,2520,3,6,9.7711009979248047,0,0,0,0,65.522384643554688,0,22.107246398925781,0.018121516332030296,0,0
1,105,2520,4,6,9.816096305847168,0,0,0,0,54.444873809814453,0,20.179937362670898,0.0075605018064379692,0,0
1,105,2520,5,6,9.8378124237060547,0,0,0,0,53.773059844970703,0,21.04517936706543,0.027384771034121513,0,0
1,105,2520,6,6,10.144994735717773,0,0,0,0,53.496444702148438,0,22.588476181030273,0.19729949533939362,0,0
1,105,2520,7,6,10.461827278137207,0,0.085778102278709412,1.252962589263916,0,72.011764526367188,0,22.062217712402344,0.020154675468802452,0,0
1,105,2520,0,7,10.741023063659668,0,0.010108482092618942,0.20625236630439758,0,74.215827941894531,0,22.722698211669922,5.5053217540290689E-10,0,0
1,105,2520,1,7,10.021797180175781,0,0.0045241247862577438,0.17433744668960571,0,74.984375,0,22.895526885986328,1.7805927200242877E-05,0,0
1,105,2520,2,7,9.9434328079223633,0,0.01694733090698719,0.93058580160140991,0,78.787933349609375,0,23.254467010498047,7.2220673246192746E-06,0,0
1,105,2520,3,7,10.18140697479248,0,0.0037038878072053194,0.23704881966114044,0,72.613487243652344,0,23.484207153320312,9.2692822306617018E-08,0,0
1,105,2520,4,7,10.074099540710449,0,0,0,0,71.601608276367188,0,23.065645217895508,1.7076371250368538E-07,0,0
1,105,2520,5,7,10.152919769287109,0,0.007116454653441906,0.16725209355354309,0,70.1937255859375,0,23.531352996826172,0.0001220498452312313,0,0
1,105,2520,6,7,10.236570358276367,0,0.0017854529432952404,0.11426898837089539,0,67.375495910644531,0,24.294809341430664,0.0020135485101491213,0,0
1,105,2520,7,7,10.580144882202148,0,0.0079553844407200813,0.16208282113075256,0,72.751571655273438,0,24.349563598632812,5.1133305532857776E-05,0,0
1,120,2880,0,0,14.861860275268555,0,0.052830398082733154,0.86445951461791992,0,82.70355224609375,0,28.662384033203125,3.6745905873658558E-08,0,0
1,120,2880,1,0,14.894726753234863,0,0.010793492197990417,0.2660478949546814,0,79.423690795898438,0,29.111576080322266,4.6973758571766666E-07,0,0
1,120,2880,2,0,15.079644203186035,0,0.034075435250997543,0.82916069030761719,0,80.54315185546875,0,29.204475402832031,4.3854248588104383E-07,0,0
1,120,2880,3,0,15.195976257324219,0,0.032448813319206238,0.85260599851608276,0,78.682830810546875,0,30.170244216918945,1.1255156096012797E-06,0,0
1,120,2880,4,0,15.063831329345703,0,0.022207845002412796,0.62617921829223633,0,77.20947265625,0,30.333000183105469,3.8604572182521224E-05,0,0
1,120,2880,5,0,15.305802345275879,0,0.033844955265522003,0.79596507549285889,0,79.207748413085938,0,28.849750518798828,2.1063442545710132E-05,0,0
1,120,2880,6,0,15.272828102111816,0,0.0081199174746870995,0.099871397018432617,0,76.522903442382812,0,27.836172103881836,9.3271492005442269E-06,0,0
1,120,2880,7,0,15.383052825927734,0,0.025488767772912979,0.82108545303344727,0,80.288467407226562,0,26.435491561889648,2.5175498308271926E-07,0,0
1,120,2880,0,1,14.656115531921387,0,0.073757737874984741,0.76801109313964844,0,82.504013061523438,0,26.906423568725586,5.5921095736266579E-06,0,0
1,120,2880,1,1,14.012084007263184,0,0,0,0,73.657089233398438,0,26.791280746459961,0.0056586884893476963,0,0
1,120,2880,2,1,13.818205833435059,0,0,0,0,67.096786499023438,0,27.676998138427734,0.02786744013428688,0,0
1,120,2880,3,1,14.077609062194824,0,0,0,0,67.179306030273438,0,28.62092399597168,0.025779999792575836,0,0
1,120,2880,4,1,14.202840805053711,0,0,0,0,65.526199340820312,0,27.564472198486328,0.03363027423620224,0,0
1,120,2880,5,1,13.790552139282227,0,0.00051682459888979793,0.033076774328947067,0,65.256340026855469,0,26.234579086303711,0.038600005209445953,0,0
1,120,2880,6,1,13.69332218170166,0,0.0025068919640034437,0.1604410856962204,0,65.126136779785156,0,25.740375518798828,0.018487570807337761,0,0
1,120,2880,7,1,14.081188201904297,0,0.092802919447422028,0.90715479850769043,0,78.366836547851562,0,26.461452484130859,0.00012237962801009417,0,0
1,120,2880,0,2,14.728656768798828,0,0.13490970432758331,0.99774301052093506,0,90.105453491210938,0,26.400083541870117,1.5580964827677235E-05,0,0
1,120,2880,1,2,14.026828765869141,0,0.0052768504247069359,0.11798092722892761,0,68.298248291015625,0,25.145967483520508,0.0073231370188295841,0,0
1,120,2880,2,2,13.307599067687988,0,0,0,0,62.369453430175781,0,24.619775772094727,0.046430189162492752,0,0
1,120,2880,3,2,12.931026458740234,0,0.0015815794467926025,0.10122108459472656,0,64.653030395507812,0,24.616580963134766,0.050388399511575699,0,0
1,120,2880,4,2,12.845975875854492,0,0.00019692006753757596,0.012602884322404861,0,61.688373565673828,0,25.588344573974609,0.03513176366686821,0,0
1,120,2880,5,2,13.790678024291992,0,0.0039994488470256329,0.19749656319618225,0,61.170997619628906,0,27.966796875,0.032452881336212158,0,0
1,120,2880,6,2,14.066318511962891,0,0,0,0,58.4854736328125,0,28.231071472167969,0.036623820662498474,0,0
1,120,2880,7,2,14.61784839630127,0,0.064688563346862793,0.73125672340393066,0,84.309196472167969,0,28.507070541381836,0.0012593197170644999,0,0
1,120,2880,0,3,14.41893196105957,0,0.07886108011007309,0.87155795097351074,0,89.08245849609375,0,23.948038101196289,8.3851837189286016E-06,0,0
1,120,2880,1,3,13.037306785583496,0,0.0021003549918532372,0.13442271947860718,0,64.739974975585938,0,25.676418304443359,0.0086755342781543732,0,0
1,120,2880,2,3,13.464007377624512,0,0,0,0,61.595138549804688,0,29.164955139160156,0.03307444229722023,0,0
1,120,2880,3,3,13.360292434692383,0,0,0,0,60.138751983642578,0,27.378984451293945,0.066996894776821136,0,0
1,120,2880,4,3,13.34205150604248,0,0,0,0,63.123950958251953,0,25.991731643676758,0.12720824778079987,0,0
1,120,2880,5,3,13.253957748413086,0,0,0,0,57.347278594970703,0,25.798681259155273,0.16679875552654266,0,0
1,120,2880,6,3,13.37886905670166,0,0,0,0,63.509609222412109,0,25.53502082824707,0.13796955347061157,0,0
1,120,2880,7,3,14.053067207336426,0,0.10098884999752045,0.92154932022094727,0,83.600326538085938,0,25.481651306152344,0.0023670527152717113,0,0
1,120,2880,0,4,15.316908836364746,0,0.091664724051952362,0.83741611242294312,0,96.349739074707031,0,26.831558227539062,3.5132208608956716E-07,0,0
1,120,2880,1,4,13.890742301940918,0,0,0,0,77.071952819824219,0,27.784875869750977,0.0078858071938157082,0,0
1,120,2880,2,4,13.361935615539551,0,0,0,0,68.213790893554688,0,29.604040145874023,0.053994718939065933,0,0
1,120,2880,3,4,13.135766983032227,0,0,0,0,60.186885833740234,0,26.10432243347168,0.14491641521453857,0,0
1,120,2880,4,4,13.388931274414062,0,0,0,0,60.852851867675781,0,24.703144073486328,0.21739354729652405,0,0
1,120,2880,5,4,13.301045417785645,0,0,0,0,53.720424652099609,0,24.201486587524414,0.1750292032957077,0,0
1,120,2880,6,4,13.749114036560059,0,0.002026088535785675,0.066262364387512207,0,56.642932891845703,0,24.167060852050781,0.14773745834827423,0,0
1,120,2880,7,4,14.135661125183105,0,0.076789125800132751,0.77553838491439819,0,79.286338806152344,0,26.02191162109375,0.015865335240960121,0,0
1,120,2880,0,5,15.005500793457031,0,0.074066095054149628,0.73665916919708252,0,86.441574096679688,0,27.635122299194336,1.198222093989898E-06,0,0
1,120,2880,1,5,13.894216537475586,0,0,0,0,77.64556884765625,0,28.214500427246094,0.008598952554166317,0,0
1,120,2880,2,5,13.127863883972168,0,0,0,0,70.337425231933594,0,28.924253463745117,0.072778135538101196,0,0
1,120,2880,3,5,12.878498077392578,0,0,0,0,58.531398773193359,0,26.081716537475586,0.15137465298175812,0,0
1,120,2880,4,5,13.420085906982422,0,0,0,0,62.684249877929688,0,24.566106796264648,0.1741495281457901,0,0
1,120,2880,5,5,13.733150482177734,0,0.00046833645319566131,0.029973533004522324,0,53.684127807617188,0,24.539068222045898,0.14480498433113098,0,0
1,120,2880,6,5,13.829416275024414,0,0,0,0,55.716472625732422,0,27.176239013671875,0.13382871448993683,0,0
1,120,2880,7,5,14.41420841217041,0,0.095574080944061279,0.82710397243499756,0,77.23883056640625,0,26.711477279663086,0.0015994965797290206,0,0
1,120,2880,0,6,14.755964279174805,0,0.036696828901767731,0.73506379127502441,0,78.634132385253906,0,26.671051025390625,1.588093596183171E-06,0,0
1,120,2880,1,6,14.038647651672363,0,0,0,0,76.06732177734375,0,28.139560699462891,0.0062882569618523121,0,0
1,120,2880,2,6,13.380562782287598,0,0,0,0,71.538475036621094,0,28.917341232299805,0.075130872428417206,0,0
1,120,2880,3,6,13.482970237731934,0,0.00254405802115798,0.16281971335411072,0,65.341331481933594,0,27.240530014038086,0.10967148840427399,0,0
1,120,2880,4,6,13.82736873626709,0,0,0,0,54.213703155517578,0,24.696493148803711,0.12933534383773804,0,0
1,120,2880,5,6,13.847246170043945,0,0,0,0,53.530994415283203,0,25.766332626342773,0.17419680953025818,0,0
1,120,2880,6,6,14.156764030456543,0,0,0,0,53.232845306396484,0,27.513757705688477,0.1573018878698349,0,0
1,120,2880,7,6,14.533867835998535,0,0.071300938725471497,1.0020393133163452,0,72.031707763671875,0,27.162954330444336,0.0019689775072038174,0,0
1,120,2880,0,7,14.684393882751465,0,0.022987537086009979,0.8196563720703125,0,74.585830688476562,0,27.925958633422852,7.4037593833509163E-08,0,0
1,120,2880,1,7,13.951679229736328,0,0.0058917226269841194,0.17139029502868652,0,75.106201171875,0,28.173303604125977,0.0011554131051525474,0,0
1,120,2880,2,7,13.875866889953613,0,0.017694825306534767,0.92198395729064941,0,78.614387512207031,0,28.454813003540039,0.0032080858945846558,0,0
1,120,2880,3,7,14.11067008972168,0,0.0062592802569270134,0.1653963178396225,0,72.685562133789062,0,28.565181732177734,0.0031991677824407816,0,0
1,120,2880,4,7,14.023056030273438,0,0.001391629921272397,0.089064314961433411,0,71.245895385742188,0,28.279739379882812,0.0043093892745673656,0,0
1,120,2880,5,7,14.106998443603516,0,0.0056066489778459072,0.16375195980072021,0,70.360626220703125,0,28.769096374511719,0.017539244145154953,0,0
1,120,2880,6,7,14.166576385498047,0,0.0064604231156408787,0.11202874779701233,0,67.44818115234375,0,29.586360931396484,0.024772839620709419,0,0
1,120,2880,7,7,14.580653190612793,0,0.013763564638793468,0.15770040452480316,0,73.362045288085938,0,29.553888320922852,2.6388030164525844E-05,0,0
1,135,3240,0,0,18.434261322021484,0,0.052816964685916901,0.79617112874984741,0,82.743217468261719,0,33.665840148925781,6.4768371998980001E-08,0,0
1,135,3240,1,0,18.520999908447266,0,0.014771576970815659,0.54232698678970337,0,79.661911010742188,0,34.326637268066406,1.9412398355456162E-09,0,0
1,135,3240,2,0,18.723388671875,0,0.038029685616493225,0.82154965400695801,0,80.500892639160156,0,34.476238250732422,1.350805423072643E-08,0,0
1,135,3240,3,0,18.824871063232422,0,0.031008660793304443,0.80986511707305908,0,78.639488220214844,0,35.237625122070312,1.844835118003374E-10,0,0
1,135,3240,4,0,18.673885345458984,0,0.012306606397032738,0.43580743670463562,0,76.997230529785156,0,35.364170074462891,1.6642711653247488E-09,0,0
1,135,3240,5,0,18.954845428466797,0,0.038722943514585495,0.78218942880630493,0,79.498016357421875,0,33.906795501708984,1.0178632025778511E-12,0,0
1,135,3240,6,0,18.897605895996094,0,0.0071596852503716946,0.094500057399272919,0,76.584770202636719,0,32.71490478515625,8.8699318343769123E-14,0,0
1,135,3240,7,0,19.052310943603516,0,0.026216709986329079,0.81640177965164185,0,80.725593566894531,0,31.266765594482422,2.0063410568343931E-13,0,0
1,135,3240,0,1,18.17994499206543,0,0.050666581839323044,0.76043158769607544,0,82.161064147949219,0,31.821884155273438,0.0029529200401157141,0,0
1,135,3240,1,1,17.560701370239258,0,0,0,0,73.16778564453125,0,31.985158920288086,0.016982594504952431,0,0
1,135,3240,2,1,17.454120635986328,0,0,0,0,66.626434326171875,0,32.832439422607422,0.0075305053032934666,0,0
1,135,3240,3,1,17.653329849243164,0,0,0,0,66.707366943359375,0,33.695724487304688,0.0011548467446118593,0,0
1,135,3240,4,1,17.787271499633789,0,0,0,0,65.088607788085938,0,32.358535766601562,0.0057083410210907459,0,0
1,135,3240,5,1,17.325864791870117,0,0.00032681721495464444,0.020916301757097244,0,64.838592529296875,0,30.975275039672852,0.023582521826028824,0,0
1,135,3240,6,1,17.226131439208984,0,0.0039466121233999729,0.12717942893505096,0,64.910163879394531,0,30.42967414855957,0.023098371922969818,0,0
1,135,3240,7,1,17.665010452270508,0,0.074653156101703644,0.77635377645492554,0,78.064697265625,0,31.562351226806641,1.087343662220519E-05,0,0
1,135,3240,0,2,18.296058654785156,0,0.11290199309587479,0.87379938364028931,0,90.3441162109375,0,31.320426940917969,0.016516245901584625,0,0
1,135,3240,1,2,17.693639755249023,0,0.0034127624239772558,0.11027202010154724,0,68.289878845214844,0,30.063230514526367,0.070023655891418457,0,0
1,135,3240,2,2,17.162557601928711,0,0,0,0,61.966026306152344,0,29.413385391235352,0.052489113062620163,0,0
1,135,3240,3,2,16.892047882080078,0,0.00075282523175701499,0.048180814832448959,0,64.338851928710938,0,29.357988357543945,0.048402681946754456,0,0
1,135,3240,4,2,16.788806915283203,0,0.0031287821475416422,0.12083915621042252,0,61.511127471923828,0,30.326259613037109,0.08448328822851181,0,0
1,135,3240,5,2,17.371356964111328,0,0.10780411213636398,6.8483633995056152,0,60.929752349853516,0,32.825584411621094,0.088717199862003326,0,0
1,135,3240,6,2,17.582164764404297,0,0.002207564190030098,0.14128410816192627,0,58.221443176269531,0,33.020542144775391,0.067758426070213318,0,0
1,135,3240,7,2,18.272205352783203,0,0.052004005759954453,0.67704963684082031,0,84.022163391113281,0,33.971939086914062,0.00089263590052723885,0,0
1,135,3240,0,3,17.958478927612305,0,0.061504215002059937,0.86656874418258667,0,88.273239135742188,0,28.61375617980957,0.006344569381326437,0,0
1,135,3240,1,3,17.001028060913086,0,0.001503624371252954,0.096231959760189056,0,64.458267211914062,0,30.57270622253418,0.028593070805072784,0,0
1,135,3240,2,3,17.394033432006836,0,0,0,0,61.147472381591797,0,34.039100646972656,0.033925235271453857,0,0
1,135,3240,3,3,17.333690643310547,0,0,0,0,59.741615295410156,0,32.230464935302734,0.062599711120128632,0,0
1,135,3240,4,3,17.328409194946289,0,0,0,0,62.741329193115234,0,30.800643920898438,0.093920841813087463,0,0
1,135,3240,5,3,17.258895874023438,0,0,0,0,56.995887756347656,0,30.372486114501953,0.10197649896144867,0,0
1,135,3240,6,3,17.189058303833008,0,0,0,0,63.132839202880859,0,30.301408767700195,0.086115717887878418,0,0
1,135,3240,7,3,17.803495407104492,0,0.085684493184089661,0.89690989255905151,0,83.921234130859375,0,30.514472961425781,0.0038090886082500219,0,0
1,135,3240,0,4,18.828527450561523,0,0.075048334896564484,0.82727152109146118,0,96.214645385742188,0,31.562902450561523,0.00078772846609354019,0,0
1,135,3240,1,4,17.822956085205078,0,0.0014536110684275627,0.093031108379364014,0,76.622146606445312,0,32.993839263916016,0.026901988312602043,0,0
1,135,3240,2,4,17.626420974731445,0,0.0011461358517408371,0.073352694511413574,0,67.769264221191406,0,34.666973114013672,0.050856132060289383,0,0
1,135,3240,3,4,17.261589050292969,0,0,0,0,59.809669494628906,0,30.959413528442383,0.078154437243938446,0,0
1,135,3240,4,4,17.304807662963867,0,0,0,0,60.492218017578125,0,29.395479202270508,0.11965861916542053,0,0
1,135,3240,5,4,17.030029296875,0,0,0,0,53.404460906982422,0,28.561269760131836,0.15244390070438385,0,0
1,135,3240,6,4,17.282613754272461,0,0.0019061507191509008,0.061716586351394653,0,56.448688507080078,0,28.377782821655273,0.09396178275346756,0,0
1,135,3240,7,4,17.747690200805664,0,0.061981283128261566,0.76409125328063965,0,79.066032409667969,0,31.040925979614258,0.011070213280618191,0,0
1,135,3240,0,5,18.509243011474609,0,0.051681701093912125,0.60358411073684692,0,86.058570861816406,0,32.475353240966797,8.92257085070014E-05,0,0
1,135,3240,1,5,17.491943359375,0,0.000934612937271595,0.05981522798538208,0,77.184471130371094,0,33.508686065673828,0.041909486055374146,0,0
1,135,3240,2,5,17.254114151000977,0,0,0,0,69.897048950195312,0,34.147987365722656,0.11828456819057465,0,0
1,135,3240,3,5,17.087247848510742,0,0,0,0,58.170993804931641,0,30.846273422241211,0.1739308089017868,0,0
1,135,3240,4,5,17.166145324707031,0,0,0,0,62.314704895019531,0,29.28529167175293,0.15725566446781158,0,0
1,135,3240,5,5,17.265825271606445,0,0.00053852779092267156,0.03446577861905098,0,53.392265319824219,0,28.723970413208008,0.11227745562791824,0,0
1,135,3240,6,5,17.371856689453125,0,0,0,0,55.357772827148438,0,31.743152618408203,0.10854867845773697,0,0
1,135,3240,7,5,18.005405426025391,0,0.082496054470539093,0.73219877481460571,0,76.923126220703125,0,31.814313888549805,0.0026124040596187115,0,0
1,135,3240,0,6,18.257781982421875,0,0.030171539634466171,0.67569422721862793,0,78.402236938476562,0,31.481870651245117,0.00010311092046322301,0,0
1,135,3240,1,6,17.412015914916992,0,0,0,0,75.544174194335938,0,33.374984741210938,0.055620193481445312,0,0
1,135,3240,2,6,16.923723220825195,0,0,0,0,71.053932189941406,0,34.158336639404297,0.15590246021747589,0,0
1,135,3240,3,6,17.32286262512207,0,0.0021866369061172009,0.097547061741352081,0,65.038291931152344,0,32.147346496582031,0.17449603974819183,0,0
1,135,3240,4,6,17.36884880065918,0,0,0,0,53.891399383544922,0,28.855279922485352,0.079223476350307465,0,0
1,135,3240,5,6,17.391841888427734,0,0,0,0,53.193737030029297,0,30.110599517822266,0.084819316864013672,0,0
1,135,3240,6,6,17.700963973999023,0,0,0,0,52.868274688720703,0,31.942403793334961,0.083421200513839722,0,0
1,135,3240,7,6,18.142845153808594,0,0.058977596461772919,0.78698539733886719,0,71.780326843261719,0,32.184391021728516,0.0039261346682906151,0,0
1,135,3240,0,7,18.16728401184082,0,0.022735588252544403,0.81145381927490234,0,74.800956726074219,0,32.530055999755859,9.2974441940896213E-05,0,0
1,135,3240,1,7,17.427946090698242,0,0.0057648704387247562,0.17094415426254272,0,75.008155822753906,0,33.192581176757812,0.012240429408848286,0,0
1,135,3240,2,7,17.332126617431641,0,0.016519885510206223,0.92103284597396851,0,78.294822692871094,0,33.593769073486328,0.040626015514135361,0,0
1,135,3240,3,7,17.619781494140625,0,0.0034152702428400517,0.12743203341960907,0,72.576515197753906,0,33.318252563476562,0.020111162215471268,0,0
1,135,3240,4,7,17.528068542480469,0,0.0051691876724362373,0.1217682957649231,0,70.985107421875,0,33.215530395507812,0.022694908082485199,0,0
1,135,3240,5,7,17.622531890869141,0,0.0068228552117943764,0.16284067928791046,0,70.356483459472656,0,33.752162933349609,0.035294126719236374,0,0
1,135,3240,6,7,17.667551040649414,0,0.0054678763262927532,0.11157141625881195,0,67.382942199707031,0,34.624526977539062,0.02811715379357338,0,0
1,135,3240,7,7,18.151849746704102,0,0.015610659494996071,0.15476334095001221,0,73.979789733886719,0,34.639690399169922,0.00087655836250633001,0,0
1,150,3600,0,0,21.30613899230957,0,0.052667126059532166,0.77351170778274536,0,82.500045776367188,0,36.769741058349609,0.00013741872680839151,0,0
1,150,3600,1,0,21.431240081787109,0,0.018764225766062737,0.50065749883651733,0,79.560340881347656,0,37.642757415771484,1.2202206562506035E-05,0,0
1,150,3600,2,0,21.64801025390625,0,0.033118430525064468,0.81252491474151611,0,80.354454040527344,0,37.889305114746094,4.1312887333333492E-05,0,0
1,150,3600,3,0,21.737224578857422,0,0.028325434774160385,0.79511600732803345,0,78.41168212890625,0,38.371814727783203,0,0,0
1,150,3600,4,0,21.573123931884766,0,0.0083461282774806023,0.21907117962837219,0,76.593994140625,0,38.408096313476562,0,0,0
1,150,3600,5,0,21.880695343017578,0,0.032146673649549484,0.68546181917190552,0,79.45550537109375,0,37.099998474121094,1.5741823517601006E-05,0,0
1,150,3600,6,0,21.805719375610352,0,0.0050082700327038765,0.090528383851051331,0,76.329864501953125,0,35.683853149414062,0.00027420834521763027,0,0
1,150,3600,7,0,22.001443862915039,0,0.025496296584606171,0.80730533599853516,0,81.028076171875,0,34.451080322265625,1.9662093109218404E-05,0,0
1,150,3600,0,1,21.01457405090332,0,0.033629748970270157,0.7055014967918396,0,81.61309814453125,0,34.844135284423828,0.0023653954267501831,0,0
1,150,3600,1,1,20.42094612121582,0,0,0,0,72.538337707519531,0,35.302303314208984,0.0050095883198082447,0,0
1,150,3600,2,1,20.313764572143555,0,0,0,0,66.02960205078125,0,36.070243835449219,0.0021049806382507086,0,0
1,150,3600,3,1,20.52515983581543,0,0,0,0,66.114486694335938,0,36.848968505859375,0.001198466750793159,0,0
1,150,3600,4,1,20.66395378112793,0,0,0,0,64.541694641113281,0,35.338874816894531,0.0029562728013843298,0,0
1,150,3600,5,1,20.239067077636719,0,0.0002151374937966466,0.013768799602985382,0,64.296951293945312,0,34.123188018798828,0.037997797131538391,0,0
1,150,3600,6,1,20.09527587890625,0,0.0026361094787716866,0.10776842385530472,0,64.594718933105469,0,33.637489318847656,0.023546846583485603,0,0
1,150,3600,7,1,20.566146850585938,0,0.061860762536525726,0.73219215869903564,0,77.654037475585938,0,35.31414794921875,9.0528192231431603E-07,0,0
1,150,3600,0,2,21.129926681518555,0,0.09953385591506958,0.84303271770477295,0,90.25726318359375,0,34.392841339111328,0.0080264275893568993,0,0
1,150,3600,1,2,20.565839767456055,0,0.0030439458787441254,0.10151034593582153,0,67.932579040527344,0,33.257381439208984,0.0452834852039814,0,0
1,150,3600,2,2,20.015161514282227,0,0,0,0,61.421268463134766,0,32.603107452392578,0.034733541309833527,0,0
1,150,3600,3,2,19.74224853515625,0,0.0013373128604143858,0.085588023066520691,0,63.899345397949219,0,32.636325836181641,0.081970542669296265,0,0
1,150,3600,4,2,19.64862060546875,0,0.0020273076370358467,0.088854081928730011,0,61.204559326171875,0,33.498298645019531,0.16156868636608124,0,0
1,150,3600,5,2,20.339822769165039,0,0.20216992497444153,12.894377708435059,0.015625,60.496257781982422,0,35.882190704345703,0.16792327165603638,0,0
1,150,3600,6,2,20.529054641723633,0,0.0020788558758795261,0.13304677605628967,0,57.884944915771484,0,35.899635314941406,0.083627842366695404,0,0
1,150,3600,7,2,21.211128234863281,0,0.033989820629358292,0.54442512989044189,0,83.460578918457031,0,37.871406555175781,4.4614003854803741E-05,0,0
1,150,3600,0,3,20.762546539306641,0,0.053101088851690292,0.85908979177474976,0,87.536392211914062,0,31.671812057495117,0.0057032182812690735,0,0
1,150,3600,1,3,19.847026824951172,0,0.00062908639665693045,0.040261529386043549,0,63.992698669433594,0,33.856796264648438,0.051948480308055878,0,0
1,150,3600,2,3,20.235406875610352,0,0.0010454591829329729,0.066909387707710266,0,60.615970611572266,0,36.92578125,0.06815829873085022,0,0
1,150,3600,3,3,20.190376281738281,0,0,0,0,59.236709594726562,0,35.158920288085938,0.12989704310894012,0,0
1,150,3600,4,3,20.189512252807617,0,0,0,0,62.253948211669922,0,33.769672393798828,0.18785251677036285,0,0
1,150,3600,5,3,20.114112854003906,0,0,0,0,56.554637908935547,0,33.091720581054688,0.17999947071075439,0,0
1,150,3600,6,3,20.080793380737305,0,0,0,0,62.654552459716797,0,33.316875457763672,0.10373138636350632,0,0
1,150,3600,7,3,20.724855422973633,0,0.066941678524017334,0.86018663644790649,0,83.679306030273438,0,34.252559661865234,0.0010738522978499532,0,0
1,150,3600,0,4,21.649415969848633,0,0.057414103299379349,0.79743784666061401,0,95.862281799316406,0,34.323112487792969,0.001665463438257575,0,0
1,150,3600,1,4,20.701213836669922,0,0.0011408389545977116,0.07301369309425354,0,76.061500549316406,0,36.300674438476562,0.11525490880012512,0,0
1,150,3600,2,4,20.485481262207031,0,0.0019914652220904827,0.09740900993347168,0,67.289009094238281,0,37.682296752929688,0.083226859569549561,0,0
1,150,3600,3,4,20.120384216308594,0,0,0,0,59.326045989990234,0,33.950222015380859,0.12707214057445526,0,0
1,150,3600,4,4,20.169134140014648,0,0,0,0,60.034645080566406,0,32.313243865966797,0.20952647924423218,0,0
1,150,3600,5,4,19.884572982788086,0,0,0,0,53.007961273193359,0,31.200935363769531,0.17835350334644318,0,0
1,150,3600,6,4,20.136537551879883,0,0.0013125380501151085,0.056264415383338928,0,56.123695373535156,0,30.937929153442383,0.060848630964756012,0,0
1,150,3600,7,4,20.646886825561523,0,0.048316977918148041,0.75712484121322632,0,78.643089294433594,0,34.547641754150391,0.00078722555190324783,0,0
1,150,3600,0,5,21.327323913574219,0,0.034556299448013306,0.4793563187122345,0,85.52276611328125,0,35.268260955810547,1.8502827515476383E-05,0,0
1,150,3600,1,5,20.452978134155273,0,0.0021984321065247059,0.082859650254249573,0,76.6134033203125,0,36.883922576904297,0.069765344262123108,0,0
1,150,3600,2,5,20.340469360351562,0,0.0002745030215010047,0.017568193376064301,0,69.282722473144531,0,37.363761901855469,0.1032143235206604,0,0
1,150,3600,3,5,19.998664855957031,0,0,0,0,57.709537506103516,0,33.683883666992188,0.11135053634643555,0,0
1,150,3600,4,5,20.032035827636719,0,0,0,0,61.845489501953125,0,32.334224700927734,0.17359088361263275,0,0
1,150,3600,5,5,20.116523742675781,0,0.0010881861671805382,0.042679697275161743,0,53.016639709472656,0,31.220928192138672,0.11123606562614441,0,0
1,150,3600,6,5,20.231803894042969,0,0,0,0,54.911785125732422,0,34.423786163330078,0.059693042188882828,0,0
1,150,3600,7,5,20.904573440551758,0,0.060079745948314667,0.66247791051864624,0,76.479011535644531,0,35.214824676513672,0.00020773107826244086,0,0
1,150,3600,0,6,21.077293395996094,0,0.026581577956676483,0.52708470821380615,0,78.067047119140625,0,34.250846862792969,0.00046131660928949714,0,0
1,150,3600,1,6,20.464786529541016,0,0,0,0,74.881790161132812,0,36.725833892822266,0.041862595826387405,0,0
1,150,3600,2,6,20.308628082275391,0,0,0,0,70.432624816894531,0,37.468490600585938,0.074211351573467255,0,0
1,150,3600,3,6,20.197809219360352,0,0.0014898104127496481,0.08834143728017807,0,64.619125366210938,0,35.222000122070312,0.075362667441368103,0,0
1,150,3600,4,6,20.226598739624023,0,0,0,0,53.490283966064453,0,31.315189361572266,0.07225373387336731,0,0
1,150,3600,5,6,20.253820419311523,0,0.0012930248631164432,0.082753591239452362,0,52.799797058105469,0,32.638317108154297,0.077036835253238678,0,0
1,150,3600,6,6,20.561071395874023,0,0,0,0,52.418746948242188,0,34.395240783691406,0.036571931093931198,0,0
1,150,3600,7,6,21.053512573242188,0,0.033700712025165558,0.68071210384368896,0,71.359626770019531,0,35.519046783447266,0.00018839752010535449,0,0
1,150,3600,0,7,20.980978012084961,0,0.023380570113658905,0.80706983804702759,0,74.90594482421875,0,35.107982635498047,6.8643239501398057E-05,0,0
1,150,3600,1,7,20.263055801391602,0,0.0056738592684268951,0.16795447468757629,0,74.7459716796875,0,36.307277679443359,0.010108610615134239,0,0
1,150,3600,2,7,20.226303100585938,0,0.015810851007699966,0.91646313667297363,0,77.770713806152344,0,36.969661712646484,0.022413929924368858,0,0
1,150,3600,3,7,20.44755744934082,0,0.0023634773679077625,0.12654879689216614,0,72.1490478515625,0,36.246078491210938,0.014672883786261082,0,0
1,150,3600,4,7,20.365154266357422,0,0.0062683364376425743,0.12067542970180511,0,70.739471435546875,0,36.229362487792969,0.023811573162674904,0,0
1,150,3600,5,7,20.467744827270508,0,0.0069679436273872852,0.16128171980381012,0,70.200759887695312,0,36.809322357177734,0.035791575908660889,0,0
1,150,3600,6,7,20.504711151123047,0,0.0032793721184134483,0.11002710461616516,0,67.0296630859375,0,37.694164276123047,0.017175642773509026,0,0
1,150,3600,7,7,21.042257308959961,0,0.012754837051033974,0.15094426274299622,0,74.291526794433594,0,37.906040191650391,0.00026650424115359783,0,0
1,165,3960,0,0,23.199708938598633,0,0.047529038041830063,0.72993820905685425,0,82.057266235351562,0,38.500740051269531,0.0001859325566329062,0,0
1,165,3960,1,0,23.343368530273438,0,0.016409458592534065,0.44819948077201843,0,79.149223327636719,0,39.487468719482422,4.6101621364869061E-07,0,0
1,165,3960,2,0,23.570114135742188,0,0.030233673751354218,0.77754402160644531,0,80.052879333496094,0,39.802337646484375,8.6804131591011746E-12,0,0
1,165,3960,3,0,23.651679992675781,0,0.029640946537256241,0.74248397350311279,0,78.003562927246094,0,40.083442687988281,2.4504035536665469E-05,0,0
1,165,3960,4,0,23.481090545654297,0,0.0065919393673539162,0.11630357056856155,0,76.095596313476562,0,40.048290252685547,3.2896325137699023E-05,0,0
1,165,3960,5,0,23.801837921142578,0,0.030986782163381577,0.6171945333480835,0,79.134658813476562,0,38.874393463134766,6.1689257563557476E-05,0,0
1,165,3960,6,0,23.718904495239258,0,0.0050645098090171814,0.089167281985282898,0,75.947456359863281,0,37.330150604248047,0.0004996799398213625,0,0
1,165,3960,7,0,23.938396453857422,0,0.0279951561242342,0.79998493194580078,0,81.040985107421875,0,36.280906677246094,4.118702418054454E-05,0,0
1,165,3960,0,1,22.889604568481445,0,0.025457823649048805,0.63770550489425659,0,80.997337341308594,0,36.519611358642578,0.0024308245629072189,0,0
1,165,3960,1,1,22.310293197631836,0,0.0011077361414209008,0.070895113050937653,0,71.854164123535156,0,37.151397705078125,0.016379602253437042,0,0
1,165,3960,2,1,22.202545166015625,0,0,0,0,65.358642578125,0,37.827262878417969,0.016701700165867805,0,0
1,165,3960,3,1,22.419527053833008,0,0,0,0,65.450263977050781,0,38.526123046875,0.0045553324744105339,0,0
1,165,3960,4,1,22.559761047363281,0,0,0,0,63.929477691650391,0,36.943016052246094,0.015304963104426861,0,0
1,165,3960,5,1,22.129444122314453,0,0.00019177544163540006,0.012273628264665604,0,63.679054260253906,0,35.877498626708984,0.033410392701625824,0,0
1,165,3960,6,1,21.984798431396484,0,0.00088953645899891853,0.036468382924795151,0,64.101112365722656,0,35.468395233154297,0.014914405532181263,0,0
1,165,3960,7,1,22.480276107788086,0,0.047147553414106369,0.64100879430770874,0,77.155220031738281,0,37.53680419921875,0.0001437725150026381,0,0
1,165,3960,0,2,23.006105422973633,0,0.095518693327903748,0.82939475774765015,0,89.940467834472656,0,36.106700897216797,0.0084266988560557365,0,0
1,165,3960,1,2,22.460975646972656,0,0.0031344317831099033,0.10312047600746155,0,67.459228515625,0,35.055339813232422,0.05920569971203804,0,0
1,165,3960,2,2,21.90046501159668,0,0,0,0,60.803691864013672,0,34.460071563720703,0.083990782499313354,0,0
1,165,3960,3,2,21.627033233642578,0,0.0013339228462427855,0.085371062159538269,0,63.389026641845703,0,34.562664031982422,0.11807338893413544,0,0
1,165,3960,4,2,21.539043426513672,0,0.0010416819714009762,0.066667646169662476,0,60.751132965087891,0,35.248287200927734,0.14078913629055023,0,0
1,165,3960,5,2,22.23655891418457,0,0.25042903423309326,15.983705520629883,0.015625,59.996036529541016,0,37.391559600830078,0.13501253724098206,0,0
1,165,3960,6,2,22.425970077514648,0,0.0014056784566491842,0.089963421225547791,0,57.464748382568359,0,37.270416259765625,0.051705162972211838,0,0
1,165,3960,7,2,23.139318466186523,0,0.015097623690962791,0.40602436661720276,0,82.785346984863281,0,40.114925384521484,0.0009942101314663887,0,0
1,165,3960,0,3,22.617713928222656,0,0.04018784686923027,0.86410689353942871,0,86.728309631347656,0,33.474102020263672,0.0050524557009339333,0,0
1,165,3960,1,3,21.731231689453125,0,0.0011978078400716186,0.076659701764583588,0,63.388504028320312,0,35.735580444335938,0.044743288308382034,0,0
1,165,3960,2,3,22.116247177124023,0,0.0012656593462452292,0.065259784460067749,0,60.06671142578125,0,38.411304473876953,0.075324028730392456,0,0
1,165,3960,3,3,22.078680038452148,0,0.0022140969522297382,0.071380175650119781,0,58.683303833007812,0,36.662776947021484,0.15439829230308533,0,0
1,165,3960,4,3,22.080406188964844,0,0,0,0,61.706466674804688,0,35.326206207275391,0.17814430594444275,0,0
1,165,3960,5,3,22.00206184387207,0,0,0,0,56.061897277832031,0,34.440402984619141,0.15018409490585327,0,0
1,165,3960,6,3,21.973867416381836,0,0,0,0,62.115249633789062,0,34.898651123046875,0.08729485422372818,0,0
1,165,3960,7,3,22.647920608520508,0,0.049588069319725037,0.84471529722213745,0,83.247932434082031,0,36.501213073730469,0.0045018075034022331,0,0
1,165,3960,0,4,23.516571044921875,0,0.04479498416185379,0.791340172290802,0,95.403480529785156,0,35.88458251953125,0.0019713391084223986,0,0
1,165,3960,1,4,22.59747314453125,0,0,0,0,75.338188171386719,0,38.114719390869141,0.056482154875993729,0,0
1,165,3960,2,4,22.373733520507812,0,0.0017153086373582482,0.094994887709617615,0,66.721817016601562,0,39.250167846679688,0.059565436094999313,0,0
1,165,3960,3,4,22.009819030761719,0,0,0,0,58.783332824707031,0,35.519821166992188,0.14861597120761871,0,0
1,165,3960,4,4,22.062055587768555,0,0,0,0,59.519371032714844,0,33.854114532470703,0.20511949062347412,0,0
1,165,3960,5,4,21.773775100708008,0,0,0,0,52.56365966796875,0,32.507175445556641,0.15556636452674866,0,0
1,165,3960,6,4,22.025739669799805,0,0.00019439781317487359,0.01022561639547348,0,55.702995300292969,0,32.249839782714844,0.077793702483177185,0,0
1,165,3960,7,4,22.55817985534668,0,0.037393156439065933,0.66004025936126709,0,78.113311767578125,0,36.542274475097656,0.0025037024170160294,0,0
1,165,3960,0,5,23.192888259887695,0,0.024981837719678879,0.40823912620544434,0,84.923866271972656,0,36.833656311035156,0.0014370008138939738,0,0
1,165,3960,1,5,22.343584060668945,0,0.0019909881521016359,0.076382622122764587,0,75.973045349121094,0,38.745811462402344,0.041431933641433716,0,0
1,165,3960,2,5,22.23304557800293,0,0.00018434831872582436,0.011798292398452759,0,68.599273681640625,0,39.055984497070312,0.073008403182029724,0,0
1,165,3960,3,5,21.884010314941406,0,0,0,0,57.193344116210938,0,35.121517181396484,0.14132899045944214,0,0
1,165,3960,4,5,21.926477432250977,0,0,0,0,61.314239501953125,0,33.97747802734375,0.14475519955158234,0,0
1,165,3960,5,5,22.004449844360352,0,0.00094951584469527006,0.037888858467340469,0,52.61767578125,0,32.464946746826172,0.079635493457317352,0,0
1,165,3960,6,5,22.123292922973633,0,0,0,0,54.415061950683594,0,35.707290649414062,0.036645196378231049,0,0
1,165,3960,7,5,22.814180374145508,0,0.028290359303355217,0.50229120254516602,0,75.969810485839844,0,37.068611145019531,1.8900503562235826E-07,0,0
1,165,3960,0,6,22.943674087524414,0,0.030399268493056297,0.50999563932418823,0,77.470199584960938,0,35.835639953613281,0.0037322808057069778,0,0
1,165,3960,1,6,22.355571746826172,0,0,0,0,74.135604858398438,0,38.564121246337891,0.048035632818937302,0,0
1,165,3960,2,6,22.199935913085938,0,0,0,0,69.73150634765625,0,39.175678253173828,0.085371412336826324,0,0
1,165,3960,3,6,22.08906364440918,0,0.0012887552147731185,0.082357332110404968,0,64.109794616699219,0,36.845546722412109,0.086973972618579865,0,0
1,165,3960,4,6,22.117116928100586,0,0,0,0,53.042568206787109,0,32.524250030517578,0.042714003473520279,0,0
1,165,3960,5,6,22.147748947143555,0,0.0012569110840559006,0.080442309379577637,0,52.413440704345703,0,33.844120025634766,0.02307758666574955,0,0
1,165,3960,6,6,22.452274322509766,0,0,0,0,51.921306610107422,0,35.548477172851562,0.014551947824656963,0,0
1,165,3960,7,6,22.972314834594727,0,0.021529708057641983,0.49218979477882385,0,70.839370727539062,0,37.331024169921875,0.0010409419192001224,0,0
1,165,3960,0,7,22.85197639465332,0,0.022844184190034866,0.79188412427902222,0,74.930435180664062,0,36.580169677734375,0.00012581860937643796,0,0
1,165,3960,1,7,22.1363525390625,0,0.0055891750380396843,0.1669393926858902,0,74.385345458984375,0,38.029689788818359,0.0074475412257015705,0,0
1,165,3960,2,7,22.106803894042969,0,0.01528632827103138,0.81292873620986938,0,77.157485961914062,0,38.853214263916016,0.021321605890989304,0,0
1,165,3960,3,7,22.322540283203125,0,0.0021974719129502773,0.12503272294998169,0,71.618522644042969,0,37.862781524658203,0.0077682053670287132,0,0
1,165,3960,4,7,22.24791145324707,0,0.006293643731623888,0.11887907236814499,0,70.462669372558594,0,37.8414306640625,0.0054927789606153965,0,0
1,165,3960,5,7,22.355068206787109,0,0.013341710902750492,0.56977921724319458,0,69.926322937011719,0,38.445121765136719,0.0050051519647240639,0,0
1,165,3960,6,7,22.385965347290039,0,0.0031825415790081024,0.10735677182674408,0,66.554450988769531,0,39.340351104736328,0.0096728112548589706,0,0
1,165,3960,7,7,22.955036163330078,0,0.017863526940345764,0.5117911696434021,0,74.325614929199219,0,39.702793121337891,6.3586025333961516E-11,0,0
1,180,4320,0,0,23.924343109130859,0,0.047217853367328644,0.63975667953491211,0,81.590415954589844,0,39.932571411132812,1.452498236176325E-05,0,0
1,180,4320,1,0,24.064798355102539,0,0.019380424171686172,0.44803380966186523,0,78.566696166992188,0,40.925914764404297,0.00013356101408135146,0,0
1,180,4320,2,0,24.293193817138672,0,0.034262698143720627,0.78659117221832275,0,79.607109069824219,0,41.264812469482422,0.00016071579011622816,0,0
1,180,4320,3,0,24.373729705810547,0,0.029498938471078873,0.75533676147460938,0,77.504135131835938,0,41.406845092773438,0.00016745620814617723,0,0
1,180,4320,4,0,24.201526641845703,0,0.0074994266033172607,0.12365768104791641,0,75.492156982421875,0,41.348594665527344,0.00032443396048620343,0,0
1,180,4320,5,0,24.524883270263672,0,0.033203579485416412,0.63798105716705322,0,78.696754455566406,0,40.235843658447266,0.00018911919323727489,0,0
1,180,4320,6,0,24.443216323852539,0,0.0058598294854164124,0.089303798973560333,0,75.552665710449219,0,38.643226623535156,0.00018226657994091511,0,0
1,180,4320,7,0,24.662425994873047,0,0.029489867389202118,0.80393832921981812,0,80.677291870117188,0,37.687515258789062,2.306840052312964E-09,0,0
1,180,4320,0,1,23.612516403198242,0,0.022175215184688568,0.57845646142959595,0,80.354263305664062,0,37.947402954101562,0.004007385578006506,0,0
1,180,4320,1,1,23.031955718994141,0,0.0012378580868244171,0.079222917556762695,0,71.176071166992188,0,38.643844604492188,0.031284309923648834,0,0
1,180,4320,2,1,22.923498153686523,0,0,0,0,64.656158447265625,0,39.222732543945312,0.04483504593372345,0,0
1,180,4320,3,1,23.139999389648438,0,0.0001413369900546968,0.0090455673635005951,0,64.76123046875,0,39.835773468017578,0.063214331865310669,0,0
1,180,4320,4,1,23.281147003173828,0,0,0,0,63.290042877197266,0,38.187519073486328,0.088040284812450409,0,0
1,180,4320,5,1,22.851247787475586,0,0.00031331815989688039,0.020052362233400345,0,63.029033660888672,0,37.244056701660156,0.095253750681877136,0,0
1,180,4320,6,1,22.707801818847656,0,0.00042918446706607938,0.0264553502202034,0,63.493843078613281,0,36.882186889648438,0.026097854599356651,0,0
1,180,4320,7,1,23.200662612915039,0,0.046957474201917648,0.66444581747055054,0,76.515525817871094,0,39.218421936035156,4.6201057557482272E-07,0,0
1,180,4320,0,2,23.732345581054688,0,0.086555421352386475,0.821513831615448,0,89.530899047851562,0,37.572578430175781,0.003048640675842762,0,0
1,180,4320,1,2,23.183778762817383,0,0.0018913655076175928,0.10137121379375458,0,66.868011474609375,0,36.512687683105469,0.030283531174063683,0,0
1,180,4320,2,2,22.623018264770508,0,0,0,0,60.152759552001953,0,35.935531616210938,0.041647396981716156,0,0
1,180,4320,3,2,22.350961685180664,0,0.00036613614065572619,0.023432713001966476,0,62.803970336914062,0,36.055183410644531,0.065843328833580017,0,0
1,180,4320,4,2,22.26365852355957,0,0.00090237153926864266,0.05775177851319313,0,60.235458374023438,0,36.545162200927734,0.1029275506734848,0,0
1,180,4320,5,2,22.960088729858398,0,0.27394586801528931,17.488264083862305,0.015625,59.471305847167969,0,38.509223937988281,0.11671116203069687,0,0
1,180,4320,6,2,23.150005340576172,0,0.0012574291322380304,0.080475464463233948,0,56.976303100585938,0,38.295604705810547,0.065478459000587463,0,0
1,180,4320,7,2,23.856945037841797,0,0.012865280732512474,0.42440071702003479,0,82.077812194824219,0,41.776451110839844,9.6382544143125415E-05,0,0
1,180,4320,0,3,23.339239120483398,0,0.034705996513366699,0.85522061586380005,0,85.900306701660156,0,34.986480712890625,0.0020344725344330072,0,0
1,180,4320,1,3,22.455070495605469,0,0.0012425736058503389,0.079524710774421692,0,62.810623168945312,0,37.226791381835938,0.018424862995743752,0,0
1,180,4320,2,3,22.839683532714844,0,0.0012391341151669621,0.066883936524391174,0,59.485969543457031,0,39.600200653076172,0.035641226917505264,0,0
1,180,4320,3,3,22.804239273071289,0,0.0024122395552694798,0.079264171421527863,0,58.236412048339844,0,37.818626403808594,0.064024627208709717,0,0
1,180,4320,4,3,22.803764343261719,0,0,0,0,61.133941650390625,0,36.519683837890625,0.07927781343460083,0,0
1,180,4320,5,3,22.726749420166016,0,0,0,0,55.549118041992188,0,35.4466552734375,0.082626163959503174,0,0
1,180,4320,6,3,22.69737434387207,0,0,0,0,61.550525665283203,0,36.081119537353516,0.040114540606737137,0,0
1,180,4320,7,3,23.366678237915039,0,0.03829304501414299,0.845134437084198,0,82.616851806640625,0,38.19244384765625,0.00038241632864810526,0,0
1,180,4320,0,4,24.242609024047852,0,0.041029013693332672,0.78931844234466553,0,94.875724792480469,0,37.296588897705078,0.00011286305380053818,0,0
1,180,4320,1,4,23.317344665527344,0,0.0011605988256633282,0.049471225589513779,0,74.608909606933594,0,39.561992645263672,0.019545145332813263,0,0
1,180,4320,2,4,23.096040725708008,0,0.0017304213251918554,0.09592803567647934,0,66.1146240234375,0,40.496467590332031,0.036088414490222931,0,0
1,180,4320,3,4,22.733518600463867,0,0,0,0,58.216129302978516,0,36.723468780517578,0.058334939181804657,0,0
1,180,4320,4,4,22.786062240600586,0,0,0,0,58.979652404785156,0,35.033611297607422,0.062616772949695587,0,0
1,180,4320,5,4,22.499567031860352,0,0,0,0,52.100624084472656,0,33.441909790039062,0.047553297132253647,0,0
1,180,4320,6,4,22.751180648803711,0,0,0,0,55.222381591796875,0,33.239589691162109,0.035712935030460358,0,0
1,180,4320,7,4,23.280488967895508,0,0.035014782100915909,0.67539387941360474,0,77.562179565429688,0,38.035972595214844,0.0034561250358819962,0.015625,0.00093970808666199446
1,180,4320,0,5,23.916654586791992,0,0.019547095522284508,0.36730188131332397,0,84.3011474609375,0,38.253021240234375,2.7430913178250194E-05,0,0
1,180,4320,1,5,23.064510345458984,0,0.0012630792334675789,0.047717440873384476,0,75.271385192871094,0,40.222095489501953,0.011679312214255333,0,0
1,180,4320,2,5,22.953104019165039,0,0.00022217171499505639,0.014218989759683609,0,67.883079528808594,0,40.353473663330078,0.02420126274228096,0,0
1,180,4320,3,5,22.608488082885742,0,0,0,0,56.655345916748047,0,36.201805114746094,0.014461015351116657,0,0
1,180,4320,4,5,22.650087356567383,0,0,0,0,60.756153106689453,0,35.220947265625,0.0089282803237438202,0,0
1,180,4320,5,5,22.731061935424805,0,0.0010864268988370895,0.042747620493173599,0,52.197235107421875,0,33.377033233642578,0.013149742968380451,0,0
1,180,4320,6,5,22.847423553466797,0,0,0,0,53.899585723876953,0,36.634914398193359,0.0064158271998167038,0,0
1,180,4320,7,5,23.536777496337891,0,0.02463824488222599,0.49465417861938477,0,75.432647705078125,0,38.460472106933594,5.015129289631659E-08,0,0
1,180,4320,0,6,23.667325973510742,0,0.024621203541755676,0.42411315441131592,0,76.824653625488281,0,37.279201507568359,2.2245534637477249E-05,0,0
1,180,4320,1,6,23.074979782104492,0,0,0,0,73.353622436523438,0,40.0186767578125,0.0017267500516027212,0,0
1,180,4320,2,6,22.9197998046875,0,0,0,0,68.999618530273438,0,40.486953735351562,0.0025715834926813841,0,0
1,180,4320,3,6,22.812871932983398,0,0.0014405336696654558,0.088671289384365082,0,63.566577911376953,0,38.088844299316406,0.0016145509434863925,0,0
1,180,4320,4,6,22.842565536499023,0,0,0,0,52.576736450195312,0,33.404304504394531,0.0053778304718434811,0,0
1,180,4320,5,6,22.874658584594727,0,0.0023794181179255247,0.086168661713600159,0,52.047576904296875,0,34.723518371582031,0.0035094998311251402,0,0
1,180,4320,6,6,23.176218032836914,0,0,0,0,51.406513214111328,0,36.440753936767578,0.00022923192591406405,0,0
1,180,4320,7,6,23.692438125610352,0,0.014947672374546528,0.51670247316360474,0,70.239616394042969,0,38.673679351806641,7.8325022911940323E-08,0,0
1,180,4320,0,7,23.586299896240234,0,0.02125275507569313,0.72408455610275269,0,74.877784729003906,0,37.958431243896484,1.786935044378879E-10,0,0
1,180,4320,1,7,22.864097595214844,0,0.012450933456420898,0.61076313257217407,0,73.925643920898438,0,39.474971771240234,4.0425482438877225E-05,0,0
1,180,4320,2,7,22.829978942871094,0,0.013941246084868908,0.73132622241973877,0,76.55584716796875,0,40.347713470458984,0.00010781487799249589,0,0
1,180,4320,3,7,23.047258377075195,0,0.0020293071866035461,0.11608054488897324,0,71.050605773925781,0,39.205307006835938,4.7241337597370148E-05,0,0
1,180,4320,4,7,22.976417541503906,0,0.0062211691401898861,0.11737029254436493,0,70.139198303222656,0,39.166278839111328,5.8756762882694602E-05,0,0
1,180,4320,5,7,23.080291748046875,0,0.012364218011498451,0.53903084993362427,0,69.446441650390625,0,39.780235290527344,0.00038884853711351752,0,0
1,180,4320,6,7,23.110645294189453,0,0.0021169078536331654,0.095620632171630859,0,66.037193298339844,0,40.689792633056641,6.2275488744489849E-05,0,0
1,180,4320,7,7,23.685630798339844,0,0.018302617594599724,0.53851604461669922,0,74.279991149902344,0,41.139564514160156,1.5390699131812013E-11,0,0
1,195,4680,0,0,28.041707992553711,0,0.040583569556474686,0.58235681056976318,0,81.094612121582031,0,41.274906158447266,9.1073161456733942E-06,0,0
1,195,4680,1,0,28.162229537963867,0,0.018869256600737572,0.43211662769317627,0,77.985404968261719,0,42.254631042480469,0.00037922002957202494,0,0
1,195,4680,2,0,28.382001876831055,0,0.033243689686059952,0.77185100317001343,0,79.128326416015625,0,42.597267150878906,0.0036662840284407139,0,0
1,195,4680,3,0,28.468538284301758,0,0.027560161426663399,0.73538219928741455,0,76.960258483886719,0,42.618900299072266,0.0090897958725690842,0,0
1,195,4680,4,0,28.302270889282227,0,0.0070853275246918201,0.11949390172958374,0,74.89373779296875,0,42.554523468017578,0.010301640257239342,0,0
1,195,4680,5,0,28.613407135009766,0,0.029598042368888855,0.59961700439453125,0,78.220268249511719,0,41.475696563720703,0.0056138685904443264,0,0
1,195,4680,6,0,28.543783187866211,0,0.0048660309985280037,0.085178926587104797,0,75.133316040039062,0,39.854991912841797,0.0015335277421399951,0,0
1,195,4680,7,0,28.740734100341797,0,0.028238566592335701,0.79737114906311035,0,80.249160766601562,0,38.970203399658203,5.7258137076132698E-07,0,0
1,195,4680,0,1,27.746894836425781,0,0.016357716172933578,0.45691102743148804,0,79.718879699707031,0,39.315841674804688,3.6399898817762733E-05,0,0
1,195,4680,1,1,27.15324592590332,0,0.0011126045137643814,0.07120668888092041,0,70.49566650390625,0,40.084888458251953,0.00091461057309061289,0,0
1,195,4680,2,1,27.046546936035156,0,0,0,0,63.954570770263672,0,40.557929992675781,0.014040444046258926,0,0
1,195,4680,3,1,27.256357192993164,0,0.00011797953629866242,0.0075506903231143951,0,64.074691772460938,0,41.071094512939453,0.04466446116566658,0,0
1,195,4680,4,1,27.39808464050293,0,0,0,0,62.660518646240234,0,39.334117889404297,0.066983990371227264,0,0
1,195,4680,5,1,26.974636077880859,0,0.0002343730884604156,0.014999877661466599,0,62.376995086669922,0,38.514598846435547,0.048403214663267136,0,0
1,195,4680,6,1,26.835172653198242,0,0.00027538964059203863,0.017624936997890472,0,62.864818572998047,0,38.171688079833984,0.007990972138941288,0,0
1,195,4680,7,1,27.290561676025391,0,0.040333230048418045,0.61750930547714233,0,75.768295288085938,0,40.763236999511719,3.3087959309341386E-05,0,0
1,195,4680,0,2,27.866758346557617,0,0.056595269590616226,0.72701370716094971,0,89.0546875,0,38.972515106201172,6.156636800369597E-07,0,0
1,195,4680,1,2,27.302824020385742,0,0.00047158327652141452,0.030181329697370529,0,66.173362731933594,0,37.896347045898438,0.00040451341192238033,0,0
1,195,4680,2,2,26.753606796264648,0,0,0,0,59.498908996582031,0,37.316707611083984,0.0058810794726014137,0,0
1,195,4680,3,2,26.484275817871094,0,7.5194577220827341E-05,0.0048124529421329498,0,62.169090270996094,0,37.434986114501953,0.032854478806257248,0,0
1,195,4680,4,2,26.393955230712891,0,0.00075206451583653688,0.048132129013538361,0,59.712997436523438,0,37.729282379150391,0.059193987399339676,0,0
1,195,4680,5,2,27.081230163574219,0,0.29495519399642944,18.83448600769043,0.015625,58.950386047363281,0,39.522163391113281,0.043349031358957291,0,0
1,195,4680,6,2,27.273082733154297,0,0.00092676922213286161,0.059313230216503143,0,56.482147216796875,0,39.220489501953125,0.024670753628015518,0,0
1,195,4680,7,2,27.926006317138672,0,0.010020915418863297,0.36656445264816284,0,81.3616943359375,0,43.294834136962891,0.00015125305799301714,0,0
1,195,4680,0,3,27.489557266235352,0,0.031924355775117874,0.84382081031799316,0,85.197433471679688,0,36.404655456542969,2.8035114155500196E-05,0,0
1,195,4680,1,3,26.587902069091797,0,0.00064983702031895518,0.041589569300413132,0,62.225833892822266,0,38.629463195800781,0.0020394609309732914,0,0
1,195,4680,2,3,26.977025985717773,0,0.001927796402014792,0.064374573528766632,0,58.919498443603516,0,40.724323272705078,0.0093065127730369568,0,0
1,195,4680,3,3,26.936023712158203,0,0.0022498522885143757,0.072180509567260742,0,57.79296875,0,38.902877807617188,0.033441059291362762,0,0
1,195,4680,4,3,26.930173873901367,0,0,0,0,60.563022613525391,0,37.641799926757812,0.041815254837274551,0,0
1,195,4680,5,3,26.860019683837891,0,0,0,0,55.039924621582031,0,36.369991302490234,0.035301420837640762,0,0
1,195,4680,6,3,26.821836471557617,0,0,0,0,60.987251281738281,0,37.180286407470703,0.025144830346107483,0,0
1,195,4680,7,3,27.44499397277832,0,0.033655576407909393,0.83822578191757202,0,81.770339965820312,0,39.740531921386719,0.0034752178471535444,0,0
1,195,4680,0,4,28.384494781494141,0,0.030762270092964172,0.65360540151596069,0,94.332527160644531,0,38.644935607910156,2.2334943139412644E-07,0,0
1,195,4680,1,4,27.427824020385742,0,0.0016316380351781845,0.046067051589488983,0,73.906082153320312,0,40.948032379150391,0.0045981621369719505,0,0
1,195,4680,2,4,27.221412658691406,0,0.00084807671373710036,0.043065842241048813,0,65.494384765625,0,41.686141967773438,0.018251024186611176,0,0
1,195,4680,3,4,26.86334228515625,0,0.00065474410075694323,0.041903622448444366,0,57.684436798095703,0,37.850078582763672,0.03163350373506546,0,0
1,195,4680,4,4,26.912221908569336,0,0,0,0,58.440834045410156,0,36.135791778564453,0.035555623471736908,0,0
1,195,4680,5,4,26.634763717651367,0,0,0,0,51.640979766845703,0,34.278564453125,0.030829096212983131,0,0
1,195,4680,6,4,26.885553359985352,0,0,0,0,54.740745544433594,0,34.137275695800781,0.023731520399451256,0,0.00016340339789167047
1,195,4680,7,4,27.379659652709961,0,0.021921303123235703,0.57003360986709595,0,76.978065490722656,0,39.379447937011719,0.0030590803362429142,0,0.0052820160053670406
1,195,4680,0,5,28.060371398925781,0,0.010739722289144993,0.1612565815448761,0,83.672615051269531,0,39.611778259277344,2.7254137080490182E-07,0,0
1,195,4680,1,5,27.182415008544922,0,0.000822905742097646,0.037933215498924255,0,74.518325805664062,0,41.639434814453125,0.0025810664519667625,0,0
1,195,4680,2,5,27.069847106933594,0,0.00011447659926488996,0.0073265023529529572,0,67.170021057128906,0,41.585197448730469,0.0096448669210076332,0,0
1,195,4680,3,5,26.743759155273438,0,0,0,0,56.120403289794922,0,37.204292297363281,0.0034850568044930696,0,0
1,195,4680,4,5,26.773721694946289,0,0,0,0,60.198196411132812,0,36.384208679199219,0.025011774152517319,0,0
1,195,4680,5,5,26.869012832641602,0,0.00097910722251981497,0.03986898809671402,0,51.779975891113281,0,34.186763763427734,0.028812376782298088,0,0
1,195,4680,6,5,26.976802825927734,0,0,0,0,53.389785766601562,0,37.46435546875,0.010381372645497322,0,0
1,195,4680,7,5,27.632137298583984,0,0.019902609288692474,0.40194627642631531,0,74.89678955078125,0,39.736465454101562,8.8793267423170619E-06,0,0
1,195,4680,0,6,27.813697814941406,0,0.014005325734615326,0.27103802561759949,0,76.146255493164062,0,38.665706634521484,1.989162967674929E-08,0,0
1,195,4680,1,6,27.19061279296875,0,0,0,0,72.571792602539062,0,41.414890289306641,0.0001373399281874299,0,0
1,195,4680,2,6,27.037134170532227,0,0,0,0,68.270896911621094,0,41.738864898681641,0.00010381753236288205,0,0
1,195,4680,3,6,26.939289093017578,0,0.0012632191646844149,0.080846026539802551,0,63.026477813720703,0,39.257259368896484,0.00024973516701720655,0,0
1,195,4680,4,6,26.975536346435547,0,0,0,0,52.114845275878906,0,34.18231201171875,0.0044222823344171047,0,0
1,195,4680,5,6,27.00678825378418,0,0.0024521145969629288,0.082462809979915619,0,51.708011627197266,0,35.512672424316406,0.0044727534987032413,0,0
1,195,4680,6,6,27.306003570556641,0,0,0,0,50.897968292236328,0,37.238571166992188,0.0069252261891961098,0,0
1,195,4680,7,6,27.781068801879883,0,0.012005806900560856,0.42633518576622009,0,69.607307434082031,0,39.890350341796875,0.00025930479750968516,0,0
1,195,4680,0,7,27.748908996582031,0,0.019024349749088287,0.60075640678405762,0,74.7764892578125,0,39.268386840820312,9.8313884810963259E-11,0,0
1,195,4680,1,7,27.010862350463867,0,0.011142109520733356,0.48848283290863037,0,73.383758544921875,0,40.85491943359375,2.7778661593202969E-09,0,0
1,195,4680,2,7,26.961406707763672,0,0.011607373133301735,0.59720641374588013,0,75.952163696289062,0,41.752922058105469,8.8922527110776861E-13,0,0
1,195,4680,3,7,27.188455581665039,0,0.00063963123830035329,0.03394760936498642,0,70.424118041992188,0,40.451900482177734,1.189906750909131E-08,0,0
1,195,4680,4,7,27.118753433227539,0,0.0057604750618338585,0.11003261059522629,0,69.816986083984375,0,40.417091369628906,3.470362841540009E-08,0,0
1,195,4680,5,7,27.215286254882812,0,0.010330819524824619,0.43790119886398315,0,68.966651916503906,0,41.025081634521484,5.5670509027549997E-05,0,0
1,195,4680,6,7,27.247106552124023,0,0.0013950543943792582,0.089283481240272522,0,65.4256591796875,0,41.931045532226562,0.00027900902205146849,0,0
1,195,4680,7,7,27.801092147827148,0,0.015914753079414368,0.48808243870735168,0,74.199951171875,0,42.462985992431641,2.1305242015046133E-09,0,0
1,210,5040,0,0,22.016902923583984,0,0.053788036108016968,0.73216515779495239,0,81.967910766601562,0,41.838214874267578,0.00079508888302370906,0,0
1,210,5040,1,0,22.092294692993164,0,0.027189932763576508,0.58315485715866089,0,78.595436096191406,0,42.911495208740234,0.0039176666177809238,0,0
1,210,5040,2,0,22.301792144775391,0,0.042679321020841599,0.81469446420669556,0,80.191108703613281,0,43.249553680419922,0.002733767032623291,0,0
1,210,5040,3,0,22.391473770141602,0,0.035434011369943619,0.80404496192932129,0,77.538505554199219,0,43.138397216796875,0.00060561485588550568,0,0
1,210,5040,4,0,22.236204147338867,0,0.0091357547789812088,0.19923250377178192,0,75.578338623046875,0,43.051528930664062,0.00064397143432870507,0,0
1,210,5040,5,0,22.524652481079102,0,0.045300893485546112,0.74974995851516724,0,78.669776916503906,0,42.039070129394531,0.00028736851527355611,0,0
1,210,5040,6,0,22.479995727539062,0,0.0045074624940752983,0.13154122233390808,0,76.417617797851562,0,40.383293151855469,2.0632935360254123E-09,0,0
1,210,5040,7,0,22.647817611694336,0,0.03442966565489769,0.80763226747512817,0,81.631103515625,0,39.571765899658203,0.00013368079089559615,0,0
1,210,5040,0,1,21.728853225708008,0,0.022914065048098564,0.61829280853271484,0,79.120880126953125,0,39.911182403564453,0.0011052866466343403,0,0
1,210,5040,1,1,21.105428695678711,0,0.0011085867881774902,0.070949554443359375,0,69.855453491210938,0,40.835090637207031,0.014150508679449558,0,0
1,210,5040,2,1,20.996442794799805,0,0,0,0,63.295272827148438,0,41.211627960205078,0.027285844087600708,0,0
1,210,5040,3,1,21.192964553833008,0,8.5567706264555454E-05,0.0054763332009315491,0,63.42938232421875,0,41.641468048095703,0.014364438131451607,0,0
1,210,5040,4,1,21.330463409423828,0,0,0,0,62.062610626220703,0,39.832687377929688,0.0031404651235789061,0,0
1,210,5040,5,1,20.921821594238281,0,0.00024167564697563648,0.015467241406440735,0,61.762718200683594,0,39.125835418701172,0.0033729358110576868,0,0
1,210,5040,6,1,20.791664123535156,0,0.0002812269376590848,0.017998524010181427,0,62.2508544921875,0,38.721904754638672,0.0027563606854528189,0,0
1,210,5040,7,1,21.215034484863281,0,0.051950961351394653,0.71300077438354492,0,75.631263732910156,0,41.450008392333984,2.0003652423383755E-07,0,0
1,210,5040,0,2,21.865854263305664,0,0.071858398616313934,0.82085675001144409,0,88.564208984375,0,39.530483245849609,4.0925388020696118E-05,0,0
1,210,5040,1,2,21.242542266845703,0,0.0002448952873237431,0.015673298388719559,0,65.4591064453125,0,38.654502868652344,0.0071885380893945694,0,0
1,210,5040,2,2,20.710350036621094,0,0,0,0,58.882064819335938,0,38.051197052001953,0.023450359702110291,0,0
1,210,5040,3,2,20.447488784790039,0,9.2358095571398735E-06,0.0005910918116569519,0,61.565597534179688,0,38.142196655273438,0.025353115051984787,0,0
1,210,5040,4,2,20.353816986083984,0,0.00083747005555778742,0.053598083555698395,0,59.220417022705078,0,38.24462890625,0.03993544727563858,0,0
1,210,5040,5,2,21.025182723999023,0,0.30731344223022461,19.557281494140625,0.015625,58.504188537597656,0,39.865978240966797,0.020647665485739708,0,0
1,210,5040,6,2,21.210386276245117,0,0.00055569550022482872,0.035564512014389038,0,55.993190765380859,0,39.522930145263672,0.0060837571509182453,0,0
1,210,5040,7,2,21.808135986328125,0,0.015169620513916016,0.51384264230728149,0,81.322669982910156,0,44.084701538085938,2.685928120627068E-05,0,0
1,210,5040,0,3,21.505374908447266,0,0.03503776341676712,0.84550219774246216,0,84.438545227050781,0,36.992050170898438,0.00010435569856781512,0,0
1,210,5040,1,3,20.555362701416016,0,0,0,0,61.616325378417969,0,39.262912750244141,0.011524567380547523,0,0
1,210,5040,2,3,20.947549819946289,0,0.0029315820429474115,0.066918902099132538,0,58.451053619384766,0,41.114273071289062,0.022278487682342529,0,0
1,210,5040,3,3,20.891374588012695,0,0.0022798017598688602,0.073404967784881592,0,57.388450622558594,0,39.369827270507812,0.042669899761676788,0,0
1,210,5040,4,3,20.880867004394531,0,0,0,0,60.027019500732422,0,38.155220031738281,0.11245638132095337,0,0
1,210,5040,5,3,20.816282272338867,0,0,0,0,54.563362121582031,0,36.711162567138672,0.069968260824680328,0,0
1,210,5040,6,3,20.769573211669922,0,0,0,0,60.45855712890625,0,37.694995880126953,0.025606501847505569,0,0
1,210,5040,7,3,21.348684310913086,0,0.035747621208429337,0.85774362087249756,0,81.487884521484375,0,40.538486480712891,0.0016469201073050499,0,0
1,210,5040,0,4,22.391826629638672,0,0.04029499739408493,0.78792881965637207,0,93.815673828125,0,39.102588653564453,3.058352831430966E-06,0,0
1,210,5040,1,4,21.363012313842773,0,0.0017974535003304482,0.050608307123184204,0,73.243194580078125,0,41.660976409912109,0.012808678671717644,0,0
1,210,5040,2,4,21.173389434814453,0,0,0,0,64.836280822753906,0,42.191375732421875,0.031543269753456116,0,0
1,210,5040,3,4,20.815902709960938,0,0.00062350148800760508,0.039904095232486725,0,57.185871124267578,0,38.382266998291016,0.031026756390929222,0,0
1,210,5040,4,4,20.859699249267578,0,0,0,0,57.934547424316406,0,36.655326843261719,0.036711439490318298,0,0
1,210,5040,5,4,20.592214584350586,0,0,0,0,51.211612701416016,0,34.553409576416016,0.038263477385044098,0,0
1,210,5040,6,4,20.84564208984375,0,0,0,0,54.289882659912109,0,34.400318145751953,0.031757328659296036,0,0.00015821187116671354
1,210,5040,7,4,21.302848815917969,0,0.026235887780785561,0.69741553068161011,0,76.736808776855469,0,40.027851104736328,0.0028816454578191042,0,0.0051124319434165955
1,210,5040,0,5,22.061862945556641,0,0.018980251625180244,0.38801145553588867,0,83.095130920410156,0,40.091033935546875,5.5826708376116585E-06,0,0
1,210,5040,1,5,21.132246017456055,0,0.0010025268420577049,0.039454255253076553,0,73.816596984863281,0,42.387706756591797,0.011198291555047035,0,0
1,210,5040,2,5,21.011367797851562,0,0.00062058668117970228,0.03092961385846138,0,66.504722595214844,0,42.177677154541016,0.017019661143422127,0,0
1,210,5040,3,5,20.705764770507812,0,0,0,0,55.619190216064453,0,37.606269836425781,0.0099453246220946312,0,0
1,210,5040,4,5,20.720497131347656,0,0,0,0,59.674034118652344,0,36.949325561523438,0.022012649103999138,0,0
1,210,5040,5,5,20.831216812133789,0,0.00096712866798043251,0.039088103920221329,0,51.391704559326172,0,34.373409271240234,0.017527006566524506,0,0
1,210,5040,6,5,20.927310943603516,0,0,0,0,52.915805816650391,0,37.632968902587891,0.0050997021608054638,0,0
1,210,5040,7,5,21.554847717285156,0,0.025331631302833557,0.52789419889450073,0,74.769264221191406,0,40.228256225585938,2.3438669813913293E-05,0,0
1,210,5040,0,6,21.832416534423828,0,0.023534936830401421,0.43758669495582581,0,76.554061889648438,0,39.203498840332031,7.1937670043098478E-08,0,0
1,210,5040,1,6,21.135171890258789,0,0.00036395905772224069,0.023293379694223404,0,71.84185791015625,0,42.151683807373047,0.0038557224906980991,0,0
1,210,5040,2,6,20.981317520141602,0,0,0,0,67.587547302246094,0,42.346267700195312,0.00081942527322098613,0,0
1,210,5040,3,6,20.893167495727539,0,0.0013010223628953099,0.083265431225299835,0,62.523838043212891,0,39.760986328125,0.0024611467961221933,0,0
1,210,5040,4,6,20.92906379699707,0,0,0,0,51.684394836425781,0,34.357757568359375,0.0085080880671739578,0,0
1,210,5040,5,6,20.957902908325195,0,0.0024079571012407541,0.082966893911361694,0,51.400547027587891,0,35.676582336425781,0.0069982516579329967,0,0
1,210,5040,6,6,21.254772186279297,0,0.00061205960810184479,0.039171814918518066,0,50.444217681884766,0,37.313930511474609,0.011028267443180084,0,0
1,210,5040,7,6,21.690216064453125,0,0.015796557068824768,0.54743874073028564,0,69.634346008300781,0,40.334793090820312,0.0014291841071099043,0,0
1,210,5040,0,7,21.804435729980469,0,0.035196993499994278,0.75955581665039062,0,76.698219299316406,0,39.590309143066406,1.1711177876086017E-19,0,0
1,210,5040,1,7,21.028417587280273,0,0.0094299493357539177,0.32882082462310791,0,73.839424133300781,0,41.339935302734375,2.3661884895886942E-08,0,0
1,210,5040,2,7,20.956033706665039,0,0.013521579094231129,0.7151796817779541,0,76.196502685546875,0,42.271686553955078,8.769343584624778E-11,0,0
1,210,5040,3,7,21.19007682800293,0,0.00029343762435019016,0.0094822794198989868,0,70.529930114746094,0,40.777778625488281,1.7011997499594145E-07,0,0
1,210,5040,4,7,21.119960784912109,0,0.0058680311776697636,0.1118171215057373,0,70.342155456542969,0,40.788295745849609,1.008649905998027E-05,0,0
1,210,5040,5,7,21.205162048339844,0,0.011752146296203136,0.55997085571289062,0,69.227119445800781,0,41.350349426269531,0.00010845126234926283,0,0
1,210,5040,6,7,21.239561080932617,0,0.0014293647836893797,0.0914793461561203,0,65.629829406738281,0,42.175018310546875,8.8404864072799683E-05,0,0
1,210,5040,7,7,21.771465301513672,0,0.018412590026855469,0.60654604434967041,0,75.756317138671875,0,42.797859191894531,3.9005814876037392E-21,0,0
1,225,5400,0,0,18.613744735717773,0,0.059387743473052979,0.76862484216690063,0,81.605865478515625,0,46.739627838134766,0.0014713052660226822,0,0
1,225,5400,1,0,18.634374618530273,0,0.032730028033256531,0.59338438510894775,0,77.890235900878906,0,48.147056579589844,0.0068263770081102848,0,0
1,225,5400,2,0,18.825353622436523,0,0.050848633050918579,0.81460607051849365,0,79.827346801757812,0,48.585197448730469,0.0014163312735036016,0,0
1,225,5400,3,0,18.928987503051758,0,0.040468420833349228,0.80492126941680908,0,77.062278747558594,0,48.152790069580078,0.00042593435500748456,0,0
1,225,5400,4,0,18.789545059204102,0,0.017099102959036827,0.47356921434402466,0,75.044387817382812,0,47.977748870849609,0.0036904048174619675,0,0
1,225,5400,5,0,19.047998428344727,0,0.055464539676904678,0.77775335311889648,0,78.239883422851562,0,47.085197448730469,0.0010844866046682,0,0
1,225,5400,6,0,19.022014617919922,0,0.0081255966797471046,0.36445030570030212,0,75.927581787109375,0,45.148468017578125,2.01853223025239E-09,0,0
1,225,5400,7,0,19.150657653808594,0,0.035809777677059174,0.81468158960342407,0,81.280342102050781,0,44.593719482421875,0.00013775927072856575,0,0
1,225,5400,0,1,18.366758346557617,0,0.033735893666744232,0.68258821964263916,0,78.545013427734375,0,44.603248596191406,0.012706220149993896,0,0
1,225,5400,1,1,17.721887588500977,0,0.00107292749453336,0.06866735965013504,0,69.265243530273438,0,46.080394744873047,0.07545364648103714,0,0
1,225,5400,2,1,17.614837646484375,0,0,0,0,62.675182342529297,0,46.250419616699219,0.10298340767621994,0,0
1,225,5400,3,1,17.791717529296875,0,0.00046369072515517473,0.023497357964515686,0,62.843318939208984,0,46.536819458007812,0.020607383921742439,0,0
1,225,5400,4,1,17.917116165161133,0,0,0,0,61.501392364501953,0,44.402153015136719,0.0075910813175141811,0,0
1,225,5400,5,1,17.475915908813477,0,0.00030074885580688715,0.019247926771640778,0,61.191143035888672,0,43.915439605712891,0.0073736603371798992,0,0
1,225,5400,6,1,17.434120178222656,0,0.00031586224213242531,0.02021518349647522,0,61.677509307861328,0,43.454917907714844,0.0027588927187025547,0,0
1,225,5400,7,1,17.797723770141602,0,0.051167335361242294,0.76050293445587158,0,74.957382202148438,0,46.972476959228516,3.546579364410718E-06,0,0
1,225,5400,0,2,18.518289566040039,0,0.092321142554283142,0.83981931209564209,0,88.140914916992188,0,44.253791809082031,0.0078335003927350044,0,0
1,225,5400,1,2,17.838659286499023,0,0.00071376695996150374,0.036849979311227798,0,64.805328369140625,0,43.623809814453125,0.039468105882406235,0,0
1,225,5400,2,2,17.340299606323242,0,0,0,0,58.297866821289062,0,42.936576843261719,0.043714456260204315,0,0
1,225,5400,3,2,17.093986511230469,0,4.9899390432983637E-05,0.0031935609877109528,0,60.997776031494141,0,43.021999359130859,0.034864898771047592,0,0
1,225,5400,4,2,16.995912551879883,0,0.00090680952416732907,0.058035809546709061,0,58.776317596435547,0,42.761104583740234,0.036572106182575226,0,0
1,225,5400,5,2,17.496789932250977,0,0.39326643943786621,24.961935043334961,0.015625,58.159965515136719,0,44.186244964599609,0.020234234631061554,0,0
1,225,5400,6,2,17.756626129150391,0,0.0002809918369166553,0.017983477562665939,0,55.527011871337891,0,43.599597930908203,0.010187773033976555,0,0
1,225,5400,7,2,18.317087173461914,0,0.027189558371901512,0.6569628119468689,0,80.595115661621094,0,49.893939971923828,0.00024397409288212657,0,0
1,225,5400,0,3,18.196029663085938,0,0.053878389298915863,0.85215985774993896,0,83.381851196289062,0,41.623313903808594,0.0022596339695155621,0,0
1,225,5400,1,3,17.216018676757812,0,0,0,0,61.034172058105469,0,44.211750030517578,0.04703642800450325,0,0
1,225,5400,2,3,17.599851608276367,0,0.0028636010829359293,0.066834136843681335,0,58.094215393066406,0,45.609851837158203,0.09598984569311142,0,0
1,225,5400,3,3,17.517339706420898,0,0.0023388727568089962,0.075766175985336304,0,57.039161682128906,0,43.765316009521484,0.086334057152271271,0,0
1,225,5400,4,3,17.50111198425293,0,0,0,0,59.524112701416016,0,42.58807373046875,0.098395407199859619,0,0
1,225,5400,5,3,17.445255279541016,0,0,0,0,54.118732452392578,0,40.607322692871094,0.060833074152469635,0,0
1,225,5400,6,3,17.386146545410156,0,0,0,0,59.962345123291016,0,42.093906402587891,0.011354736052453518,0,0
1,225,5400,7,3,17.892393112182617,0,0.042356930673122406,0.88188761472702026,0,80.605545043945312,0,45.950443267822266,0.00058111600810661912,0,0
1,225,5400,0,4,19.045669555664062,0,0.053013365715742111,0.78869056701660156,0,93.378021240234375,0,43.449043273925781,0.00014352700964082032,0,0
1,225,5400,1,4,17.953254699707031,0,0.0023994354996830225,0.050399787724018097,0,72.661491394042969,0,46.904598236083984,0.010991652496159077,0,0
1,225,5400,2,4,17.790367126464844,0,0,0,0,64.208847045898438,0,46.970745086669922,0.054531607776880264,0,0
1,225,5400,3,4,17.43852424621582,0,0.00060451537137851119,0.038688983768224716,0,56.728752136230469,0,42.801822662353516,0.070102162659168243,0,0
1,225,5400,4,4,17.476285934448242,0,0,0,0,57.459121704101562,0,40.95001220703125,0.088813744485378265,0,0
1,225,5400,5,4,17.22784423828125,0,0,0,0,50.811805725097656,0,38.171958923339844,0.05443287268280983,0,0
1,225,5400,6,4,17.485391616821289,0,0,0,0,53.869678497314453,0,38.094738006591797,0.014991897158324718,0,0.00015315630298573524
1,225,5400,7,4,17.872787475585938,0,0.023941725492477417,0.75695270299911499,0,76.040115356445312,0,45.155555725097656,0.00077114562736824155,0,0.0049466509371995926
1,225,5400,0,5,18.719430923461914,0,0.034355226904153824,0.47282934188842773,0,82.550712585449219,0,44.513015747070312,2.9136172088328749E-05,0,0
1,225,5400,1,5,17.740724563598633,0,0.00097284925868734717,0.034816473722457886,0,73.1715087890625,0,47.715385437011719,0.013741080649197102,0,0
1,225,5400,2,5,17.61650276184082,0,0.0013231877237558365,0.0507843978703022,0,65.931869506835938,0,47.164710998535156,0.045987006276845932,0,0
1,225,5400,3,5,17.343423843383789,0,0,0,0,55.150577545166016,0,41.719936370849609,0.093860901892185211,0,0
1,225,5400,4,5,17.339149475097656,0,0,0,0,59.181167602539062,0,41.440284729003906,0.055175729095935822,0,0
1,225,5400,5,5,17.473634719848633,0,0.0011739889159798622,0.046356659382581711,0,51.054584503173828,0,37.872470855712891,0.028137467801570892,0,0
1,225,5400,6,5,17.555599212646484,0,0,0,0,52.476921081542969,0,41.435230255126953,0.0042365309782326221,0,0
1,225,5400,7,5,18.132213592529297,0,0.032783549278974533,0.67854577302932739,0,74.334648132324219,0,45.250862121582031,2.6504640118218958E-05,0,0
1,225,5400,0,6,18.494266510009766,0,0.035794917494058609,0.54252493381500244,0,75.837608337402344,0,43.62591552734375,0.00036375690251588821,0,0
1,225,5400,1,6,17.738910675048828,0,0.00041866290848702192,0.02520432323217392,0,71.174392700195312,0,47.439479827880859,0.014236379414796829,0,0
1,225,5400,2,6,17.589376449584961,0,0,0,0,66.946136474609375,0,47.401687622070312,0.048050649464130402,0,0
1,225,5400,3,6,17.518545150756836,0,0.0013964958488941193,0.087756499648094177,0,62.071605682373047,0,44.402683258056641,0.045129593461751938,0,0
1,225,5400,4,6,17.558315277099609,0,0,0,0,51.284797668457031,0,37.809234619140625,0.024161150678992271,0,0
1,225,5400,5,6,17.585964202880859,0,0.0018967590294778347,0.089132532477378845,0,51.130020141601562,0,39.292995452880859,0.013971150852739811,0,0
1,225,5400,6,6,17.881526947021484,0,0.00075339264003559947,0.048217128962278366,0,50.046756744384766,0,40.909393310546875,0.0071853832341730595,0,0
1,225,5400,7,6,18.247819900512695,0,0.020611226558685303,0.70369488000869751,0,69.04150390625,0,45.25445556640625,0.0021398109383881092,0,0
1,225,5400,0,7,18.496688842773438,0,0.044428825378417969,0.80846911668777466,0,76.404945373535156,0,43.907127380371094,8.7444612290710211E-05,0,0
1,225,5400,1,7,17.713432312011719,0,0.012988826259970665,0.53003466129302979,0,73.378684997558594,0,46.349323272705078,0.00043539819307625294,0,0
1,225,5400,2,7,17.626724243164062,0,0.014699387364089489,0.7879059910774231,0,75.696235656738281,0,47.517608642578125,0.0010163800325244665,0,0
1,225,5400,3,7,17.864309310913086,0,0.00018735940102487803,0.010406248271465302,0,69.925750732421875,0,45.345718383789062,0.0033368389122188091,0,0
1,225,5400,4,7,17.789121627807617,0,0.0059306160546839237,0.112688347697258,0,70.138343811035156,0,45.563804626464844,0.00065481686033308506,0,0
1,225,5400,5,7,17.865358352661133,0,0.019448414444923401,0.70728445053100586,0,68.72784423828125,0,46.169242858886719,0.0013478923356160522,0,0
1,225,5400,6,7,17.915872573852539,0,0.0014547640457749367,0.093104898929595947,0,65.108016967773438,0,47.033962249755859,0.0004255766689311713,0,0
1,225,5400,7,7,18.385160446166992,0,0.039619211107492447,0.7520143985748291,0,75.452415466308594,0,48.016201019287109,1.5233649719448294E-07,0,0
1,240,5760,0,0,14.857452392578125,0,0.068810805678367615,0.77950447797775269,0,81.272720336914062,0,53.890331268310547,0.0074401707388460636,0,0
1,240,5760,1,0,14.815622329711914,0,0.038123231381177902,0.66484987735748291,0,77.212661743164062,0,55.389900207519531,0.011218865402042866,0,0
1,240,5760,2,0,14.988409996032715,0,0.061086617410182953,0.8179476261138916,0,79.587348937988281,0,55.764286041259766,0.00017887166177388281,0,0
1,240,5760,3,0,15.103998184204102,0,0.044317338615655899,0.82313239574432373,0,76.6298828125,0,55.253440856933594,2.0893634045116016E-12,0,0
1,240,5760,4,0,14.981475830078125,0,0.02109811082482338,0.55484843254089355,0,74.456527709960938,0,55.114082336425781,9.1441318492840873E-13,0,0
1,240,5760,5,0,15.207365989685059,0,0.064841493964195251,0.78014987707138062,0,77.823226928710938,0,54.074394226074219,2.9121406441845465E-07,0,0
1,240,5760,6,0,15.201193809509277,0,0.0099772289395332336,0.44177532196044922,0,75.474830627441406,0,52.051460266113281,8.7894455646164715E-05,0,0
1,240,5760,7,0,15.29417610168457,0,0.041914902627468109,0.80306977033615112,0,80.949302673339844,0,51.2696533203125,1.1653316960291704E-06,0,0
1,240,5760,0,1,14.654294967651367,0,0.045770946890115738,0.7508273720741272,0,77.985481262207031,0,51.782794952392578,0.022927101701498032,0,0
1,240,5760,1,1,13.999473571777344,0,0.001351561164483428,0.07181771844625473,0,68.707611083984375,0,53.315422058105469,0.077952198684215546,0,0
1,240,5760,2,1,13.893973350524902,0,0,0,0,62.079189300537109,0,53.21875,0.036742616444826126,0,0
1,240,5760,3,1,14.045806884765625,0,0.00094740354688838124,0.034927047789096832,0,62.330760955810547,0,53.322727203369141,0.0011374597670510411,0,0
1,240,5760,4,1,14.150189399719238,0,0,0,0,60.963581085205078,0,50.735000610351562,0.00042803911492228508,0,0
1,240,5760,5,1,13.811874389648438,0,0.00023137329844757915,0.014807891100645065,0,60.648288726806641,0,50.250648498535156,0.0084088370203971863,0,0
1,240,5760,6,1,13.75425910949707,0,0.00074118096381425858,0.026596341282129288,0,61.137649536132812,0,49.533954620361328,0.0095164002850651741,0,0
1,240,5760,7,1,14.086779594421387,0,0.055040612816810608,0.77504795789718628,0,74.270545959472656,0,53.460773468017578,0.00036529300268739462,0,0
1,240,5760,0,2,14.822482109069824,0,0.10978187620639801,0.8644484281539917,0,87.763954162597656,0,51.457412719726562,0.012315921485424042,0,0
1,240,5760,1,2,14.081043243408203,0,0.00043142063077539206,0.019567180424928665,0,64.171798706054688,0,50.491931915283203,0.050827961415052414,0,0
1,240,5760,2,2,13.638602256774902,0,0,0,0,57.733509063720703,0,49.376640319824219,0.042854946106672287,0,0
1,240,5760,3,2,13.348584175109863,0,0.00018647103570401669,0.0079255364835262299,0,60.455879211425781,0,49.183681488037109,0.030680684372782707,0,0
1,240,5760,4,2,13.145832061767578,0,0.00098446814808994532,0.0630059614777565,0,58.364723205566406,0,48.405704498291016,0.039715323597192764,0,0
1,240,5760,5,2,13.796319007873535,0,0.5004991888999939,31.760959625244141,0.015625,57.971790313720703,0,50.029212951660156,0.039966218173503876,0,0
1,240,5760,6,2,14.05555248260498,0,1.9283033907413483E-06,0.00012341141700744629,0,55.068016052246094,0,49.417171478271484,0.033487360924482346,0,0
1,240,5760,7,2,14.481731414794922,0,0.027780419215559959,0.67399954795837402,0,79.878868103027344,0,56.861454010009766,0.0071163736283779144,0,0
1,240,5760,0,3,14.549775123596191,0,0.060674887150526047,0.85540956258773804,0,82.364883422851562,0,48.368190765380859,0.0038784358184784651,0,0
1,240,5760,1,3,13.567938804626465,0,1.2270116712898016E-05,0.00078528746962547302,0,60.472015380859375,0,50.6546630859375,0.051386654376983643,0,0
1,240,5760,2,3,13.918394088745117,0,0.0025485302321612835,0.071281731128692627,0,57.762382507324219,0,52.08197021484375,0.067854121327400208,0,0
1,240,5760,3,3,13.796095848083496,0,0.0025077431928366423,0.081357792019844055,0,56.720848083496094,0,49.931144714355469,0.049714446067810059,0,0
1,240,5760,4,3,13.621067047119141,0,0,0,0,59.044513702392578,0,48.674510955810547,0.062691435217857361,0,0
1,240,5760,5,3,13.650309562683105,0,0,0,0,53.696559906005859,0,46.090522766113281,0.10053322464227676,0,0
1,240,5760,6,3,13.589443206787109,0,0,0,0,59.488693237304688,0,47.979679107666016,0.098797358572483063,0,0
1,240,5760,7,3,14.109025955200195,0,0.044534202665090561,0.89584821462631226,0,79.753425598144531,0,52.255241394042969,0.020729159936308861,0,0
1,240,5760,0,4,15.344549179077148,0,0.069817058742046356,0.81214803457260132,0,92.982704162597656,0,50.665019989013672,0.0034655849449336529,0,0
1,240,5760,1,4,14.198879241943359,0,0.0024258370976895094,0.050409141927957535,0,72.149169921875,0,54.127788543701172,0.030355710536241531,0,0
1,240,5760,2,4,14.063226699829102,0,0,0,0,63.602821350097656,0,53.820060729980469,0.072066724300384521,0,0
1,240,5760,3,4,13.717204093933105,0,0.00068824435584247112,0.044047638773918152,0,56.296737670898438,0,48.904502868652344,0.058461308479309082,0,0
1,240,5760,4,4,13.592219352722168,0,0,0,0,57.005302429199219,0,46.815849304199219,0.075687818229198456,0,0
1,240,5760,5,4,13.467154502868652,0,0,0,0,50.434028625488281,0,43.100742340087891,0.11668287962675095,0,0
1,240,5760,6,4,13.781789779663086,0,0,0,0,53.471298217773438,0,43.164104461669922,0.046559412032365799,0,0.00014814869791734964
1,240,5760,7,4,14.113875389099121,0,0.025672696530818939,0.75929641723632812,0,75.2874755859375,0,51.404502868652344,0.018580207601189613,0,0.0047815339639782906
1,240,5760,0,5,15.023683547973633,0,0.045899927616119385,0.549346923828125,0,82.035079956054688,0,51.796478271484375,0.0052785663865506649,0,0
1,240,5760,1,5,14.005552291870117,0,0.0008908178424462676,0.030872274190187454,0,72.554618835449219,0,55.022640228271484,0.061217356473207474,0,0
1,240,5760,2,5,13.879551887512207,0,0.0012903646565973759,0.053238436579704285,0,65.406135559082031,0,53.944004058837891,0.052912637591362,0,0
1,240,5760,3,5,13.641802787780762,0,0,0,0,54.704139709472656,0,47.443202972412109,0.093214355409145355,0,0
1,240,5760,4,5,13.534637451171875,0,0,0,0,58.710330963134766,0,47.347633361816406,0.082951620221138,0,0
1,240,5760,5,5,13.770730018615723,0,0.0012500528246164322,0.04896145686507225,0,50.746013641357422,0,42.716697692871094,0.060147784650325775,0,0
1,240,5760,6,5,13.849328994750977,0,0,0,0,52.063846588134766,0,46.738185882568359,0.025805411860346794,0,0
1,240,5760,7,5,14.38695240020752,0,0.048849593847990036,0.72613525390625,0,73.882545471191406,0,51.585792541503906,0.006749145220965147,0,0
1,240,5760,0,6,14.803348541259766,0,0.043376404792070389,0.63625103235244751,0,75.062118530273438,0,50.816967010498047,0.006045246496796608,0,0
1,240,5760,1,6,13.999080657958984,0,0.00038633396616205573,0.024725373834371567,0,70.537063598632812,0,54.688980102539062,0.11231700330972672,0,0
1,240,5760,2,6,13.857183456420898,0,0,0,0,66.331954956054688,0,54.269195556640625,0.10949082672595978,0,0
1,240,5760,3,6,13.808297157287598,0,0.0015745494747534394,0.092856287956237793,0,61.647731781005859,0,50.692470550537109,0.062692940235137939,0,0
1,240,5760,4,6,13.849207878112793,0,0,0,0,50.908084869384766,0,42.625663757324219,0.028263075277209282,0,0
1,240,5760,5,6,13.876909255981445,0,0.0014203472528606653,0.090902224183082581,0,50.835651397705078,0,44.387550354003906,0.02951345406472683,0,0
1,240,5760,6,6,14.171472549438477,0,0.00073768640868365765,0.047211930155754089,0,49.680995941162109,0,46.248039245605469,0.015509223565459251,0,0
1,240,5760,7,6,14.47856330871582,0,0.025743378326296806,0.73549109697341919,0,68.500564575195312,0,51.408817291259766,0.023393664509057999,0,0
1,240,5760,0,7,14.86353588104248,0,0.060215629637241364,0.80792564153671265,0,76.158622741699219,0,50.890804290771484,0.0022532837465405464,0,0
1,240,5760,1,7,14.089706420898438,0,0.018733464181423187,0.66645979881286621,0,72.862205505371094,0,53.444076538085938,0.0070615070872008801,0,0
1,240,5760,2,7,13.988834381103516,0,0.014715518802404404,0.8000110387802124,0,75.223983764648438,0,54.445064544677734,0.011434949934482574,0,0
1,240,5760,3,7,14.229147911071777,0,0.00024525844492018223,0.013531133532524109,0,69.350059509277344,0,51.819637298583984,0.0091664604842662811,0,0
1,240,5760,4,7,14.143608093261719,0,0.0051831849850714207,0.11597259342670441,0,69.960464477539062,0,52.272968292236328,0.0046120989136397839,0,0
1,240,5760,5,7,14.219040870666504,0,0.022662190720438957,0.7600170373916626,0,68.189376831054688,0,52.860862731933594,0.0065953796729445457,0,0
1,240,5760,6,7,14.293712615966797,0,0.0022655408829450607,0.095997907221317291,0,64.628715515136719,0,53.814128875732422,0.0036104957107454538,0,0
1,240,5760,7,7,14.699891090393066,0,0.046886764466762543,0.75708431005477905,0,75.194107055664062,0,54.888069152832031,0.0018377549713477492,0,0
1,255,6120,0,0,10.676937103271484,0,0.080518133938312531,0.80393505096435547,0,81.04443359375,0,60.444797515869141,0.0011963974684476852,0,0
1,255,6120,1,0,10.570864677429199,0,0.044840212911367416,0.80237072706222534,0,76.64202880859375,0,61.853240966796875,0.00029371751588769257,0,0
1,255,6120,2,0,10.721626281738281,0,0.071296237409114838,0.82553386688232422,0,79.268081665039062,0,62.157276153564453,7.2788265015333309E-07,0,0
1,255,6120,3,0,10.84962272644043,0,0.048554342240095139,0.84307336807250977,0,76.272972106933594,0,61.643119812011719,5.7847093557938933E-05,0,0
1,255,6120,4,0,10.750421524047852,0,0.030834686011075974,0.6556132435798645,0,73.950950622558594,0,61.513076782226562,0.0031799322459846735,0,0
1,255,6120,5,0,10.936243057250977,0,0.073803186416625977,0.78445923328399658,0,77.41070556640625,0,60.344902038574219,0.0031820891890674829,0,0
1,255,6120,6,0,10.951640129089355,0,0.018300725147128105,0.56684470176696777,0,75.041000366210938,0,58.295139312744141,0.010358628816902637,0,0
1,255,6120,7,0,11.015783309936523,0,0.036880187690258026,0.74422770738601685,0,80.594619750976562,0,57.184928894042969,0.0006072331452742219,0,0
1,255,6120,0,1,10.513186454772949,0,0.059401936829090118,0.75632745027542114,0,77.46636962890625,0,58.395530700683594,0.002531139412894845,0,0
1,255,6120,1,1,9.8703393936157227,0,0.0014649777440354228,0.075622044503688812,0,68.232177734375,0,59.634128570556641,0.0093668689951300621,0,0
1,255,6120,2,1,9.7666559219360352,0,0,0,0,61.539608001708984,0,59.277729034423828,0.016003737226128578,0,0
1,255,6120,3,1,9.8886966705322266,0,0.0008991193026304245,0.034624349325895309,0,61.904773712158203,0,59.209827423095703,0.033606071025133133,0,0
1,255,6120,4,1,9.9567985534667969,0,0,0,0,60.578903198242188,0,56.219619750976562,0.10898973792791367,0,0
1,255,6120,5,1,9.6422414779663086,0,0.00020561355631798506,0.013159267604351044,0,60.402290344238281,0,55.746540069580078,0.12309769541025162,0,0
1,255,6120,6,1,9.637761116027832,0,0.00078603904694318771,0.029048576951026917,0,60.665874481201172,0,54.877513885498047,0.046336371451616287,0,0
1,255,6120,7,1,9.9848384857177734,0,0.059190690517425537,0.83719128370285034,0,73.705680847167969,0,58.912830352783203,0.0020786777604371309,0,0
1,255,6120,0,2,10.698518753051758,0,0.1215992271900177,0.94733011722564697,0,87.377899169921875,0,58.107208251953125,0.0033899133559316397,0,0
1,255,6120,1,2,9.8999967575073242,0,0.00041778141167014837,0.016963493078947067,0,63.623092651367188,0,56.559383392333984,0.067700617015361786,0,0
1,255,6120,2,2,9.5025730133056641,0,0,0,0,57.236782073974609,0,55.069206237792969,0.10628858208656311,0,0
1,255,6120,3,2,9.2005081176757812,0,0.00015403697034344077,0.0091553926467895508,0,60.062778472900391,0,54.570045471191406,0.058095656335353851,0,0
1,255,6120,4,2,8.7825765609741211,0,8.6913059931248426E-05,0.0055624358355998993,0,58.847015380859375,0,53.044376373291016,0.083689779043197632,0,0
1,255,6120,5,2,9.3614358901977539,0,0.63971680402755737,40.678451538085938,0.015625,58.111202239990234,0,54.901348114013672,0.10251142084598541,0,0
1,255,6120,6,2,9.8185644149780273,0,0,0,0,54.65692138671875,0,54.400569915771484,0.12975282967090607,0,0
1,255,6120,7,2,10.254859924316406,0,0.029592812061309814,0.71277797222137451,0,79.248558044433594,0,62.668247222900391,0.029976600781083107,0,0
1,255,6120,0,3,10.442438125610352,0,0.075008727610111237,0.86775726079940796,0,81.154624938964844,0,54.656242370605469,0.001086337142623961,0,0
1,255,6120,1,3,9.5010347366333008,0,8.8959990534931421E-05,0.005693439394235611,0,59.976455688476562,0,56.267108917236328,0.033601604402065277,0,0
1,255,6120,2,3,9.8224554061889648,0,0.0023932175245136023,0.072738811373710632,0,57.443454742431641,0,57.782222747802734,0.060229063034057617,0,0
1,255,6120,3,3,9.6630640029907227,0,0.0025255742948502302,0.082518510520458221,0,56.479415893554688,0,55.253555297851562,0.11367981135845184,0,0
1,255,6120,4,3,9.3644561767578125,0,0,0,0,58.890056610107422,0,53.788257598876953,0.25093430280685425,0,0
1,255,6120,5,3,9.0199747085571289,0,0,0,0,53.497592926025391,0,50.698165893554688,0.39104592800140381,0,0
1,255,6120,6,3,9.1672677993774414,0,0,0,0,59.086215972900391,0,52.977741241455078,0.32068932056427002,0,0
1,255,6120,7,3,9.9416599273681641,0,0.047456953674554825,0.90096646547317505,0,79.005409240722656,0,57.540813446044922,0.056673962622880936,0,0
1,255,6120,0,4,11.202732086181641,0,0.093010164797306061,0.82760310173034668,0,92.658782958984375,0,57.587154388427734,0.0020042676478624344,0,0
1,255,6120,1,4,10.033541679382324,0,0.0025758310221135616,0.052939910441637039,0,71.718757629394531,0,60.429412841796875,0.10806025564670563,0,0
1,255,6120,2,4,9.9228105545043945,0,0,0,0,63.052406311035156,0,59.841396331787109,0.25490337610244751,0,0
1,255,6120,3,4,9.586003303527832,0,0.00070005841553211212,0.044803738594055176,0,55.916934967041016,0,54.17962646484375,0.25288757681846619,0,0
1,255,6120,4,4,9.6022443771362305,0,0,0,0,56.686248779296875,0,51.806278228759766,0.3297155499458313,0,0
1,255,6120,5,4,9.0047588348388672,0,0,0,0,50.249107360839844,0,47.245128631591797,0.45573937892913818,0,0
1,255,6120,6,4,9.5976810455322266,0,0,0,0,53.131179809570312,0,47.5462646484375,0.13963668048381805,0,0.0001431669807061553
1,255,6120,7,4,9.9695158004760742,0,0.031511317938566208,0.76291054487228394,0,74.521812438964844,0,56.646202087402344,0.028439909219741821,0,0.0046166344545781612
1,255,6120,0,5,10.892221450805664,0,0.064389452338218689,0.68133002519607544,0,81.57257080078125,0,58.728763580322266,0.005421122070401907,0,0
1,255,6120,1,5,9.8579378128051758,0,0.0010321964509785175,0.035581953823566437,0,72.003829956054688,0,61.449554443359375,0.09880964457988739,0,0
1,255,6120,2,5,9.7340269088745117,0,0.0013238411629572511,0.054545603692531586,0,64.942146301269531,0,59.820053100585938,0.25366020202636719,0,0
1,255,6120,3,5,9.5326156616210938,0,0,0,0,54.300994873046875,0,52.384132385253906,0.27315822243690491,0,0
1,255,6120,4,5,9.4634542465209961,0,0,0,0,58.290771484375,0,52.382545471191406,0.23591992259025574,0,0
1,255,6120,5,5,9.6203298568725586,0,0.00023371458519250154,0.014957733452320099,0,50.465614318847656,0,46.908275604248047,0.12694701552391052,0,0
1,255,6120,6,5,9.7458057403564453,0,0,0,0,51.695823669433594,0,51.253799438476562,0.083512537181377411,0,0
1,255,6120,7,5,10.262894630432129,0,0.054903186857700348,0.73150259256362915,0,73.545707702636719,0,56.870208740234375,0.025115737691521645,0,0
1,255,6120,0,6,10.681343078613281,0,0.052781026810407639,0.72782427072525024,0,74.411888122558594,0,57.662155151367188,0.0097387712448835373,0,0
1,255,6120,1,6,9.8479452133178711,0,0.00051453709602355957,0.027883470058441162,0,69.964111328125,0,61.037986755371094,0.12328370660543442,0,0
1,255,6120,2,6,9.7181425094604492,0,0,0,0,65.776168823242188,0,60.224422454833984,0.12349385768175125,0,0
1,255,6120,3,6,9.6990222930908203,0,0.0016307651530951262,0.09633868932723999,0,61.280807495117188,0,56.131072998046875,0.14952114224433899,0,0
1,255,6120,4,6,9.738743782043457,0,0,0,0,50.571403503417969,0,46.786697387695312,0.061999969184398651,0,0
1,255,6120,5,6,9.7672967910766602,0,0.0014326426899060607,0.091689132153987885,0,50.583343505859375,0,48.727630615234375,0.090116061270236969,0,0
1,255,6120,6,6,10.05970573425293,0,0.00072696624556556344,0.04652583971619606,0,49.365135192871094,0,50.846637725830078,0.047408066689968109,0,0
1,255,6120,7,6,10.330570220947266,0,0.034695133566856384,0.74133825302124023,0,68.096893310546875,0,56.516567230224609,0.03153001144528389,0,0
1,255,6120,0,7,10.810240745544434,0,0.073317073285579681,0.80909603834152222,0,75.900596618652344,0,57.544967651367188,0.0012511470122262836,0,0
1,255,6120,1,7,10.06512451171875,0,0.021397260949015617,0.7371448278427124,0,72.360763549804688,0,59.838840484619141,0.016259012743830681,0,0
1,255,6120,2,7,9.9498500823974609,0,0.014763594605028629,0.8017728328704834,0,74.804557800292969,0,60.565044403076172,0.029450181871652603,0,0
1,255,6120,3,7,10.186954498291016,0,0.00041304214391857386,0.017386429011821747,0,68.8323974609375,0,57.688655853271484,0.013006478548049927,0,0
1,255,6120,4,7,10.111260414123535,0,0.0048476560041308403,0.11948224902153015,0,69.774589538574219,0,58.231906890869141,0.015828995034098625,0,0
1,255,6120,5,7,10.178245544433594,0,0.023967977613210678,0.77629947662353516,0,67.708091735839844,0,58.779544830322266,0.022510526701807976,0,0
1,255,6120,6,7,10.266846656799316,0,0.0044734179973602295,0.18689240515232086,0,64.221626281738281,0,59.843536376953125,0.022494660690426826,0,0
1,255,6120,7,7,10.624266624450684,0,0.057370860129594803,0.7583654522895813,0,74.953506469726562,0,60.83837890625,0.0097083225846290588,0,0
1,270,6480,0,0,5.6152262687683105,0,0.086705133318901062,0.89673525094985962,0,80.926338195800781,0,64.971748352050781,0.0080530839040875435,0,0
1,270,6480,1,0,5.4573469161987305,0,0.044969458132982254,0.8365175724029541,0,76.152763366699219,0,66.225830078125,0.027827342972159386,0,0
1,270,6480,2,0,5.6077818870544434,0,0.078631021082401276,0.87246161699295044,0,78.946060180664062,0,66.499443054199219,0.027177374809980392,0,0
1,270,6480,3,0,5.7308039665222168,0,0.050250958651304245,0.86455392837524414,0,75.983779907226562,0,66.064697265625,0.041088476777076721,0,0
1,270,6480,4,0,5.6397457122802734,0,0.040443863719701767,0.69796216487884521,0,73.599807739257812,0,65.919319152832031,0.074628449976444244,0,0
1,270,6480,5,0,5.8151721954345703,0,0.079758048057556152,0.87127882242202759,0,77.150131225585938,0,64.673622131347656,0.036532696336507797,0,0
1,270,6480,6,0,5.8309335708618164,0,0.021866964176297188,0.67915308475494385,0,74.746788024902344,0,62.663612365722656,0.041734937578439713,0,0
1,270,6480,7,0,5.9086942672729492,0,0.045840289443731308,0.76125842332839966,0,80.31488037109375,0,61.275928497314453,0.015699384734034538,0,0
1,270,6480,0,1,5.4631075859069824,0,0.080230109393596649,0.75908255577087402,0,77.126113891601562,0,62.949466705322266,0.035345673561096191,0,0
1,270,6480,1,1,4.8104586601257324,0,0.0013532147277146578,0.074265666306018829,0,67.891494750976562,0,63.713497161865234,0.22512583434581757,0,0
1,270,6480,2,1,4.6878252029418945,0,0,0,0,61.129848480224609,0,63.132862091064453,0.30180642008781433,0,0
1,270,6480,3,1,4.7924346923828125,0,0.000818822649307549,0.031163223087787628,0,61.599639892578125,0,62.978511810302734,0.29951483011245728,0,0
1,270,6480,4,1,4.8283004760742188,0,0.00015316484495997429,0.0098025500774383545,0,60.277702331542969,0,59.717910766601562,0.35491371154785156,0,0
1,270,6480,5,1,4.5077838897705078,0,0.00021335098426789045,0.013654462993144989,0,60.980949401855469,0,59.045822143554688,0.26480159163475037,0,0
1,270,6480,6,1,4.3448042869567871,0,0.00068616156931966543,0.022316645830869675,0,60.758323669433594,0,58.076946258544922,0.082430839538574219,0,0
1,270,6480,7,1,4.9394025802612305,0,0.062098249793052673,0.95166641473770142,0,73.472381591796875,0,62.299892425537109,0.0055945445783436298,0,0
1,270,6480,0,2,5.6860232353210449,0,0.13823094964027405,1.1409938335418701,0,87.202529907226562,0,62.751777648925781,0.035329088568687439,0,0
1,270,6480,1,2,4.7851629257202148,0,0.00018105399794876575,0.010852392762899399,0,63.273044586181641,0,60.480392456054688,0.32602819800376892,0,0
1,270,6480,2,2,4.3529906272888184,0,0,0,0,56.875648498535156,0,58.616802215576172,0.45237734913825989,0,0
1,270,6480,3,2,4.0486564636230469,0,0.00014800229109823704,0.0073923170566558838,0,59.9715576171875,0,57.803619384765625,0.2100272923707962,0,0
1,270,6480,4,2,3.8524849414825439,0,0,0,0,59.865642547607422,0,55.640010833740234,0.11298900097608566,0,0
1,270,6480,5,2,4.2894411087036133,0,0.8282625675201416,52.770606994628906,0.015625,59.891265869140625,0,57.703216552734375,0.13812783360481262,0,0
1,270,6480,6,2,4.3262104988098145,0,0,0,0,55.436229705810547,0,57.301593780517578,0.18918301165103912,0,0
1,270,6480,7,2,5.0808730125427246,0,0.030272724106907845,0.72517037391662598,0,79.066932678222656,0,66.246246337890625,0.051260273903608322,0,0
1,270,6480,0,3,5.3947315216064453,0,0.088142924010753632,0.93079203367233276,0,80.129669189453125,0,59.055416107177734,0.0069700167514383793,0,0
1,270,6480,1,3,4.4346113204956055,0,9.9052325822412968E-05,0.0063393488526344299,0,59.684600830078125,0,59.769824981689453,0.046782299876213074,0,0
1,270,6480,2,3,4.7238836288452148,0,0.0024251039139926434,0.073595702648162842,0,57.300640106201172,0,61.452529907226562,0.15942938625812531,0,0
1,270,6480,3,3,4.5142383575439453,0,0.0024255001917481422,0.078657791018486023,0,56.540390014648438,0,58.529956817626953,0.27397873997688293,0,0
1,270,6480,4,3,4.2718286514282227,0,0,0,0,59.075157165527344,0,56.790229797363281,0.4235241711139679,0,0
1,270,6480,5,3,4.0626468658447266,0,0,0,0,53.976192474365234,0,53.377635955810547,0.53035718202590942,0,0
1,270,6480,6,3,4.0153999328613281,0,0,0,0,59.2969970703125,0,55.920570373535156,0.3811819851398468,0,0
1,270,6480,7,3,4.8340754508972168,0,0.0577586330473423,0.92262959480285645,0,78.740814208984375,0,60.748321533203125,0.078533284366130829,0,0
1,270,6480,0,4,6.1889591217041016,0,0.11108478158712387,0.83007794618606567,0,92.582763671875,0,62.609600067138672,0.021957054734230042,0,0
1,270,6480,1,4,4.9622116088867188,0,0.0029071229510009289,0.052897073328495026,0,71.670082092285156,0,64.517051696777344,0.22023469209671021,0,0
1,270,6480,2,4,4.8271350860595703,0,5.2049290388822556E-07,3.3311545848846436E-05,0,62.682277679443359,0,63.725154876708984,0.44127374887466431,0,0
1,270,6480,3,4,4.4743075370788574,0,0.00070375658106058836,0.045040421187877655,0,55.786075592041016,0,57.413440704345703,0.51530623435974121,0,0
1,270,6480,4,4,4.3693013191223145,0,0,0,0,56.436771392822266,0,54.836479187011719,0.50514131784439087,0,0
1,270,6480,5,4,3.9197163581848145,0,0,0,0,50.143207550048828,0,49.719058990478516,0.53205740451812744,0,0
1,270,6480,6,4,4.5343966484069824,0,0,0,0,52.875328063964844,0,50.285774230957031,0.18413430452346802,0,0.00013824652705807239
1,270,6480,7,4,4.9230952262878418,0,0.033246353268623352,0.76384520530700684,0,74.089141845703125,0,59.926780700683594,0.053728807717561722,0,0.0044535067863762379
1,270,6480,0,5,5.8518147468566895,0,0.077090099453926086,0.76450991630554199,0,81.28759765625,0,63.670074462890625,0.030963867902755737,0,0
1,270,6480,1,5,4.7938132286071777,0,0.0010956949554383755,0.037659339606761932,0,71.677528381347656,0,65.578208923339844,0.18642768263816833,0,0
1,270,6480,2,5,4.6176042556762695,0,0.0013361760647967458,0.055109724402427673,0,64.623970031738281,0,63.515277862548828,0.30061784386634827,0,0
1,270,6480,3,5,4.442070484161377,0,0,0,0,53.995246887207031,0,55.418350219726562,0.41614949703216553,0,0
1,270,6480,4,5,4.3865466117858887,0,0,0,0,57.946918487548828,0,55.477214813232422,0.33020827174186707,0,0
1,270,6480,5,5,4.5354628562927246,0,0,0,0,50.19158935546875,0,49.522792816162109,0.15141536295413971,0,0
1,270,6480,6,5,4.6554923057556152,0,0,0,0,51.393169403076172,0,54.075218200683594,0.11433342844247818,0,0
1,270,6480,7,5,5.2411737442016602,0,0.061602264642715454,0.73159575462341309,0,73.375625610351562,0,60.295238494873047,0.044537652283906937,0,0
1,270,6480,0,6,5.6245698928833008,0,0.056473981589078903,0.74313175678253174,0,73.930229187011719,0,62.497447967529297,0.026590762659907341,0,0
1,270,6480,1,6,4.7765240669250488,0,0.00057615182595327497,0.030105829238891602,0,69.496879577636719,0,65.121383666992188,0.20084992051124573,0,0
1,270,6480,2,6,4.6449122428894043,0,0,0,0,65.313423156738281,0,63.995979309082031,0.22042381763458252,0,0
1,270,6480,3,6,4.6300601959228516,0,0.001426375238224864,0.083245225250720978,0,61.007076263427734,0,59.562358856201172,0.22896420955657959,0,0
1,270,6480,4,6,4.6331210136413574,0,0,0,0,50.293056488037109,0,49.383792877197266,0.12559635937213898,0,0
1,270,6480,5,6,4.6740756034851074,0,0.0014084007125347853,0.090137645602226257,0,50.401714324951172,0,51.451217651367188,0.17731285095214844,0,0
1,270,6480,6,6,4.9601149559020996,0,0.00074656860670074821,0.042365949600934982,0,49.124519348144531,0,53.823097229003906,0.067442871630191803,0,0
1,270,6480,7,6,5.2794361114501953,0,0.046951211988925934,0.74884587526321411,0,67.775070190429688,0,59.816238403320312,0.06329084187746048,0,0
1,270,6480,0,7,5.789853572845459,0,0.082212232053279877,0.85558640956878662,0,75.642341613769531,0,62.326210021972656,0.0076235989108681679,0,0
1,270,6480,1,7,5.0478768348693848,0,0.022414606064558029,0.74030089378356934,0,71.980125427246094,0,64.1552734375,0.028673224151134491,0,0
1,270,6480,2,7,4.9456253051757812,0,0.014924203976988792,0.80411249399185181,0,74.490249633789062,0,64.592185974121094,0.053180217742919922,0,0
1,270,6480,3,7,5.1558055877685547,0,0.00042799452785402536,0.018281616270542145,0,68.407722473144531,0,61.651004791259766,0.033031705766916275,0,0
1,270,6480,4,7,5.0905470848083496,0,0.014426645822823048,0.73578506708145142,0,69.526962280273438,0,62.232196807861328,0.034679315984249115,0,0
1,270,6480,5,7,5.1518640518188477,0,0.024149656295776367,0.78425115346908569,0,67.317512512207031,0,62.759384155273438,0.053200636059045792,0,0
1,270,6480,6,7,5.2390570640563965,0,0.0065109413117170334,0.23156136274337769,0,64.003929138183594,0,63.944950103759766,0.056214842945337296,0,0
1,270,6480,7,7,5.6253280639648438,0,0.067517399787902832,0.74306011199951172,0,74.873313903808594,0,64.905670166015625,0.020301438868045807,0,0
1,285,6840,0,0,1.5054348707199097,0,0.099311523139476776,0.98778426647186279,0,81.021888732910156,0,66.432861328125,0.025394199416041374,0,0
1,285,6840,1,0,1.3379701375961304,0,0.038756042718887329,0.89327001571655273,0,75.759231567382812,0,67.544418334960938,0.073123037815093994,0,0
1,285,6840,2,0,1.4924960136413574,0,0.085178464651107788,0.98780578374862671,0,78.765777587890625,0,67.830001831054688,0.053743515163660049,0,0
1,285,6840,3,0,1.6152331829071045,0,0.060109224170446396,0.88956218957901001,0,75.721031188964844,0,67.48199462890625,0.035916149616241455,0,0
1,285,6840,4,0,1.5293159484863281,0,0.044916033744812012,0.71242201328277588,0,73.4210205078125,0,67.312217712402344,0.054835040122270584,0,0
1,285,6840,5,0,1.7001469135284424,0,0.089954368770122528,1.0063178539276123,0,76.881843566894531,0,66.069694519042969,0.015710366889834404,0,0
1,285,6840,6,0,1.7151814699172974,0,0.021281426772475243,0.69455522298812866,0,74.5552978515625,0,64.107284545898438,0.022434623911976814,0,0
1,285,6840,7,0,1.8033386468887329,0,0.045742720365524292,0.77463722229003906,0,80.126228332519531,0,62.580615997314453,0.008057883009314537,0,0
1,285,6840,0,1,1.354262113571167,0,0.089120753109455109,0.82139617204666138,0,77.235862731933594,0,64.409004211425781,0.050587713718414307,0,0
1,285,6840,1,1,0.72980451583862305,0,0.0014727562665939331,0.080761924386024475,0,67.872886657714844,0,64.7620849609375,0.3552074134349823,0,0
1,285,6840,2,1,0.52524226903915405,0,0,0,0,60.876964569091797,0,64.113662719726562,0.57992345094680786,0,0
1,285,6840,3,1,0.46813094615936279,0,0.0012244207318872213,0.046211153268814087,0,61.428962707519531,0,63.945430755615234,0.43169078230857849,0,0
1,285,6840,4,1,0.56651532649993896,0,0.00034403425524942577,0.022018192335963249,0,60.392505645751953,0,60.601448059082031,0.30291000008583069,0,0
1,285,6840,5,1,0.2875886857509613,0,0.0004144766426179558,0.026526505127549171,0,61.544654846191406,0,59.884719848632812,0.25152534246444702,0,0
1,285,6840,6,1,0.31965318322181702,0,0.00035435875179246068,0.022678960114717484,0,61.626750946044922,0,58.810356140136719,0.11643883585929871,0,0
1,285,6840,7,1,0.86439913511276245,0,0.062988132238388062,0.98161482810974121,0,73.507316589355469,0,63.139114379882812,0.034770134836435318,0,0
1,285,6840,0,2,1.5728870630264282,0,0.14938992261886597,1.3049951791763306,0,87.608673095703125,0,64.307022094726562,0.046272777020931244,0,0
1,285,6840,1,2,0.65466374158859253,0,0.00025707314489409328,0.01645268127322197,0,63.501960754394531,0,61.457878112792969,0.35838308930397034,0,0
1,285,6840,2,2,0.1518394947052002,0,0,0,0,56.806015014648438,0,59.436393737792969,0.6064460277557373,0,0
1,285,6840,3,2,-0.12799318134784698,0,0.00031273538479581475,0.010881267488002777,0,59.952529907226562,0,58.487224578857422,0.30195268988609314,0,0
1,285,6840,4,2,-0.08753754198551178,1.3238195606390946E-06,0.00045450651668943465,0.029088417068123817,0,60.316135406494141,0,56.1319580078125,0.11503884196281433,0,0
1,285,6840,5,2,0.36855468153953552,0,1.0307698249816895,65.72802734375,0.015625,60.962093353271484,0,58.307228088378906,0.11610636860132217,0,0
1,285,6840,6,2,0.39473137259483337,0,0,0,0,56.648120880126953,0,57.905254364013672,0.20584209263324738,0,0
1,285,6840,7,2,0.94240039587020874,0,0.041347775608301163,0.72366368770599365,0,79.412422180175781,0,67.093338012695312,0.10707147419452667,0,0
1,285,6840,0,3,1.2757096290588379,0,0.092900097370147705,0.94703102111816406,0,79.824882507324219,0,60.482330322265625,0.020768079906702042,0,0
1,285,6840,1,3,0.29818299412727356,0,0.00010428158566355705,0.0066740214824676514,0,59.550697326660156,0,60.610515594482422,0.14312943816184998,0,0
1,285,6840,2,3,0.47125476598739624,0,0.0023752646520733833,0.06902766227722168,0,57.242053985595703,0,62.405300140380859,0.37938770651817322,0,0
1,285,6840,3,3,0.24990840256214142,0,0.0011899631936103106,0.051717448979616165,0,56.602993011474609,0,59.291812896728516,0.49204570055007935,0,0
1,285,6840,4,3,0.26435995101928711,0,0,0,0,59.165092468261719,0,57.459133148193359,0.49550232291221619,0,0
1,285,6840,5,3,0.1893635094165802,0,0,0,0,54.002445220947266,0,53.934223175048828,0.55119836330413818,0,0
1,285,6840,6,3,0.084093391895294189,0,0,0,0,59.409690856933594,0,56.490707397460938,0.49353775382041931,0,0
1,285,6840,7,3,0.72391688823699951,0,0.059164166450500488,0.8464542031288147,0,78.944648742675781,0,61.487926483154297,0.1398312896490097,0,0
1,285,6840,0,4,2.0582735538482666,0,0.13106617331504822,1.0520696640014648,0,93.068840026855469,0,64.487747192382812,0.031521931290626526,0,0
1,285,6840,1,4,0.84699904918670654,0,0.0025586646515876055,0.058382656425237656,0,71.936317443847656,0,65.610626220703125,0.24843877553939819,0,0
1,285,6840,2,4,0.64192396402359009,0,2.6894034817814827E-05,0.0017212182283401489,0,62.565338134765625,0,64.754966735839844,0.50323212146759033,0,0
1,285,6840,3,4,0.18732835352420807,0,0.00073526572668924928,0.047057006508111954,0,55.843326568603516,0,58.1590576171875,0.61231261491775513,0,0
1,285,6840,4,4,0.25743740797042847,0,0,0,0,56.402469635009766,0,55.495193481445312,0.60962778329849243,0,0
1,285,6840,5,4,0.12614740431308746,0,0,0,0,50.001094818115234,0,50.173542022705078,0.58341723680496216,0,0
1,285,6840,6,4,0.45979958772659302,0,0,0,0,52.687751770019531,0,50.886531829833984,0.28476840257644653,0,0.00013345020124688745
1,285,6840,7,4,0.80561238527297974,0,0.042345874011516571,0.769206702709198,0,74.092208862304688,0,60.710708618164062,0.13614948093891144,0,0.0042946082539856434
1,285,6840,0,5,1.7336981296539307,0,0.089693553745746613,0.88745558261871338,0,81.504325866699219,0,65.411163330078125,0.040911156684160233,0,0
1,285,6840,1,5,0.70277184247970581,0,0.00055629631970077753,0.035602964460849762,0,71.633590698242188,0,66.671035766601562,0.25038817524909973,0,0
1,285,6840,2,5,0.54821419715881348,0,0.0014365186216309667,0.058364845812320709,0,64.580535888671875,0,64.440254211425781,0.40249007940292358,0,0
1,285,6840,3,5,0.29742324352264404,0,0,0,0,53.901069641113281,0,56.115711212158203,0.54286515712738037,0,0
1,285,6840,4,5,0.32920750975608826,0,0,0,0,57.759037017822266,0,56.172130584716797,0.50565952062606812,0,0
1,285,6840,5,5,0.53707194328308105,0,0,0,0,49.979793548583984,0,50.108661651611328,0.20041602849960327,0,0
1,285,6840,6,5,0.59285932779312134,0,0,0,0,51.166374206542969,0,54.736301422119141,0.16439652442932129,0,0
1,285,6840,7,5,1.1936720609664917,0,0.081457227468490601,0.73649197816848755,0,73.361244201660156,0,61.227359771728516,0.079659976065158844,0,0
1,285,6840,0,6,1.5114390850067139,0,0.058128945529460907,0.77399086952209473,0,73.786544799804688,0,64.150604248046875,0.037822529673576355,0,0
1,285,6840,1,6,0.68655949831008911,0,0.00066796608734875917,0.033725634217262268,0,69.308685302734375,0,66.200920104980469,0.2871062159538269,0,0
1,285,6840,2,6,0.56437629461288452,0,0,0,0,65.087631225585938,0,64.954322814941406,0.53588569164276123,0,0
1,285,6840,3,6,0.56033408641815186,0,0.0010662551503628492,0.068240329623222351,0,60.877559661865234,0,60.421260833740234,0.57375991344451904,0,0
1,285,6840,4,6,0.57318019866943359,0,0,0,0,50.085647583007812,0,49.976238250732422,0.23772799968719482,0,0
1,285,6840,5,6,0.6197698712348938,0,0.0014502714620903134,0.09281737357378006,0,50.32012939453125,0,52.092731475830078,0.25328880548477173,0,0
1,285,6840,6,6,0.89280921220779419,0,0.00089001108426600695,0.049477063119411469,0,48.976139068603516,0,54.608139038085938,0.12374980747699738,0,0
1,285,6840,7,6,1.2400377988815308,0,0.056821078062057495,0.80356955528259277,0,67.54376220703125,0,60.682754516601562,0.11113717406988144,0,0
1,285,6840,0,7,1.7002661228179932,0,0.087783113121986389,0.90727138519287109,0,75.518890380859375,0,64.035438537597656,0.02084052748978138,0,0
1,285,6840,1,7,0.98315459489822388,0,0.022792760282754898,0.74272048473358154,0,71.707817077636719,0,65.450424194335938,0.057464931160211563,0,0
1,285,6840,2,7,0.89740169048309326,0,0.025072835385799408,0.806083083152771,0,74.29803466796875,0,65.73223876953125,0.11519775539636612,0,0
1,285,6840,3,7,1.0972105264663696,0,0.00048289494588971138,0.021108228713274002,0,68.10137939453125,0,62.857555389404297,0.075497731566429138,0,0
1,285,6840,4,7,1.0349745750427246,0,0.025304296985268593,0.74723243713378906,0,69.361068725585938,0,63.422733306884766,0.047020919620990753,0,0
1,285,6840,5,7,1.1021256446838379,0,0.024312250316143036,0.78827089071273804,0,67.036231994628906,0,63.946521759033203,0.067067936062812805,0,0
1,285,6840,6,7,1.2059503793716431,0,0.016426561400294304,0.70682865381240845,0,64.030738830566406,0,65.201438903808594,0.071899108588695526,0,0
1,285,6840,7,7,1.5904302597045898,0,0.066560819745063782,0.72497689723968506,0,74.926116943359375,0,66.178230285644531,0.029563922435045242,0,0
1,300,7200,0,0,-2.2033462524414062,0.11154414713382721,0.12207052111625671,1.8742219209671021,0,81.450065612792969,0,66.409080505371094,0.023935610428452492,0,0
1,300,7200,1,0,-2.386521577835083,0.04146898165345192,0.04786069318652153,1.1827749013900757,0,75.740493774414062,0,67.447128295898438,0.061869796365499496,0,0
1,300,7200,2,0,-2.2389786243438721,0.038814559578895569,0.10879841446876526,1.2544234991073608,0,78.810035705566406,0,67.748756408691406,0.040720347315073013,0,0
1,300,7200,3,0,-2.1282672882080078,0.040127072483301163,0.065223716199398041,1.0632331371307373,0,75.669837951660156,0,67.451416015625,0.028101148083806038,0,0
1,300,7200,4,0,-2.21189284324646,0.0383489690721035,0.052026066929101944,0.74885469675064087,0,73.586387634277344,0,67.281806945800781,0.060229610651731491,0,0
1,300,7200,5,0,-2.0370945930480957,0.038639236241579056,0.10978340357542038,1.3090330362319946,0,76.680076599121094,0,66.050666809082031,0.07296743243932724,0,0
1,300,7200,6,0,-2.0250163078308105,0.041756812483072281,0.016412822529673576,0.70895367860794067,0,74.61016845703125,0,64.116729736328125,0.080971099436283112,0,0
1,300,7200,7,0,-1.8883525133132935,0.03608115017414093,0.052249889820814133,0.82851642370223999,0,80.269500732421875,0,62.571670532226562,0.013040382415056229,0,0
1,300,7200,0,1,-2.3896975517272949,0.15804241597652435,0.14269562065601349,1.3935528993606567,0,77.671485900878906,0,64.363250732421875,0.048981495201587677,0,0
1,300,7200,1,1,-3.0593576431274414,0,0.0017493325285613537,0.087216645479202271,0,68.114692687988281,0,64.519622802734375,0.2957899272441864,0,0
1,300,7200,2,1,-3.2256827354431152,0,0,0,0,60.804679870605469,0,63.829177856445312,0.50140821933746338,0,0
1,300,7200,3,1,-3.1746582984924316,0,0.0013293215306475759,0.049942590296268463,0,61.546825408935547,0,63.665843963623047,0.52641171216964722,0,0
1,300,7200,4,1,-3.1862530708312988,0,0.00041304464684799314,0.026434857398271561,0,60.315589904785156,0,60.374095916748047,0.5578652024269104,0,0
1,300,7200,5,1,-3.3457627296447754,1.5370153505500639E-06,0.00047168286982923746,0.030187703669071198,0,61.876728057861328,0,59.566478729248047,0.64436954259872437,0,0
1,300,7200,6,1,-3.3173234462738037,1.4648177966591902E-05,0.00034880137536674738,0.022323288023471832,0,62.270908355712891,0,58.465011596679688,0.5640752911567688,0,0
1,300,7200,7,1,-2.7373993396759033,0.0069931014440953732,0.073389619588851929,1.0026894807815552,0,73.752784729003906,0,62.896060943603516,0.19181980192661285,0,0
1,300,7200,0,2,-2.2288918495178223,0.2100866436958313,0.24123939871788025,3.5686008930206299,0,88.310295104980469,0,64.288619995117188,0.037334021180868149,0,0
1,300,7200,1,2,-3.1911394596099854,0,0.00033970156800933182,0.021740900352597237,0,64.134765625,0,61.16473388671875,0.22153545916080475,0,0
1,300,7200,2,2,-3.5674571990966797,0,7.1991176810115576E-05,0.0046074353158473969,0,57.471889495849609,0,59.011672973632812,0.41879388689994812,0,0
1,300,7200,3,2,-3.7078273296356201,3.387873584870249E-05,0.00041752809192985296,0.015457380563020706,0,61.233512878417969,0,57.942405700683594,0.48854681849479675,0,0
1,300,7200,4,2,-3.6514074802398682,1.4548541003023274E-05,0.00049342226702719927,0.031579025089740753,0,61.405784606933594,0,55.596473693847656,0.65882742404937744,0,0
1,300,7200,5,2,-3.1812412738800049,0,1.2475434541702271,79.598320007324219,0.015625,62.494144439697266,0,57.959938049316406,0.76331132650375366,0,0
1,300,7200,6,2,-3.1683371067047119,0,0,0,0,57.943798065185547,0,57.577568054199219,0.7763446569442749,0,0
1,300,7200,7,2,-2.6748654842376709,0,0.053984951227903366,0.72875213623046875,0,80.021202087402344,0,66.837295532226562,0.33642482757568359,0,0
1,300,7200,0,3,-2.530421257019043,0.24575808644294739,0.12420560419559479,1.5892874002456665,0,80.427169799804688,0,60.387840270996094,0.029216460883617401,0,0
1,300,7200,1,3,-3.3857927322387695,0,0.00012106401845812798,0.0077480971813201904,0,59.975093841552734,0,60.199089050292969,0.24906371533870697,0,0
1,300,7200,2,3,-3.1686229705810547,0,0.0024504091124981642,0.069887697696685791,0,57.982536315917969,0,62.09906005859375,0.50014305114746094,0,0
1,300,7200,3,3,-3.3738193511962891,0,0.00062704534502699971,0.029809225350618362,0,57.271095275878906,0,58.903598785400391,0.59214663505554199,0,0
1,300,7200,4,3,-3.3728652000427246,0,0,0,0,59.735439300537109,0,57.077911376953125,0.67259424924850464,0,0
1,300,7200,5,3,-3.4385824203491211,0,0,0,0,54.668155670166016,0,53.529216766357422,0.90560877323150635,0,0
1,300,7200,6,3,-3.4765980243682861,0,0,0,0,60.222126007080078,0,56.047565460205078,1.0658398866653442,0,0
1,300,7200,7,3,-2.8998706340789795,0.027843877673149109,0.065368719398975372,0.88378888368606567,0,79.702369689941406,0,61.147674560546875,0.38771313428878784,0,0
1,300,7200,0,4,-1.7554746866226196,0.21984019875526428,0.23681831359863281,3.4476349353790283,0,93.966323852539062,0,64.602127075195312,0.031806290149688721,0,0
1,300,7200,1,4,-2.9424295425415039,0,0.0026087046135216951,0.060179129242897034,0,72.368232727050781,0,65.348297119140625,0.21475276350975037,0,0
1,300,7200,2,4,-3.083611011505127,0,0.00055190006969496608,0.031894590705633163,0,62.746036529541016,0,64.458648681640625,0.41455155611038208,0,0
1,300,7200,3,4,-3.4278507232666016,0,0.00076602678745985031,0.04902571439743042,0,56.469398498535156,0,57.74554443359375,0.5314367413520813,0,0
1,300,7200,4,4,-3.4159698486328125,0,0,0,0,56.551982879638672,0,55.102737426757812,0.57231062650680542,0,0
1,300,7200,5,4,-3.5500476360321045,0,0,0,0,50.122722625732422,0,49.701862335205078,0.72097551822662354,0,0
1,300,7200,6,4,-3.1857964992523193,0,0,0,0,52.582393646240234,0,50.539970397949219,0.4232867956161499,0,0.00012882084411103278
1,300,7200,7,4,-2.8556885719299316,0,0.043607935309410095,0.77126079797744751,0,74.444549560546875,0,60.412925720214844,0.24711158871650696,0,0.0041414345614612103
1,300,7200,0,5,-2.0184595584869385,0.17647917568683624,0.13137243688106537,1.7375596761703491,0,82.039688110351562,0,65.475059509277344,0.045931097120046616,0,0
1,300,7200,1,5,-3.0518033504486084,0,0.00065475679002702236,0.041904434561729431,0,71.788017272949219,0,66.386650085449219,0.27793565392494202,0,0
1,300,7200,2,5,-3.1687426567077637,0,0.0013189504388719797,0.059836123138666153,0,64.733779907226562,0,64.089950561523438,0.41052022576332092,0,0
1,300,7200,3,5,-3.342402458190918,0,0,0,0,54.129451751708984,0,55.714138031005859,0.55892139673233032,0,0
1,300,7200,4,5,-3.3542599678039551,0,0,0,0,57.732894897460938,0,55.789802551269531,0.51653391122817993,0,0
1,300,7200,5,5,-3.149014949798584,0,0,0,0,49.852069854736328,0,49.765953063964844,0.31320419907569885,0,0
1,300,7200,6,5,-3.0822367668151855,0,0,0,0,51.025829315185547,0,54.414386749267578,0.30401065945625305,0,0
1,300,7200,7,5,-2.4517521858215332,0,0.08835071325302124,0.78004717826843262,0,73.567855834960938,0,61.074474334716797,0.17677277326583862,0,0
1,300,7200,0,6,-2.2082831859588623,0.10574641823768616,0.064189545810222626,0.98745054006576538,0,74.052459716796875,0,64.185127258300781,0.045903023332357407,0,0
1,300,7200,1,6,-3.0008013248443604,0,0.00082733575254678726,0.039828095585107803,0,69.390281677246094,0,65.957984924316406,0.3079427182674408,0,0
1,300,7200,2,6,-3.1121721267700195,0,0,0,0,64.996696472167969,0,64.655708312988281,0.53161853551864624,0,0
1,300,7200,3,6,-3.0995135307312012,0,0.00082079367712140083,0.052530795335769653,0,60.922698974609375,0,60.124897003173828,0.42963773012161255,0,0
1,300,7200,4,6,-3.0870108604431152,0,0,0,0,49.964000701904297,0,49.662101745605469,0.15009385347366333,0,0
1,300,7200,5,6,-3.033738374710083,0,0.0014540895354002714,0.093061730265617371,0,50.340171813964844,0,51.800426483154297,0.22359925508499146,0,0
1,300,7200,6,6,-2.7503950595855713,0,0.00089338072575628757,0.049374945461750031,0,48.924304962158203,0,54.407081604003906,0.2927711009979248,0,0
1,300,7200,7,6,-2.3831202983856201,0,0.060300145298242569,0.83311867713928223,0,67.54486083984375,0,60.523239135742188,0.24413736164569855,0,0
1,300,7200,0,7,-1.9948142766952515,0.023858213797211647,0.10274076461791992,1.1988343000411987,0,75.606124877929688,0,64.123069763183594,0.025799008086323738,0,0
1,300,7200,1,7,-2.6816143989562988,0,0.023545747622847557,0.75574415922164917,0,71.560134887695312,0,65.351104736328125,0.046602379530668259,0,0
1,300,7200,2,7,-2.7459192276000977,0,0.02544337697327137,0.82062661647796631,0,74.282005310058594,0,65.577796936035156,0.044618301093578339,0,0
1,300,7200,3,7,-2.5606377124786377,0,0.00099287100601941347,0.033640064299106598,0,67.921440124511719,0,62.761444091796875,0.039660077542066574,0,0
1,300,7200,4,7,-2.6199569702148438,0,0.025767616927623749,0.72808635234832764,0,69.270431518554688,0,63.320648193359375,0.014829276129603386,0,0
1,300,7200,5,7,-2.5430839061737061,0,0.024872636422514915,0.80114507675170898,0,66.872726440429688,0,63.853916168212891,0.021222146227955818,0,0
1,300,7200,6,7,-2.4204843044281006,0,0.015636403113603592,0.65700572729110718,0,64.25732421875,0,65.145919799804688,0.050239898264408112,0,0
1,300,7200,7,7,-2.0278689861297607,0,0.077132925391197205,0.72291505336761475,0,75.129722595214844,0,66.171653747558594,0.014171798713505268,0,0
1,315,7560,0,0,-5.6561703681945801,16.181123733520508,0.10400842130184174,1.2645105123519897,0,85.20709228515625,0,63.264617919921875,0.03526131808757782,0,0
1,315,7560,1,0,-5.6098084449768066,7.2529525756835938,0.052817709743976593,1.0673038959503174,0,78.5986328125,0,64.325889587402344,0.11913605034351349,0,0
1,315,7560,2,0,-5.4440584182739258,7.7749795913696289,0.10469583421945572,1.1986050605773926,0,80.339111328125,0,64.739601135253906,0.14602656662464142,0,0
1,315,7560,3,0,-5.3077125549316406,7.0694866180419922,0.067063398659229279,1.0476621389389038,0,78.425575256347656,0,64.638473510742188,0.1676609069108963,0,0
1,315,7560,4,0,-5.4111928939819336,8.0938358306884766,0.060375150293111801,0.72785693407058716,0,75.414878845214844,0,64.427223205566406,0.31605157256126404,0,0
1,315,7560,5,0,-5.2190465927124023,6.6848964691162109,0.10665378719568253,1.2500432729721069,0,77.83319091796875,0,63.362266540527344,0.30845767259597778,0,0
1,315,7560,6,0,-5.2070469856262207,7.6451535224914551,0.050208739936351776,0.70523685216903687,0,77.055572509765625,0,61.579540252685547,0.24721281230449677,0,0
1,315,7560,7,0,-5.0480766296386719,7.247826099395752,0.089135207235813141,0.8975985050201416,0,83.562103271484375,0,60.109539031982422,0.040524717420339584,0,0
1,315,7560,0,1,-5.8778977394104004,11.063512802124023,0.097976773977279663,0.92114198207855225,0,80.162895202636719,0,61.269016265869141,0.058186404407024384,0,0
1,315,7560,1,1,-6.1367321014404297,0.0067548691295087337,0.0017002774402499199,0.085329204797744751,0,69.273788452148438,0,61.109134674072266,0.3867192268371582,0,0
1,315,7560,2,1,-6.2505059242248535,0.00013920757919549942,0,0,0,61.267650604248047,0,60.328483581542969,0.73492985963821411,0,0
1,315,7560,3,1,-6.165924072265625,0,0.0007208282477222383,0.046133007854223251,0,61.771018981933594,0,60.263931274414062,0.91364139318466187,0,0
1,315,7560,4,1,-6.1795773506164551,0,0.00036888878094032407,0.02360888198018074,0,60.40179443359375,0,57.173053741455078,1.0022644996643066,0,0
1,315,7560,5,1,-6.3079023361206055,0,0.00043176539475098252,0.027632985264062881,0,62.133472442626953,0,56.21435546875,0.94614428281784058,0,0
1,315,7560,6,1,-6.2541079521179199,0.0011460050009191036,0.00031803717138245702,0.020354378968477249,0,62.8448486328125,0,55.136539459228516,0.59224987030029297,0,0
1,315,7560,7,1,-5.7226271629333496,1.4295245409011841,0.075323969125747681,1.0638042688369751,0,74.4727783203125,0,59.760601043701172,0.14858303964138031,0,0
1,315,7560,0,2,-5.6946039199829102,13.738370895385742,0.1780773401260376,1.5943144559860229,0,91.053504943847656,0,61.338138580322266,0.041599448770284653,0,0
1,315,7560,1,2,-6.2133221626281738,0.061416134238243103,0.00032980012474581599,0.021107207983732224,0,65.682327270507812,0,57.782550811767578,0.23447313904762268,0,0
1,315,7560,2,2,-6.5394506454467773,0.0050148661248385906,3.7820020224899054E-05,0.0024204812943935394,0,58.697834014892578,0,55.396862030029297,0.49408617615699768,0,0
1,315,7560,3,2,-6.6659679412841797,0.0037300025578588247,0.00033345355768688023,0.012323204427957535,0,62.564739227294922,0,54.219127655029297,0.75360953807830811,0,0
1,315,7560,4,2,-6.5941658020019531,0.00066070660250261426,0.00043668027501553297,0.02794753760099411,0,62.351474761962891,0,52.012542724609375,1.0874413251876831,0,0
1,315,7560,5,2,-6.1378941535949707,0,1.4762307405471802,94.243392944335938,0.015625,63.971450805664062,0,54.705955505371094,1.3147193193435669,0,0
1,315,7560,6,2,-6.1423482894897461,0,0,0,0,59.120426177978516,0,54.370094299316406,1.1408579349517822,0,0
1,315,7560,7,2,-5.6798534393310547,1.0795280933380127,0.059841543436050415,0.74146842956542969,0,80.890495300292969,0,63.445915222167969,0.35616952180862427,0,0
1,315,7560,0,3,-5.9164714813232422,14.962481498718262,0.10050392895936966,0.96681594848632812,0,83.621337890625,0,57.419582366943359,0.038283556699752808,0,0
1,315,7560,1,3,-6.3544178009033203,0.065590456128120422,0.00011012551840394735,0.0070480331778526306,0,61.894863128662109,0,56.650894165039062,0.29658472537994385,0,0
1,315,7560,2,3,-6.1604800224304199,0,0.0023862551897764206,0.068279564380645752,0,59.405708312988281,0,58.699188232421875,0.62648147344589233,0,0
1,315,7560,3,3,-6.3508343696594238,0,0.00041709703509695828,0.024183828383684158,0,58.446327209472656,0,55.437282562255859,0.82002896070480347,0,0
1,315,7560,4,3,-6.3402280807495117,0,0,0,0,60.494056701660156,0,53.710334777832031,1.0781968832015991,0,0
1,315,7560,5,3,-6.4087052345275879,0,0,0,0,55.515480041503906,0,50.308624267578125,1.40009605884552,0,0
1,315,7560,6,3,-6.4407229423522949,0,0,0,0,61.224044799804688,0,52.607219696044922,1.4340561628341675,0,0
1,315,7560,7,3,-5.8800110816955566,2.8411166667938232,0.075781054794788361,0.84785819053649902,0,80.684562683105469,0,57.790767669677734,0.4353015124797821,0,0
1,315,7560,0,4,-5.2787017822265625,13.088230133056641,0.17407737672328949,1.4307496547698975,0,97.081512451171875,0,62.129776000976562,0.041770931333303452,0,0
1,315,7560,1,4,-5.9914712905883789,0.032854083925485611,0.0025025526992976665,0.059357944875955582,0,74.611717224121094,0,61.860794067382812,0.26492747664451599,0,0
1,315,7560,2,4,-6.1303691864013672,0,0.00046866488992236555,0.029994552955031395,0,63.868053436279297,0,60.943531036376953,0.50681436061859131,0,0
1,315,7560,3,4,-6.4330430030822754,0,0.00073016161331906915,0.046730343252420425,0,57.544624328613281,0,54.259593963623047,0.71535676717758179,0,0
1,315,7560,4,4,-6.3732824325561523,0,0,0,0,57.026985168457031,0,51.788429260253906,0.95461350679397583,0,0
1,315,7560,5,4,-6.5397472381591797,0,0,0,0,50.666439056396484,0,46.534713745117188,1.2218899726867676,0,0
1,315,7560,6,4,-6.1812705993652344,0,0,0,0,52.733612060546875,0,47.654136657714844,0.62095963954925537,0,0.00012438803969416767
1,315,7560,7,4,-5.8865642547607422,1.3820188045501709,0.052608750760555267,0.77050328254699707,0,75.107444763183594,0,57.198589324951172,0.33386912941932678,0,0.0039951521903276443
1,315,7560,0,5,-5.5310487747192383,11.478769302368164,0.094714470207691193,0.94595664739608765,0,84.99163818359375,0,62.735916137695312,0.058336418122053146,0,0
1,315,7560,1,5,-6.1696219444274902,0.0031010676175355911,0.00063422706443816423,0.040590532124042511,0,73.194313049316406,0,62.691627502441406,0.32825809717178345,0,0
1,315,7560,2,5,-6.2498745918273926,0,0.0012086918577551842,0.05882219597697258,0,65.660690307617188,0,60.396160125732422,0.4823460578918457,0,0
1,315,7560,3,5,-6.3988714218139648,0,0,0,0,54.680965423583984,0,52.356098175048828,0.76409083604812622,0,0
1,315,7560,4,5,-6.362544059753418,0,0,0,0,58.001571655273438,0,52.431961059570312,0.85795807838439941,0,0
1,315,7560,5,5,-6.2066864967346191,0,0,0,0,49.834644317626953,0,46.955745697021484,0.53740441799163818,0,0
1,315,7560,6,5,-6.133486270904541,0,0,0,0,50.978191375732422,0,51.415920257568359,0.57343953847885132,0,0
1,315,7560,7,5,-5.4945178031921387,0.83367419242858887,0.096057407557964325,0.92747962474822998,0,74.166465759277344,0,58.309867858886719,0.25591742992401123,0,0
1,315,7560,0,6,-5.6275763511657715,9.5052413940429688,0.059164416044950485,0.78866845369338989,0,77.340888977050781,0,61.394001007080078,0.058737728744745255,0,0
1,315,7560,1,6,-6.0981645584106445,0,0.00083111505955457687,0.039333492517471313,0,70.210517883300781,0,62.342979431152344,0.34027111530303955,0,0
1,315,7560,2,6,-6.1767439842224121,0,0,0,0,65.535514831542969,0,60.977436065673828,0.46143180131912231,0,0
1,315,7560,3,6,-6.13983154296875,0,0.00084286584751680493,0.050325430929660797,0,61.270717620849609,0,56.759483337402344,0.42633399367332458,0,0
1,315,7560,4,6,-6.1287479400634766,0,0,0,0,49.935821533203125,0,46.926856994628906,0.25762796401977539,0,0
1,315,7560,5,6,-6.0692539215087891,0,0.0014928772579878569,0.095544144511222839,0,50.459617614746094,0,49.041259765625,0.45249980688095093,0,0
1,315,7560,6,6,-5.7872962951660156,0,0.00083545397501438856,0.05249592661857605,0,48.969398498535156,0,51.815078735351562,0.44977149367332458,0,0
1,315,7560,7,6,-5.4017500877380371,0.37700599431991577,0.077871024608612061,1.1035350561141968,0,67.9259033203125,0,57.851913452148438,0.31335052847862244,0,0
1,315,7560,0,7,-5.4048771858215332,12.367122650146484,0.1010347381234169,1.0545483827590942,0,79.157554626464844,0,61.562137603759766,0.031083229929208755,0,0
1,315,7560,1,7,-5.8657164573669434,7.4812989234924316,0.033158700913190842,0.75388443470001221,0,73.325813293457031,0,62.243339538574219,0.048523303121328354,0,0
1,315,7560,2,7,-5.8627805709838867,6.2236371040344238,0.035324905067682266,0.84497666358947754,0,76.24591064453125,0,62.293609619140625,0.023732410743832588,0,0
1,315,7560,3,7,-5.7039470672607422,6.9920687675476074,0.00091841770336031914,0.03060472384095192,0,69.83758544921875,0,59.872611999511719,0.045218203216791153,0,0
1,315,7560,4,7,-5.772458553314209,7.1830949783325195,0.035697117447853088,0.73695671558380127,0,71.172348022460938,0,60.384284973144531,0.033511023968458176,0,0
1,315,7560,5,7,-5.6474919319152832,6.6706809997558594,0.034355834126472473,0.79783082008361816,0,68.853904724121094,0,60.986026763916016,0.047665674239397049,0,0
1,315,7560,6,7,-5.4952688217163086,6.974973201751709,0.022878425195813179,0.64746451377868652,0,67.426048278808594,0,62.394462585449219,0.0582745261490345,0,0
1,315,7560,7,7,-5.1303367614746094,6.3102645874023438,0.076656334102153778,0.72073447704315186,0,76.319625854492188,0,63.650562286376953,0.010238122195005417,0,0
1,330,7920,0,0,-8.0482358932495117,17.048320770263672,0.11512089520692825,1.2400507926940918,0,86.420501708984375,0,56.848556518554688,0.046229660511016846,0,0
1,330,7920,1,0,-8.0255804061889648,7.0884547233581543,0.073882371187210083,1.0347397327423096,0,79.317863464355469,0,57.925849914550781,0.19031000137329102,0,0
1,330,7920,2,0,-7.8623175621032715,8.2654142379760742,0.10537192970514297,1.1921273469924927,0,81.057052612304688,0,58.420425415039062,0.26803433895111084,0,0
1,330,7920,3,0,-7.7365303039550781,7.0791802406311035,0.079395368695259094,1.0417550802230835,0,79.145347595214844,0,58.4638671875,0.28792139887809753,0,0
1,330,7920,4,0,-7.8282804489135742,8.8824596405029297,0.062978468835353851,0.7268136739730835,0,76.016387939453125,0,58.200847625732422,0.4583059549331665,0,0
1,330,7920,5,0,-7.6466789245605469,6.5228838920593262,0.10264072567224503,1.1880507469177246,0,78.319427490234375,0,57.370891571044922,0.38735923171043396,0,0
1,330,7920,6,0,-7.6499066352844238,7.6073875427246094,0.050000883638858795,0.70492005348205566,0,77.520553588867188,0,55.783226013183594,0.32185056805610657,0,0
1,330,7920,7,0,-7.4612836837768555,7.971102237701416,0.097344018518924713,0.88809442520141602,0,84.2457275390625,0,54.532012939453125,0.087613508105278015,0,0
1,330,7920,0,1,-8.2951192855834961,15.757878303527832,0.12225300818681717,0.91215431690216064,0,81.719085693359375,0,54.932907104492188,0.051219455897808075,0,0
1,330,7920,1,1,-8.4620265960693359,0.43782231211662292,0.039164125919342041,0.44309884309768677,0,70.575141906738281,0,54.719669342041016,0.42662626504898071,0,0
1,330,7920,2,1,-8.5833988189697266,0.13964977860450745,0.013329125940799713,0.047780010849237442,0,61.771453857421875,0,53.95947265625,0.92909038066864014,0,0
1,330,7920,3,1,-8.5080585479736328,0.031982306391000748,0.0020847704727202654,0.13342531025409698,0,62.148117065429688,0,53.949665069580078,1.3291559219360352,0,0
1,330,7920,4,1,-8.5325603485107422,0.019053194671869278,0.0038684580940753222,0.19008022546768188,0,60.832233428955078,0,51.190044403076172,1.4380342960357666,0,0
1,330,7920,5,1,-8.6714887619018555,0.10048096626996994,0.017432071268558502,0.1363857239484787,0,62.568202972412109,0,50.256687164306641,1.043287992477417,0,0
1,330,7920,6,1,-8.6086244583129883,0.15805970132350922,0.019179034978151321,0.16531835496425629,0,63.455772399902344,0,49.306926727294922,0.64936625957489014,0,0
1,330,7920,7,1,-8.0141668319702148,2.6258249282836914,0.075838364660739899,1.0437180995941162,0,75.214958190917969,0,53.795089721679688,0.312642902135849,0,0
1,330,7920,0,2,-8.1180143356323242,22.191278457641602,0.19649389386177063,1.5830920934677124,0,92.587615966796875,0,55.117042541503906,0.042291618883609772,0,0
1,330,7920,1,2,-8.546381950378418,0.38894680142402649,0.062013860791921616,0.21904230117797852,0,66.949447631835938,0,51.696609497070312,0.30362215638160706,0,0
1,330,7920,2,2,-8.867365837097168,0.25565999746322632,0.048041876405477524,0.17597699165344238,0,59.508327484130859,0,49.406002044677734,0.74731141328811646,0,0
1,330,7920,3,2,-8.9870758056640625,0.22914513945579529,0.048181936144828796,0.2967526912689209,0,63.341358184814453,0,48.283660888671875,1.1230486631393433,0,0
1,330,7920,4,2,-8.900975227355957,0.14360703527927399,0.033349327743053436,0.62978965044021606,0,62.962825775146484,0,46.320613861083984,1.3536703586578369,0,0
1,330,7920,5,2,-8.4619178771972656,0.014005152508616447,1.7120130062103271,109.06977844238281,0.015625,65.21453857421875,0,48.977035522460938,1.3878254890441895,0,0
1,330,7920,6,2,-8.481816291809082,0.00078980810940265656,0,0,0,60.113555908203125,0,48.664230346679688,1.0814269781112671,0,0
1,330,7920,7,2,-8.0111608505249023,2.9583652019500732,0.061441361904144287,0.73922169208526611,0,81.795936584472656,0,57.024654388427734,0.52632260322570801,0,0
1,330,7920,0,3,-8.3264245986938477,24.249517440795898,0.13118404150009155,0.95416128635406494,0,84.592384338378906,0,51.538787841796875,0.04887707531452179,0,0
1,330,7920,1,3,-8.6491966247558594,0.48685279488563538,0.037081066519021988,0.36703753471374512,0,63.121791839599609,0,50.632442474365234,0.33961626887321472,0,0
1,330,7920,2,3,-8.484466552734375,0.10497571527957916,0.016762584447860718,0.23324519395828247,0,60.750495910644531,0,52.569164276123047,0.81418246030807495,0,0
1,330,7920,3,3,-8.6850061416625977,0.074706591665744781,0.0018055709078907967,0.035867583006620407,0,59.406085968017578,0,49.512062072753906,1.1646813154220581,0,0
1,330,7920,4,3,-8.6756687164306641,0.04802265390753746,0.0024577674921602011,0.039764996618032455,0,61.056316375732422,0,47.96392822265625,1.4479975700378418,0,0
1,330,7920,5,3,-8.7480125427246094,0.020713182166218758,0.00061793567147105932,0.027021110057830811,0,56.130619049072266,0,44.885112762451172,1.7447197437286377,0,0
1,330,7920,6,3,-8.7761611938476562,0.025944652035832405,0,0,0,61.873790740966797,0,46.910118103027344,1.6000628471374512,0,0
1,330,7920,7,3,-8.1839828491210938,5.3361353874206543,0.07119007408618927,0.84203231334686279,0,81.660377502441406,0,51.824115753173828,0.49386057257652283,0,0
1,330,7920,0,4,-7.7246541976928711,21.67298698425293,0.17708975076675415,1.4096701145172119,0,99.426651000976562,0,56.175071716308594,0.043155737221240997,0,0
1,330,7920,1,4,-8.311070442199707,0.30922612547874451,0.043694555759429932,0.53299665451049805,0,76.578422546386719,0,55.448432922363281,0.31510293483734131,0,0
1,330,7920,2,4,-8.4676475524902344,0.064811311662197113,0.010588560253381729,0.39906460046768188,0,64.896530151367188,0,54.571685791015625,0.68512874841690063,0,0
1,330,7920,3,4,-8.7723112106323242,0.053691670298576355,0.010621980763971806,0.43449965119361877,0,58.480968475341797,0,48.408805847167969,1.0622574090957642,0,0
1,330,7920,4,4,-8.7345476150512695,0.042172711342573166,0.0053508514538407326,0.04807276651263237,0,57.443473815917969,0,46.206207275390625,1.3684656620025635,0,0
1,330,7920,5,4,-8.8860378265380859,0.012705451808869839,0.00034053355921059847,0.021438641473650932,0,51.015289306640625,0,41.409870147705078,1.5129345655441284,0,0
1,330,7920,6,4,-8.5445747375488281,0.0056214639917016029,0,0,0,52.794246673583984,0,42.593048095703125,0.56976568698883057,0,0.00012021273141726851
1,330,7920,7,4,-8.2374162673950195,3.7432765960693359,0.063046492636203766,0.76965898275375366,0,75.716796875,0,51.285755157470703,0.42672580480575562,0,0.0038578254170715809
1,330,7920,0,5,-7.978858470916748,18.100889205932617,0.10385524481534958,0.93629896640777588,0,87.521629333496094,0,56.522701263427734,0.058805614709854126,0,0
1,330,7920,1,5,-8.5136480331420898,0.41129866242408752,0.061825789511203766,0.59611225128173828,0,74.986808776855469,0,56.075096130371094,0.36399015784263611,0,0
1,330,7920,2,5,-8.6208133697509766,0.10585112869739532,0.031272027641534805,0.61649340391159058,0,66.529953002929688,0,53.961498260498047,0.6882975697517395,0,0
1,330,7920,3,5,-8.8150844573974609,0.044635798782110214,0.0022439528256654739,0.025781514123082161,0,55.138771057128906,0,46.688003540039062,1.1253138780593872,0,0
1,330,7920,4,5,-8.780858039855957,0.027760487049818039,0.0002016313374042511,0.012190114706754684,0,58.207492828369141,0,46.766048431396484,1.3318102359771729,0,0
1,330,7920,5,5,-8.5913906097412109,0.00057529332116246223,0,0,0,49.847431182861328,0,41.948799133300781,0.58046424388885498,0,0
1,330,7920,6,5,-8.5059614181518555,0,0,0,0,50.986026763916016,0,45.982330322265625,0.67609387636184692,0,0
1,330,7920,7,5,-7.8401618003845215,2.2270824909210205,0.094045929610729218,0.86576956510543823,0,74.783607482910156,0,52.621334075927734,0.41510215401649475,0,0
1,330,7920,0,6,-8.0889730453491211,11.548579216003418,0.072568118572235107,0.78755265474319458,0,78.826087951660156,0,55.250770568847656,0.059882853180170059,0,0
1,330,7920,1,6,-8.5219182968139648,0.091054297983646393,0.026399523019790649,0.63839823007583618,0,71.390434265136719,0,55.779399871826172,0.38806125521659851,0,0
1,330,7920,2,6,-8.6196050643920898,0.0078559936955571175,0.0061464691534638405,0.050157859921455383,0,66.022872924804688,0,54.500236511230469,0.69132030010223389,0,0
1,330,7920,3,6,-8.5835647583007812,0,0.0010509811108931899,0.047904424369335175,0,61.557796478271484,0,50.757541656494141,0.82743597030639648,0,0
1,330,7920,4,6,-8.567626953125,0,0,0,0,49.943378448486328,0,41.943496704101562,0.4422241747379303,0,0
1,330,7920,5,6,-8.4982089996337891,0,0.0014863482210785151,0.095126286149024963,0,50.629905700683594,0,43.890041351318359,0.70836871862411499,0,0
1,330,7920,6,6,-8.2135553359985352,0,0.00083746260497719049,0.053597606718540192,0,49.069782257080078,0,46.579658508300781,0.78759419918060303,0,0
1,330,7920,7,6,-7.7705874443054199,1.1428443193435669,0.070420071482658386,0.97413426637649536,0,68.433036804199219,0,52.242225646972656,0.52688223123550415,0,0
1,330,7920,0,7,-7.7484426498413086,10.900444984436035,0.10132957249879837,1.065587043762207,0,80.595863342285156,0,55.638156890869141,0.037547796964645386,0,0
1,330,7920,1,7,-8.2348403930664062,6.9662871360778809,0.033284734934568405,0.75447976589202881,0,74.112953186035156,0,55.922458648681641,0.091416835784912109,0,0
1,330,7920,2,7,-8.197474479675293,5.8179388046264648,0.035197649151086807,0.84467208385467529,0,76.841117858886719,0,55.945503234863281,0.071992799639701843,0,0
1,330,7920,3,7,-8.0586318969726562,6.2663607597351074,0.010628394782543182,0.618510901927948,0,70.368812561035156,0,53.918418884277344,0.070002369582653046,0,0
1,330,7920,4,7,-8.135955810546875,6.868255615234375,0.03983093798160553,0.73823434114456177,0,71.881378173828125,0,54.307411193847656,0.094119913876056671,0,0
1,330,7920,5,7,-8.0116214752197266,6.6831674575805664,0.034339133650064468,0.79978722333908081,0,69.18292236328125,0,54.961208343505859,0.10006262362003326,0,0
1,330,7920,6,7,-7.8484320640563965,6.9011063575744629,0.023627573624253273,0.65086185932159424,0,67.857284545898438,0,56.378959655761719,0.092354819178581238,0,0
1,330,7920,7,7,-7.4616713523864746,6.5415358543395996,0.08582489937543869,0.72130328416824341,0,77.0899658203125,0,57.751388549804688,0.02375098317861557,0,0
1,345,8280,0,0,-9.6881494522094727,22.259878158569336,0.13963723182678223,1.2581173181533813,0,86.307197570800781,0,50.15460205078125,0.031825505197048187,0,0
1,345,8280,1,0,-9.6628055572509766,8.8575668334960938,0.094393521547317505,1.0327978134155273,0,79.1514892578125,0,51.110847473144531,0.11157786846160889,0,0
1,345,8280,2,0,-9.4917583465576172,10.411497116088867,0.14933565258979797,1.2076553106307983,0,81.106010437011719,0,51.576824188232422,0.11396321654319763,0,0
1,345,8280,3,0,-9.3680715560913086,8.5799922943115234,0.16667209565639496,1.0820925235748291,0,79.025924682617188,0,51.631076812744141,0.077613547444343567,0,0
1,345,8280,4,0,-9.4523811340332031,10.245026588439941,0.095761500298976898,0.72934615612030029,0,75.997322082519531,0,51.378002166748047,0.11069723963737488,0,0
1,345,8280,5,0,-9.2821617126464844,7.996124267578125,0.14312539994716644,1.1451858282089233,0,78.412200927734375,0,50.679389953613281,0.1167997345328331,0,0
1,345,8280,6,0,-9.2769775390625,8.2105579376220703,0.089098647236824036,0.70690685510635376,0,77.526229858398438,0,49.273971557617188,0.13526155054569244,0,0
1,345,8280,7,0,-9.0861539840698242,10.27271556854248,0.12163955718278885,0.88236826658248901,0,84.275321960449219,0,48.2000732421875,0.035456828773021698,0,0
1,345,8280,0,1,-9.9550876617431641,27.135993957519531,0.17316809296607971,1.4496961832046509,0,81.655128479003906,0,48.450759887695312,0.052736334502696991,0,0
1,345,8280,1,1,-10.135431289672852,5.6775856018066406,0.10135818272829056,1.416235089302063,0,70.596359252929688,0,48.246997833251953,0.36864662170410156,0,0
1,345,8280,2,1,-10.182925224304199,1.2805132865905762,0.046118099242448807,0.55160516500473022,0,61.773876190185547,0,47.573719024658203,0.7270776629447937,0,0
1,345,8280,3,1,-10.06946849822998,0.34695732593536377,0.21176452934741974,10.853941917419434,0.015625,62.151699066162109,0,47.566986083984375,0.85201936960220337,0,0
1,345,8280,4,1,-10.118350982666016,0.652901291847229,0.12894420325756073,0.6281203031539917,0,60.832576751708984,0,45.13458251953125,0.74775266647338867,0,0
1,345,8280,5,1,-10.25847339630127,1.1883727312088013,0.11802492290735245,0.6850273609161377,0,62.541366577148438,0,44.311588287353516,0.57507729530334473,0,0
1,345,8280,6,1,-10.183056831359863,1.2431379556655884,0.14089237153530121,5.5669817924499512,0,63.447463989257812,0,43.475986480712891,0.36107572913169861,0,0
1,345,8280,7,1,-9.5767364501953125,5.2417397499084473,0.088774114847183228,1.0581237077713013,0,75.196739196777344,0,47.496429443359375,0.15548324584960938,0,0
1,345,8280,0,2,-9.7743501663208008,38.746074676513672,0.22419306635856628,1.6304670572280884,0,92.413322448730469,0,48.62872314453125,0.03924865648150444,0,0
1,345,8280,1,2,-10.23735237121582,5.5721898078918457,0.10235548764467239,0.63723772764205933,0,66.911033630371094,0,45.581283569335938,0.25824719667434692,0,0
1,345,8280,2,2,-10.473868370056152,2.2440199851989746,0.15659131109714508,0.60564178228378296,0,59.502204895019531,0,43.557487487792969,0.51259052753448486,0,0
1,345,8280,3,2,-10.578794479370117,1.8836300373077393,0.17252920567989349,0.61662763357162476,0,63.329906463623047,0,42.565555572509766,0.52105695009231567,0,0
1,345,8280,4,2,-10.481073379516602,1.1805441379547119,0.068896874785423279,0.63329118490219116,0,62.944850921630859,0,40.828495025634766,0.41222307085990906,0,0
1,345,8280,5,2,-9.9854850769042969,0.3008841872215271,2.5553760528564453,134.01985168457031,0.015625,65.237251281738281,0,43.196746826171875,0.37110313773155212,0,0
1,345,8280,6,2,-10.072690010070801,0.55481553077697754,0.035184718668460846,0.068712659180164337,0,60.116737365722656,0,42.906803131103516,0.46517938375473022,0,0
1,345,8280,7,2,-9.5852508544921875,5.9001283645629883,0.070379912853240967,0.74150300025939941,0,81.711997985839844,0,50.317405700683594,0.37593847513198853,0,0
1,345,8280,0,3,-9.9739723205566406,43.586318969726562,0.1316603422164917,0.95885586738586426,0,84.12921142578125,0,45.472682952880859,0.036454301327466965,0,0
1,345,8280,1,3,-10.212061882019043,2.9604275226593018,0.35255062580108643,1.0903319120407104,0,63.10955810546875,0,44.644565582275391,0.27301734685897827,0,0
1,345,8280,2,3,-10.051969528198242,1.0416303873062134,0.25622719526290894,3.95220947265625,0,60.788658142089844,0,46.353595733642578,0.58116263151168823,0,0
1,345,8280,3,3,-10.277634620666504,1.0508387088775635,0.079062856733798981,1.1377947330474854,0,59.410701751708984,0,43.648754119873047,0.75681692361831665,0,0
1,345,8280,4,3,-10.261704444885254,0.35825458168983459,0.011017701588571072,0.032432533800601959,0,61.056812286376953,0,42.283248901367188,0.86981713771820068,0,0
1,345,8280,5,3,-10.338766098022461,0.63948065042495728,0.026798149570822716,0.039631597697734833,0,56.131168365478516,0,39.552970886230469,1.0750513076782227,0,0
1,345,8280,6,3,-10.362203598022461,0.60381132364273071,0.022574374452233315,0.042123317718505859,0,61.874153137207031,0,41.344234466552734,1.1943236589431763,0,0
1,345,8280,7,3,-9.734074592590332,8.4903049468994141,0.097703255712985992,0.90546506643295288,0,81.409675598144531,0,45.723098754882812,0.565865159034729,0,0
1,345,8280,0,4,-9.405217170715332,40.446399688720703,0.25945255160331726,1.5326223373413086,0,99.130622863769531,0,49.608707427978516,0.032338045537471771,0,0
1,345,8280,1,4,-9.9349145889282227,4.7431197166442871,0.39806964993476868,15.700605392456055,0.015625,76.590873718261719,0,48.894847869873047,0.25051975250244141,0,0
1,345,8280,2,4,-10.053048133850098,1.0200304985046387,0.16132743656635284,0.64907807111740112,0,64.892562866210938,0,48.117393493652344,0.53569126129150391,0,0
1,345,8280,3,4,-10.371556282043457,1.171068549156189,0.047781024128198624,0.64983433485031128,0,58.481853485107422,0,42.674331665039062,0.79418903589248657,0,0
1,345,8280,4,4,-10.321107864379883,0.36952993273735046,0.014343469403684139,0.036656498908996582,0,57.443939208984375,0,40.720108032226562,0.97059285640716553,0,0
1,345,8280,5,4,-10.469969749450684,0.52711337804794312,0.024086548015475273,0.048298310488462448,0,51.015708923339844,0,36.445091247558594,1.1285367012023926,0,0
1,345,8280,6,4,-10.141941070556641,0.1174318715929985,0.0088155874982476234,0.26200354099273682,0,52.794361114501953,0,37.493419647216797,0.83738583326339722,0,0.00011631337110884488
1,345,8280,7,4,-9.8169441223144531,7.3635764122009277,0.062294170260429382,0.77138972282409668,0,75.588516235351562,0,45.209972381591797,0.73521029949188232,0,0.0037298731040209532
1,345,8280,0,5,-9.666107177734375,34.079444885253906,0.16164256632328033,0.98901784420013428,0,87.503219604492188,0,49.878444671630859,0.042972531169652939,0,0
1,345,8280,1,5,-10.182686805725098,5.1368393898010254,0.1588379442691803,8.6538963317871094,0,74.9542236328125,0,49.4400634765625,0.28562682867050171,0,0
1,345,8280,2,5,-10.21660327911377,0.93640333414077759,0.051937706768512726,0.66102737188339233,0,66.529953002929688,0,47.573444366455078,0.52547675371170044,0,0
1,345,8280,3,5,-10.40396785736084,0.64265263080596924,0.032330147922039032,0.53540229797363281,0,55.139244079589844,0,41.135898590087891,0.86240667104721069,0,0
1,345,8280,4,5,-10.36034107208252,0.32421094179153442,0.014134614728391171,0.027704611420631409,0,58.207805633544922,0,41.209907531738281,0.94114601612091064,0,0
1,345,8280,5,5,-10.19627571105957,0.02927665039896965,0.003742884611710906,0.038046963512897491,0,49.847511291503906,0,36.897689819335938,0.66101688146591187,0,0
1,345,8280,6,5,-10.126505851745605,0,0,0,0,50.986061096191406,0,40.466815948486328,0.68681043386459351,0,0
1,345,8280,7,5,-9.4378461837768555,4.559781551361084,0.10345815867185593,0.85955971479415894,0,74.739677429199219,0,46.449245452880859,0.52192914485931396,0,0
1,345,8280,0,6,-9.7867183685302734,19.05084228515625,0.086623892188072205,0.81522911787033081,0,78.557929992675781,0,48.746875762939453,0.045599039644002914,0,0
1,345,8280,1,6,-10.165116310119629,3.7223429679870605,0.21686996519565582,8.668879508972168,0,71.391448974609375,0,49.178806304931641,0.31691437959671021,0,0
1,345,8280,2,6,-10.229339599609375,0.63416379690170288,0.033738069236278534,0.52102065086364746,0,66.023109436035156,0,48.048858642578125,0.6011233925819397,0,0
1,345,8280,3,6,-10.182136535644531,0.1556469202041626,0.070857301354408264,0.68402361869812012,0,61.569381713867188,0,44.737003326416016,0.7588161826133728,0,0
1,345,8280,4,6,-10.179398536682129,0.048385359346866608,0.0037223757244646549,0.033701915293931961,0,49.943531036376953,0,36.893833160400391,0.47897985577583313,0,0
1,345,8280,5,6,-10.10407543182373,0.012054961174726486,0.022963458672165871,0.69541698694229126,0,50.671298980712891,0,38.617782592773438,0.58483117818832397,0,0
1,345,8280,6,6,-9.8260974884033203,0,0.037767749279737473,0.66008907556533813,0,49.086040496826172,0,41.016864776611328,0.67237663269042969,0,0
1,345,8280,7,6,-9.3701229095458984,2.5112476348876953,0.073687545955181122,0.95198202133178711,0,68.439498901367188,0,46.093593597412109,0.53897207975387573,0,0
1,345,8280,0,7,-9.3496665954589844,11.81376838684082,0.14413467049598694,1.0777828693389893,0,80.629890441894531,0,49.14031982421875,0.024847442284226418,0,0
1,345,8280,1,7,-9.8567590713500977,7.8482246398925781,0.065372578799724579,0.75545662641525269,0,74.068016052246094,0,49.327301025390625,0.054678499698638916,0,0
1,345,8280,2,7,-9.7936305999755859,6.2974510192871094,0.062578991055488586,0.85773789882659912,0,76.880569458007812,0,49.358848571777344,0.041189111769199371,0,0
1,345,8280,3,7,-9.6534490585327148,6.3123855590820312,0.045444704592227936,0.65611910820007324,0,70.478431701660156,0,47.573612213134766,0.035466257482767105,0,0
1,345,8280,4,7,-9.7382783889770508,7.1115784645080566,0.06532636284828186,0.73738127946853638,0,71.880035400390625,0,47.896282196044922,0.019146732985973358,0,0
1,345,8280,5,7,-9.623316764831543,7.5085358619689941,0.044506922364234924,0.77361935377120972,0,69.168693542480469,0,48.487705230712891,0.02386598102748394,0,0
1,345,8280,6,7,-9.44659423828125,7.5596976280212402,0.089635461568832397,0.71077811717987061,0,67.899078369140625,0,49.768230438232422,0.056033451110124588,0,0
1,345,8280,7,7,-9.035487174987793,7.5490069389343262,0.12611615657806396,0.88064068555831909,0,77.330718994140625,0,51.048393249511719,0.044526312500238419,0,0
1,360,8640,0,0,-9.553654670715332,29.190614700317383,0.1172628253698349,1.2712876796722412,0,86.208564758300781,0,44.214126586914062,0.022446418181061745,0,0
1,360,8640,1,0,-9.562748908996582,13.335086822509766,0.079647623002529144,1.0045098066329956,0,79.056770324707031,0,45.057109832763672,0.050362005829811096,0,0
1,360,8640,2,0,-9.3679780960083008,14.121037483215332,0.13711105287075043,1.2052253484725952,0,81.101310729980469,0,45.468376159667969,0.016855048015713692,0,0
1,360,8640,3,0,-9.2410659790039062,11.833772659301758,0.15437257289886475,1.0752238035202026,0,78.82177734375,0,45.516349792480469,0.0072243670001626015,0,0
1,360,8640,4,0,-9.3134088516235352,13.240744590759277,0.072377480566501617,0.72697079181671143,0,75.976905822753906,0,45.292739868164062,0.045860845595598221,0,0
1,360,8640,5,0,-9.1540994644165039,11.195681571960449,0.10905558615922928,1.0232903957366943,0,78.374778747558594,0,44.677204132080078,0.045351356267929077,0,0
1,360,8640,6,0,-9.1364278793334961,10.918025970458984,0.085700944066047668,1.2122753858566284,0,77.414878845214844,0,43.438236236572266,0.061586480587720871,0,0
1,360,8640,7,0,-8.9498786926269531,14.526565551757812,0.10387183725833893,0.86834609508514404,0,84.174812316894531,0,42.492282867431641,0.030794877558946609,0,0
1,360,8640,0,1,-9.7955703735351562,36.557395935058594,0.1874677985906601,1.7571713924407959,0,81.557937622070312,0,42.712089538574219,0.047684170305728912,0,0
1,360,8640,1,1,-10.071617126464844,11.960352897644043,0.10140183568000793,1.728766918182373,0,70.596359252929688,0,42.532459259033203,0.27964970469474792,0,0
1,360,8640,2,1,-10.037214279174805,2.9662203788757324,0.037183117121458054,0.54842895269393921,0,61.774089813232422,0,41.938919067382812,0.45206668972969055,0,0
1,360,8640,3,1,-9.8873777389526367,0.6470876932144165,0.38222187757492065,22.582660675048828,0.015625,62.151935577392578,0,41.933158874511719,0.49194896221160889,0,0
1,360,8640,4,1,-9.9439659118652344,1.0194178819656372,0.16163511574268341,1.086115837097168,0,60.832698822021484,0,39.787593841552734,0.4739890992641449,0,0
1,360,8640,5,1,-10.099442481994629,2.3980722427368164,0.11980534344911575,0.64966219663619995,0,62.539649963378906,0,39.063022613525391,0.4946463406085968,0,0
1,360,8640,6,1,-10.014447212219238,2.6443367004394531,0.24181465804576874,12.059006690979004,0.015625,63.42657470703125,0,38.325172424316406,0.23529168963432312,0,0
1,360,8640,7,1,-9.4209737777709961,10.216543197631836,0.08431755006313324,0.99585342407226562,0,75.007675170898438,0,41.870952606201172,0.085425309836864471,0,0
1,360,8640,0,2,-9.6056890487670898,53.329093933105469,0.21881657838821411,1.5493422746658325,0,92.297958374023438,0,42.869056701660156,0.036545876413583755,0,0
1,360,8640,1,2,-10.183893203735352,11.780191421508789,0.055120266973972321,0.62803620100021362,0,66.910041809082031,0,40.182472229003906,0.25414824485778809,0,0
1,360,8640,2,2,-10.349932670593262,4.862032413482666,0.1132013276219368,0.59195590019226074,0,59.502330780029297,0,38.398387908935547,0.48129785060882568,0,0
1,360,8640,3,2,-10.429926872253418,3.4316020011901855,0.14798000454902649,0.61613929271697998,0,63.329715728759766,0,37.522727966308594,0.35987403988838196,0,0
1,360,8640,4,2,-10.317449569702148,2.1300904750823975,0.051456067711114883,0.63128650188446045,0,62.944202423095703,0,35.986072540283203,0.25783887505531311,0,0
1,360,8640,5,2,-9.7701520919799805,0.35210755467414856,3.2590110301971436,158.89938354492188,0.0625,65.237373352050781,0,38.081882476806641,0.22553911805152893,0,0
1,360,8640,6,2,-9.9023380279541016,0.82491099834442139,0.020034227520227432,0.039309702813625336,0,60.116962432861328,0,37.822803497314453,0.33734428882598877,0,0
1,360,8640,7,2,-9.4216928482055664,10.461152076721191,0.063835121691226959,0.64321446418762207,0,81.647636413574219,0,44.357616424560547,0.23570026457309723,0,0
1,360,8640,0,3,-9.8408708572387695,63.83331298828125,0.12073235213756561,0.95658594369888306,0,83.515716552734375,0,40.086864471435547,0.019065925851464272,0,0
1,360,8640,1,3,-10.025879859924316,5.687842845916748,0.61665338277816772,1.9135427474975586,0,63.109222412109375,0,39.356704711914062,0.10601207613945007,0,0
1,360,8640,2,3,-9.8551549911499023,1.4615527391433716,0.46021562814712524,8.6326122283935547,0,60.788990020751953,0,40.863204956054688,0.23589664697647095,0,0
1,360,8640,3,3,-10.103848457336426,1.4800212383270264,0.10927923023700714,1.9481619596481323,0,59.411083221435547,0,38.476482391357422,0.38243880867958069,0,0
1,360,8640,4,3,-10.087379455566406,0.46182650327682495,0.0056611970067024231,0.023137789219617844,0,61.057037353515625,0,37.273052215576172,0.58616739511489868,0,0
1,360,8640,5,3,-10.163690567016602,0.68404215574264526,0.014414003118872643,0.028860872611403465,0,56.131546020507812,0,34.852642059326172,0.91392761468887329,0,0
1,360,8640,6,3,-10.19059944152832,0.90726858377456665,0.011325537227094173,0.030411511659622192,0,61.874439239501953,0,36.437484741210938,1.1177901029586792,0,0
1,360,8640,7,3,-9.5686349868774414,14.209943771362305,0.09338071197271347,0.8965943455696106,0,81.048477172851562,0,40.306602478027344,0.39090976119041443,0,0
1,360,8640,0,4,-9.2451133728027344,56.631420135498047,0.25023394823074341,1.4857026338577271,0,98.983619689941406,0,43.734424591064453,0.031824834644794464,0,0
1,360,8640,1,4,-9.8438043594360352,10.567240715026855,0.70067042112350464,31.461196899414062,0.015625,76.590797424316406,0,43.104118347167969,0.22463679313659668,0,0
1,360,8640,2,4,-9.8858709335327148,1.9257413148880005,0.21002145111560822,0.93021845817565918,0,64.885154724121094,0,42.418201446533203,0.45609813928604126,0,0
1,360,8640,3,4,-10.209185600280762,1.9243630170822144,0.038122173398733139,0.64959025382995605,0,58.482234954833984,0,37.617397308349609,0.67757213115692139,0,0
1,360,8640,4,4,-10.146520614624023,0.53095954656600952,0.0077078710310161114,0.030426885932683945,0,57.444221496582031,0,35.883758544921875,0.89537501335144043,0,0
1,360,8640,5,4,-10.296200752258301,0.74133133888244629,0.013996186666190624,0.038654904812574387,0,51.016067504882812,0,32.074882507324219,1.1855682134628296,0,0
1,360,8640,6,4,-9.965113639831543,0.20834891498088837,0.0039312150329351425,0.093205496668815613,0,52.794532775878906,0,32.996677398681641,1.0500607490539551,0,0.00011266379442531615
1,360,8640,7,4,-9.6478948593139648,13.319493293762207,0.052947483956813812,0.76895046234130859,0,75.459121704101562,0,39.831657409667969,0.73647499084472656,0,0.0036103315651416779
1,360,8640,0,5,-9.5034389495849609,46.520721435546875,0.15785829722881317,0.98185133934020996,0,87.475151062011719,0,43.970767974853516,0.045997831970453262,0,0
1,360,8640,1,5,-10.116827011108398,11.585123062133789,0.26967224478721619,16.502580642700195,0.015625,74.918304443359375,0,43.584243774414062,0.2733648419380188,0,0
1,360,8640,2,5,-10.055283546447754,1.962324857711792,0.05754224956035614,0.78988277912139893,0,66.530075073242188,0,41.937973022460938,0.43251985311508179,0,0
1,360,8640,3,5,-10.233709335327148,1.0331567525863647,0.028726700693368912,0.53924614191055298,0,55.139625549316406,0,36.242900848388672,0.75142163038253784,0,0
1,360,8640,4,5,-10.185929298400879,0.50400924682617188,0.0095004774630069733,0.024863224476575851,0,58.208061218261719,0,36.312522888183594,0.94092154502868652,0,0
1,360,8640,5,5,-10.017670631408691,0.0040086754597723484,0.0010503076482564211,0.034147311002016068,0,49.847648620605469,0,32.447662353515625,0.83759784698486328,0,0
1,360,8640,6,5,-9.9475574493408203,0,0,0,0,50.986225128173828,0,35.605495452880859,0.83820140361785889,0,0
1,360,8640,7,5,-9.2708988189697266,8.8015842437744141,0.098760396242141724,0.81335139274597168,0,74.634933471679688,0,40.932819366455078,0.55245089530944824,0,0
1,360,8640,0,6,-9.6711158752441406,25.970365524291992,0.078272663056850433,0.81364232301712036,0,78.326072692871094,0,42.973197937011719,0.050565630197525024,0,0
1,360,8640,1,6,-10.044458389282227,7.8206062316894531,0.39390826225280762,16.496267318725586,0.015625,71.391448974609375,0,43.353900909423828,0.32420206069946289,0,0
1,360,8640,2,6,-10.066503524780273,1.4846447706222534,0.035166855901479721,0.68106609582901001,0,66.023239135742188,0,42.357784271240234,0.56856948137283325,0,0
1,360,8640,3,6,-10.006027221679688,0.19391451776027679,0.064923994243144989,0.67866599559783936,0,61.569652557373047,0,39.425224304199219,0.62258017063140869,0,0
1,360,8640,4,6,-10.001391410827637,0.070486694574356079,0.0028423720505088568,0.02869139239192009,0,49.943721771240234,0,32.444522857666016,0.60483968257904053,0,0
1,360,8640,5,6,-9.9254617691040039,0.00064751680474728346,0.020015047863125801,0.65852975845336914,0,50.671443939208984,0,33.969696044921875,0.78337162733078003,0,0
1,360,8640,6,6,-9.6481781005859375,0,0.029282229021191597,0.65755760669708252,0,49.086154937744141,0,36.095138549804688,0.87333732843399048,0,0
1,360,8640,7,6,-9.2021675109863281,4.8954691886901855,0.070073112845420837,0.89519244432449341,0,68.406044006347656,0,40.597801208496094,0.58019042015075684,0,0
1,360,8640,0,7,-9.2239770889282227,14.61577033996582,0.12493733316659927,1.0855677127838135,0,80.599800109863281,0,43.321269989013672,0.030955145135521889,0,0
1,360,8640,1,7,-9.701420783996582,9.6323909759521484,0.052025802433490753,0.69975006580352783,0,73.974052429199219,0,43.484806060791016,0.059228885918855667,0,0
1,360,8640,2,7,-9.631627082824707,7.6397967338562012,0.048773795366287231,0.84506380558013916,0,76.878952026367188,0,43.513751983642578,0.085337750613689423,0,0
1,360,8640,3,7,-9.4938278198242188,7.5242676734924316,0.055208601057529449,0.64871257543563843,0,70.477264404296875,0,41.929088592529297,0.065392464399337769,0,0
1,360,8640,4,7,-9.5786409378051758,8.4511356353759766,0.059109333902597427,0.73239296674728394,0,71.766876220703125,0,42.211128234863281,0.057040262967348099,0,0
1,360,8640,5,7,-9.458125114440918,8.9505538940429688,0.043329406529664993,0.74314242601394653,0,69.102684020996094,0,42.731285095214844,0.13623863458633423,0,0
1,360,8640,6,7,-9.2778921127319336,8.9049835205078125,0.0854325070977211,0.67906862497329712,0,67.813583374023438,0,43.865821838378906,0.22097529470920563,0,0
1,360,8640,7,7,-8.8685503005981445,9.4620637893676758,0.12322593480348587,0.83623051643371582,0,77.318885803222656,0,45.003070831298828,0.13372473418712616,0,0
1,365,8760,0,0,-9.4768075942993164,33.083469390869141,0.11808807402849197,1.2904855012893677,0,86.150779724121094,0,42.394680023193359,0.00012183860235381871,0,0
1,365,8760,1,0,-9.4860773086547852,15.55157470703125,0.087462082505226135,1.0160865783691406,0,79.04327392578125,0,43.203029632568359,0.003896248759701848,0,0
1,365,8760,2,0,-9.2767753601074219,16.003643035888672,0.14669111371040344,1.2212433815002441,0,81.101181030273438,0,43.598064422607422,0.019521530717611313,0,0
1,365,8760,3,0,-9.1494598388671875,13.56043529510498,0.16385601460933685,1.0907243490219116,0,78.765083312988281,0,43.64410400390625,0.039499793201684952,0,0
1,365,8760,4,0,-9.2158241271972656,15.067180633544922,0.083138130605220795,0.73056542873382568,0,75.95452880859375,0,43.429203033447266,0.042468603700399399,0,0
1,365,8760,5,0,-9.0599594116210938,12.871610641479492,0.12028904259204865,1.0353964567184448,0,78.347587585449219,0,42.839458465576172,0.029405089095234871,0,0
1,365,8760,6,0,-9.0376443862915039,12.61155891418457,0.11019928008317947,1.5436462163925171,0,77.376495361328125,0,41.651355743408203,0.021355589851737022,0,0
1,365,8760,7,0,-8.8586311340332031,16.248630523681641,0.11239530891180038,0.8856702446937561,0,84.137557983398438,0,40.744888305664062,0.00017749716062098742,0,0
1,365,8760,0,1,-9.7050018310546875,40.776790618896484,0.19091920554637909,1.7476547956466675,0,81.552581787109375,0,40.954433441162109,0.00016955850878730416,0,0
1,365,8760,1,1,-10.004388809204102,13.520481109619141,0.10817436873912811,1.7250927686691284,0,70.596359252929688,0,40.782188415527344,0.013643311336636543,0,0
1,365,8760,2,1,-9.9467544555664062,3.6223723888397217,0.058396279811859131,0.58949863910675049,0,61.774162292480469,0,40.21307373046875,0.088166937232017517,0,0
1,365,8760,3,1,-9.7808170318603516,0.62033015489578247,0.46456554532051086,26.943704605102539,0.015625,62.152004241943359,0,40.208087921142578,0.20969989895820618,0,0
1,365,8760,4,1,-9.8378829956054688,1.1014742851257324,0.18551753461360931,1.6942840814590454,0,60.832775115966797,0,38.149932861328125,0.21655605733394623,0,0
1,365,8760,5,1,-10.000032424926758,2.7012677192687988,0.14418967068195343,0.60941147804260254,0,62.539608001708984,0,37.455482482910156,0.13811701536178589,0,0
1,365,8760,6,1,-9.9155092239379883,2.9962742328643799,0.27908283472061157,13.510951995849609,0.015625,63.414333343505859,0,36.747837066650391,0.069459132850170135,0,0
1,365,8760,7,1,-9.3324375152587891,11.159514427185059,0.088182017207145691,0.99999016523361206,0,74.909683227539062,0,40.148445129394531,0.0046060187742114067,0,0
1,365,8760,0,2,-9.5177059173583984,59.300956726074219,0.22081303596496582,1.5839704275131226,0,92.237533569335938,0,41.105094909667969,4.1300504562968854E-06,0,0
1,365,8760,1,2,-10.112223625183105,12.994771957397461,0.05257045105099678,0.6310076117515564,0,66.909576416015625,0,38.528907775878906,0.010778297670185566,0,0
1,365,8760,2,2,-10.265334129333496,5.6007766723632812,0.12175588309764862,0.60323584079742432,0,59.502414703369141,0,36.818241119384766,0.069622866809368134,0,0
1,365,8760,3,2,-10.336566925048828,3.9098358154296875,0.16282440721988678,0.62070518732070923,0,63.329761505126953,0,35.978229522705078,0.1657489538192749,0,0
1,365,8760,4,2,-10.218740463256836,2.3375811576843262,0.059190481901168823,0.63668531179428101,0,62.944221496582031,0,34.503101348876953,0.24721729755401611,0,0
1,365,8760,5,2,-9.655487060546875,0.31929501891136169,3.4829702377319336,166.19068908691406,0.0625,65.237419128417969,0,36.516891479492188,0.20307603478431702,0,0
1,365,8760,6,2,-9.7939443588256836,0.82091611623764038,0.051029760390520096,0.091726973652839661,0,60.117038726806641,0,36.265712738037109,0.16779991984367371,0,0
1,365,8760,7,2,-9.3263492584228516,11.840033531188965,0.073974825441837311,0.64579319953918457,0,81.626274108886719,0,42.532493591308594,0.024781782180070877,0,0
1,365,8760,0,3,-9.7585172653198242,70.921699523925781,0.12293693423271179,0.96458691358566284,0,83.288948059082031,0,38.437473297119141,5.7916462537832558E-05,0,0
1,365,8760,1,3,-9.9222040176391602,6.3810038566589355,0.72319620847702026,2.207045316696167,0,63.109256744384766,0,37.73712158203125,0.028874417766928673,0,0
1,365,8760,2,3,-9.743382453918457,1.6356539726257324,0.56009811162948608,10.313863754272461,0.03125,60.789112091064453,0,39.181594848632812,0.064840883016586304,0,0
1,365,8760,3,3,-9.9986419677734375,1.6138995885848999,0.15097786486148834,2.267930269241333,0,59.411212921142578,0,36.892368316650391,0.1491527259349823,0,0
1,365,8760,4,3,-9.9824304580688477,0.46655943989753723,0.015764420852065086,0.052992064505815506,0,61.057117462158203,0,35.738571166992188,0.30087029933929443,0,0
1,365,8760,5,3,-10.056291580200195,0.65105807781219482,0.036629717797040939,0.0578298419713974,0,56.131668090820312,0,33.413448333740234,0.3108316957950592,0,0
1,365,8760,6,3,-10.085192680358887,0.90490984916687012,0.033885866403579712,0.062091760337352753,0,61.874534606933594,0,34.934906005859375,0.24602837860584259,0,0
1,365,8760,7,3,-9.4760761260986328,15.988085746765137,0.10140225291252136,0.90553885698318481,0,80.926002502441406,0,38.647850036621094,0.050245426595211029,0,0
1,365,8760,0,4,-9.154815673828125,62.805538177490234,0.25323998928070068,1.5045745372772217,0,98.907997131347656,0,41.936313629150391,6.8807048592134379E-07,0,0
1,365,8760,1,4,-9.7640371322631836,12.043930053710938,0.81168568134307861,36.780548095703125,0.015625,76.590797424316406,0,41.330783843994141,0.028750963509082794,0,0
1,365,8760,2,4,-9.7803869247436523,2.0899856090545654,0.26690024137496948,1.1276620626449585,0,64.882698059082031,0,40.672634124755859,0.099833406507968903,0,0
1,365,8760,3,4,-10.106993675231934,2.069814920425415,0.064443424344062805,0.65517610311508179,0,58.482364654541016,0,36.068611145019531,0.17832343280315399,0,0
1,365,8760,4,4,-10.042294502258301,0.55258923768997192,0.018683876842260361,0.063445739448070526,0,57.444309234619141,0,34.402839660644531,0.22965556383132935,0,0
1,365,8760,5,4,-10.190228462219238,0.70951825380325317,0.03384462371468544,0.07799212634563446,0,51.016178131103516,0,30.737876892089844,0.18904565274715424,0,0
1,365,8760,6,4,-9.8612298965454102,0.17977225780487061,0.0042750355787575245,0.037026312202215195,0,52.794563293457031,0,31.620998382568359,0.21032188832759857,0,0.00011149741476401687
1,365,8760,7,4,-9.5528287887573242,14.898456573486328,0.055013436824083328,0.72315746545791626,0,75.41510009765625,0,38.185050964355469,0.053996015340089798,0,0.0035721699241548777
1,365,8760,0,5,-9.4125251770019531,51.157546997070312,0.16034159064292908,0.99955517053604126,0,87.457107543945312,0,42.161605834960938,3.0758978937228676E-06,0,0
1,365,8760,1,5,-10.059994697570801,13.523337364196777,0.31047198176383972,18.94615364074707,0.015625,74.906295776367188,0,41.790882110595703,0.023772336542606354,0,0
1,365,8760,2,5,-9.953125,2.1007611751556396,0.086053743958473206,0.84869617223739624,0,66.530128479003906,0,40.211940765380859,0.12004368007183075,0,0
1,365,8760,3,5,-10.128057479858398,1.0666240453720093,0.057391215115785599,0.55894875526428223,0,55.139751434326172,0,34.744838714599609,0.17853833734989166,0,0
1,365,8760,4,5,-10.082094192504883,0.54254919290542603,0.021826425567269325,0.052067194133996964,0,58.208145141601562,0,34.812999725341797,0.083435170352458954,0,0
1,365,8760,5,5,-9.9139986038208008,0.0026831221766769886,0.00014398214989341795,0.0082572959363460541,0,49.847686767578125,0,31.086980819702148,0.11588036268949509,0,0
1,365,8760,6,5,-9.8439741134643555,0.00097701582126319408,0,0,0,50.986251831054688,0,34.118499755859375,0.18790657818317413,0,0
1,365,8760,7,5,-9.1752243041992188,9.6859283447265625,0.099088907241821289,0.7751537561416626,0,74.596084594726562,0,39.244159698486328,0.034260407090187073,0,0
1,365,8760,0,6,-9.5921897888183594,28.703340530395508,0.078685961663722992,0.82140612602233887,0,78.24322509765625,0,41.204902648925781,1.8455363033353933E-06,0,0
1,365,8760,1,6,-9.9680147171020508,8.9235286712646484,0.46251693367958069,18.921945571899414,0.015625,71.391448974609375,0,41.569896697998047,0.013773658312857151,0,0
1,365,8760,2,6,-9.9659824371337891,1.7410191297531128,0.053324572741985321,0.79578274488449097,0,66.023284912109375,0,40.614700317382812,0.016751272603869438,0,0
1,365,8760,3,6,-9.8995532989501953,0.15109656751155853,0.080225817859172821,0.7107509970664978,0,61.569732666015625,0,37.798683166503906,0.028547193855047226,0,0
1,365,8760,4,6,-9.893402099609375,0.054980851709842682,0.0048732617869973183,0.051142066717147827,0,49.943767547607422,0,31.084053039550781,0.015069351531565189,0,0
1,365,8760,5,6,-9.8194284439086914,0.00015798356616869569,0.019373234361410141,0.65534746646881104,0,50.671497344970703,0,32.548191070556641,0.020550379529595375,0,0
1,365,8760,6,6,-9.5416717529296875,0.00043822318548336625,0.040297746658325195,0.66297644376754761,0,49.086196899414062,0,34.589504241943359,0.11686233431100845,0,0
1,365,8760,7,6,-9.1029472351074219,5.0466747283935547,0.068720445036888123,0.85732585191726685,0,68.395103454589844,0,38.915912628173828,0.025353047996759415,0,0
1,365,8760,0,7,-9.1620674133300781,16.614885330200195,0.12582644820213318,1.0706006288528442,0,80.579917907714844,0,41.539405822753906,7.0979729255640778E-13,0,0
1,365,8760,1,7,-9.5973024368286133,10.57773494720459,0.058537770062685013,0.69530296325683594,0,73.956764221191406,0,41.695350646972656,8.0156924013863318E-06,0,0
1,365,8760,2,7,-9.5251483917236328,8.4402132034301758,0.048650655895471573,0.84892600774765015,0,76.875144958496094,0,41.723682403564453,7.6303473406369449E-07,0,0
1,365,8760,3,7,-9.3934974670410156,8.4171514511108398,0.058636520057916641,0.65950340032577515,0,70.477264404296875,0,40.200592041015625,2.170084735553246E-05,0,0
1,365,8760,4,7,-9.4688854217529297,9.3631162643432617,0.057103492319583893,0.73017174005508423,0,71.728225708007812,0,40.47021484375,2.0108265744056553E-05,0,0
1,365,8760,5,7,-9.3457536697387695,9.862614631652832,0.042992517352104187,0.72657179832458496,0,69.080551147460938,0,40.968753814697266,3.7541092751780525E-05,0,0
1,365,8760,6,7,-9.1686801910400391,9.8034782409667969,0.083920471370220184,0.66360241174697876,0,67.785919189453125,0,42.058509826660156,0.0010603880509734154,0,0
1,365,8760,7,7,-8.7661962509155273,10.170708656311035,0.1234896183013916,0.82432752847671509,0,77.315208435058594,0,43.152153015136719,1.3543083696276881E-05,0,0
