year,day,elapsed_hours,region_x,region_y,temperature_c,snow_mm,surface_water_mean_mm,surface_water_max_mm,flooded_fraction,root_water_mm,water_stress_fraction,live_biomass_gm2,dust_gm2,burning_fraction,burn_scar
1,30,720,0,0,-8.9297246932983398,19.818241119384766,0.026565423235297203,0.14682537317276001,0,55.841659545898438,0,24.373468399047852,0.33332186937332153,0,0
1,30,720,1,0,-8.9242191314697266,13.535703659057617,0.032891515642404556,0.076185315847396851,0,55.701145172119141,0,24.779748916625977,1.090440034866333,0,0
1,30,720,2,0,-8.7262563705444336,12.32978630065918,0.047780625522136688,0.093787379562854767,0,54.96990966796875,0,24.6925048828125,0.99902325868606567,0,0
1,30,720,3,0,-8.5851964950561523,12.918770790100098,0.04388582706451416,0.090902671217918396,0,58.611034393310547,0,25.401397705078125,0.8229491114616394,0,0
1,30,720,4,0,-8.6621274948120117,13.835488319396973,0.030459074303507805,0.084112763404846191,0,58.959075927734375,0,25.511390686035156,1.1943517923355103,0,0
1,30,720,5,0,-8.4740447998046875,11.302555084228516,0.061739508062601089,0.26679298281669617,0,54.345378875732422,0,23.935152053833008,0.91647833585739136,0,0
1,30,720,6,0,-8.4170265197753906,9.2071170806884766,0.095282629132270813,0.32914400100708008,0,51.3555908203125,0,22.467939376831055,0.99871909618377686,0,0
1,30,720,7,0,-8.2348976135253906,9.1748666763305664,0.092410273849964142,0.47770661115646362,0,52.926246643066406,0,21.550352096557617,1.0370526313781738,0,0
1,30,720,0,1,-9.0965251922607422,21.326339721679688,0.039771609008312225,0.080423325300216675,0,51.887100219726562,0,22.993345260620117,0.53581458330154419,0,0
1,30,720,1,1,-9.2176914215087891,11.030397415161133,0.04491940513253212,0.081409603357315063,0,53.998306274414062,0,23.321130752563477,1.8690069913864136,0,0
1,30,720,2,1,-9.2448596954345703,10.424211502075195,0.055910278111696243,0.09020967036485672,0,51.358612060546875,0,23.355144500732422,1.8830939531326294,0,0
1,30,720,3,1,-9.177337646484375,11.179238319396973,0.04523037001490593,0.092661038041114807,0,54.769550323486328,0,24.123758316040039,2.2327439785003662,0,0
1,30,720,4,1,-9.2121925354003906,10.705547332763672,0.053428418934345245,0.092165865004062653,0,55.95684814453125,0,22.82554817199707,2.1071031093597412,0,0
1,30,720,5,1,-9.3637018203735352,12.210481643676758,0.04593643918633461,0.14760541915893555,0,56.217891693115234,0,22.255636215209961,1.582267165184021,0,0
1,30,720,6,1,-9.2138881683349609,10.377801895141602,0.065985366702079773,0.24322251975536346,0,54.993156433105469,0,21.8648681640625,1.2895750999450684,0,0
1,30,720,7,1,-8.5277242660522461,9.3038339614868164,0.076071552932262421,0.29779374599456787,0,55.184345245361328,0,22.966337203979492,0.76531535387039185,0,0
1,30,720,0,2,-9.0342445373535156,23.426139831542969,0.047439660876989365,0.10729097574949265,0,49.564208984375,0,22.481048583984375,0.48148280382156372,0,0
1,30,720,1,2,-9.3716754913330078,11.068740844726562,0.049138512462377548,0.081754133105278015,0,51.075069427490234,0,21.583969116210938,1.8062742948532104,0,0
1,30,720,2,2,-9.5941085815429688,11.983489036560059,0.045427776873111725,0.09083179384469986,0,51.212223052978516,0,21.387552261352539,1.9980792999267578,0,0
1,30,720,3,2,-9.6924839019775391,12.038076400756836,0.049331240355968475,0.15163853764533997,0,54.273311614990234,0,21.722047805786133,1.4328000545501709,0,0
1,30,720,4,2,-9.4622688293457031,10.633655548095703,0.054767996072769165,0.1980418860912323,0,55.228507995605469,0,22.390892028808594,1.2834938764572144,0,0
1,30,720,5,2,-9.0960893630981445,9.4107303619384766,0.067353971302509308,0.33819955587387085,0,54.161853790283203,0,23.456594467163086,1.2959094047546387,0,0
1,30,720,6,2,-9.0914402008056641,8.8133602142333984,0.072855740785598755,0.11916249990463257,0,51.879146575927734,0,23.206388473510742,1.6378480195999146,0,0
1,30,720,7,2,-8.6984739303588867,10.339401245117188,0.054291412234306335,0.11214045435190201,0,56.845493316650391,0,24.760984420776367,1.5720847845077515,0,0
1,30,720,0,3,-9.2396421432495117,25.020908355712891,0.044844117015600204,0.11140887439250946,0,48.975360870361328,0,20.573883056640625,0.35544300079345703,0,0
1,30,720,1,3,-9.1855125427246094,9.6452484130859375,0.066152535378932953,0.28155761957168579,0,53.520965576171875,0,22.168098449707031,1.0971462726593018,0,0
1,30,720,2,3,-9.1440973281860352,11.762639045715332,0.043587170541286469,0.11012896150350571,0,56.407207489013672,0,24.688325881958008,1.1589473485946655,0,0
1,30,720,3,3,-9.3648862838745117,11.428092002868652,0.04413292184472084,0.085240647196769714,0,52.571708679199219,0,23.201486587524414,1.7545764446258545,0,0
1,30,720,4,3,-9.2466220855712891,8.4722127914428711,0.068769253790378571,0.10954542458057404,0,52.571369171142578,0,21.587261199951172,2.2828965187072754,0,0
1,30,720,5,3,-9.3222837448120117,9.0499048233032227,0.071473710238933563,0.093174271285533905,0,50.653076171875,0,21.554964065551758,2.0650334358215332,0,0
1,30,720,6,3,-9.3727741241455078,8.5319395065307617,0.072673246264457703,0.13440209627151489,0,50.061183929443359,0,21.482948303222656,2.4690666198730469,0,0
1,30,720,7,3,-8.8203830718994141,9.4245023727416992,0.08662772923707962,0.46108880639076233,0,54.655258178710938,0,22.233154296875,1.7189456224441528,0,0
1,30,720,0,4,-8.7600555419921875,23.261919021606445,0.052539106458425522,0.10016991198062897,0,49.921226501464844,0,22.200483322143555,0.49068695306777954,0,0
1,30,720,1,4,-9.1116619110107422,11.142248153686523,0.044349502772092819,0.08719470351934433,0,56.895523071289062,0,24.231658935546875,1.7545425891876221,0,0
1,30,720,2,4,-9.2283840179443359,13.348747253417969,0.022916343063116074,0.059667959809303284,0,59.074848175048828,0,25.134204864501953,2.0828607082366943,0,0
1,30,720,3,4,-9.4408988952636719,10.383837699890137,0.054958432912826538,0.1038505882024765,0,48.891162872314453,0,22.090192794799805,2.3486661911010742,0,0
1,30,720,4,4,-9.2696247100830078,7.4305567741394043,0.081151746213436127,0.12191826105117798,0,48.671669006347656,0,20.41319465637207,2.3578355312347412,0,0
1,30,720,5,4,-9.4159269332885742,8.9518098831176758,0.070974893867969513,0.38219496607780457,0,46.486213684082031,0,20.405323028564453,2.4525666236877441,0,0
1,30,720,6,4,-8.9697494506835938,6.4097452163696289,0.14477743208408356,0.51539105176925659,0,48.293483734130859,0,19.606195449829102,2.1598670482635498,0,0
1,30,720,7,4,-8.8451070785522461,8.2600307464599609,0.088117606937885284,0.42816805839538574,0,51.283599853515625,0,22.170024871826172,1.5177783966064453,0,0
1,30,720,0,5,-8.880763053894043,21.481534957885742,0.046126939356327057,0.093993328511714935,0,51.236198425292969,0,23.141574859619141,0.47405728697776794,0,0
1,30,720,1,5,-9.3934745788574219,13.471905708312988,0.023962400853633881,0.075172841548919678,0,58.282459259033203,0,25.126871109008789,1.8001229763031006,0,0
1,30,720,2,5,-9.3467769622802734,12.939040184020996,0.0295881237834692,0.071926884353160858,0,58.939281463623047,0,24.885778427124023,1.8635205030441284,0,0
1,30,720,3,5,-9.4199533462524414,10.030975341796875,0.060208674520254135,0.11319601535797119,0,49.788173675537109,0,21.772293090820312,2.0891587734222412,0,0
1,30,720,4,5,-9.3437356948852539,8.8440361022949219,0.072810396552085876,0.42668235301971436,0,48.213043212890625,0,20.67864990234375,2.4307279586791992,0,0
1,30,720,5,5,-9.0389089584350586,7.0605759620666504,0.14437124133110046,0.52102917432785034,0,47.397502899169922,0,20.110164642333984,1.779982328414917,0,0
1,30,720,6,5,-8.9789857864379883,7.7144055366516113,0.087582692503929138,0.32173547148704529,0,49.625026702880859,0,22.076366424560547,1.7774465084075928,0,0
1,30,720,7,5,-8.4096527099609375,6.281242847442627,0.12426356226205826,0.41427108645439148,0,48.723804473876953,0,21.955486297607422,1.763396143913269,0,0
1,30,720,0,6,-8.9775009155273438,16.084774017333984,0.062026340514421463,0.11445485800504684,0,44.986431121826172,0,21.635744094848633,0.55208092927932739,0,0
1,30,720,1,6,-9.3202371597290039,11.539016723632812,0.040971629321575165,0.073271021246910095,0,55.580791473388672,0,24.16552734375,1.8772331476211548,0,0
1,30,720,2,6,-9.3639354705810547,12.972294807434082,0.026747459545731544,0.068015433847904205,0,58.443717956542969,0,24.576190948486328,1.9351906776428223,0,0
1,30,720,3,6,-9.2430934906005859,10.499876022338867,0.057562727481126785,0.27524557709693909,0,52.542362213134766,0,22.600469589233398,2.2649948596954346,0,0
1,30,720,4,6,-9.0329513549804688,7.5109806060791016,0.11958817392587662,0.46876236796379089,0,48.074867248535156,0,20.095273971557617,1.9382858276367188,0,0
1,30,720,5,6,-8.9684057235717773,7.147000789642334,0.091516084969043732,0.19504474103450775,0,46.733089447021484,0,20.848432540893555,1.7215325832366943,0,0
1,30,720,6,6,-8.6346225738525391,6.5415048599243164,0.09986383467912674,0.27620887756347656,0,49.067741394042969,0,21.758415222167969,2.1986980438232422,0,0
1,30,720,7,6,-8.2720499038696289,6.5167241096496582,0.11278979480266571,0.35899806022644043,0,48.71051025390625,0,22.270978927612305,1.7111095190048218,0,0
1,30,720,0,7,-8.6543178558349609,12.340291976928711,0.062182441353797913,0.33918651938438416,0,48.86676025390625,0,22.125226974487305,0.41724815964698792,0,0
1,30,720,1,7,-9.0608015060424805,11.430255889892578,0.050538785755634308,0.087301813066005707,0,52.610000610351562,0,23.427103042602539,1.4715241193771362,0,0
1,30,720,2,7,-8.9787635803222656,11.611356735229492,0.05546995997428894,0.45735755562782288,0,56.088886260986328,0,23.957572937011719,1.4214756488800049,0,0
1,30,720,3,7,-8.7781400680541992,10.725957870483398,0.079823493957519531,0.32901749014854431,0,54.924217224121094,0,23.220546722412109,1.1236259937286377,0,0
1,30,720,4,7,-8.8357791900634766,9.4929389953613281,0.068358808755874634,0.11199787259101868,0,51.715343475341797,0,22.881143569946289,1.5197048187255859,0,0
1,30,720,5,7,-8.6573057174682617,8.7506084442138672,0.082744807004928589,0.14837312698364258,0,51.469070434570312,0,23.202032089233398,1.4117156267166138,0,0
1,30,720,6,7,-8.4589605331420898,8.8534317016601562,0.081382922828197479,0.12952536344528198,0,51.708244323730469,0,23.846290588378906,1.4447647333145142,0,0
1,30,720,7,7,-8.018651008605957,8.7121248245239258,0.083561494946479797,0.3899739682674408,0,55.091873168945312,0,24.114501953125,1.3698340654373169,0,0
1,60,1440,0,0,-3.7337105274200439,21.513341903686523,0,0,0,63.267372131347656,0,19.674301147460938,0.30472609400749207,0,0
1,60,1440,1,0,-3.1342158317565918,3.6576085090637207,0,0,0,66.100814819335938,0,20.155689239501953,0.72959005832672119,0,0
1,60,1440,2,0,-2.9414787292480469,3.3465421199798584,0,0,0,65.052474975585938,0,20.246942520141602,0.85585194826126099,0,0
1,60,1440,3,0,-2.7200422286987305,2.7481889724731445,0,0,0,69.345069885253906,0,20.906293869018555,0.95445328950881958,0,0
1,60,1440,4,0,-2.803091287612915,3.3996353149414062,0,0,0,69.7747802734375,0,20.900245666503906,0.76312941312789917,0,0
1,60,1440,5,0,-2.7196035385131836,3.034174919128418,0,0,0,64.305931091308594,0,19.786016464233398,0.90870249271392822,0,0
1,60,1440,6,0,-2.6758344173431396,1.9877161979675293,0,0,0,59.398780822753906,0,18.69841194152832,0.98569554090499878,0,0
1,60,1440,7,0,-2.5189857482910156,2.1391541957855225,0,0,0,60.518600463867188,0,18.024072647094727,0.75974279642105103,0,0
1,60,1440,0,1,-3.8221602439880371,27.179832458496094,0,0,0,59.842052459716797,0,18.545328140258789,0.41772705316543579,0,0
1,60,1440,1,1,-3.3322086334228516,0.57277393341064453,0,0,0,63.927852630615234,0,18.905197143554688,1.2423733472824097,0,0
1,60,1440,2,1,-3.3544430732727051,0.21575069427490234,0,0,0,60.996025085449219,0,18.942028045654297,1.9019293785095215,0,0
1,60,1440,3,1,-3.3178403377532959,0.85656446218490601,0,0,0,64.54901123046875,0,19.573867797851562,1.8545103073120117,0,0
1,60,1440,4,1,-3.3599367141723633,0.87155300378799438,0,0,0,65.208358764648438,0,18.543750762939453,1.7059030532836914,0,0
1,60,1440,5,1,-3.6188204288482666,2.5593445301055908,0,0,0,65.148483276367188,0,17.94061279296875,1.6326922178268433,0,0
1,60,1440,6,1,-3.5020208358764648,2.094487190246582,0,0,0,62.797351837158203,0,17.772533416748047,0.94717729091644287,0,0
1,60,1440,7,1,-2.7995848655700684,1.4658219814300537,0,0,0,62.679340362548828,0,19.056232452392578,0.77249068021774292,0,0
1,60,1440,0,2,-3.7501428127288818,31.854825973510742,0,0,0,57.520702362060547,0,18.166561126708984,0.41382420063018799,0,0
1,60,1440,1,2,-3.52231764793396,1.0106043815612793,0,0,0,60.286045074462891,0,17.456075668334961,1.2197797298431396,0,0
1,60,1440,2,2,-3.9463474750518799,3.4754824638366699,0,0,0,59.072029113769531,0,17.171621322631836,1.4563428163528442,0,0
1,60,1440,3,2,-4.1888327598571777,5.1580314636230469,0,0,0,60.973030090332031,0,17.405780792236328,1.3154087066650391,0,0
1,60,1440,4,2,-3.7603187561035156,2.2571916580200195,0,0,0,62.854000091552734,0,18.079654693603516,1.0195789337158203,0,0
1,60,1440,5,2,-3.23775315284729,0.072326064109802246,0,0,0,63.03900146484375,0,19.123279571533203,1.3310496807098389,0,0
1,60,1440,6,2,-3.2312862873077393,0,0,0,0,60.186817169189453,0,18.948715209960938,1.6161340475082397,0,0
1,60,1440,7,2,-2.863701343536377,0.71023142337799072,0,0,0,66.422798156738281,0,20.350212097167969,1.3337138891220093,0,0
1,60,1440,0,3,-4.0808181762695312,35.574222564697266,0,0,0,55.486461639404297,0,16.552402496337891,0.24701215326786041,0,0
1,60,1440,1,3,-3.48478102684021,1.7012195587158203,0,0,0,60.483272552490234,0,18.079936981201172,0.78138673305511475,0,0
1,60,1440,2,3,-3.1904251575469971,0.14258047938346863,0,0,0,66.631401062011719,0,20.041049957275391,1.3928790092468262,0,0
1,60,1440,3,3,-3.543856143951416,1.1269737482070923,0,0,0,63.364570617675781,0,18.676443099975586,1.8563486337661743,0,0
1,60,1440,4,3,-3.4205093383789062,0,0,0,0,60.664260864257812,0,17.552169799804688,1.7370885610580444,0,0
1,60,1440,5,3,-3.4677152633666992,0,0,0,0,59.297248840332031,0,17.457361221313477,2.3104825019836426,0,0
1,60,1440,6,3,-3.5713760852813721,0.20885486900806427,0,0,0,58.149562835693359,0,17.3724365234375,1.9022701978683472,0,0
1,60,1440,7,3,-3.190821647644043,2.5466935634613037,0,0,0,61.677616119384766,0,18.219390869140625,1.4486963748931885,0,0
1,60,1440,0,4,-3.4303743839263916,31.370447158813477,0,0,0,58.539657592773438,0,18.059955596923828,0.40691983699798584,0,0
1,60,1440,1,4,-3.1680738925933838,0.051948711276054382,0,0,0,66.634384155273438,0,19.722345352172852,1.2194470167160034,0,0
1,60,1440,2,4,-3.3810009956359863,1.7939164638519287,0,0,0,69.517974853515625,0,20.267307281494141,1.6810886859893799,0,0
1,60,1440,3,4,-3.667393684387207,1.2787247896194458,0,0,0,59.262691497802734,0,17.732851028442383,1.9024004936218262,0,0
1,60,1440,4,4,-3.5030343532562256,0,0,0,0,55.680892944335938,0,16.591209411621094,1.9104558229446411,0,0
1,60,1440,5,4,-3.6153287887573242,0.44238436222076416,0,0,0,54.901309967041016,0,16.444522857666016,2.0942301750183105,0,0
1,60,1440,6,4,-3.2991669178009033,0.28473252058029175,0,0,0,54.274288177490234,0,16.03900146484375,1.6897550821304321,0,0
1,60,1440,7,4,-3.0390207767486572,0.008055233396589756,0,0,0,59.678230285644531,0,18.180036544799805,1.2582898139953613,0,0
1,60,1440,0,5,-3.5697429180145264,27.377613067626953,0,0,0,59.731369018554688,0,18.753509521484375,0.39029029011726379,0,0
1,60,1440,1,5,-3.6877377033233643,3.5121867656707764,0,0,0,66.885398864746094,0,20.19169807434082,1.1318140029907227,0,0
1,60,1440,2,5,-3.5430793762207031,2.254420280456543,0,0,0,69.05926513671875,0,20.027820587158203,1.7078338861465454,0,0
1,60,1440,3,5,-3.5669698715209961,0.37160176038742065,0,0,0,60.289527893066406,0,17.524528503417969,1.8965696096420288,0,0
1,60,1440,4,5,-3.5279278755187988,0.10509059578180313,0,0,0,56.709205627441406,0,16.717811584472656,1.6514624357223511,0,0
1,60,1440,5,5,-3.4090940952301025,1.1648590564727783,0,0,0,53.227390289306641,0,16.405694961547852,1.6939418315887451,0,0
1,60,1440,6,5,-3.1961896419525146,0,0,0,0,56.904285430908203,0,18.088098526000977,1.3832657337188721,0,0
1,60,1440,7,5,-2.6895058155059814,0,0,0,0,55.392681121826172,0,18.274433135986328,1.3007692098617554,0,0
1,60,1440,0,6,-3.6524453163146973,18.377986907958984,0,0,0,52.890632629394531,0,17.495752334594727,0.44889548420906067,0,0
1,60,1440,1,6,-3.4242615699768066,0.64293640851974487,0,0,0,64.953620910644531,0,19.536167144775391,1.335637092590332,0,0
1,60,1440,2,6,-3.5500290393829346,1.9193849563598633,0,0,0,68.611907958984375,0,19.770725250244141,1.7053018808364868,0,0
1,60,1440,3,6,-3.4922747611999512,1.7446516752243042,0,0,0,61.914024353027344,0,18.278018951416016,1.8420066833496094,0,0
1,60,1440,4,6,-3.3883028030395508,1.4093412160873413,0,0,0,54.128391265869141,0,16.393096923828125,1.4541363716125488,0,0
1,60,1440,5,6,-3.2165422439575195,0,0,0,0,53.664909362792969,0,17.084295272827148,1.5350748300552368,0,0
1,60,1440,6,6,-2.8895957469940186,0,0,0,0,55.232593536376953,0,18.057598114013672,1.6866967678070068,0,0
1,60,1440,7,6,-2.5229649543762207,0,0,0,0,55.687744140625,0,18.644866943359375,1.6618603467941284,0,0
1,60,1440,0,7,-3.0979838371276855,6.845390796661377,0,0,0,59.136295318603516,0,18.105920791625977,0.37008020281791687,0,0
1,60,1440,1,7,-3.2314791679382324,1.3264384269714355,0,0,0,63.007843017578125,0,19.041168212890625,0.82329034805297852,0,0
1,60,1440,2,7,-3.2745001316070557,2.9823014736175537,0,0,0,65.620872497558594,0,19.489011764526367,1.0130363702774048,0,0
1,60,1440,3,7,-3.1639833450317383,3.8176064491271973,0,0,0,62.407062530517578,0,19.033313751220703,0.7900385856628418,0,0
1,60,1440,4,7,-3.0404319763183594,0.73907911777496338,0,0,0,61.176395416259766,0,18.773006439208984,0.71358639001846313,0,0
1,60,1440,5,7,-2.8997933864593506,0.76987296342849731,0,0,0,60.045375823974609,0,19.163820266723633,1.1565204858779907,0,0
1,60,1440,6,7,-2.7037801742553711,0.91763395071029663,0,0,0,60.279136657714844,0,19.843318939208984,1.0195438861846924,0,0
1,60,1440,7,7,-2.2283358573913574,0.36213678121566772,0,0,0,64.215492248535156,0,20.335281372070312,0.69967800378799438,0,0
1,90,2160,0,0,5.7221684455871582,0,0,0,0,73.194267272949219,0,20.074085235595703,0.205564945936203,0,0
1,90,2160,1,0,5.5931239128112793,0,0,0,0,68.617721557617188,0,20.862312316894531,0.60793286561965942,0,0
1,90,2160,2,0,5.8929967880249023,0,0,0,0,67.134506225585938,0,21.094430923461914,0.84669113159179688,0,0
1,90,2160,3,0,6.2756137847900391,0,0,0,0,70.482559204101562,0,21.873899459838867,0.73967450857162476,0,0
1,90,2160,4,0,6.2763814926147461,0,0,0,0,70.830772399902344,0,21.838653564453125,0.8104739785194397,0,0
1,90,2160,5,0,6.4170899391174316,0,0,0,0,66.069206237792969,0,20.791627883911133,0.86274600028991699,0,0
1,90,2160,6,0,6.338320255279541,0,0,0,0,60.936111450195312,0,19.72313117980957,0.76591455936431885,0,0
1,90,2160,7,0,6.5290060043334961,0,0,0,0,62.259635925292969,0,19.041990280151367,0.64365518093109131,0,0
1,90,2160,0,1,5.3948917388916016,0,0,0,0,70.611892700195312,0,18.796285629272461,0.22431333363056183,0,0
1,90,2160,1,1,5.0787582397460938,0,0,0,0,64.291984558105469,0,19.442022323608398,0.83072823286056519,0,0
1,90,2160,2,1,5.104914665222168,0,0,0,0,61.008277893066406,0,19.548006057739258,1.3385368585586548,0,0
1,90,2160,3,1,5.6548104286193848,0,0,0,0,65.154281616210938,0,20.310426712036133,1.0516703128814697,0,0
1,90,2160,4,1,5.6855368614196777,0,0,0,0,65.3145751953125,0,19.298261642456055,0.88478273153305054,0,0
1,90,2160,5,1,5.5797033309936523,0,0,0,0,65.219146728515625,0,18.590242385864258,0.92354035377502441,0,0
1,90,2160,6,1,5.6231532096862793,0,0,0,0,62.515335083007812,0,18.473485946655273,0.77421486377716064,0,0
1,90,2160,7,1,6.1995196342468262,0,0,0,0,62.706230163574219,0,20.12127685546875,0.71559709310531616,0,0
1,90,2160,0,2,5.4527044296264648,0,0.016389746218919754,5.8726425170898438,0,69.955642700195312,0,18.461132049560547,0.20485033094882965,0,0
1,90,2160,1,2,4.9545230865478516,0,0,0,0,60.315185546875,0,17.913995742797852,0.65287452936172485,0,0
1,90,2160,2,2,4.9898576736450195,0,0,0,0,59.652969360351562,0,17.54619026184082,0.77953201532363892,0,0
1,90,2160,3,2,5.1106925010681152,0,0,0,0,63.167205810546875,0,17.775186538696289,0.82018595933914185,0,0
1,90,2160,4,2,5.3479523658752441,0,0,0,0,63.714714050292969,0,18.66838264465332,1.0224874019622803,0,0
1,90,2160,5,2,5.7319488525390625,0,0,0,0,62.889049530029297,0,20.012136459350586,1.1611518859863281,0,0
1,90,2160,6,2,5.7267837524414062,0,0,0,0,59.973304748535156,0,19.870424270629883,1.0751324892044067,0,0
1,90,2160,7,2,6.1643037796020508,0,0,0,0,67.364006042480469,0,21.438503265380859,0.99627804756164551,0,0
1,90,2160,0,3,5.2653517723083496,0,0.055124714970588684,4.3675122261047363,0,69.045997619628906,0,16.741046905517578,0.19890445470809937,0,0
1,90,2160,1,3,4.9935660362243652,0,0,0,0,60.838329315185547,0,18.576963424682617,0.74411064386367798,0,0
1,90,2160,2,3,5.2870821952819824,0,0,0,0,66.516510009765625,0,20.72477912902832,1.2473909854888916,0,0
1,90,2160,3,3,5.414271354675293,0,0,0,0,64.262557983398438,0,19.317838668823242,1.0582572221755981,0,0
1,90,2160,4,3,5.4154868125915527,0,0,0,0,60.475688934326172,0,18.268831253051758,1.2553156614303589,0,0
1,90,2160,5,3,5.4393429756164551,0,0,0,0,59.110939025878906,0,18.1773681640625,1.4436112642288208,0,0
1,90,2160,6,3,5.4084596633911133,0,0,0,0,58.172977447509766,0,18.045017242431641,1.1680084466934204,0,0
1,90,2160,7,3,5.9559168815612793,0,0,0,0,64.331192016601562,0,19.064662933349609,0.86256653070449829,0,0
1,90,2160,0,4,5.7562656402587891,0,0.00076772592728957534,0.067136704921722412,0,72.096420288085938,0,18.577423095703125,0.19206315279006958,0,0
1,90,2160,1,4,5.1916093826293945,0,0,0,0,66.516426086425781,0,20.290719985961914,0.7258262038230896,0,0
1,90,2160,2,4,5.2667927742004395,0,0,0,0,70.974884033203125,0,20.861547470092773,1.0916801691055298,0,0
1,90,2160,3,4,5.1955418586730957,0,0,0,0,60.356590270996094,0,18.255054473876953,1.0679856538772583,0,0
1,90,2160,4,4,5.3179268836975098,0,0,0,0,55.518630981445312,0,17.201118469238281,1.2621123790740967,0,0
1,90,2160,5,4,5.3408398628234863,0,0,0,0,55.165721893310547,0,17.061798095703125,1.2394170761108398,0,0
1,90,2160,6,4,5.683161735534668,0,0,0,0,54.392986297607422,0,16.819080352783203,0.90972656011581421,0,0
1,90,2160,7,4,5.9017534255981445,0,0,0,0,60.209499359130859,0,19.126258850097656,0.98319268226623535,0,0
1,90,2160,0,5,5.6373095512390137,0,0.0003379784757271409,0.051781021058559418,0,72.015769958496094,0,19.198381423950195,0.19451883435249329,0,0
1,90,2160,1,5,5.0128602981567383,0,0,0,0,69.95819091796875,0,20.582334518432617,0.76794207096099854,0,0
1,90,2160,2,5,5.0769400596618652,0,0,0,0,70.644683837890625,0,20.495218276977539,1.1644580364227295,0,0
1,90,2160,3,5,5.2179760932922363,0,0,0,0,60.48126220703125,0,18.065845489501953,1.0457330942153931,0,0
1,90,2160,4,5,5.327690601348877,0,0,0,0,56.642242431640625,0,17.305431365966797,1.1145882606506348,0,0
1,90,2160,5,5,5.6464247703552246,0,0,0,0,54.198585510253906,0,17.150300979614258,1.061409592628479,0,0
1,90,2160,6,5,5.7500991821289062,0,0,0,0,56.713199615478516,0,18.991033554077148,0.89153462648391724,0,0
1,90,2160,7,5,6.2221612930297852,0,0,0,0,55.966419219970703,0,19.410303115844727,0.96673399209976196,0,0
1,90,2160,0,6,5.6897873878479004,0,0,0,0,64.847969055175781,0,17.995439529418945,0.23399461805820465,0,0
1,90,2160,1,6,5.0856990814208984,0,0,0,0,65.397544860839844,0,20.019548416137695,0.81416201591491699,0,0
1,90,2160,2,6,5.2132620811462402,0,0,0,0,70.2430419921875,0,20.268852233886719,1.1035902500152588,0,0
1,90,2160,3,6,5.4910783767700195,0,0,0,0,63.400043487548828,0,18.904384613037109,0.92096143960952759,0,0
1,90,2160,4,6,5.6705212593078613,0,0,0,0,55.330131530761719,0,17.100791931152344,0.79335278272628784,0,0
1,90,2160,5,6,5.7310066223144531,0,0,0,0,53.492259979248047,0,17.920536041259766,1.0641417503356934,0,0
1,90,2160,6,6,6.0395078659057617,0,0,0,0,55.033302307128906,0,19.132513046264648,1.0056530237197876,0,0
1,90,2160,7,6,6.376617431640625,0,0,0,0,55.9522705078125,0,19.901994705200195,1.065348744392395,0,0
1,90,2160,0,7,6.3328461647033691,0,0,0,0,65.021751403808594,0,19.087247848510742,0.1342611163854599,0,0
1,90,2160,1,7,5.7366695404052734,0,0,0,0,64.329429626464844,0,19.816717147827148,0.30233708024024963,0,0
1,90,2160,2,7,5.8465538024902344,0,0,0,0,68.347808837890625,0,20.256933212280273,0.32423064112663269,0,0
1,90,2160,3,7,6.0575418472290039,0,0,0,0,65.794990539550781,0,19.922676086425781,0.23643837869167328,0,0
1,90,2160,4,7,5.9448146820068359,0,0,0,0,61.858425140380859,0,19.720697402954102,0.29699182510375977,0,0
1,90,2160,5,7,6.0770306587219238,0,0,0,0,60.455024719238281,0,20.223377227783203,0.36321833729743958,0,0
1,90,2160,6,7,6.2794990539550781,0,0,0,0,60.584430694580078,0,21.060089111328125,0.29506754875183105,0,0
1,90,2160,7,7,6.7131004333496094,0,0,0,0,64.388832092285156,0,21.730314254760742,0.25049367547035217,0,0
1,120,2880,0,0,14.399686813354492,0,0,0,0,72.2059326171875,0,29.089763641357422,0.070403322577476501,0,0
1,120,2880,1,0,14.385445594787598,0,0,0,0,68.016525268554688,0,30.033693313598633,0.23729470372200012,0,0
1,120,2880,2,0,14.531069755554199,0,0,0,0,66.507453918457031,0,30.438350677490234,0.21223346889019012,0,0
1,120,2880,3,0,14.703795433044434,0,0,0,0,69.826133728027344,0,31.277151107788086,0.16606710851192474,0,0
1,120,2880,4,0,14.64625072479248,0,0,0,0,70.1651611328125,0,31.24346923828125,0.28545483946800232,0,0
1,120,2880,5,0,14.742973327636719,0,0,0,0,65.468635559082031,0,30.106788635253906,0.18891429901123047,0,0
1,120,2880,6,0,14.675285339355469,0,0,0,0,60.435409545898438,0,28.79571533203125,0.19383472204208374,0,0
1,120,2880,7,0,14.857057571411133,0,0,0,0,61.811519622802734,0,27.684392929077148,0.22434183955192566,0,0
1,120,2880,0,1,13.955283164978027,0,0.00066780589986592531,0.048053815960884094,0,69.697494506835938,0,27.295158386230469,0.12347570806741714,0,0
1,120,2880,1,1,13.864028930664062,0,0,0,0,63.788799285888672,0,27.875299453735352,0.50726819038391113,0,0
1,120,2880,2,1,13.832331657409668,0,0,0,0,60.503105163574219,0,28.293066024780273,0.60824626684188843,0,0
1,120,2880,3,1,13.977075576782227,0,0,0,0,64.591476440429688,0,29.390056610107422,0.59500646591186523,0,0
1,120,2880,4,1,13.955523490905762,0,0,0,0,64.775741577148438,0,27.99847412109375,0.66464471817016602,0,0
1,120,2880,5,1,13.800658226013184,0,0,0,0,64.647476196289062,0,26.976966857910156,0.43167975544929504,0,0
1,120,2880,6,1,13.827239036560059,0,0,0,0,61.98956298828125,0,26.796630859375,0.25704333186149597,0,0
1,120,2880,7,1,14.405055999755859,0,0,0,0,62.2462158203125,0,28.899833679199219,0.1171485036611557,0,0
1,120,2880,0,2,13.972807884216309,0,0.0081050125882029533,0.62069106101989746,0,69.942001342773438,0,26.828346252441406,0.099930919706821442,0,0
1,120,2880,1,2,13.681674957275391,0,0,0,0,59.903312683105469,0,25.784387588500977,0.48060116171836853,0,0
1,120,2880,2,2,13.437373161315918,0,0,0,0,59.166873931884766,0,25.470624923706055,0.60512274503707886,0,0
1,120,2880,3,2,13.37517261505127,0,0,0,0,62.644618988037109,0,25.868646621704102,0.3627871572971344,0,0
1,120,2880,4,2,13.56486988067627,0,0,0,0,63.209846496582031,0,27.150835037231445,0.2995547354221344,0,0
1,120,2880,5,2,13.946562767028809,0,0,0,0,62.372119903564453,0,29.016195297241211,0.31170174479484558,0,0
1,120,2880,6,2,13.943815231323242,0,0,0,0,59.476924896240234,0,28.936700820922852,0.36866810917854309,0,0
1,120,2880,7,2,14.420063972473145,0,0.00010113250027643517,0.081023767590522766,0,66.853652954101562,0,30.773012161254883,0.37886333465576172,0,0
1,120,2880,0,3,13.686558723449707,0,0.0081654032692313194,0.72292643785476685,0,67.560997009277344,0,24.472721099853516,0.068583592772483826,0,0
1,120,2880,1,3,13.645366668701172,0,0,0,0,60.408962249755859,0,26.554441452026367,0.19526827335357666,0,0
1,120,2880,2,3,13.984357833862305,0,0,0,0,65.9393310546875,0,29.558271408081055,0.35649749636650085,0,0
1,120,2880,3,3,13.798072814941406,0,0,0,0,63.738967895507812,0,28.189559936523438,0.45061919093132019,0,0
1,120,2880,4,3,13.743014335632324,0,0,0,0,60.020832061767578,0,26.908439636230469,0.71170014142990112,0,0
1,120,2880,5,3,13.697417259216309,0,0,0,0,58.66339111328125,0,26.725847244262695,0.62829345464706421,0,0
1,120,2880,6,3,13.608960151672363,0,0,0,0,57.745250701904297,0,26.451045989990234,0.6827663779258728,0,0
1,120,2880,7,3,14.188557624816895,0,0.00044124739360995591,0.10450838506221771,0,64.060409545898438,0,27.580535888671875,0.4009472131729126,0,0
1,120,2880,0,4,14.293590545654297,0,0.0027604412753134966,0.5758202075958252,0,73.042709350585938,0,27.108770370483398,0.083361305296421051,0,0
1,120,2880,1,4,13.913596153259277,0,0,0,0,66.062934875488281,0,28.610603332519531,0.45726850628852844,0,0
1,120,2880,2,4,13.690811157226562,0,0,0,0,70.396339416503906,0,29.638202667236328,0.67872041463851929,0,0
1,120,2880,3,4,13.575430870056152,0,0,0,0,59.899570465087891,0,26.832590103149414,0.67174732685089111,0,0
1,120,2880,4,4,13.656475067138672,0,0,0,0,55.117588043212891,0,25.469797134399414,0.7317039966583252,0,0
1,120,2880,5,4,13.571791648864746,0,0,0,0,54.763320922851562,0,25.282749176025391,0.72701668739318848,0,0
1,120,2880,6,4,13.864319801330566,0,0,0,0,54.003124237060547,0,24.771142959594727,0.529987633228302,0,0
1,120,2880,7,4,14.112521171569824,0,0,0,0,59.923572540283203,0,27.869329452514648,0.37844574451446533,0,0
1,120,2880,0,5,14.132356643676758,0,0.0011771846329793334,0.41802492737770081,0,71.396827697753906,0,27.980575561523438,0.10982946306467056,0,0
1,120,2880,1,5,13.759748458862305,0,0,0,0,69.467628479003906,0,28.982229232788086,0.50797218084335327,0,0
1,120,2880,2,5,13.782036781311035,0,0,0,0,70.080490112304688,0,28.990922927856445,0.59408551454544067,0,0
1,120,2880,3,5,13.648037910461426,0,0,0,0,60.030391693115234,0,26.590353012084961,0.56226760149002075,0,0
1,120,2880,4,5,13.631696701049805,0,0,0,0,56.230789184570312,0,25.552139282226562,0.74833923578262329,0,0
1,120,2880,5,5,13.836307525634766,0,0,0,0,53.795417785644531,0,25.315692901611328,0.51641172170639038,0,0
1,120,2880,6,5,13.942091941833496,0,0,0,0,56.262195587158203,0,27.78155517578125,0.45256847143173218,0,0
1,120,2880,7,5,14.417902946472168,0,0,0,0,55.647045135498047,0,28.193229675292969,0.46975457668304443,0,0
1,120,2880,0,6,14.020504951477051,0,0,0,0,63.620597839355469,0,26.912534713745117,0.10621130466461182,0,0
1,120,2880,1,6,13.821228981018066,0,0,0,0,64.869979858398438,0,28.588891983032227,0.48783883452415466,0,0
1,120,2880,2,6,13.872117042541504,0,0,0,0,69.671836853027344,0,28.948005676269531,0.64399093389511108,0,0
1,120,2880,3,6,13.843208312988281,0,0,0,0,62.905899047851562,0,27.708621978759766,0.60776430368423462,0,0
1,120,2880,4,6,13.883744239807129,0,0,0,0,54.926303863525391,0,25.233062744140625,0.48318555951118469,0,0
1,120,2880,5,6,13.921144485473633,0,0,0,0,53.078941345214844,0,26.338638305664062,0.54849112033843994,0,0
1,120,2880,6,6,14.229131698608398,0,0,0,0,54.570682525634766,0,27.993917465209961,0.5658307671546936,0,0
1,120,2880,7,6,14.58397388458252,0,0,0,0,55.541095733642578,0,28.93623161315918,0.41217756271362305,0,0
1,120,2880,0,7,14.485669136047363,0,0,0,0,64.375274658203125,0,28.246616363525391,0.077470704913139343,0,0
1,120,2880,1,7,14.026416778564453,0,0,0,0,63.774593353271484,0,28.898220062255859,0.32062309980392456,0,0
1,120,2880,2,7,14.113680839538574,0,0,0,0,67.778663635253906,0,29.313859939575195,0.37371039390563965,0,0
1,120,2880,3,7,14.269612312316895,0,0,0,0,65.256683349609375,0,28.902254104614258,0.24132482707500458,0,0
1,120,2880,4,7,14.154131889343262,0,0,0,0,61.330924987792969,0,28.778858184814453,0.34490954875946045,0,0
1,120,2880,5,7,14.278348922729492,0,0,0,0,59.916225433349609,0,29.401653289794922,0.3662552535533905,0,0
1,120,2880,6,7,14.464070320129395,0,0,0,0,60.005695343017578,0,30.485504150390625,0.29629641771316528,0,0
1,120,2880,7,7,14.91669750213623,0,0,0,0,63.793121337890625,0,31.076984405517578,0.2969074547290802,0,0
1,150,3600,0,0,20.899450302124023,0,5.1810879085678607E-05,0.041888196021318436,0,71.063446044921875,0,37.063751220703125,0.025122653692960739,0,0
1,150,3600,1,0,20.81633186340332,0,0,0,0,66.903717041015625,0,38.052036285400391,0.074460744857788086,0,0
1,150,3600,2,0,20.96763801574707,0,0,0,0,65.401405334472656,0,38.295600891113281,0.071726255118846893,0,0
1,150,3600,3,0,21.140041351318359,0,0,0,0,68.633392333984375,0,38.997268676757812,0.074018992483615875,0,0
1,150,3600,4,0,21.07703971862793,0,0,0,0,68.956626892089844,0,39.003021240234375,0.081934526562690735,0,0
1,150,3600,5,0,21.179327011108398,0,0,0,0,64.390007019042969,0,37.531379699707031,0.065552175045013428,0,0
1,150,3600,6,0,21.098884582519531,0,0,0,0,59.506248474121094,0,35.755474090576172,0.088418923318386078,0,0
1,150,3600,7,0,21.299283981323242,0,0,0,0,60.884513854980469,0,34.356788635253906,0.068087399005889893,0,0
1,150,3600,0,1,20.646570205688477,0,0.00062145403353497386,0.043136142194271088,0,68.821487426757812,0,35.304981231689453,0.090767420828342438,0,0
1,150,3600,1,1,20.305759429931641,0,0,0,0,62.785045623779297,0,35.920753479003906,0.3685075044631958,0,0
1,150,3600,2,1,20.234481811523438,0,0,0,0,59.521903991699219,0,36.311664581298828,0.37589213252067566,0,0
1,150,3600,3,1,20.39030647277832,0,0,0,0,63.544483184814453,0,37.373630523681641,0.35192590951919556,0,0
1,150,3600,4,1,20.376352310180664,0,0,0,0,63.781261444091797,0,35.639289855957031,0.41945180296897888,0,0
1,150,3600,5,1,20.212308883666992,0,0,0,0,63.622806549072266,0,34.602199554443359,0.31117630004882812,0,0
1,150,3600,6,1,20.232572555541992,0,0,0,0,61.027992248535156,0,34.181003570556641,0.21574623882770538,0,0
1,150,3600,7,1,20.824701309204102,0,0,0,0,61.245922088623047,0,36.161510467529297,0.11916247755289078,0,0
1,150,3600,0,2,20.705595016479492,0,0.00093821145128458738,0.10701119154691696,0,69.047004699707031,0,34.748863220214844,0.096577361226081848,0,0
1,150,3600,1,2,20.189052581787109,0,0,0,0,58.961772918701172,0,33.512199401855469,0.45643556118011475,0,0
1,150,3600,2,2,19.937545776367188,0,0,0,0,58.214351654052734,0,33.221424102783203,0.37775975465774536,0,0
1,150,3600,3,2,19.839408874511719,0,0,0,0,61.682369232177734,0,33.634117126464844,0.31018096208572388,0,0
1,150,3600,4,2,19.977787017822266,0,0,0,0,62.281181335449219,0,34.890342712402344,0.22825793921947479,0,0
1,150,3600,5,2,20.357658386230469,0,0,0,0,61.416492462158203,0,36.716659545898438,0.22485359013080597,0,0
1,150,3600,6,2,20.352935791015625,0,0,0,0,58.559989929199219,0,36.534412384033203,0.29761913418769836,0,0
1,150,3600,7,2,20.865068435668945,0,0.00029165070736780763,0.072305880486965179,0,65.841056823730469,0,38.640777587890625,0.21409429609775543,0,0
1,150,3600,0,3,20.467630386352539,0,0.00084595306543633342,0.067703939974308014,0,66.673530578613281,0,32.036426544189453,0.056635152548551559,0,0
1,150,3600,1,3,20.172866821289062,0,0,0,0,59.469692230224609,0,34.225429534912109,0.18903112411499023,0,0
1,150,3600,2,3,20.409191131591797,0,0,0,0,64.83624267578125,0,37.6058349609375,0.28253805637359619,0,0
1,150,3600,3,3,20.207324981689453,0,0,0,0,62.749172210693359,0,36.181564331054688,0.3544979989528656,0,0
1,150,3600,4,3,20.146978378295898,0,0,0,0,59.166206359863281,0,34.421722412109375,0.51217156648635864,0,0
1,150,3600,5,3,20.098358154296875,0,0,0,0,57.826313018798828,0,34.112648010253906,0.44931456446647644,0,0
1,150,3600,6,3,20.011552810668945,0,0,0,0,56.945598602294922,0,33.734973907470703,0.47492915391921997,0,0
1,150,3600,7,3,20.621332168579102,0,0.00045204922207631171,0.095582015812397003,0,63.24310302734375,0,34.901210784912109,0.19100102782249451,0,0
1,150,3600,0,4,21.040163040161133,0,0.00056088942801579833,0.057556655257940292,0,72.187942504882812,0,34.745769500732422,0.069721110165119171,0,0
1,150,3600,1,4,20.450220108032227,0,0,0,0,65.034164428710938,0,36.54534912109375,0.41173547506332397,0,0
1,150,3600,2,4,20.455194473266602,0,0,0,0,69.259773254394531,0,37.901985168457031,0.38899004459381104,0,0
1,150,3600,3,4,20.071191787719727,0,0,0,0,59.015506744384766,0,34.616855621337891,0.4395567774772644,0,0
1,150,3600,4,4,20.056163787841797,0,0,0,0,54.361186981201172,0,32.540687561035156,0.60124170780181885,0,0
1,150,3600,5,4,19.967987060546875,0,0,0,0,54.005294799804688,0,32.374263763427734,0.45150703191757202,0,0
1,150,3600,6,4,20.258394241333008,0,0,0,0,53.276741027832031,0,31.280431747436523,0.37906381487846375,0,0
1,150,3600,7,4,20.529031753540039,0,0,0,0,59.083511352539062,0,35.147167205810547,0.16972650587558746,0,0
1,150,3600,0,5,20.889877319335938,0,0.00056066230172291398,0.045198589563369751,0,70.466964721679688,0,35.889625549316406,0.058543607592582703,0,0
1,150,3600,1,5,20.282186508178711,0,0,0,0,68.372390747070312,0,37.347602844238281,0.34873294830322266,0,0
1,150,3600,2,5,20.315069198608398,0,0,0,0,68.974510192871094,0,37.277671813964844,0.39028578996658325,0,0
1,150,3600,3,5,20.053565979003906,0,0,0,0,59.165424346923828,0,34.281944274902344,0.48121440410614014,0,0
1,150,3600,4,5,20.032268524169922,0,0,0,0,55.453895568847656,0,32.724971771240234,0.47596731781959534,0,0
1,150,3600,5,5,20.2294921875,0,0,0,0,53.042636871337891,0,32.042678833007812,0.34144949913024902,0,0
1,150,3600,6,5,20.340986251831055,0,0,0,0,55.427387237548828,0,34.960075378417969,0.3429800271987915,0,0
1,150,3600,7,5,20.828868865966797,0,0,0,0,54.860904693603516,0,34.867954254150391,0.23857417702674866,0,0
1,150,3600,0,6,20.664112091064453,0,2.2008027372066863E-05,0.035212844610214233,0,62.649555206298828,0,34.568164825439453,0.071964524686336517,0,0
1,150,3600,1,6,20.240884780883789,0,0,0,0,63.850345611572266,0,36.680198669433594,0.40862885117530823,0,0
1,150,3600,2,6,20.288557052612305,0,0,0,0,68.580513000488281,0,37.193130493164062,0.39041247963905334,0,0
1,150,3600,3,6,20.248477935791016,0,0,0,0,61.972942352294922,0,35.481822967529297,0.41327431797981262,0,0
1,150,3600,4,6,20.282876968383789,0,0,0,0,54.171646118164062,0,31.946094512939453,0.39695930480957031,0,0
1,150,3600,5,6,20.316709518432617,0,0,0,0,52.312446594238281,0,33.111331939697266,0.26514533162117004,0,0
1,150,3600,6,6,20.62547492980957,0,0,0,0,53.720474243164062,0,34.889125823974609,0.39593663811683655,0,0
1,150,3600,7,6,21.001792907714844,0,0,0,0,54.685611724853516,0,35.743621826171875,0.24488668143749237,0,0
1,150,3600,0,7,20.904119491577148,0,0,0,0,63.348377227783203,0,35.484573364257812,0.064165189862251282,0,0
1,150,3600,1,7,20.409841537475586,0,0,0,0,62.757377624511719,0,36.641849517822266,0.2886526882648468,0,0
1,150,3600,2,7,20.51129150390625,0,0.00010398550512036309,0.083495639264583588,0,66.732757568359375,0,37.120513916015625,0.26176908612251282,0,0
1,150,3600,3,7,20.661584854125977,0,0,0,0,64.273017883300781,0,36.234096527099609,0.17470039427280426,0,0
1,150,3600,4,7,20.541452407836914,0,0,0,0,60.382770538330078,0,36.145973205566406,0.25354406237602234,0,0
1,150,3600,5,7,20.666540145874023,0,0,0,0,58.948417663574219,0,36.700107574462891,0.27886632084846497,0,0
1,150,3600,6,7,20.849708557128906,0,0,0,0,58.97052001953125,0,37.822624206542969,0.32369419932365417,0,0
1,150,3600,7,7,21.326065063476562,0,0,0,0,62.703289031982422,0,38.149822235107422,0.16012436151504517,0,0
1,180,4320,0,0,23.508955001831055,0,0.00019608209549915045,0.040259100496768951,0,69.610206604003906,0,39.975025177001953,0.051602970808744431,0,0
1,180,4320,1,0,23.428615570068359,0,0,0,0,65.504241943359375,0,40.856716156005859,0.13968633115291595,0.00062499998603016138,2.1007619579904713E-05
1,180,4320,2,0,23.581134796142578,0,0,0,0,64.017440795898438,0,40.991817474365234,0.11987310647964478,0,0
1,180,4320,3,0,23.751457214355469,0,0,0,0,67.149711608886719,0,41.648616790771484,0.13031306862831116,0,0
1,180,4320,4,0,23.68719482421875,0,0,0,0,67.452484130859375,0,41.676807403564453,0.13946118950843811,0,0
1,180,4320,5,0,23.793283462524414,0,0,0,0,63.047645568847656,0,40.052082061767578,0.12055147439241409,0,0
1,180,4320,6,0,23.713603973388672,0,0,0,0,58.354324340820312,0,37.989067077636719,0.12108663469552994,0,0
1,180,4320,7,0,23.91779899597168,0,0,0,0,59.727195739746094,0,36.580108642578125,0.064236156642436981,0,0
1,180,4320,0,1,23.256156921386719,0,0.00061637721955776215,0.042388550937175751,0,67.546394348144531,0,38.2957763671875,0.072403401136398315,0,0
1,180,4320,1,1,22.916084289550781,0,0,0,0,61.507350921630859,0,38.797740936279297,0.27813148498535156,0,0
1,180,4320,2,1,22.844711303710938,0,0,0,0,58.279453277587891,0,39.103965759277344,0.22782643139362335,0,0
1,180,4320,3,1,23.001064300537109,0,0,0,0,62.225494384765625,0,40.129268646240234,0.2185375988483429,0,0
1,180,4320,4,1,22.989212036132812,0,0,0,0,62.525020599365234,0,38.312789916992188,0.21152105927467346,0,0
1,180,4320,5,1,22.823375701904297,0,0,0,0,62.319606781005859,0,37.413261413574219,0.148882657289505,0,0
1,180,4320,6,1,22.844034194946289,0,0,0,0,59.808975219726562,0,36.820419311523438,0.17148363590240479,0,0
1,180,4320,7,1,23.439050674438477,0,0.00022115885803941637,0.05689462274312973,0,59.990947723388672,0,38.638038635253906,0.081467308104038239,0,0
1,180,4320,0,2,23.313480377197266,0,0.00085787131683900952,0.068777710199356079,0,67.726814270019531,0,37.674053192138672,0.060282465070486069,0,0
1,180,4320,1,2,22.800825119018555,0,0,0,0,57.752880096435547,0,36.375843048095703,0.13680943846702576,0,0
1,180,4320,2,2,22.547948837280273,0,0,0,0,56.987979888916016,0,36.157970428466797,0.1529286652803421,0,0
1,180,4320,3,2,22.450397491455078,0,0,0,0,60.444610595703125,0,36.583522796630859,0.20526006817817688,0,0
1,180,4320,4,2,22.590320587158203,0,0,0,0,61.096767425537109,0,37.620948791503906,0.22907990217208862,0,0
1,180,4320,5,2,22.970205307006836,0,0,0,0,60.216342926025391,0,39.251880645751953,0.22533215582370758,0,0
1,180,4320,6,2,22.965597152709961,0,0,0,0,57.412452697753906,0,38.953548431396484,0.25229170918464661,0,0
1,180,4320,7,2,23.482822418212891,0,0.00047243927838280797,0.071450211107730865,0,64.5614013671875,0,41.250228881835938,0.10199490934610367,0,0
1,180,4320,0,3,23.078390121459961,0,0.00083588360575959086,0.064134232699871063,0,65.432212829589844,0,34.954586029052734,0.058015696704387665,0,0
1,180,4320,1,3,22.783279418945312,0,0,0,0,58.269210815429688,0,36.983776092529297,0.25232946872711182,0,0
1,180,4320,2,3,23.01677131652832,0,0,0,0,63.446018218994141,0,40.431171417236328,0.20578229427337646,0,0
1,180,4320,3,3,22.818395614624023,0,0,0,0,61.49371337890625,0,38.979473114013672,0.24725274741649628,0,0
1,180,4320,4,3,22.760507583618164,0,0,0,0,58.085300445556641,0,36.909435272216797,0.28966057300567627,0,0
1,180,4320,5,3,22.711593627929688,0,0,0,0,56.769641876220703,0,36.519271850585938,0.25791272521018982,0,0
1,180,4320,6,3,22.626148223876953,0,0,0,0,55.936428070068359,0,36.033817291259766,0.2397637814283371,0,0
1,180,4320,7,3,23.240476608276367,0,0.00048715743469074368,0.094703495502471924,0,62.148418426513672,0,37.383033752441406,0.079400427639484406,0,0
1,180,4320,0,4,23.648521423339844,0,0.00055115291615948081,0.053143776953220367,0,70.912261962890625,0,37.518630981445312,0.054448679089546204,0,0
1,180,4320,1,4,23.06171989440918,0,0,0,0,63.730625152587891,0,39.318008422851562,0.21548078954219818,0,0
1,180,4320,2,4,23.064199447631836,0,0,0,0,67.817062377929688,0,40.863674163818359,0.20500513911247253,0,0
1,180,4320,3,4,22.684064865112305,0,0,0,0,57.890514373779297,0,37.274528503417969,0.25860121846199036,0,0
1,180,4320,4,4,22.671140670776367,0,0,0,0,53.406776428222656,0,34.749488830566406,0.26693427562713623,0,0
1,180,4320,5,4,22.582441329956055,0,0,0,0,53.046848297119141,0,34.623554229736328,0.22770659625530243,0,0
1,180,4320,6,4,22.873258590698242,0,8.1282116298098117E-05,0.066552236676216125,0,52.367191314697266,0,33.263477325439453,0.20714156329631805,0,0
1,180,4320,7,4,23.145221710205078,0,0,0,0,57.999755859375,0,37.45751953125,0.10355535894632339,0,0
1,180,4320,0,5,23.497308731079102,0,0.00052702327957376838,0.04428674653172493,0,69.156387329101562,0,38.766918182373047,0.059023275971412659,0,0
1,180,4320,1,5,22.89219856262207,0,0,0,0,66.9749755859375,0,40.383125305175781,0.21774613857269287,0,0
1,180,4320,2,5,22.92570686340332,0,0,0,0,67.566116333007812,0,40.279464721679688,0.18582646548748016,0,0
1,180,4320,3,5,22.666166305541992,0,0,0,0,58.065414428710938,0,36.904232025146484,0.25466743111610413,0,0
1,180,4320,4,5,22.64723014831543,0,0,0,0,54.470516204833984,0,35.039497375488281,0.21524415910243988,0,0
1,180,4320,5,5,22.843446731567383,0,0,0,0,52.098285675048828,0,34.118221282958984,0.15259060263633728,0,0
1,180,4320,6,5,22.9541015625,0,0,0,0,54.385337829589844,0,37.136447906494141,0.21045677363872528,0,0
1,180,4320,7,5,23.445867538452148,0,0,0,0,53.875026702880859,0,36.7239990234375,0.10357693582773209,0,0
1,180,4320,0,6,23.271535873413086,0,0.00017002441745717078,0.041793372482061386,0,61.431453704833984,0,37.298046112060547,0.070286311209201813,0,0
1,180,4320,1,6,22.851572036743164,0,0,0,0,62.557086944580078,0,39.524120330810547,0.2227150946855545,0,0
1,180,4320,2,6,22.899248123168945,0,0,0,0,67.192878723144531,0,40.177364349365234,0.18136315047740936,0,0
1,180,4320,3,6,22.860748291015625,0,0,0,0,60.791099548339844,0,38.134143829345703,0.18372967839241028,0,0
1,180,4320,4,6,22.897817611694336,0,0,0,0,53.224197387695312,0,34.029125213623047,0.17630666494369507,0,0
1,180,4320,5,6,22.930768966674805,0,0,0,0,51.357128143310547,0,35.103763580322266,0.18076896667480469,0,0
1,180,4320,6,6,23.237628936767578,0,0,0,0,52.667083740234375,0,36.986946105957031,0.26034721732139587,0,0
1,180,4320,7,6,23.618511199951172,0,0,0,0,53.621158599853516,0,37.736953735351562,0.093107521533966064,0,0
1,180,4320,0,7,23.508632659912109,0,0,0,0,62.065242767333984,0,38.058406829833984,0.020720059052109718,0,0
1,180,4320,1,7,23.01624870300293,0,0,0,0,61.478996276855469,0,39.319530487060547,0.040468644350767136,0,0
1,180,4320,2,7,23.120550155639648,0,0.00038950055022723973,0.085398562252521515,0,65.4393310546875,0,39.825389862060547,0.033347629010677338,0,0
1,180,4320,3,7,23.270336151123047,0,0,0,0,63.043449401855469,0,38.674427032470703,0.045118454843759537,0,0
1,180,4320,4,7,23.150213241577148,0,0,0,0,59.199851989746094,0,38.541740417480469,0.039944622665643692,0,0
1,180,4320,5,7,23.275148391723633,0,0,0,0,57.747005462646484,0,39.039600372314453,0.041705068200826645,0,0
1,180,4320,6,7,23.456460952758789,0,0,0,0,57.691028594970703,0,40.226215362548828,0.03307032585144043,0,0
1,180,4320,7,7,23.936420440673828,0,0,0,0,61.361057281494141,0,40.492671966552734,0.020703598856925964,0,0
1,210,5040,0,0,21.580659866333008,0,0.00036136098788119853,0.035924386233091354,0,68.637260437011719,0,41.737796783447266,0.030333023518323898,0,0
1,210,5040,1,0,21.474939346313477,0,0,0,0,64.280281066894531,0,42.483612060546875,0.073705807328224182,0,0.00011086948506999761
1,210,5040,2,0,21.636180877685547,0,0.00011054777132812887,0.03944488987326622,0,62.841030120849609,0,42.489585876464844,0.053115539252758026,0,0
1,210,5040,3,0,21.804506301879883,0,0.00016823248006403446,0.038273893296718597,0,65.878364562988281,0,43.108974456787109,0.066735796630382538,0,0
1,210,5040,4,0,21.743587493896484,0,0.00019510752463247627,0.03728630393743515,0,66.1654052734375,0,43.174636840820312,0.074385210871696472,0,0
1,210,5040,5,0,21.848922729492188,0,0.00016400625463575125,0.038764495402574539,0,61.9154052734375,0,41.392326354980469,0.051945831626653671,0,0
1,210,5040,6,0,21.781467437744141,0,0,0,0,57.376041412353516,0,39.065177917480469,0.065053828060626984,0,0
1,210,5040,7,0,21.971563339233398,0,0,0,0,58.733966827392578,0,37.678211212158203,0.034986350685358047,0,0
1,210,5040,0,1,21.344732284545898,0,0.0005089491605758667,0.037684563547372818,0,66.860069274902344,0,40.17022705078125,0.050622511655092239,0,0
1,210,5040,1,1,20.656423568725586,0,0,0,0,60.533504486083984,0,40.65557861328125,0.13886736333370209,0,0
1,210,5040,2,1,20.92308235168457,0,0,0,0,57.058956146240234,0,40.761318206787109,0.18019820749759674,0,0
1,210,5040,3,1,21.070291519165039,0,0,0,0,60.932685852050781,0,41.747520446777344,0.16721391677856445,0,0
1,210,5040,4,1,21.055879592895508,0,0,0,0,61.29022216796875,0,39.899993896484375,0.10885560512542725,0,0
1,210,5040,5,1,20.893850326538086,0,0,0,0,61.033123016357422,0,39.179580688476562,0.091682881116867065,0,0
1,210,5040,6,1,20.919626235961914,0,0,0,0,58.608524322509766,0,38.406776428222656,0.040157057344913483,0,0
1,210,5040,7,1,21.501642227172852,0,0.00030946097103878856,0.051987312734127045,0,58.842292785644531,0,39.939338684082031,0.010600011795759201,0,0
1,210,5040,0,2,21.399538040161133,0,0.00074054283322766423,0.066320739686489105,0,66.602516174316406,0,39.475879669189453,0.036083746701478958,0,0
1,210,5040,1,2,20.398588180541992,0,0,0,0,57.485973358154297,0,38.441253662109375,0.11976584047079086,0,0
1,210,5040,2,2,20.539422988891602,0,0,0,0,55.824726104736328,0,38.090606689453125,0.12322895973920822,0,0
1,210,5040,3,2,20.528388977050781,0,0,0,0,59.216537475585938,0,38.476337432861328,0.077573053538799286,0,0
1,210,5040,4,2,20.667499542236328,0,0,0,0,59.929801940917969,0,39.232456207275391,0.080925256013870239,0,0
1,210,5040,5,2,21.042947769165039,0,0,0,0,59.043685913085938,0,40.648220062255859,0.091909997165203094,0,0
1,210,5040,6,2,21.041357040405273,0,0,0,0,56.293937683105469,0,40.222953796386719,0.11514216661453247,0,0
1,210,5040,7,2,21.529401779174805,0,0.00067459291312843561,0.066471509635448456,0,63.306682586669922,0,42.630550384521484,0.065886788070201874,0,0
1,210,5040,0,3,21.16864013671875,0,0.00076148007065057755,0.063858732581138611,0,64.314048767089844,0,36.821155548095703,0.027645224705338478,0,0
1,210,5040,1,3,20.864120483398438,0,0,0,0,57.0849609375,0,38.648643493652344,0.085988223552703857,0,0
1,210,5040,2,3,21.091583251953125,0,0,0,0,62.08203125,0,42.120780944824219,0.13335858285427094,0,0
1,210,5040,3,3,20.893604278564453,0,0,0,0,60.259086608886719,0,40.64971923828125,0.16076919436454773,0,0
1,210,5040,4,3,20.841306686401367,0,0,0,0,57.025630950927734,0,38.287788391113281,0.17396208643913269,0,0
1,210,5040,5,3,20.795131683349609,0,0,0,0,55.735111236572266,0,37.829093933105469,0.20375308394432068,0,0
1,210,5040,6,3,20.709299087524414,0,0,0,0,54.950801849365234,0,37.211505889892578,0.14988324046134949,0,0
1,210,5040,7,3,21.299802780151367,0,0.00049214763566851616,0.14487569034099579,0,61.11419677734375,0,38.7281494140625,0.049463082104921341,0,0
1,210,5040,0,4,21.736337661743164,0,0.00044638468534685671,0.050417870283126831,0,69.860588073730469,0,39.143367767333984,0.026513753458857536,0,0
1,210,5040,1,4,20.774408340454102,0,0,0,0,63.05352783203125,0,41.134223937988281,0.12817615270614624,0,0
1,210,5040,2,4,21.13117790222168,0,0,0,0,66.397720336914062,0,42.669193267822266,0.18010085821151733,0,0
1,210,5040,3,4,20.76469612121582,0,0,0,0,56.784278869628906,0,38.799476623535156,0.14708058536052704,0,0
1,210,5040,4,4,20.757289886474609,0,0,0,0,52.474605560302734,0,35.859664916992188,0.16623440384864807,0,0
1,210,5040,5,4,20.670791625976562,0,0,0,0,52.109626770019531,0,35.781997680664062,0.16966508328914642,0,0
1,210,5040,6,4,20.963102340698242,0,0.00017359534103889018,0.064405202865600586,0,51.494731903076172,0,34.198410034179688,0.10566890239715576,0,0
1,210,5040,7,4,21.215190887451172,0,5.3839772590436041E-05,0.039188340306282043,0,56.929931640625,0,38.605075836181641,0.057678643614053726,0,0
1,210,5040,0,5,21.587242126464844,0,0.00045656831935048103,0.039305701851844788,0,68.233161926269531,0,40.491081237792969,0.052024863660335541,0,0
1,210,5040,1,5,20.602104187011719,0,0,0,0,66.051307678222656,0,42.416683197021484,0.13454519212245941,0,0
1,210,5040,2,5,20.990427017211914,0,0,0,0,66.178199768066406,0,42.127117156982422,0.14887438714504242,0,0
1,210,5040,3,5,20.749774932861328,0,0,0,0,56.983535766601562,0,38.409713745117188,0.1825297474861145,0,0
1,210,5040,4,5,20.731620788574219,0,0,0,0,53.507907867431641,0,36.259319305419922,0.14260026812553406,0,0
1,210,5040,5,5,20.933282852172852,0,0,0,0,51.177547454833984,0,35.122554779052734,0.11080805957317352,0,0
1,210,5040,6,5,21.037765502929688,0,0,0,0,53.372764587402344,0,38.164524078369141,0.12182068824768066,0,0
1,210,5040,7,5,21.520200729370117,0,0.00010631906479829922,0.047117464244365692,0,52.91522216796875,0,37.345973968505859,0.049850478768348694,0,0
1,210,5040,0,6,21.369369506835938,0,0.00030776025960221887,0.038005605340003967,0,60.554729461669922,0,38.889125823974609,0.03525916114449501,0,0
1,210,5040,1,6,20.596939086914062,0,0,0,0,61.613021850585938,0,41.350349426269531,0.12873868644237518,0,0
1,210,5040,2,6,20.965522766113281,0,0,0,0,65.8255615234375,0,42.009101867675781,0.15600259602069855,0,0
1,210,5040,3,6,20.938371658325195,0,0,0,0,59.630424499511719,0,39.649318695068359,0.12498224526643753,0,0
1,210,5040,4,6,20.983846664428711,0,0,0,0,52.299671173095703,0,35.046672821044922,0.095085754990577698,0,0
1,210,5040,5,6,21.018365859985352,0,0,0,0,50.430191040039062,0,35.986167907714844,0.13154715299606323,0,0
1,210,5040,6,6,21.321846008300781,0,0,0,0,51.644916534423828,0,37.945392608642578,0.13170836865901947,0,0
1,210,5040,7,6,21.685932159423828,0,0,0,0,52.590469360351562,0,38.486068725585938,0.065974578261375427,0,0
1,210,5040,0,7,21.608098983764648,0,0,0,0,61.081138610839844,0,39.490440368652344,0.020462678745388985,0,0
1,210,5040,1,7,21.08000373840332,0,0,0,0,60.376811981201172,0,40.86846923828125,0.045526254922151566,0,0
1,210,5040,2,7,21.201906204223633,0,0.00037901272298768163,0.078803971409797668,0,64.3211669921875,0,41.349273681640625,0.045871265232563019,0,0
1,210,5040,3,7,21.356988906860352,0,0,0,0,61.964122772216797,0,39.949901580810547,0.031369183212518692,0,0
1,210,5040,4,7,21.240297317504883,0,0,0,0,58.164314270019531,0,39.774711608886719,0.043979443609714508,0,0
1,210,5040,5,7,21.363197326660156,0,2.639347076183185E-05,0.042229555547237396,0,56.696369171142578,0,40.180511474609375,0.044949699193239212,0,0
1,210,5040,6,7,21.543689727783203,0,0.00022831547539681196,0.047443121671676636,0,56.574001312255859,0,41.387592315673828,0.036877602338790894,0,0
1,210,5040,7,7,22.004489898681641,0,0,0,0,60.174739837646484,0,41.550117492675781,0.015213662758469582,0,0
1,240,5760,0,0,14.451382637023926,0,0.00053270399803295732,0.035948559641838074,0,67.404090881347656,0,53.650737762451172,0.045920398086309433,0,0
1,240,5760,1,0,14.346108436584473,0,1.3603805200546049E-05,0.021766088902950287,0,63.070144653320312,0,54.147979736328125,0.11512969434261322,0,0.00010279028356308118
1,240,5760,2,0,14.48841667175293,0,0.00017184435273520648,0.041098162531852722,0,61.669380187988281,0,53.94256591796875,0.032323788851499557,0,0
1,240,5760,3,0,14.653225898742676,0,0.00026225583860650659,0.040186323225498199,0,64.633773803710938,0,54.727993011474609,0.051664486527442932,0,0
1,240,5760,4,0,14.599477767944336,0,0.00029538903618231416,0.038536921143531799,0,64.906761169433594,0,54.894035339355469,0.1078781932592392,0,0
1,240,5760,5,0,14.701594352722168,0,0.0003256809723097831,0.039030417799949646,0,60.797744750976562,0,52.376564025878906,0.046345915645360947,0,0
1,240,5760,6,0,14.654454231262207,0,0,0,0,56.398990631103516,0,48.906547546386719,0.076418779790401459,0,0
1,240,5760,7,0,14.822720527648926,0,4.8058635002234951E-05,0.043177071958780289,0,57.752468109130859,0,47.458576202392578,0.022448336705565453,0,0
1,240,5760,0,1,14.238729476928711,0,0.00050695094978436828,0.037648566067218781,0,65.694732666015625,0,51.90911865234375,0.13807882368564606,0,0
1,240,5760,1,1,13.901313781738281,0,0,0,0,59.683971405029297,0,52.190799713134766,0.32292273640632629,0,0
1,240,5760,2,1,13.834342002868652,0,0,0,0,56.252021789550781,0,52.239582061767578,0.18812337517738342,0,0
1,240,5760,3,1,13.946780204772949,0,0,0,0,60.096351623535156,0,53.302371978759766,0.3298528790473938,0,0
1,240,5760,4,1,13.737716674804688,0,0,0,0,60.959209442138672,0,50.682571411132812,0.241419717669487,0,0
1,240,5760,5,1,13.520106315612793,0,0,0,0,60.451263427734375,0,50.258998870849609,0.14855805039405823,0,0
1,240,5760,6,1,13.427196502685547,0,0,0,0,58.892654418945312,0,49.055427551269531,0.13801547884941101,0,0
1,240,5760,7,1,14.05240535736084,0,0.00032679495052434504,0.05212739109992981,0,59.001644134521484,0,50.631961822509766,0.038921911269426346,0,0
1,240,5760,0,2,14.301702499389648,0,0.00098884501494467258,0.40147274732589722,0,65.416786193847656,0,50.942714691162109,0.10704189538955688,0,0
1,240,5760,1,2,13.783443450927734,0,6.2235274526756257E-05,0.050942473113536835,0,56.603378295898438,0,49.550453186035156,0.31018763780593872,0,0
1,240,5760,2,2,13.425933837890625,0,0,0,0,55.271324157714844,0,49.388572692871094,0.23197022080421448,0,0
1,240,5760,3,2,12.903254508972168,0,0,0,0,59.306858062744141,0,49.659393310546875,0.16456028819084167,0,0
1,240,5760,4,2,12.87564754486084,0,0,0,0,59.963542938232422,0,49.691226959228516,0.13823305070400238,0,0
1,240,5760,5,2,13.179226875305176,0,3.0811319447821006E-05,0.049298111349344254,0,59.224117279052734,0,51.182979583740234,0.18662278354167938,0,0
1,240,5760,6,2,13.183112144470215,0,0,0,0,57.271858215332031,0,50.505271911621094,0.23686365783214569,0,0
1,240,5760,7,2,13.813557624816895,0,0.00055563816567882895,0.06632772833108902,0,63.790630340576172,0,53.925407409667969,0.10048944503068924,0,0
1,240,5760,0,3,14.085919380187988,0,0.0010205361759290099,0.24154993891716003,0,63.188602447509766,0,47.834815979003906,0.054990839213132858,0,0
1,240,5760,1,3,13.762012481689453,0,2.8353910238365643E-05,0.045366257429122925,0,56.046318054199219,0,49.488811492919922,0.22374355792999268,0,0
1,240,5760,2,3,13.563349723815918,0,0,0,0,61.067279815673828,0,53.755149841308594,0.13715460896492004,0,0
1,240,5760,3,3,13.02506160736084,0,0,0,0,59.99407958984375,0,51.632415771484375,0.31211486458778381,0,0
1,240,5760,4,3,12.982702255249023,0,0,0,0,57.031269073486328,0,48.110118865966797,0.39831644296646118,0,0
1,240,5760,5,3,12.939883232116699,0,0,0,0,55.785720825195312,0,47.442535400390625,0.27096521854400635,0,0
1,240,5760,6,3,12.866473197937012,0,0,0,0,55.511325836181641,0,46.542881011962891,0.38086843490600586,0,0
1,240,5760,7,3,13.668119430541992,0,0.0015646462561562657,0.55298107862472534,0,61.304599761962891,0,48.994716644287109,0.087917037308216095,0,0
1,240,5760,0,4,14.633556365966797,0,0.00047529619769193232,0.053495936095714569,0,68.728927612304688,0,50.271274566650391,0.1066007986664772,0,0
1,240,5760,1,4,14.011994361877441,0,0,0,0,62.125038146972656,0,52.563884735107422,0.27911391854286194,0,0
1,240,5760,2,4,13.995556831359863,0,0,0,0,65.364089965820312,0,54.952369689941406,0.2859174907207489,0,0
1,240,5760,3,4,13.14592170715332,0,0,0,0,56.584419250488281,0,49.416122436523438,0.36213469505310059,0,0
1,240,5760,4,4,12.991110801696777,0,0,0,0,52.554374694824219,0,44.615627288818359,0.3640618622303009,0,0
1,240,5760,5,4,12.835038185119629,0,0,0,0,52.290683746337891,0,44.647312164306641,0.3504272997379303,0,0
1,240,5760,6,4,13.138750076293945,0,0.00055595394223928452,0.072471380233764648,0,51.521369934082031,0,42.451251983642578,0.24326734244823456,0,0
1,240,5760,7,4,13.545653343200684,0,0.00015696368063800037,0.036829017102718353,0,56.65081787109375,0,48.322002410888672,0.059883512556552887,0,0
1,240,5760,0,5,14.486635208129883,0,0.00045862389379180968,0.039394665509462357,0,67.041885375976562,0,52.056644439697266,0.081378132104873657,0,0
1,240,5760,1,5,13.85222339630127,0,0,0,0,65.014190673828125,0,54.426521301269531,0.32708257436752319,0,0
1,240,5760,2,5,13.87022876739502,0,0,0,0,64.990974426269531,0,54.117523193359375,0.23686487972736359,0,0
1,240,5760,3,5,13.420381546020508,0,0,0,0,56.286640167236328,0,48.808483123779297,0.3182004988193512,0,0
1,240,5760,4,5,13.118005752563477,0,4.9344718718202785E-05,0.044736027717590332,0,53.206272125244141,0,45.348552703857422,0.33851355314254761,0,0
1,240,5760,5,5,13.245089530944824,0,0.00011393205204512924,0.05089125782251358,0,50.696201324462891,0,43.700809478759766,0.17252516746520996,0,0
1,240,5760,6,5,13.195919036865234,0,0,0,0,52.963844299316406,0,47.341140747070312,0.19155727326869965,0,0
1,240,5760,7,5,13.914237976074219,0,0.00022269376495387405,0.046009436249732971,0,52.363079071044922,0,45.809471130371094,0.089201852679252625,0,0
1,240,5760,0,6,14.288192749023438,0,0.00041356004658155143,0.038470327854156494,0,59.517856597900391,0,49.687976837158203,0.12228686362504959,0,0
1,240,5760,1,6,13.825455665588379,0,0,0,0,60.645740509033203,0,52.778171539306641,0.29219746589660645,0,0
1,240,5760,2,6,13.850650787353516,0,0,0,0,64.779762268066406,0,54.013202667236328,0.23439566791057587,0,0
1,240,5760,3,6,13.79942512512207,0,0,0,0,58.911098480224609,0,50.472751617431641,0.35795584321022034,0,0
1,240,5760,4,6,13.693752288818359,0,9.7055977676063776E-05,0.063735693693161011,0,51.568920135498047,0,43.695648193359375,0.17749962210655212,0,0
1,240,5760,5,6,13.69676685333252,0,0,0,0,49.632007598876953,0,44.533588409423828,0.17213203012943268,0,0
1,240,5760,6,6,13.900557518005371,0,0,0,0,50.766658782958984,0,47.154525756835938,0.31624290347099304,0,0
1,240,5760,7,6,14.378801345825195,0,0.0001073996681952849,0.0371730737388134,0,51.725898742675781,0,47.556381225585938,0.10987053066492081,0,0
1,240,5760,0,7,14.540098190307617,0,0.00013941881479695439,0.041070118546485901,0,59.972782135009766,0,50.286323547363281,0.062681727111339569,0,0
1,240,5760,1,7,14.038871765136719,0,0,0,0,59.268478393554688,0,51.927326202392578,0.15132415294647217,0,0
1,240,5760,2,7,14.116818428039551,0,0.00043080816976726055,0.083806589245796204,0,63.233707427978516,0,52.553462982177734,0.14182861149311066,0,0
1,240,5760,3,7,14.277541160583496,0,2.0545357983792201E-05,0.032872572541236877,0,60.924243927001953,0,50.380290985107422,0.10309670120477676,0,0
1,240,5760,4,7,14.168145179748535,0,0,0,0,57.154060363769531,0,50.027126312255859,0.11839155107736588,0,0
1,240,5760,5,7,14.292318344116211,0,0.00013651174958795309,0.048204932361841202,0,55.68505859375,0,50.376861572265625,0.16378431022167206,0,0
1,240,5760,6,7,14.475537300109863,0,0.00072500482201576233,0.04998486116528511,0,55.562759399414062,0,51.994094848632812,0.13739342987537384,0,0
1,240,5760,7,7,14.906564712524414,0,0.00015550284297205508,0.045214980840682983,0,59.062034606933594,0,52.244903564453125,0.070181749761104584,0,0
1,270,6480,0,0,5.2250533103942871,0,0.00067079620203003287,0.038380198180675507,0,66.446952819824219,0,64.180076599121094,0.34740108251571655,0,0
1,270,6480,1,0,5.0094513893127441,0,3.3782289392547682E-05,0.023921623826026917,0,62.246196746826172,0,64.167060852050781,0.38118040561676025,0,9.4752700533717871E-05
1,270,6480,2,0,5.2319083213806152,0,0.00036779348738491535,0.039938859641551971,0,60.788753509521484,0,63.981452941894531,0.38754108548164368,0,0
1,270,6480,3,0,5.3802361488342285,0,0.00033826607977971435,0.0402936190366745,0,63.680580139160156,0,65.129035949707031,0.41010242700576782,0,0
1,270,6480,4,0,5.313596248626709,0,0.00034384906757622957,0.038876090198755264,0,63.979450225830078,0,65.314994812011719,0.40250673890113831,0,0
1,270,6480,5,0,5.4224810600280762,0,0.00046083508641459048,0.040288098156452179,0,60.089996337890625,0,62.217960357666016,0.38659188151359558,0,0
1,270,6480,6,0,5.366307258605957,0,6.5190535678993911E-05,0.022340498864650726,0,55.715572357177734,0,57.759010314941406,0.45781859755516052,0,0
1,270,6480,7,0,5.5605683326721191,0,0.00016724012675695121,0.049242019653320312,0,57.014263153076172,0,56.358772277832031,0.31840747594833374,0,0
1,270,6480,0,1,5.0267577171325684,0,0.0013336488045752048,0.46985220909118652,0,64.812446594238281,0,62.110523223876953,0.36736926436424255,0,0
1,270,6480,1,1,4.4446263313293457,0,0,0,0,59.203987121582031,0,61.407634735107422,0.61298340559005737,0,0
1,270,6480,2,1,4.4356560707092285,0,0,0,0,55.507522583007812,0,61.319881439208984,0.8089669942855835,0,0
1,270,6480,3,1,4.2982373237609863,0,0,0,0,59.677349090576172,0,62.373020172119141,0.54586833715438843,0,0
1,270,6480,4,1,4.2729582786560059,0,0,0,0,61.730915069580078,0,59.145084381103516,0.60188150405883789,0,0
1,270,6480,5,1,4.1818432807922363,0,0,0,0,62.824237823486328,0,58.577167510986328,0.53458261489868164,0,0
1,270,6480,6,1,4.235419750213623,0,0,0,0,61.092887878417969,0,57.036148071289062,0.27203875780105591,0,0
1,270,6480,7,1,4.9378199577331543,0,0.00042449007742106915,0.057719193398952484,0,60.670513153076172,0,59.075523376464844,0.22036099433898926,0,0
1,270,6480,0,2,5.095674991607666,0,0.010028813034296036,0.68914055824279785,0,64.622894287109375,0,60.970481872558594,0.41634762287139893,0,0
1,270,6480,1,2,4.2038187980651855,0,9.562885679770261E-05,0.05495341494679451,0,56.407676696777344,0,58.375202178955078,0.68390601873397827,0,0
1,270,6480,2,2,3.9624111652374268,0,0,0,0,55.622844696044922,0,57.831165313720703,0.52049630880355835,0,0
1,270,6480,3,2,3.8325815200805664,0,0,0,0,61.704032897949219,0,57.483818054199219,0.3420218825340271,0,0
1,270,6480,4,2,3.9992015361785889,0,0,0,0,63.005008697509766,0,57.164722442626953,0.42600402235984802,0,0
1,270,6480,5,2,4.333735466003418,0,3.0846498702885583E-05,0.049354396760463715,0,61.866641998291016,0,58.987281799316406,0.49285745620727539,0,0
1,270,6480,6,2,4.3328948020935059,0,0,0,0,60.368278503417969,0,58.113582611083984,0.66944330930709839,0,0
1,270,6480,7,2,4.7956008911132812,0,0.00067344092531129718,0.062550820410251617,0,65.629440307617188,0,62.500808715820312,0.44230684638023376,0,0
1,270,6480,0,3,4.8626022338867188,0,0.008763548918068409,0.71138304471969604,0,62.545295715332031,0,57.298904418945312,0.2182425856590271,0,0
1,270,6480,1,3,4.2116832733154297,0,8.1807418609969318E-05,0.048605598509311676,0,55.809017181396484,0,58.108612060546875,0.3834758996963501,0,0
1,270,6480,2,3,4.4091587066650391,0,0,0,0,61.033367156982422,0,63.018455505371094,0.67163854837417603,0,0
1,270,6480,3,3,4.1638798713684082,0,0,0,0,61.708927154541016,0,59.856472015380859,0.61967074871063232,0,0
1,270,6480,4,3,4.1387419700622559,0,0,0,0,59.662181854248047,0,55.374828338623047,0.70779502391815186,0,0
1,270,6480,5,3,4.0998806953430176,0,0,0,0,58.885795593261719,0,54.535274505615234,0.90048038959503174,0,0
1,270,6480,6,3,4.0234518051147461,0,0,0,0,58.442337036132812,0,53.273033142089844,0.62468856573104858,0,0
1,270,6480,7,3,4.6088500022888184,0,0.0028593693859875202,0.70284628868103027,0,63.414188385009766,0,56.734153747558594,0.35812628269195557,0,0
1,270,6480,0,4,5.4270915985107422,0,0.0029743071645498276,0.55202758312225342,0,67.922096252441406,0,60.446571350097656,0.34490665793418884,0,0
1,270,6480,1,4,4.5324521064758301,0,0,0,0,61.601238250732422,0,61.769802093505859,0.70773530006408691,0,0
1,270,6480,2,4,4.4373288154602051,0,0,0,0,64.546768188476562,0,64.715309143066406,0.70522814989089966,0,0
1,270,6480,3,4,4.042543888092041,0,0,0,0,57.39715576171875,0,57.096591949462891,0.65412122011184692,0,0
1,270,6480,4,4,4.0470695495605469,0,0,0,0,54.287422180175781,0,51.181243896484375,0.89344924688339233,0,0
1,270,6480,5,4,3.9942965507507324,0,0,0,0,55.454452514648438,0,51.202239990234375,0.71318507194519043,0,0
1,270,6480,6,4,4.2981734275817871,0,0.00061598926549777389,0.071413353085517883,0,54.472908020019531,0,48.842216491699219,0.45367550849914551,0,0
1,270,6480,7,4,4.5519204139709473,0,0.00036915388773195446,0.045323554426431656,0,59.248542785644531,0,55.7481689453125,0.45171663165092468,0,0
1,270,6480,0,5,5.2777400016784668,0,0.0014069597236812115,0.45707607269287109,0,66.099327087402344,0,62.479793548583984,0.39729136228561401,0,0
1,270,6480,1,5,4.356623649597168,0,0,0,0,64.383064270019531,0,63.98114013671875,0.54982990026473999,0,0
1,270,6480,2,5,4.4005498886108398,0,0,0,0,64.138336181640625,0,63.648372650146484,0.70015561580657959,0,0
1,270,6480,3,5,4.0349173545837402,0,0,0,0,56.240776062011719,0,56.58868408203125,0.73815953731536865,0,0
1,270,6480,4,5,4.0233378410339355,0,7.1886766818352044E-05,0.044215686619281769,0,54.573329925537109,0,52.1036376953125,0.62958812713623047,0,0
1,270,6480,5,5,4.2509551048278809,0,0.00033492219517938793,0.049733340740203857,0,53.318061828613281,0,50.217056274414062,0.53763389587402344,0,0
1,270,6480,6,5,4.3488616943359375,0,0,0,0,55.761787414550781,0,54.365486145019531,0.54731094837188721,0,0
1,270,6480,7,5,4.8421497344970703,0,0.0004371428512968123,0.058058366179466248,0,54.003337860107422,0,52.636337280273438,0.37489494681358337,0,0
1,270,6480,0,6,5.0758585929870605,0,0.00050783384358510375,0.042020343244075775,0,58.69915771484375,0,59.323192596435547,0.37372419238090515,0,0
1,270,6480,1,6,4.4628410339355469,0,0,0,0,59.749763488769531,0,62.030757904052734,0.6912543773651123,0,0
1,270,6480,2,6,4.6006894111633301,0,0,0,0,63.800807952880859,0,63.623287200927734,0.71479392051696777,0,0
1,270,6480,3,6,4.3015232086181641,0,0,0,0,58.204380035400391,0,59.029483795166016,0.54368501901626587,0,0
1,270,6480,4,6,4.2637214660644531,0,0.00013897956523578614,0.061546910554170609,0,51.589202880859375,0,50.548274993896484,0.51852262020111084,0,0
1,270,6480,5,6,4.3142476081848145,0,0,0,0,50.238216400146484,0,51.212211608886719,0.64963483810424805,0,0
1,270,6480,6,6,4.6004257202148438,0,0,0,0,51.600261688232422,0,54.605968475341797,0.52157926559448242,0,0
1,270,6480,7,6,5.0190672874450684,0,0.00034543644869700074,0.044185634702444077,0,52.581050872802734,0,55.070804595947266,0.5523192286491394,0,0
1,270,6480,0,7,5.3494148254394531,0,0.000227150390855968,0.046338349580764771,0,59.082614898681641,0,60.280143737792969,0.3282637894153595,0,0
1,270,6480,1,7,4.851020336151123,0,4.4616095692617819E-05,0.036367855966091156,0,58.37115478515625,0,61.404903411865234,0.36055949330329895,0,0
1,270,6480,2,7,4.9359440803527832,0,0.00032627230393700302,0.083766229450702667,0,62.364395141601562,0,62.07501220703125,0.34733307361602783,0,0
1,270,6480,3,7,5.0750522613525391,0,0.00016411641263402998,0.04287787526845932,0,60.083450317382812,0,59.4495849609375,0.30223453044891357,0,0
1,270,6480,4,7,4.9288206100463867,0,7.3769348091445863E-05,0.043025773018598557,0,56.348655700683594,0,58.900264739990234,0.35455548763275146,0,0
1,270,6480,5,7,5.0770916938781738,0,0.00034056993899866939,0.050397820770740509,0,54.919380187988281,0,59.312618255615234,0.39265286922454834,0,0
1,270,6480,6,7,5.2425503730773926,0,0.00082777667557820678,0.046960819512605667,0,54.87353515625,0,61.498737335205078,0.41613316535949707,0,0
1,270,6480,7,7,5.663665771484375,0,0.00062147632706910372,0.051080755889415741,0,58.259811401367188,0,62.119155883789062,0.22419753670692444,0,0
1,300,7200,0,0,-2.5791723728179932,0.030038913711905479,0.0012535230489447713,0.052356015890836716,0,66.362770080566406,0,65.348800659179688,0.39898353815078735,0,0
1,300,7200,1,0,-2.7694911956787109,0.005110591184347868,0.00013706981553696096,0.04117710143327713,0,61.83526611328125,0,65.163230895996094,0.95239764451980591,0,8.7131549662444741E-05
1,300,7200,2,0,-2.6092901229858398,0.0052862358279526234,0.00075444713002070785,0.058006223291158676,0,60.497802734375,0,65.059585571289062,0.63184660673141479,0,0
1,300,7200,3,0,-2.4899277687072754,0.0054788137786090374,0.00067300343653187156,0.060069352388381958,0,63.296852111816406,0,66.359573364257812,0.67480015754699707,0,0
1,300,7200,4,0,-2.5485765933990479,0.0054887379519641399,0.00070923491148278117,0.054713137447834015,0,63.582870483398438,0,66.533889770507812,0.92995887994766235,0,0
1,300,7200,5,0,-2.4374890327453613,0.0053587714210152626,0.00082652067067101598,0.057463318109512329,0,59.866291046142578,0,63.398895263671875,0.6016806960105896,0,0
1,300,7200,6,0,-2.4641335010528564,0.0054084216244518757,0.00037311090272851288,0.040033169090747833,0,55.399101257324219,0,58.784103393554688,0.8656315803527832,0,0
1,300,7200,7,0,-2.2623271942138672,0.0050249183550477028,0.00052883598254993558,0.062801584601402283,0,56.693931579589844,0,57.485103607177734,0.58983510732650757,0,0
1,300,7200,0,1,-2.8285086154937744,0.051348254084587097,0.016432067379355431,1.0950802564620972,0,65.150886535644531,0,63.109664916992188,0.57061713933944702,0,0
1,300,7200,1,1,-3.2453808784484863,0,0,0,0,58.956657409667969,0,62.048477172851562,1.3675510883331299,0,0
1,300,7200,2,1,-3.2869410514831543,0,0,0,0,55.506832122802734,0,61.780281066894531,1.2612001895904541,0,0
1,300,7200,3,1,-3.2050526142120361,0,0,0,0,60.572170257568359,0,62.80426025390625,1.4350497722625732,0,0
1,300,7200,4,1,-3.2375600337982178,0,0,0,0,63.177387237548828,0,59.509845733642578,0.99964344501495361,0,0
1,300,7200,5,1,-3.3347377777099609,0,0,0,0,64.39520263671875,0,58.865039825439453,0.69291090965270996,0,0
1,300,7200,6,1,-3.2672736644744873,0,0,0,0,62.418426513671875,0,57.371757507324219,0.70806550979614258,0,0
1,300,7200,7,1,-2.6610169410705566,0,0.00053613929776474833,0.067576110363006592,0,61.764602661132812,0,59.773303985595703,0.44135439395904541,0,0
1,300,7200,0,2,-2.8028922080993652,0.070845678448677063,0.041152916848659515,2.8622715473175049,0,65.094367980957031,0,61.956348419189453,0.48480424284934998,0,0
1,300,7200,1,2,-3.4043834209442139,0,0.00010006332013290375,0.057364825159311295,0,56.806694030761719,0,58.821102142333984,1.1642385721206665,0,0
1,300,7200,2,2,-3.6034231185913086,0,2.1581861801678315E-05,0.03453097864985466,0,56.899364471435547,0,58.006492614746094,0.89441090822219849,0,0
1,300,7200,3,2,-3.6631011962890625,0,0,0,0,63.362812042236328,0,57.509426116943359,0.76909804344177246,0,0
1,300,7200,4,2,-3.4910664558410645,0,0,0,0,64.508644104003906,0,57.283550262451172,0.93880176544189453,0,0
1,300,7200,5,2,-3.1602911949157715,0,5.8365079894429073E-05,0.051400281488895416,0,63.387779235839844,0,59.339969635009766,0.97467190027236938,0,0
1,300,7200,6,2,-3.1564948558807373,0,0,0,0,62.388355255126953,0,58.462471008300781,1.2127715349197388,0,0
1,300,7200,7,2,-2.730827808380127,0,0.00068268104223534465,0.062876388430595398,0,67.068428039550781,0,63.128379821777344,0.76896488666534424,0,0
1,300,7200,0,3,-3.0292034149169922,0.083156794309616089,0.048328321427106857,2.678504467010498,0,63.154220581054688,0,58.081005096435547,0.36907017230987549,0,0
1,300,7200,1,3,-3.3302960395812988,0,0.00011032770271413028,0.049538284540176392,0,56.223102569580078,0,58.480907440185547,1.010411262512207,0,0
1,300,7200,2,3,-3.1523935794830322,0,0,0,0,62.400199890136719,0,63.478969573974609,1.1280691623687744,0,0
1,300,7200,3,3,-3.3240261077880859,0,0,0,0,63.857593536376953,0,60.128200531005859,1.3739404678344727,0,0
1,300,7200,4,3,-3.3474407196044922,0,0,0,0,61.450878143310547,0,55.597126007080078,1.4290133714675903,0,0
1,300,7200,5,3,-3.3851232528686523,0,0,0,0,60.883819580078125,0,54.732040405273438,1.3097666501998901,0,0
1,300,7200,6,3,-3.4589753150939941,0,0,0,0,60.391105651855469,0,53.401027679443359,1.541501522064209,0,0
1,300,7200,7,3,-2.9055821895599365,0,0.0038000701460987329,0.79021286964416504,0,64.813568115234375,0,57.202621459960938,0.63606524467468262,0,0
1,300,7200,0,4,-2.4714300632476807,0.06901104748249054,0.046136751770973206,2.1774370670318604,0,68.284919738769531,0,61.678329467773438,0.47281563282012939,0,0
1,300,7200,1,4,-3.1458859443664551,0,0,0,0,61.388729095458984,0,62.384609222412109,1.2322046756744385,0,0
1,300,7200,2,4,-3.1704120635986328,0,0,0,0,65.051704406738281,0,65.222442626953125,1.1834570169448853,0,0
1,300,7200,3,4,-3.4510684013366699,0,0,0,0,59.571155548095703,0,57.243976593017578,1.3318939208984375,0,0
1,300,7200,4,4,-3.4317855834960938,0,0,0,0,55.969196319580078,0,51.299949645996094,1.3711117506027222,0,0
1,300,7200,5,4,-3.4802560806274414,0,1.8964512491947971E-05,0.030343219637870789,0,57.616977691650391,0,51.324512481689453,1.3730729818344116,0,0
1,300,7200,6,4,-3.1768555641174316,0,0.00064442906295880675,0.07341022789478302,0,56.315418243408203,0,49.116733551025391,0.95254230499267578,0,0
1,300,7200,7,4,-2.9631047248840332,0,0.00051281251944601536,0.048541314899921417,0,61.108139038085938,0,56.176097869873047,0.82847332954406738,0,0
1,300,7200,0,5,-2.5634801387786865,0.053363047540187836,0.01615082286298275,1.3671534061431885,0,66.397377014160156,0,63.673557281494141,0.52578479051589966,0,0
1,300,7200,1,5,-3.268197774887085,0,0,0,0,64.210166931152344,0,64.519622802734375,1.3175476789474487,0,0
1,300,7200,2,5,-3.2717313766479492,0,0,0,0,64.19268798828125,0,64.085037231445312,0.93854314088821411,0,0
1,300,7200,3,5,-3.4657003879547119,0,0,0,0,57.760341644287109,0,56.727512359619141,1.4343661069869995,0,0
1,300,7200,4,5,-3.4525682926177979,0,8.523877477273345E-05,0.045495502650737762,0,56.294956207275391,0,52.213737487792969,1.345694899559021,0,0
1,300,7200,5,5,-3.2220299243927002,0,0.00041041432996280491,0.05390610545873642,0,55.377151489257812,0,50.458904266357422,0.8042987585067749,0,0
1,300,7200,6,5,-3.1276271343231201,0,3.8010341086192057E-05,0.031393706798553467,0,57.647953033447266,0,54.694770812988281,1.1985292434692383,0,0
1,300,7200,7,5,-2.6493391990661621,0,0.00043652427848428488,0.05994974821805954,0,55.184459686279297,0,53.109245300292969,0.85499817132949829,0,0
1,300,7200,0,6,-2.7040181159973145,0.031797908246517181,0.00084127427544444799,0.056702885776758194,0,58.81817626953125,0,60.315532684326172,0.53913581371307373,0,0
1,300,7200,1,6,-3.2400615215301514,0,0,0,0,59.3350830078125,0,62.635589599609375,1.3571257591247559,0,0
1,300,7200,2,6,-3.2073252201080322,0,0,0,0,63.462997436523438,0,64.207847595214844,1.1557855606079102,0,0
1,300,7200,3,6,-3.2454531192779541,0,0,0,0,58.638240814208984,0,59.368080139160156,1.2656092643737793,0,0
1,300,7200,4,6,-3.2050096988677979,0,0.00030994883854873478,0.064433053135871887,0,52.539405822753906,0,50.729881286621094,0.89002317190170288,0,0
1,300,7200,5,6,-3.1441404819488525,0,1.9338525817147456E-05,0.030941642820835114,0,51.788593292236328,0,51.413913726806641,1.1451195478439331,0,0
1,300,7200,6,6,-2.8702857494354248,0,0,0,0,52.887741088867188,0,55.075965881347656,1.3349484205245972,0,0
1,300,7200,7,6,-2.5059404373168945,0,0.0006251072627492249,0.052947424352169037,0,53.724525451660156,0,55.694187164306641,0.91738897562026978,0,0
1,300,7200,0,7,-2.4050664901733398,0.0063713728450238705,0.00044297808199189603,0.053142063319683075,0,58.719123840332031,0,61.537036895751953,0.41024264693260193,0,0
1,300,7200,1,7,-2.8970568180084229,0,5.2735860663233325E-05,0.052243806421756744,0,57.872463226318359,0,62.294620513916016,0.83166921138763428,0,0
1,300,7200,2,7,-2.8053202629089355,0,0.0004390368121676147,0.085681386291980743,0,61.899677276611328,0,62.977561950683594,0.52018970251083374,0,0
1,300,7200,3,7,-2.6617834568023682,0,0.00034457028959877789,0.05732785165309906,0,59.647182464599609,0,60.359470367431641,0.53411352634429932,0,0
1,300,7200,4,7,-2.7627561092376709,0,0.00018215870659332722,0.054052338004112244,0,55.986221313476562,0,59.727588653564453,0.72684264183044434,0,0
1,300,7200,5,7,-2.6249532699584961,0,0.00081641937140375376,0.067615099251270294,0,54.708690643310547,0,60.200565338134766,0.60818213224411011,0,0
1,300,7200,6,7,-2.4334690570831299,0,0.0013128849677741528,0.065591037273406982,0,54.744422912597656,0,62.596927642822266,0.68462920188903809,0,0
1,300,7200,7,7,-2.0093200206756592,0,0.0010579939698800445,0.057944923639297485,0,58.092445373535156,0,63.456485748291016,0.43476688861846924,0,0
1,330,7920,0,0,-8.1427526473999023,3.2228069305419922,0.0062862047925591469,1.7516785860061646,0,69.41033935546875,0,55.986564636230469,0.85513931512832642,0,0
1,330,7920,1,0,-8.2107410430908203,0.65156853199005127,0.00042439808021299541,0.038403403013944626,0,62.679943084716797,0,55.799461364746094,1.5027502775192261,0,8.028270531212911E-05
1,330,7920,2,0,-8.0629434585571289,0.73644405603408813,0.00077734905062243342,0.052548013627529144,0,61.548675537109375,0,55.998477935791016,1.7485156059265137,0,0
1,330,7920,3,0,-7.9045710563659668,0.70453828573226929,0.00077100249473005533,0.056286148726940155,0,64.24237060546875,0,57.404090881347656,1.4244111776351929,0,0
1,330,7920,4,0,-7.9454412460327148,0.76574039459228516,0.00076126045314595103,0.05340011790394783,0,64.711982727050781,0,57.442832946777344,1.6153314113616943,0,0
1,330,7920,5,0,-7.8417959213256836,0.74397385120391846,0.00085084588499739766,0.054586309939622879,0,60.964019775390625,0,54.920505523681641,1.7271153926849365,0,0
1,330,7920,6,0,-7.8796401023864746,0.68948465585708618,0.00051059381803497672,0.037474948912858963,0,56.328628540039062,0,50.871021270751953,1.5262207984924316,0,0
1,330,7920,7,0,-7.6998434066772461,0.73600924015045166,0.00083372753579169512,0.060117218643426895,0,57.760917663574219,0,50.047332763671875,1.3528028726577759,0,0
1,330,7920,0,1,-8.3476104736328125,4.4110274314880371,0.02520441822707653,1.4657418727874756,0,68.145072937011719,0,53.637870788574219,0.88441562652587891,0,0
1,330,7920,1,1,-8.5842390060424805,0.0014713110867887735,0,0,0,59.561870574951172,0,52.386951446533203,2.189793586730957,0,0
1,330,7920,2,1,-8.6422452926635742,0,0,0,0,56.242733001708984,0,52.039791107177734,2.6462037563323975,0,0
1,330,7920,3,1,-8.5276622772216797,0.0017850225558504462,0.00029971421463415027,0.059404864907264709,0,61.2093505859375,0,53.066616058349609,2.1506402492523193,0,0
1,330,7920,4,1,-8.5574865341186523,0.034413948655128479,0.010209032334387302,0.093774780631065369,0,64.068565368652344,0,50.233234405517578,2.0575742721557617,0,0
1,330,7920,5,1,-8.6499471664428711,0.039390135556459427,0.010504364036023617,0.064884141087532043,0,65.191574096679688,0,49.544414520263672,1.6512112617492676,0,0
1,330,7920,6,1,-8.5790987014770508,0.032407741993665695,0.0085546495392918587,0.069970808923244476,0,63.261642456054688,0,48.396804809570312,1.2243949174880981,0,0
1,330,7920,7,1,-7.9545092582702637,0.090159647166728973,0.00069006875855848193,0.063773646950721741,0,62.59991455078125,0,51.469657897949219,1.2656034231185913,0,0
1,330,7920,0,2,-8.2837047576904297,5.9303874969482422,0.028564883396029472,1.5569432973861694,0,68.020759582519531,0,52.756908416748047,0.84749335050582886,0,0
1,330,7920,1,2,-8.7167778015136719,0.041481498628854752,0.012926035560667515,0.5704491138458252,0,58.031982421875,0,49.437213897705078,1.7305580377578735,0,0
1,330,7920,2,2,-8.9129657745361328,0.080079928040504456,0.017822246998548508,0.49948370456695557,0,58.022331237792969,0,48.456039428710938,1.7192658185958862,0,0
1,330,7920,3,2,-8.9766092300415039,0.10420713573694229,0.022034760564565659,0.10337520390748978,0,64.125473022460938,0,47.915615081787109,1.476151704788208,0,0
1,330,7920,4,2,-8.8000402450561523,0.034469034522771835,0.0073517127893865108,0.099701538681983948,0,65.171234130859375,0,47.961357116699219,1.7276142835617065,0,0
1,330,7920,5,2,-8.4729299545288086,0,0.00024055014364421368,0.28961923718452454,0,64.267829895019531,0,50.183616638183594,2.1298243999481201,0,0
1,330,7920,6,2,-8.4701528549194336,0,0,0,0,63.602325439453125,0,49.457798004150391,2.0623903274536133,0,0
1,330,7920,7,2,-8.0378923416137695,0.13675166666507721,0.00059366872301325202,0.059548869729042053,0,68.264068603515625,0,54.109962463378906,1.7603127956390381,0,0
1,330,7920,0,3,-8.4778575897216797,7.1079998016357422,0.045586675405502319,1.1143127679824829,0,66.158767700195312,0,49.198902130126953,0.75822979211807251,0,0
1,330,7920,1,3,-8.6309547424316406,0.02380845881998539,0.0052259694784879684,0.38839203119277954,0,57.217594146728516,0,49.280975341796875,1.6027255058288574,0,0
1,330,7920,2,3,-8.4629631042480469,0.00096273055532947183,4.8332112783100456E-05,0.018918957561254501,0,63.534160614013672,0,53.728725433349609,2.3610885143280029,0,0
1,330,7920,3,3,-8.6368961334228516,0.0024937349371612072,0,0,0,65.079704284667969,0,50.588897705078125,2.0563974380493164,0,0
1,330,7920,4,3,-8.6593036651611328,0.00012982323823962361,0,0,0,62.353286743164062,0,46.750087738037109,2.5210397243499756,0,0
1,330,7920,5,3,-8.6959991455078125,6.5017928136512637E-05,0,0,0,61.975448608398438,0,45.975341796875,2.7298285961151123,0,0
1,330,7920,6,3,-8.76885986328125,0.0016526586841791868,0,0,0,61.365653991699219,0,44.75018310546875,2.2185211181640625,0,0
1,330,7920,7,3,-8.2076559066772461,0.13213832676410675,0.0045681269839406013,0.86174464225769043,0,65.745346069335938,0,48.755672454833984,1.6602506637573242,0,0
1,330,7920,0,4,-7.9808931350708008,5.5649785995483398,0.028088403865695,1.6062853336334229,0,71.440048217773438,0,53.082469940185547,0.81448209285736084,0,0
1,330,7920,1,4,-8.4747829437255859,0.01250511035323143,0,0,0,62.334423065185547,0,52.781753540039062,1.9193530082702637,0,0
1,330,7920,2,4,-8.4863452911376953,0,0,0,0,66.169181823730469,0,55.139610290527344,2.3250806331634521,0,0
1,330,7920,3,4,-8.759608268737793,0.011643535457551479,0,0,0,60.831695556640625,0,47.990512847900391,2.2182738780975342,0,0
1,330,7920,4,4,-8.7397069931030273,0.00032193033257499337,0,0,0,56.807121276855469,0,43.031085968017578,2.5547847747802734,0,0
1,330,7920,5,4,-8.7855405807495117,0.0012042874004691839,2.2206306312000379E-05,0.03553009033203125,0,58.702445983886719,0,42.999210357666016,2.4944405555725098,0,0
1,330,7920,6,4,-8.477726936340332,0.0002945314918179065,0.00095920253079384565,0.18868367373943329,0,57.338825225830078,0,41.555973052978516,1.7834252119064331,0,0
1,330,7920,7,4,-8.2613239288330078,0.12144841998815536,0.0004630638868547976,0.045444615185260773,0,62.475547790527344,0,47.818233489990234,1.79877769947052,0,0
1,330,7920,0,5,-8.1070041656494141,4.3067121505737305,0.015775173902511597,1.10514235496521,0,70.038551330566406,0,54.571510314941406,0.86819940805435181,0,0
1,330,7920,1,5,-8.6549463272094727,0.02777106873691082,2.9590853500849335E-06,0.0018961559981107712,0,65.116485595703125,0,54.295963287353516,1.9583867788314819,0,0
1,330,7920,2,5,-8.6369199752807617,0.0030465326271951199,0,0,0,64.930503845214844,0,53.938991546630859,2.3066983222961426,0,0
1,330,7920,3,5,-8.7863302230834961,0.0026306763757020235,0,0,0,58.666072845458984,0,47.536060333251953,2.1562490463256836,0,0
1,330,7920,4,5,-8.7571992874145508,0.001098699402064085,0.00010386844223830849,0.041311688721179962,0,57.106975555419922,0,43.769706726074219,2.3997197151184082,0,0
1,330,7920,5,5,-8.5225372314453125,0.0024576568976044655,0.00062569929286837578,0.11344308406114578,0,56.547603607177734,0,42.613666534423828,2.0028014183044434,0,0
1,330,7920,6,5,-8.4323062896728516,0.0023564295843243599,4.7957269998732954E-05,0.028302766382694244,0,58.607448577880859,0,46.33489990234375,1.7711540460586548,0,0
1,330,7920,7,5,-7.9435577392578125,0.11008735746145248,0.00038426433457061648,0.052410241216421127,0,55.968647003173828,0,45.67559814453125,1.9456242322921753,0,0
1,330,7920,0,6,-8.2687063217163086,2.7925205230712891,0.0036931626964360476,0.65528833866119385,0,61.645832061767578,0,51.506271362304688,0.93280225992202759,0,0
1,330,7920,1,6,-8.6826496124267578,0.0085864504799246788,3.0429377147811465E-05,0.019512789323925972,0,59.752067565917969,0,52.778945922851562,2.1365573406219482,0,0
1,330,7920,2,6,-8.660578727722168,4.772200554725714E-05,0,0,0,63.752037048339844,0,54.111621856689453,2.3499505519866943,0,0
1,330,7920,3,6,-8.6247053146362305,0,0,0,0,58.988506317138672,0,50.050670623779297,2.1523585319519043,0,0
1,330,7920,4,6,-8.5450553894042969,0.0010766107589006424,0.00071948650293052197,0.14452487230300903,0,53.093082427978516,0,42.808181762695312,1.8304339647293091,0,0
1,330,7920,5,6,-8.4758281707763672,0.00044760256423614919,3.6655033909482881E-05,0.03015952929854393,0,52.528755187988281,0,43.486240386962891,2.2876040935516357,0,0
1,330,7920,6,6,-8.1837024688720703,0,0,0,0,53.419956207275391,0,47.088615417480469,2.1723043918609619,0,0
1,330,7920,7,6,-7.8096284866333008,0.061703924089670181,0.00071640661917626858,0.049471314996480942,0,54.672538757324219,0,48.175228118896484,2.1546645164489746,0,0
1,330,7920,0,7,-7.9044642448425293,1.5899382829666138,0.00073022831929847598,0.050650358200073242,0,60.871925354003906,0,53.236503601074219,0.77439481019973755,0,0
1,330,7920,1,7,-8.3808193206787109,0.14606530964374542,0.0003547981905285269,0.14636504650115967,0,58.184211730957031,0,53.189334869384766,1.2369129657745361,0,0
1,330,7920,2,7,-8.2902297973632812,0.34274205565452576,0.0029675441328436136,0.76064705848693848,0,62.246929168701172,0,53.877494812011719,1.3502826690673828,0,0
1,330,7920,3,7,-8.1335821151733398,0.33639171719551086,0.00045240874169394374,0.053840428590774536,0,59.983200073242188,0,51.893367767333984,0.99877214431762695,0,0
1,330,7920,4,7,-8.2079219818115234,0.086609907448291779,0.00021733512403443456,0.050500351935625076,0,56.183441162109375,0,51.254611968994141,1.2614016532897949,0,0
1,330,7920,5,7,-8.0795459747314453,0.50046247243881226,0.00085310055874288082,0.063114777207374573,0,55.40087890625,0,51.852973937988281,1.4530476331710815,0,0
1,330,7920,6,7,-7.8830208778381348,0.59920728206634521,0.0012081171153113246,0.061089504510164261,0,55.811916351318359,0,54.305946350097656,1.1931138038635254,0,0
1,330,7920,7,7,-7.4510655403137207,0.21301066875457764,0.001172663876786828,0.062522932887077332,0,58.717624664306641,0,55.847476959228516,1.0379819869995117,0,0
1,360,8640,0,0,-9.6071224212646484,7.1501598358154297,0.049188721925020218,1.6042346954345703,0,69.479827880859375,0,43.538978576660156,0.50252652168273926,0,0
1,360,8640,1,0,-9.6298093795776367,1.1258376836776733,0.030929207801818848,0.74981528520584106,0,62.687896728515625,0,43.397315979003906,1.3260538578033447,0,7.440205808961764E-05
1,360,8640,2,0,-9.4809150695800781,1.0228208303451538,0.042774144560098648,1.5003654956817627,0,61.590469360351562,0,43.574520111083984,1.1087538003921509,0,0
1,360,8640,3,0,-9.327387809753418,0.88598531484603882,0.034590147435665131,1.406989574432373,0,64.291191101074219,0,44.684989929199219,1.0890600681304932,0,0
1,360,8640,4,0,-9.3723173141479492,0.9828295111656189,0.032141290605068207,0.9423488974571228,0,64.757034301757812,0,44.699760437011719,1.3983919620513916,0,0
1,360,8640,5,0,-9.2639789581298828,0.89693212509155273,0.039726927876472473,1.7252016067504883,0,61.02386474609375,0,42.753482818603516,1.0412840843200684,0,0
1,360,8640,6,0,-9.3030796051025391,0.88701003789901733,0.027259061112999916,0.8616790771484375,0,56.364299774169922,0,39.562461853027344,1.2940511703491211,0,0
1,360,8640,7,0,-9.1238536834716797,0.80330115556716919,0.026807194575667381,0.92500102519989014,0,57.857933044433594,0,38.956321716308594,1.2153768539428711,0,0
1,360,8640,0,1,-9.8402929306030273,12.367743492126465,0.029574962332844734,1.3536281585693359,0,68.144866943359375,0,41.700103759765625,0.6425480842590332,0,0
1,360,8640,1,1,-9.991241455078125,0.2293621152639389,0.006505963858217001,0.018792532384395599,0,59.563079833984375,0,40.716239929199219,1.9892910718917847,0,0
1,360,8640,2,1,-10.047872543334961,0.25331252813339233,0.010328726842999458,0.023897333070635796,0,56.243686676025391,0,40.444389343261719,2.1488597393035889,0,0
1,360,8640,3,1,-9.9362802505493164,0.15549388527870178,0.0055918837897479534,0.03455599769949913,0,61.210712432861328,0,41.246330261230469,2.4026169776916504,0,0
1,360,8640,4,1,-9.9766607284545898,0.54472774267196655,0.0099270706996321678,0.038939286023378372,0,64.058883666992188,0,39.045772552490234,2.0702755451202393,0,0
1,360,8640,5,1,-10.068868637084961,0.68141812086105347,0.013434441760182381,0.03874487429857254,0,65.158638000488281,0,38.509235382080078,1.7429854869842529,0,0
1,360,8640,6,1,-9.9953212738037109,0.62242734432220459,0.010558926500380039,0.62122255563735962,0,63.248359680175781,0,37.620449066162109,1.3333539962768555,0,0
1,360,8640,7,1,-9.3511438369750977,0.16574846208095551,0.022243484854698181,1.390831470489502,0,62.673397064208984,0,40.064739227294922,0.83527213335037231,0,0
1,360,8640,0,2,-9.7777490615844727,16.649042129516602,0.034499827772378922,1.4315335750579834,0,67.994422912597656,0,41.019794464111328,0.58414572477340698,0,0
1,360,8640,1,2,-10.134939193725586,0.82637929916381836,0.029773466289043427,0.69335222244262695,0,58.032268524169922,0,38.423370361328125,1.9918645620346069,0,0
1,360,8640,2,2,-10.335423469543457,1.0350512266159058,0.02318681962788105,0.63824385404586792,0,58.0140380859375,0,37.659049987792969,1.9914811849594116,0,0
1,360,8640,3,2,-10.400185585021973,0.95166617631912231,0.017454050481319427,0.63015395402908325,0,64.109466552734375,0,37.238521575927734,1.4177839756011963,0,0
1,360,8640,4,2,-10.208473205566406,0.24283143877983093,0.0046179825440049171,0.032414838671684265,0,65.162971496582031,0,37.274909973144531,1.3852113485336304,0,0
1,360,8640,5,2,-9.8790473937988281,0.037089444696903229,0.0030599785968661308,0.6529850959777832,0,64.268928527832031,0,39.007179260253906,1.3184945583343506,0,0
1,360,8640,6,2,-9.8782567977905273,0.16159036755561829,0.0062287412583827972,0.026121105998754501,0,63.604412078857422,0,38.443996429443359,1.8134341239929199,0,0
1,360,8640,7,2,-9.4359169006347656,0.093064412474632263,0.021042345091700554,1.0781338214874268,0,68.349876403808594,0,42.098209381103516,1.7465474605560303,0,0
1,360,8640,0,3,-9.9624881744384766,18.769073486328125,0.044197529554367065,1.1189703941345215,0,66.129890441894531,0,38.248821258544922,0.45790243148803711,0,0
1,360,8640,1,3,-10.037376403808594,0.29293754696846008,0.0094866445288062096,0.6521986722946167,0,57.219940185546875,0,38.299961090087891,1.2318381071090698,0,0
1,360,8640,2,3,-9.8714389801025391,0.23649729788303375,0.0085716592147946358,0.032751001417636871,0,63.536376953125,0,41.763256072998047,1.3735936880111694,0,0
1,360,8640,3,3,-10.047515869140625,0.42435029149055481,0.010578707791864872,0.019533485174179077,0,65.080253601074219,0,39.317802429199219,2.0323450565338135,0,0
1,360,8640,4,3,-10.065366744995117,0.10072164237499237,0.0049224449321627617,0.01780618354678154,0,62.353900909423828,0,36.333110809326172,2.3105385303497314,0,0
1,360,8640,5,3,-10.103106498718262,0.29141083359718323,0.013497824780642986,0.023355461657047272,0,61.976150512695312,0,35.730339050292969,2.2388801574707031,0,0
1,360,8640,6,3,-10.175668716430664,0.25773394107818604,0.0056152846664190292,0.026006326079368591,0,61.366321563720703,0,34.776947021484375,2.5889444351196289,0,0
1,360,8640,7,3,-9.6062021255493164,0.11815423518419266,0.016341669484972954,1.0448342561721802,0,65.765350341796875,0,37.919071197509766,1.6618374586105347,0,0
1,360,8640,0,4,-9.4811134338378906,16.384521484375,0.035127904266119003,1.4759434461593628,0,71.566764831542969,0,41.302845001220703,0.53971350193023682,0,0
1,360,8640,1,4,-9.8847150802612305,0.32976138591766357,0.0060284705832600594,0.024008519947528839,0,62.336517333984375,0,41.026107788085938,1.8934500217437744,0,0
1,360,8640,2,4,-9.8964986801147461,0.32844284176826477,0.011632632464170456,0.023190589621663094,0,66.170318603515625,0,42.858341217041016,2.2499194145202637,0,0
1,360,8640,3,4,-10.16977596282959,0.50682574510574341,0.012353104539215565,0.0216558538377285,0,60.832309722900391,0,37.291599273681641,2.3264501094818115,0,0
1,360,8640,4,4,-10.14452075958252,0.069476768374443054,0.0034402646124362946,0.01927349716424942,0,56.807868957519531,0,33.429599761962891,2.4036087989807129,0,0
1,360,8640,5,4,-10.192224502563477,0.36795106530189514,0.013173867948353291,0.6310499906539917,0,58.703254699707031,0,33.414932250976562,2.5607109069824219,0,0
1,360,8640,6,4,-9.8784933090209961,0.060961250215768814,0.023925073444843292,0.67523229122161865,0,57.345836639404297,0,32.293880462646484,2.1000752449035645,0,0
1,360,8640,7,4,-9.6602725982666016,0.23168468475341797,0.022761616855859756,1.0115222930908203,0,62.526630401611328,0,37.171905517578125,1.6273330450057983,0,0
1,360,8640,0,5,-9.6086206436157227,13.045131683349609,0.029303815215826035,1.0625337362289429,0,70.123489379882812,0,42.444557189941406,0.61411386728286743,0,0
1,360,8640,1,5,-10.070683479309082,0.72985982894897461,0.010572382248938084,0.023370765149593353,0,65.116928100585938,0,42.198341369628906,1.9196480512619019,0,0
1,360,8640,2,5,-10.043981552124023,0.12704965472221375,0.0057470342144370079,0.026190359145402908,0,64.931022644042969,0,41.921379089355469,1.8927102088928223,0,0
1,360,8640,3,5,-10.193324089050293,0.31663665175437927,0.010286718606948853,0.023387879133224487,0,58.666820526123047,0,36.938140869140625,2.3827908039093018,0,0
1,360,8640,4,5,-10.161319732666016,0.14147175848484039,0.0068062054924666882,0.64427560567855835,0,57.108184814453125,0,34.007789611816406,2.4796669483184814,0,0
1,360,8640,5,5,-9.9266071319580078,0.25101417303085327,0.025234915316104889,0.65569883584976196,0,56.550769805908203,0,33.109054565429688,1.8151425123214722,0,0
1,360,8640,6,5,-9.8377609252929688,0.1380583643913269,0.0043635787442326546,0.63177657127380371,0,58.610588073730469,0,36.011512756347656,2.0427775382995605,0,0
1,360,8640,7,5,-9.3383750915527344,0.044744551181793213,0.01769435778260231,1.1133029460906982,0,56.053634643554688,0,35.487125396728516,1.8394730091094971,0,0
1,360,8640,0,6,-9.7560615539550781,7.7973923683166504,0.02994915097951889,1.101418137550354,0,61.733600616455078,0,40.033523559570312,0.62115544080734253,0,0
1,360,8640,1,6,-10.091843605041504,0.39077720046043396,0.008865690790116787,0.01942412368953228,0,59.752552032470703,0,41.015419006347656,2.0277016162872314,0,0
1,360,8640,2,6,-10.067699432373047,0.15999570488929749,0.0062189372256398201,0.022995062172412872,0,63.752571105957031,0,42.055107116699219,2.189136266708374,0,0
1,360,8640,3,6,-10.030210494995117,0.10132836550474167,0.0065408451482653618,0.026333268731832504,0,58.989253997802734,0,38.881256103515625,2.2827081680297852,0,0
1,360,8640,4,6,-9.9491748809814453,0.18045414984226227,0.015738407149910927,0.64997375011444092,0,53.095920562744141,0,33.212772369384766,1.9929053783416748,0,0
1,360,8640,5,6,-9.8819971084594727,0.13643713295459747,0.0059693362563848495,0.63057070970535278,0,52.530357360839844,0,33.754634857177734,2.00705885887146,0,0
1,360,8640,6,6,-9.587641716003418,0,0,0,0,53.421669006347656,0,36.599666595458984,2.2784833908081055,0,0
1,360,8640,7,6,-9.205052375793457,0.0005233387928456068,0.016047641634941101,0.877250075340271,0,54.773406982421875,0,37.470924377441406,1.8674919605255127,0,0
1,360,8640,0,7,-9.3639297485351562,2.4123542308807373,0.043192233890295029,2.1616013050079346,0,61.042037963867188,0,41.435928344726562,0.57748490571975708,0,0
1,360,8640,1,7,-9.8219127655029297,0.52788549661636353,0.018004093319177628,0.7721906304359436,0,58.230354309082031,0,41.35723876953125,1.6239267587661743,0,0
1,360,8640,2,7,-9.7299308776855469,0.39913895726203918,0.010439128614962101,0.97962510585784912,0,62.293125152587891,0,41.896682739257812,1.3888890743255615,0,0
1,360,8640,3,7,-9.5866422653198242,0.39438202977180481,0.011639217846095562,0.87591302394866943,0,60.031078338623047,0,40.332969665527344,1.2921215295791626,0,0
1,360,8640,4,7,-9.6753740310668945,0.20782862603664398,0.0097081651911139488,0.72710227966308594,0,56.233360290527344,0,39.830551147460938,1.6238555908203125,0,0
1,360,8640,5,7,-9.5359392166137695,0.46738561987876892,0.021675677970051765,1.2107768058776855,0,55.473518371582031,0,40.305885314941406,1.469568133354187,0,0
1,360,8640,6,7,-9.3338308334350586,0.60439085960388184,0.042347986251115799,2.11846923828125,0,55.890110015869141,0,42.271739959716797,1.6753033399581909,0,0
1,360,8640,7,7,-8.895782470703125,0.29406967759132385,0.042528826743364334,2.8160436153411865,0,58.854625701904297,0,43.557064056396484,1.4205917119979858,0,0
1,365,8760,0,0,-9.5283784866333008,8.316859245300293,0.059013325721025467,1.6064870357513428,0,69.479850769042969,0,41.747314453125,0.12249135226011276,0,0
1,365,8760,1,0,-9.5260000228881836,1.2036764621734619,0.058287419378757477,0.76798009872436523,0,62.687957763671875,0,41.611454010009766,0.42640867829322815,0,7.3504132160451263E-05
1,365,8760,2,0,-9.3786306381225586,1.191541314125061,0.058283787220716476,1.5645887851715088,0,61.590431213378906,0,41.781360626220703,0.50820547342300415,0,0
1,365,8760,3,0,-9.2255010604858398,0.99252086877822876,0.045909330248832703,1.4445734024047852,0,64.291244506835938,0,42.846275329589844,0.49164333939552307,0,0
1,365,8760,4,0,-9.2700052261352539,1.1493257284164429,0.04684780165553093,0.95927411317825317,0,64.757095336914062,0,42.860317230224609,0.54138606786727905,0,0
1,365,8760,5,0,-9.1633071899414062,1.0716745853424072,0.045544523745775223,1.8074327707290649,0,61.023914337158203,0,40.993263244628906,0.53300976753234863,0,0
1,365,8760,6,0,-9.2016181945800781,0.97192472219467163,0.039362754672765732,0.89412158727645874,0,56.364376068115234,0,37.928077697753906,0.4847177267074585,0,0
1,365,8760,7,0,-9.0237455368041992,0.97328794002532959,0.029366806149482727,0.93428134918212891,0,57.857997894287109,0,37.348323822021484,0.41925814747810364,0,0
1,365,8760,0,1,-9.757115364074707,14.073692321777344,0.041998185217380524,1.3488631248474121,0,68.144393920898438,0,39.984100341796875,0.1356489509344101,0,0
1,365,8760,1,1,-9.8839759826660156,0.21020375192165375,0.026037890464067459,0.049262352287769318,0,59.563194274902344,0,39.040645599365234,0.5048602819442749,0,0
1,365,8760,2,1,-9.9408664703369141,0.2388247549533844,0.033305510878562927,0.055004727095365524,0,56.243801116943359,0,38.779827117919922,0.82406347990036011,0,0
1,365,8760,3,1,-9.8308162689208984,0.14211094379425049,0.010600955225527287,0.069643199443817139,0,61.210777282714844,0,39.548988342285156,0.87579816579818726,0,0
1,365,8760,4,1,-9.8710489273071289,0.55361026525497437,0.019758028909564018,0.07853100448846817,0,64.05889892578125,0,37.438957214355469,0.68437683582305908,0,0
1,365,8760,5,1,-9.9639768600463867,0.6800195574760437,0.024058301001787186,0.08128751814365387,0,65.158584594726562,0,36.924526214599609,0.55411338806152344,0,0
1,365,8760,6,1,-9.8904542922973633,0.63523203134536743,0.021952336654067039,0.62686264514923096,0,63.248374938964844,0,36.072284698486328,0.40838676691055298,0,0
1,365,8760,7,1,-9.2469978332519531,0.17943769693374634,0.026586279273033142,1.568332314491272,0,62.673091888427734,0,38.415962219238281,0.2531813383102417,0,0
1,365,8760,0,2,-9.6900348663330078,18.770168304443359,0.047734308987855911,1.4855281114578247,0,67.986427307128906,0,39.331760406494141,0.10966875404119492,0,0
1,365,8760,1,2,-10.028237342834473,0.83523827791213989,0.056461207568645477,0.78128302097320557,0,58.032379150390625,0,36.842197418212891,0.44496771693229675,0,0
1,365,8760,2,2,-10.23073673248291,1.0987006425857544,0.04746314138174057,0.656452476978302,0,58.014110565185547,0,36.109321594238281,0.58543187379837036,0,0
1,365,8760,3,2,-10.296265602111816,1.0136337280273438,0.032189708203077316,0.63500458002090454,0,64.109489440917969,0,35.706104278564453,0.56202167272567749,0,0
1,365,8760,4,2,-10.103481292724609,0.24603979289531708,0.011253838427364826,0.055564366281032562,0,65.162979125976562,0,35.740970611572266,0.53727340698242188,0,0
1,365,8760,5,2,-9.7734651565551758,0.027169141918420792,0.0069508668966591358,0.65821617841720581,0,64.268943786621094,0,37.401969909667969,0.70232963562011719,0,0
1,365,8760,6,2,-9.7715740203857422,0.12716877460479736,0.018419671803712845,0.06004226952791214,0,63.604454040527344,0,36.861965179443359,0.62830764055252075,0,0
1,365,8760,7,2,-9.3321113586425781,0.15570499002933502,0.0260341577231884,1.1825144290924072,0,68.349868774414062,0,40.366157531738281,0.59845292568206787,0,0
1,365,8760,0,3,-9.8734989166259766,21.071111679077148,0.057288527488708496,1.1749733686447144,0,66.121803283691406,0,36.674247741699219,0.10689244419336319,0,0
1,365,8760,1,3,-9.9329729080200195,0.30950957536697388,0.017215076833963394,0.65741699934005737,0,57.220008850097656,0,36.722984313964844,0.42096415162086487,0,0
1,365,8760,2,3,-9.7651309967041016,0.22323302924633026,0.024138655513525009,0.056500770151615143,0,63.536407470703125,0,40.044635772705078,0.68762975931167603,0,0
1,365,8760,3,3,-9.9404487609863281,0.41272538900375366,0.034954547882080078,0.055491697043180466,0,65.080291748046875,0,37.699817657470703,0.7842826247215271,0,0
1,365,8760,4,3,-9.9591341018676758,0.071859143674373627,0.014570333994925022,0.051332335919141769,0,62.353965759277344,0,34.837833404541016,0.80046588182449341,0,0
1,365,8760,5,3,-9.9950857162475586,0.27306461334228516,0.043116163462400436,0.055798526853322983,0,61.976253509521484,0,34.259830474853516,0.91458225250244141,0,0
1,365,8760,6,3,-10.068989753723145,0.24037981033325195,0.024803726002573967,0.052215136587619781,0,61.366416931152344,0,33.345596313476562,0.83451271057128906,0,0
1,365,8760,7,3,-9.502507209777832,0.16388392448425293,0.018594907596707344,1.1028623580932617,0,65.765350341796875,0,36.358657836914062,0.50932836532592773,0,0
1,365,8760,0,4,-9.3953981399536133,18.563705444335938,0.048479612916707993,1.520533561706543,0,71.564620971679688,0,39.603431701660156,0.098891355097293854,0,0
1,365,8760,1,4,-9.7786502838134766,0.31430277228355408,0.020160237327218056,0.050720557570457458,0,62.336597442626953,0,39.337772369384766,0.46473979949951172,0,0
1,365,8760,2,4,-9.7891159057617188,0.30850854516029358,0.036098767071962357,0.059877395629882812,0,66.170341491699219,0,41.094661712646484,0.8234211802482605,0,0
1,365,8760,3,4,-10.062888145446777,0.51023471355438232,0.039996203035116196,0.054874219000339508,0,60.832393646240234,0,35.756137847900391,0.7843058705329895,0,0
1,365,8760,4,4,-10.038632392883301,0.040883984416723251,0.0095910960808396339,0.051280096173286438,0,56.807949066162109,0,32.051822662353516,0.77911299467086792,0,0
1,365,8760,5,4,-10.085153579711914,0.3545897901058197,0.038649391382932663,0.63731330633163452,0,58.703376770019531,0,32.039424896240234,0.9304613471031189,0,0
1,365,8760,6,4,-9.7733364105224609,0.040807768702507019,0.029714232310652733,0.70296359062194824,0,57.345905303955078,0,30.963504791259766,0.62272363901138306,0,0
1,365,8760,7,4,-9.5570335388183594,0.31817921996116638,0.032489709556102753,1.0685234069824219,0,62.526668548583984,0,35.640483856201172,0.5483890175819397,0,0
1,365,8760,0,5,-9.5253391265869141,14.816638946533203,0.042947426438331604,1.0740232467651367,0,70.121131896972656,0,40.697868347167969,0.13708065450191498,0,0
1,365,8760,1,5,-9.9639863967895508,0.74402141571044922,0.039245679974555969,0.053556580096483231,0,65.116966247558594,0,40.461776733398438,0.539131760597229,0,0
1,365,8760,2,5,-9.9380617141723633,0.092745177447795868,0.014075402170419693,0.054583989083766937,0,64.931060791015625,0,40.196258544921875,0.72460854053497314,0,0
1,365,8760,3,5,-10.085953712463379,0.30907025933265686,0.035502038896083832,0.054179485887289047,0,58.666934967041016,0,35.417236328125,0.77634549140930176,0,0
1,365,8760,4,5,-10.055698394775391,0.13070710003376007,0.015797970816493034,0.65061891078948975,0,57.108272552490234,0,32.60687255859375,0.80407047271728516,0,0
1,365,8760,5,5,-9.8216304779052734,0.23033598065376282,0.031936503946781158,0.66058051586151123,0,56.550853729248047,0,31.744329452514648,0.64598608016967773,0,0
1,365,8760,6,5,-9.7323188781738281,0.12389116734266281,0.010551605373620987,0.63889563083648682,0,58.61065673828125,0,34.528648376464844,0.66322243213653564,0,0
1,365,8760,7,5,-9.2342090606689453,0.08098340779542923,0.020617322996258736,1.2836599349975586,0,56.053466796875,0,34.017543792724609,0.60895472764968872,0,0
1,365,8760,0,6,-9.6754646301269531,9.0204191207885742,0.044604714959859848,1.0908408164978027,0,61.733524322509766,0,38.383090972900391,0.123660609126091,0,0
1,365,8760,1,6,-9.9843997955322266,0.37367129325866699,0.036423910409212112,0.054532177746295929,0,59.752613067626953,0,39.326957702636719,0.49980133771896362,0,0
1,365,8760,2,6,-9.9609413146972656,0.13645301759243011,0.01980103924870491,0.053953096270561218,0,63.752628326416016,0,40.324478149414062,0.79407453536987305,0,0
1,365,8760,3,6,-9.9245996475219727,0.074368789792060852,0.013408414088189602,0.054872654378414154,0,58.989330291748047,0,37.2781982421875,0.75123172998428345,0,0
1,365,8760,4,6,-9.8432445526123047,0.1696062833070755,0.029519161209464073,0.65596956014633179,0,53.096000671386719,0,31.836246490478516,0.53139227628707886,0,0
1,365,8760,5,6,-9.7768449783325195,0.1145513653755188,0.011385530233383179,0.63792514801025391,0,52.530437469482422,0,32.357921600341797,0.80018270015716553,0,0
1,365,8760,6,6,-9.4825706481933594,3.0485927027257276E-07,0,0,0,53.421684265136719,0,35.090671539306641,0.75101065635681152,0,0
1,365,8760,7,6,-9.0997819900512695,0.003327241400256753,0.018282119184732437,1.1424945592880249,0,54.773403167724609,0,35.923320770263672,0.63592708110809326,0,0
1,365,8760,0,7,-9.2704086303710938,3.0337531566619873,0.056303855031728745,2.2274448871612549,0,61.041954040527344,0,39.730499267578125,0.069638058543205261,0,0
1,365,8760,1,7,-9.7101373672485352,0.68007606267929077,0.034741096198558807,0.77991980314254761,0,58.230430603027344,0,39.654853820800781,0.22982501983642578,0,0
1,365,8760,2,7,-9.619110107421875,0.51766318082809448,0.012291505932807922,0.9990571141242981,0,62.293148040771484,0,40.171886444091797,0.23713172972202301,0,0
1,365,8760,3,7,-9.4729423522949219,0.5030781626701355,0.015365887433290482,0.96079331636428833,0,60.031078338623047,0,38.667728424072266,0.17597220838069916,0,0
1,365,8760,4,7,-9.562535285949707,0.32552960515022278,0.012035280466079712,0.8071410059928894,0,56.233242034912109,0,38.185504913330078,0.23921279609203339,0,0
1,365,8760,5,7,-9.4226760864257812,0.58529728651046753,0.023656370118260384,1.2464990615844727,0,55.473529815673828,0,38.640720367431641,0.26535734534263611,0,0
1,365,8760,6,7,-9.2190437316894531,0.71769541501998901,0.045453816652297974,2.2370586395263672,0,55.890083312988281,0,40.530498504638672,0.20614153146743774,0,0
1,365,8760,7,7,-8.7821264266967773,0.40980839729309082,0.046299099922180176,2.9594531059265137,0,58.854618072509766,0,41.765193939208984,0.18761888146400452,0,0
2,30,9480,0,0,-7.6052656173706055,14.160611152648926,0.1237364336848259,1.7046624422073364,0,69.654296875,0,32.473808288574219,0.026944739744067192,0,0
2,30,9480,1,0,-7.3898262977600098,1.3525590896606445,0.1502741277217865,0.84463876485824585,0,63.012176513671875,0,32.397235870361328,0.092771530151367188,0,6.8523164372891188E-05
2,30,9480,2,0,-7.2608222961425781,1.4947298765182495,0.051477216184139252,0.55403041839599609,0,61.905719757080078,0,32.556255340576172,0.099636636674404144,0,0
2,30,9480,3,0,-7.1074481010437012,1.2379171848297119,0.0065014632418751717,0.6700548529624939,0,64.751747131347656,0,33.408645629882812,0.086868613958358765,0,0
2,30,9480,4,0,-7.1561579704284668,1.5184227228164673,0.0013761582085862756,0.66110765933990479,0,65.251556396484375,0,33.403739929199219,0.10850796103477478,0,0
2,30,9480,5,0,-7.0509567260742188,1.4806318283081055,0.0018883842276409268,0.67047655582427979,0,61.344863891601562,0,31.969337463378906,0.10042619705200195,0,0
2,30,9480,6,0,-7.0846166610717773,1.1840996742248535,0.0032106747385114431,0.55942249298095703,0,56.851402282714844,0,29.548748016357422,0.10146604478359222,0,0
2,30,9480,7,0,-6.9121108055114746,1.3197522163391113,0.019124234095215797,0.58232986927032471,0,58.153659820556641,0,29.135150909423828,0.10244891792535782,0,0
2,30,9480,0,1,-7.8724918365478516,24.301233291625977,0.16541790962219238,1.4274542331695557,0,68.142776489257812,0,31.084300994873047,0.071605339646339417,0,0
2,30,9480,1,1,-7.7335286140441895,0.0416722372174263,0.10797456651926041,0.98920518159866333,0,59.563838958740234,0,30.360715866088867,0.36907863616943359,0,0
2,30,9480,2,1,-7.8032026290893555,0.0089569082483649254,0.022837774828076363,0.55542033910751343,0,56.244430541992188,0,30.154428482055664,0.57512688636779785,0,0
2,30,9480,3,1,-7.6793222427368164,0.045231066644191742,0.078842811286449432,1.1756402254104614,0,61.211387634277344,0,30.759780883789062,0.48882728815078735,0,0
2,30,9480,4,1,-7.7061891555786133,0.42789283394813538,0.18534709513187408,1.6656709909439087,0,64.05950927734375,0,29.121074676513672,0.58278030157089233,0,0
2,30,9480,5,1,-7.8020634651184082,0.47066041827201843,0.19047616422176361,0.57851123809814453,0,65.159744262695312,0,28.717023849487305,0.50533747673034668,0,0
2,30,9480,6,1,-7.7357220649719238,0.52725356817245483,0.18686108291149139,0.58341383934020996,0,63.250396728515625,0,28.060087203979492,0.31732937693595886,0,0
2,30,9480,7,1,-7.1134324073791504,0.23782053589820862,0.054294995963573456,0.78264862298965454,0,62.781162261962891,0,29.966423034667969,0.16242840886116028,0,0
2,30,9480,0,2,-7.8005886077880859,31.255058288574219,0.22969686985015869,50.952678680419922,0.00062499998603016138,67.953170776367188,0,30.58140754699707,0.078411191701889038,0,0
2,30,9480,1,2,-7.8548908233642578,0.70299297571182251,0.34563878178596497,2.2217903137207031,0,58.036949157714844,0,28.648097991943359,0.45497539639472961,0,0
2,30,9480,2,2,-8.0561771392822266,1.0308805704116821,0.41702264547348022,2.8203141689300537,0,58.014797210693359,0,28.072036743164062,0.55362159013748169,0,0
2,30,9480,3,2,-8.1393632888793945,1.1017264127731323,0.2960088849067688,2.4152066707611084,0,64.109657287597656,0,27.756637573242188,0.36582830548286438,0,0
2,30,9480,4,2,-7.9648647308349609,0.30464044213294983,0.07624322921037674,0.56408751010894775,0,65.163017272949219,0,27.787908554077148,0.2451147586107254,0,0
2,30,9480,5,2,-7.6333003044128418,0,0.00056101154768839478,0.3395068347454071,0,64.270790100097656,0,29.093507766723633,0.18450835347175598,0,0
2,30,9480,6,2,-7.6263141632080078,0,0.00087199563859030604,0.35492411255836487,0,63.604656219482422,0,28.675163269042969,0.25934022665023804,0,0
2,30,9480,7,2,-7.1925644874572754,0.21801090240478516,0.0015604165382683277,0.6711430549621582,0,68.478973388671875,0,31.457756042480469,0.32478979229927063,0,0
2,30,9480,0,3,-7.9366288185119629,34.437694549560547,0.25131306052207947,1.9098631143569946,0,66.098831176757812,0,28.514331817626953,0.03853202611207962,0,0
2,30,9480,1,3,-7.7954397201538086,0.36290127038955688,0.10754450410604477,0.58064460754394531,0,57.232597351074219,0,28.559114456176758,0.16254188120365143,0,0
2,30,9480,2,3,-7.6142158508300781,0.0092533966526389122,0.06076420471072197,7.7145051956176758,0,63.537593841552734,0,31.150722503662109,0.25049406290054321,0,0
2,30,9480,3,3,-7.7697567939758301,0.08361942321062088,0.19895943999290466,1.0444366931915283,0,65.080513000488281,0,29.314672470092773,0.34999191761016846,0,0
2,30,9480,4,3,-7.8189129829406738,0.00023222160234581679,3.7500867620110512E-06,0.002897355705499649,0,62.354297637939453,0,27.087642669677734,0.55364489555358887,0,0
2,30,9480,5,3,-7.8541545867919922,2.696296178328339E-05,9.8945005447603762E-05,0.11764484643936157,0,61.97674560546875,0,26.636848449707031,0.61190301179885864,0,0
2,30,9480,6,3,-7.9203219413757324,0.02044319175183773,0.066838614642620087,0.5504755973815918,0,61.367008209228516,0,25.922809600830078,0.67646688222885132,0,0
2,30,9480,7,3,-7.3802123069763184,0.29009458422660828,0.0050859125331044197,0.84619873762130737,0,65.829261779785156,0,28.313135147094727,0.41228511929512024,0,0
2,30,9480,0,4,-7.4896135330200195,30.857465744018555,0.21936750411987305,1.6185312271118164,0,71.570930480957031,0,30.812105178833008,0.046813972294330597,0,0
2,30,9480,1,4,-7.6326146125793457,0.53485286235809326,0.16850198805332184,0.69736355543136597,0,62.343940734863281,0,30.597269058227539,0.39927676320075989,0,0
2,30,9480,2,4,-7.6384940147399902,0.0072810403071343899,0.055730640888214111,1.5662178993225098,0,66.171134948730469,0,31.963979721069336,0.59242010116577148,0,0
2,30,9480,3,4,-7.8704166412353516,0.1449936181306839,0.38190791010856628,1.8396449089050293,0,60.83294677734375,0,27.794864654541016,0.51734048128128052,0,0
2,30,9480,4,4,-7.901515007019043,0.0013270857743918896,0.0020213315729051828,0.20658001303672791,0,56.808433532714844,0,24.909746170043945,0.79216527938842773,0,0
2,30,9480,5,4,-7.9408087730407715,0.010833034291863441,0.04297449067234993,0.56077635288238525,0,58.705249786376953,0,24.906436920166016,0.68560171127319336,0,0
2,30,9480,6,4,-7.6395621299743652,0.00086145044770091772,0.011501750908792019,0.52909302711486816,0,57.373916625976562,0,24.081920623779297,0.55855995416641235,0,0
2,30,9480,7,4,-7.422417163848877,0.24964667856693268,0.058998670428991318,0.57782924175262451,0,62.640785217285156,0,27.738311767578125,0.42172786593437195,0,0
2,30,9480,0,5,-7.6247920989990234,25.180452346801758,0.20492410659790039,1.5742279291152954,0,70.132415771484375,0,31.649534225463867,0.05395791307091713,0,0
2,30,9480,1,5,-7.7772736549377441,0.73832875490188599,0.45756125450134277,1.6034997701644897,0,65.1171875,0,31.459554672241211,0.33871373534202576,0,0
2,30,9480,2,5,-7.7960948944091797,0.0011018512304872274,0.0097595183178782463,0.99230825901031494,0,64.931289672851562,0,31.255386352539062,0.58701741695404053,0,0
2,30,9480,3,5,-7.938112735748291,0.041760139167308807,0.07509932667016983,0.6417120099067688,0,58.667564392089844,0,27.530420303344727,0.59744453430175781,0,0
2,30,9480,4,5,-7.9162783622741699,0.0049647926352918148,0.031312119215726852,0.56241393089294434,0,57.112052917480469,0,25.343955993652344,0.60456132888793945,0,0
2,30,9480,5,5,-7.6802840232849121,0.044414978474378586,0.042630687355995178,0.59479629993438721,0,56.576278686523438,0,24.681680679321289,0.62178987264633179,0,0
2,30,9480,6,5,-7.5907325744628906,0.021081220358610153,0.038075562566518784,0.64430004358291626,0,58.614227294921875,0,26.857986450195312,0.47671401500701904,0,0
2,30,9480,7,5,-7.1139330863952637,0.1588800847530365,0.00043192514567635953,0.055784471333026886,0,56.170574188232422,0,26.482704162597656,0.38970035314559937,0,0
2,30,9480,0,6,-7.7425379753112793,15.620726585388184,0.23233585059642792,2.0825896263122559,0,61.824817657470703,0,29.831029891967773,0.064384371042251587,0,0
2,30,9480,1,6,-7.8135290145874023,0.29144376516342163,0.29266467690467834,1.4535577297210693,0,59.753009796142578,0,30.574790954589844,0.44670140743255615,0,0
2,30,9480,2,6,-7.8208608627319336,0.0071866796351969242,0.01296577975153923,0.54156166315078735,0,63.752937316894531,0,31.353788375854492,0.59063184261322021,0,0
2,30,9480,3,6,-7.7880420684814453,0.00015318558143917471,8.6289480805135099E-07,0.0013806317001581192,0,58.989704132080078,0,28.974468231201172,0.5260462760925293,0,0
2,30,9480,4,6,-7.7083930969238281,0.00044328460353426635,0.0043660122901201248,0.47987565398216248,0,53.11505126953125,0,24.71748161315918,0.65705233812332153,0,0
2,30,9480,5,6,-7.6395549774169922,0.0094527285546064377,0.024297421798110008,0.56581306457519531,0,52.532863616943359,0,25.136531829833984,0.5155634880065918,0,0
2,30,9480,6,6,-7.3485260009765625,1.5425682704517385E-06,0,0,0,53.421833038330078,0,27.311664581298828,0.39963117241859436,0,0
2,30,9480,7,6,-6.9764575958251953,0.061927706003189087,0.0010384300258010626,0.060689780861139297,0,54.883918762207031,0,28.007347106933594,0.48512288928031921,0,0
2,30,9480,0,7,-7.2372298240661621,4.8467063903808594,0.15427441895008087,0.92204183340072632,0,61.577159881591797,0,30.952987670898438,0.061597634106874466,0,0
2,30,9480,1,7,-7.5732555389404297,0.78735631704330444,0.21976630389690399,1.076421856880188,0,58.313182830810547,0,30.857822418212891,0.30261591076850891,0,0
2,30,9480,2,7,-7.5089831352233887,0.73790663480758667,0.0077546443790197372,0.83563113212585449,0,62.388656616210938,0,31.267263412475586,0.41827020049095154,0,0
2,30,9480,3,7,-7.359804630279541,0.72632288932800293,0.0048979939892888069,0.63136506080627441,0,60.118869781494141,0,30.089380264282227,0.37170448899269104,0,0
2,30,9480,4,7,-7.4499721527099609,0.598399817943573,0.0043110894039273262,0.66379678249359131,0,56.314399719238281,0,29.705429077148438,0.37122023105621338,0,0
2,30,9480,5,7,-7.3138790130615234,0.81552779674530029,0.0010433561401441693,0.071840301156044006,0,55.618061065673828,0,30.076505661010742,0.43905740976333618,0,0
2,30,9480,6,7,-7.1183862686157227,0.90016955137252808,0.0013063858496025205,0.068975500762462616,0,56.1290283203125,0,31.605585098266602,0.42894929647445679,0,0
2,30,9480,7,7,-6.6732978820800781,0.63264989852905273,0.0015168640529736876,0.071845382452011108,0,59.086452484130859,0,32.665969848632812,0.35727405548095703,0,0
2,60,10200,0,0,-2.6428301334381104,15.457348823547363,0.034353062510490417,9.0129566192626953,0,75.068977355957031,0,27.229154586791992,0.045410621911287308,0,0
2,60,10200,1,0,-2.0976781845092773,1.3713136911392212,0.00066433486063033342,0.044723231345415115,0,64.310096740722656,0,27.828580856323242,0.19284904003143311,0,6.4091444073710591E-05
2,60,10200,2,0,-1.9564837217330933,1.7151901721954346,0.0033067117910832167,0.65935665369033813,0,63.075485229492188,0,28.106904983520508,0.25096869468688965,0,0
2,60,10200,3,0,-1.7549736499786377,1.2758351564407349,0.0066410000436007977,1.1098930835723877,0,65.774040222167969,0,29.009963989257812,0.19458349049091339,0,0
2,60,10200,4,0,-1.8033792972564697,1.6676468849182129,0.0068925973027944565,1.6342560052871704,0,66.261390686035156,0,28.947515487670898,0.26732856035232544,0,0
2,60,10200,5,0,-1.7139623165130615,1.6527365446090698,0.015127030201256275,2.0639767646789551,0,62.385139465332031,0,27.805892944335938,0.24336308240890503,0,0
2,60,10200,6,0,-1.7225792407989502,1.1855515241622925,0.00076853286009281874,0.043148040771484375,0,57.861648559570312,0,25.682779312133789,0.23870113492012024,0,0
2,60,10200,7,0,-1.5645598173141479,1.3054780960083008,0.0019233456114307046,0.66786247491836548,0,59.426662445068359,0,25.455163955688477,0.19926431775093079,0,0
2,60,10200,0,1,-3.1367781162261963,30.055543899536133,0.056267254054546356,6.3318362236022949,0,73.391815185546875,0,25.713071823120117,0.063337936997413635,0,0
2,60,10200,1,1,-2.4188828468322754,0,0,0,0,59.834972381591797,0,25.846452713012695,0.42244592308998108,0,0
2,60,10200,2,1,-2.486760139465332,0,0,0,0,56.241260528564453,0,25.626653671264648,0.49563378095626831,0,0
2,60,10200,3,1,-2.3281199932098389,0,0,0,0,61.354751586914062,0,26.230804443359375,0.55705875158309937,0,0
2,60,10200,4,1,-2.2819242477416992,0,0,0,0,64.388259887695312,0,24.826349258422852,0.58028244972229004,0,0
2,60,10200,5,1,-2.3599948883056641,0,0,0,0,65.255874633789062,0,24.414045333862305,0.40119358897209167,0,0
2,60,10200,6,1,-2.2721395492553711,0,2.7814332497655414E-05,0.0247018001973629,0,63.486061096191406,0,23.918228149414062,0.44347035884857178,0,0
2,60,10200,7,1,-1.6736891269683838,0.11289654672145844,0.055110473185777664,6.7102370262145996,0,63.776618957519531,0,26.128679275512695,0.29811540246009827,0,0
2,60,10200,0,2,-3.1105625629425049,39.632396697998047,0.075637876987457275,6.3298206329345703,0,72.779930114746094,0,25.339962005615234,0.087249517440795898,0,0
2,60,10200,1,2,-2.5323083400726318,0,0.00019605024135671556,0.058802329003810883,0,59.091754913330078,0,24.302595138549805,0.40318232774734497,0,0
2,60,10200,2,2,-2.7394115924835205,0,5.242803308647126E-05,0.036796592175960541,0,58.798973083496094,0,23.662893295288086,0.43127712607383728,0,0
2,60,10200,3,2,-2.7550070285797119,0,3.5187418689019978E-05,0.029546314850449562,0,64.531631469726562,0,23.333362579345703,0.43834224343299866,0,0
2,60,10200,4,2,-2.5418398380279541,0,0,0,0,65.142814636230469,0,23.490837097167969,0.50872558355331421,0,0
2,60,10200,5,2,-2.1603755950927734,0,0.00010056696919491515,0.054284550249576569,0,64.234107971191406,0,24.869344711303711,0.51399260759353638,0,0
2,60,10200,6,2,-2.1269638538360596,0,0,0,0,63.551036834716797,0,24.540504455566406,0.60544341802597046,0,0
2,60,10200,7,2,-1.6989121437072754,0.22419993579387665,0.048000864684581757,5.226290225982666,0,69.088882446289062,0,27.307649612426758,0.35253420472145081,0,0
2,60,10200,0,3,-3.0915913581848145,43.960914611816406,0.056250475347042084,4.5917501449584961,0,69.668670654296875,0,23.67848014831543,0.044576704502105713,0,0
2,60,10200,1,3,-2.4835832118988037,0,0.00019926695676986128,0.05489913746714592,0,57.537075042724609,0,24.293806076049805,0.3641989529132843,0,0
2,60,10200,2,3,-2.2932584285736084,0,0,0,0,63.552734375,0,26.630077362060547,0.50667673349380493,0,0
2,60,10200,3,3,-2.4153118133544922,0,0,0,0,65.328514099121094,0,24.912815093994141,0.54611051082611084,0,0
2,60,10200,4,3,-2.3733699321746826,0,0,0,0,62.331871032714844,0,23.008399963378906,0.64136242866516113,0,0
2,60,10200,5,3,-2.4179577827453613,0,0,0,0,61.933567047119141,0,22.606046676635742,0.58481079339981079,0,0
2,60,10200,6,3,-2.5009393692016602,0,0,0,0,61.398170471191406,0,21.948154449462891,0.60346841812133789,0,0
2,60,10200,7,3,-1.9200721979141235,0.31798970699310303,0.010423037223517895,2.6025416851043701,0,66.315345764160156,0,24.405645370483398,0.32640716433525085,0,0
2,60,10200,0,4,-2.7198545932769775,38.142848968505859,0.093954496085643768,8.6598806381225586,0,77.170677185058594,0,25.839132308959961,0.06029186025261879,0,0
2,60,10200,1,4,-2.294694185256958,0,0,0,0,63.192024230957031,0,26.133672714233398,0.4133913516998291,0,0
2,60,10200,2,4,-2.3087289333343506,0,0,0,0,66.206954956054688,0,27.285163879394531,0.50038129091262817,0,0
2,60,10200,3,4,-2.5698616504669189,0,0,0,0,61.357513427734375,0,23.526865005493164,0.61980682611465454,0,0
2,60,10200,4,4,-2.5173985958099365,0,0,0,0,56.821365356445312,0,21.096477508544922,0.6782909631729126,0,0
2,60,10200,5,4,-2.5489530563354492,0,3.2296808058163151E-05,0.029877893626689911,0,58.701072692871094,0,21.069955825805664,0.59061872959136963,0,0
2,60,10200,6,4,-2.2226858139038086,0,0.00061781582189723849,0.072881035506725311,0,57.483390808105469,0,20.596078872680664,0.44055360555648804,0,0
2,60,10200,7,4,-2.0060927867889404,0.32767689228057861,0.0014988362090662122,0.67959988117218018,0,63.55316162109375,0,23.869546890258789,0.34254765510559082,0,0
2,60,10200,0,5,-2.854189395904541,30.752264022827148,0.041718214750289917,4.1387639045715332,0,75.879867553710938,0,26.414297103881836,0.036023076623678207,0,0
2,60,10200,1,5,-2.462672233581543,0,0,0,0,66.42767333984375,0,26.704025268554688,0.34867313504219055,0,0
2,60,10200,2,5,-2.4651782512664795,0,0,0,0,64.940162658691406,0,26.539033889770508,0.49728307127952576,0,0
2,60,10200,3,5,-2.6073634624481201,0,0,0,0,58.733936309814453,0,23.283246994018555,0.52646768093109131,0,0
2,60,10200,4,5,-2.5387265682220459,0,5.3016050514997914E-05,0.02284630574285984,0,57.123508453369141,0,21.448160171508789,0.54462474584579468,0,0
2,60,10200,5,5,-2.2763252258300781,0,0.00061936437850818038,0.051063835620880127,0,56.727104187011719,0,21.06672477722168,0.40468981862068176,0,0
2,60,10200,6,5,-2.1468343734741211,0,7.2502807597629726E-05,0.031132860109210014,0,58.648971557617188,0,22.999265670776367,0.40629693865776062,0,0
2,60,10200,7,5,-1.6618075370788574,0.14600570499897003,0.0038001956418156624,0.73934018611907959,0,57.065010070800781,0,23.041561126708984,0.34705856442451477,0,0
2,60,10200,0,6,-2.7472054958343506,16.050186157226562,0.068810820579528809,8.7590923309326172,0,68.72589111328125,0,24.918479919433594,0.082971259951591492,0,0
2,60,10200,1,6,-2.5081679821014404,0,0,0,0,60.495784759521484,0,25.941900253295898,0.47836053371429443,0,0
2,60,10200,2,6,-2.4926669597625732,0,0,0,0,63.765235900878906,0,26.604255676269531,0.4909229576587677,0,0
2,60,10200,3,6,-2.4358797073364258,0,0,0,0,58.945953369140625,0,24.62153434753418,0.54229569435119629,0,0
2,60,10200,4,6,-2.3061192035675049,0,0.00051627313951030374,0.046619199216365814,0,53.171745300292969,0,21.056255340576172,0.42021295428276062,0,0
2,60,10200,5,6,-2.2053065299987793,0,4.3732401536544785E-05,0.029121998697519302,0,52.546665191650391,0,21.481794357299805,0.4197029173374176,0,0
2,60,10200,6,6,-1.8665107488632202,0,0,0,0,53.371772766113281,0,23.613998413085938,0.55519849061965942,0,0
2,60,10200,7,6,-1.5082502365112305,0.0071540041826665401,0.00271027279086411,0.68415707349777222,0,55.723777770996094,0,24.516963958740234,0.42693555355072021,0,0
2,60,10200,0,7,-1.6380347013473511,0.76572948694229126,0.042618397623300552,6.3827381134033203,0,66.627700805664062,0,26.813179016113281,0.037700802087783813,0,0
2,60,10200,1,7,-2.1451640129089355,0,0.00068090710556134582,0.05476844310760498,0,59.459480285644531,0,26.455741882324219,0.22222265601158142,0,0
2,60,10200,2,7,-2.1024758815765381,0.20661172270774841,0.010964252054691315,3.1810441017150879,0,62.857498168945312,0,26.844043731689453,0.21927447617053986,0,0
2,60,10200,3,7,-1.9001297950744629,0.019331095740199089,0.0024536601267755032,0.71992409229278564,0,60.852283477783203,0,25.973451614379883,0.15185703337192535,0,0
2,60,10200,4,7,-2.0075206756591797,0.02026093378663063,0.0011126413010060787,0.65470695495605469,0,57.004295349121094,0,25.596490859985352,0.20792111754417419,0,0
2,60,10200,5,7,-1.8787254095077515,0.22462093830108643,0.0066020442172884941,2.3588376045227051,0,56.290706634521484,0,26.03892707824707,0.23542401194572449,0,0
2,60,10200,6,7,-1.6269276142120361,0,0.048064049333333969,3.5541379451751709,0,56.775199890136719,0,27.585178375244141,0.27788454294204712,0,0
2,60,10200,7,7,-1.1990205049514771,0,0.030050123110413551,4.4736981391906738,0,60.376392364501953,0,28.93940544128418,0.14569669961929321,0,0
2,90,10920,0,0,6.7171039581298828,0,0.02123677171766758,0.81759697198867798,0,76.224822998046875,0,28.712070465087891,0.050922386348247528,0,0
2,90,10920,1,0,6.5588393211364746,0,0.002506037475541234,0.52302885055541992,0,64.57025146484375,0,29.443826675415039,0.16261504590511322,0,5.9997502830810845E-05
2,90,10920,2,0,6.8488550186157227,0,0.014072858728468418,0.64219164848327637,0,63.097843170166016,0,29.866287231445312,0.16264919936656952,0,0
2,90,10920,3,0,7.1305198669433594,0,0.0092477155849337578,0.66065090894699097,0,65.651451110839844,0,31.000455856323242,0.21281065046787262,0,0
2,90,10920,4,0,7.0918011665344238,0,0.0098412195220589638,0.60995107889175415,0,66.166290283203125,0,30.932338714599609,0.20507444441318512,0,0
2,90,10920,5,0,7.2120933532714844,0,0.013189876452088356,0.75254195928573608,0,62.182994842529297,0,29.738925933837891,0.18077677488327026,0,0
2,90,10920,6,0,7.1918706893920898,0,0.0074369278736412525,0.64560246467590332,0,58.123676300048828,0,27.414615631103516,0.20912383496761322,0,0
2,90,10920,7,0,7.2775588035583496,0,0.0073254480957984924,0.62708663940429688,0,59.622100830078125,0,27.231660842895508,0.14635969698429108,0,0
2,90,10920,0,1,6.3022408485412598,0,0.01589348167181015,0.75730198621749878,0,75.648513793945312,0,26.625637054443359,0.071739040315151215,0,0
2,90,10920,1,1,5.9104657173156738,0,0,0,0,59.589962005615234,0,26.954490661621094,0.19951768219470978,0,0
2,90,10920,2,1,6.0129232406616211,0,0,0,0,55.968547821044922,0,26.760488510131836,0.31797361373901367,0,0
2,90,10920,3,1,6.3728036880493164,0,0,0,0,61.046474456787109,0,27.623195648193359,0.39624175429344177,0,0
2,90,10920,4,1,6.4936008453369141,0,0,0,0,64.072837829589844,0,26.292802810668945,0.23340168595314026,0,0
2,90,10920,5,1,6.3766994476318359,0,1.070577582140686E-05,0.010693669319152832,0,64.915359497070312,0,25.92279052734375,0.23358374834060669,0,0
2,90,10920,6,1,6.4316997528076172,0,4.3519889004528522E-05,0.019938074052333832,0,63.166484832763672,0,25.431869506835938,0.18009206652641296,0,0
2,90,10920,7,1,6.9881596565246582,0,0.010658319108188152,0.71386057138442993,0,63.652496337890625,0,28.066682815551758,0.1181434690952301,0,0
2,90,10920,0,2,6.3558769226074219,0,0.022320594638586044,2.2306892871856689,0,77.841476440429688,0,26.211044311523438,0.047224540263414383,0,0
2,90,10920,1,2,5.8156614303588867,0,0.00018284730322193354,0.057746216654777527,0,58.935070037841797,0,25.324575424194336,0.18326662480831146,0,0
2,90,10920,2,2,5.8306403160095215,0,6.1922131862957031E-05,0.03650372102856636,0,58.522895812988281,0,24.655353546142578,0.23027479648590088,0,0
2,90,10920,3,2,5.9349570274353027,0,3.2602092687739059E-05,0.027734469622373581,0,64.230644226074219,0,24.382024765014648,0.25903016328811646,0,0
2,90,10920,4,2,6.1764044761657715,0,5.6568183026683982E-06,0.0090509094297885895,0,64.852706909179688,0,24.698467254638672,0.23037290573120117,0,0
2,90,10920,5,2,6.5474190711975098,0,9.1147368948440999E-05,0.051220443099737167,0,63.934410095214844,0,26.443881988525391,0.26349979639053345,0,0
2,90,10920,6,2,6.5717806816101074,0,0,0,0,63.234485626220703,0,26.135072708129883,0.28830984234809875,0,0
2,90,10920,7,2,6.920168399810791,0,0.0123624037951231,0.692557692527771,0,68.763236999511719,0,29.270740509033203,0.21870255470275879,0,0
2,90,10920,0,3,6.1867256164550781,0,0.041270017623901367,1.7977651357650757,0,79.114227294921875,0,24.436714172363281,0.036573700606822968,0,0
2,90,10920,1,3,5.8281927108764648,0,0.00019437793525867164,0.051761656999588013,0,57.322280883789062,0,25.357023239135742,0.18930462002754211,0,0
2,90,10920,2,3,6.3099522590637207,0,0,0,0,63.224430084228516,0,28.063535690307617,0.25670737028121948,0,0
2,90,10920,3,3,6.2662191390991211,0,0,0,0,65.019760131835938,0,26.211036682128906,0.39533001184463501,0,0
2,90,10920,4,3,6.3432440757751465,0,0,0,0,62.062877655029297,0,24.2630615234375,0.29483318328857422,0,0
2,90,10920,5,3,6.334197998046875,0,0,0,0,61.661380767822266,0,23.910154342651367,0.38720244169235229,0,0
2,90,10920,6,3,6.253847599029541,0,0,0,0,61.137367248535156,0,23.202428817749023,0.38384050130844116,0,0
2,90,10920,7,3,6.748572826385498,0,0.0090070739388465881,0.90398776531219482,0,66.180259704589844,0,26.077852249145508,0.17669156193733215,0,0
2,90,10920,0,4,6.6709837913513184,0,0.019138820469379425,0.79842734336853027,0,81.11773681640625,0,27.048801422119141,0.041496790945529938,0,0
2,90,10920,1,4,6.0225439071655273,0,0,0,0,62.984714508056641,0,27.29631233215332,0.19347766041755676,0,0
2,90,10920,2,4,6.1450791358947754,0,5.2650239013019018E-06,0.0084240380674600601,0,65.879524230957031,0,28.585569381713867,0.28989914059638977,0,0
2,90,10920,3,4,6.065455436706543,0,0,0,0,61.090709686279297,0,24.602497100830078,0.33184850215911865,0,0
2,90,10920,4,4,6.281855583190918,0,0,0,0,56.594852447509766,0,22.184982299804688,0.30655238032341003,0,0
2,90,10920,5,4,6.2329764366149902,0,3.2498399377800524E-05,0.030101947486400604,0,58.463527679443359,0,22.223480224609375,0.37736901640892029,0,0
2,90,10920,6,4,6.5281500816345215,0,0.0005069160251878202,0.070425838232040405,0,57.331340789794922,0,21.943986892700195,0.27732813358306885,0,0
2,90,10920,7,4,6.6864733695983887,0,0.0081853894516825676,0.65799671411514282,0,63.603073120117188,0,25.464176177978516,0.21213692426681519,0,0
2,90,10920,0,5,6.6110072135925293,0,0.013320446945726871,0.69802314043045044,0,78.58258056640625,0,27.591569900512695,0.070202566683292389,0,0
2,90,10920,1,5,5.8283205032348633,0,0,0,0,66.223770141601562,0,27.788902282714844,0.20327652990818024,0,0
2,90,10920,2,5,5.975745677947998,0,0,0,0,64.634033203125,0,27.683660507202148,0.24034479260444641,0,0
2,90,10920,3,5,6.0316424369812012,0,0,0,0,58.484447479248047,0,24.334419250488281,0.40475821495056152,0,0
2,90,10920,4,5,6.2445492744445801,0,5.005384809919633E-05,0.022037779912352562,0,56.899555206298828,0,22.53898811340332,0.29121306538581848,0,0
2,90,10920,5,5,6.4908456802368164,0,0.00046859803842380643,0.048862088471651077,0,56.566986083984375,0,22.372102737426758,0.25639212131500244,0,0
2,90,10920,6,5,6.5771980285644531,0,6.6065200371667743E-05,0.029432259500026703,0,58.388008117675781,0,24.494403839111328,0.31347185373306274,0,0
2,90,10920,7,5,7.0057625770568848,0,0.0037752417847514153,0.61188089847564697,0,57.144554138183594,0,24.660562515258789,0.19088579714298248,0,0
2,90,10920,0,6,6.7750759124755859,0,0.0142179224640131,0.65954655408859253,0,71.27947998046875,0,26.253427505493164,0.049047242850065231,0,0
2,90,10920,1,6,6.1181154251098633,0,0,0,0,60.255134582519531,0,27.03223991394043,0.20242120325565338,0,0
2,90,10920,2,6,6.0536308288574219,0,0,0,0,63.465362548828125,0,27.729789733886719,0.27327743172645569,0,0
2,90,10920,3,6,6.2583651542663574,0,0,0,0,58.680294036865234,0,25.798454284667969,0.29512476921081543,0,0
2,90,10920,4,6,6.4676513671875,0,0.00049516628496348858,0.047203049063682556,0,53.027469635009766,0,22.205694198608398,0.22402408719062805,0,0
2,90,10920,5,6,6.5272431373596191,0,3.5326112993061543E-05,0.02494555339217186,0,52.322784423828125,0,22.773578643798828,0.28232866525650024,0,0
2,90,10920,6,6,6.8196868896484375,0,0,0,0,53.101295471191406,0,25.276172637939453,0.30805525183677673,0,0
2,90,10920,7,6,7.1708178520202637,0,0.003771116491407156,0.62751990556716919,0,55.642547607421875,0,26.33502197265625,0.20666854083538055,0,0
2,90,10920,0,7,7.1252708435058594,0,0.010111240670084953,0.67618256807327271,0,66.233909606933594,0,28.911039352416992,0.035968024283647537,0,0
2,90,10920,1,7,6.5193190574645996,0,0.00042807759018614888,0.038146220147609711,0,59.470352172851562,0,28.051029205322266,0.054470330476760864,0,0
2,90,10920,2,7,6.5907588005065918,0,0.0060974699445068836,0.68776285648345947,0,62.657798767089844,0,28.444971084594727,0.027855636551976204,0,0
2,90,10920,3,7,6.7813410758972168,0,0.0033986447378993034,0.56478142738342285,0,60.722675323486328,0,27.638618469238281,0.061065725982189178,0,0
2,90,10920,4,7,6.6571164131164551,0,0.00098951149266213179,0.51007658243179321,0,56.986812591552734,0,27.227108001708984,0.052931457757949829,0,0
2,90,10920,5,7,6.804619312286377,0,0.0078262584283947945,0.63502472639083862,0,56.422222137451172,0,27.786636352539062,0.035973139107227325,0,0
2,90,10920,6,7,6.9934906959533691,0,0.016291791573166847,0.74380379915237427,0,56.412487030029297,0,29.620895385742188,0.04832250252366066,0,0
2,90,10920,7,7,7.4519309997558594,0,0.0081319091841578484,0.71012324094772339,0,60.230823516845703,0,31.308290481567383,0.037982549518346786,0,0
2,120,11640,0,0,15.267754554748535,0,0.0011244479101151228,0.04811655730009079,0,75.677398681640625,0,40.731925964355469,0.031942188739776611,0,0
2,120,11640,1,0,15.080814361572266,0,0.00027087601483799517,0.03051864355802536,0,63.980243682861328,0,40.841144561767578,0.057516273111104965,0,5.6008317187661305E-05
2,120,11640,2,0,15.225092887878418,0,0.00056717242114245892,0.049604602158069611,0,62.387161254882812,0,41.271514892578125,0.068864256143569946,0,0
2,120,11640,3,0,15.38349723815918,0,0.00053815916180610657,0.046844124794006348,0,64.897811889648438,0,42.932682037353516,0.031821280717849731,0,0
2,120,11640,4,0,15.327712059020996,0,0.00055403471924364567,0.043213486671447754,0,65.377067565917969,0,42.975166320800781,0.082258842885494232,0,0
2,120,11640,5,0,15.440089225769043,0,0.00062229391187429428,0.045501302927732468,0,61.500640869140625,0,40.996059417724609,0.058158617466688156,0,0
2,120,11640,6,0,15.392941474914551,0,0.00040337856626138091,0.0484127476811409,0,57.596122741699219,0,37.319766998291016,0.035182192921638489,0,0
2,120,11640,7,0,15.576092720031738,0,0.00059190852334722877,0.052655775099992752,0,59.160137176513672,0,37.184978485107422,0.028870491310954094,0,0
2,120,11640,0,1,15.034454345703125,0,0.00080139725469052792,0.073394142091274261,0,75.053817749023438,0,37.992218017578125,0.10343146324157715,0,0
2,120,11640,1,1,14.586637496948242,0,0,0,0,58.93890380859375,0,37.342586517333984,0.231615349650383,0,0
2,120,11640,2,1,14.514612197875977,0,0,0,0,55.340381622314453,0,37.013984680175781,0.31733521819114685,0,0
2,120,11640,3,1,14.671228408813477,0,0,0,0,60.346828460693359,0,38.4490966796875,0.16599294543266296,0,0
2,120,11640,4,1,14.694245338439941,0,0,0,0,63.369384765625,0,36.843036651611328,0.25676757097244263,0,0
2,120,11640,5,1,14.551965713500977,0,1.1212076060473919E-05,0.0093730278313159943,0,64.162071228027344,0,36.714225769042969,0.1594771146774292,0,0
2,120,11640,6,1,14.594452857971191,0,3.4680455428315327E-05,0.016170889139175415,0,62.46173095703125,0,35.756927490234375,0.07564099133014679,0,0
2,120,11640,7,1,15.17499828338623,0,0.00055740302195772529,0.29038518667221069,0,62.981212615966797,0,38.896663665771484,0.04336247593164444,0,0
2,120,11640,0,2,14.996833801269531,0,0.0048113446682691574,0.52499604225158691,0,77.147354125976562,0,37.154289245605469,0.075986333191394806,0,0
2,120,11640,1,2,14.513986587524414,0,0.00016080576460808516,0.056338582187891006,0,58.424346923828125,0,35.181465148925781,0.17868748307228088,0,0
2,120,11640,2,2,14.240796089172363,0,6.0199105064384639E-05,0.034018740057945251,0,57.910133361816406,0,34.612987518310547,0.24156053364276886,0,0
2,120,11640,3,2,14.191018104553223,0,2.898993443523068E-05,0.025132454931735992,0,63.546592712402344,0,34.520847320556641,0.093835882842540741,0,0
2,120,11640,4,2,14.349011421203613,0,1.6007439626264386E-05,0.0075638554990291595,0,64.197517395019531,0,34.700374603271484,0.1438668817281723,0,0
2,120,11640,5,2,14.72237491607666,0,8.56386250234209E-05,0.049130313098430634,0,63.267478942871094,0,36.812458038330078,0.15302692353725433,0,0
2,120,11640,6,2,14.754947662353516,0,0,0,0,62.563468933105469,0,36.262416839599609,0.1329912394285202,0,0
2,120,11640,7,2,15.197122573852539,0,0.00067402509739622474,0.39350700378417969,0,68.064811706542969,0,40.523769378662109,0.11908598989248276,0,0
2,120,11640,0,3,14.77548885345459,0,0.006243125069886446,0.61103326082229614,0,77.999275207519531,0,34.696369171142578,0.049067743122577667,0,0
2,120,11640,1,3,14.459240913391113,0,0.00020197064441163093,0.051418185234069824,0,56.791561126708984,0,35.08642578125,0.10769685357809067,0,0
2,120,11640,2,3,14.711662292480469,0,0,0,0,62.483066558837891,0,39.2197265625,0.21082538366317749,0,0
2,120,11640,3,3,14.56978702545166,0,0,0,0,64.315200805664062,0,36.876674652099609,0.1467098593711853,0,0
2,120,11640,4,3,14.530166625976562,0,0,0,0,61.458469390869141,0,33.957447052001953,0.31509515643119812,0,0
2,120,11640,5,3,14.500077247619629,0,0,0,0,61.062507629394531,0,33.446941375732422,0.34964022040367126,0,0
2,120,11640,6,3,14.419474601745605,0,0,0,0,60.573715209960938,0,32.341110229492188,0.20801225304603577,0,0
2,120,11640,7,3,14.973443984985352,0,0.0015220195055007935,0.54902142286300659,0,65.621437072753906,0,36.226009368896484,0.1958027184009552,0,0
2,120,11640,0,4,15.326424598693848,0,0.0014317159075289965,0.42075458168983459,0,80.606758117675781,0,38.131465911865234,0.066063277423381805,0,0
2,120,11640,1,4,14.738076210021973,0,0,0,0,62.417243957519531,0,37.516258239746094,0.18546397984027863,0,0
2,120,11640,2,4,14.706974029541016,0,2.6224831799481763E-06,0.00419597327709198,0,65.14593505859375,0,39.661159515380859,0.37947416305541992,0,0
2,120,11640,3,4,14.439884185791016,0,0,0,0,60.483066558837891,0,34.311843872070312,0.22610323131084442,0,0
2,120,11640,4,4,14.440126419067383,0,0,0,0,56.083591461181641,0,30.966129302978516,0.35001435875892639,0,0
2,120,11640,5,4,14.389423370361328,0,2.4538398065487854E-05,0.023718457669019699,0,57.926528930664062,0,31.196710586547852,0.35066330432891846,0,0
2,120,11640,6,4,14.677271842956543,0,0.00058576668379828334,0.43066349625587463,0,56.867588043212891,0,30.644895553588867,0.20528958737850189,0,0
2,120,11640,7,4,14.924817085266113,0,0.00040486041689291596,0.0457107312977314,0,63.115192413330078,0,35.225147247314453,0.16183838248252869,0,0
2,120,11640,0,5,15.205598831176758,0,0.00081637519178912044,0.14586229622364044,0,77.809364318847656,0,39.132400512695312,0.068859167397022247,0,0
2,120,11640,1,5,14.566100120544434,0,0,0,0,65.571220397949219,0,38.366500854492188,0.18945375084877014,0,0
2,120,11640,2,5,14.559963226318359,0,0,0,0,63.936912536621094,0,38.383842468261719,0.31211745738983154,0,0
2,120,11640,3,5,14.386067390441895,0,0,0,0,57.916088104248047,0,33.782386779785156,0.22008897364139557,0,0
2,120,11640,4,5,14.401541709899902,0,3.9934220694703981E-05,0.018582683056592941,0,56.382156372070312,0,31.453578948974609,0.31115192174911499,0,0
2,120,11640,5,5,14.640445709228516,0,0.00037674239138141274,0.044191021472215652,0,56.091781616210938,0,31.23057746887207,0.23027902841567993,0,0
2,120,11640,6,5,14.732795715332031,0,5.250891626928933E-05,0.025166422128677368,0,57.814083099365234,0,33.944503784179688,0.14457079768180847,0,0
2,120,11640,7,5,15.202653884887695,0,0.00021481809380929917,0.042136106640100479,0,56.760337829589844,0,33.581298828125,0.15352438390254974,0,0
2,120,11640,0,6,15.119143486022949,0,0.0007417770684696734,0.050234615802764893,0,70.786949157714844,0,37.286357879638672,0.1100463941693306,0,0
2,120,11640,1,6,14.510178565979004,0,0,0,0,59.610176086425781,0,37.349090576171875,0.21563743054866791,0,0
2,120,11640,2,6,14.523921012878418,0,0,0,0,62.76202392578125,0,38.602828979492188,0.3276636004447937,0,0
2,120,11640,3,6,14.531693458557129,0,0,0,0,58.072185516357422,0,35.684288024902344,0.21415191888809204,0,0
2,120,11640,4,6,14.615788459777832,0,0.00030116792186163366,0.040203489363193512,0,52.597419738769531,0,30.526826858520508,0.22678820788860321,0,0
2,120,11640,5,6,14.670697212219238,0,1.8287431885255501E-05,0.016341876238584518,0,51.830764770507812,0,31.283491134643555,0.23582558333873749,0,0
2,120,11640,6,6,14.963759422302246,0,0,0,0,52.531375885009766,0,34.701938629150391,0.18287377059459686,0,0
2,120,11640,7,6,15.344912528991699,0,0.00056449673138558865,0.043952930718660355,0,55.218685150146484,0,35.814926147460938,0.2169879823923111,0,0
2,120,11640,0,7,15.301724433898926,0,0.00064609694527462125,0.044395826756954193,0,65.55645751953125,0,40.183933258056641,0.034386187791824341,0,0
2,120,11640,1,7,14.71027946472168,0,0.00024703369126655161,0.032153327018022537,0,58.828601837158203,0,38.711910247802734,0.10019104927778244,0,0
2,120,11640,2,7,14.783524513244629,0,0.0005973994848318398,0.3606603741645813,0,61.967166900634766,0,39.286693572998047,0.15835000574588776,0,0
2,120,11640,3,7,14.951061248779297,0,0.00040250533493235707,0.046489007771015167,0,60.098628997802734,0,37.763797760009766,0.085196405649185181,0,0
2,120,11640,4,7,14.840216636657715,0,0.00022727974283043295,0.039028901606798172,0,56.39215087890625,0,37.106170654296875,0.11178495734930038,0,0
2,120,11640,5,7,14.976434707641602,0,0.00062833435367792845,0.053131561726331711,0,55.8157958984375,0,37.776832580566406,0.14682817459106445,0,0
2,120,11640,6,7,15.158205032348633,0,0.00090290268417447805,0.052603155374526978,0,55.736686706542969,0,40.394672393798828,0.10698933899402618,0,0
2,120,11640,7,7,15.610815048217773,0,0.00085203489288687706,0.052276961505413055,0,59.610401153564453,0,42.617767333984375,0.085950523614883423,0,0
2,150,12360,0,0,21.655824661254883,0,0.00079168472439050674,0.36586266756057739,0,74.241592407226562,0,49.404266357421875,0.38124337792396545,0,0
2,150,12360,1,0,21.452203750610352,0,7.3122340836562216E-05,0.019462987780570984,0,62.661300659179688,0,48.890663146972656,0.64462602138519287,0,5.201526073506102E-05
2,150,12360,2,0,21.602365493774414,0,0.00039083263254724443,0.035514924675226212,0,61.102462768554688,0,48.982967376708984,0.47294038534164429,0,0
2,150,12360,3,0,21.758264541625977,0,0.00030453095678240061,0.037229768931865692,0,63.496528625488281,0,50.808879852294922,0.63191354274749756,0,0
2,150,12360,4,0,21.697086334228516,0,0.00028643320547416806,0.032125361263751984,0,63.949047088623047,0,50.983692169189453,0.62091314792633057,0,0
2,150,12360,5,0,21.817264556884766,0,0.00044193569920025766,0.036118097603321075,0,60.240131378173828,0,48.219558715820312,0.47552448511123657,0,0
2,150,12360,6,0,21.760749816894531,0,0.00015731052553746849,0.01890949159860611,0,56.545989990234375,0,43.4244384765625,0.75335770845413208,0,0
2,150,12360,7,0,21.962295532226562,0,0.00028645686688832939,0.039250083267688751,0,58.096427917480469,0,43.357521057128906,0.43525704741477966,0,0
2,150,12360,0,1,21.433225631713867,0,0.00079899252159520984,0.21081197261810303,0,73.702163696289062,0,46.784919738769531,0.43416664004325867,0,0
2,150,12360,1,1,20.931283950805664,0,0,0,0,57.741432189941406,0,45.379722595214844,0.97979313135147095,0,0
2,150,12360,2,1,20.856304168701172,0,0,0,0,54.209083557128906,0,44.656711578369141,1.0887298583984375,0,0
2,150,12360,3,1,21.025384902954102,0,0,0,0,59.107955932617188,0,46.387077331542969,1.0266482830047607,0,0
2,150,12360,4,1,21.059516906738281,0,0,0,0,62.126194000244141,0,44.639820098876953,0.87381821870803833,0,0
2,150,12360,5,1,20.908638000488281,0,0,0,0,62.814769744873047,0,44.959487915039062,0.8083685040473938,0,0
2,150,12360,6,1,20.947048187255859,0,1.2822944881918374E-05,0.0093401484191417694,0,61.202594757080078,0,43.535892486572266,0.48334923386573792,0,0
2,150,12360,7,1,21.542200088500977,0,0.00019145671103615314,0.048569880425930023,0,61.707107543945312,0,46.382614135742188,0.2970205545425415,0,0
2,150,12360,0,2,21.522800445556641,0,0.0011453133774921298,0.306132972240448,0,75.827224731445312,0,45.884986877441406,0.46878662705421448,0,0
2,150,12360,1,2,20.871749877929688,0,8.1019963545259088E-05,0.043207000941038132,0,57.251094818115234,0,43.313850402832031,1.1321024894714355,0,0
2,150,12360,2,2,20.622976303100586,0,2.5560022550052963E-05,0.02128760889172554,0,56.688278198242188,0,42.884899139404297,0.81338822841644287,0,0
2,150,12360,3,2,20.560855865478516,0,2.0734903955599293E-05,0.018950816243886948,0,62.278564453125,0,42.901645660400391,0.57544249296188354,0,0
2,150,12360,4,2,20.70408821105957,0,6.9584743869199883E-06,0.0054342113435268402,0,63.019767761230469,0,42.605827331542969,0.61805003881454468,0,0
2,150,12360,5,2,21.082752227783203,0,6.5642743720673025E-05,0.043382901698350906,0,62.082767486572266,0,44.417606353759766,0.68466615676879883,0,0
2,150,12360,6,2,21.116691589355469,0,0,0,0,61.389350891113281,0,43.652698516845703,1.0356400012969971,0,0
2,150,12360,7,2,21.590490341186523,0,0.00026784240617416799,0.048727378249168396,0,66.777244567871094,0,48.529754638671875,0.68701010942459106,0,0
2,150,12360,0,3,21.298624038696289,0,0.0010830818209797144,0.14245077967643738,0,76.533424377441406,0,43.187530517578125,0.22840765118598938,0,0
2,150,12360,1,3,20.821062088012695,0,0.0001205179505632259,0.038266085088253021,0,55.689830780029297,0,42.792163848876953,0.56571179628372192,0,0
2,150,12360,2,3,21.055696487426758,0,0,0,0,61.139926910400391,0,47.620037078857422,0.83988034725189209,0,0
2,150,12360,3,3,20.92559814453125,0,0,0,0,63.046222686767578,0,45.060203552246094,1.0455313920974731,0,0
2,150,12360,4,3,20.884918212890625,0,0,0,0,60.387851715087891,0,41.235813140869141,1.0469008684158325,0,0
2,150,12360,5,3,20.853427886962891,0,0,0,0,60.003902435302734,0,40.626655578613281,1.1988497972488403,0,0
2,150,12360,6,3,20.775863647460938,0,0,0,0,59.576591491699219,0,39.318710327148438,1.1967929601669312,0,0
2,150,12360,7,3,21.35529899597168,0,0.0002616302517708391,0.074158176779747009,0,64.514434814453125,0,43.643806457519531,0.45403474569320679,0,0
2,150,12360,0,4,21.858003616333008,0,0.0008386585395783186,0.3229956328868866,0,79.231178283691406,0,46.365333557128906,0.40287894010543823,0,0
2,150,12360,1,4,21.088449478149414,0,0,0,0,61.203140258789062,0,45.657314300537109,1.0952030420303345,0,0
2,150,12360,2,4,21.07078742980957,0,0,0,0,63.781932830810547,0,48.368885040283203,1.0454939603805542,0,0
2,150,12360,3,4,20.794307708740234,0,0,0,0,59.374782562255859,0,41.89129638671875,1.1139891147613525,0,0
2,150,12360,4,4,20.791374206542969,0,0,0,0,55.176528930664062,0,37.485408782958984,1.3009661436080933,0,0
2,150,12360,5,4,20.740041732788086,0,1.755063931341283E-05,0.018184792250394821,0,56.967647552490234,0,38.022354125976562,1.1561836004257202,0,0
2,150,12360,6,4,21.025819778442383,0,0.00014257663860917091,0.036323487758636475,0,55.978713989257812,0,36.864025115966797,0.80551892518997192,0,0
2,150,12360,7,4,21.295293807983398,0,0.00019567130948416889,0.034520994871854782,0,62.091514587402344,0,42.231166839599609,0.60383254289627075,0,0
2,150,12360,0,5,21.695108413696289,0,0.00038317119469866157,0.038065060973167419,0,76.387481689453125,0,47.637489318847656,0.43503919243812561,0,0
2,150,12360,1,5,20.920543670654297,0,0,0,0,64.246871948242188,0,47.112815856933594,0.89906001091003418,0,0
2,150,12360,2,5,20.916370391845703,0,0,0,0,62.640010833740234,0,46.964847564697266,0.93307614326477051,0,0
2,150,12360,3,5,20.73161506652832,0,0,0,0,56.891952514648438,0,41.013031005859375,1.2398867607116699,0,0
2,150,12360,4,5,20.752185821533203,0,1.0645088877936359E-05,0.0078528709709644318,0,55.455421447753906,0,38.132755279541016,0.98686176538467407,0,0
2,150,12360,5,5,20.987274169921875,0,0.00022224904387257993,0.037661112844944,0,55.185497283935547,0,37.597690582275391,0.74931895732879639,0,0
2,150,12360,6,5,21.083452224731445,0,3.0414355933316983E-05,0.016949925571680069,0,56.801929473876953,0,40.632804870605469,0.90401959419250488,0,0
2,150,12360,7,5,21.565881729125977,0,0.00013828600640408695,0.032121490687131882,0,55.871391296386719,0,39.330204010009766,0.52726203203201294,0,0
2,150,12360,0,6,21.491973876953125,0,0.00039574180846102536,0.03761904314160347,0,69.511985778808594,0,45.176200866699219,0.41505119204521179,0,0
2,150,12360,1,6,20.859279632568359,0,0,0,0,58.426902770996094,0,45.300033569335938,1.1312298774719238,0,0
2,150,12360,2,6,20.876976013183594,0,0,0,0,61.492816925048828,0,46.9859619140625,1.0028742551803589,0,0
2,150,12360,3,6,20.87812614440918,0,0,0,0,57.000106811523438,0,42.904449462890625,1.0269156694412231,0,0
2,150,12360,4,6,20.962129592895508,0,9.0877780166920274E-05,0.026119798421859741,0,51.777305603027344,0,36.293327331542969,0.77731198072433472,0,0
2,150,12360,5,6,21.014955520629883,0,2.9279569844220532E-06,0.0041088089346885681,0,50.973342895507812,0,37.076763153076172,0.90684187412261963,0,0
2,150,12360,6,6,21.306316375732422,0,0,0,0,51.551807403564453,0,40.790054321289062,0.96354478597640991,0,0
2,150,12360,7,6,21.712198257446289,0,0.0003178534097969532,0.033302128314971924,0,54.268352508544922,0,41.743320465087891,0.74709558486938477,0,0
2,150,12360,0,7,21.62919807434082,0,0.0002539859851822257,0.031646199524402618,0,64.217880249023438,0,47.452766418457031,0.40607404708862305,0,0
2,150,12360,1,7,21.033838272094727,0,4.460463605937548E-05,0.015563547611236572,0,57.651741027832031,0,46.119140625,0.62394994497299194,0,0
2,150,12360,2,7,21.119533538818359,0,0.00013126948033459485,0.062350377440452576,0,60.752887725830078,0,46.873733520507812,0.50943541526794434,0,0
2,150,12360,3,7,21.283443450927734,0,0.00018930670921690762,0.03238673135638237,0,58.993305206298828,0,44.473201751708984,0.53980088233947754,0,0
2,150,12360,4,7,21.168695449829102,0,6.7911591031588614E-05,0.023224812000989914,0,55.336898803710938,0,43.573123931884766,0.53247559070587158,0,0
2,150,12360,5,7,21.307331085205078,0,0.00031793798552826047,0.040506284683942795,0,54.761295318603516,0,44.149318695068359,0.59443753957748413,0,0
2,150,12360,6,7,21.485372543334961,0,0.00057771202409639955,0.036680832505226135,0,54.58172607421875,0,47.08367919921875,0.71811419725418091,0,0
2,150,12360,7,7,21.960968017578125,0,0.00053162465337663889,0.043447282165288925,0,58.379478454589844,0,49.393531799316406,0.3477860689163208,0,0
2,180,13080,0,0,24.088346481323242,0,0.00041865863022394478,0.030344080179929733,0,72.384910583496094,0,51.836204528808594,0.33723977208137512,0,0
2,180,13080,1,0,23.888277053833008,0,4.5893710193922743E-05,0.016519069671630859,0,61.052631378173828,0,50.891994476318359,0.46923536062240601,0,4.8223213525488973E-05
2,180,13080,2,0,24.040353775024414,0,0.00022168888244777918,0.028798803687095642,0,59.553646087646484,0,50.802753448486328,0.51170259714126587,0,0
2,180,13080,3,0,24.193248748779297,0,0.00023810296261217445,0.033366583287715912,0,61.813674926757812,0,52.690940856933594,0.34793221950531006,0,0
2,180,13080,4,0,24.130634307861328,0,0.0002089351910399273,0.030137255787849426,0,62.232547760009766,0,52.931732177734375,0.53879469633102417,0,0
2,180,13080,5,0,24.255624771118164,0,0.00029895931947976351,0.031650863587856293,0,58.732120513916016,0,49.856327056884766,0.48475039005279541,0,0
2,180,13080,6,0,24.20179557800293,0,0.00010787331848405302,0.013761155307292938,0,55.2835693359375,0,44.619548797607422,0.40299001336097717,0,0.00014384952373802662
2,180,13080,7,0,24.405996322631836,0,0.00017193907115142792,0.038183778524398804,0,56.781620025634766,0,44.632514953613281,0.42035096883773804,0,0
2,180,13080,0,1,23.864999771118164,0,0.000314697390422225,0.032036274671554565,0,71.884407043457031,0,49.429431915283203,0.53304177522659302,0,0
2,180,13080,1,1,23.36591911315918,0,0,0,0,56.287319183349609,0,47.495109558105469,0.82899761199951172,0,0
2,180,13080,2,1,23.291936874389648,0,0,0,0,52.845695495605469,0,46.565883636474609,1.0324543714523315,0,0
2,180,13080,3,1,23.4609375,0,0,0,0,57.614555358886719,0,48.438621520996094,0.85107529163360596,0,0
2,180,13080,4,1,23.496631622314453,0,2.7383211431697418E-07,0.00043813139200210571,0,60.619400024414062,0,46.750999450683594,0.80505502223968506,0,0
2,180,13080,5,1,23.342414855957031,0,0,0,0,61.171951293945312,0,47.328300476074219,0.59218508005142212,0,0
2,180,13080,6,1,23.382183074951172,0,2.5528885089443065E-05,0.013180453330278397,0,59.66949462890625,0,45.741115570068359,0.35175839066505432,0,0
2,180,13080,7,1,23.980216979980469,0,0.00021527941862586886,0.046617060899734497,0,60.147872924804688,0,48.308544158935547,0.26752427220344543,0,0
2,180,13080,0,2,23.95819091796875,0,0.00056851515546441078,0.05707583948969841,0,74.022994995117188,0,48.522808074951172,0.41700661182403564,0,0
2,180,13080,1,2,23.307155609130859,0,9.1327216068748385E-05,0.046407252550125122,0,55.775520324707031,0,45.621105194091797,0.67275774478912354,0,0
2,180,13080,2,2,23.056888580322266,0,2.0913472326355986E-05,0.020397987216711044,0,55.178703308105469,0,45.316082000732422,0.81888937950134277,0,0
2,180,13080,3,2,22.995397567749023,0,2.1912852389505133E-05,0.02038293331861496,0,60.711505889892578,0,45.463165283203125,0.37554246187210083,0,0
2,180,13080,4,2,23.141647338867188,0,9.1046558736707084E-07,0.0014567449688911438,0,61.573131561279297,0,44.887699127197266,0.51705241203308105,0,0
2,180,13080,5,2,23.520725250244141,0,6.2275721575133502E-05,0.042691968381404877,0,60.646270751953125,0,46.452064514160156,0.70114356279373169,0,0
2,180,13080,6,2,23.55488395690918,0,0,0,0,59.971355438232422,0,45.655666351318359,0.61449950933456421,0,0
2,180,13080,7,2,24.032003402709961,0,0.00031259495881386101,0.048395536839962006,0,65.185813903808594,0,50.573455810546875,0.52342510223388672,0,0
2,180,13080,0,3,23.772371292114258,0,0.00059648719616234303,0.05496114119887352,0,74.610015869140625,0,45.782329559326172,0.29252630472183228,0,0
2,180,13080,1,3,23.256498336791992,0,0.00011490800534375012,0.037542439997196198,0,54.320835113525391,0,44.874069213867188,0.47877952456474304,0,0
2,180,13080,2,3,23.486988067626953,0,0,0,0,59.510208129882812,0,49.847152709960938,0.81907308101654053,0,0
2,180,13080,3,3,23.36070442199707,0,0,0,0,61.501132965087891,0,47.369087219238281,0.87162607908248901,0,0
2,180,13080,4,3,23.324241638183594,0,0,0,0,59.085868835449219,0,43.233604431152344,1.0257275104522705,0,0
2,180,13080,5,3,23.292623519897461,0,0,0,0,58.716167449951172,0,42.618423461914062,1.0721063613891602,0,0
2,180,13080,6,3,23.217172622680664,0,0,0,0,58.361038208007812,0,41.241714477539062,0.8576701283454895,0,0
2,180,13080,7,3,23.798740386962891,0,0.00028740099514834583,0.07191292941570282,0,63.121620178222656,0,45.613204956054688,0.55839431285858154,0,0
2,180,13080,0,4,24.29783821105957,0,0.00027650714037008584,0.043212473392486572,0,77.42388916015625,0,48.846118927001953,0.41002893447875977,0,0
2,180,13080,1,4,23.531444549560547,0,0,0,0,59.700248718261719,0,47.815532684326172,0.65818113088607788,0,0
2,180,13080,2,4,23.503208160400391,0,0,0,0,62.120475769042969,0,50.672958374023438,1.0881046056747437,0,0
2,180,13080,3,4,23.23243522644043,0,0,0,0,58.023628234863281,0,43.979667663574219,0.80094015598297119,0,0
2,180,13080,4,4,23.233453750610352,0,0,0,0,54.075248718261719,0,39.181751251220703,0.94434863328933716,0,0
2,180,13080,5,4,23.180963516235352,0,1.1634528163995128E-05,0.013214178383350372,0,55.7962646484375,0,39.941192626953125,1.1346195936203003,0,0
2,180,13080,6,4,23.467700958251953,0,0.00011699233436957002,0.033377889543771744,0,54.890399932861328,0,38.526130676269531,0.53351795673370361,0,0
2,180,13080,7,4,23.738079071044922,0,0.00024339444644283503,0.037102095782756805,0,60.803386688232422,0,44.03204345703125,0.51444500684738159,0,0
2,180,13080,0,5,24.124679565429688,0,0.00029265048215165734,0.033150531351566315,0,74.521766662597656,0,50.175922393798828,0.45481657981872559,0,0
2,180,13080,1,5,23.355140686035156,0,0,0,0,62.622165679931641,0,49.533638000488281,0.78409284353256226,0,0
2,180,13080,2,5,23.351207733154297,0,0,0,0,61.060577392578125,0,49.290763854980469,0.84924554824829102,0,0
2,180,13080,3,5,23.170217514038086,0,0,0,0,55.648365020751953,0,42.889236450195312,0.85990005731582642,0,0
2,180,13080,4,5,23.194007873535156,0,6.0165184549987316E-06,0.0051786191761493683,0,54.327445983886719,0,39.877098083496094,0.93984752893447876,0,0
2,180,13080,5,5,23.428144454956055,0,0.00010994094918714836,0.028749749064445496,0,54.065834045410156,0,39.297138214111328,0.62631934881210327,0,0
2,180,13080,6,5,23.523338317871094,0,2.4463428417220712E-05,0.014367233961820602,0,55.580898284912109,0,42.341686248779297,0.59412604570388794,0,0
2,180,13080,7,5,24.010883331298828,0,0.0001425237423973158,0.033119004219770432,0,54.782424926757812,0,40.509845733642578,0.60725921392440796,0,0
2,180,13080,0,6,23.922304153442383,0,0.00028395731351338327,0.032789122313261032,0,67.828887939453125,0,47.524311065673828,0.50892764329910278,0,0
2,180,13080,1,6,23.295154571533203,0,0,0,0,56.994171142578125,0,47.35028076171875,0.74322396516799927,0,0
2,180,13080,2,6,23.311935424804688,0,0,0,0,59.953594207763672,0,49.187030792236328,1.0281533002853394,0,0
2,180,13080,3,6,23.316120147705078,0,0,0,0,55.708049774169922,0,44.635028839111328,0.79019701480865479,0,0
2,180,13080,4,6,23.404899597167969,0,6.6603526647668332E-05,0.022978778928518295,0,50.775440216064453,0,37.554405212402344,0.56634491682052612,0,0
2,180,13080,5,6,23.456979751586914,0,5.9461916634973022E-07,0.00095139071345329285,0,49.947467803955078,0,38.33935546875,0.96597808599472046,0,0
2,180,13080,6,6,23.745256423950195,0,0,0,0,50.389347076416016,0,42.131435394287109,0.69625210762023926,0,0
2,180,13080,7,6,24.156276702880859,0,0.00030348639120347798,0.033385232090950012,0,53.106670379638672,0,42.943683624267578,0.62166565656661987,0,0
2,180,13080,0,7,24.055835723876953,0,0.00017247893265448511,0.028107963502407074,0,62.574066162109375,0,49.354469299316406,0.34379932284355164,0,0
2,180,13080,1,7,23.464986801147461,0,1.7412217857781798E-05,0.012894093990325928,0,56.224082946777344,0,47.88653564453125,0.45289421081542969,0,0
2,180,13080,2,7,23.552862167358398,0,0.00011506597365951166,0.059410594403743744,0,59.286529541015625,0,48.6761474609375,0.48795455694198608,0,0
2,180,13080,3,7,23.717891693115234,0,0.00011984979937551543,0.026716291904449463,0,57.662246704101562,0,45.916358947753906,0.2796517014503479,0,0
2,180,13080,4,7,23.603588104248047,0,3.9845723222242668E-05,0.020059190690517426,0,54.069686889648438,0,44.881317138671875,0.49104312062263489,0,0
2,180,13080,5,7,23.742818832397461,0,0.00022612327302340418,0.033904679119586945,0,53.502052307128906,0,45.409740447998047,0.50369900465011597,0,0
2,180,13080,6,7,23.918214797973633,0,0.00053010886767879128,0.03691728413105011,0,53.221218109130859,0,48.481540679931641,0.28977224230766296,0,0
2,180,13080,7,7,24.395843505859375,0,0.00037871734821237624,0.038710162043571472,0,56.885566711425781,0,50.847126007080078,0.31312116980552673,0,0
2,210,13800,0,0,21.602849960327148,0,0.0004046950489282608,0.029204748570919037,0,70.578445434570312,0,54.811111450195312,0.41525208950042725,0,0
2,210,13800,1,0,21.405904769897461,0,5.0007522077066824E-05,0.019121035933494568,0,59.505947113037109,0,53.359493255615234,0.95195567607879639,0,4.4684187741950154E-05
2,210,13800,2,0,21.5545654296875,0,0.00022944522788748145,0.031119126826524734,0,58.065498352050781,0,53.027793884277344,0.70349615812301636,0,0
2,210,13800,3,0,21.705966949462891,0,0.00021844687580596656,0.034316115081310272,0,60.202632904052734,0,55.002372741699219,0.77707666158676147,0,0
2,210,13800,4,0,21.646238327026367,0,0.00022298056865110993,0.031136281788349152,0,60.586738586425781,0,55.321418762207031,0.92385035753250122,0,0
2,210,13800,5,0,21.770166397094727,0,0.00035907421261072159,0.034571953117847443,0,57.289497375488281,0,51.841709136962891,0.68577361106872559,0,0
2,210,13800,6,0,21.728507995605469,0,8.4688836068380624E-05,0.012913413345813751,0,54.077884674072266,0,46.041736602783203,0.94697380065917969,0,0.00013418107118923217
2,210,13800,7,0,21.917949676513672,0,0.00022204728156793863,0.039889577776193619,0,55.525600433349609,0,46.162662506103516,0.51716172695159912,0,0
2,210,13800,0,1,21.390474319458008,0,0.00031227720319293439,0.031350843608379364,0,70.094688415527344,0,52.639724731445312,0.52256864309310913,0,0
2,210,13800,1,1,20.90424919128418,0,0,0,0,54.884170532226562,0,50.091747283935547,1.546578049659729,0,0
2,210,13800,2,1,20.834228515625,0,0,0,0,51.534996032714844,0,48.893333435058594,1.4064030647277832,0,0
2,210,13800,3,1,20.992233276367188,0,0,0,0,56.176383972167969,0,51.003799438476562,1.3787767887115479,0,0
2,210,13800,4,1,21.011138916015625,0,0,0,0,59.161853790283203,0,49.405426025390625,1.1428042650222778,0,0
2,210,13800,5,1,20.714038848876953,0,4.5635292735823896E-06,0.0054448358714580536,0,59.58062744140625,0,50.354911804199219,0.80064207315444946,0,0
2,210,13800,6,1,20.881027221679688,0,5.3571369790006429E-05,0.020812809467315674,0,58.185649871826172,0,48.527374267578125,0.75248700380325317,0,0
2,210,13800,7,1,21.496343612670898,0,0.00035014268360100687,0.058811560273170471,0,58.639423370361328,0,50.696872711181641,0.5607982873916626,0,0
2,210,13800,0,2,21.485139846801758,0,0.00054980727145448327,0.056242160499095917,0,72.207427978515625,0,51.70928955078125,0.48073750734329224,0,0
2,210,13800,1,2,20.840211868286133,0,7.6061121944803745E-05,0.047807797789573669,0,54.342311859130859,0,48.461894989013672,1.1235342025756836,0,0
2,210,13800,2,2,20.592819213867188,0,4.7096691560000181E-05,0.028395436704158783,0,53.710300445556641,0,48.337421417236328,0.75832653045654297,0,0
2,210,13800,3,2,20.522836685180664,0,2.7580934329307638E-05,0.024803206324577332,0,59.182151794433594,0,48.699733734130859,0.82912176847457886,0,0
2,210,13800,4,2,20.662738800048828,0,2.1272358935675584E-05,0.0097895786166191101,0,60.167171478271484,0,47.819297790527344,1.0113332271575928,0,0
2,210,13800,5,2,20.930019378662109,0,9.8634380265139043E-05,0.049299705773591995,0,59.263763427734375,0,49.107337951660156,1.0591092109680176,0,0
2,210,13800,6,2,20.922561645507812,0,0,0,0,58.6009521484375,0,48.272342681884766,1.4011844396591187,0,0
2,210,13800,7,2,21.504842758178711,0,0.00040259986417368054,0.056647650897502899,0,63.630180358886719,0,53.169769287109375,0.74264830350875854,0,0
2,210,13800,0,3,21.301223754882812,0,0.00057119328994303942,0.05474381148815155,0,72.677352905273438,0,48.911552429199219,0.32980114221572876,0,0
2,210,13800,1,3,20.800161361694336,0,0.00013036366726737469,0.040004003793001175,0,52.998615264892578,0,47.411888122558594,1.118840217590332,0,0
2,210,13800,2,3,21.022024154663086,0,0,0,0,57.939033508300781,0,52.604118347167969,1.2975730895996094,0,0
2,210,13800,3,3,20.890451431274414,0,0,0,0,60.002593994140625,0,50.279209136962891,1.3537006378173828,0,0
2,210,13800,4,3,20.859226226806641,0,0,0,0,57.822185516357422,0,45.773380279541016,1.5442653894424438,0,0
2,210,13800,5,3,20.829143524169922,0,0,0,0,57.46539306640625,0,45.163158416748047,1.4937148094177246,0,0
2,210,13800,6,3,20.751308441162109,0,0,0,0,57.180000305175781,0,43.717288970947266,1.4881879091262817,0,0
2,210,13800,7,3,21.244253158569336,0,0.00031934812432155013,0.051091760396957397,0,61.742275238037109,0,48.139781951904297,0.68163198232650757,0,0
2,210,13800,0,4,21.824100494384766,0,0.00027004830189980567,0.042455509305000305,0,75.591644287109375,0,51.819679260253906,0.47582569718360901,0,0
2,210,13800,1,4,21.060697555541992,0,0,0,0,58.24798583984375,0,50.485469818115234,1.3054474592208862,0,0
2,210,13800,2,4,21.032285690307617,0,0,0,0,60.516983032226562,0,53.532123565673828,1.1730942726135254,0,0
2,210,13800,3,4,20.768182754516602,0,0,0,0,56.712615966796875,0,46.6051025390625,1.5187649726867676,0,0
2,210,13800,4,4,20.775060653686523,0,0,0,0,53.008274078369141,0,41.288562774658203,1.4915447235107422,0,0
2,210,13800,5,4,20.721343994140625,0,1.7541720808367245E-05,0.018006626516580582,0,54.656574249267578,0,42.367366790771484,1.3307198286056519,0,0
2,210,13800,6,4,21.00703239440918,0,0.00016380456509068608,0.037124820053577423,0,53.839130401611328,0,40.588245391845703,1.0780614614486694,0,0
2,210,13800,7,4,21.093969345092773,0,0.000378821772756055,0.045838762074708939,0,59.531379699707031,0,46.411151885986328,0.86266815662384033,0,0
2,210,13800,0,5,21.652791976928711,0,0.00027894275262951851,0.032479092478752136,0,72.680229187011719,0,53.228172302246094,0.47937974333763123,0,0
2,210,13800,1,5,20.883804321289062,0,0,0,0,61.048164367675781,0,52.548637390136719,1.3203867673873901,0,0
2,210,13800,2,5,20.879770278930664,0,0,0,0,59.533218383789062,0,52.180061340332031,1.1090902090072632,0,0
2,210,13800,3,5,20.713111877441406,0,0,0,0,54.445453643798828,0,45.224830627441406,1.4573434591293335,0,0
2,210,13800,4,5,20.734956741333008,0,6.3301040427177213E-06,0.005305316299200058,0,53.235092163085938,0,42.051448822021484,1.3671518564224243,0,0
2,210,13800,5,5,20.971546173095703,0,0.00014767797256354243,0.037321161478757858,0,52.977149963378906,0,41.405426025390625,0.89677929878234863,0,0
2,210,13800,6,5,21.061798095703125,0,1.8957634893013164E-05,0.017721015959978104,0,54.401931762695312,0,44.475028991699219,1.1888669729232788,0,0
2,210,13800,7,5,21.541259765625,0,0.00019022653577849269,0.040125787258148193,0,53.724273681640625,0,41.927295684814453,0.87573510408401489,0,0
2,210,13800,0,6,21.459371566772461,0,0.00028334849048405886,0.032408904284238815,0,66.187690734863281,0,50.370307922363281,0.52115440368652344,0,0
2,210,13800,1,6,20.831630706787109,0,0,0,0,55.612754821777344,0,49.894405364990234,1.5214066505432129,0,0
2,210,13800,2,6,20.843238830566406,0,0,0,0,58.468402862548828,0,51.936679840087891,1.1783729791641235,0,0
2,210,13800,3,6,20.85675048828125,0,0,0,0,54.465499877929688,0,46.782814025878906,1.3535865545272827,0,0
2,210,13800,4,6,20.951574325561523,0,6.9596142566297203E-05,0.024823833256959915,0,49.811237335205078,0,39.092235565185547,1.053114652633667,0,0
2,210,13800,5,6,21.003969192504883,0,0,0,0,48.963493347167969,0,39.866683959960938,1.1303635835647583,0,0
2,210,13800,6,6,21.289644241333008,0,0,0,0,49.278312683105469,0,43.718208312988281,1.4886142015457153,0,0
2,210,13800,7,6,21.682039260864258,0,0.000428209692472592,0.040565773844718933,0,51.996429443359375,0,44.366508483886719,1.0528560876846313,0,0
2,210,13800,0,7,21.603450775146484,0,0.00018859408737625927,0.028024826198816299,0,60.988071441650391,0,51.625740051269531,0.39239144325256348,0,0
2,210,13800,1,7,21.017339706420898,0,3.2104890124173835E-05,0.014865700155496597,0,54.853885650634766,0,50.034637451171875,0.77335250377655029,0,0
2,210,13800,2,7,21.095136642456055,0,8.4899125795345753E-05,0.05952439084649086,0,57.879550933837891,0,50.895668029785156,0.54583549499511719,0,0
2,210,13800,3,7,21.266084671020508,0,0.00016588000289630145,0.029349684715270996,0,56.388618469238281,0,47.680152893066406,0.54435694217681885,0,0
2,210,13800,4,7,21.155502319335938,0,5.6123630201909691E-05,0.02122599259018898,0,52.860710144042969,0,46.451061248779297,0.68496948480606079,0,0
2,210,13800,5,7,21.292512893676758,0,0.00028859739541076124,0.038223385810852051,0,52.302947998046875,0,46.904182434082031,0.66130071878433228,0,0
2,210,13800,6,7,21.467094421386719,0,0.00053859874606132507,0.036161858588457108,0,51.929080963134766,0,50.100234985351562,0.7494080662727356,0,0
2,210,13800,7,7,21.924489974975586,0,0.00047830643597990274,0.04298747330904007,0,55.462203979492188,0,52.544937133789062,0.3890727162361145,0,0
2,240,14520,0,0,14.993602752685547,0,0.00051060959231108427,0.03335840255022049,0,69.015068054199219,0,66.818550109863281,0.45950639247894287,0,0
2,240,14520,1,0,14.800290107727051,0,7.9645753430668265E-05,0.01935223862528801,0,58.17681884765625,0,64.187095642089844,0.85523629188537598,0,4.1296767449239269E-05
2,240,14520,2,0,14.942633628845215,0,0.00023811585560906678,0.034034021198749542,0,56.798191070556641,0,63.372383117675781,0.84522533416748047,0,0
2,240,14520,3,0,15.093389511108398,0,0.00026956771034747362,0.036788962781429291,0,58.832950592041016,0,65.839035034179688,0.77190226316452026,0,0
2,240,14520,4,0,15.040519714355469,0,0.0002616972487885505,0.03314296156167984,0,59.184505462646484,0,66.362930297851562,0.9265059232711792,0,0
2,240,14520,5,0,15.15798282623291,0,0.00037022511241957545,0.034545429050922394,0,56.070770263671875,0,61.6802978515625,0.84607714414596558,0,0
2,240,14520,6,0,15.132369041442871,0,0.00015679669741075486,0.019040271639823914,0,53.062126159667969,0,54.186500549316406,0.83534759283065796,0,0.00012497209536377341
2,240,14520,7,0,15.300543785095215,0,0.00023706641513854265,0.042104125022888184,0,54.486442565917969,0,54.547035217285156,0.80091434717178345,0,0
2,240,14520,0,1,14.798250198364258,0,0.00039790000300854445,0.035121802240610123,0,68.527252197265625,0,64.786758422851562,0.60817980766296387,0,0
2,240,14520,1,1,14.341622352600098,0,0,0,0,53.664703369140625,0,60.643337249755859,1.2104254961013794,0,0
2,240,14520,2,1,14.277503967285156,0,0,0,0,50.402336120605469,0,58.768531799316406,1.7710750102996826,0,0
2,240,14520,3,1,14.414914131164551,0,0,0,0,54.928798675537109,0,61.638710021972656,1.540378212928772,0,0
2,240,14520,4,1,14.425630569458008,0,6.8198887674952857E-06,0.0060697756707668304,0,57.961261749267578,0,59.966926574707031,1.231238842010498,0,0
2,240,14520,5,1,14.196487426757812,0,1.331479234067956E-05,0.008004259318113327,0,58.942405700683594,0,61.853321075439453,1.2080775499343872,0,0
2,240,14520,6,1,14.07091236114502,0,8.3659761003218591E-05,0.026477500796318054,0,58.711696624755859,0,59.927059173583984,0.67585283517837524,0,0
2,240,14520,7,1,14.554986000061035,0,0.00046615928295068443,0.1005004346370697,0,58.648021697998047,0,61.491466522216797,0.44131505489349365,0,0
2,240,14520,0,2,14.881693840026855,0,0.00070988538209348917,0.095064297318458557,0,70.609222412109375,0,63.741092681884766,0.52499550580978394,0,0
2,240,14520,1,2,14.261214256286621,0,7.5900927186012268E-05,0.046374332159757614,0,53.089145660400391,0,59.257667541503906,1.2702217102050781,0,0
2,240,14520,2,2,14.001267433166504,0,2.9790211556246504E-05,0.022667013108730316,0,52.419979095458984,0,59.285137176513672,1.4096510410308838,0,0
2,240,14520,3,2,13.953607559204102,0,2.6840189093491063E-05,0.024749204516410828,0,57.847110748291016,0,60.100086212158203,0.77392184734344482,0,0
2,240,14520,4,2,13.931730270385742,0,3.6798566725337878E-05,0.012904010713100433,0,59.489139556884766,0,58.682273864746094,0.81139153242111206,0,0
2,240,14520,5,2,13.757468223571777,0,0.000127821956994012,0.055738992989063263,0,59.800594329833984,0,59.954566955566406,1.0698548555374146,0,0
2,240,14520,6,2,13.769817352294922,0,0,0,0,60.958526611328125,0,59.884609222412109,1.0862386226654053,0,0
2,240,14520,7,2,14.173205375671387,0,0.00077888660598546267,0.45343738794326782,0,64.163764953613281,0,64.952140808105469,1.1034414768218994,0,0
2,240,14520,0,3,14.685696601867676,0,0.00072583806468173862,0.087603554129600525,0,70.985877990722656,0,60.372371673583984,0.40219476819038391,0,0
2,240,14520,1,3,14.253046989440918,0,0.00016593595501035452,0.045170746743679047,0,51.855812072753906,0,57.458972930908203,0.67326682806015015,0,0
2,240,14520,2,3,14.38038444519043,0,0,0,0,56.574848175048828,0,63.821098327636719,1.2720648050308228,0,0
2,240,14520,3,3,14.234432220458984,0,0,0,0,58.689277648925781,0,61.442058563232422,1.4642647504806519,0,0
2,240,14520,4,3,14.127660751342773,0,0,0,0,56.801143646240234,0,55.925472259521484,1.4858430624008179,0,0
2,240,14520,5,3,13.591262817382812,0,0,0,0,57.107769012451172,0,55.284915924072266,1.8269003629684448,0,0
2,240,14520,6,3,13.428383827209473,0,0,0,0,57.802165985107422,0,53.480594635009766,1.5704503059387207,0,0
2,240,14520,7,3,13.989360809326172,0,0.00069204869214445353,0.29773029685020447,0,61.787166595458984,0,58.798095703125,0.94247764348983765,0,0
2,240,14520,0,4,15.218596458435059,0,0.00034935920848511159,0.046354882419109344,0,73.987991333007812,0,63.577552795410156,0.5059429407119751,0,0
2,240,14520,1,4,14.48001766204834,0,0,0,0,56.983421325683594,0,61.279338836669922,1.164186954498291,0,0
2,240,14520,2,4,14.448461532592773,0,2.9969960735343193E-08,4.7951936721801758E-05,0,59.120849609375,0,65.019584655761719,1.8331127166748047,0,0
2,240,14520,3,4,14.154012680053711,0,0,0,0,55.563331604003906,0,56.775302886962891,1.4382160902023315,0,0
2,240,14520,4,4,14.211202621459961,0,0,0,0,52.202857971191406,0,49.8985595703125,1.6752698421478271,0,0
2,240,14520,5,4,13.729316711425781,0,2.9875604013795964E-05,0.027807930484414101,0,53.887687683105469,0,51.674362182617188,1.9615095853805542,0,0
2,240,14520,6,4,13.930079460144043,0,0.00026336408336646855,0.046333190053701401,0,53.470367431640625,0,49.124725341796875,1.0187851190567017,0,0
2,240,14520,7,4,13.993432998657227,0,0.00045036178198643029,0.082240521907806396,0,59.419246673583984,0,56.334892272949219,1.0163726806640625,0,0
2,240,14520,0,5,15.063459396362305,0,0.00035751171526499093,0.036512497812509537,0,71.073760986328125,0,65.259376525878906,0.56923764944076538,0,0
2,240,14520,1,5,14.303193092346191,0,0,0,0,59.669479370117188,0,64.083938598632812,1.2387005090713501,0,0
2,240,14520,2,5,14.299513816833496,0,0,0,0,58.199493408203125,0,63.433334350585938,1.4171724319458008,0,0
2,240,14520,3,5,14.123181343078613,0,0,0,0,53.396659851074219,0,54.676467895507812,1.6277954578399658,0,0
2,240,14520,4,5,14.173500061035156,0,2.7241414500167593E-05,0.015088308602571487,0,52.490543365478516,0,50.821533203125,1.5688064098358154,0,0
2,240,14520,5,5,13.859718322753906,0,0.00026951608015224338,0.046218439936637878,0,52.142620086669922,0,50.077144622802734,1.1756595373153687,0,0
2,240,14520,6,5,14.066590309143066,0,3.741505861398764E-05,0.029399901628494263,0,53.556064605712891,0,53.544532775878906,1.1523722410202026,0,0
2,240,14520,7,5,14.300134658813477,0,0.00023657619021832943,0.069888889789581299,0,52.967357635498047,0,49.495735168457031,1.079182505607605,0,0
2,240,14520,0,6,14.885760307312012,0,0.00036278498009778559,0.035784915089607239,0,64.760368347167969,0,61.676597595214844,0.58611053228378296,0,0
2,240,14520,1,6,14.262876510620117,0,0,0,0,54.412090301513672,0,60.273471832275391,1.2187296152114868,0,0
2,240,14520,2,6,14.268461227416992,0,0,0,0,57.175186157226562,0,62.905204772949219,1.7917541265487671,0,0
2,240,14520,3,6,14.296064376831055,0,0,0,0,53.390872955322266,0,56.122066497802734,1.443207859992981,0,0
2,240,14520,4,6,14.395078659057617,0,0.000103872807812877,0.027365673333406448,0,48.990699768066406,0,46.535530090332031,1.0275822877883911,0,0
2,240,14520,5,6,14.344841003417969,0,0,0,0,48.133087158203125,0,47.406219482421875,1.6248810291290283,0,0
2,240,14520,6,6,14.720795631408691,0,0,0,0,48.333576202392578,0,51.822151184082031,1.2609988451004028,0,0
2,240,14520,7,6,14.843530654907227,0,0.00060202216263860464,0.063698478043079376,0,51.072685241699219,0,52.293281555175781,1.2210308313369751,0,0
2,240,14520,0,7,15.058204650878906,0,0.00023908271396066993,0.032083034515380859,0,59.6318359375,0,61.999038696289062,0.49182704091072083,0,0
2,240,14520,1,7,14.484745979309082,0,6.2979495851323009E-05,0.019775673747062683,0,53.67919921875,0,59.771511077880859,0.86892509460449219,0,0
2,240,14520,2,7,14.548980712890625,0,7.4209201557096094E-05,0.067040249705314636,0,56.669776916503906,0,60.848419189453125,0.85841876268386841,0,0
2,240,14520,3,7,14.723599433898926,0,0.00015607835666742176,0.031211361289024353,0,55.304283142089844,0,56.520191192626953,0.65047651529312134,0,0
2,240,14520,4,7,14.620386123657227,0,5.8909630752168596E-05,0.02161359041929245,0,51.835086822509766,0,54.823516845703125,0.84714311361312866,0,0
2,240,14520,5,7,14.755664825439453,0,0.00032854927121661603,0.036178182810544968,0,51.297889709472656,0,55.209281921386719,0.9394223690032959,0,0
2,240,14520,6,7,14.933650970458984,0,0.00057242257753387094,0.041427947580814362,0,50.841751098632812,0,58.949226379394531,0.75452786684036255,0,0
2,240,14520,7,7,15.357141494750977,0,0.00069479155354201794,0.055916778743267059,0,54.28350830078125,0,61.875648498535156,0.74126017093658447,0,0
2,270,15240,0,0,5.962916374206543,0,0.00074751250213012099,0.039835501462221146,0,67.983428955078125,0,78.107643127441406,0.18258677423000336,0,0
2,270,15240,1,0,5.7421689033508301,0,0.00016615515050943941,0.026939559727907181,0,57.241783142089844,0,74.1923828125,0.51451593637466431,0,3.7962712667649612E-05
2,270,15240,2,0,5.8980307579040527,0,0.00038064693217165768,0.039063096046447754,0,55.916622161865234,0,73.054664611816406,0.57275068759918213,0,0
2,270,15240,3,0,6.0422539710998535,0,0.00041451040306128561,0.11533023416996002,0,57.842037200927734,0,76.254638671875,0.41099169850349426,0,0
2,270,15240,4,0,6.0071206092834473,0,0.00037538702599704266,0.037226922810077667,0,58.203495025634766,0,76.923110961914062,0.5828707218170166,0,0
2,270,15240,5,0,6.1088905334472656,0,0.00060883082915097475,0.13680200278759003,0,55.274196624755859,0,71.1390380859375,0.51222169399261475,0,0
2,270,15240,6,0,6.0824661254882812,0,0.0002255438594147563,0.022970788180828094,0,52.373924255371094,0,62.141204833984375,0.52111387252807617,0,0.00011592820374062285
2,270,15240,7,0,6.2505574226379395,0,0.00065376929705962539,0.43895283341407776,0,53.782863616943359,0,62.759479522705078,0.48612436652183533,0,0
2,270,15240,0,1,5.7573995590209961,0,0.00057108321925625205,0.050921142101287842,0,67.529037475585938,0,76.029312133789062,0.27977517247200012,0,0
2,270,15240,1,1,5.177574634552002,0,0,0,0,52.740200042724609,0,69.965217590332031,1.3143268823623657,0,0
2,270,15240,2,1,5.2696990966796875,0,0,0,0,49.530731201171875,0,67.383804321289062,1.1830871105194092,0,0
2,270,15240,3,1,5.2231168746948242,0,0,0,0,53.990406036376953,0,71.0010986328125,1.1143066883087158,0,0
2,270,15240,4,1,5.1158676147460938,0,2.1359646780183539E-05,0.012203594669699669,0,57.517543792724609,0,69.050056457519531,1.4035052061080933,0,0
2,270,15240,5,1,4.9698796272277832,0,6.4699379436206073E-05,0.019206186756491661,0,60.11846923828125,0,71.079475402832031,0.91024744510650635,0,0
2,270,15240,6,1,4.9937100410461426,0,9.950677485903725E-05,0.028714314103126526,0,60.586135864257812,0,68.605857849121094,0.58213639259338379,0,0
2,270,15240,7,1,5.6439681053161621,0,0.0034188251011073589,0.67996013164520264,0,59.739772796630859,0,70.407371520996094,0.38360956311225891,0,0
2,270,15240,0,2,5.8408937454223633,0,0.0052070016972720623,0.61070716381072998,0,69.725166320800781,0,74.987953186035156,0.30346518754959106,0,0
2,270,15240,1,2,5.0514230728149414,0,0.00049792556092143059,0.63722330331802368,0,52.266819000244141,0,68.722023010253906,1.0820385217666626,0,0
2,270,15240,2,2,4.9791049957275391,0,0.00010285851749358699,0.03789462149143219,0,51.660961151123047,0,68.505630493164062,1.1008760929107666,0,0
2,270,15240,3,2,4.6514692306518555,0,5.5052652896847576E-05,0.034930981695652008,0,57.670955657958984,0,69.178436279296875,0.72433620691299438,0,0
2,270,15240,4,2,4.7066812515258789,0,7.7739641710650176E-05,0.019997145980596542,0,60.271984100341797,0,67.062232971191406,0.52576339244842529,0,0
2,270,15240,5,2,5.0737252235412598,0,0.00016783396131359041,0.060656279325485229,0,61.812431335449219,0,68.335624694824219,0.57012939453125,0,0
2,270,15240,6,2,5.123140811920166,0,0,0,0,63.895889282226562,0,68.220016479492188,0.94450962543487549,0,0
2,270,15240,7,2,5.506251335144043,0,0.0050912993028759956,0.66608387231826782,0,65.74755859375,0,74.023475646972656,0.70414608716964722,0,0
2,270,15240,0,3,5.5979342460632324,0,0.0070804213173687458,0.65903258323669434,0,70.168800354003906,0,70.868438720703125,0.15016312897205353,0,0
2,270,15240,1,3,5.1720170974731445,0,0.00025804206961765885,0.054816406220197678,0,51.130176544189453,0,66.146926879882812,0.55503326654434204,0,0
2,270,15240,2,3,5.2331314086914062,0,4.5653096094611101E-06,0.0052936132997274399,0,55.809276580810547,0,73.713890075683594,0.74814218282699585,0,0
2,270,15240,3,3,4.8688945770263672,0,0,0,0,58.674671173095703,0,70.744331359863281,0.88189780712127686,0,0
2,270,15240,4,3,4.8458776473999023,0,0,0,0,57.210849761962891,0,64.063896179199219,1.4902896881103516,0,0
2,270,15240,5,3,4.8396687507629395,0,0,0,0,58.872451782226562,0,63.136707305908203,1.2840032577514648,0,0
2,270,15240,6,3,4.7978835105895996,0,0,0,0,60.836959838867188,0,60.923297882080078,1.1953009366989136,0,0
2,270,15240,7,3,5.3264350891113281,0,0.0032749632373452187,0.6663510799407959,0,63.750720977783203,0,67.011482238769531,0.85449773073196411,0,0
2,270,15240,0,4,6.1547832489013672,0,0.0014970956835895777,0.51356804370880127,0,73.12872314453125,0,75.092063903808594,0.280862957239151,0,0
2,270,15240,1,4,5.2713899612426758,0,0,0,0,56.047786712646484,0,70.891983032226562,1.1310650110244751,0,0
2,270,15240,2,4,5.4469046592712402,0,4.2631872929632664E-06,0.0068210996687412262,0,58.107486724853516,0,75.156234741210938,1.1352506875991821,0,0
2,270,15240,3,4,4.8817129135131836,0,0,0,0,55.227317810058594,0,65.301261901855469,1.3779553174972534,0,0
2,270,15240,4,4,4.8143277168273926,0,0,0,0,52.102733612060547,0,57.114883422851562,1.5374268293380737,0,0
2,270,15240,5,4,4.7366456985473633,0,3.1194358598440886E-05,0.028851963579654694,0,55.597110748291016,0,59.137969970703125,1.2086542844772339,0,0
2,270,15240,6,4,5.060856819152832,0,0.00049738428788259625,0.43899446725845337,0,55.899524688720703,0,56.170516967773438,1.2125558853149414,0,0
2,270,15240,7,4,5.2862215042114258,0,0.0018476243130862713,0.66291391849517822,0,61.512374877929688,0,64.227859497070312,0.71813887357711792,0,0
2,270,15240,0,5,5.9971299171447754,0,0.00054541911231353879,0.07366015762090683,0,70.089317321777344,0,76.850471496582031,0.25406795740127563,0,0
2,270,15240,1,5,5.1220560073852539,0,0,0,0,58.629898071289062,0,74.141311645507812,1.0356987714767456,0,0
2,270,15240,2,5,5.2919049263000488,0,0,0,0,57.228996276855469,0,73.140190124511719,1.2379378080368042,0,0
2,270,15240,3,5,4.882805347442627,0,0,0,0,52.757232666015625,0,62.729297637939453,1.1094067096710205,0,0
2,270,15240,4,5,4.8876204490661621,0,3.889366053044796E-05,0.019494716078042984,0,52.149478912353516,0,58.207393646240234,1.3759980201721191,0,0
2,270,15240,5,5,5.0995969772338867,0,0.00026188394986093044,0.049860566854476929,0,53.677211761474609,0,57.352264404296875,1.0314888954162598,0,0
2,270,15240,6,5,5.0829033851623535,0,1.5174060536082834E-05,0.024278497323393822,0,55.274906158447266,0,61.078460693359375,0.76737511157989502,0,0
2,270,15240,7,5,5.567845344543457,0,0.0012699152575805783,0.63120800256729126,0,54.235019683837891,0,56.200519561767578,0.90555411577224731,0,0
2,270,15240,0,6,5.8653593063354492,0,0.00052992627024650574,0.044552255421876907,0,63.777061462402344,0,72.5347900390625,0.30318456888198853,0,0
2,270,15240,1,6,5.1165151596069336,0,0,0,0,53.505054473876953,0,69.327110290527344,1.3099956512451172,0,0
2,270,15240,2,6,5.2630925178527832,0,0,0,0,56.170009613037109,0,72.440292358398438,1.0791474580764771,0,0
2,270,15240,3,6,5.1853642463684082,0,0,0,0,52.562000274658203,0,64.284355163574219,1.2535276412963867,0,0
2,270,15240,4,6,5.3368940353393555,0,0.00014422766980715096,0.028733063489198685,0,48.369575500488281,0,53.180141448974609,1.2175663709640503,0,0
2,270,15240,5,6,5.2954769134521484,0,0,0,0,47.582782745361328,0,54.086177825927734,0.82401633262634277,0,0
2,270,15240,6,6,5.4026374816894531,0,2.1600862964987755E-06,0.0034561380743980408,0,47.713138580322266,0,59.205547332763672,1.2622400522232056,0,0
2,270,15240,7,6,5.7562136650085449,0,0.0041031278669834137,0.65561562776565552,0,51.144828796386719,0,59.516334533691406,1.0110673904418945,0,0
2,270,15240,0,7,6.0738635063171387,0,0.00045478661195375025,0.069565877318382263,0,58.655960083007812,0,72.336509704589844,0.24313145875930786,0,0
2,270,15240,1,7,5.5037350654602051,0,0.00017742886848282069,0.027964726090431213,0,52.801311492919922,0,68.63665771484375,0.73567920923233032,0,0
2,270,15240,2,7,5.5794968605041504,0,0.00049661012599244714,0.64609998464584351,0,55.759407043457031,0,69.833633422851562,0.79045110940933228,0,0
2,270,15240,3,7,5.7472772598266602,0,0.00029039144283160567,0.07471591979265213,0,54.492446899414062,0,64.753890991210938,0.54754126071929932,0,0
2,270,15240,4,7,5.6428165435791016,0,0.00012605327356141061,0.032952636480331421,0,51.073139190673828,0,62.600261688232422,0.70447993278503418,0,0
2,270,15240,5,7,5.778348445892334,0,0.00066118710674345493,0.10705053806304932,0,50.555881500244141,0,63.053958892822266,0.82113343477249146,0,0
2,270,15240,6,7,5.9594926834106445,0,0.0039746197871863842,0.5840715765953064,0,50.022911071777344,0,67.493331909179688,0.7772020697593689,0,0
2,270,15240,7,7,6.3828325271606445,0,0.0018084699986502528,0.56947273015975952,0,53.433238983154297,0,71.15576171875,0.60328632593154907,0,0
2,300,15960,0,0,-1.6472971439361572,0,0.016989445313811302,0.88792157173156738,0,67.4837646484375,0,79.902183532714844,0.2515861988067627,0,0
2,300,15960,1,0,-1.9432485103607178,2.0052957552252337E-05,0.002605802146717906,0.643424391746521,0,56.780601501464844,0,75.600021362304688,0.74579739570617676,0,3.4816646802937612E-05
2,300,15960,2,0,-1.7468533515930176,0,0.011819671839475632,0.73958891630172729,0,55.404926300048828,0,74.459617614746094,0.74147289991378784,0,0
2,300,15960,3,0,-1.5800877809524536,0,0.0096063008531928062,0.70795911550521851,0,57.248600006103516,0,77.928947448730469,0.88073641061782837,0,0
2,300,15960,4,0,-1.6936948299407959,2.9086017093504779E-05,0.0088147493079304695,0.69730764627456665,0,57.665851593017578,0,78.600120544433594,0.75512862205505371,0,0
2,300,15960,5,0,-1.5683801174163818,2.2703308388827281E-07,0.015455946326255798,0.91150033473968506,0,54.85479736328125,0,72.576240539550781,0.79065161943435669,0,0
2,300,15960,6,0,-1.5844954252243042,1.304440910843141E-08,0.0066038062795996666,0.65861773490905762,0,51.987037658691406,0,63.211078643798828,0.9240681529045105,0,0.00010733586532296613
2,300,15960,7,0,-1.3880463838577271,0,0.0059982957318425179,0.67120760679244995,0,53.365310668945312,0,63.977352142333984,0.59986960887908936,0,0
2,300,15960,0,1,-1.8302966356277466,0,0.017308875918388367,0.81773090362548828,0,67.370071411132812,0,77.714622497558594,0.28913572430610657,0,0
2,300,15960,1,1,-2.3533005714416504,3.4808831514965277E-06,0,0,0,52.68267822265625,0,70.934043884277344,1.0259544849395752,0,0
2,300,15960,2,1,-2.4557762145996094,0,0,0,0,49.311237335205078,0,68.233352661132812,1.3925755023956299,0,0
2,300,15960,3,1,-2.2968757152557373,0,0,0,0,54.026889801025391,0,71.984519958496094,1.3733620643615723,0,0
2,300,15960,4,1,-2.4055728912353516,5.682072696799878E-06,5.0639126129681244E-05,0.020167823880910873,0,58.324546813964844,0,69.899261474609375,0.9457162618637085,0,0
2,300,15960,5,1,-2.4869952201843262,6.0819973441539332E-05,0.00011007623106706887,0.024338791146874428,0,61.607753753662109,0,71.965217590332031,0.97013789415359497,0,0
2,300,15960,6,1,-2.3923492431640625,0.00011641999299172312,0.00013127356942277402,0.033717785030603409,0,62.078819274902344,0,69.437049865722656,0.82470011711120605,0,0
2,300,15960,7,1,-1.7926871776580811,8.5655054135713726E-05,0.0078008435666561127,0.73582297563552856,0,60.549945831298828,0,71.533576965332031,0.59428161382675171,0,0
2,300,15960,0,2,-1.7612628936767578,0,0.018602730706334114,1.0503349304199219,0,69.668479919433594,0,76.738967895507812,0.28221246600151062,0,0
2,300,15960,1,2,-2.5309455394744873,2.0777053578058258E-05,0.00056697084801271558,0.6693570613861084,0,52.435352325439453,0,69.637382507324219,0.80867886543273926,0,0
2,300,15960,2,2,-2.7604084014892578,6.2833692936692387E-05,0.00015673169400542974,0.044762838631868362,0,52.383419036865234,0,69.263343811035156,0.80095952749252319,0,0
2,300,15960,3,2,-2.8169586658477783,6.7556466092355549E-05,6.9517074734903872E-05,0.038075089454650879,0,59.701179504394531,0,69.794441223144531,0.88871192932128906,0,0
2,300,15960,4,2,-2.6344983577728271,0.00014013379404786974,0.00011000563245033845,0.023217726498842239,0,62.380237579345703,0,67.665008544921875,0.88881450891494751,0,0
2,300,15960,5,2,-2.2736105918884277,4.6835807552270126E-06,0.00059571693418547511,0.6654202938079834,0,63.677066802978516,0,69.181312561035156,1.1465334892272949,0,0
2,300,15960,6,2,-2.2289659976959229,0.00014323969662655145,0,0,0,65.985504150390625,0,69.091873168945312,1.153444766998291,0,0
2,300,15960,7,2,-1.8483608961105347,0,0.010709177702665329,0.72604358196258545,0,66.936302185058594,0,75.13262939453125,0.85116666555404663,0,0
2,300,15960,0,3,-1.9598419666290283,8.3611261914029456E-08,0.017770115286111832,0.93248862028121948,0,70.317955017089844,0,72.323989868164062,0.20322877168655396,0,0
2,300,15960,1,3,-2.4757559299468994,0.00010822666081367061,0.00032188650220632553,0.060561813414096832,0,51.506809234619141,0,66.919326782226562,0.8283919095993042,0,0
2,300,15960,2,3,-2.3210558891296387,0,1.4915438441676088E-05,0.0085684098303318024,0,56.794132232666016,0,74.705429077148438,1.2627929449081421,0,0
2,300,15960,3,3,-2.47200608253479,0,0,0,0,60.527217864990234,0,71.535140991210938,1.3842216730117798,0,0
2,300,15960,4,3,-2.4947373867034912,1.8572338376543485E-05,0,0,0,58.953144073486328,0,64.730880737304688,1.1317818164825439,0,0
2,300,15960,5,3,-2.500870943069458,1.7372789443470538E-05,0,0,0,60.919692993164062,0,63.825454711914062,1.5307903289794922,0,0
2,300,15960,6,3,-2.5458581447601318,0.00011531877680681646,0,0,0,62.765415191650391,0,61.559417724609375,1.3289510011672974,0,0
2,300,15960,7,3,-2.0197246074676514,1.5605965018039569E-05,0.0066886390559375286,0.74008303880691528,0,65.025215148925781,0,67.935508728027344,0.61172348260879517,0,0
2,300,15960,0,4,-1.4214498996734619,0,0.016642218455672264,0.889598548412323,0,73.114059448242188,0,77.079689025878906,0.25887322425842285,0,0
2,300,15960,1,4,-2.2709505558013916,0,1.3230787772045005E-06,0.0021169260144233704,0,56.113883972167969,0,71.924964904785156,0.89903432130813599,0,0
2,300,15960,2,4,-2.3348748683929443,0,1.5036378499644343E-05,0.016060646623373032,0,58.013935089111328,0,76.337181091308594,1.1591536998748779,0,0
2,300,15960,3,4,-2.5659890174865723,0,0,0,0,56.195343017578125,0,66.016128540039062,1.3735826015472412,0,0
2,300,15960,4,4,-2.5790462493896484,1.688910742814187E-05,0,0,0,53.464900970458984,0,57.589797973632812,1.2261123657226562,0,0
2,300,15960,5,4,-2.5958337783813477,9.4489232651540078E-06,3.7548677937593311E-05,0.033924233168363571,0,57.659671783447266,0,59.739452362060547,1.3690992593765259,0,0
2,300,15960,6,4,-2.2749862670898438,1.1018276381946635E-05,0.00030606283689849079,0.03629128634929657,0,57.815834045410156,0,56.892448425292969,0.92240184545516968,0,0
2,300,15960,7,4,-2.0548970699310303,8.0972249634214677E-06,0.0087725864723324776,0.73721015453338623,0,63.079219818115234,0,65.087921142578125,0.82385635375976562,0,0
2,300,15960,0,5,-1.5641548633575439,0,0.012779755517840385,0.7860029935836792,0,69.935806274414062,0,78.756378173828125,0.28841778635978699,0,0
2,300,15960,1,5,-2.4182024002075195,2.4520169972674921E-05,0,0,0,58.734569549560547,0,75.150161743164062,0.90866237878799438,0,0
2,300,15960,2,5,-2.4556989669799805,0,0,0,0,56.926967620849609,0,74.204170227050781,1.1037876605987549,0,0
2,300,15960,3,5,-2.5416908264160156,0,0,0,0,53.354995727539062,0,63.343959808349609,1.4067471027374268,0,0
2,300,15960,4,5,-2.5942268371582031,1.5763826013426296E-05,5.2803410653723404E-05,0.025430334731936455,0,53.103672027587891,0,58.696834564208984,1.097841739654541,0,0
2,300,15960,5,5,-2.3358721733093262,4.3954998545814306E-05,0.00033335728221572936,0.053849726915359497,0,55.556434631347656,0,58.031742095947266,0.93887537717819214,0,0
2,300,15960,6,5,-2.2494118213653564,0.00014018500223755836,2.3474929548683576E-05,0.031387228518724442,0,57.218955993652344,0,61.825286865234375,1.0453673601150513,0,0
2,300,15960,7,5,-1.7664124965667725,0,0.0037622097879648209,0.66836601495742798,0,55.127964019775391,0,56.950061798095703,0.82382416725158691,0,0
2,300,15960,0,6,-1.7348763942718506,0,0.013505741953849792,0.68974161148071289,0,63.487640380859375,0,74.238563537597656,0.2783968448638916,0,0
2,300,15960,1,6,-2.3861367702484131,0,0,0,0,53.397087097167969,0,70.212242126464844,1.0593087673187256,0,0
2,300,15960,2,6,-2.3991780281066895,0,0,0,0,55.712440490722656,0,73.523834228515625,1.1805069446563721,0,0
2,300,15960,3,6,-2.3082287311553955,0,0,0,0,52.596240997314453,0,65.028213500976562,1.230290412902832,0,0
2,300,15960,4,6,-2.2954823970794678,0,0.00018384779104962945,0.034408651292324066,0,48.2373046875,0,53.646877288818359,0.80991542339324951,0,0
2,300,15960,5,6,-2.241330623626709,0,0,0,0,48.131191253662109,0,54.541694641113281,1.1205670833587646,0,0
2,300,15960,6,6,-1.943346381187439,0,3.8062930798332673E-06,0.0060900691896677017,0,48.644111633300781,0,59.857078552246094,1.3167110681533813,0,0
2,300,15960,7,6,-1.6269837617874146,0,0.0064857741817831993,0.74224197864532471,0,52.082874298095703,0,60.328151702880859,1.0626742839813232,0,0
2,300,15960,0,7,-1.5266937017440796,0,0.0093082617968320847,0.73841923475265503,0,58.080429077148438,0,74.053131103515625,0.22916840016841888,0,0
2,300,15960,1,7,-2.0903303623199463,0,0.00067750323796644807,0.61835360527038574,0,52.318206787109375,0,69.710762023925781,0.47356140613555908,0,0
2,300,15960,2,7,-2.0051634311676025,0,0.00088261818746104836,0.67488718032836914,0,55.240142822265625,0,70.977554321289062,0.40906590223312378,0,0
2,300,15960,3,7,-1.8406428098678589,0,0.0023552305065095425,0.64574664831161499,0,54.043498992919922,0,65.785224914550781,0.36009535193443298,0,0
2,300,15960,4,7,-1.9363135099411011,0,0.00093732698587700725,0.62839728593826294,0,50.640155792236328,0,63.490276336669922,0.40243276953697205,0,0
2,300,15960,5,7,-1.7945979833602905,0,0.0071671372279524803,0.64734733104705811,0,50.221832275390625,0,63.995967864990234,0.50094407796859741,0,0
2,300,15960,6,7,-1.6074314117431641,0,0.014773323200643063,0.76306527853012085,0,49.643333435058594,0,68.645835876464844,0.52940291166305542,0,0
2,300,15960,7,7,-1.1858153343200684,0,0.0094771040603518486,0.73585110902786255,0,53.037277221679688,0,72.676101684570312,0.32572230696678162,0,0
2,330,16680,0,0,-7.1426782608032227,0.28772401809692383,0.035202480852603912,1.8826802968978882,0,68.203018188476562,0,71.135833740234375,0.14279751479625702,0,0
2,330,16680,1,0,-7.3036680221557617,0,0.0080465488135814667,0.70918542146682739,0,57.000236511230469,0,66.847221374511719,0.56439638137817383,0,3.1985866371542215E-05
2,330,16680,2,0,-7.1748471260070801,0,0.02040950208902359,1.1281558275222778,0,55.437191009521484,0,66.161239624023438,0.6832735538482666,0,0
2,330,16680,3,0,-7.0209321975708008,0,0.015577919781208038,1.0336718559265137,0,57.272869110107422,0,69.644584655761719,0.55608612298965454,0,0
2,330,16680,4,0,-7.060208797454834,0,0.016572970896959305,0.82114577293395996,0,57.771968841552734,0,70.109291076660156,0.77406656742095947,0,0
2,330,16680,5,0,-6.9485330581665039,0,0.019536713138222694,1.3062946796417236,0,54.905227661132812,0,64.877243041992188,0.65976178646087646,0,0
2,330,16680,6,0,-6.9624576568603516,0,0.010376434773206711,0.75366020202636719,0,52.096748352050781,0,56.382911682128906,0.58862745761871338,0,9.9482262157835066E-05
2,330,16680,7,0,-6.787844181060791,0,0.012617908418178558,0.73779451847076416,0,53.475379943847656,0,57.430038452148438,0.58419167995452881,0,0
2,330,16680,0,1,-7.3680400848388672,0.78619474172592163,0.033285293728113174,1.547664999961853,0,68.330558776855469,0,68.6514892578125,0.18855656683444977,0,0
2,330,16680,1,1,-7.7476072311401367,0,0,0,0,52.918766021728516,0,61.698009490966797,0.78717100620269775,0,0
2,330,16680,2,1,-7.8052115440368652,0,0,0,0,49.756633758544922,0,59.100723266601562,1.2860517501831055,0,0
2,330,16680,3,1,-7.6959328651428223,0,0,0,0,54.201450347900391,0,62.681957244873047,1.0375250577926636,0,0
2,330,16680,4,1,-7.6981625556945801,2.271603443659842E-05,4.8355548642575741E-05,0.017739597707986832,0,59.245105743408203,0,60.733741760253906,0.91786253452301025,0,0
2,330,16680,5,1,-7.7668476104736328,3.1930714612826705E-05,0.00010267294419463724,0.023543022572994232,0,62.539844512939453,0,62.366912841796875,0.65465784072875977,0,0
2,330,16680,6,1,-7.6714110374450684,8.9094937720801681E-05,0.00011829710274469107,0.031273365020751953,0,62.889858245849609,0,60.350322723388672,0.4708535373210907,0,0
2,330,16680,7,1,-7.0564150810241699,0,0.012079351581633091,0.92822891473770142,0,61.146015167236328,0,63.498180389404297,0.37805762887001038,0,0
2,330,16680,0,2,-7.2799649238586426,1.3126736879348755,0.03108355775475502,1.6121197938919067,0,71.265411376953125,0,67.895561218261719,0.12277326732873917,0,0
2,330,16680,1,2,-7.861079216003418,0.00035167532041668892,0.00092897180002182722,0.66883569955825806,0,53.446125030517578,0,60.260898590087891,0.60261982679367065,0,0
2,330,16680,2,2,-8.0524749755859375,0.001328673679381609,0.00015957113646436483,0.045007910579442978,0,53.984920501708984,0,59.470817565917969,0.79622757434844971,0,0
2,330,16680,3,2,-8.1039314270019531,0.0031571038998663425,0.00010489521082490683,0.037008047103881836,0,61.152957916259766,0,59.776992797851562,0.61645448207855225,0,0
2,330,16680,4,2,-7.9099702835083008,0.00089727411977946758,9.2808135377708822E-05,0.021099355071783066,0,63.494392395019531,0,58.29248046875,0.78641027212142944,0,0
2,330,16680,5,2,-7.5584859848022461,6.1050832300679758E-06,0.00057674484560266137,0.66326910257339478,0,64.628730773925781,0,60.337898254394531,0.78884828090667725,0,0
2,330,16680,6,2,-7.5184230804443359,0,0,0,0,67.2105712890625,0,60.341045379638672,0.77195847034454346,0,0
2,330,16680,7,2,-7.1287684440612793,0,0.013812582939863205,0.82255345582962036,0,67.716888427734375,0,66.466072082519531,0.7848166823387146,0,0
2,330,16680,0,3,-7.452277660369873,1.676064133644104,0.029816737398505211,1.1939882040023804,0,72.424652099609375,0,63.586185455322266,0.14407806098461151,0,0
2,330,16680,1,3,-7.7772693634033203,0.0004711486108135432,0.0010964331449940801,0.65948325395584106,0,52.391597747802734,0,57.978748321533203,0.57314670085906982,0,0
2,330,16680,2,3,-7.61846923828125,2.960507039517779E-08,1.0684724657039624E-05,0.0065681431442499161,0,57.817073822021484,0,65.105270385742188,1.0918878316879272,0,0
2,330,16680,3,3,-7.7641215324401855,0,0,0,0,61.741176605224609,0,61.978866577148438,0.96494489908218384,0,0
2,330,16680,4,3,-7.7759838104248047,0,0,0,0,59.947334289550781,0,56.055095672607422,1.2334296703338623,0,0
2,330,16680,5,3,-7.783905029296875,0,0,0,0,62.092491149902344,0,55.2576904296875,1.2551109790802002,0,0
2,330,16680,6,3,-7.8287181854248047,0,0,0,0,63.883922576904297,0,53.191642761230469,1.0817162990570068,0,0
2,330,16680,7,3,-7.2915377616882324,0,0.0075148986652493477,0.73359847068786621,0,65.933769226074219,0,59.756233215332031,0.70079052448272705,0,0
2,330,16680,0,4,-6.9718961715698242,1.2213565111160278,0.03369458019733429,1.7422864437103271,0,74.755210876464844,0,68.969863891601562,0.12136608362197876,0,0
2,330,16680,1,4,-7.6289072036743164,0,0,0,0,56.675952911376953,0,62.712852478027344,0.61974030733108521,0,0
2,330,16680,2,4,-7.658207893371582,0,1.1665792044368573E-05,0.013695273548364639,0,59.009357452392578,0,66.434104919433594,1.1394916772842407,0,0
2,330,16680,3,4,-7.8879885673522949,0,0,0,0,57.357860565185547,0,56.968814849853516,0.95360755920410156,0,0
2,330,16680,4,4,-7.8563461303710938,0,0,0,0,54.395187377929688,0,49.705608367919922,1.1782517433166504,0,0
2,330,16680,5,4,-7.8722515106201172,0,1.9374117982806638E-05,0.030940443277359009,0,58.901821136474609,0,51.570636749267578,1.1483572721481323,0,0
2,330,16680,6,4,-7.5508055686950684,6.6027479306285386E-07,0.00026715095737017691,0.035156026482582092,0,58.808113098144531,0,49.675716400146484,0.75453603267669678,0,0
2,330,16680,7,4,-7.3280162811279297,0,0.011626985855400562,0.82845962047576904,0,64.119438171386719,0,57.192573547363281,0.79278391599655151,0,0
2,330,16680,0,5,-7.1103639602661133,0.77445787191390991,0.027715552598237991,1.1289329528808594,0,70.922279357910156,0,70.212928771972656,0.17315869033336639,0,0
2,330,16680,1,5,-7.8074226379394531,0,0,0,0,59.173690795898438,0,65.201126098632812,0.79513663053512573,0,0
2,330,16680,2,5,-7.8129539489746094,0,0,0,0,57.366046905517578,0,64.278877258300781,1.07677161693573,0,0
2,330,16680,3,5,-7.9291763305664062,0,0,0,0,53.921188354492188,0,54.618755340576172,0.99337905645370483,0,0
2,330,16680,4,5,-7.8803772926330566,0,4.6085729991318658E-05,0.02259962260723114,0,53.899631500244141,0,50.603588104248047,1.2038042545318604,0,0
2,330,16680,5,5,-7.6101040840148926,6.5035202112539992E-08,0.00027111006784252822,0.052269265055656433,0,56.65655517578125,0,50.532066345214844,0.90102827548980713,0,0
2,330,16680,6,5,-7.5257244110107422,0,1.8709884898271412E-05,0.027386412024497986,0,58.264812469482422,0,53.999717712402344,0.82423901557922363,0,0
2,330,16680,7,5,-7.032172679901123,0,0.0074350521899759769,0.66807866096496582,0,55.754383087158203,0,50.527969360351562,0.81815457344055176,0,0
2,330,16680,0,6,-7.2319750785827637,0.36174622178077698,0.022660959511995316,1.1503241062164307,0,64.258331298828125,0,66.00439453125,0.16965106129646301,0,0
2,330,16680,1,6,-7.8059382438659668,0,0,0,0,53.481468200683594,0,60.991180419921875,0.72921746969223022,0,0
2,330,16680,2,6,-7.831291675567627,0,0,0,0,55.864830017089844,0,63.775016784667969,1.1818195581436157,0,0
2,330,16680,3,6,-7.775388240814209,0,0,0,0,52.641471862792969,0,56.452754974365234,0.89749753475189209,0,0
2,330,16680,4,6,-7.675532341003418,0,9.6037998446263373E-05,0.020326949656009674,0,48.569854736328125,0,46.517288208007812,0.76431667804718018,0,0
2,330,16680,5,6,-7.5954561233520508,0,0,0,0,48.524570465087891,0,47.447078704833984,1.0821231603622437,0,0
2,330,16680,6,6,-7.3251376152038574,0,5.1039060053881258E-06,0.0081662498414516449,0,48.918560028076172,0,52.657871246337891,0.89202797412872314,0,0
2,330,16680,7,6,-6.9165916442871094,0,0.0082529457286000252,0.7405509352684021,0,52.626949310302734,0,53.768798828125,0.93098318576812744,0,0
2,330,16680,0,7,-6.9793171882629395,0.18315643072128296,0.020695362240076065,2.1965198516845703,0,58.351917266845703,0,66.455780029296875,0.10657669603824615,0,0
2,330,16680,1,7,-7.5092625617980957,0.060366477817296982,0.0008035072241909802,0.66096222400665283,0,52.347549438476562,0,61.254802703857422,0.3721751868724823,0,0
2,330,16680,2,7,-7.4397978782653809,0.059482421725988388,0.0022966321557760239,0.68065589666366577,0,55.227542877197266,0,62.477729797363281,0.36087316274642944,0,0
2,330,16680,3,7,-7.2751450538635254,0.059849422425031662,0.0039358600042760372,0.78878819942474365,0,54.019237518310547,0,58.162990570068359,0.24943637847900391,0,0
2,330,16680,4,7,-7.3684501647949219,0.057472340762615204,0.0011250065872445703,0.64541959762573242,0,50.626632690429688,0,56.001361846923828,0.39934840798377991,0,0
2,330,16680,5,7,-7.2295441627502441,0.058180700987577438,0.01122103538364172,0.79791468381881714,0,50.215602874755859,0,56.736270904541016,0.35198017954826355,0,0
2,330,16680,6,7,-7.0353817939758301,0.05466577410697937,0.032933641225099564,1.6976419687271118,0,49.594959259033203,0,61.289485931396484,0.30056050419807434,0,0
2,330,16680,7,7,-6.5997591018676758,0.052115745842456818,0.02607223205268383,2.0117700099945068,0,53.082942962646484,0,65.814064025878906,0.29368740320205688,0,0
2,360,17400,0,0,-8.422816276550293,4.5294938087463379,0.067910254001617432,1.6405997276306152,0,68.362953186035156,0,55.542263031005859,0.074844874441623688,0,0
2,360,17400,1,0,-8.5397462844848633,0.55092418193817139,0.031197067350149155,0.80863708257675171,0,57.073688507080078,0,52.128433227539062,0.23815739154815674,0,2.9577051464002579E-05
2,360,17400,2,0,-8.3979387283325195,0.54725229740142822,0.033367898315191269,1.568909764289856,0,55.500076293945312,0,51.603759765625,0.25376561284065247,0,0
2,360,17400,3,0,-8.2526636123657227,0.53532510995864868,0.026541521772742271,1.4034903049468994,0,57.355667114257812,0,54.4210205078125,0.21941174566745758,0,0
2,360,17400,4,0,-8.2976722717285156,0.54239147901535034,0.02370169572532177,0.98986482620239258,0,57.823097229003906,0,54.771430969238281,0.28942608833312988,0,0
2,360,17400,5,0,-8.1799097061157227,0.53962671756744385,0.03079792857170105,1.7434242963790894,0,54.976211547851562,0,50.641456604003906,0.22817818820476532,0,0
2,360,17400,6,0,-8.1964302062988281,0.51753991842269897,0.021345706656575203,0.89306390285491943,0,52.175987243652344,0,43.891841888427734,0.26610273122787476,0,9.2655580374412239E-05
2,360,17400,7,0,-8.0185127258300781,0.54200708866119385,0.026185065507888794,0.93580478429794312,0,53.575248718261719,0,44.797454833984375,0.25433853268623352,0,0
2,360,17400,0,1,-8.6221923828125,7.7583146095275879,0.060577776283025742,1.3715373277664185,0,68.576919555664062,0,53.537021636962891,0.13486036658287048,0,0
2,360,17400,1,1,-8.9191389083862305,0.077805876731872559,0.016697721555829048,0.059960968792438507,0,53.017356872558594,0,47.997085571289062,0.67799222469329834,0,0
2,360,17400,2,1,-8.9743576049804688,0.082916475832462311,0.018577862530946732,0.061134696006774902,0,49.84429931640625,0,45.915424346923828,0.82293099164962769,0,0
2,360,17400,3,1,-8.8694324493408203,0.07805943489074707,0.0084523763507604599,0.060634814202785492,0,54.272884368896484,0,48.776779174804688,0.75330877304077148,0,0
2,360,17400,4,1,-8.8822612762451172,0.35862052440643311,0.023214126005768776,0.62100404500961304,0,59.298995971679688,0,47.272319793701172,0.90427309274673462,0,0
2,360,17400,5,1,-8.9506158828735352,0.54111009836196899,0.040697216987609863,0.62634485960006714,0,62.509941101074219,0,48.553447723388672,0.72901320457458496,0,0
2,360,17400,6,1,-8.8510341644287109,0.41422140598297119,0.027627725154161453,0.63794505596160889,0,62.928779602050781,0,46.994659423828125,0.45122423768043518,0,0
2,360,17400,7,1,-8.2243185043334961,0.18701007962226868,0.022920180112123489,1.3626924753189087,0,61.319351196289062,0,49.585136413574219,0.28368267416954041,0,0
2,360,17400,0,2,-8.5192728042602539,10.370434761047363,0.098969548940658569,2.109813928604126,0,71.695671081542969,0,52.970413208007812,0.15229864418506622,0,0
2,360,17400,1,2,-9.0358495712280273,0.48017323017120361,0.049081269651651382,0.7898564338684082,0,53.506908416748047,0,46.891124725341797,0.68489617109298706,0,0
2,360,17400,2,2,-9.2277717590332031,0.72142142057418823,0.064954586327075958,0.76582211256027222,0,54.039443969726562,0,46.250835418701172,0.79189634323120117,0,0
2,360,17400,3,2,-9.2829971313476562,0.62863618135452271,0.034729089587926865,0.64218902587890625,0,61.200119018554688,0,46.496101379394531,0.59458422660827637,0,0
2,360,17400,4,2,-9.0815296173095703,0.17887434363365173,0.017178969457745552,0.62603694200515747,0,63.54595947265625,0,45.357765197753906,0.37864387035369873,0,0
2,360,17400,5,2,-8.7300281524658203,0.0095550576224923134,0.011827184818685055,0.66879063844680786,0,64.705474853515625,0,46.998733520507812,0.35960200428962708,0,0
2,360,17400,6,2,-8.6919326782226562,0.08156721293926239,0.020921062678098679,0.058176159858703613,0,67.282112121582031,0,47.009090423583984,0.50681579113006592,0,0
2,360,17400,7,2,-8.3003149032592773,0.16653487086296082,0.024024754762649536,1.0520617961883545,0,67.858428955078125,0,51.882156372070312,0.46539610624313354,0,0
2,360,17400,0,3,-8.6878366470336914,11.341717720031738,0.098531134426593781,1.6447547674179077,0,72.700004577636719,0,49.586368560791016,0.072111852467060089,0,0
2,360,17400,1,3,-8.9438409805297852,0.19574294984340668,0.02699965238571167,0.66803932189941406,0,52.510425567626953,0,45.092315673828125,0.26100572943687439,0,0
2,360,17400,2,3,-8.7876577377319336,0.11157545447349548,0.028218219056725502,0.61175286769866943,0,57.937435150146484,0,50.703876495361328,0.41250824928283691,0,0
2,360,17400,3,3,-8.9358663558959961,0.15458133816719055,0.027775507420301437,0.060416802763938904,0,61.819190979003906,0,48.242733001708984,0.50430595874786377,0,0
2,360,17400,4,3,-8.9476051330566406,0.017493864521384239,0.0059248106554150581,0.06177213042974472,0,60.024330139160156,0,43.624645233154297,0.80701321363449097,0,0
2,360,17400,5,3,-8.9546527862548828,0.10513496398925781,0.026574371382594109,0.058067295700311661,0,62.166923522949219,0,43.008586883544922,0.80754339694976807,0,0
2,360,17400,6,3,-8.9998693466186523,0.10464654862880707,0.022435665130615234,0.059761416167020798,0,63.960994720458984,0,41.393856048583984,0.8244820237159729,0,0
2,360,17400,7,3,-8.458888053894043,0.18130473792552948,0.026024648919701576,0.86022663116455078,0,66.176200866699219,0,46.605251312255859,0.61455267667770386,0,0
2,360,17400,0,4,-8.2204675674438477,10.467617988586426,0.091286063194274902,1.5525133609771729,0,75.347923278808594,0,53.915462493896484,0.11409902572631836,0,0
2,360,17400,1,4,-8.8003168106079102,0.14117223024368286,0.019439540803432465,0.44465231895446777,0,56.756649017333984,0,48.830661773681641,0.64178144931793213,0,0
2,360,17400,2,4,-8.8280191421508789,0.15175233781337738,0.038032390177249908,0.61924344301223755,0,59.103752136230469,0,51.730754852294922,0.79193335771560669,0,0
2,360,17400,3,4,-9.0586299896240234,0.2431662529706955,0.039696201682090759,0.064036399126052856,0,57.422996520996094,0,44.312469482421875,0.91414171457290649,0,0
2,360,17400,4,4,-9.0267572402954102,0.013370220549404621,0.0045089577324688435,0.059046737849712372,0,54.460048675537109,0,38.638607025146484,1.0821174383163452,0,0
2,360,17400,5,4,-9.0409097671508789,0.17833244800567627,0.038321860134601593,0.60821038484573364,0,58.993553161621094,0,40.129009246826172,0.90329867601394653,0,0
2,360,17400,6,4,-8.7177448272705078,0.015819244086742401,0.015219476073980331,0.63885271549224854,0,59.013111114501953,0,38.697185516357422,0.89590680599212646,0,0
2,360,17400,7,4,-8.4975185394287109,0.21528828144073486,0.029312008991837502,1.0652825832366943,0,64.333572387695312,0,44.571292877197266,0.585990309715271,0,0
2,360,17400,0,5,-8.3750143051147461,8.1705493927001953,0.07295488566160202,1.0890851020812988,0,71.260093688964844,0,54.838489532470703,0.11595774441957474,0,0
2,360,17400,1,5,-8.9834003448486328,0.24404624104499817,0.040351741015911102,0.06919977068901062,0,59.192050933837891,0,50.741722106933594,0.56751394271850586,0,0
2,360,17400,2,5,-8.9836177825927734,0.045716680586338043,0.014694440178573132,0.063490509986877441,0,57.430141448974609,0,50.017433166503906,0.80995261669158936,0,0
2,360,17400,3,5,-9.0989532470703125,0.14239212870597839,0.02883613109588623,0.060506939888000488,0,53.983486175537109,0,42.439601898193359,0.86408567428588867,0,0
2,360,17400,4,5,-9.051300048828125,0.045537311583757401,0.012648551724851131,0.6255069375038147,0,53.965293884277344,0,39.32757568359375,0.92620331048965454,0,0
2,360,17400,5,5,-8.7790622711181641,0.11036184430122375,0.023431019857525826,0.65709459781646729,0,56.817409515380859,0,39.335903167724609,0.79428201913833618,0,0
2,360,17400,6,5,-8.6953620910644531,0.076143205165863037,0.009096742607653141,0.63000863790512085,0,58.427589416503906,0,42.056812286376953,0.66119951009750366,0,0
2,360,17400,7,5,-8.1975421905517578,0.11042535305023193,0.015240122564136982,0.78903365135192871,0,55.9830322265625,0,39.376838684082031,0.61696887016296387,0,0
2,360,17400,0,6,-8.5190086364746094,5.0300416946411133,0.081857316195964813,1.2489537000656128,0,64.400543212890625,0,51.520011901855469,0.14032083749771118,0,0
2,360,17400,1,6,-9.0146589279174805,0.053902305662631989,0.016733124852180481,0.061516929417848587,0,53.481670379638672,0,47.422649383544922,0.72568821907043457,0,0
2,360,17400,2,6,-9.0119314193725586,0.0007518696365877986,0.00052566156955435872,0.048132151365280151,0,55.88427734375,0,49.608364105224609,0.81205296516418457,0,0
2,360,17400,3,6,-8.9567956924438477,0.031065011397004128,0.010417141951620579,0.064102858304977417,0,52.675525665283203,0,43.834308624267578,0.85512846708297729,0,0
2,360,17400,4,6,-8.8552265167236328,0.037570297718048096,0.010455820709466934,0.62404358386993408,0,48.632755279541016,0,36.036331176757812,0.93045318126678467,0,0
2,360,17400,5,6,-8.7824497222900391,0.040132082998752594,0.0056584789417684078,0.053542040288448334,0,48.530132293701172,0,36.793712615966797,0.70356875658035278,0,0
2,360,17400,6,6,-8.4936361312866211,0,0.00035168242175132036,0.56269186735153198,0,49.029666900634766,0,40.948520660400391,0.7827070951461792,0,0
2,360,17400,7,6,-8.0839548110961914,0.051582548767328262,0.014756232500076294,1.0737059116363525,0,52.799678802490234,0,41.92413330078125,0.70970165729522705,0,0
2,360,17400,0,7,-8.2384777069091797,1.8457885980606079,0.069069653749465942,2.192556619644165,0,58.574005126953125,0,51.935283660888672,0.12262240052223206,0,0
2,360,17400,1,7,-8.741429328918457,0.27290037274360657,0.029875762760639191,0.93168896436691284,0,52.447990417480469,0,47.646884918212891,0.50009006261825562,0,0
2,360,17400,2,7,-8.6661643981933594,0.23218074440956116,0.020044226199388504,0.97649502754211426,0,55.308265686035156,0,48.630901336669922,0.63804864883422852,0,0
2,360,17400,3,7,-8.5088882446289062,0.24265944957733154,0.015628602355718613,0.96923786401748657,0,54.090511322021484,0,45.233051300048828,0.49740317463874817,0,0
2,360,17400,4,7,-8.5987014770507812,0.2322409451007843,0.016763137653470039,0.79223525524139404,0,50.711753845214844,0,43.49151611328125,0.58614593744277954,0,0
2,360,17400,5,7,-8.44976806640625,0.22748830914497375,0.022612659260630608,1.1529184579849243,0,50.29339599609375,0,44.102664947509766,0.64462369680404663,0,0
2,360,17400,6,7,-8.2565450668334961,0.2389117032289505,0.041579734534025192,1.9354592561721802,0,49.628322601318359,0,47.74591064453125,0.65472632646560669,0,0
2,360,17400,7,7,-7.8158574104309082,0.21957163512706757,0.040098179131746292,2.5966897010803223,0,53.151115417480469,0,51.482406616210938,0.50393879413604736,0,0
2,365,17520,0,0,-8.0786771774291992,4.8476471900939941,0.052190192043781281,1.5920640230178833,0,68.364410400390625,0,53.266895294189453,0.22758062183856964,0,0
2,365,17520,1,0,-8.1913614273071289,0.49083530902862549,0.014303051866590977,0.72435915470123291,0,57.095172882080078,0,49.989772796630859,0.32646733522415161,0,2.9212375011411496E-05
2,365,17520,2,0,-8.0492181777954102,0.48480939865112305,0.025121446698904037,1.4765702486038208,0,55.518650054931641,0,49.490756988525391,0.27747723460197449,0,0
2,365,17520,3,0,-7.9038715362548828,0.47779026627540588,0.017086347565054893,1.3163975477218628,0,57.386146545410156,0,52.207332611083984,0.34541025757789612,0,0
2,365,17520,4,0,-7.9478158950805664,0.49314007163047791,0.018734097480773926,0.94010353088378906,0,57.82861328125,0,52.537437438964844,0.32496100664138794,0,0
2,365,17520,5,0,-7.8300399780273438,0.48185712099075317,0.023199578747153282,1.6197885274887085,0,54.999923706054688,0,48.573493957519531,0.31763821840286255,0,0
2,365,17520,6,0,-7.8475399017333984,0.45759844779968262,0.011949727311730385,0.85041981935501099,0,52.211795806884766,0,42.079658508300781,0.37252205610275269,0,9.1613153927028179E-05
2,365,17520,7,0,-7.667879581451416,0.46349528431892395,0.015029949136078358,0.86442714929580688,0,53.627017974853516,0,42.966411590576172,0.14823776483535767,0,0
2,365,17520,0,1,-8.2775545120239258,8.4644975662231445,0.040785357356071472,1.326448917388916,0,68.574234008789062,0,51.337699890136719,0.34445729851722717,0,0
2,365,17520,1,1,-8.5681552886962891,0.057706769555807114,0.0056243883445858955,0.033428598195314407,0,53.017440795898438,0,46.016445159912109,0.63825386762619019,0,0
2,365,17520,2,1,-8.6237316131591797,0.049327850341796875,0.0062573575414717197,0.034460179507732391,0,49.844379425048828,0,44.012058258056641,0.66278791427612305,0,0
2,365,17520,3,1,-8.5176191329956055,0.05368698388338089,0.0033957853447645903,0.046044819056987762,0,54.272918701171875,0,46.765045166015625,0.72652602195739746,0,0
2,365,17520,4,1,-8.5303382873535156,0.35198506712913513,0.016654772683978081,0.612293541431427,0,59.298992156982422,0,45.32421875,0.46809440851211548,0,0
2,365,17520,5,1,-8.5984477996826172,0.52367508411407471,0.0361027792096138,0.64712768793106079,0,62.509807586669922,0,46.555820465087891,0.40946090221405029,0,0
2,365,17520,6,1,-8.4993267059326172,0.36912351846694946,0.016312768682837486,0.6252748966217041,0,62.928756713867188,0,45.061656951904297,0.32224974036216736,0,0
2,365,17520,7,1,-7.8734798431396484,0.16101621091365814,0.016452278941869736,1.2375704050064087,0,61.333671569824219,0,47.569011688232422,0.15818224847316742,0,0
2,365,17520,0,2,-8.1753835678100586,11.383598327636719,0.078557044267654419,2.5928337574005127,0,71.689781188964844,0,50.797897338867188,0.29400309920310974,0,0
2,365,17520,1,2,-8.6846599578857422,0.49409377574920654,0.042266454547643661,0.74116092920303345,0,53.506954193115234,0,44.959884643554688,0.42654424905776978,0,0
2,365,17520,2,2,-8.8772659301757812,0.74980634450912476,0.053051568567752838,0.7460969090461731,0,54.039562225341797,0,44.345188140869141,0.40549749135971069,0,0
2,365,17520,3,2,-8.932734489440918,0.65412014722824097,0.020557044073939323,0.63311773538589478,0,61.200149536132812,0,44.582553863525391,0.40355119109153748,0,0
2,365,17520,4,2,-8.7301397323608398,0.17232833802700043,0.010351745411753654,0.61881864070892334,0,63.54595947265625,0,43.490943908691406,0.31928101181983948,0,0
2,365,17520,5,2,-8.3775148391723633,0.0035110034514218569,0.011385077610611916,0.65786677598953247,0,64.705474853515625,0,45.065464019775391,0.48857229948043823,0,0
2,365,17520,6,2,-8.3402824401855469,0.051274955272674561,0.0067541678436100483,0.033418320119380951,0,67.282119750976562,0,45.075897216796875,0.53855973482131958,0,0
2,365,17520,7,2,-7.9500432014465332,0.18063898384571075,0.015935417264699936,0.92974120378494263,0,67.866691589355469,0,49.764606475830078,0.26467511057853699,0,0
2,365,17520,0,3,-8.3447418212890625,12.458394050598145,0.080766305327415466,1.2163612842559814,0,72.682022094726562,0,47.554141998291016,0.19279676675796509,0,0
2,365,17520,1,3,-8.5925521850585938,0.19995197653770447,0.024029366672039032,0.68483299016952515,0,52.510471343994141,0,43.229324340820312,0.4625624418258667,0,0
2,365,17520,2,3,-8.4367036819458008,0.069953121244907379,0.0113274110481143,0.59427332878112793,0,57.937519073486328,0,48.617443084716797,0.51829433441162109,0,0
2,365,17520,3,3,-8.5849113464355469,0.12671373784542084,0.0097236242145299911,0.029237553477287292,0,61.819252014160156,0,46.257404327392578,0.67284578084945679,0,0
2,365,17520,4,3,-8.5958843231201172,0.003639439819380641,0.00056472601136192679,0.026862628757953644,0,60.024375915527344,0,41.828437805175781,0.67293542623519897,0,0
2,365,17520,5,3,-8.6035709381103516,0.061887096613645554,0.0096020698547363281,0.035108890384435654,0,62.167007446289062,0,41.238723754882812,0.74344509840011597,0,0
2,365,17520,6,3,-8.6485919952392578,0.077931791543960571,0.0078944060951471329,0.035125866532325745,0,63.961040496826172,0,39.690444946289062,0.69582092761993408,0,0
2,365,17520,7,3,-8.1087703704833984,0.19933125376701355,0.018603948876261711,0.76925355195999146,0,66.191574096679688,0,44.697776794433594,0.3190402090549469,0,0
2,365,17520,0,4,-7.8771772384643555,11.504904747009277,0.067120842635631561,1.4657500982284546,0,75.3519287109375,0,51.718044281005859,0.29451251029968262,0,0
2,365,17520,1,4,-8.4488286972045898,0.11646667122840881,0.0090933507308363914,0.49663692712783813,0,56.756732940673828,0,46.820110321044922,0.48210293054580688,0,0
2,365,17520,2,4,-8.4779682159423828,0.092751055955886841,0.012587405741214752,0.6114199161529541,0,59.103855133056641,0,49.602066040039062,0.61530560255050659,0,0
2,365,17520,3,4,-8.7083454132080078,0.21413466334342957,0.013964223675429821,0.033610116690397263,0,57.423118591308594,0,42.486236572265625,0.7593727707862854,0,0
2,365,17520,4,4,-8.6750087738037109,0.0022792431991547346,0.00032556004589423537,0.026417495682835579,0,54.460090637207031,0,37.041740417480469,0.63338732719421387,0,0
2,365,17520,5,4,-8.6902904510498047,0.11660603433847427,0.013075682334601879,0.58610612154006958,0,58.993671417236328,0,38.477573394775391,0.72969949245452881,0,0
2,365,17520,6,4,-8.3662691116333008,0.0063648829236626625,0.0105548445135355,0.631125807762146,0,59.012763977050781,0,37.105503082275391,0.58825314044952393,0,0
2,365,17520,7,4,-8.1473140716552734,0.20530456304550171,0.016621986404061317,0.98492074012756348,0,64.342453002929688,0,42.740219116210938,0.33318978548049927,0,0
2,365,17520,0,5,-8.030085563659668,8.9326953887939453,0.055176626890897751,1.0384011268615723,0,71.258308410644531,0,52.593807220458984,0.29135248064994812,0,0
2,365,17520,1,5,-8.6329002380371094,0.21992689371109009,0.016844414174556732,0.031547341495752335,0,59.192146301269531,0,48.652862548828125,0.53499722480773926,0,0
2,365,17520,2,5,-8.6325693130493164,0.016703393310308456,0.002187422476708889,0.029686082154512405,0,57.430198669433594,0,47.957542419433594,0.55798959732055664,0,0
2,365,17520,3,5,-8.7484159469604492,0.10152678191661835,0.0082784295082092285,0.030527915805578232,0,53.983589172363281,0,40.683990478515625,0.76724684238433838,0,0
2,365,17520,4,5,-8.6997880935668945,0.03219030424952507,0.0062650288455188274,0.61878108978271484,0,53.965351104736328,0,37.70123291015625,0.57267731428146362,0,0
2,365,17520,5,5,-8.4271030426025391,0.063054159283638,0.015162804163992405,0.64935243129730225,0,56.817050933837891,0,37.714580535888672,0.57219523191452026,0,0
2,365,17520,6,5,-8.3435726165771484,0.060956411063671112,0.0038656932301819324,0.62509506940841675,0,58.427608489990234,0,40.324939727783203,0.56705451011657715,0,0
2,365,17520,7,5,-7.8467340469360352,0.1122911274433136,0.012533658184111118,0.82314324378967285,0,56.008735656738281,0,37.760002136230469,0.34514716267585754,0,0
2,365,17520,0,6,-8.1736268997192383,5.4651508331298828,0.058477871119976044,1.1540741920471191,0,64.399246215820312,0,49.406089782714844,0.33221659064292908,0,0
2,365,17520,1,6,-8.6634416580200195,0.041755553334951401,0.006338988896459341,0.030779138207435608,0,53.481716156005859,0,45.462677001953125,0.59322398900985718,0,0
2,365,17520,2,6,-8.6599416732788086,0,0,0,0,55.884281158447266,0,47.562580108642578,0.5934177041053772,0,0
2,365,17520,3,6,-8.6057596206665039,0.0029800666961818933,0.00021823999122716486,0.021292224526405334,0,52.675556182861328,0,42.012485504150391,0.74939805269241333,0,0
2,365,17520,4,6,-8.5036458969116211,0.025941956788301468,0.006375875324010849,0.61633759737014771,0,48.632678985595703,0,34.523452758789062,0.53079408407211304,0,0
2,365,17520,5,6,-8.430933952331543,0.019778121262788773,0.00097072904463857412,0.028205156326293945,0,48.530155181884766,0,35.253288269042969,0.60199511051177979,0,0
2,365,17520,6,6,-8.1418685913085938,0,0.00034459235030226409,0.55134779214859009,0,49.029666900634766,0,39.248115539550781,0.74017423391342163,0,0
2,365,17520,7,6,-7.7330942153930664,0.016788756474852562,0.0090558836236596107,0.92453962564468384,0,52.830635070800781,0,40.206733703613281,0.40099838376045227,0,0
2,365,17520,0,7,-7.8742237091064453,1.8802540302276611,0.037732850760221481,2.0613820552825928,0,58.612335205078125,0,49.818275451660156,0.25678306818008423,0,0
2,365,17520,1,7,-8.3747406005859375,0.26251167058944702,0.0068610776215791702,0.66851407289505005,0,52.487529754638672,0,45.674808502197266,0.3152153491973877,0,0
2,365,17520,2,7,-8.2983169555664062,0.23484599590301514,0.011893747374415398,0.910056471824646,0,55.327739715576172,0,46.623851776123047,0.31716573238372803,0,0
2,365,17520,3,7,-8.1391363143920898,0.24128912389278412,0.011238367296755314,0.8229033350944519,0,54.102710723876953,0,43.356292724609375,0.32134711742401123,0,0
2,365,17520,4,7,-8.2312602996826172,0.23521870374679565,0.0047547491267323494,0.64958244562149048,0,50.743274688720703,0,41.677806854248047,0.30332455039024353,0,0
2,365,17520,5,7,-8.0801143646240234,0.22598369419574738,0.014272255823016167,0.80529278516769409,0,50.328563690185547,0,42.270923614501953,0.39426189661026001,0,0
2,365,17520,6,7,-7.8845906257629395,0.23652243614196777,0.031289700418710709,1.6245309114456177,0,49.647480010986328,0,45.781204223632812,0.32694855332374573,0,0
2,365,17520,7,7,-7.4483656883239746,0.2061828076839447,0.028066089376807213,2.2710690498352051,0,53.198993682861328,0,49.405971527099609,0.18109537661075592,0,0
3,30,18240,0,0,-5.1171035766601562,7.7129459381103516,0.038412872701883316,1.7218289375305176,0,69.985862731933594,0,42.297698974609375,0.43997496366500854,0,0
3,30,18240,1,0,-5.0925545692443848,0.91954678297042847,0.010448342189192772,0.72364324331283569,0,57.435523986816406,0,39.750102996826172,0.67706298828125,0,2.7202338969800621E-05
3,30,18240,2,0,-4.949467658996582,0.96854037046432495,0.023248510435223579,1.4210348129272461,0,55.743953704833984,0,39.447883605957031,0.63756954669952393,0,0
3,30,18240,3,0,-4.7969975471496582,0.9137345552444458,0.018730403855443001,1.3195682764053345,0,57.621700286865234,0,41.759269714355469,0.6249193549156189,0,0
3,30,18240,4,0,-4.846318244934082,0.99300748109817505,0.018045941367745399,0.93395602703094482,0,58.008937835693359,0,41.9771728515625,0.74678820371627808,0,0
3,30,18240,5,0,-4.7239890098571777,0.93933010101318359,0.021935991942882538,1.4874398708343506,0,55.225830078125,0,38.84356689453125,0.59580427408218384,0,0
3,30,18240,6,0,-4.7355189323425293,0.87995803356170654,0.011788178235292435,0.87568402290344238,0,52.459911346435547,0,33.56573486328125,0.71470123529434204,0,8.5820152889937162E-05
3,30,18240,7,0,-4.563323974609375,0.88649839162826538,0.014303818345069885,0.82116615772247314,0,53.893997192382812,0,34.422027587890625,0.59159290790557861,0,0
3,30,18240,0,1,-5.3661108016967773,15.071135520935059,0.025733400136232376,1.4318921566009521,0,70.234329223632812,0,40.597412109375,0.51558709144592285,0,0
3,30,18240,1,1,-5.4766221046447754,0,0,0,0,53.147388458251953,0,36.36077880859375,1.0978584289550781,0,0
3,30,18240,2,1,-5.5355157852172852,0,0,0,0,49.85528564453125,0,34.713237762451172,1.437322735786438,0,0
3,30,18240,3,1,-5.424992561340332,0,0,0,0,54.303958892822266,0,36.979671478271484,1.1001981496810913,0,0
3,30,18240,4,1,-5.4232516288757324,0,1.4209930668585002E-05,0.0094095431268215179,0,59.633007049560547,0,35.841938018798828,1.1938713788986206,0,0
3,30,18240,5,1,-5.4935588836669922,0,3.5082266549579799E-05,0.014244087040424347,0,62.857540130615234,0,36.793239593505859,1.0132508277893066,0,0
3,30,18240,6,1,-5.3971571922302246,0,7.6372358307708055E-05,0.024314772337675095,0,63.088077545166016,0,35.660911560058594,0.56904900074005127,0,0
3,30,18240,7,1,-4.7688069343566895,0.0064958087168633938,0.013750241138041019,1.7117948532104492,0,61.439479827880859,0,38.065509796142578,0.41917186975479126,0,0
3,30,18240,0,2,-5.2728104591369629,20.482122421264648,0.029685230925679207,1.4883930683135986,0,73.554275512695312,0,40.221988677978516,0.49493536353111267,0,0
3,30,18240,1,2,-5.5760636329650879,0.0047237947583198547,0.00086761859711259604,0.66118466854095459,0,54.361579895019531,0,35.491569519042969,1.2243679761886597,0,0
3,30,18240,2,2,-5.7670907974243164,0.017888706177473068,9.6304225735366344E-05,0.036805048584938049,0,55.17926025390625,0,34.915454864501953,1.1017783880233765,0,0
3,30,18240,3,2,-5.8253111839294434,0.1048601046204567,3.9345399272860959E-05,0.031249970197677612,0,62.027984619140625,0,35.081676483154297,0.60457634925842285,0,0
3,30,18240,4,2,-5.6368489265441895,0,4.7308334615081549E-05,0.014473564922809601,0,63.70050048828125,0,34.301258087158203,0.76198607683181763,0,0
3,30,18240,5,2,-5.2831783294677734,0,0.00050837936578318477,0.65674960613250732,0,64.715126037597656,0,35.713146209716797,0.78505837917327881,0,0
3,30,18240,6,2,-5.2296462059020996,0,0,0,0,67.274017333984375,0,35.745193481445312,1.0251054763793945,0,0
3,30,18240,7,2,-4.8348636627197266,0.052803494036197662,0.018018016591668129,1.1932423114776611,0,67.934501647949219,0,39.735363006591797,0.93639218807220459,0,0
3,30,18240,0,3,-5.4266219139099121,22.444181442260742,0.033245779573917389,1.2827904224395752,0,74.336647033691406,0,37.605197906494141,0.29670438170433044,0,0
3,30,18240,1,3,-5.5074152946472168,0.065710417926311493,0.0010356255806982517,0.65441775321960449,0,52.908187866210938,0,34.147121429443359,0.56484383344650269,0,0
3,30,18240,2,3,-5.3444786071777344,0,1.6611091950835544E-06,0.0026577748358249664,0,57.942867279052734,0,38.510292053222656,1.1091122627258301,0,0
3,30,18240,3,3,-5.4872908592224121,0,0,0,0,61.900485992431641,0,36.554389953613281,1.0921204090118408,0,0
3,30,18240,4,3,-5.5006918907165527,0,0,0,0,60.056873321533203,0,33.046440124511719,1.315179705619812,0,0
3,30,18240,5,3,-5.5070919990539551,0,0,0,0,62.161888122558594,0,32.579788208007812,1.428977370262146,0,0
3,30,18240,6,3,-5.5513849258422852,0,0,0,0,63.960384368896484,0,31.333000183105469,1.2091473340988159,0,0
3,30,18240,7,3,-5.0196609497070312,0.12864018976688385,0.010217967443168163,0.7952846884727478,0,66.314323425292969,0,35.581939697265625,0.73225241899490356,0,0
3,30,18240,0,4,-4.9519305229187012,20.282232284545898,0.028545461595058441,1.5688426494598389,0,77.811820983886719,0,41.165569305419922,0.42341059446334839,0,0
3,30,18240,1,4,-5.3513021469116211,0,0,0,0,57.150409698486328,0,37.071037292480469,1.2136011123657227,0,0
3,30,18240,2,4,-5.3832912445068359,0,0,0,0,59.116878509521484,0,39.262420654296875,1.4333093166351318,0,0
3,30,18240,3,4,-5.6109981536865234,0,0,0,0,57.619155883789062,0,33.513484954833984,1.1351652145385742,0,0
3,30,18240,4,4,-5.5821533203125,0,0,0,0,54.502902984619141,0,29.212446212768555,1.6726455688476562,0,0
3,30,18240,5,4,-5.5973663330078125,0,0,0,0,58.989891052246094,0,30.365617752075195,1.4162142276763916,0,0
3,30,18240,6,4,-5.2761297225952148,0,0.00011181684385519475,0.025896068662405014,0,59.026458740234375,0,29.423219680786133,0.86709326505661011,0,0
3,30,18240,7,4,-5.0552587509155273,0.044398266822099686,0.014331910759210587,1.0339454412460327,0,64.442771911621094,0,33.988868713378906,0.90353012084960938,0,0
3,30,18240,0,5,-5.1079502105712891,15.613630294799805,0.022393565624952316,1.0633300542831421,0,73.521629333496094,0,41.75323486328125,0.51998603343963623,0,0
3,30,18240,1,5,-5.5316519737243652,0,0,0,0,59.756942749023438,0,38.419704437255859,0.96938943862915039,0,0
3,30,18240,2,5,-5.5396566390991211,0,0,0,0,57.485321044921875,0,37.8699951171875,1.2028331756591797,0,0
3,30,18240,3,5,-5.6563806533813477,0,0,0,0,53.989784240722656,0,32.047855377197266,1.3149734735488892,0,0
3,30,18240,4,5,-5.6117262840270996,0,2.514068728487473E-05,0.014147479087114334,0,53.966094970703125,0,29.715621948242188,1.2626196146011353,0,0
3,30,18240,5,5,-5.3339834213256836,0,9.4068112957756966E-05,0.044635109603404999,0,56.827800750732422,0,29.861583709716797,0.94227272272109985,0,0
3,30,18240,6,5,-5.250739574432373,0,0,0,0,58.422824859619141,0,31.973300933837891,0.95022106170654297,0,0
3,30,18240,7,5,-4.746150016784668,0.0076110502704977989,0.014765097759664059,1.0758610963821411,0,56.085834503173828,0,30.1658935546875,0.81947171688079834,0,0
3,30,18240,0,6,-5.2074680328369141,8.2475099563598633,0.023083735257387161,1.1683238744735718,0,66.651924133300781,0,39.174510955810547,0.5034024715423584,0,0
3,30,18240,1,6,-5.5691714286804199,0,0,0,0,53.764949798583984,0,35.860603332519531,1.2363841533660889,0,0
3,30,18240,2,6,-5.5688843727111816,0,0,0,0,55.913326263427734,0,37.533519744873047,1.4386492967605591,0,0
3,30,18240,3,6,-5.5173773765563965,0,0,0,0,52.670913696289062,0,33.117683410644531,1.060449481010437,0,0
3,30,18240,4,6,-5.4159235954284668,0,2.3293536287383176E-05,0.011451929807662964,0,48.634349822998047,0,27.186300277709961,1.1138924360275269,0,0
3,30,18240,5,6,-5.3416175842285156,0,0,0,0,48.525726318359375,0,27.813190460205078,1.3060727119445801,0,0
3,30,18240,6,6,-5.0278935432434082,0,0,0,0,49.023143768310547,0,31.167562484741211,0.97273731231689453,0,0
3,30,18240,7,6,-4.6142368316650391,0,0.0087584154680371284,0.68705439567565918,0,52.905239105224609,0,32.195293426513672,1.0942659378051758,0,0
3,30,18240,0,7,-4.75286865234375,1.3026207685470581,0.025328056886792183,2.4043793678283691,0,60.541683197021484,0,39.877395629882812,0.46195411682128906,0,0
3,30,18240,1,7,-5.2656998634338379,0.18412701785564423,0.0019954191520810127,0.66098242998123169,0,52.845211029052734,0,36.196559906005859,0.75041705369949341,0,0
3,30,18240,2,7,-5.2014379501342773,0.19949087500572205,0.0066105038858950138,0.92306983470916748,0,55.51654052734375,0,36.988636016845703,0.70208954811096191,0,0
3,30,18240,3,7,-5.0345621109008789,0.18634133040904999,0.0052962335757911205,0.82569897174835205,0,54.271587371826172,0,34.432083129882812,0.57866930961608887,0,0
3,30,18240,4,7,-5.1350722312927246,0.17751212418079376,0.0029964435379952192,0.64808809757232666,0,50.964866638183594,0,33.043144226074219,0.77333998680114746,0,0
3,30,18240,5,7,-4.9842915534973145,0.18646633625030518,0.018432648852467537,1.1086236238479614,0,50.472476959228516,0,33.620697021484375,0.76180452108383179,0,0
3,30,18240,6,7,-4.7770099639892578,0.18601086735725403,0.040429159998893738,2.0657978057861328,0,49.769332885742188,0,36.589492797851562,0.7754209041595459,0,0
3,30,18240,7,7,-4.3272337913513184,0.15082579851150513,0.031829923391342163,2.8927478790283203,0,53.439365386962891,0,39.869365692138672,0.59223401546478271,0,0
3,60,18960,0,0,1.0350840091705322,0,0.093161880970001221,30.52427864074707,0.0012499999720603228,74.294334411621094,0,39.461421966552734,0.55472838878631592,0,0
3,60,18960,1,0,0.74528282880783081,0,0.013889358378946781,0.66859447956085205,0,57.864753723144531,0,37.278060913085938,1.1398751735687256,0,2.5412327886442654E-05
3,60,18960,2,0,0.9106939435005188,0,0.09780854731798172,7.6373858451843262,0,56.0406494140625,0,37.131298065185547,1.0611729621887207,0,0
3,60,18960,3,0,1.0864664316177368,0,0.055118940770626068,7.6324567794799805,0,57.773250579833984,0,39.514190673828125,1.0286297798156738,0,0
3,60,18960,4,0,1.070112943649292,0,0.030819745734333992,4.4519839286804199,0,58.176296234130859,0,39.686389923095703,1.1424330472946167,0,0
3,60,18960,5,0,1.1981779336929321,0,0.10515303164720535,8.1994915008544922,0,55.433643341064453,0,36.766468048095703,1.071189284324646,0,0
3,60,18960,6,0,1.1752972602844238,0,0.02018376812338829,2.8414263725280762,0,52.637718200683594,0,31.704732894897461,1.1769167184829712,0,8.0579200584907085E-05
3,60,18960,7,0,1.3506900072097778,0,0.019786948338150978,2.6745553016662598,0,54.186557769775391,0,32.667121887207031,1.0100336074829102,0,0
3,60,18960,0,1,0.5112653374671936,3.2317409515380859,0.20693990588188171,22.311395645141602,0.008750000037252903,78.673316955566406,0,37.267356872558594,0.76108664274215698,0,0
3,60,18960,1,1,0.25734695792198181,0,0,0,0,53.036823272705078,0,33.720645904541016,1.9349451065063477,0,0
3,60,18960,2,1,0.20405462384223938,0,0,0,0,49.75360107421875,0,32.108898162841797,1.9167790412902832,0,0
3,60,18960,3,1,0.34523102641105652,0,0,0,0,54.187206268310547,0,34.345024108886719,2.1399290561676025,0,0
3,60,18960,4,1,0.40762647986412048,0,3.169916908518644E-06,0.0040243864059448242,0,59.466972351074219,0,33.287765502929688,1.867557168006897,0,0
3,60,18960,5,1,0.39672896265983582,0,1.7384558304911479E-05,0.010808881372213364,0,62.624225616455078,0,34.118156433105469,1.5269615650177002,0,0
3,60,18960,6,1,0.50890320539474487,0,4.76227214676328E-05,0.018243752419948578,0,62.894638061523438,0,33.164325714111328,1.1672614812850952,0,0
3,60,18960,7,1,1.1723712682723999,0,0.0056049469858407974,0.63352155685424805,0,61.394363403320312,0,36.023807525634766,0.77883017063140869,0,0
3,60,18960,0,2,0.43405342102050781,7.2331881523132324,0.50589358806610107,100.82902526855469,0.011249999515712261,85.034942626953125,0,36.971012115478516,0.65110808610916138,0,0
3,60,18960,1,2,0.17066399753093719,0,0.00082150381058454514,0.65482074022293091,0,54.378818511962891,0,32.827098846435547,1.7004280090332031,0,0
3,60,18960,2,2,-0.022160930559039116,0,6.4581392507534474E-05,0.031044051051139832,0,55.142230987548828,0,32.094043731689453,1.6775344610214233,0,0
3,60,18960,3,2,-0.034506373107433319,0,2.7174548449693248E-05,0.026449296623468399,0,61.893581390380859,0,32.171306610107422,1.2247828245162964,0,0
3,60,18960,4,2,0.16955816745758057,0,3.0729770514881238E-05,0.011350654065608978,0,63.537979125976562,0,31.628635406494141,1.0012738704681396,0,0
3,60,18960,5,2,0.59088897705078125,0,0.00046194254537113011,0.64172893762588501,0,64.597190856933594,0,33.311229705810547,1.3137607574462891,0,0
3,60,18960,6,2,0.70277523994445801,0,0,0,0,67.124427795410156,0,33.405498504638672,1.6330192089080811,0,0
3,60,18960,7,2,1.1513229608535767,0,0.0067578880116343498,0.65314137935638428,0,67.870834350585938,0,37.513843536376953,1.2306686639785767,0,0
3,60,18960,0,3,0.30245175957679749,10.889107704162598,0.62378644943237305,64.391677856445312,0.013749999925494194,82.567054748535156,0,34.508800506591797,0.41327440738677979,0,0
3,60,18960,1,3,0.22302521765232086,0,0.00090122799156233668,0.62641894817352295,0,53.036994934082031,0,31.627199172973633,1.1411486864089966,0,0
3,60,18960,2,3,0.3984718918800354,0,0,0,0,57.810585021972656,0,35.866970062255859,1.3746592998504639,0,0
3,60,18960,3,3,0.29427269101142883,0,0,0,0,61.770801544189453,0,33.882827758789062,1.9176077842712402,0,0
3,60,18960,4,3,0.35978415608406067,0,0,0,0,59.947151184082031,0,30.623632431030273,2.0553092956542969,0,0
3,60,18960,5,3,0.34498527646064758,0,0,0,0,62.048046112060547,0,30.195674896240234,2.1088612079620361,0,0
3,60,18960,6,3,0.30261924862861633,0,0,0,0,63.848239898681641,0,29.004974365234375,2.0519428253173828,0,0
3,60,18960,7,3,0.94912469387054443,0,0.0049861082807183266,0.62808525562286377,0,66.360527038574219,0,33.429985046386719,1.3300451040267944,0,0
3,60,18960,0,4,0.97098296880722046,3.3221447467803955,0.43431201577186584,56.177486419677734,0.011249999515712261,90.5028076171875,0,38.273353576660156,0.59214246273040771,0,0
3,60,18960,1,4,0.39150175452232361,0,0,0,0,57.153583526611328,0,34.506885528564453,1.6329383850097656,0,0
3,60,18960,2,4,0.36565977334976196,0,0,0,0,58.983295440673828,0,36.515449523925781,1.9117884635925293,0,0
3,60,18960,3,4,0.14073976874351501,0,0,0,0,57.51226806640625,0,30.950115203857422,2.181729793548584,0,0
3,60,18960,4,4,0.19464126229286194,0,0,0,0,54.415317535400391,0,26.989664077758789,1.9300593137741089,0,0
3,60,18960,5,4,0.23385608196258545,0,0,0,0,58.889286041259766,0,28.065065383911133,2.1807692050933838,0,0
3,60,18960,6,4,0.59915298223495483,0,4.9431117076892406E-05,0.019487097859382629,0,58.935825347900391,0,27.476306915283203,1.773298978805542,0,0
3,60,18960,7,4,0.88220328092575073,0,0.0052026738412678242,0.60819333791732788,0,64.432884216308594,0,31.902305603027344,1.1519775390625,0,0
3,60,18960,0,5,0.94362324476242065,1.220464825630188,0.14659790694713593,27.995241165161133,0.004999999888241291,83.299705505371094,0,38.669033050537109,0.63188117742538452,0,0
3,60,18960,1,5,0.21524955332279205,0,0,0,0,59.813262939453125,0,35.560970306396484,1.7573773860931396,0,0
3,60,18960,2,5,0.20153579115867615,0,0,0,0,57.365604400634766,0,35.045680999755859,1.8091920614242554,0,0
3,60,18960,3,5,0.091891646385192871,0,0,0,0,53.896389007568359,0,29.537744522094727,2.058488130569458,0,0
3,60,18960,4,5,0.15815436840057373,0,1.407604395353701E-05,0.0091697052121162415,0,53.882694244384766,0,27.420862197875977,2.0266785621643066,0,0
3,60,18960,5,5,0.53722566366195679,0,0.00042453478090465069,0.60707855224609375,0,56.73309326171875,0,27.813961029052734,1.6151276826858521,0,0
3,60,18960,6,5,0.65472877025604248,0,0,0,0,58.304878234863281,0,29.877471923828125,1.5924283266067505,0,0
3,60,18960,7,5,1.1997150182723999,0,0.0027464558370411396,0.57408767938613892,0,56.095527648925781,0,28.54157829284668,1.5423974990844727,0,0
3,60,18960,0,6,0.92873620986938477,0,0.054947104305028915,8.1307573318481445,0,72.159614562988281,0,36.440662384033203,0.76232302188873291,0,0
3,60,18960,1,6,0.23211105167865753,0,0,0,0,53.752647399902344,0,33.156162261962891,1.8560031652450562,0,0
3,60,18960,2,6,0.20098909735679626,0,0,0,0,55.797927856445312,0,34.702850341796875,1.7981035709381104,0,0
3,60,18960,3,6,0.24300678074359894,0,0,0,0,52.574195861816406,0,30.618860244750977,2.2132894992828369,0,0
3,60,18960,4,6,0.40581542253494263,0,1.1906127838301472E-05,0.0068798884749412537,0,48.55938720703125,0,25.160167694091797,1.5126363039016724,0,0
3,60,18960,5,6,0.54085314273834229,0,0,0,0,48.441936492919922,0,25.834007263183594,1.7437807321548462,0,0
3,60,18960,6,6,0.88253653049468994,0,0,0,0,48.917881011962891,0,29.268239974975586,2.0718019008636475,0,0
3,60,18960,7,6,1.3479058742523193,0,0.0063071651384234428,0.59307104349136353,0,52.894649505615234,0,30.572494506835938,1.5297571420669556,0,0
3,60,18960,0,7,1.2346254587173462,0,0.12218811362981796,11.402650833129883,0.0081249997019767761,61.976802825927734,0,37.918724060058594,0.69957512617111206,0,0
3,60,18960,1,7,0.68506598472595215,0,0.0032681766897439957,0.52966469526290894,0,53.110202789306641,0,33.834995269775391,1.413211464881897,0,0
3,60,18960,2,7,0.71573781967163086,0,0.0033094289246946573,0.67505526542663574,0,55.626396179199219,0,34.618118286132812,1.314719557762146,0,0
3,60,18960,3,7,0.89943718910217285,0,0.0030824306886643171,0.58655464649200439,0,54.371074676513672,0,32.338165283203125,1.0625869035720825,0,0
3,60,18960,4,7,0.81665575504302979,0,0.0021898767445236444,0.56112229824066162,0,51.154170989990234,0,30.98248291015625,1.301661491394043,0,0
3,60,18960,5,7,0.96472704410552979,0,0.0080994060263037682,0.63463830947875977,0,50.454563140869141,0,31.666427612304688,1.5220094919204712,0,0
3,60,18960,6,7,1.1697080135345459,0,0.013346893712878227,0.68435943126678467,0,49.702274322509766,0,34.673088073730469,1.3676540851593018,0,0
3,60,18960,7,7,1.6096652746200562,0,0.012562348507344723,0.65630602836608887,0,53.496475219726562,0,38.205539703369141,1.0698294639587402,0,0
3,90,19680,0,0,9.5674276351928711,0,0.014479111880064011,6.7342343330383301,0,73.184722900390625,0,44.025821685791016,0.62874513864517212,0,0
3,90,19680,1,0,9.4460277557373047,0,0.00026423390954732895,0.047026023268699646,0,57.441242218017578,0,41.067508697509766,1.1635559797286987,0,2.3741515178699046E-05
3,90,19680,2,0,9.6247329711914062,0,0.00082020385889336467,0.33566319942474365,0,55.617202758789062,0,40.867115020751953,1.4042785167694092,0,0
3,90,19680,3,0,9.7729959487915039,0,0.001174263539724052,0.38505226373672485,0,57.306961059570312,0,43.755016326904297,1.1484555006027222,0,0
3,90,19680,4,0,9.7237300872802734,0,0.00048091285862028599,0.15147797763347626,0,57.691776275634766,0,44.016517639160156,1.3534702062606812,0,0
3,90,19680,5,0,9.8455190658569336,0,0.0016737960977479815,0.37522593140602112,0,55.00396728515625,0,40.605007171630859,1.3754889965057373,0,0
3,90,19680,6,0,9.8328399658203125,0,0.00032396704773418605,0.030087817460298538,0,52.294094085693359,0,34.80023193359375,1.245774507522583,0,7.5648757047019899E-05
3,90,19680,7,0,9.996246337890625,0,0.00057365564862266183,0.41994750499725342,0,53.923526763916016,0,35.964057922363281,1.0582717657089233,0,0
3,90,19680,0,1,9.3315372467041016,0,0.043433502316474915,5.1946344375610352,0,74.0753173828125,0,41.392097473144531,0.67330116033554077,0,0
3,90,19680,1,1,8.8168191909790039,0,0,0,0,52.676948547363281,0,36.687076568603516,1.8131322860717773,0,0
3,90,19680,2,1,8.8710365295410156,0,0,0,0,49.419631958007812,0,34.836196899414062,2.4229342937469482,0,0
3,90,19680,3,1,9.0188989639282227,0,0,0,0,53.800930023193359,0,37.571220397949219,1.8666820526123047,0,0
3,90,19680,4,1,9.1402378082275391,0,5.0764274419634603E-06,0.0056248046457767487,0,59.048591613769531,0,36.664211273193359,1.796833872795105,0,0
3,90,19680,5,1,9.0480279922485352,0,1.6533149391761981E-05,0.010597977787256241,0,62.141635894775391,0,37.745906829833984,1.4186429977416992,0,0
3,90,19680,6,1,9.1295089721679688,0,5.0473252485971898E-05,0.019096057862043381,0,62.425727844238281,0,36.748882293701172,0.9975048303604126,0,0
3,90,19680,7,1,9.6858329772949219,0,0.0002556043618824333,0.198380246758461,0,61.035587310791016,0,40.009437561035156,0.99223858118057251,0,0
3,90,19680,0,2,9.371490478515625,0,0.045142758637666702,11.685857772827148,0.00062499998603016138,82.704292297363281,0,40.936279296875,0.58304160833358765,0,0
3,90,19680,1,2,8.4821252822875977,0,0.00067803316051140428,0.54806768894195557,0,54.137546539306641,0,35.6356201171875,1.4662259817123413,0,0
3,90,19680,2,2,8.4582643508911133,0,7.8037344792392105E-05,0.033484209328889847,0,54.800182342529297,0,34.859336853027344,1.4267849922180176,0,0
3,90,19680,3,2,8.5535926818847656,0,2.9358297979342751E-05,0.027544070035219193,0,61.464496612548828,0,35.194370269775391,1.146592378616333,0,0
3,90,19680,4,2,8.872584342956543,0,2.9123972126399167E-05,0.010116811841726303,0,63.131984710693359,0,34.77532958984375,1.4373977184295654,0,0
3,90,19680,5,2,9.2597589492797852,0,0.00034333002986386418,0.44531309604644775,0,64.164512634277344,0,36.947532653808594,1.7351698875427246,0,0
3,90,19680,6,2,9.3244342803955078,0,0,0,0,66.644065856933594,0,37.124309539794922,1.6770737171173096,0,0
3,90,19680,7,2,9.6738910675048828,0,0.00051442271796986461,0.42369002103805542,0,67.484443664550781,0,41.667205810546875,1.4094803333282471,0,0
3,90,19680,0,3,9.1380290985107422,0,0.022296380251646042,1.7883666753768921,0,83.912071228027344,0,38.031272888183594,0.47856986522674561,0,0
3,90,19680,1,3,8.5313396453857422,0,0.0012248745188117027,0.51818954944610596,0,52.793342590332031,0,34.313831329345703,1.2688056230545044,0,0
3,90,19680,2,3,8.967228889465332,0,0,0,0,57.378211975097656,0,39.312881469726562,2.1673882007598877,0,0
3,90,19680,3,3,8.9570159912109375,0,0,0,0,61.341800689697266,0,37.224411010742188,1.7917494773864746,0,0
3,90,19680,4,3,8.994720458984375,0,0,0,0,59.574348449707031,0,33.740238189697266,2.1515321731567383,0,0
3,90,19680,5,3,9.0439205169677734,0,0,0,0,61.655750274658203,0,33.417724609375,2.3645555973052979,0,0
3,90,19680,6,3,8.9939718246459961,0,0,0,0,63.465156555175781,0,32.122764587402344,1.8281008005142212,0,0
3,90,19680,7,3,9.4915666580200195,0,0.00033970954245887697,0.33235111832618713,0,66.104042053222656,0,37.089099884033203,1.2189106941223145,0,0
3,90,19680,0,4,9.8018112182617188,0,0.080027729272842407,18.432453155517578,0.0031249998137354851,87.076591491699219,0,42.630565643310547,0.54975664615631104,0,0
3,90,19680,1,4,8.8437662124633789,0,0,0,0,56.929836273193359,0,37.473670959472656,1.5971033573150635,0,0
3,90,19680,2,4,8.8589315414428711,0,0,0,0,58.566730499267578,0,39.740840911865234,2.0711996555328369,0,0
3,90,19680,3,4,8.7099151611328125,0,0,0,0,57.157871246337891,0,33.764194488525391,1.8640290498733521,0,0
3,90,19680,4,4,8.8664884567260742,0,0,0,0,54.116374969482422,0,29.60096549987793,2.3329513072967529,0,0
3,90,19680,5,4,8.9441556930541992,0,0,0,0,58.540603637695312,0,31.003725051879883,2.1032989025115967,0,0
3,90,19680,6,4,9.2548828125,0,2.236890941276215E-05,0.017461970448493958,0,58.598659515380859,0,30.611667633056641,1.3165078163146973,0,0
3,90,19680,7,4,9.4645509719848633,0,0.00021408253815025091,0.10741562396287918,0,64.112640380859375,0,35.3909912109375,1.4469106197357178,0,0
3,90,19680,0,5,9.6315231323242188,0,0.015307637862861156,2.2236027717590332,0,78.302215576171875,0,43.094333648681641,0.64959192276000977,0,0
3,90,19680,1,5,8.8633766174316406,0,0,0,0,59.523288726806641,0,38.615787506103516,1.5757368803024292,0,0
3,90,19680,2,5,8.8370561599731445,0,0,0,0,56.979633331298828,0,38.012977600097656,2.0715925693511963,0,0
3,90,19680,3,5,8.7539501190185547,0,0,0,0,53.581817626953125,0,32.106185913085938,1.9227325916290283,0,0
3,90,19680,4,5,8.9038581848144531,0,1.3989407307235524E-05,0.0091205351054668427,0,53.585437774658203,0,30.022211074829102,2.0392045974731445,0,0
3,90,19680,5,5,9.1992559432983398,0,0.0001980066008400172,0.26045122742652893,0,56.3944091796875,0,30.862800598144531,1.5998466014862061,0,0
3,90,19680,6,5,9.2825202941894531,0,0,0,0,57.928119659423828,0,33.218498229980469,1.4285047054290771,0,0
3,90,19680,7,5,9.7413320541381836,0,0.00011203828034922481,0.034531537443399429,0,55.940620422363281,0,31.665136337280273,1.5606158971786499,0,0
3,90,19680,0,6,9.5012264251708984,0,0.011410272680222988,0.64702224731445312,0,70.518936157226562,0,40.82281494140625,0.67797422409057617,0,0
3,90,19680,1,6,8.9668159484863281,0,0,0,0,53.442401885986328,0,36.079273223876953,1.8167599439620972,0,0
3,90,19680,2,6,8.9514255523681641,0,0,0,0,55.409786224365234,0,37.82257080078125,2.1708352565765381,0,0
3,90,19680,3,6,9.0097360610961914,0,0,0,0,52.245986938476562,0,33.339717864990234,1.8280837535858154,0,0
3,90,19680,4,6,9.1195240020751953,0,4.0479121707903687E-06,0.0064320042729377747,0,48.303230285644531,0,27.386312484741211,1.5581440925598145,0,0
3,90,19680,5,6,9.1866035461425781,0,0,0,0,48.169197082519531,0,28.282711029052734,1.9806987047195435,0,0
3,90,19680,6,6,9.4737043380737305,0,0,0,0,48.595771789550781,0,32.276390075683594,1.7909128665924072,0,0
3,90,19680,7,6,9.8516569137573242,0,0.00031411545933224261,0.064826473593711853,0,52.639533996582031,0,33.829204559326172,1.8777881860733032,0,0
3,90,19680,0,7,9.709773063659668,0,0.021845849230885506,2.791046142578125,0,61.590087890625,0,42.282806396484375,0.60089963674545288,0,0
3,90,19680,1,7,9.1899185180664062,0,0.00017186891636811197,0.027871407568454742,0,52.7696533203125,0,37.019382476806641,1.0380743741989136,0,0
3,90,19680,2,7,9.2506046295166016,0,0.00034744845470413566,0.48785766959190369,0,55.253143310546875,0,37.933673858642578,1.1343964338302612,0,0
3,90,19680,3,7,9.4247951507568359,0,0.00015713920583948493,0.035703230649232864,0,54.022789001464844,0,35.405258178710938,0.76130956411361694,0,0
3,90,19680,4,7,9.3284416198730469,0,0.00011195387924090028,0.030602816492319107,0,50.850765228271484,0,33.805126190185547,1.0500661134719849,0,0
3,90,19680,5,7,9.4692773818969727,0,0.00053165649296715856,0.21667563915252686,0,50.126110076904297,0,34.602432250976562,1.2010384798049927,0,0
3,90,19680,6,7,9.6435699462890625,0,0.0025490801781415939,0.40181255340576172,0,49.336318969726562,0,38.011009216308594,1.0183509588241577,0,0
3,90,19680,7,7,10.068347930908203,0,0.00075018813367933035,0.38426175713539124,0,53.115558624267578,0,42.134693145751953,0.80674284696578979,0,0
3,120,20400,0,0,17.501436233520508,0,0.00079902342986315489,0.098212443292140961,0,72.057357788085938,0,57.115264892578125,0.42818236351013184,0,0
3,120,20400,1,0,17.240423202514648,0,0.00018212985014542937,0.027526110410690308,0,56.556167602539062,0,52.233364105224609,1.2948926687240601,0,2.2100386559031904E-05
3,120,20400,2,0,17.382551193237305,0,0.00038925922126509249,0.039862517267465591,0,54.766506195068359,0,51.510658264160156,1.0011625289916992,0,0
3,120,20400,3,0,17.525976181030273,0,0.00038711976958438754,0.046722143888473511,0,56.361644744873047,0,55.324398040771484,1.0585529804229736,0,0
3,120,20400,4,0,17.467996597290039,0,0.00026730800163932145,0.028921149671077728,0,56.715599060058594,0,55.882431030273438,1.3741536140441895,0,0
3,120,20400,5,0,17.601797103881836,0,0.00045893897186033428,0.042572706937789917,0,54.159854888916016,0,50.958423614501953,0.96657168865203857,0,0
3,120,20400,6,0,17.577875137329102,0,0.00024438640684820712,0.025611318647861481,0,51.619251251220703,0,43.161834716796875,1.2709205150604248,0,7.0826878072693944E-05
3,120,20400,7,0,17.760017395019531,0,0.00026711210375651717,0.045819967985153198,0,53.202182769775391,0,44.746551513671875,1.0115618705749512,0,0
3,120,20400,0,1,17.281316757202148,0,0.0013522382359951735,0.22371461987495422,0,73.025779724121094,0,54.604423522949219,0.54956161975860596,0,0
3,120,20400,1,1,16.752641677856445,0,0,0,0,51.901603698730469,0,47.246086120605469,1.7344839572906494,0,0
3,120,20400,2,1,16.6871337890625,0,0,0,0,48.706497192382812,0,44.579658508300781,1.7823147773742676,0,0
3,120,20400,3,1,16.831510543823242,0,0,0,0,52.987499237060547,0,48.354957580566406,2.0758421421051025,0,0
3,120,20400,4,1,16.887495040893555,0,1.8009030782195623E-06,0.0028814449906349182,0,58.173984527587891,0,47.613372802734375,1.5162111520767212,0,0
3,120,20400,5,1,16.776105880737305,0,6.8257190832810011E-06,0.0076173879206180573,0,61.128604888916016,0,49.54388427734375,1.1273355484008789,0,0
3,120,20400,6,1,16.850425720214844,0,3.5641452996060252E-05,0.015009824186563492,0,61.451663970947266,0,48.039447784423828,1.0068031549453735,0,0
3,120,20400,7,1,17.403430938720703,0,0.00016008420789148659,0.043020430952310562,0,60.095111846923828,0,51.239955902099609,0.63721233606338501,0,0
3,120,20400,0,2,17.406198501586914,0,0.0032901789527386427,0.45368924736976624,0,81.636665344238281,0,54.150905609130859,0.41896736621856689,0,0
3,120,20400,1,2,16.711315155029297,0,7.9908510087989271E-05,0.04919818788766861,0,53.350723266601562,0,46.500263214111328,1.493890643119812,0,0
3,120,20400,2,2,16.445760726928711,0,4.9774072977015749E-05,0.02758614718914032,0,53.949100494384766,0,45.897037506103516,1.3507680892944336,0,0
3,120,20400,3,2,16.434520721435547,0,2.8717251552734524E-05,0.027071736752986908,0,60.531547546386719,0,46.636966705322266,1.0862423181533813,0,0
3,120,20400,4,2,16.593605041503906,0,3.1734005460748449E-05,0.011597510427236557,0,62.260585784912109,0,45.769603729248047,1.163821816444397,0,0
3,120,20400,5,2,16.996206283569336,0,8.7580774561502039E-05,0.050323683768510818,0,63.251113891601562,0,48.220809936523438,1.256590723991394,0,0
3,120,20400,6,2,17.07621955871582,0,0,0,0,65.669364929199219,0,48.464458465576172,1.6168429851531982,0,0
3,120,20400,7,2,17.446523666381836,0,0.0002520157431717962,0.047273837029933929,0,66.512863159179688,0,53.591632843017578,1.2459598779678345,0,0
3,120,20400,0,3,17.20976448059082,0,0.0040277885273098946,0.38031044602394104,0,82.669395446777344,0,50.329265594482422,0.32708016037940979,0,0
3,120,20400,1,3,16.684818267822266,0,0.00016092897567432374,0.048038523644208908,0,52.090950012207031,0,44.327835083007812,1.1997085809707642,0,0
3,120,20400,2,3,16.889570236206055,0,0,0,0,56.456268310546875,0,51.025321960449219,1.5296293497085571,0,0
3,120,20400,3,3,16.783363342285156,0,0,0,0,60.42132568359375,0,48.898277282714844,1.9383672475814819,0,0
3,120,20400,4,3,16.763753890991211,0,0,0,0,58.792636871337891,0,44.150257110595703,1.953471302986145,0,0
3,120,20400,5,3,16.771310806274414,0,0,0,0,60.843502044677734,0,43.965442657470703,1.8023247718811035,0,0
3,120,20400,6,3,16.727033615112305,0,0,0,0,62.675346374511719,0,42.38330078125,2.1140999794006348,0,0
3,120,20400,7,3,17.241641998291016,0,0.00014746497618034482,0.048293359577655792,0,65.302474975585938,0,48.004611968994141,1.0026167631149292,0,0
3,120,20400,0,4,17.799713134765625,0,0.0019152117893099785,0.29687249660491943,0,85.991310119628906,0,55.964035034179688,0.42047378420829773,0,0
3,120,20400,1,4,16.915878295898438,0,0,0,0,56.131847381591797,0,48.485424041748047,1.5204330682754517,0,0
3,120,20400,2,4,16.840011596679688,0,0,0,0,57.649971008300781,0,51.619148254394531,1.7742935419082642,0,0
3,120,20400,3,4,16.652063369750977,0,0,0,0,56.383201599121094,0,44.292560577392578,1.9313503503799438,0,0
3,120,20400,4,4,16.676553726196289,0,0,0,0,53.481956481933594,0,38.683429718017578,1.908748984336853,0,0
3,120,20400,5,4,16.662670135498047,0,0,0,0,57.805828094482422,0,41.026439666748047,2.0034618377685547,0,0
3,120,20400,6,4,16.968421936035156,0,2.0820825739065185E-05,0.016347151249647141,0,57.8822021484375,0,40.206256866455078,1.4768960475921631,0,0
3,120,20400,7,4,17.203031539916992,0,0.00017305805522482842,0.039512503892183304,0,63.329349517822266,0,45.794784545898438,1.1677402257919312,0,0
3,120,20400,0,5,17.590126037597656,0,0.00089096417650580406,0.14390626549720764,0,77.188079833984375,0,56.555011749267578,0.51145368814468384,0,0
3,120,20400,1,5,16.733644485473633,0,0,0,0,58.661708831787109,0,50.284832000732422,1.6340370178222656,0,0
3,120,20400,2,5,16.698820114135742,0,0,0,0,56.122360229492188,0,49.437835693359375,1.409642219543457,0,0
3,120,20400,3,5,16.584789276123047,0,0,0,0,52.902851104736328,0,41.622058868408203,2.019852876663208,0,0
3,120,20400,4,5,16.624841690063477,0,8.3666591308428906E-06,0.0070534609258174896,0,52.950405120849609,0,39.093849182128906,1.9598822593688965,0,0
3,120,20400,5,5,16.909786224365234,0,1.0183825907006394E-05,0.0079900398850440979,0,55.681285858154297,0,40.449474334716797,1.223839282989502,0,0
3,120,20400,6,5,16.999187469482422,0,0,0,0,57.163383483886719,0,43.301586151123047,1.6062626838684082,0,0
3,120,20400,7,5,17.459758758544922,0,0.00010336003470001742,0.033625040203332901,0,55.328746795654297,0,40.356540679931641,1.2577536106109619,0,0
3,120,20400,0,6,17.399412155151367,0,0.00050090026343241334,0.039646819233894348,0,69.458480834960938,0,53.412025451660156,0.51807230710983276,0,0
3,120,20400,1,6,16.678989410400391,0,0,0,0,52.68499755859375,0,46.401885986328125,1.7199627161026001,0,0
3,120,20400,2,6,16.669878005981445,0,0,0,0,54.584983825683594,0,48.791549682617188,1.777752161026001,0,0
3,120,20400,3,6,16.707983016967773,0,0,0,0,51.566757202148438,0,42.533737182617188,1.891905665397644,0,0
3,120,20400,4,6,16.819372177124023,0,2.971219373648637E-06,0.0042963922023773193,0,47.775466918945312,0,34.704559326171875,1.5133923292160034,0,0
3,120,20400,5,6,16.883930206298828,0,0,0,0,47.622211456298828,0,35.935527801513672,1.6274242401123047,0,0
3,120,20400,6,6,17.170278549194336,0,0,0,0,47.956840515136719,0,40.833045959472656,1.9341703653335571,0,0
3,120,20400,7,6,17.573135375976562,0,0.00025976469623856246,0.038103528320789337,0,51.985729217529297,0,42.595912933349609,1.4155987501144409,0,0
3,120,20400,0,7,17.500640869140625,0,0.00032670298242010176,0.036285080015659332,0,60.560394287109375,0,53.751575469970703,0.43810456991195679,0,0
3,120,20400,1,7,16.879917144775391,0,9.7020216344390064E-05,0.022096529603004456,0,52.019748687744141,0,46.679710388183594,1.1207414865493774,0,0
3,120,20400,2,7,16.943151473999023,0,6.1320497479755431E-05,0.061931546777486801,0,54.463363647460938,0,47.860801696777344,0.76180160045623779,0,0
3,120,20400,3,7,17.123012542724609,0,0.00012652062287088484,0.03205716609954834,0,53.305549621582031,0,44.296630859375,0.7118871808052063,0,0
3,120,20400,4,7,17.021705627441406,0,6.8938366894144565E-05,0.027891170233488083,0,50.194889068603516,0,42.046619415283203,1.0133576393127441,0,0
3,120,20400,5,7,17.155950546264648,0,0.00024427293101325631,0.036576446145772934,0,49.46368408203125,0,42.890270233154297,0.86736768484115601,0,0
3,120,20400,6,7,17.324251174926758,0,0.00045460349065251648,0.043637000024318695,0,48.606224060058594,0,46.981922149658203,0.98076814413070679,0,0
3,120,20400,7,7,17.772462844848633,0,0.00045676619629375637,0.047769110649824142,0,52.284275054931641,0,51.982448577880859,0.74955081939697266,0,0
3,150,21120,0,0,23.162708282470703,0,0.00056707044132053852,0.035083595663309097,0,70.227340698242188,0,62.707126617431641,0.36329638957977295,0,0
3,150,21120,1,0,22.903383255004883,0,0.0001073919702321291,0.022692032158374786,0,55.260833740234375,0,56.529029846191406,0.59012734889984131,0,2.0491255781962536E-05
3,150,21120,2,0,23.051218032836914,0,0.00029710991657339036,0.037156715989112854,0,53.511974334716797,0,55.303924560546875,0.72415071725845337,0,0
3,150,21120,3,0,23.189720153808594,0,0.00026576948584988713,0.039196684956550598,0,54.966209411621094,0,59.381935119628906,0.72184616327285767,0,0
3,150,21120,4,0,23.125953674316406,0,0.00019627850269898772,0.027615979313850403,0,55.283210754394531,0,60.158462524414062,0.61316722631454468,0,0
3,150,21120,5,0,23.270740509033203,0,0.00035031739389523864,0.036205857992172241,0,52.920463562011719,0,54.422599792480469,0.75535738468170166,0,0
3,150,21120,6,0,23.242088317871094,0,0.00018054390966426581,0.021963365375995636,0,50.664188385009766,0,45.684673309326172,0.75194871425628662,0,6.6154607338830829E-05
3,150,21120,7,0,23.449785232543945,0,0.00017413843306712806,0.044104143977165222,0,52.6884765625,0.011249999515712261,47.518238067626953,0.56809043884277344,0,0
3,150,21120,0,1,22.964418411254883,0,0.00046667948481626809,0.037382636219263077,0,71.113502502441406,0,60.652137756347656,0.49057766795158386,0,0
3,150,21120,1,1,22.388736724853516,0,0,0,0,50.643226623535156,0,51.779617309570312,1.3915883302688599,0,0
3,150,21120,2,1,22.3232421875,0,0,0,0,47.576148986816406,0,48.577228546142578,1.8276090621948242,0,0
3,150,21120,3,1,22.477573394775391,0,0,0,0,51.69769287109375,0,52.87542724609375,1.4193272590637207,0,0
3,150,21120,4,1,22.545574188232422,0,1.4824327365658974E-07,0.00023718923330307007,0,56.770923614501953,0,52.522163391113281,1.5518355369567871,0,0
3,150,21120,5,1,22.426620483398438,0,4.4232142499822658E-06,0.0037930645048618317,0,59.485824584960938,0,55.243568420410156,1.4769017696380615,0,0
3,150,21120,6,1,22.500040054321289,0,6.3835876062512398E-05,0.021958343684673309,0,59.870140075683594,0,53.45062255859375,0.81671804189682007,0,0
3,150,21120,7,1,23.069093704223633,0,0.00018087586795445532,0.040886141359806061,0,58.80279541015625,0.0018749999580904841,55.929168701171875,0.5563165545463562,0,0
3,150,21120,0,2,23.161941528320312,0,0.0007316529517993331,0.062261171638965607,0,79.579071044921875,0,60.330276489257812,0.46503782272338867,0,0
3,150,21120,1,2,22.358175277709961,0,6.9898647780064493E-05,0.04456232488155365,0,51.972885131835938,0,51.666843414306641,1.3386964797973633,0,0
3,150,21120,2,2,22.127620697021484,0,3.9675556763540953E-05,0.023650296032428741,0,52.512954711914062,0,51.444267272949219,1.484898567199707,0,0
3,150,21120,3,2,22.080089569091797,0,2.1394993382273242E-05,0.023876462131738663,0,58.982620239257812,0,52.694591522216797,1.0668318271636963,0,0
3,150,21120,4,2,22.244640350341797,0,2.2691800040774979E-05,0.0082585811614990234,0,60.827487945556641,0,51.381591796875,0.6496317982673645,0,0
3,150,21120,5,2,22.655906677246094,0,7.7868928201496601E-05,0.048777937889099121,0,61.773296356201172,0,53.487552642822266,0.75530189275741577,0,0
3,150,21120,6,2,22.740629196166992,0,0,0,0,64.10223388671875,0,53.818767547607422,1.1138162612915039,0,0
3,150,21120,7,2,23.13911247253418,0,0.00035272398963570595,0.052802387624979019,0,65.129714965820312,0,58.838325500488281,0.91123694181442261,0,0
3,150,21120,0,3,22.981813430786133,0,0.00073262251680716872,0.058820102363824844,0,80.457977294921875,0,56.382129669189453,0.24128231406211853,0,0
3,150,21120,1,3,22.317245483398438,0,0.00013019173638895154,0.043579105287790298,0,50.854660034179688,0,48.931541442871094,0.64671337604522705,0,0
3,150,21120,2,3,22.527187347412109,0,0,0,0,54.961780548095703,0,56.239166259765625,1.0379621982574463,0,0
3,150,21120,3,3,22.432397842407227,0,0,0,0,58.92791748046875,0,54.475292205810547,1.1466763019561768,0,0
3,150,21120,4,3,22.415550231933594,0,0,0,0,57.530200958251953,0,49.0389404296875,1.4371203184127808,0,0
3,150,21120,5,3,22.424715042114258,0,0,0,0,59.527248382568359,0,49.064990997314453,1.9104522466659546,0,0
3,150,21120,6,3,22.387081146240234,0,0,0,0,61.387279510498047,0,47.546222686767578,1.4043670892715454,0,0
3,150,21120,7,3,22.92719841003418,0,0.00023094259086064994,0.051102388650178909,0,64.200393676757812,0,53.063678741455078,1.1245270967483521,0,0
3,150,21120,0,4,23.517045974731445,0,0.00040887732757255435,0.047900430858135223,0,83.878959655761719,0,61.712753295898438,0.4102092981338501,0,0
3,150,21120,1,4,22.564355850219727,0,0,0,0,54.777454376220703,0,53.38116455078125,1.2281864881515503,0,0
3,150,21120,2,4,22.518096923828125,0,0,0,0,56.16473388671875,0,56.937328338623047,1.6622651815414429,0,0
3,150,21120,3,4,22.301399230957031,0,0,0,0,55.121417999267578,0,49.320400238037109,1.7057533264160156,0,0
3,150,21120,4,4,22.326869964599609,0,0,0,0,52.456691741943359,0,42.828971862792969,1.8107633590698242,0,0
3,150,21120,5,4,22.314165115356445,0,0,0,0,56.607654571533203,0,45.947154998779297,1.8113443851470947,0,0
3,150,21120,6,4,22.619224548339844,0,1.9381877791602165E-05,0.014961924403905869,0,56.716629028320312,0,44.585723876953125,1.3888332843780518,0,0
3,150,21120,7,4,22.87592887878418,0,0.00031178261269815266,0.041927520185709,0,62.160068511962891,0,50.498775482177734,1.007907509803772,0,0
3,150,21120,0,5,23.248897552490234,0,0.00039087006007321179,0.038664888590574265,0,75.164047241210938,0,62.337734222412109,0.44836583733558655,0,0
3,150,21120,1,5,22.37877082824707,0,0,0,0,57.192588806152344,0,55.839679718017578,1.1267547607421875,0,0
3,150,21120,2,5,22.359827041625977,0,0,0,0,54.742092132568359,0,54.624523162841797,1.7417724132537842,0,0
3,150,21120,3,5,22.225950241088867,0,0,0,0,51.813770294189453,0,45.886493682861328,1.7368928194046021,0,0
3,150,21120,4,5,22.273391723632812,0,8.6477184595423751E-06,0.0074552036821842194,0,51.923667907714844,0,43.230106353759766,1.4537583589553833,0,0
3,150,21120,5,5,22.556842803955078,0,1.5241676010191441E-06,0.0024386681616306305,0,54.523807525634766,0,44.783542633056641,1.5554230213165283,0,0
3,150,21120,6,5,22.65008544921875,0,0,0,0,55.938594818115234,0,47.755962371826172,1.1144096851348877,0,0
3,150,21120,7,5,23.12824821472168,0,0.00012919459550175816,0.036706529557704926,0,54.572669982910156,0,43.662673950195312,1.0761861801147461,0,0
3,150,21120,0,6,23.035402297973633,0,0.00044606250594370067,0.037124063819646835,0,67.635612487792969,0,58.727439880371094,0.50035440921783447,0,0
3,150,21120,1,6,22.320322036743164,0,0,0,0,51.460708618164062,0,50.893692016601562,1.4347518682479858,0,0
3,150,21120,2,6,22.3153076171875,0,0,0,0,53.271862030029297,0,53.609516143798828,1.6528310775756836,0,0
3,150,21120,3,6,22.348516464233398,0,0,0,0,50.493568420410156,0,46.336925506591797,1.5449507236480713,0,0
3,150,21120,4,6,22.463373184204102,0,3.0837650228932034E-06,0.0049340240657329559,0,46.942935943603516,0,37.539340972900391,1.3772683143615723,0,0
3,150,21120,5,6,22.52684211730957,0,0,0,0,46.761077880859375,0,38.856670379638672,1.4513115882873535,0,0
3,150,21120,6,6,22.809965133666992,0,0,0,0,46.960834503173828,0,43.818553924560547,1.3048169612884521,0,0
3,150,21120,7,6,23.244415283203125,0,0.00029915891354903579,0.04088914766907692,0,51.305038452148438,0,45.602218627929688,1.3796843290328979,0,0
3,150,21120,0,7,23.123544692993164,0,0.00026136421365663409,0.033102184534072876,0,59.472694396972656,0,57.785255432128906,0.43755939602851868,0,0
3,150,21120,1,7,22.503190994262695,0,8.8787033746484667E-05,0.021760836243629456,0,51.260948181152344,0,50.317363739013672,0.90784746408462524,0,0
3,150,21120,2,7,22.576417922973633,0,4.8752106522442773E-05,0.058701328933238983,0,53.587913513183594,0,51.686935424804688,1.1827502250671387,0,0
3,150,21120,3,7,22.753622055053711,0,0.00011350996646797284,0.030709907412528992,0,52.491706848144531,0,47.451072692871094,0.92722111940383911,0,0
3,150,21120,4,7,22.652828216552734,0,6.3267609220929444E-05,0.026414405554533005,0,49.629573822021484,0,44.817062377929688,0.83760541677474976,0,0
3,150,21120,5,7,22.784206390380859,0,0.0002166296326322481,0.034719310700893402,0,48.591526031494141,0,45.526603698730469,1.3216090202331543,0,0
3,150,21120,6,7,22.946727752685547,0,0.00046149780973792076,0.045319091528654099,0,47.631015777587891,0,49.646884918212891,1.1432161331176758,0,0
3,150,21120,7,7,23.424478530883789,0,0.00043688251753337681,0.048496473580598831,0,51.70367431640625,0,54.785114288330078,0.8015289306640625,0,0
3,180,21840,0,0,24.695327758789062,0,0.00062491552671417594,0.037743866443634033,0,68.015090942382812,0,63.655227661132812,0.12911082804203033,0,0
3,180,21840,1,0,24.446146011352539,0,9.1369154688436538E-05,0.021739151328802109,0,53.650161743164062,0,56.693592071533203,0.30041241645812988,0,1.8992537661688402E-05
3,180,21840,2,0,24.596569061279297,0,0.00029150917544029653,0.035821761935949326,0,51.992919921875,0,55.204830169677734,0.36937731504440308,0,0
3,180,21840,3,0,24.730915069580078,0,0.00026828385307453573,0.04148101806640625,0,53.288196563720703,0,59.389724731445312,0.26386263966560364,0,0
3,180,21840,4,0,24.665260314941406,0,0.0001895151799544692,0.024560742080211639,0,53.548835754394531,0,60.309284210205078,0.36285611987113953,0,0
3,180,21840,5,0,24.816530227661133,0,0.00033155293203890324,0.037485957145690918,0,51.434528350830078,0,54.255973815917969,0.34823420643806458,0,0
3,180,21840,6,0,24.792655944824219,0,0.0001851930283010006,0.021241664886474609,0,49.473331451416016,0,45.294277191162109,0.29657065868377686,0,6.1806727899238467E-05
3,180,21840,7,0,25.001649856567383,0,0.00017888762522488832,0.046144828200340271,0,51.370658874511719,0.03125,47.225948333740234,0.33378341794013977,0,0
3,180,21840,0,1,24.494636535644531,0,0.000459614850115031,0.038778312504291534,0,68.863136291503906,0,61.985507965087891,0.17141695320606232,0,0
3,180,21840,1,1,23.931312561035156,0,0,0,0,49.219474792480469,0,52.272941589355469,0.63445401191711426,0,0
3,180,21840,2,1,23.868419647216797,0,0,0,0,46.301727294921875,0,48.813003540039062,1.005592942237854,0,0
3,180,21840,3,1,24.020971298217773,0,0,0,0,50.240619659423828,0,53.300758361816406,0.738983154296875,0,0
3,180,21840,4,1,24.088754653930664,0,5.6708461215748684E-07,0.00090733543038368225,0,55.172595977783203,0,53.251869201660156,0.80479633808135986,0,0
3,180,21840,5,1,23.964282989501953,0,1.6762818631832488E-05,0.0094636343419551849,0,57.605323791503906,0,56.388019561767578,0.64864563941955566,0,0
3,180,21840,6,1,24.039030075073242,0,7.5109477620571852E-05,0.023744639009237289,0,58.059257507324219,0,54.562301635742188,0.48618468642234802,0,0
3,180,21840,7,1,24.611244201660156,0,0.00023557698295917362,0.045080546289682388,0,57.012882232666016,0.01249999925494194,56.590675354003906,0.33265194296836853,0,0
3,180,21840,0,2,24.690641403198242,0,0.00075304153142496943,0.063367284834384918,0,77.145347595214844,0,61.719203948974609,0.16148896515369415,0,0
3,180,21840,1,2,23.899589538574219,0,7.3130511736962944E-05,0.045772366225719452,0,50.398509979248047,0,52.634342193603516,0.63912004232406616,0,0
3,180,21840,2,2,23.66716194152832,0,5.428109216154553E-05,0.027152277529239655,0,50.861915588378906,0,52.590919494628906,0.6887357234954834,0,0
3,180,21840,3,2,23.618827819824219,0,2.0731175027322024E-05,0.028925914317369461,0,57.191635131835938,0,54.061008453369141,0.40177533030509949,0,0
3,180,21840,4,2,23.787109375,0,4.24326972279232E-05,0.012779135257005692,0,59.171821594238281,0,52.589702606201172,0.46240663528442383,0,0
3,180,21840,5,2,24.198387145996094,0,0.00011079182149842381,0.053770154714584351,0,60.079502105712891,0,54.595218658447266,0.59303855895996094,0,0
3,180,21840,6,2,24.281881332397461,0,0,0,0,62.306663513183594,0,55.046798706054688,0.60806441307067871,0,0
3,180,21840,7,2,24.683631896972656,0,0.00033725591492839158,0.055049892514944077,0,63.241874694824219,0,59.632896423339844,0.56657469272613525,0,0
3,180,21840,0,3,24.507377624511719,0,0.00073502864688634872,0.057621799409389496,0,77.841178894042969,0,57.736015319824219,0.11716841161251068,0,0
3,180,21840,1,3,23.860200881958008,0,0.00014400132931768894,0.045774452388286591,0,49.441436767578125,0,49.626850128173828,0.38810184597969055,0,0
3,180,21840,2,3,24.06477165222168,0,0,0,0,53.26568603515625,0,57.152122497558594,0.8060346245765686,0,0
3,180,21840,3,3,23.972467422485352,0,0,0,0,57.218067169189453,0,55.629222869873047,0.70683693885803223,0,0
3,180,21840,4,3,23.960838317871094,0,0,0,0,56.081890106201172,0,50.011611938476562,0.84356808662414551,0,0
3,180,21840,5,3,23.969064712524414,0,0,0,0,58.011898040771484,0,50.236785888671875,0.93968015909194946,0,0
3,180,21840,6,3,23.933420181274414,0,0,0,0,59.896633148193359,0,48.808639526367188,0.80619871616363525,0,0
3,180,21840,7,3,24.474199295043945,0,0.00020352742285467684,0.054378565400838852,0,62.496692657470703,0,53.976177215576172,0.42750641703605652,0,0
3,180,21840,0,4,25.043773651123047,0,0.00039803198887966573,0.047841601073741913,0,81.365325927734375,0,62.959884643554688,0.13435202836990356,0,0
3,180,21840,1,4,24.107141494750977,0,0,0,0,53.238216400146484,0,54.125755310058594,0.60623997449874878,0,0
3,180,21840,2,4,24.057008743286133,0,0,0,0,54.478542327880859,0,57.789413452148438,0.85594671964645386,0,0
3,180,21840,3,4,23.845949172973633,0,0,0,0,53.674392700195312,0,50.283958435058594,0.70909065008163452,0,0
3,180,21840,4,4,23.876653671264648,0,0,0,0,51.281135559082031,0,43.533493041992188,1.0580004453659058,0,0
3,180,21840,5,4,23.860647201538086,0,0,0,0,55.223285675048828,0,47.117145538330078,0.85608714818954468,0,0
3,180,21840,6,4,24.1663818359375,0,2.8320118872215971E-05,0.017821658402681351,0,55.374359130859375,0,45.606327056884766,0.46763262152671814,0,0
3,180,21840,7,4,24.422927856445312,0,0.00021568397642113268,0.044352710247039795,0,60.582210540771484,0,51.354465484619141,0.51781779527664185,0,0
3,180,21840,0,5,24.775644302368164,0,0.00042595123522914946,0.039987381547689438,0,72.785316467285156,0,63.593158721923828,0.15959906578063965,0,0
3,180,21840,1,5,23.918725967407227,0,0,0,0,55.516212463378906,0,56.815181732177734,0.58017861843109131,0,0
3,180,21840,2,5,23.901727676391602,0,0,0,0,53.172477722167969,0,55.349430084228516,0.82776200771331787,0,0
3,180,21840,3,5,23.772905349731445,0,0,0,0,50.572341918945312,0,46.427234649658203,0.75773853063583374,0,0
3,180,21840,4,5,23.82316780090332,0,8.7608204921707511E-06,0.0075829699635505676,0,50.747268676757812,0,43.858211517333984,0.84089863300323486,0,0
3,180,21840,5,5,24.10344123840332,0,6.8274071054474916E-06,0.0078326128423213959,0,53.197578430175781,0,45.707126617431641,0.60587459802627563,0,0
3,180,21840,6,5,24.195993423461914,0,0,0,0,54.537841796875,0,48.64105224609375,0.4680887758731842,0,0
3,180,21840,7,5,24.680803298950195,0,0.00013942091027274728,0.038187082856893539,0,53.369831085205078,0,43.967983245849609,0.58024108409881592,0,0
3,180,21840,0,6,24.565336227416992,0,0.00044021985377185047,0.03803243488073349,0,65.53668212890625,0,59.850387573242188,0.16742320358753204,0,0
3,180,21840,1,6,23.864505767822266,0,0,0,0,50.074321746826172,0,51.326316833496094,0.6652185320854187,0,0
3,180,21840,2,6,23.858125686645508,0,0,0,0,51.784313201904297,0,54.088401794433594,0.94368427991867065,0,0
3,180,21840,3,6,23.896049499511719,0,0,0,0,49.280780792236328,0,46.531703948974609,0.71000438928604126,0,0
3,180,21840,4,6,24.016502380371094,0,3.0976020752859768E-06,0.0049561634659767151,0,46.002162933349609,0,37.581356048583984,0.57856589555740356,0,0
3,180,21840,5,6,24.079090118408203,0,0,0,0,45.78857421875,0,38.952060699462891,0.72049462795257568,0,0
3,180,21840,6,6,24.358549118041992,0,0,0,0,45.843784332275391,0,43.865554809570312,0.64395314455032349,0,0
3,180,21840,7,6,24.796804428100586,0,0.00026425637770444155,0.03959285095334053,0,50.100143432617188,0,45.620510101318359,0.77652710676193237,0,0
3,180,21840,0,7,24.653865814208984,0,0.00030495476676151156,0.035997252911329269,0,57.626873016357422,0,58.189739227294922,0.15828932821750641,0,0
3,180,21840,1,7,24.04374885559082,0,9.6609925094526261E-05,0.023359246551990509,0,49.909999847412109,0,50.329208374023438,0.42653319239616394,0,0
3,180,21840,2,7,24.118429183959961,0,2.5261721020797268E-05,0.01662682369351387,0,52.179924011230469,0,51.728866577148438,0.4527173638343811,0,0
3,180,21840,3,7,24.297571182250977,0,0.00012441993749234825,0.032681867480278015,0,51.227527618408203,0,47.330562591552734,0.24994271993637085,0,0
3,180,21840,4,7,24.198614120483398,0,6.9980807893443853E-05,0.02791246771812439,0,48.473957061767578,0,44.546791076660156,0.3931240439414978,0,0
3,180,21840,5,7,24.330188751220703,0,0.00021506067423615605,0.036071047186851501,0,47.433635711669922,0,45.185791015625,0.47981306910514832,0,0
3,180,21840,6,7,24.489648818969727,0,0.00042774691246449947,0.043305788189172745,0,46.380767822265625,0,49.208034515380859,0.41281706094741821,0,0
3,180,21840,7,7,24.967546463012695,0,0.00045985920587554574,0.050017330795526505,0,50.247859954833984,0,54.301860809326172,0.35401833057403564,0,0
3,210,22560,0,0,21.352954864501953,0,0.00067014439264312387,0.037308353930711746,0,65.9427490234375,0,65.5787353515625,0.14421682059764862,0,0
3,210,22560,1,0,21.115390777587891,0,0.00011299947800580412,0.024100031703710556,0,52.156646728515625,0,57.498828887939453,0.49739706516265869,0,1.7607850168133155E-05
3,210,22560,2,0,21.263130187988281,0,0.00033562100725248456,0.039024055004119873,0,50.591442108154297,0,55.684268951416016,0.33609983325004578,0,0
3,210,22560,3,0,21.396636962890625,0,0.00032575087971054018,0.04526037722826004,0,51.740768432617188,0,59.978046417236328,0.43424928188323975,0,0
3,210,22560,4,0,21.333721160888672,0,0.00021595062571577728,0.026106473058462143,0,51.946453094482422,0,61.054203033447266,0.54325050115585327,0,0
3,210,22560,5,0,21.482946395874023,0,0.00036114954855293036,0.040989633649587631,0,50.062973022460938,0,54.620979309082031,0.35348346829414368,0,0
3,210,22560,6,0,21.470024108886719,0,0.00022269878536462784,0.023986615240573883,0,48.375232696533203,0,45.313552856445312,0.40620923042297363,0,5.77788487134967E-05
3,210,22560,7,0,21.659900665283203,0,0.0001747121277730912,0.04666600376367569,0,50.154388427734375,0.039999999105930328,47.407249450683594,0.27556455135345459,0,0
3,210,22560,0,1,21.160747528076172,0,0.00043912936234846711,0.037589550018310547,0,66.739814758300781,0,64.342803955078125,0.15337195992469788,0,0
3,210,22560,1,1,20.621400833129883,0,0,0,0,47.891799926757812,0,53.382213592529297,0.69787979125976562,0,0.00022722045832779258
3,210,22560,2,1,20.562503814697266,0,0,0,0,45.117301940917969,0,49.592586517333984,0.74880039691925049,0,0
3,210,22560,3,1,20.704254150390625,0,0,0,0,48.883621215820312,0,54.372722625732422,0.73037850856781006,0,0
3,210,22560,4,1,20.760263442993164,0,1.2184797924419399E-05,0.0086324438452720642,0,53.673038482666016,0,54.808712005615234,0.42709699273109436,0,0
3,210,22560,5,1,20.485336303710938,0,4.7480942157562822E-05,0.016023702919483185,0,55.845474243164062,0,58.665805816650391,0.25464710593223572,0,0
3,210,22560,6,1,20.153617858886719,0,0.00011721801274688914,0.029950361698865891,0,56.575588226318359,0,57.349868774414062,0.3356291651725769,0,0
3,210,22560,7,1,20.527080535888672,0,0.00012006137694697827,0.032265450805425644,0,55.524875640869141,0.021250000223517418,58.585659027099609,0.19539095461368561,0,0
3,210,22560,0,2,21.349592208862305,0,0.00072895485209301114,0.065030060708522797,0,74.835784912109375,0,64.159286499023438,0.097273774445056915,0,0
3,210,22560,1,2,20.580659866333008,0,3.8225411117309704E-05,0.027836203575134277,0,48.917251586914062,0,54.398647308349609,0.42798754572868347,0,0
3,210,22560,2,2,20.350734710693359,0,6.2178653024602681E-05,0.030325964093208313,0,49.305469512939453,0,54.702816009521484,0.45985081791877747,0,0
3,210,22560,3,2,20.295312881469727,0,1.9596216588979587E-05,0.027663998305797577,0,55.495853424072266,0,56.597263336181641,0.47622603178024292,0,0
3,210,22560,4,2,20.452302932739258,0,5.3123432735446841E-05,0.015368808060884476,0,57.605121612548828,0,54.883079528808594,0.62896937131881714,0,0
3,210,22560,5,2,20.863958358764648,0,0.0001267047191504389,0.055732946842908859,0,58.482955932617188,0,56.713581085205078,0.52051711082458496,0,0
3,210,22560,6,2,20.637094497680664,0,0,0,0,60.634296417236328,0,57.964923858642578,0.64484250545501709,0,0
3,210,22560,7,2,20.58863639831543,0,0.00022459968749899417,0.044773072004318237,0,61.536930084228516,0,62.32232666015625,0.34258225560188293,0,0
3,210,22560,0,3,21.167295455932617,0,0.00071601715171709657,0.062896952033042908,0,75.346755981445312,0,60.157497406005859,0.10664838552474976,0,0
3,210,22560,1,3,20.551939010620117,0,0.00013547405251301825,0.046078883111476898,0,48.116695404052734,0,51.018123626708984,0.59245723485946655,0,0
3,210,22560,2,3,20.749231338500977,0,0,0,0,51.676647186279297,0,58.868923187255859,0.62642735242843628,0,0
3,210,22560,3,3,20.647857666015625,0,0,0,0,55.604579925537109,0,57.770717620849609,0.76342403888702393,0,0
3,210,22560,4,3,20.639827728271484,0,0,0,0,54.711769104003906,0,51.833095550537109,0.77509379386901855,0,0
3,210,22560,5,3,20.645143508911133,0,0,0,0,56.572330474853516,0,52.361213684082031,0.72036635875701904,0,0
3,210,22560,6,3,20.598686218261719,0,0,0,0,58.477321624755859,0,51.162151336669922,0.76985657215118408,0,0
3,210,22560,7,3,21.066146850585938,0,0.00018394479411654174,0.048330351710319519,0,60.891506195068359,0,56.021984100341797,0.18531093001365662,0,0
3,210,22560,0,4,21.700077056884766,0,0.00036855947109870613,0.05109376460313797,0,78.980392456054688,0,65.18792724609375,0.11219999194145203,0,0
3,210,22560,1,4,20.786182403564453,0,0,0,0,51.795890808105469,0,55.593059539794922,0.61146044731140137,0,0
3,210,22560,2,4,20.737651824951172,0,0,0,0,52.899745941162109,0,59.44757080078125,0.58394825458526611,0,0
3,210,22560,3,4,20.527963638305664,0,0,0,0,52.308067321777344,0,52.077136993408203,0.68280822038650513,0,0
3,210,22560,4,4,20.562740325927734,0,0,0,0,50.170372009277344,0,44.88067626953125,0.83620768785476685,0,0
3,210,22560,5,4,20.541007995605469,0,0,0,0,53.905330657958984,0,49.159687042236328,0.62499260902404785,0,0
3,210,22560,6,4,20.835000991821289,0,4.1842678911052644E-05,0.01524631679058075,0,54.098968505859375,0,47.356124877929688,0.41754069924354553,0,0
3,210,22560,7,4,21.075872421264648,0,0.00014312061830423772,0.038906875997781754,0,59.089111328125,0,53.077892303466797,0.35737738013267517,0,0
3,210,22560,0,5,21.441860198974609,0,0.00042493827641010284,0.040232215076684952,0,70.544975280761719,0,65.811943054199219,0.16685664653778076,0,0
3,210,22560,1,5,20.597856521606445,0,0,0,0,53.941085815429688,0,58.704982757568359,0.64388483762741089,0,0
3,210,22560,2,5,20.582582473754883,0,0,0,0,51.703601837158203,0,56.870212554931641,0.51717805862426758,0,0
3,210,22560,3,5,20.464311599731445,0,0,0,0,49.406673431396484,0,47.621353149414062,0.86077308654785156,0,0
3,210,22560,4,5,20.510046005249023,0,9.1282390712876804E-06,0.0087853223085403442,0,49.638515472412109,0,45.134567260742188,0.62019962072372437,0,0
3,210,22560,5,5,20.787240982055664,0,6.8540871325240005E-06,0.0088196136057376862,0,51.941413879394531,0,47.335445404052734,0.385896235704422,0,0
3,210,22560,6,5,20.875297546386719,0,0,0,0,53.214462280273438,0,50.250728607177734,0.66487413644790649,0,0
3,210,22560,7,5,21.353378295898438,0,9.7202500910498202E-05,0.032507773488759995,0,52.243446350097656,0,44.759197235107422,0.29307198524475098,0,0
3,210,22560,0,6,21.241825103759766,0,0.00042860611574724317,0.038405343890190125,0,63.559513092041016,0,61.823905944824219,0.13183015584945679,0,0
3,210,22560,1,6,20.55244255065918,0,0,0,0,48.781013488769531,0,52.417633056640625,0.64648276567459106,0,0
3,210,22560,2,6,20.542652130126953,0,0,0,0,50.397346496582031,0,55.293853759765625,0.59275335073471069,0,0
3,210,22560,3,6,20.588024139404297,0,0,0,0,48.151130676269531,0,47.298431396484375,0.59350413084030151,0,0
3,210,22560,4,6,20.712121963500977,0,3.8299103835015558E-06,0.0061278566718101501,0,45.125106811523438,0,38.042369842529297,0.51256197690963745,0,0
3,210,22560,5,6,20.774049758911133,0,0,0,0,44.881233215332031,0,39.449577331542969,0.50792425870895386,0,0
3,210,22560,6,6,21.051435470581055,0,0,0,0,44.806655883789062,0,44.283756256103516,0.65269827842712402,0,0
3,210,22560,7,6,21.467897415161133,0,0.0002061673003481701,0.035395160317420959,0,48.981311798095703,0,46.061252593994141,0.38364091515541077,0,0
3,210,22560,0,7,21.34739875793457,0,0.00030188239179551601,0.035595178604125977,0,55.908203125,0,59.178428649902344,0.094987139105796814,0,0
3,210,22560,1,7,20.747732162475586,0,7.8906981798354536E-05,0.021564692258834839,0,48.656925201416016,0,50.848659515380859,0.22317209839820862,0,0
3,210,22560,2,7,20.812885284423828,0,1.0368968105467502E-05,0.013700302690267563,0,50.872074127197266,0,52.339035034179688,0.095906533300876617,0,0
3,210,22560,3,7,20.997104644775391,0,0.00010524405661271885,0.030257996171712875,0,50.055740356445312,0,47.688808441162109,0.14138986170291901,0,0
3,210,22560,4,7,20.901592254638672,0,5.2404593589017168E-05,0.025145664811134338,0,47.405155181884766,0,44.676734924316406,0.18749567866325378,0,0
3,210,22560,5,7,21.03125,0,0.00018859561532735825,0.032916903495788574,0,46.366077423095703,0,45.210826873779297,0.12202244997024536,0,0
3,210,22560,6,7,21.191242218017578,0,0.00037303488352335989,0.040395133197307587,0,45.234291076660156,0,49.115161895751953,0.13282151520252228,0,0
3,210,22560,7,7,21.648027420043945,0,0.00039736312464810908,0.046559758484363556,0,48.916572570800781,0,54.209053039550781,0.070728980004787445,0,0
3,240,23280,0,0,14.117034912109375,0,0.00073488178895786405,0.040633160620927811,0,64.210891723632812,0,77.51220703125,0.054475151002407074,0,0
3,240,23280,1,0,13.890625,0,0.00018369741155765951,0.026465460658073425,0,50.919200897216797,0,66.280380249023438,0.17284244298934937,0,1.6294956367346458E-05
3,240,23280,2,0,14.032378196716309,0,0.00038767702062614262,0.042540639638900757,0,49.446174621582031,0,63.753383636474609,0.15617264807224274,0,0
3,240,23280,3,0,14.167908668518066,0,0.00033954798709601164,0.045449413359165192,0,50.476924896240234,0,68.726974487304688,0.16100290417671204,0,0
3,240,23280,4,0,14.112162590026855,0,0.00027562901959754527,0.030188661068677902,0,50.630992889404297,0,70.189910888671875,0.17809563875198364,0,0
3,240,23280,5,0,14.251115798950195,0,0.00036552478559315205,0.042405847460031509,0,48.945457458496094,0,62.397850036621094,0.15851812064647675,0,0
3,240,23280,6,0,14.249585151672363,0,0.0002567361225374043,0.026765704154968262,0,47.48028564453125,0,51.439888000488281,0.18194210529327393,0,5.3978532378096133E-05
3,240,23280,7,0,14.420421600341797,0,0.00021836953237652779,0.050631973892450333,0,49.163257598876953,0.046250000596046448,54.074520111083984,0.12177956104278564,0,0
3,240,23280,0,1,13.940014839172363,0,0.00059814756968989968,0.042791496962308884,0,64.939201354980469,0,76.859786987304688,0.12393642216920853,0,0
3,240,23280,1,1,13.438396453857422,0,0,0,0,46.779521942138672,0,62.018882751464844,0.47809460759162903,0,0.00021072807430755347
3,240,23280,2,1,13.383865356445312,0,0,0,0,44.12969970703125,0,57.245021820068359,0.49378198385238647,0,0
3,240,23280,3,1,13.507391929626465,0,0,0,0,47.748058319091797,0,63.085472106933594,0.48977938294410706,0,0
3,240,23280,4,1,13.485038757324219,0,2.444182064209599E-05,0.013213632628321648,0,52.488399505615234,0,64.450485229492188,0.47291281819343567,0,0
3,240,23280,5,1,13.384764671325684,0,7.4650488386396319E-05,0.018625210970640182,0,55.131080627441406,0,70.108406066894531,0.4101938009262085,0,0
3,240,23280,6,1,13.330440521240234,0,0.00012666206748690456,0.030792325735092163,0,57.152885437011719,0,69.0433349609375,0.2234819084405899,0,0
3,240,23280,7,1,13.865739822387695,0,0.00017485184071119875,0.035857174545526505,0,55.907249450683594,0.023125000298023224,69.563514709472656,0.07953701913356781,0,0
3,240,23280,0,2,14.116755485534668,0,0.0008535564411431551,0.10216008126735687,0,72.852767944335938,0,76.844833374023438,0.1089162603020668,0,0
3,240,23280,1,2,13.373333930969238,0,5.0955655751749873E-05,0.034672092646360397,0,47.658561706542969,0,64.283493041992188,0.44080144166946411,0,0
3,240,23280,2,2,13.156676292419434,0,9.9410317488946021E-05,0.037297610193490982,0,47.977203369140625,0,65.15875244140625,0.38209113478660583,0,0
3,240,23280,3,2,13.011362075805664,0,4.4770349632017314E-05,0.036726787686347961,0,54.038494110107422,0,67.913055419921875,0.28218835592269897,0,0
3,240,23280,4,2,12.763130187988281,0,9.9479671916924417E-05,0.021472718566656113,0,56.581520080566406,0,65.820907592773438,0.144455686211586,0,0
3,240,23280,5,2,13.17121410369873,0,0.00045057557872496545,0.50480037927627563,0,58.856903076171875,0,68.495796203613281,0.20739883184432983,0,0
3,240,23280,6,2,13.032834053039551,0,0,0,0,63.023788452148438,0,70.688217163085938,0.33648350834846497,0,0
3,240,23280,7,2,13.473440170288086,0,0.00024045357713475823,0.035732410848140717,0,63.150337219238281,0,74.646575927734375,0.20750533044338226,0,0
3,240,23280,0,3,13.937793731689453,0,0.00094470911426469684,0.098085023462772369,0,73.157249450683594,0,72.176300048828125,0.04568520188331604,0,0
3,240,23280,1,3,13.378459930419922,0,0.0001832262787502259,0.05397975817322731,0,47.00286865234375,0,59.827373504638672,0.20473113656044006,0,0
3,240,23280,2,3,13.432422637939453,0,7.2069965426635463E-06,0.0067808143794536591,0,50.338024139404297,0,69.269195556640625,0.2217547744512558,0,0
3,240,23280,3,3,13.272336959838867,0,0,0,0,54.254955291748047,0,68.783798217773438,0.35602918267250061,0,0
3,240,23280,4,3,12.922959327697754,0,0,0,0,53.6331787109375,0,61.482398986816406,0.44510927796363831,0,0
3,240,23280,5,3,12.87937068939209,0,0,0,0,55.746059417724609,0,62.980583190917969,0.55337458848953247,0,0
3,240,23280,6,3,12.663114547729492,0,0,0,0,60.021415710449219,0,62.345420837402344,0.47219309210777283,0,0
3,240,23280,7,3,13.270881652832031,0,0.00026048123254440725,0.052432704716920853,0,61.824539184570312,0,67.042465209960938,0.26115205883979797,0,0
3,240,23280,0,4,14.459430694580078,0,0.00048667346709407866,0.053230591118335724,0,76.941291809082031,0,77.803153991699219,0.094323955476284027,0,0
3,240,23280,1,4,13.583537101745605,0,0,0,0,50.579196929931641,0,65.150497436523438,0.41414320468902588,0,0
3,240,23280,2,4,13.537688255310059,0,0,0,0,51.567386627197266,0,69.771408081054688,0.46892395615577698,0,0
3,240,23280,3,4,13.070333480834961,0,0,0,0,51.156970977783203,0,61.718368530273438,0.61643224954605103,0,0
3,240,23280,4,4,13.184765815734863,0,0,0,0,49.324447631835938,0,52.916194915771484,0.54544514417648315,0,0
3,240,23280,5,4,12.731874465942383,0,0,0,0,53.1827392578125,0,58.842678070068359,0.53352129459381104,0,0
3,240,23280,6,4,12.955039024353027,0,6.2477964092977345E-05,0.016782017424702644,0,53.69000244140625,0,56.672584533691406,0.49193224310874939,0,0
3,240,23280,7,4,13.253708839416504,0,0.00020697723084595054,0.043753407895565033,0,59.552101135253906,0,63.385902404785156,0.22659280896186829,0,0
3,240,23280,0,5,14.220499038696289,0,0.00052994891302660108,0.043460145592689514,0,68.648445129394531,0,78.407203674316406,0.084434375166893005,0,0
3,240,23280,1,5,13.397096633911133,0,0,0,0,52.603015899658203,0,69.28472900390625,0.39557713270187378,0,0
3,240,23280,2,5,13.38416862487793,0,0,0,0,50.464332580566406,0,66.561172485351562,0.47050532698631287,0,0
3,240,23280,3,5,13.262289047241211,0,0,0,0,48.42010498046875,0,55.704479217529297,0.52255004644393921,0,0
3,240,23280,4,5,13.306264877319336,0,2.0116309315199032E-05,0.017846930772066116,0,48.698009490966797,0,53.073505401611328,0.47804912924766541,0,0
3,240,23280,5,5,13.402379035949707,0,1.9017747035832144E-05,0.016883604228496552,0,50.900119781494141,0,56.23150634765625,0.40795627236366272,0,0
3,240,23280,6,5,12.961424827575684,0,0,0,0,52.396968841552734,0,59.464241027832031,0.35016599297523499,0,0
3,240,23280,7,5,13.598270416259766,0,7.8660523286089301E-05,0.036397844552993774,0,51.499141693115234,0,51.971767425537109,0.27558064460754395,0,0
3,240,23280,0,6,14.035987854003906,0,0.00052619521738961339,0.039761509746313095,0,61.891223907470703,0,73.422538757324219,0.11866346001625061,0,0
3,240,23280,1,6,13.362669944763184,0,0,0,0,47.69561767578125,0,60.888584136962891,0.48604846000671387,0,0
3,240,23280,2,6,13.350369453430176,0,0,0,0,49.233390808105469,0,64.260147094726562,0.43771696090698242,0,0
3,240,23280,3,6,13.404306411743164,0,0,0,0,47.206119537353516,0,54.673763275146484,0.55966275930404663,0,0
3,240,23280,4,6,13.491180419921875,0,1.2950726159033366E-05,0.015565181151032448,0,44.393772125244141,0,43.863143920898438,0.43026211857795715,0,0
3,240,23280,5,6,13.56295108795166,0,0,0,0,44.123619079589844,0,45.518814086914062,0.37215346097946167,0,0
3,240,23280,6,6,13.681026458740234,0,3.94593553210143E-06,0.0063134972006082535,0,43.950092315673828,0,50.816486358642578,0.53864264488220215,0,0
3,240,23280,7,6,14.004412651062012,0,0.0002649222151376307,0.041064195334911346,0,48.106826782226562,0,52.903202056884766,0.32991889119148254,0,0
3,240,23280,0,7,14.176760673522949,0,0.00033810315653681755,0.040018491446971893,0,54.482723236083984,0,68.6484375,0.074297554790973663,0,0
3,240,23280,1,7,13.59302806854248,0,0.00010691257921280339,0.023111563175916672,0,47.618797302246094,0,58.274528503417969,0.26182305812835693,0,0
3,240,23280,2,7,13.646410942077637,0,2.035931174759753E-05,0.017592377960681915,0,49.787391662597656,0,60.080699920654297,0.26578924059867859,0,0
3,240,23280,3,7,13.83186149597168,0,0.00010950887372018769,0.032403223216533661,0,49.087352752685547,0,54.508045196533203,0.20578840374946594,0,0
3,240,23280,4,7,13.741644859313965,0,7.7434124250430614E-05,0.028128720819950104,0,46.524932861328125,0,50.805377960205078,0.23719915747642517,0,0
3,240,23280,5,7,13.8704833984375,0,0.00021521393500734121,0.037313029170036316,0,45.498039245605469,0,51.231815338134766,0.31390976905822754,0,0
3,240,23280,6,7,14.036728858947754,0,0.00042029577889479697,0.045442961156368256,0,44.311641693115234,0,55.403690338134766,0.3102460503578186,0,0
3,240,23280,7,7,14.464963912963867,0,0.00041598087409511209,0.050224050879478455,0,47.847808837890625,0,61.149997711181641,0.15934273600578308,0,0
3,270,24000,0,0,4.796226978302002,0,0.0016539738280698657,0.28507202863693237,0,62.931930541992188,0,87.942100524902344,0.037046190351247787,0,0
3,270,24000,1,0,4.541020393371582,0,0.00023191190848592669,0.030363120138645172,0,50.010475158691406,0,73.706672668457031,0.051237925887107849,0,1.501832502981415E-05
3,270,24000,2,0,4.678375244140625,0,0.00048522133147343993,0.077347934246063232,0,48.621932983398438,0,70.725784301757812,0.056646112352609634,0,0
3,270,24000,3,0,4.8174152374267578,0,0.00056840089382603765,0.25920405983924866,0,49.560169219970703,0,76.438545227050781,0.078255593776702881,0,0
3,270,24000,4,0,4.7690753936767578,0,0.00030666746897622943,0.032730512320995331,0,49.671604156494141,0,78.190422058105469,0.053890585899353027,0,0
3,270,24000,5,0,4.8946523666381836,0,0.00045640085591003299,0.076321735978126526,0,48.154159545898438,0,69.309867858886719,0.057743605226278305,0,0
3,270,24000,6,0,4.8979458808898926,0,0.00033385306596755981,0.030680801719427109,0,46.910545349121094,0,57.032741546630859,0.075828500092029572,0,5.029567182646133E-05
3,270,24000,7,0,5.0608706474304199,0,0.00055844412418082356,0.52592277526855469,0,48.451217651367188,0.051249999552965164,60.156501770019531,0.060114149004220963,0,0
3,270,24000,0,1,4.6257290840148926,0,0.0011822768719866872,0.33113241195678711,0,63.581756591796875,0,87.644264221191406,0.085452750325202942,0,0
3,270,24000,1,1,4.0255894660949707,0,0,0,0,46.002788543701172,0,68.897239685058594,0.21558587253093719,0,0.00019455728761386126
3,270,24000,2,1,4.0321803092956543,0,0,0,0,43.407741546630859,0,63.327526092529297,0.3707575798034668,0,0
3,270,24000,3,1,3.9877674579620361,0,0,0,0,47.003318786621094,0,70.018074035644531,0.2892431914806366,0,0
3,270,24000,4,1,4.0326542854309082,0,6.5877524320967495E-05,0.019714748486876488,0,51.835460662841797,0,71.97406005859375,0.25612732768058777,0,0
3,270,24000,5,1,3.8116106986999512,0,0.00016178403166122735,0.027180736884474754,0,56.083282470703125,0,78.365180969238281,0.2913740873336792,0,0
3,270,24000,6,1,3.9091196060180664,0,0.00017604818276595324,0.035228490829467773,0,59.259193420410156,0,77.050582885742188,0.15489561855792999,0,0
3,270,24000,7,1,4.5231738090515137,0,0.00084410456474870443,0.44197919964790344,0,57.116966247558594,0.026249999180436134,77.417732238769531,0.076596029102802277,0,0
3,270,24000,0,2,4.8031630516052246,0,0.0073305177502334118,0.68373531103134155,0,71.337738037109375,0,87.866714477539062,0.095137760043144226,0,0
3,270,24000,1,2,3.8658914566040039,0,8.6666572315152735E-05,0.039561629295349121,0,46.928821563720703,0,72.025596618652344,0.24998965859413147,0,0
3,270,24000,2,2,3.5841469764709473,0,0.00016015650180634111,0.044235873967409134,0,47.993659973144531,0,72.980178833007812,0.35428053140640259,0,0
3,270,24000,3,2,3.4200375080108643,0,7.7610289736185223E-05,0.040482405573129654,0,55.385948181152344,0,75.917449951171875,0.2124197781085968,0,0
3,270,24000,4,2,3.5695819854736328,0,0.0001273866364499554,0.02460717037320137,0,58.980579376220703,0,73.268707275390625,0.15419748425483704,0,0
3,270,24000,5,2,3.9516885280609131,0,0.00096527626737952232,0.6655656099319458,0,61.489002227783203,0,76.414604187011719,0.19523407518863678,0,0
3,270,24000,6,2,4.0374588966369629,0,0,0,0,66.042793273925781,0,78.998931884765625,0.21736191213130951,0,0
3,270,24000,7,2,4.448646068572998,0,0.0020860896911472082,0.43586111068725586,0,64.862922668457031,0,82.955154418945312,0.15583503246307373,0,0
3,270,24000,0,3,4.5855417251586914,0,0.0083446446806192398,0.72767370939254761,0,71.505424499511719,0,82.41363525390625,0.037989899516105652,0,0
3,270,24000,1,3,3.7508072853088379,0,0.0013993452303111553,0.6593853235244751,0,46.372970581054688,0,66.649917602539062,0.13736113905906677,0,0
3,270,24000,2,3,3.8590407371520996,0,1.5870877177803777E-05,0.010802432894706726,0,50.366947174072266,0,77.316749572753906,0.23720870912075043,0,0
3,270,24000,3,3,3.6992683410644531,0,0,0,0,55.272716522216797,0,76.899246215820312,0.29866421222686768,0,0
3,270,24000,4,3,3.7078366279602051,0,0,0,0,55.432170867919922,0,68.487380981445312,0.27692148089408875,0,0
3,270,24000,5,3,3.7195820808410645,0,0,0,0,58.256153106689453,0,70.361488342285156,0.39580202102661133,0,0
3,270,24000,6,3,3.7152271270751953,0,0,0,0,62.949054718017578,0,69.712196350097656,0.27175259590148926,0,0
3,270,24000,7,3,4.2910599708557129,0,0.001225314917974174,0.63602423667907715,0,63.870590209960938,0,74.778495788574219,0.12470712512731552,0,0
3,270,24000,0,4,5.1441917419433594,0,0.0021167017985135317,0.58736461400985718,0,75.384735107421875,0,89.302444458007812,0.057478703558444977,0,0
3,270,24000,1,4,4.061255931854248,0,0,0,0,49.801429748535156,0,72.770729064941406,0.2257765531539917,0,0
3,270,24000,2,4,3.9997854232788086,0,1.5853862350923009E-05,0.0054505467414855957,0,50.76220703125,0,78.005393981933594,0.38220098614692688,0,0
3,270,24000,3,4,3.600081205368042,0,0,0,0,51.286216735839844,0,68.940895080566406,0.31381651759147644,0,0
3,270,24000,4,4,3.6125845909118652,0,0,0,0,49.571910858154297,0,58.891883850097656,0.35408312082290649,0,0
3,270,24000,5,4,3.6265981197357178,0,0,0,0,55.709915161132812,0,65.840156555175781,0.38664516806602478,0,0
3,270,24000,6,4,3.9516556262969971,0,8.4418104961514473E-05,0.020833170041441917,0,56.465259552001953,0,63.514545440673828,0.20107461512088776,0,0
3,270,24000,7,4,4.2568726539611816,0,0.00093324406770989299,0.54378616809844971,0,61.776645660400391,0,70.82489013671875,0.1258598119020462,0,0
3,270,24000,0,5,4.9042153358459473,0,0.0013200733810663223,0.47342577576637268,0,67.204902648925781,0,89.717811584472656,0.068327389657497406,0,0
3,270,24000,1,5,3.9695909023284912,0,0,0,0,51.632133483886719,0,77.60894775390625,0.20819611847400665,0,0
3,270,24000,2,5,4.0020551681518555,0,0,0,0,49.5455322265625,0,74.164016723632812,0.31063872575759888,0,0
3,270,24000,3,5,3.6957991123199463,0,0,0,0,47.864540100097656,0,61.852352142333984,0.36793261766433716,0,0
3,270,24000,4,5,3.6432735919952393,0,2.9005705073359422E-05,0.022836711257696152,0,48.413951873779297,0,59.016132354736328,0.31497791409492493,0,0
3,270,24000,5,5,3.8576197624206543,0,1.4708049093314912E-05,0.011608082801103592,0,52.049606323242188,0,62.932044982910156,0.2445807158946991,0,0
3,270,24000,6,5,3.9631812572479248,0,0,0,0,54.885822296142578,0,66.397857666015625,0.21759703755378723,0,0
3,270,24000,7,5,4.5225963592529297,0,0.00038315236452035606,0.48996788263320923,0,52.931606292724609,0,57.869186401367188,0.15838010609149933,0,0
3,270,24000,0,6,4.7281761169433594,0,0.00075240089790895581,0.096380218863487244,0,60.633861541748047,0,83.778182983398438,0.067981518805027008,0,0
3,270,24000,1,6,3.9850163459777832,0,0,0,0,46.885494232177734,0,67.573013305664062,0.23038764297962189,0,0
3,270,24000,2,6,3.9861910343170166,0,0,0,0,48.365566253662109,0,71.289436340332031,0.3885360062122345,0,0
3,270,24000,3,6,3.9373226165771484,0,1.7681868484942243E-06,0.0028290990740060806,0,46.508884429931641,0,60.520069122314453,0.29831203818321228,0,0
3,270,24000,4,6,4.107086181640625,0,2.1933574316790327E-05,0.020597774535417557,0,43.905403137207031,0,48.603874206542969,0.21882155537605286,0,0
3,270,24000,5,6,4.002997875213623,0,0,0,0,44.224300384521484,0,50.342262268066406,0.27929931879043579,0,0
3,270,24000,6,6,4.1726064682006836,0,6.2561989579990041E-06,0.010009918361902237,0,44.461009979248047,0,56.130363464355469,0.25783827900886536,0,0
3,270,24000,7,6,4.6172280311584473,0,0.00098550179973244667,0.46890529990196228,0,48.691574096679688,0,58.663627624511719,0.19796532392501831,0,0
3,270,24000,0,7,4.8901052474975586,0,0.00052878085989505053,0.080858133733272552,0,53.419948577880859,0,77.431571960449219,0.065149165689945221,0,0
3,270,24000,1,7,4.3100886344909668,0,0.00024549639783799648,0.036594115197658539,0,46.857364654541016,0,64.473365783691406,0.17228592932224274,0,0
3,270,24000,2,7,4.3681111335754395,0,8.1558384408708662E-05,0.025381609797477722,0,48.985427856445312,0,66.484909057617188,0.20712567865848541,0,0
3,270,24000,3,7,4.546424388885498,0,0.00021778741211164743,0.077773004770278931,0,48.374786376953125,0,60.368095397949219,0.15770553052425385,0,0
3,270,24000,4,7,4.4550752639770508,0,0.00018794475181493908,0.037042565643787384,0,45.881019592285156,0,56.098758697509766,0.13655556738376617,0,0
3,270,24000,5,7,4.5838203430175781,0,0.00041925607365556061,0.14592313766479492,0,44.871994018554688,0,56.531726837158203,0.23568227887153625,0,0
3,270,24000,6,7,4.744809627532959,0,0.0023518905509263277,0.54373937845230103,0,43.651386260986328,0,61.070758819580078,0.22180517017841339,0,0
3,270,24000,7,7,5.1560492515563965,0,0.00084636785322800279,0.50820755958557129,0,47.078880310058594,0,67.599601745605469,0.1377560943365097,0,0
3,300,24720,0,0,-2.673633337020874,0,0.0094435065984725952,1.0338103771209717,0,62.318016052246094,0,88.793220520019531,0.053588468581438065,0,0
3,300,24720,1,0,-2.9205191135406494,3.2791799640108366E-06,0.00078022212255746126,0.63839828968048096,0,49.546031951904297,0,73.790367126464844,0.19846773147583008,0,1.3823947483615484E-05
3,300,24720,2,0,-2.8028650283813477,0.00010461183410370722,0.003404026385396719,0.67065572738647461,0,48.228427886962891,0,70.789382934570312,0.21599258482456207,0,0
3,300,24720,3,0,-2.6487936973571777,9.2271206085570157E-05,0.0047453911975026131,0.67040085792541504,0,49.094520568847656,0,76.707527160644531,0.18894648551940918,0,0
3,300,24720,4,0,-2.7231786251068115,0.00017128173203673214,0.0019258504034951329,0.64148753881454468,0,49.180713653564453,0,78.502212524414062,0.27061402797698975,0,0
3,300,24720,5,0,-2.593425989151001,0.0003126351220998913,0.0059808283112943172,0.66348123550415039,0,47.786628723144531,0,69.478843688964844,0.18221347033977509,0,0
3,300,24720,6,0,-2.5450387001037598,4.7194957915053237E-06,0.0012766513973474503,0.6393280029296875,0,46.633956909179688,0,57.057888031005859,0.18915301561355591,0,4.6821125579299405E-05
3,300,24720,7,0,-2.3627517223358154,2.3631371732335538E-05,0.0012906172778457403,0.66477406024932861,0,48.08197021484375,0.054375000298023224,60.351123809814453,0.1529034823179245,0,0
3,300,24720,0,1,-2.8935172557830811,3.8378537283279002E-05,0.017539499327540398,0.91606450080871582,0,63.083244323730469,0,88.457687377929688,0.064009971916675568,0,0
3,300,24720,1,1,-3.3995232582092285,0.00029033847386017442,0,0,0,45.638381958007812,0,68.671165466308594,0.25907611846923828,0,0.00017935124924406409
3,300,24720,2,1,-3.4836180210113525,0.00022194995835889131,0,0,0,43.123252868652344,0,62.910572052001953,0.39348256587982178,0,0
3,300,24720,3,1,-3.3780133724212646,0.00018395425286144018,0,0,0,46.901165008544922,0,69.722885131835938,0.28023472428321838,0,0
3,300,24720,4,1,-3.4183201789855957,0.00095658859936520457,9.1909256298094988E-05,0.022427484393119812,0,52.35955810546875,0,71.763832092285156,0.22162693738937378,0,0
3,300,24720,5,1,-3.4671487808227539,0.0022823172621428967,0.00022337610425893217,0.029151372611522675,0,57.891807556152344,0,78.235137939453125,0.17524392902851105,0,0
3,300,24720,6,1,-3.3264374732971191,0.0019633457995951176,0.00020709096861537546,0.036615744233131409,0,60.875820159912109,0,77.044822692871094,0.17831580340862274,0,0
3,300,24720,7,1,-2.7213633060455322,0.0015659349737688899,0.0023954168427735567,0.66475850343704224,0,58.044670104980469,0.025624999776482582,77.71514892578125,0.11790557205677032,0,0
3,300,24720,0,2,-2.7881431579589844,0.00022448983509093523,0.019736293703317642,1.111335277557373,0,70.919441223144531,0,88.786331176757812,0.028390230610966682,0,0
3,300,24720,1,2,-3.5351943969726562,0.0006629131967201829,0.00049091834807768464,0.62470555305480957,0,47.065071105957031,0,71.852027893066406,0.19398756325244904,0,0
3,300,24720,2,2,-3.7524476051330566,0.0017539405962452292,0.00057757721515372396,0.64342695474624634,0,49.040287017822266,0,72.613533020019531,0.27201980352401733,0,0
3,300,24720,3,2,-3.7847328186035156,0.0019164637196809053,0.00011093882494606078,0.042030185461044312,0,57.1104736328125,0,75.541015625,0.22754186391830444,0,0
3,300,24720,4,2,-3.5855543613433838,0.0023253776598721743,0.00016080345085356385,0.027513427659869194,0,60.962455749511719,0,73.038154602050781,0.31271535158157349,0,0
3,300,24720,5,2,-3.2120106220245361,0.0017540202243253589,0.00097836274653673172,0.66670238971710205,0,63.252704620361328,0,76.519111633300781,0.2475789338350296,0,0
3,300,24720,6,2,-3.1375555992126465,0.0017049877205863595,0,0,0,67.9483642578125,0,79.169929504394531,0.26451122760772705,0,0
3,300,24720,7,2,-2.7594258785247803,0.0015093497931957245,0.0055834800004959106,0.68819063901901245,0,65.867919921875,0,83.273735046386719,0.17692352831363678,0,0
3,300,24720,0,3,-2.9581408500671387,0.00022223067935556173,0.018710354343056679,0.96332746744155884,0,71.15631103515625,0,83.050559997558594,0.045072868466377258,0,0
3,300,24720,1,3,-3.4550039768218994,0.00082274794112890959,0.001486140419729054,0.65994507074356079,0,46.870338439941406,0,66.310394287109375,0.2400214821100235,0,0
3,300,24720,2,3,-3.3374485969543457,0.0013828343944624066,2.5882685804390348E-05,0.014268675819039345,0,51.428611755371094,0,77.283477783203125,0.32426407933235168,0,0
3,300,24720,3,3,-3.4562954902648926,0.0013270156923681498,0,0,0,57.02935791015625,0,76.8211669921875,0.31417155265808105,0,0
3,300,24720,4,3,-3.4501960277557373,0.001921070390380919,0,0,0,57.090129852294922,0,68.385841369628906,0.37178316712379456,0,0
3,300,24720,5,3,-3.4428813457489014,0.0014698955928906798,0,0,0,60.112071990966797,0,70.318275451660156,0.34553107619285583,0,0
3,300,24720,6,3,-3.4541537761688232,0.0016193694900721312,0,0,0,64.72381591796875,0,69.648536682128906,0.28610542416572571,0,0
3,300,24720,7,3,-2.9271466732025146,0.0020014592446386814,0.0017118218820542097,0.65451687574386597,0,65.110328674316406,0,75.004898071289062,0.12778261303901672,0,0
3,300,24720,0,4,-2.4080851078033447,0.00012463914754334837,0.017425274476408958,0.9932626485824585,0,74.993629455566406,0,90.541542053222656,0.033659122884273529,0,0
3,300,24720,1,4,-3.2751147747039795,0.00022549903951585293,1.1800101447079214E-06,0.0012480970472097397,0,49.737575531005859,0,72.718215942382812,0.22645042836666107,0,0
3,300,24720,2,4,-3.3856418132781982,0.0013236040249466896,3.2022548111854121E-05,0.0093183740973472595,0,51.0770263671875,0,77.891471862792969,0.29788544774055481,0,0
3,300,24720,3,4,-3.5764682292938232,0.00091217271983623505,0,0,0,52.537559509277344,0,68.683349609375,0.27950537204742432,0,0
3,300,24720,4,4,-3.540858268737793,0.0014835727633908391,0,0,0,51.093833923339844,0,58.574790954589844,0.37577986717224121,0,0
3,300,24720,5,4,-3.5284485816955566,0.0017488074954599142,0,0,0,57.632122039794922,0,65.740760803222656,0.26685759425163269,0,0
3,300,24720,6,4,-3.2038795948028564,0.0022873186971992254,0.00011091099440818653,0.022803965955972672,0,58.159725189208984,0,63.635723114013672,0.17990785837173462,0,0
3,300,24720,7,4,-2.9501733779907227,0.0018187025561928749,0.0031028122175484896,0.69764953851699829,0,63.217697143554688,0,71.000053405761719,0.17998361587524414,0,0
3,300,24720,0,5,-2.5718305110931396,0,0.011684184893965721,0.83470821380615234,0,66.662910461425781,0,90.808494567871094,0.049773514270782471,0,0
3,300,24720,1,5,-3.4024808406829834,3.2267518690787256E-05,0,0,0,51.301410675048828,0,77.570175170898438,0.25688746571540833,0,0
3,300,24720,2,5,-3.5131945610046387,0.00056775694247335196,4.0235696019408351E-07,0.00064377114176750183,0,49.311355590820312,0,73.905929565429688,0.31644976139068604,0,0
3,300,24720,3,5,-3.5701351165771484,0.00044464305392466486,0,0,0,48.297908782958984,0,61.406692504882812,0.3542812168598175,0,0
3,300,24720,4,5,-3.580369234085083,0.0010702298022806644,3.6029126931680366E-05,0.02693292498588562,0,49.4017333984375,0,58.602344512939453,0.28335925936698914,0,0
3,300,24720,5,5,-3.2877278327941895,0.0013954699970781803,1.8478627680451609E-05,0.015090359374880791,0,53.818641662597656,0,62.911579132080078,0.24709950387477875,0,0
3,300,24720,6,5,-3.1893754005432129,0.0018702265806496143,0,0,0,56.668575286865234,0,66.475997924804688,0.27113670110702515,0,0
3,300,24720,7,5,-2.6784572601318359,0.0012697428464889526,0.00095528637757524848,0.65271574258804321,0,53.796527862548828,0,58.018039703369141,0.18123126029968262,0,0
3,300,24720,0,6,-2.7348272800445557,0,0.006876631174236536,0.69700121879577637,0,60.029876708984375,0,84.640663146972656,0.04570973664522171,0,0
3,300,24720,1,6,-3.4027066230773926,3.0848434107610956E-05,0,0,0,46.472019195556641,0,67.288719177246094,0.24247230589389801,0,0
3,300,24720,2,6,-3.436734676361084,3.9774076867615804E-05,0,0,0,47.954952239990234,0,70.994232177734375,0.30544045567512512,0,0
3,300,24720,3,6,-3.3615841865539551,0,6.1213504523038864E-06,0.0082183144986629486,0,46.317462921142578,0,60.132194519042969,0.21692356467247009,0,0
3,300,24720,4,6,-3.29266357421875,0,3.2642194128129631E-05,0.025065556168556213,0,43.941314697265625,0,48.219112396240234,0.25567051768302917,0,0
3,300,24720,5,6,-3.2305779457092285,0.00044473644811660051,0,0,0,44.820976257324219,0,49.995925903320312,0.28463900089263916,0,0
3,300,24720,6,6,-2.9856002330780029,0.00088935327949002385,8.1371454143663868E-06,0.012419350445270538,0,45.236259460449219,0,55.954555511474609,0.25054123997688293,0,0
3,300,24720,7,6,-2.5608639717102051,0.00079112470848485827,0.0042769806459546089,0.66109275817871094,0,49.426349639892578,0,58.728527069091797,0.19820423424243927,0,0
3,300,24720,0,7,-2.5330758094787598,0,0.0033369588200002909,0.65439772605895996,0,52.845527648925781,0,78.10931396484375,0.017286622896790504,0,0
3,300,24720,1,7,-3.0843214988708496,0,0.00028094020672142506,0.036456890404224396,0,46.460197448730469,0,64.294502258300781,0.048544712364673615,0,0
3,300,24720,2,7,-3.0247185230255127,0,0.00013870955444872379,0.030036125332117081,0,48.556427001953125,0,66.370658874511719,0.028891697525978088,0,0
3,300,24720,3,7,-2.850888729095459,0,0.0013689714251086116,0.64602828025817871,0,47.991092681884766,0,60.298347473144531,0.039068348705768585,0,0
3,300,24720,4,7,-2.9354066848754883,0,0.00061821343842893839,0.64198875427246094,0,45.541339874267578,0,55.914558410644531,0.045186243951320648,0,0
3,300,24720,5,7,-2.8015463352203369,0,0.0030126622878015041,0.65204823017120361,0,44.542491912841797,0,56.389682769775391,0.031795255839824677,0,0
3,300,24720,6,7,-2.6221492290496826,0,0.0073358220979571342,0.67636537551879883,0,43.352306365966797,0,60.977382659912109,0.039616860449314117,0,0
3,300,24720,7,7,-2.2001867294311523,0,0.0056813256815075874,0.69717001914978027,0,46.7244873046875,0,67.790962219238281,0.025162022560834885,0,0
3,330,25440,0,0,-7.3255395889282227,0.094606593251228333,0.027365373447537422,1.8881146907806396,0,62.903888702392578,0,77.085205078125,0.065990537405014038,0,0
3,330,25440,1,0,-7.5298314094543457,0.012877669185400009,0.0036738684866577387,0.65707015991210938,0,49.664264678955078,0,63.306694030761719,0.16689592599868774,0,1.275774138775887E-05
3,330,25440,2,0,-7.382042407989502,0.012927505187690258,0.016709262505173683,1.2164833545684814,0,48.330490112304688,0,61.000068664550781,0.14356717467308044,0,0
3,330,25440,3,0,-7.2539477348327637,0.01706867478787899,0.0085573624819517136,0.75718706846237183,0,49.139183044433594,0,66.492683410644531,0.16278862953186035,0,0
3,330,25440,4,0,-7.3011188507080078,0.013250382617115974,0.0081165889278054237,0.82430708408355713,0,49.264286041259766,0,67.929733276367188,0.17653743922710419,0,0
3,330,25440,5,0,-7.1617288589477539,0.014416495338082314,0.013436214067041874,1.1951414346694946,0,47.878467559814453,0,60.249584197998047,0.17292311787605286,0,0
3,330,25440,6,0,-7.1671676635742188,0.01517818309366703,0.010119423270225525,0.9841495156288147,0,46.706478118896484,0,49.475265502929688,0.17927145957946777,0,4.3651776650222018E-05
3,330,25440,7,0,-6.9839434623718262,0.011879286728799343,0.0060682697221636772,0.74941462278366089,0,48.149673461914062,0.055624999105930328,52.679054260253906,0.097775347530841827,0,0
3,330,25440,0,1,-7.5349364280700684,0.35904642939567566,0.025803394615650177,1.5627272129058838,0,63.898448944091797,0,76.214836120605469,0.13710023462772369,0,0
3,330,25440,1,1,-7.9520621299743652,0,0,0,0,45.785385131835938,0,57.853103637695312,0.41842725872993469,0,0.00016574261826463044
3,330,25440,2,1,-8.0129222869873047,0,0,0,0,43.343887329101562,0,52.768905639648438,0.38852030038833618,0,0
3,330,25440,3,1,-7.9110822677612305,0,0,0,0,47.072555541992188,0,58.773567199707031,0.46022859215736389,0,0
3,330,25440,4,1,-7.9027938842773438,0.0015847724862396717,0.0021583342459052801,0.071906581521034241,0,53.201591491699219,0,60.567455291748047,0.28612032532691956,0,0
3,330,25440,5,1,-7.9463338851928711,0.0050932951271533966,0.0047548217698931694,0.076208554208278656,0,58.794883728027344,0,66.07196044921875,0.26327028870582581,0,0
3,330,25440,6,1,-7.8270416259765625,0.0049161310307681561,0.0053786123171448708,0.077941000461578369,0,61.417732238769531,0,65.319358825683594,0.18443982303142548,0,0
3,330,25440,7,1,-7.2205991744995117,0.00077125336974859238,0.0078645395115017891,0.80298811197280884,0,58.359432220458984,0.023749999701976776,67.231620788574219,0.066012769937515259,0,0
3,330,25440,0,2,-7.3872265815734863,0.67852884531021118,0.029294559732079506,1.6447556018829346,0,72.320693969726562,0,76.772201538085938,0.097253687679767609,0,0
3,330,25440,1,2,-8.060856819152832,0.0034692119807004929,0.0052874283865094185,0.63709717988967896,0,47.858585357666016,0,60.396877288818359,0.27359971404075623,0,0
3,330,25440,2,2,-8.2285385131835938,0.0098044183105230331,0.014010665938258171,0.55048221349716187,0,50.322040557861328,0,60.694625854492188,0.24454380571842194,0,0
3,330,25440,3,2,-8.2696142196655273,0.015356129966676235,0.018086465075612068,0.11180256307125092,0,58.344837188720703,0,63.101131439208984,0.22040411829948425,0,0
3,330,25440,4,2,-8.0636873245239258,0.0067135286517441273,0.0089227259159088135,0.086948513984680176,0,61.851421356201172,0,61.386783599853516,0.16111718118190765,0,0
3,330,25440,5,2,-7.7039732933044434,5.0821545301005244E-05,0.00050918391207233071,0.66143560409545898,0,63.835849761962891,0,65.122406005859375,0.25633183121681213,0,0
3,330,25440,6,2,-7.6362643241882324,0,0,0,0,68.843788146972656,0,67.519317626953125,0.28975185751914978,0,0
3,330,25440,7,2,-7.2799372673034668,0.0029647264163941145,0.008807414211332798,0.71875905990600586,0,66.465286254882812,0,71.833869934082031,0.16104526817798615,0,0
3,330,25440,0,3,-7.5619750022888184,0.88860529661178589,0.034070961177349091,1.1838573217391968,0,72.992485046386719,0,71.413490295410156,0.05154113844037056,0,0
3,330,25440,1,3,-7.9661774635314941,0.0061606871895492077,0.010934021323919296,0.65681213140487671,0,47.638801574707031,0,55.798213958740234,0.29664018750190735,0,0
3,330,25440,2,3,-7.819643497467041,3.0826045986032113E-05,1.4248858860810287E-05,0.010647941380739212,0,52.151218414306641,0,65.558799743652344,0.24321539700031281,0,0
3,330,25440,3,3,-7.94281005859375,0,0,0,0,58.031028747558594,0,64.895454406738281,0.40434309840202332,0,0
3,330,25440,4,3,-7.935544490814209,0,0,0,0,57.902050018310547,0,57.758983612060547,0.44177901744842529,0,0
3,330,25440,5,3,-7.9319281578063965,0,0,0,0,61.051502227783203,0,59.409931182861328,0.42726582288742065,0,0
3,330,25440,6,3,-7.944544792175293,0,0,0,0,65.682907104492188,0,58.778366088867188,0.42554298043251038,0,0
3,330,25440,7,3,-7.4303169250488281,0.0064973048865795135,0.0026362950447946787,0.65766984224319458,0,65.843902587890625,0,64.37298583984375,0.19355076551437378,0,0
3,330,25440,0,4,-7.073493480682373,0.64810454845428467,0.030225902795791626,1.734296441078186,0,76.373428344726562,0,79.273216247558594,0.089510105550289154,0,0
3,330,25440,1,4,-7.8386521339416504,0,0,0,0,50.260536193847656,0,61.574508666992188,0.27227598428726196,0,0
3,330,25440,2,4,-7.87750244140625,0,1.4469324923993554E-05,0.005330648273229599,0,51.771884918212891,0,65.884628295898438,0.38206258416175842,0,0
3,330,25440,3,4,-8.0692338943481445,0,0,0,0,53.4100341796875,0,57.743144989013672,0.50990206003189087,0,0
3,330,25440,4,4,-8.0217256546020508,0,0,0,0,51.826210021972656,0,49.240570068359375,0.3930496871471405,0,0
3,330,25440,5,4,-8.0106468200683594,8.0046393122756854E-06,0,0,0,58.711002349853516,0,55.397312164306641,0.47338107228279114,0,0
3,330,25440,6,4,-7.6866550445556641,0,5.8211615396430716E-05,0.016214314848184586,0,58.843605041503906,0,54.236351013183594,0.40968504548072815,0,0
3,330,25440,7,4,-7.4661221504211426,0,0.0050422027707099915,0.72019845247268677,0,64.027091979980469,0,60.859527587890625,0.18313048779964447,0,0
3,330,25440,0,5,-7.2746014595031738,0.41699039936065674,0.01994643360376358,1.1665852069854736,0,67.601272583007812,0,79.057464599609375,0.094571672379970551,0,0
3,330,25440,1,5,-8.0319814682006836,0,0,0,0,51.735267639160156,0,65.404441833496094,0.3056933581829071,0,0
3,330,25440,2,5,-8.0364580154418945,0,0,0,0,49.632431030273438,0,62.122180938720703,0.29552340507507324,0,0
3,330,25440,3,5,-8.1176776885986328,0,0,0,0,48.602462768554688,0,51.420131683349609,0.48994526267051697,0,0
3,330,25440,4,5,-8.0637168884277344,0,2.7657062673824839E-05,0.021914098411798477,0,50.005401611328125,0,49.138980865478516,0.36702406406402588,0,0
3,330,25440,5,5,-7.768707275390625,5.5283380788750947E-06,9.3773787739337422E-06,0.010834258049726486,0,54.472740173339844,0,53.412887573242188,0.33964011073112488,0,0
3,330,25440,6,5,-7.6707301139831543,0,0,0,0,57.4735107421875,0,56.639324188232422,0.30491301417350769,0,0
3,330,25440,7,5,-7.1809916496276855,0,0.0030802295077592134,0.65276020765304565,0,54.311405181884766,0,50.197689056396484,0.19273161888122559,0,0
3,330,25440,0,6,-7.3973588943481445,0.10655954480171204,0.020694456994533539,1.2006590366363525,0,60.616397857666016,0,73.473564147949219,0.12021114677190781,0,0
3,330,25440,1,6,-8.034454345703125,0,0,0,0,46.62420654296875,0,56.592914581298828,0.3787783682346344,0,0
3,330,25440,2,6,-8.0363693237304688,0,0,0,0,47.990009307861328,0,59.714641571044922,0.35957455635070801,0,0
3,330,25440,3,6,-7.9634952545166016,0,2.1972984995954903E-06,0.0035156775265932083,0,46.372695922851562,0,50.59820556640625,0.50486576557159424,0,0
3,330,25440,4,6,-7.8589963912963867,1.4877778085065074E-05,2.144505015166942E-05,0.020066676661372185,0,44.188079833984375,0,40.563209533691406,0.35329905152320862,0,0
3,330,25440,5,6,-7.7648940086364746,0,0,0,0,44.995048522949219,0,42.241065979003906,0.34470212459564209,0,0
3,330,25440,6,6,-7.4973759651184082,0,4.6236787056841422E-06,0.0073978863656520844,0,45.570205688476562,0,47.802818298339844,0.49645566940307617,0,0
3,330,25440,7,6,-7.0703344345092773,0,0.0070346496067941189,0.69770181179046631,0,49.781970977783203,0,50.948585510253906,0.24727772176265717,0,0
3,330,25440,0,7,-7.1520581245422363,0.0053987884894013405,0.018390409648418427,1.8609827756881714,0,53.028976440429688,0,68.293891906738281,0.069740690290927887,0,0
3,330,25440,1,7,-7.7076473236083984,0,0.0013087034458294511,0.66033899784088135,0,46.500827789306641,0,54.754653930664062,0.13183890283107758,0,0
3,330,25440,2,7,-7.6270589828491211,0,0.00058078597066923976,0.6334223747253418,0,48.512271881103516,0,56.6712646484375,0.11914804577827454,0,0
3,330,25440,3,7,-7.4627861976623535,0,0.0026085881981998682,0.72264420986175537,0,47.94378662109375,0,51.727787017822266,0.13294976949691772,0,0
3,330,25440,4,7,-7.5398106575012207,0,0.0012046843767166138,0.64523422718048096,0,45.532817840576172,0,47.870986938476562,0.12017004936933517,0,0
3,330,25440,5,7,-7.4055838584899902,0,0.0045020114630460739,0.68509125709533691,0,44.529277801513672,0,48.513584136962891,0.15863268077373505,0,0
3,330,25440,6,7,-7.2158212661743164,0,0.012161312624812126,0.73872077465057373,0,43.402351379394531,0,52.797721862792969,0.12559105455875397,0,0
3,330,25440,7,7,-6.7858004570007324,0,0.010709202848374844,0.75595605373382568,0,46.716442108154297,0,59.573722839355469,0.077517449855804443,0,0
3,360,26160,0,0,-4.4776935577392578,0.61084592342376709,0.032755941152572632,1.7569077014923096,0,63.632472991943359,0,61.077835083007812,0.10803316533565521,0,0
3,360,26160,1,0,-4.6863002777099609,0.052027978003025055,0.010592245496809483,0.67346763610839844,0,49.880531311035156,0,49.784431457519531,0.12075715512037277,0,1.185212931886781E-05
3,360,26160,2,0,-4.5398297309875488,0.052949387580156326,0.023090729489922523,1.5001709461212158,0,48.474113464355469,0,48.106819152832031,0.16042134165763855,0,0
3,360,26160,3,0,-4.4028854370117188,0.045415490865707397,0.018551014363765717,1.3604497909545898,0,49.304386138916016,0,52.617053985595703,0.11776871234178543,0,0
3,360,26160,4,0,-4.4533905982971191,0.056497234851121902,0.013218360021710396,0.94316756725311279,0,49.423912048339844,0,53.691417694091797,0.16467717289924622,0,0
3,360,26160,5,0,-4.3178629875183105,0.051582168787717819,0.018951868638396263,1.179113507270813,0,48.023422241210938,0,47.680522918701172,0.15047045052051544,0,0
3,360,26160,6,0,-4.3147420883178711,0.044355891644954681,0.010854365304112434,0.91150593757629395,0,46.849071502685547,0,39.095409393310547,0.135319784283638,0,4.0879556763684377E-05
3,360,26160,7,0,-4.1408252716064453,0.1098221018910408,0.0086183873936533928,0.74274110794067383,0,48.363674163818359,0.054999999701976776,41.849334716796875,0.093618623912334442,0,0
3,360,26160,0,1,-4.7114124298095703,1.92545485496521,0.026063503697514534,1.467526912689209,0,64.890769958496094,0,60.153709411621094,0.11727438122034073,0,0
3,360,26160,1,1,-5.1139445304870605,0,0,0,0,45.802104949951172,0,45.109413146972656,0.35498380661010742,0,0.00015414878726005554
3,360,26160,2,1,-5.1609277725219727,0,0,0,0,43.367607116699219,0,41.036113739013672,0.49154523015022278,0,0
3,360,26160,3,1,-5.0498166084289551,0,0,0,0,47.085063934326172,0,45.867462158203125,0.31590360403060913,0,0
3,360,26160,4,1,-5.0454678535461426,0.00050397595623508096,1.4569425729860086E-05,0.010116498917341232,0,53.260910034179688,0,47.394386291503906,0.43910953402519226,0,0
3,360,26160,5,1,-5.0924782752990723,0.0020468763541430235,5.0708109483821318E-05,0.016760524362325668,0,58.847057342529297,0,51.806190490722656,0.28700330853462219,0,0
3,360,26160,6,1,-4.9610638618469238,0.00013775209663435817,0.00010390072566224262,0.028020087629556656,0,61.502727508544922,0,51.322544097900391,0.14585436880588531,0,0
3,360,26160,7,1,-4.3636131286621094,0.1735682338476181,0.011534835211932659,0.97438317537307739,0,58.444355010986328,0.023749999701976776,53.375713348388672,0.1212749108672142,0,0
3,360,26160,0,2,-4.5806460380554199,3.7126064300537109,0.031953904777765274,1.5699570178985596,0,73.959251403808594,0,60.754524230957031,0.14770582318305969,0,0
3,360,26160,1,2,-5.2088360786437988,0.018092049285769463,0.00054963445290923119,0.63223773241043091,0,48.149932861328125,0,47.198596954345703,0.3134540319442749,0,0
3,360,26160,2,2,-5.3771367073059082,0.034762408584356308,0.00016301333380397409,0.16012327373027802,0,50.665687561035156,0,47.416030883789062,0.35044670104980469,0,0
3,360,26160,3,2,-5.4220442771911621,0.083121314644813538,2.8945025405846536E-05,0.032921802252531052,0,58.617927551269531,0,49.347648620605469,0.22813566029071808,0,0
3,360,26160,4,2,-5.2133316993713379,0.0041426126845180988,5.8749141317093745E-05,0.017917793244123459,0,61.954338073730469,0,48.097671508789062,0.23073475062847137,0,0
3,360,26160,5,2,-4.8551845550537109,0,0.00046923867193982005,0.6551966667175293,0,63.879756927490234,0,51.232448577880859,0.22322367131710052,0,0
3,360,26160,6,2,-4.7909331321716309,0,0,0,0,68.870552062988281,0,53.165599822998047,0.27069488167762756,0,0
3,360,26160,7,2,-4.4296164512634277,0.22827231884002686,0.011331717483699322,0.80426853895187378,0,66.572036743164062,0,56.918632507324219,0.2087538093328476,0,0
3,360,26160,0,3,-4.7651386260986328,5.010378360748291,0.028767980635166168,1.1877042055130005,0,74.3092041015625,0,56.438323974609375,0.056361313909292221,0,0
3,360,26160,1,3,-5.1113080978393555,0.014687622897326946,0.0012192544527351856,0.65168917179107666,0,47.810310363769531,0,43.612903594970703,0.19168850779533386,0,0
3,360,26160,2,3,-4.9679293632507324,0,3.5705556911125313E-06,0.0032786242663860321,0,52.244701385498047,0,51.472381591796875,0.39196759462356567,0,0
3,360,26160,3,3,-5.0934910774230957,0,0,0,0,58.076572418212891,0,50.904270172119141,0.26799476146697998,0,0
3,360,26160,4,3,-5.085639476776123,0,0,0,0,57.928524017333984,0,45.295387268066406,0.46425849199295044,0,0
3,360,26160,5,3,-5.0835046768188477,0,0,0,0,61.083614349365234,0,46.605644226074219,0.52446675300598145,0,0
3,360,26160,6,3,-5.0965299606323242,0,0,0,0,65.703872680664062,0,46.094795227050781,0.32982093095779419,0,0
3,360,26160,7,3,-4.5770721435546875,0.26785644888877869,0.0028292047791182995,0.65031027793884277,0,66.032012939453125,0,50.888980865478516,0.24444547295570374,0,0
3,360,26160,0,4,-4.2625837326049805,3.3552596569061279,0.028923910111188889,1.6709953546524048,0,78.440116882324219,0,63.192710876464844,0.12191107869148254,0,0
3,360,26160,1,4,-4.9862384796142578,0,0,0,0,50.371761322021484,0,48.216941833496094,0.33917751908302307,0,0
3,360,26160,2,4,-5.0268034934997559,0,0,0,0,51.817123413085938,0,51.631839752197266,0.46974116563796997,0,0
3,360,26160,3,4,-5.2186861038208008,0,0,0,0,53.440891265869141,0,45.189796447753906,0.41783645749092102,0,0
3,360,26160,4,4,-5.1702466011047363,0,0,0,0,51.843536376953125,0,38.499378204345703,0.5826185941696167,0,0
3,360,26160,5,4,-5.1604828834533691,0,0,0,0,58.73583984375,0,43.423084259033203,0.43448430299758911,0,0
3,360,26160,6,4,-4.8335361480712891,0,1.7391483197570778E-05,0.0086987726390361786,0,58.917858123779297,0,42.700630187988281,0.32299640774726868,0,0
3,360,26160,7,4,-4.6147255897521973,0.23346465826034546,0.0080740423873066902,0.71215814352035522,0,64.201156616210938,0,48.032566070556641,0.26068568229675293,0,0
3,360,26160,0,5,-4.4514861106872559,1.9175522327423096,0.022102134302258492,1.1275347471237183,0,69.108024597167969,0,62.741947174072266,0.12371647357940674,0,0
3,360,26160,1,5,-5.1811404228210449,0,0,0,0,51.884426116943359,0,51.144947052001953,0.26695683598518372,0,0
3,360,26160,2,5,-5.1862974166870117,0,0,0,0,49.64556884765625,0,48.498580932617188,0.49637797474861145,0,0
3,360,26160,3,5,-5.2747797966003418,0,0,0,0,48.605735778808594,0,40.050628662109375,0.36592069268226624,0,0
3,360,26160,4,5,-5.2102169990539551,0,1.490442082285881E-05,0.013584859669208527,0,50.027076721191406,0,38.354228973388672,0.45026934146881104,0,0
3,360,26160,5,5,-4.9169659614562988,0,0,0,0,54.524192810058594,0,41.957298278808594,0.39221778512001038,0,0
3,360,26160,6,5,-4.8152694702148438,0,0,0,0,57.514495849609375,0,44.569049835205078,0.23995380103588104,0,0
3,360,26160,7,5,-4.3172850608825684,0.20834358036518097,0.004629544448107481,0.64678537845611572,0,54.412967681884766,0,39.802501678466797,0.23970289528369904,0,0
3,360,26160,0,6,-4.5775513648986816,0.71800088882446289,0.020579932257533073,1.1365031003952026,0,61.327274322509766,0,58.197212219238281,0.14729328453540802,0,0
3,360,26160,1,6,-5.2062921524047852,0,0,0,0,46.631694793701172,0,44.063694000244141,0.38029822707176208,0,0
3,360,26160,2,6,-5.2146129608154297,0,0,0,0,47.991283416748047,0,46.525455474853516,0.45802214741706848,0,0
3,360,26160,3,6,-5.1389241218566895,0,0,0,0,46.374561309814453,0,39.368621826171875,0.39080607891082764,0,0
3,360,26160,4,6,-5.0059165954589844,0,7.2883558459579945E-06,0.011661369353532791,0,44.224857330322266,0,31.56138801574707,0.40397211909294128,0,0
3,360,26160,5,6,-4.9246582984924316,0,0,0,0,45.003276824951172,0,32.958370208740234,0.3574850857257843,0,0
3,360,26160,6,6,-4.6266317367553711,0,4.3371457536522939E-07,0.00069394335150718689,0,45.583915710449219,0,37.546836853027344,0.32197380065917969,0,0
3,360,26160,7,6,-4.2043824195861816,0.10238374024629593,0.009751809760928154,0.6893647313117981,0,49.863590240478516,0,40.438987731933594,0.38029751181602478,0,0
3,360,26160,0,7,-4.3217172622680664,0.090513788163661957,0.01892879419028759,1.7657603025436401,0,53.610771179199219,0,54.333751678466797,0.10052556544542313,0,0
3,360,26160,1,7,-4.8898820877075195,0,0.005266187246888876,0.67498213052749634,0,46.642021179199219,0,42.840190887451172,0.17846257984638214,0,0
3,360,26160,2,7,-4.8233847618103027,0,0.0012393076904118061,0.62838244438171387,0,48.666225433349609,0,44.410491943359375,0.26689064502716064,0,0
3,360,26160,3,7,-4.6428852081298828,0,0.0029273403342813253,0.71600735187530518,0,48.057514190673828,0,40.606178283691406,0.19304493069648743,0,0
3,360,26160,4,7,-4.7231612205505371,0,0.0031616566702723503,0.6743323802947998,0,45.675067901611328,0,37.506614685058594,0.2152201384305954,0,0
3,360,26160,5,7,-4.5792608261108398,0,0.0076592396944761276,0.68962782621383667,0,44.652050018310547,0,38.132686614990234,0.25816115736961365,0,0
3,360,26160,6,7,-4.3886709213256836,0,0.019124912098050117,0.91121339797973633,0,43.54180908203125,0,41.678840637207031,0.2284829169511795,0,0
3,360,26160,7,7,-3.9506983757019043,0.027311999350786209,0.017936922609806061,1.0191819667816162,0,46.922744750976562,0,47.527111053466797,0.176566481590271,0,0
3,365,26280,0,0,-3.8330798149108887,0.80247747898101807,0.035253565758466721,1.9464976787567139,0,63.950199127197266,0,59.685592651367188,0.63666743040084839,0,0
3,365,26280,1,0,-4.0276598930358887,0.0066103101707994938,0.012688806280493736,0.9186745285987854,0,49.905002593994141,0,48.564006805419922,1.5905756950378418,0,1.1714123502315488E-05
3,365,26280,2,0,-3.8851604461669922,0.0099731804803013802,0.031681369990110397,2.3577163219451904,0,48.479175567626953,0,46.973384857177734,1.9174721240997314,0,0
3,365,26280,3,0,-3.7523751258850098,0.0017195643158629537,0.024531807750463486,2.1579649448394775,0,49.307834625244141,0,51.430103302001953,1.5032060146331787,0,0
3,365,26280,4,0,-3.7910075187683105,0.017420902848243713,0.018708886578679085,1.5526862144470215,0,49.436672210693359,0,52.464653015136719,1.982541561126709,0,0
3,365,26280,5,0,-3.6556754112243652,0.013221347704529762,0.02431134320795536,1.8551062345504761,0,48.029270172119141,0,46.614009857177734,1.8568207025527954,0,0
3,365,26280,6,0,-3.6523771286010742,0,0.011133209802210331,0.7254907488822937,0,46.864978790283203,0,38.219661712646484,1.6402530670166016,0,4.0450606320519E-05
3,365,26280,7,0,-3.4745309352874756,0.0084967119619250298,0.01026083342730999,0.98051601648330688,0,48.431938171386719,0.054999999701976776,40.962154388427734,1.7219389677047729,0,0
3,365,26280,0,1,-4.0603995323181152,2.3997292518615723,0.031579345464706421,1.5769517421722412,0,65.28753662109375,0,58.681667327880859,0.69777166843414307,0,0
3,365,26280,1,1,-4.4548850059509277,0,0,0,0,45.802036285400391,0,43.857387542724609,2.0571520328521729,0,0.00015237937623169273
3,365,26280,2,1,-4.501798152923584,0,0,0,0,43.364734649658203,0,39.871330261230469,2.8608846664428711,0,0
3,365,26280,3,1,-4.4032077789306641,0,0,0,0,47.081516265869141,0,44.612438201904297,2.6123421192169189,0,0
3,365,26280,4,1,-4.3888907432556152,0,1.1677800102916081E-05,0.0087317228317260742,0,53.255218505859375,0,46.113445281982422,2.3159976005554199,0,0
3,365,26280,5,1,-4.4228849411010742,0,3.8489328289870173E-05,0.015215199440717697,0,58.830711364746094,0,50.409366607666016,1.7476738691329956,0,0
3,365,26280,6,1,-4.2997493743896484,0,7.5508985901251435E-05,0.023617178201675415,0,61.487911224365234,0,49.980571746826172,1.3313179016113281,0,0
3,365,26280,7,1,-3.6980817317962646,0.023002995178103447,0.014189345762133598,1.3091694116592407,0,58.464073181152344,0.023749999701976776,52.183284759521484,1.1663700342178345,0,0
3,365,26280,0,2,-3.9347159862518311,4.5516629219055176,0.035480663180351257,1.5491183996200562,0,74.469352722167969,0,59.309589385986328,0.56915575265884399,0,0
3,365,26280,1,2,-4.5489563941955566,0,0.00042363122338429093,0.6344454288482666,0,48.197013854980469,0,45.879886627197266,1.7124662399291992,0,0
3,365,26280,2,2,-4.7167797088623047,0,7.2454866312909871E-05,0.031465370208024979,0,50.690383911132812,0,46.046875,2.0268292427062988,0,0
3,365,26280,3,2,-4.7597827911376953,0,2.4308141291840002E-05,0.030681217089295387,0,58.673210144042969,0,47.915317535400391,1.557068943977356,0,0
3,365,26280,4,2,-4.5538077354431152,0,4.2870513425441459E-05,0.015636485069990158,0,61.954185485839844,0,46.760772705078125,1.8289018869400024,0,0
3,365,26280,5,2,-4.1951031684875488,0,0.0004506654804572463,0.65157604217529297,0,63.875267028808594,0,49.927196502685547,2.0445723533630371,0,0
3,365,26280,6,2,-4.125394344329834,0,0,0,0,68.864273071289062,0,51.830776214599609,1.9215067625045776,0,0
3,365,26280,7,2,-3.7616262435913086,0.047249019145965576,0.01179227139800787,1.017084002494812,0,66.592010498046875,0,55.616744995117188,1.8133249282836914,0,0
3,365,26280,0,3,-4.1157054901123047,6.0106201171875,0.030859190970659256,1.1477441787719727,0,74.90301513671875,0,55.042591094970703,0.49789911508560181,0,0
3,365,26280,1,3,-4.4526453018188477,0.00049925601342692971,0.00092378706904128194,0.65150696039199829,0,47.845569610595703,0,42.412017822265625,1.474002480506897,0,0
3,365,26280,2,3,-4.3091659545898438,0,4.4785207364839152E-07,0.00071656331419944763,0,52.240089416503906,0,50.129608154296875,2.5168886184692383,0,0
3,365,26280,3,3,-4.4338083267211914,0,0,0,0,58.071929931640625,0,49.535594940185547,2.3834061622619629,0,0
3,365,26280,4,3,-4.4256134033203125,0,0,0,0,57.924564361572266,0,44.077285766601562,2.6705842018127441,0,0
3,365,26280,5,3,-4.4219026565551758,0,0,0,0,61.079265594482422,0,45.353466033935547,2.6355736255645752,0,0
3,365,26280,6,3,-4.4337468147277832,0,0,0,0,65.699417114257812,0,44.847743988037109,2.4335517883300781,0,0
3,365,26280,7,3,-3.9040968418121338,0.064075104892253876,0.0027913216035813093,0.64451295137405396,0,66.067092895507812,0,49.6798095703125,1.5922118425369263,0,0
3,365,26280,0,4,-3.6134843826293945,4.0305109024047852,0.034916829317808151,2.0089230537414551,0,79.023635864257812,0,61.830940246582031,0.56176102161407471,0,0
3,365,26280,1,4,-4.3273458480834961,0,0,0,0,50.415084838867188,0,46.934833526611328,1.7725157737731934,0,0
3,365,26280,2,4,-4.3679981231689453,0,0,0,0,51.812782287597656,0,50.256019592285156,2.6400349140167236,0,0
3,365,26280,3,4,-4.5597591400146484,0,0,0,0,53.437282562255859,0,43.935199737548828,2.3544905185699463,0,0
3,365,26280,4,4,-4.5102400779724121,0,0,0,0,51.840553283691406,0,37.433666229248047,2.7453579902648926,0,0
3,365,26280,5,4,-4.5001206398010254,0,0,0,0,58.73199462890625,0,42.236301422119141,2.6510100364685059,0,0
3,365,26280,6,4,-4.1643671989440918,0,8.767994586378336E-06,0.0055308006703853607,0,58.913181304931641,0,41.627063751220703,1.7312095165252686,0,0
3,365,26280,7,4,-3.9376776218414307,0.040398743003606796,0.009202900342643261,0.69624841213226318,0,64.224082946777344,0,46.877784729003906,1.7928785085678101,0,0
3,365,26280,0,5,-3.7930316925048828,2.3690564632415771,0.028465043753385544,1.3522913455963135,0,69.540847778320312,0,61.321197509765625,0.65683978796005249,0,0
3,365,26280,1,5,-4.5176315307617188,0,0,0,0,51.917839050292969,0,49.727977752685547,1.9456346035003662,0,0
3,365,26280,2,5,-4.5270581245422363,0,0,0,0,49.641971588134766,0,47.141548156738281,2.4405314922332764,0,0
3,365,26280,3,5,-4.6162381172180176,0,0,0,0,48.602928161621094,0,38.899665832519531,2.4120707511901855,0,0
3,365,26280,4,5,-4.5478558540344238,0,1.2415877790772356E-05,0.011594571173191071,0,50.024566650390625,0,37.274677276611328,2.7558717727661133,0,0
3,365,26280,5,5,-4.2466983795166016,0,0,0,0,54.519329071044922,0,40.872119903564453,1.9658797979354858,0,0
3,365,26280,6,5,-4.1447162628173828,0,0,0,0,57.510021209716797,0,43.448158264160156,1.8318971395492554,0,0
3,365,26280,7,5,-3.6468453407287598,0.034925196319818497,0.0050682928413152695,0.64372020959854126,0,54.454792022705078,0,38.921474456787109,2.0583148002624512,0,0
3,365,26280,0,6,-3.908951997756958,0.95241785049438477,0.024924572557210922,1.5580005645751953,0,61.674785614013672,0,56.855064392089844,0.71123218536376953,0,0
3,365,26280,1,6,-4.5096135139465332,0,0,0,0,46.633712768554688,0,42.813228607177734,2.0115504264831543,0,0
3,365,26280,2,6,-4.5323710441589355,0,0,0,0,47.987945556640625,0,45.203113555908203,2.7810266017913818,0,0
3,365,26280,3,6,-4.4817872047424316,0,0,0,0,46.371791839599609,0,38.254711151123047,2.4175853729248047,0,0
3,365,26280,4,6,-4.3421459197998047,0,6.0916690927115269E-06,0.0097466707229614258,0,44.222637176513672,0,30.689323425292969,1.9480636119842529,0,0
3,365,26280,5,6,-4.2485218048095703,0,0,0,0,45.000617980957031,0,32.074970245361328,2.4983563423156738,0,0
3,365,26280,6,6,-3.9513335227966309,0,0,0,0,45.580394744873047,0,36.627071380615234,2.3776164054870605,0,0
3,365,26280,7,6,-3.5327975749969482,0.0036564546171575785,0.014977273531258106,1.4318392276763916,0,49.887344360351562,0,39.568614959716797,2.2739970684051514,0,0
3,365,26280,0,7,-3.6624810695648193,0.052435524761676788,0.025983966886997223,2.7093541622161865,0,53.884185791015625,0,53.174705505371094,0.6208224892616272,0,0
3,365,26280,1,7,-4.1974921226501465,0,0.0055219489149749279,0.66277217864990234,0,46.661975860595703,0,41.723369598388672,1.3911057710647583,0,0
3,365,26280,2,7,-4.1364669799804688,0,0.0011984427692368627,0.62535011768341064,0,48.6881103515625,0,43.265899658203125,1.3952629566192627,0,0
3,365,26280,3,7,-3.9758470058441162,0,0.0028679156675934792,0.68791121244430542,0,48.072696685791016,0,39.60040283203125,0.93232029676437378,0,0
3,365,26280,4,7,-4.0485215187072754,0,0.0030324305407702923,0.64247918128967285,0,45.695598602294922,0,36.568305969238281,1.4733469486236572,0,0
3,365,26280,5,7,-3.9055652618408203,0,0.0077675306238234043,0.66998475790023804,0,44.666618347167969,0,37.219253540039062,1.4438381195068359,0,0
3,365,26280,6,7,-3.7198212146759033,0,0.016962740570306778,0.78719282150268555,0,43.539321899414062,0,40.732772827148438,1.1854749917984009,0,0
3,365,26280,7,7,-3.2839386463165283,0,0.019218564033508301,1.4464055299758911,0,46.940242767333984,0,46.581012725830078,1.2191417217254639,0,0
