year,day,elapsed_hours,region_x,region_y,temperature_c,snow_mm,surface_water_mean_mm,surface_water_max_mm,flooded_fraction,root_water_mm,water_stress_fraction,live_biomass_gm2,dust_gm2,burning_fraction,burn_scar
1,15,360,0,0,-10.340042114257812,19.401401519775391,0.00082560826558619738,0.043686997145414352,0,55.875560760498047,0,27.683835983276367,0.25192910432815552,0,0
1,15,360,1,0,-10.353039741516113,13.973705291748047,0.0017383365193381906,0.017312455922365189,0,55.722423553466797,0,28.122875213623047,0.58179336786270142,0,0
1,15,360,2,0,-10.187609672546387,13.061751365661621,0.0052786460146307945,0.022913623601198196,0,54.972530364990234,0,28.034994125366211,0.60776591300964355,0,0
1,15,360,3,0,-10.035295486450195,13.594804763793945,0.0023298470769077539,0.023141870275139809,0,58.621078491210938,0,28.835329055786133,0.75144904851913452,0,0
1,15,360,4,0,-10.090984344482422,14.281855583190918,0.001278030569665134,0.017808560281991959,0,58.946971893310547,0,28.955610275268555,0.73869788646697998,0,0
1,15,360,5,0,-9.9440622329711914,11.863155364990234,0.011298893950879574,0.049154564738273621,0,54.260055541992188,0,27.146263122558594,0.60890746116638184,0,0
1,15,360,6,0,-9.9056034088134766,9.7659378051757812,0.016922565177083015,0.049204811453819275,0,51.341388702392578,0,25.513870239257812,0.90209996700286865,0,0
1,15,360,7,0,-9.7334098815917969,9.9257268905639648,0.019271945580840111,0.052281111478805542,0,52.902065277099609,0,24.494514465332031,0.61654669046401978,0,0
1,15,360,0,1,-10.515596389770508,20.780096054077148,0.0014091397169977427,0.011016868054866791,0,51.792221069335938,0,26.104106903076172,0.33321988582611084,0,0
1,15,360,1,1,-10.669190406799316,11.223596572875977,0.0022260318510234356,0.019675707444548607,0,54.005844116210938,0,26.489990234375,1.140661358833313,0,0
1,15,360,2,1,-10.716026306152344,11.09605884552002,0.0037844213657081127,0.017908543348312378,0,51.331470489501953,0,26.515642166137695,1.5843956470489502,0,0
1,15,360,3,1,-10.630870819091797,11.53327465057373,0.0017718161689117551,0.018396629020571709,0,54.709373474121094,0,27.392589569091797,2.1663501262664795,0,0
1,15,360,4,1,-10.662187576293945,10.975335121154785,0.006655578501522541,0.036113958805799484,0,55.900485992431641,0,25.968563079833984,2.1411044597625732,0,0
1,15,360,5,1,-10.808639526367188,12.622219085693359,0.0047464701347053051,0.040669277310371399,0,56.224945068359375,0,25.281307220458984,1.3712835311889648,0,0
1,15,360,6,1,-10.689306259155273,10.815155029296875,0.011552682146430016,0.044971145689487457,0,55.010284423828125,0,24.839851379394531,1.0112568140029907,0,0
1,15,360,7,1,-10.055878639221191,10.734664916992188,0.0056616123765707016,0.035062603652477264,0,55.0924072265625,0,26.033475875854492,0.47697928547859192,0,0
1,15,360,0,2,-10.45525074005127,22.124439239501953,0.0055537428706884384,0.032816354185342789,0,49.580753326416016,0,25.554876327514648,0.30166912078857422,0,0
1,15,360,1,2,-10.812845230102539,11.249505996704102,0.0057071349583566189,0.032716184854507446,0,51.083602905273438,0,24.538005828857422,1.0511209964752197,0,0
1,15,360,2,2,-11.042044639587402,12.573429107666016,0.0058281226083636284,0.029310707002878189,0,51.190444946289062,0,24.274288177490234,1.1991300582885742,0,0
1,15,360,3,2,-11.143533706665039,12.451934814453125,0.0046340823173522949,0.032631471753120422,0,54.273548126220703,0,24.665473937988281,1.1540164947509766,0,0
1,15,360,4,2,-10.936720848083496,11.050786972045898,0.0038333425763994455,0.040384575724601746,0,55.212783813476562,0,25.407159805297852,0.94251489639282227,0,0
1,15,360,5,2,-10.571135520935059,9.5611419677734375,0.012890362180769444,0.049402743577957153,0,54.132865905761719,0,26.624423980712891,0.83417761325836182,0,0
1,15,360,6,2,-10.567011833190918,9.0675439834594727,0.013206733390688896,0.039208665490150452,0,51.934902191162109,0,26.384271621704102,1.2845782041549683,0,0
1,15,360,7,2,-10.193745613098145,11.85831356048584,0.0030630570836365223,0.019932352006435394,0,56.806205749511719,0,28.108257293701172,1.2828874588012695,0,0
1,15,360,0,3,-10.654555320739746,23.374032974243164,0.0078283930197358131,0.031995944678783417,0,49.002880096435547,0,23.393011093139648,0.223258376121521,0,0
1,15,360,1,3,-10.66810417175293,9.7279510498046875,0.0094631947576999664,0.045338168740272522,0,53.424488067626953,0,25.125282287597656,0.6631738543510437,0,0
1,15,360,2,3,-10.592703819274902,12.094928741455078,0.0028457473963499069,0.030835710465908051,0,56.366901397705078,0,28.001655578613281,1.1796414852142334,0,0
1,15,360,3,3,-10.811457633972168,11.656215667724609,0.00042568030767142773,0.0084769576787948608,0,52.511310577392578,0,26.352634429931641,1.794048547744751,0,0
1,15,360,4,3,-10.72291088104248,8.4731998443603516,0.01014553289860487,0.024668926373124123,0,52.536052703857422,0,24.532527923583984,2.0697314739227295,0,0
1,15,360,5,3,-10.80523681640625,9.6157293319702148,0.0088583426550030708,0.023749455809593201,0,50.593315124511719,0,24.505317687988281,1.9585347175598145,0,0
1,15,360,6,3,-10.861562728881836,9.0278587341308594,0.0078404908999800682,0.023634526878595352,0,50.094261169433594,0,24.458337783813477,2.3525872230529785,0,0
1,15,360,7,3,-10.332210540771484,11.03441047668457,0.0093760034069418907,0.050976436585187912,0,54.610179901123047,0,25.255743026733398,1.5217462778091431,0,0
1,15,360,0,4,-10.173712730407715,22.338125228881836,0.0089297154918313026,0.028471563011407852,0,49.947250366210938,0,25.251266479492188,0.31801733374595642,0,0
1,15,360,1,4,-10.560729026794434,11.216384887695312,0.0021969990339130163,0.0191810242831707,0,56.820514678955078,0,27.480691909790039,1.0876622200012207,0,0
1,15,360,2,4,-10.64910888671875,13.506277084350586,0.00010195981303695589,0.0039254594594240189,0,59.033523559570312,0,28.519338607788086,1.5499975681304932,0,0
1,15,360,3,4,-10.90424919128418,10.804208755493164,0.0020973628852516413,0.017578806728124619,0,48.874679565429688,0,25.128631591796875,2.0695929527282715,0,0
1,15,360,4,4,-10.762582778930664,7.6246438026428223,0.015100512653589249,0.027024675160646439,0,48.662349700927734,0,23.230546951293945,2.2677531242370605,0,0
1,15,360,5,4,-10.900659561157227,9.4851446151733398,0.0098310280591249466,0.049807853996753693,0,46.452743530273438,0,23.232051849365234,2.1295621395111084,0,0
1,15,360,6,4,-10.500943183898926,7.0099897384643555,0.019566964358091354,0.051066160202026367,0,48.317451477050781,0,22.335948944091797,2.0600459575653076,0,0
1,15,360,7,4,-10.370108604431152,9.7029123306274414,0.010137178935110569,0.053296525031328201,0,51.228855133056641,0,25.225187301635742,1.48512864112854,0,0
1,15,360,0,5,-10.293032646179199,20.630247116088867,0.0044009312987327576,0.023617206141352654,0,51.15936279296875,0,26.276237487792969,0.33102205395698547,0,0
1,15,360,1,5,-10.818937301635742,13.878495216369629,0.0002943404542747885,0.0111665278673172,0,58.204250335693359,0,28.480390548706055,1.1372404098510742,0,0
1,15,360,2,5,-10.770735740661621,12.864191055297852,0.00092985638184472919,0.013158991932868958,0,58.913684844970703,0,28.254795074462891,1.2918509244918823,0,0
1,15,360,3,5,-10.889804840087891,10.518168449401855,0.0026063660625368357,0.022682331502437592,0,49.712902069091797,0,24.762624740600586,1.8741886615753174,0,0
1,15,360,4,5,-10.832110404968262,9.3127164840698242,0.0076265521347522736,0.051737349480390549,0,48.149463653564453,0,23.517702102661133,2.3458044528961182,0,0
1,15,360,5,5,-10.555716514587402,7.5737791061401367,0.025892902165651321,0.064796693623065948,0,47.369541168212891,0,22.898271560668945,1.5963424444198608,0,0
1,15,360,6,5,-10.477879524230957,8.0494937896728516,0.014997986145317554,0.048252522945404053,0,49.573387145996094,0,25.110198974609375,1.685657262802124,0,0
1,15,360,7,5,-9.9649085998535156,7.7256064414978027,0.015190592035651207,0.042498357594013214,0,48.655464172363281,0,24.995338439941406,1.4388059377670288,0,0
1,15,360,0,6,-10.408717155456543,15.59227466583252,0.013070918619632721,0.029938191175460815,0,44.963733673095703,0,24.636575698852539,0.33026263117790222,0,0
1,15,360,1,6,-10.76668643951416,11.759140968322754,0.0012110579991713166,0.011790487915277481,0,55.456192016601562,0,27.404356002807617,1.1000758409500122,0,0
1,15,360,2,6,-10.794241905212402,13.180362701416016,0.00074319029226899147,0.013823987916111946,0,58.322132110595703,0,27.882896423339844,1.4675770998001099,0,0
1,15,360,3,6,-10.708097457885742,10.957253456115723,0.0037810178473591805,0.04509367048740387,0,52.501502990722656,0,25.691526412963867,2.0690963268280029,0,0
1,15,360,4,6,-10.536001205444336,7.7873020172119141,0.022380344569683075,0.05379481241106987,0,48.041637420654297,0,22.888513565063477,1.636138916015625,0,0
1,15,360,5,6,-10.472621917724609,7.5075225830078125,0.020921129733324051,0.0478062704205513,0,46.736629486083984,0,23.748067855834961,1.4142738580703735,0,0
1,15,360,6,6,-10.142688751220703,6.6830101013183594,0.018537018448114395,0.036091398447751999,0,49.026996612548828,0,24.723171234130859,1.8867610692977905,0,0
1,15,360,7,6,-9.8237714767456055,7.8890957832336426,0.013704042881727219,0.033227056264877319,0,48.700664520263672,0,25.356845855712891,1.6402497291564941,0,0
1,15,360,0,7,-10.081128120422363,12.355012893676758,0.011776507832109928,0.082399263978004456,0,48.904827117919922,0,25.1514892578125,0.23269596695899963,0,0
1,15,360,1,7,-10.496715545654297,11.606314659118652,0.0080335047096014023,0.033586382865905762,0,52.551811218261719,0,26.574396133422852,0.50721961259841919,0,0
1,15,360,2,7,-10.428050994873047,11.824345588684082,0.0056084799580276012,0.066143810749053955,0,56.0146484375,0,27.174324035644531,0.60919493436813354,0,0
1,15,360,3,7,-10.24232006072998,11.325984954833984,0.014302405528724194,0.057000391185283661,0,54.897388458251953,0,26.372499465942383,0.48765861988067627,0,0
1,15,360,4,7,-10.301281929016113,9.6751213073730469,0.013870573602616787,0.035285208374261856,0,51.770782470703125,0,26.036289215087891,0.49592036008834839,0,0
1,15,360,5,7,-10.140224456787109,9.1414222717285156,0.016862673684954643,0.039161618798971176,0,51.566871643066406,0,26.411952972412109,0.4979155957698822,0,0
1,15,360,6,7,-9.9520416259765625,9.6676549911499023,0.012363230809569359,0.028066921979188919,0,51.815952301025391,0,27.119583129882812,0.62840551137924194,0,0
1,15,360,7,7,-9.5281696319580078,9.5236854553222656,0.012171669863164425,0.039885729551315308,0,55.152400970458984,0,27.387899398803711,0.51886367797851562,0,0
1,30,720,0,0,-8.9741020202636719,28.046676635742188,0.016797879710793495,0.14980162680149078,0,55.875869750976562,0,24.402763366699219,0.064867205917835236,0,0
1,30,720,1,0,-8.9486894607543945,16.207494735717773,0.032311305403709412,0.10213755071163177,0,55.722671508789062,0,24.789329528808594,0.247759148478508,0,0
1,30,720,2,0,-8.7850303649902344,15.593432426452637,0.033849012106657028,0.096553899347782135,0,54.972629547119141,0,24.709688186645508,0.38251736760139465,0,0
1,30,720,3,0,-8.6142568588256836,15.423553466796875,0.036300793290138245,0.1137566864490509,0,58.621429443359375,0,25.420303344726562,0.2771795392036438,0,0
1,30,720,4,0,-8.6799850463867188,16.476659774780273,0.030969748273491859,0.086672492325305939,0,58.947303771972656,0,25.526067733764648,0.3259546160697937,0,0
1,30,720,5,0,-8.5400228500366211,14.445742607116699,0.04641110822558403,0.3870052695274353,0,54.260425567626953,0,23.925004959106445,0.38790887594223022,0,0
1,30,720,6,0,-8.4506950378417969,11.82264232635498,0.094166383147239685,0.41275089979171753,0,51.341800689697266,0,22.463199615478516,0.34434109926223755,0,0
1,30,720,7,0,-8.2920913696289062,12.350590705871582,0.086002156138420105,0.35888731479644775,0,52.899307250976562,0,21.575344085693359,0.22936125099658966,0,0
1,30,720,0,1,-9.1358232498168945,32.292808532714844,0.030945569276809692,0.085332781076431274,0,51.792560577392578,0,22.998527526855469,0.13721005618572235,0,0
1,30,720,1,1,-9.2136774063110352,10.960314750671387,0.054059680551290512,0.09124486893415451,0,54.006198883056641,0,23.3463134765625,0.73691099882125854,0,0
1,30,720,2,1,-9.2799129486083984,11.386581420898438,0.044660527259111404,0.08650042861700058,0,51.331825256347656,0,23.363056182861328,1.5227342844009399,0,0
1,30,720,3,1,-9.1777830123901367,11.291446685791016,0.048237044364213943,0.092459782958030701,0,54.709728240966797,0,24.143196105957031,1.6373326778411865,0,0
1,30,720,4,1,-9.1978225708007812,10.671192169189453,0.062158871442079544,0.12751695513725281,0,55.900722503662109,0,22.881103515625,1.2903198003768921,0,0
1,30,720,5,1,-9.4009513854980469,13.623868942260742,0.040136031806468964,0.36515149474143982,0,56.199596405029297,0,22.282598495483398,1.2827070951461792,0,0
1,30,720,6,1,-9.2303400039672852,11.108273506164551,0.089208491146564484,0.51956570148468018,0,55.004413604736328,0,21.889858245849609,0.58745920658111572,0,0
1,30,720,7,1,-8.6238508224487305,11.599193572998047,0.057102307677268982,0.31287273764610291,0,55.080047607421875,0,22.947296142578125,0.20169374346733093,0,0
1,30,720,0,2,-9.0824623107910156,35.500343322753906,0.032950136810541153,0.1598353236913681,0,49.581104278564453,0,22.502628326416016,0.15815086662769318,0,0
1,30,720,1,2,-9.3630170822143555,11.230291366577148,0.055586580187082291,0.098286852240562439,0,51.079307556152344,0,21.622512817382812,0.79821127653121948,0,0
1,30,720,2,2,-9.6326103210449219,13.592495918273926,0.038807440549135208,0.11179962754249573,0,51.183582305908203,0,21.393184661865234,1.3161998987197876,0,0
1,30,720,3,2,-9.7080898284912109,12.890495300292969,0.054893463850021362,0.31158632040023804,0,54.270530700683594,0,21.736665725708008,0.94553041458129883,0,0
1,30,720,4,2,-9.4628190994262695,10.6881103515625,0.07625889778137207,0.44737792015075684,0,55.212715148925781,0,22.378505706787109,0.37016621232032776,0,0
1,30,720,5,2,-9.0791692733764648,8.8616733551025391,0.098582595586776733,0.52489882707595825,0,54.132999420166016,0,23.453201293945312,0.35571518540382385,0,0
1,30,720,6,2,-9.0835590362548828,8.7942733764648438,0.078849039971828461,0.35311496257781982,0,51.935165405273438,0,23.227201461791992,0.79055780172348022,0,0
1,30,720,7,2,-8.7820854187011719,12.969594955444336,0.036688607186079025,0.11200350522994995,0,56.806385040283203,0,24.77446174621582,0.66653364896774292,0,0
1,30,720,0,3,-9.283660888671875,37.566047668457031,0.035182852298021317,0.15481641888618469,0,49.003227233886719,0,20.592508316040039,0.078515104949474335,0,0
1,30,720,1,3,-9.1638507843017578,8.8586997985839844,0.09570024162530899,0.50098955631256104,0,53.423805236816406,0,22.1378173828125,0.25993034243583679,0,0
1,30,720,2,3,-9.1315727233886719,11.393282890319824,0.047739878296852112,0.18508127331733704,0,56.367252349853516,0,24.684455871582031,0.57172197103500366,0,0
1,30,720,3,3,-9.3824214935302734,11.979562759399414,0.043357998132705688,0.11593329161405563,0,52.511665344238281,0,23.208286285400391,0.8519321084022522,0,0
1,30,720,4,3,-9.2257928848266602,7.8890237808227539,0.084352940320968628,0.14068692922592163,0,52.536457061767578,0,21.594158172607422,0.96177715063095093,0,0
1,30,720,5,3,-9.3470239639282227,9.7063503265380859,0.058000314980745316,0.086003683507442474,0,50.593704223632812,0,21.556402206420898,1.5743840932846069,0,0
1,30,720,6,3,-9.3921661376953125,9.2176980972290039,0.069190651178359985,0.19224788248538971,0,50.09466552734375,0,21.501201629638672,1.9693012237548828,0,0
1,30,720,7,3,-8.869903564453125,12.143610954284668,0.10260558128356934,0.53735607862472534,0,54.610538482666016,0,22.250514984130859,1.1671977043151855,0,0
1,30,720,0,4,-8.7954950332641602,36.07012939453125,0.040395274758338928,0.1070806086063385,0,49.947605133056641,0,22.215328216552734,0.15782630443572998,0,0
1,30,720,1,4,-9.0854101181030273,10.424684524536133,0.058109801262617111,0.11840996146202087,0,56.820865631103516,0,24.217929840087891,0.74240249395370483,0,0
1,30,720,2,4,-9.2183837890625,13.238141059875488,0.028589343652129173,0.081368401646614075,0,59.033805847167969,0,25.139541625976562,1.4145582914352417,0,0
1,30,720,3,4,-9.4939079284667969,11.834243774414062,0.043439675122499466,0.0984000563621521,0,48.875045776367188,0,22.096567153930664,1.6665998697280884,0,0
1,30,720,4,4,-9.2500791549682617,6.8848004341125488,0.092852480709552765,0.1878066211938858,0,48.662769317626953,0,20.420011520385742,1.7389323711395264,0,0
1,30,720,5,4,-9.4556789398193359,10.242342948913574,0.05964718759059906,0.52175962924957275,0,46.453132629394531,0,20.40399169921875,2.3016726970672607,0,0
1,30,720,6,4,-8.9708070755004883,6.4416718482971191,0.15840800106525421,0.69936543703079224,0,48.317874908447266,0,19.629852294921875,1.8140296936035156,0,0
1,30,720,7,4,-8.933018684387207,10.541684150695801,0.086078159511089325,0.55133116245269775,0,51.229228973388672,0,22.195943832397461,1.0840739011764526,0,0
1,30,720,0,5,-8.9247207641601562,33.331466674804688,0.034153398126363754,0.10982076823711395,0,51.159622192382812,0,23.133285522460938,0.15614329278469086,0,0
1,30,720,1,5,-9.3879241943359375,13.865900993347168,0.036902900785207748,0.10491602867841721,0,58.204486846923828,0,25.104961395263672,0.65816593170166016,0,0
1,30,720,2,5,-9.3123722076416016,12.15070915222168,0.039615970104932785,0.091735228896141052,0,58.913997650146484,0,24.904865264892578,1.287293553352356,0,0
1,30,720,3,5,-9.4608659744262695,11.175473213195801,0.04674912616610527,0.11904262006282806,0,49.713272094726562,0,21.778421401977539,1.913385272026062,0,0
1,30,720,4,5,-9.3662614822387695,9.4308538436889648,0.075685083866119385,0.52752310037612915,0,48.149852752685547,0,20.669626235961914,1.8519806861877441,0,0
1,30,720,5,5,-9.0184783935546875,7.2044792175292969,0.17399862408638,0.52744555473327637,0,47.369956970214844,0,20.127510070800781,1.6540546417236328,0,0
1,30,720,6,5,-8.977473258972168,7.6123833656311035,0.11151610314846039,0.51310503482818604,0,49.573799133300781,0,22.08534049987793,1.3927749395370483,0,0
1,30,720,7,5,-8.4961042404174805,8.0303735733032227,0.1101381927728653,0.52039104700088501,0,48.655799865722656,0,21.963451385498047,1.0252939462661743,0,0
1,30,720,0,6,-9.0225648880004883,24.098655700683594,0.052189331501722336,0.12037362903356552,0,44.963752746582031,0,21.636192321777344,0.12982603907585144,0,0
1,30,720,1,6,-9.3102359771728516,11.322593688964844,0.052178837358951569,0.099456116557121277,0,55.456398010253906,0,24.149869918823242,0.73573154211044312,0,0
1,30,720,2,6,-9.3567733764648438,12.866988182067871,0.029003821313381195,0.082152567803859711,0,58.32244873046875,0,24.578960418701172,1.522364616394043,0,0
1,30,720,3,6,-9.2525014877319336,11.406843185424805,0.073303364217281342,1.6225628852844238,0,52.501873016357422,0,22.616838455200195,1.8565573692321777,0,0
1,30,720,4,6,-8.9965629577636719,7.2562298774719238,0.15860281884670258,0.56643092632293701,0,48.04205322265625,0,20.117786407470703,1.18393874168396,0,0
1,30,720,5,6,-8.973942756652832,7.2195959091186523,0.10959234088659286,0.51531755924224854,0,46.737052917480469,0,20.869047164916992,1.4390006065368652,0,0
1,30,720,6,6,-8.5981779098510742,5.5643491744995117,0.15497560799121857,0.39414781332015991,0,49.027431488037109,0,21.761381149291992,1.5498501062393188,0,0
1,30,720,7,6,-8.3701343536376953,8.4885654449462891,0.082928642630577087,0.26581153273582458,0,48.701068878173828,0,22.304803848266602,1.1252899169921875,0,0
1,30,720,0,7,-8.7210550308227539,16.93971061706543,0.044198483228683472,0.30310428142547607,0,48.905132293701172,0,22.14137077331543,0.10887675732374191,0,0
1,30,720,1,7,-9.0985498428344727,13.293990135192871,0.047913499176502228,0.11651445925235748,0,52.552169799804688,0,23.413108825683594,0.5043950080871582,0,0
1,30,720,2,7,-9.011469841003418,13.303750991821289,0.062098830938339233,0.82718378305435181,0,56.014987945556641,0,23.948631286621094,0.78985333442687988,0,0
1,30,720,3,7,-8.7689075469970703,12.614729881286621,0.15239374339580536,0.7871202826499939,0,54.897655487060547,0,23.232240676879883,0.49364012479782104,0,0
1,30,720,4,7,-8.8649616241455078,10.816163063049316,0.077029883861541748,0.15341605246067047,0,51.770858764648438,0,22.92242431640625,0.55532568693161011,0,0
1,30,720,5,7,-8.6972455978393555,10.327581405639648,0.084579907357692719,0.39696952700614929,0,51.567230224609375,0,23.258428573608398,0.83400219678878784,0,0
1,30,720,6,7,-8.5137367248535156,11.009099960327148,0.071503058075904846,0.23222267627716064,0,51.816352844238281,0,23.897109985351562,0.86366891860961914,0,0
1,30,720,7,7,-8.0919046401977539,10.656172752380371,0.081454351544380188,0.46265548467636108,0,55.152786254882812,0,24.145957946777344,0.75077950954437256,0,0
1,45,1080,0,0,-6.9228315353393555,36.879474639892578,0.0020329339895397425,0.061824824661016464,0,56.379230499267578,0,21.559101104736328,0.055325809866189957,0,0
1,45,1080,1,0,-6.8334918022155762,17.945440292358398,0.003136014100164175,0.059714321047067642,0,56.554374694824219,0,21.914449691772461,0.32576844096183777,0,0
1,45,1080,2,0,-6.6375346183776855,17.183029174804688,0.0024062981829047203,0.045084904879331589,0,56.192619323730469,0,21.870111465454102,0.28724959492683411,0,0
1,45,1080,3,0,-6.4307513236999512,15.986212730407715,0.0010759108699858189,0.024330096319317818,0,60.117321014404297,0,22.52398681640625,0.19047483801841736,0,0
1,45,1080,4,0,-6.5047016143798828,17.60679817199707,0,0,0,60.216133117675781,0,22.600713729858398,0.36579608917236328,0,0
1,45,1080,5,0,-6.3608412742614746,15.754623413085938,0.00020983170543331653,0.021253705024719238,0,56.018646240234375,0,21.21551513671875,0.22518864274024963,0,0
1,45,1080,6,0,-6.1764702796936035,11.570326805114746,0,0,0,53.932796478271484,0,19.929971694946289,0.15910385549068451,0,0
1,45,1080,7,0,-6.0326085090637207,12.73914623260498,0.00045458416570909321,0.070900894701480865,0,55.487113952636719,0,19.177751541137695,0.24810825288295746,0,0
1,45,1080,0,1,-7.099665641784668,43.947319030761719,0.0059646125882863998,0.12085695564746857,0,52.320632934570312,0,20.300668716430664,0.18763446807861328,0,0
1,45,1080,1,1,-6.9780025482177734,9.6945819854736328,0.0035029610153287649,0.06548677384853363,0,55.125759124755859,0,20.624338150024414,0.91763210296630859,0,0
1,45,1080,2,1,-7.0729308128356934,10.475929260253906,0.0033727781847119331,0.07844022661447525,0,52.215240478515625,0,20.626367568969727,1.3523889780044556,0,0
1,45,1080,3,1,-6.9213156700134277,9.6728553771972656,0.011834055185317993,0.50759440660476685,0,55.9696044921875,0,21.335554122924805,1.1262080669403076,0,0
1,45,1080,4,1,-6.9395842552185059,9.4439830780029297,0.058021314442157745,0.52900546789169312,0,57.246257781982422,0,20.221164703369141,1.3867443799972534,0,0
1,45,1080,5,1,-7.235222339630127,13.702138900756836,0.1109258234500885,0.53465944528579712,0,56.725811004638672,0,19.671846389770508,1.1808483600616455,0,0
1,45,1080,6,1,-7.000889778137207,10.606938362121582,0.044479168951511383,0.51826846599578857,0,56.190944671630859,0,19.358669281005859,0.529124915599823,0,0
1,45,1080,7,1,-6.3914241790771484,11.088258743286133,0.012899411842226982,0.42178648710250854,0,56.838855743408203,0,20.363077163696289,0.31322726607322693,0,0
1,45,1080,0,2,-7.0242791175842285,48.810672760009766,0.0056466194801032543,0.52126795053482056,0,50.28936767578125,0,19.860233306884766,0.17209798097610474,0,0
1,45,1080,1,2,-7.1287102699279785,10.343645095825195,0.098006583750247955,0.55432689189910889,0,52.044845581054688,0,19.093328475952148,0.90871274471282959,0,0
1,45,1080,2,2,-7.4799361228942871,13.89434814453125,0.12820109724998474,0.55423641204833984,0,51.608638763427734,0,18.874820709228516,1.2718261480331421,0,0
1,45,1080,3,2,-7.5308270454406738,12.946808815002441,0.097791917622089386,0.53310203552246094,0,54.943042755126953,0,19.181848526000977,0.73835289478302002,0,0
1,45,1080,4,2,-7.1850013732910156,9.3312902450561523,0.063672401010990143,0.53172659873962402,0,56.373973846435547,0,19.756168365478516,0.52154409885406494,0,0
1,45,1080,5,2,-6.771705150604248,6.9291110038757324,0.0054342504590749741,0.22595153748989105,0,55.845390319824219,0,20.739223480224609,0.4691673219203949,0,0
1,45,1080,6,2,-6.7552165985107422,6.585637092590332,0.0010696847457438707,0.1217055544257164,0,53.809093475341797,0,20.524169921875,0.66569244861602783,0,0
1,45,1080,7,2,-6.5936269760131836,12.785763740539551,0.0025122161023318768,0.095972657203674316,0,58.065277099609375,0,21.928800582885742,0.79344254732131958,0,0
1,45,1080,0,3,-7.197117805480957,51.824520111083984,0.032600827515125275,0.48892039060592651,0,49.718051910400391,0,18.168720245361328,0.058266464620828629,0,0
1,45,1080,1,3,-6.8312535285949707,7.1255831718444824,0.042047809809446335,0.52243316173553467,0,55.283977508544922,0,19.591823577880859,0.30773937702178955,0,0
1,45,1080,2,3,-6.8337459564208984,8.8217411041259766,0.0054365568794310093,0.23182344436645508,0,57.598018646240234,0,21.821649551391602,0.52296805381774902,0,0
1,45,1080,3,3,-7.2130656242370605,11.535749435424805,0.016262590885162354,0.1047852635383606,0,53.102115631103516,0,20.469823837280273,0.66937547922134399,0,0
1,45,1080,4,3,-6.9155888557434082,6.2211709022521973,0.00015030102804303169,0.060120414942502975,0,54.363620758056641,0,19.064685821533203,1.1942946910858154,0,0
1,45,1080,5,3,-7.0797648429870605,8.1755943298339844,0.0010924149537459016,0.11667828261852264,0,51.795803070068359,0,19.002389907836914,1.8093816041946411,0,0
1,45,1080,6,3,-7.1516404151916504,8.6002693176269531,0.012905946001410484,0.34351849555969238,0,51.323127746582031,0,18.94080924987793,1.494507908821106,0,0
1,45,1080,7,3,-6.6015090942382812,11.87824821472168,0.009298030287027359,0.42900103330612183,0,56.024242401123047,0,19.698503494262695,1.1347624063491821,0,0
1,45,1080,0,4,-6.7216796875,50.064167022705078,0,0,0,51.10174560546875,0,19.618371963500977,0.11884582787752151,0,0
1,45,1080,1,4,-6.8280386924743652,8.9605236053466797,0.0021291607990860939,0.073277831077575684,0,58.242603302001953,0,21.407861709594727,0.76919060945510864,0,0
1,45,1080,2,4,-6.9739770889282227,11.125371932983398,0.0059424410574138165,0.073067024350166321,0,59.821010589599609,0,22.205766677856445,1.3270496129989624,0,0
1,45,1080,3,4,-7.3695549964904785,12.30361270904541,0.025394100695848465,0.20161557197570801,0,49.275562286376953,0,19.452180862426758,1.5765886306762695,0,0
1,45,1080,4,4,-6.9040555953979492,4.9379253387451172,0.0020320902112871408,0.14232558012008667,0,50.755161285400391,0,18.009054183959961,2.077620267868042,0,0
1,45,1080,5,4,-7.2025609016418457,9.2313442230224609,0.016027292236685753,0.49697992205619812,0,47.417964935302734,0,17.951610565185547,2.3038063049316406,0,0
1,45,1080,6,4,-6.6497640609741211,5.3878688812255859,0.022474482655525208,0.52313113212585449,0,49.828739166259766,0,17.348503112792969,1.3347114324569702,0,0
1,45,1080,7,4,-6.691802978515625,9.5578536987304688,0.0027581441681832075,0.068560615181922913,0,52.623085021972656,0,19.60786247253418,1.2221168279647827,0,0
1,45,1080,0,5,-6.8700962066650391,45.619861602783203,0,0,0,51.976970672607422,0,20.424161911010742,0.12432100623846054,0,0
1,45,1080,1,5,-7.2103824615478516,13.091207504272461,0.013272183015942574,0.13164123892784119,0,58.748268127441406,0,22.159994125366211,0.76691234111785889,0,0
1,45,1080,2,5,-7.060523509979248,10.508522033691406,0.0050788936205208302,0.091112688183784485,0,59.823638916015625,0,21.994464874267578,1.3906084299087524,0,0
1,45,1080,3,5,-7.2985649108886719,11.202948570251465,0.027192473411560059,0.3775639533996582,0,50.335716247558594,0,19.180553436279297,1.594757080078125,0,0
1,45,1080,4,5,-7.13092041015625,8.7799110412597656,0.014514494687318802,0.41011753678321838,0,49.393901824951172,0,18.207342147827148,1.6374751329421997,0,0
1,45,1080,5,5,-6.6719036102294922,5.7943415641784668,0.0054804831743240356,0.14772975444793701,0,49.044876098632812,0,17.78559684753418,1.4272717237472534,0,0
1,45,1080,6,5,-6.6086864471435547,4.9047603607177734,0.00033141896710731089,0.05128118023276329,0,51.843772888183594,0,19.517679214477539,1.0799888372421265,0,0
1,45,1080,7,5,-6.1758146286010742,5.9907770156860352,0,0,0,51.345417022705078,0,19.455356597900391,1.1936074495315552,0,0
1,45,1080,0,6,-6.9403414726257324,32.056888580322266,0.00039807244320400059,0.031336326152086258,0,45.978080749511719,0,19.054954528808594,0.15982988476753235,0,0
1,45,1080,1,6,-7.0739083290100098,9.8355731964111328,0.0041838302277028561,0.084988519549369812,0,56.342636108398438,0,21.322467803955078,0.95880061388015747,0,0
1,45,1080,2,6,-7.1499524116516113,11.547499656677246,0.010725685395300388,0.094441905617713928,0,58.961097717285156,0,21.700668334960938,1.4486111402511597,0,0
1,45,1080,3,6,-7.038750171661377,10.973699569702148,0.0089441314339637756,0.079625338315963745,0,53.684085845947266,0,19.959894180297852,1.1404640674591064,0,0
1,45,1080,4,6,-6.6399612426757812,5.9057650566101074,0.0068834889680147171,0.45971775054931641,0,49.785388946533203,0,17.776058197021484,1.3948205709457397,0,0
1,45,1080,5,6,-6.596580982208252,4.5328178405761719,0.0001819514436647296,0.030222512781620026,0,49.241596221923828,0,18.431221008300781,1.5849848985671997,0,0
1,45,1080,6,6,-6.141726016998291,2.0898978710174561,0,0,0,52.542457580566406,0,19.317922592163086,1.0107611417770386,0,0
1,45,1080,7,6,-6.0365076065063477,6.1308255195617676,0,0,0,51.335311889648438,0,19.792695999145508,1.1581324338912964,0,0
1,45,1080,0,7,-6.6467709541320801,20.717689514160156,0,0,0,50.064105987548828,0,19.572412490844727,0.13117745518684387,0,0
1,45,1080,1,7,-6.9682173728942871,14.216713905334473,0.0076305023394525051,0.26005065441131592,0,53.434505462646484,0,20.68012809753418,0.51551473140716553,0,0
1,45,1080,2,7,-6.8241515159606934,13.556610107421875,0.0040635238401591778,0.094238750636577606,0,57.209148406982422,0,21.173782348632812,0.63775449991226196,0,0
1,45,1080,3,7,-6.5056424140930176,12.556448936462402,0.0045822057873010635,0.093869887292385101,0,56.619853973388672,0,20.58580207824707,0.54695045948028564,0,0
1,45,1080,4,7,-6.6347055435180664,10.581050872802734,0.0021566543728113174,0.22671352326869965,0,53.547065734863281,0,20.269325256347656,0.80696618556976318,0,0
1,45,1080,5,7,-6.4326353073120117,9.6237602233886719,0.00091123225865885615,0.054264791309833527,0,53.700881958007812,0,20.601821899414062,0.94646686315536499,0,0
1,45,1080,6,7,-6.2667617797851562,10.241108894348145,0,0,0,54.068500518798828,0,21.204502105712891,0.73321115970611572,0,0
1,45,1080,7,7,-5.8267374038696289,9.632319450378418,0,0,0,57.929256439208984,0,21.514408111572266,0.69375622272491455,0,0
1,60,1440,0,0,-4.1554760932922363,41.603275299072266,0,0,0,60.974540710449219,0,19.591127395629883,0.081276357173919678,0,0
1,60,1440,1,0,-3.5110733509063721,11.429170608520508,0,0,0,64.255043029785156,0,20.042963027954102,0.22067023813724518,0,0
1,60,1440,2,0,-3.2865116596221924,10.870182037353516,0,0,0,64.329429626464844,0,20.086391448974609,0.18037539720535278,0,0
1,60,1440,3,0,-3.0739877223968506,9.9066438674926758,0,0,0,67.893013000488281,0,20.782651901245117,0.26651212573051453,0,0
1,60,1440,4,0,-2.9965171813964844,10.090288162231445,0,0,0,68.664176940917969,0,20.830862045288086,0.26091423630714417,0,0
1,60,1440,5,0,-3.0641894340515137,10.236101150512695,0,0,0,63.425487518310547,0,19.599994659423828,0.17170444130897522,0,0
1,60,1440,6,0,-2.7735519409179688,6.4007606506347656,0,0,0,60.64105224609375,0,18.565242767333984,0.31294173002243042,0,0
1,60,1440,7,0,-2.7505514621734619,8.6571693420410156,0,0,0,61.332607269287109,0,17.869867324829102,0.27610105276107788,0,0
1,60,1440,0,1,-4.4089460372924805,53.662879943847656,0,0,0,57.374118804931641,0,18.409353256225586,0.13847324252128601,0,0
1,60,1440,1,1,-3.3922343254089355,1.2265816926956177,0,0,0,63.551845550537109,0,18.944541931152344,0.62801134586334229,0,0
1,60,1440,2,1,-3.4285614490509033,1.0231398344039917,0,0,0,60.863452911376953,0,18.89837646484375,0.79801076650619507,0,0
1,60,1440,3,1,-3.4010710716247559,1.8203020095825195,0,0,0,63.611194610595703,0,19.609182357788086,1.2528342008590698,0,0
1,60,1440,4,1,-3.4657688140869141,2.4740982055664062,0,0,0,64.666213989257812,0,18.582668304443359,1.5460910797119141,0,0
1,60,1440,5,1,-3.7738187313079834,5.1909852027893066,0,0,0,64.098648071289062,0,17.922067642211914,1.1563626527786255,0,0
1,60,1440,6,1,-3.6723034381866455,4.9380631446838379,0,0,0,61.866249084472656,0,17.750001907348633,1.0597609281539917,0,0
1,60,1440,7,1,-3.0511784553527832,5.4566912651062012,0,0,0,62.667167663574219,0,18.869062423706055,0.70178550481796265,0,0
1,60,1440,0,2,-4.2682933807373047,60.068683624267578,0,0,0,55.667995452880859,0,18.044811248779297,0.10050450265407562,0,0
1,60,1440,1,2,-3.6272687911987305,2.6542999744415283,0,0,0,59.948123931884766,0,17.479808807373047,0.645607590675354,0,0
1,60,1440,2,2,-4.1743268966674805,7.2859888076782227,0,0,0,57.450092315673828,0,17.120475769042969,0.87675285339355469,0,0
1,60,1440,3,2,-4.3414993286132812,8.2368259429931641,0,0,0,59.763778686523438,0,17.399150848388672,0.96829736232757568,0,0
1,60,1440,4,2,-3.8849122524261475,4.3110604286193848,0,0,0,61.234409332275391,0,18.083225250244141,0.91665726900100708,0,0
1,60,1440,5,2,-3.2975594997406006,0.28958824276924133,0,0,0,61.947475433349609,0,19.134437561035156,0.86808079481124878,0,0
1,60,1440,6,2,-3.2456343173980713,0.062728501856327057,0,0,0,60.024211883544922,0,18.965866088867188,1.1549761295318604,0,0
1,60,1440,7,2,-3.2733442783355713,6.4735784530639648,0,0,0,64.726730346679688,0,20.178510665893555,1.127581000328064,0,0
1,60,1440,0,3,-4.3889260292053223,63.871006011962891,0,0,0,54.237491607666016,0,16.493125915527344,0.05717964842915535,0,0
1,60,1440,1,3,-3.6185050010681152,3.5971486568450928,0,0,0,58.930000305175781,0,18.075254440307617,0.31499812006950378,0,0
1,60,1440,2,3,-3.236527681350708,0.35201901197433472,0,0,0,64.419281005859375,0,20.104375839233398,0.62642848491668701,0,0
1,60,1440,3,3,-3.7049851417541504,2.8123965263366699,0,0,0,62.015605926513672,0,18.658584594726562,1.1559033393859863,0,0
1,60,1440,4,3,-3.4262549877166748,0.046555150300264359,0,0,0,61.135486602783203,0,17.564912796020508,1.7604625225067139,0,0
1,60,1440,5,3,-3.4643087387084961,0,0,0,0,59.161857604980469,0,17.443267822265625,1.3860288858413696,0,0
1,60,1440,6,3,-3.6332058906555176,1.1530382633209229,0,0,0,59.031784057617188,0,17.334421157836914,1.5552250146865845,0,0
1,60,1440,7,3,-3.4408614635467529,8.66064453125,0,0,0,60.052276611328125,0,18.142435073852539,1.0957529544830322,0,0
1,60,1440,0,4,-3.8505887985229492,60.837356567382812,0,0,0,57.596744537353516,0,17.936275482177734,0.10026107728481293,0,0
1,60,1440,1,4,-3.2159497737884521,0.48147192597389221,0,0,0,66.652542114257812,0,19.721683502197266,0.61648410558700562,0,0
1,60,1440,2,4,-3.3139147758483887,1.3155062198638916,0,0,0,67.917915344238281,0,20.371053695678711,0.99907058477401733,0,0
1,60,1440,3,4,-3.9102840423583984,4.0666060447692871,0,0,0,58.500186920166016,0,17.643917083740234,1.3913766145706177,0,0
1,60,1440,4,4,-3.5047745704650879,0.036298036575317383,0,0,0,56.132305145263672,0,16.591856002807617,1.6138381958007812,0,0
1,60,1440,5,4,-3.6478958129882812,1.3809620141983032,0,0,0,54.563236236572266,0,16.41595458984375,1.3866305351257324,0,0
1,60,1440,6,4,-3.4429581165313721,2.2229971885681152,0,0,0,53.072601318359375,0,16.015724182128906,1.4018334150314331,0,0
1,60,1440,7,4,-3.4820680618286133,5.1915445327758789,0,0,0,57.423839569091797,0,18.029598236083984,0.89876514673233032,0,0
1,60,1440,0,5,-4.0714430809020996,55.007129669189453,0,0,0,57.773681640625,0,18.605928421020508,0.11281724274158478,0,0
1,60,1440,1,5,-3.6852660179138184,3.9917106628417969,0,0,0,66.379470825195312,0,20.197153091430664,0.65302932262420654,0,0
1,60,1440,2,5,-3.5713417530059814,3.2180972099304199,0,0,0,67.815452575683594,0,20.14483642578125,0.7784000039100647,0,0
1,60,1440,3,5,-3.7468540668487549,2.2401089668273926,0,0,0,59.539066314697266,0,17.453147888183594,1.1332732439041138,0,0
1,60,1440,4,5,-3.6915590763092041,2.0256361961364746,0,0,0,56.494853973388672,0,16.653268814086914,1.557462215423584,0,0
1,60,1440,5,5,-3.4734969139099121,2.8093008995056152,0,0,0,51.726295471191406,0,16.42234992980957,1.0059973001480103,0,0
1,60,1440,6,5,-3.2328553199768066,0.024190656840801239,0,0,0,56.479583740234375,0,18.085033416748047,0.87081640958786011,0,0
1,60,1440,7,5,-2.860353946685791,1.6054462194442749,0,0,0,56.257915496826172,0,18.124366760253906,0.8610953688621521,0,0
1,60,1440,0,6,-4.0736660957336426,36.893665313720703,0,0,0,52.241172790527344,0,17.352426528930664,0.13941577076911926,0,0
1,60,1440,1,6,-3.4447665214538574,0.7987944483757019,0,0,0,64.090103149414062,0,19.552984237670898,0.70947760343551636,0,0
1,60,1440,2,6,-3.5460219383239746,2.0576162338256836,0,0,0,67.74163818359375,0,19.822515487670898,0.78927737474441528,0,0
1,60,1440,3,6,-3.6220395565032959,4.1899456977844238,0,0,0,61.305778503417969,0,18.265264511108398,1.2743984460830688,0,0
1,60,1440,4,6,-3.4355731010437012,3.081451416015625,0,0,0,52.570068359375,0,16.428176879882812,1.3168148994445801,0,0
1,60,1440,5,6,-3.2469832897186279,0.060661554336547852,0,0,0,53.468624114990234,0,17.087553024291992,0.71728682518005371,0,0
1,60,1440,6,6,-2.9404034614562988,0,0,0,0,54.517192840576172,0,18.075870513916016,0.89732211828231812,0,0
1,60,1440,7,6,-2.7750833034515381,1.9211357831954956,0,0,0,55.957485198974609,0,18.46861457824707,1.1049767732620239,0,0
1,60,1440,0,7,-3.6059162616729736,17.979181289672852,0,0,0,57.141494750976562,0,17.934108734130859,0.080243006348609924,0,0
1,60,1440,1,7,-3.5877258777618408,6.5891103744506836,0,0,0,61.785274505615234,0,18.908943176269531,0.2669404149055481,0,0
1,60,1440,2,7,-3.531466007232666,7.5574402809143066,0,0,0,64.586936950683594,0,19.421512603759766,0.42239543795585632,0,0
1,60,1440,3,7,-3.3922505378723145,9.2599372863769531,0,0,0,60.433074951171875,0,19.001392364501953,0.40552368760108948,0,0
1,60,1440,4,7,-3.2724337577819824,4.4299917221069336,0,0,0,60.722770690917969,0,18.715414047241211,0.38941177725791931,0,0
1,60,1440,5,7,-3.1112661361694336,3.9881341457366943,0,0,0,60.056835174560547,0,19.094465255737305,0.35097301006317139,0,0
1,60,1440,6,7,-2.8266048431396484,3.1205906867980957,0,0,0,61.660484313964844,0,19.737237930297852,0.49650552868843079,0,0
1,60,1440,7,7,-2.5233192443847656,4.0210208892822266,0,0,0,64.397186279296875,0,20.157100677490234,0.40217041969299316,0,0
1,75,1800,0,0,-0.34875932335853577,21.824966430664062,0,0,0,82.052482604980469,0,18.913812637329102,0.028897553682327271,0,0
1,75,1800,1,0,0.6162712574005127,1.8469007015228271,0,0,0,73.485069274902344,0,19.698387145996094,0.2215251624584198,0,0
1,75,1800,2,0,0.81088888645172119,1.5699329376220703,0,0,0,73.369903564453125,0,19.777851104736328,0.41348201036453247,0,0
1,75,1800,3,0,1.0717822313308716,0.92229843139648438,0,0,0,74.387153625488281,0,20.51007080078125,0.33588904142379761,0,0
1,75,1800,4,0,0.89284932613372803,2.4338066577911377,0,0,0,73.9775390625,0,20.567337036132812,0.42868581414222717,0,0
1,75,1800,5,0,1.1464548110961914,0.73885840177536011,0,0,0,71.4954833984375,0,19.33673095703125,0.52093368768692017,0,0
1,75,1800,6,0,1.1305979490280151,0.64782160520553589,0,0,0,66.359100341796875,0,18.399618148803711,0.42420405149459839,0,0
1,75,1800,7,0,1.2416038513183594,1.2012461423873901,0,0,0,68.097320556640625,0,17.695028305053711,0.40120142698287964,0,0
1,75,1800,0,1,-0.83271878957748413,33.714530944824219,0,0,0,80.968841552734375,0,17.697084426879883,0.042168367654085159,0,0
1,75,1800,1,1,0.32376396656036377,0,0,0,0,65.119575500488281,0,18.703994750976562,0.39791855216026306,0,0
1,75,1800,2,1,0.25594913959503174,0,0,0,0,61.881927490234375,0,18.647066116333008,0.93876498937606812,0,0
1,75,1800,3,1,0.37761321663856506,0,0,0,0,65.240936279296875,0,19.358476638793945,1.2670117616653442,0,0
1,75,1800,4,1,0.39061331748962402,0.21453702449798584,0,0,0,66.255149841308594,0,18.329305648803711,1.057528018951416,0,0
1,75,1800,5,1,0.27891677618026733,0.82164156436920166,0,0,0,66.179550170898438,0,17.602760314941406,1.1269043684005737,0,0
1,75,1800,6,1,0.35019832849502563,1.15152907371521,0,0,0,63.567386627197266,0,17.456748962402344,1.0717587471008301,0,0
1,75,1800,7,1,0.96279001235961914,1.5354417562484741,0,0,0,65.392684936523438,0,18.662374496459961,0.6703178882598877,0,0
1,75,1800,0,2,-0.72378283739089966,38.988868713378906,0,0,0,80.8140869140625,0,17.400600433349609,0.038342941552400589,0,0
1,75,1800,1,2,0.18406225740909576,0.24231836199760437,0,0,0,61.572364807128906,0,17.211221694946289,0.36152267456054688,0,0
1,75,1800,2,2,-0.12753020226955414,1.1780092716217041,0,0,0,60.838127136230469,0,16.731805801391602,0.87921130657196045,0,0
1,75,1800,3,2,-0.27662491798400879,1.8197463750839233,0,0,0,63.871337890625,0,16.9581298828125,1.0953347682952881,0,0
1,75,1800,4,2,-0.12675735354423523,1.3568322658538818,0,0,0,63.025569915771484,0,17.739822387695312,1.0359543561935425,0,0
1,75,1800,5,2,0.40578097105026245,0,0,0,0,62.156879425048828,0,18.917964935302734,1.2880779504776001,0,0
1,75,1800,6,2,0.53276342153549194,0,0,0,0,60.010860443115234,0,18.766637802124023,1.4318325519561768,0,0
1,75,1800,7,2,0.98868709802627563,0.89507818222045898,0,0,0,70.916725158691406,0,19.898530960083008,0.82975524663925171,0,0
1,75,1800,0,3,-0.66603225469589233,45.216789245605469,0.00031843563192524016,0.10716584324836731,0,75.355545043945312,0,15.909017562866211,0.041758757084608078,0,0
1,75,1800,1,3,0.094960600137710571,1.2694944143295288,0,0,0,60.585018157958984,0,17.786880493164062,0.39411404728889465,0,0
1,75,1800,2,3,0.39789938926696777,0,0,0,0,64.66217041015625,0,19.884719848632812,0.8789030909538269,0,0
1,75,1800,3,3,0.21662819385528564,0,0,0,0,64.668693542480469,0,18.376949310302734,1.0852223634719849,0,0
1,75,1800,4,3,0.16258150339126587,0,0,0,0,61.11834716796875,0,17.34123420715332,1.0717285871505737,0,0
1,75,1800,5,3,0.12103237211704254,0,0,0,0,59.098148345947266,0,17.216545104980469,1.5008068084716797,0,0
1,75,1800,6,3,0.096156373620033264,0.16569097340106964,0,0,0,59.894996643066406,0,17.070478439331055,1.6729409694671631,0,0
1,75,1800,7,3,0.51321786642074585,3.8300399780273438,0,0,0,65.811203002929688,0,17.825088500976562,0.49810904264450073,0,0
1,75,1800,0,4,-0.19478319585323334,33.836982727050781,0,0,0,87.437423706054688,0,17.437053680419922,0.026027591899037361,0,0
1,75,1800,1,4,0.43832769989967346,0,0,0,0,67.211326599121094,0,19.502708435058594,0.3355502188205719,0,0
1,75,1800,2,4,0.42433300614356995,0,0,0,0,69.099082946777344,0,20.126514434814453,0.80136042833328247,0,0
1,75,1800,3,4,0.10901280492544174,0,0,0,0,62.455963134765625,0,17.328815460205078,1.0877501964569092,0,0
1,75,1800,4,4,0.076281063258647919,0,0,0,0,56.114051818847656,0,16.362844467163086,1.0571805238723755,0,0
1,75,1800,5,4,-0.033324319869279861,0.69351005554199219,0,0,0,55.126750946044922,0,16.154064178466797,1.3357218503952026,0,0
1,75,1800,6,4,0.36249953508377075,0.28939852118492126,0,0,0,54.864246368408203,0,15.78266716003418,0.5215831995010376,0,0
1,75,1800,7,4,0.65609937906265259,0.22383533418178558,0,0,0,63.532642364501953,0,17.737260818481445,0.46274882555007935,0,0
1,75,1800,0,5,-0.39238324761390686,30.870920181274414,0,0,0,85.628654479980469,0,18.010980606079102,0.034268714487552643,0,0
1,75,1800,1,5,0.27064600586891174,0,0,0,0,69.690155029296875,0,19.847127914428711,0.3672766387462616,0,0
1,75,1800,2,5,0.25652605295181274,0.16768921911716461,0,0,0,70.186012268066406,0,19.812839508056641,0.80136948823928833,0,0
1,75,1800,3,5,0.092005215585231781,0,0,0,0,61.768196105957031,0,17.176240921020508,1.2092498540878296,0,0
1,75,1800,4,5,0.05184825137257576,0.13533279299736023,0,0,0,58.270839691162109,0,16.382038116455078,1.0329416990280151,0,0
1,75,1800,5,5,0.21429683268070221,1.0156108140945435,0,0,0,53.223926544189453,0,16.173690795898438,0.45349186658859253,0,0
1,75,1800,6,5,0.479757159948349,0,0,0,0,56.437675476074219,0,17.890974044799805,0.69085693359375,0,0
1,75,1800,7,5,1.0492537021636963,0,0,0,0,58.988071441650391,0,17.968610763549805,0.69090026617050171,0,0
1,75,1800,0,6,-0.3643830418586731,18.084772109985352,0,0,0,75.826805114746094,0,16.813945770263672,0.038402531296014786,0,0
1,75,1800,1,6,0.23292943835258484,0,0,0,0,64.986602783203125,0,19.294605255126953,0.4247327446937561,0,0
1,75,1800,2,6,0.26137369871139526,0,0,0,0,69.546089172363281,0,19.532583236694336,0.92307525873184204,0,0
1,75,1800,3,6,0.21097129583358765,1.015882134437561,0,0,0,64.176727294921875,0,17.972496032714844,1.0257447957992554,0,0
1,75,1800,4,6,0.22800195217132568,1.3687871694564819,0,0,0,54.038349151611328,0,16.180978775024414,0.28443202376365662,0,0
1,75,1800,5,6,0.38142946362495422,0,0,0,0,53.469310760498047,0,16.89820671081543,0.65096503496170044,0,0
1,75,1800,6,6,0.7324485182762146,0,0,0,0,54.447887420654297,0,17.93592643737793,0.90553563833236694,0,0
1,75,1800,7,6,1.1431207656860352,0,0,0,0,58.619380950927734,0,18.330995559692383,0.71333014965057373,0,0
1,75,1800,0,7,1.0640497207641602,1.5776499509811401,0,0,0,73.265640258789062,0,17.567192077636719,0.025877553969621658,0,0
1,75,1800,1,7,0.71364951133728027,0,0,0,0,68.074455261230469,0,18.609394073486328,0.1593736857175827,0,0
1,75,1800,2,7,0.70143282413482666,0.41237384080886841,0,0,0,71.438728332519531,0,19.089519500732422,0.23070676624774933,0,0
1,75,1800,3,7,0.83433395624160767,1.9416317939758301,0,0,0,67.37762451171875,0,18.693187713623047,0.096022173762321472,0,0
1,75,1800,4,7,0.8352779746055603,0,0,0,0,64.891220092773438,0,18.484901428222656,0.105399489402771,0,0
1,75,1800,5,7,0.96619844436645508,0,0,0,0,63.347370147705078,0,18.897771835327148,0.18760795891284943,0,0
1,75,1800,6,7,1.1613386869430542,0,0,0,0,63.519382476806641,0,19.594268798828125,0.19509109854698181,0,0
1,75,1800,7,7,1.5504119396209717,0.07160641998052597,0,0,0,67.43792724609375,0,20.047567367553711,0.12785345315933228,0,0
1,90,2160,0,0,5.8665266036987305,0,0.00093996385112404823,0.12377350777387619,0,76.927810668945312,0,19.723539352416992,0.047774851322174072,0,0
1,90,2160,1,0,5.6603050231933594,0,0,0,0,71.521156311035156,0,20.621919631958008,0.25768241286277771,0,0
1,90,2160,2,0,5.9127564430236816,0,0,0,0,71.102363586425781,0,20.779689788818359,0.31805014610290527,0,0
1,90,2160,3,0,6.1671314239501953,0,0,0,0,72.3328857421875,0,21.588312149047852,0.36525630950927734,0,0
1,90,2160,4,0,6.130467414855957,0,0,0,0,71.54327392578125,0,21.623416900634766,0.57684129476547241,0,0
1,90,2160,5,0,6.3315658569335938,0,0,0,0,69.425834655761719,0,20.442516326904297,0.45340722799301147,0,0
1,90,2160,6,0,6.2678279876708984,0,0,0,0,64.769538879394531,0,19.500894546508789,0.44769012928009033,0,0
1,90,2160,7,0,6.4653301239013672,0,0,0,0,66.299186706542969,0,18.763662338256836,0.48686960339546204,0,0
1,90,2160,0,1,5.5400333404541016,0,0.018386766314506531,0.87731581926345825,0,78.368072509765625,0,18.324562072753906,0.035458836704492569,0,0
1,90,2160,1,1,5.0750837326049805,0,0,0,0,65.033035278320312,0,19.447711944580078,0.35851624608039856,0,0
1,90,2160,2,1,5.0180196762084961,0,0,0,0,61.746879577636719,0,19.393438339233398,0.72193419933319092,0,0
1,90,2160,3,1,5.2225089073181152,0,0,0,0,65.096702575683594,0,20.142139434814453,0.73133474588394165,0,0
1,90,2160,4,1,5.3101682662963867,0,0,0,0,65.981369018554688,0,19.100753784179688,0.852336585521698,0,0
1,90,2160,5,1,5.3340654373168945,0,0,0,0,65.312042236328125,0,18.348495483398438,0.74657642841339111,0,0
1,90,2160,6,1,5.4647026062011719,0,0,0,0,62.834403991699219,0,18.304458618164062,0.57739007472991943,0,0
1,90,2160,7,1,6.0558972358703613,0,1.1958712093473878E-05,0.00478348508477211,0,64.527046203613281,0,19.720052719116211,0.51616281270980835,0,0
1,90,2160,0,2,5.6275420188903809,0,0.10892840474843979,7.5839734077453613,0,79.79473876953125,0,18.028718948364258,0.02267087996006012,0,0
1,90,2160,1,2,4.9821710586547852,0,0,0,0,61.391559600830078,0,17.898441314697266,0.28810632228851318,0,0
1,90,2160,2,2,4.730494499206543,0,0,0,0,60.1875,0,17.3555908203125,0.53894227743148804,0,0
1,90,2160,3,2,4.6567392349243164,0,0,0,0,63.351963043212891,0,17.567136764526367,0.74567830562591553,0,0
1,90,2160,4,2,4.9484119415283203,0,0,0,0,62.783447265625,0,18.445671081542969,0.99415719509124756,0,0
1,90,2160,5,2,5.5311036109924316,0,0,0,0,62.023712158203125,0,19.862709045410156,1.0570734739303589,0,0
1,90,2160,6,2,5.666841983795166,0,0,0,0,59.877182006835938,0,19.812709808349609,0.792369544506073,0,0
1,90,2160,7,2,6.1001596450805664,0,0.00045078661059960723,0.093171790242195129,0,70.552337646484375,0,21.025611877441406,0.70962649583816528,0,0
1,90,2160,0,3,5.3929824829101562,0.08028942346572876,0.083127960562705994,3.032954216003418,0,78.663856506347656,0,16.44249153137207,0.047789230942726135,0,0
1,90,2160,1,3,4.9194197654724121,0,0,0,0,60.350669860839844,0,18.476543426513672,0.38970407843589783,0,0
1,90,2160,2,3,5.150054931640625,0,0,0,0,64.516639709472656,0,20.703681945800781,0.59881067276000977,0,0
1,90,2160,3,3,4.9745445251464844,0,0,0,0,64.537582397460938,0,19.140045166015625,0.80405563116073608,0,0
1,90,2160,4,3,4.947150707244873,0,0,0,0,61.005176544189453,0,18.094335556030273,1.0806946754455566,0,0
1,90,2160,5,3,5.10992431640625,0,0,0,0,58.985107421875,0,18.009450912475586,1.2285580635070801,0,0
1,90,2160,6,3,5.2620701789855957,0,0,0,0,59.8863525390625,0,17.872196197509766,0.85628151893615723,0,0
1,90,2160,7,3,5.8372697830200195,0,0.012762269005179405,1.4646954536437988,0,66.902877807617188,0,18.727424621582031,0.5032845139503479,0,0
1,90,2160,0,4,5.9854917526245117,0,0.061936371028423309,3.5934476852416992,0,84.280593872070312,0,18.22813606262207,0.024424346163868904,0,0
1,90,2160,1,4,5.1971468925476074,0,0,0,0,67.430084228515625,0,20.269739151000977,0.36454561352729797,0,0
1,90,2160,2,4,5.1744217872619629,0,0,0,0,68.948165893554688,0,20.925741195678711,0.62434846162796021,0,0
1,90,2160,3,4,4.8806791305541992,0,0,0,0,62.338085174560547,0,18.040622711181641,0.6894652247428894,0,0
1,90,2160,4,4,4.898003101348877,0,0,0,0,56.014671325683594,0,17.060653686523438,0.94589012861251831,0,0
1,90,2160,5,4,5.0164155960083008,0,0,0,0,55.3206787109375,0,16.870384216308594,1.0461399555206299,0,0
1,90,2160,6,4,5.6324210166931152,0,0,0,0,55.004871368408203,0,16.629045486450195,0.47188711166381836,0,0
1,90,2160,7,4,5.8435044288635254,0,0,0,0,63.141063690185547,0,18.728340148925781,0.60209381580352783,0,0
1,90,2160,0,5,5.8296794891357422,0,0.024501323699951172,1.3021050691604614,0,82.003028869628906,0,18.780269622802734,0.029614286497235298,0,0
1,90,2160,1,5,5.0209770202636719,0,0,0,0,69.957489013671875,0,20.568290710449219,0.36036136746406555,0,0
1,90,2160,2,5,5.0283617973327637,0,0,0,0,69.541694641113281,0,20.532899856567383,0.64507848024368286,0,0
1,90,2160,3,5,4.8856968879699707,0,0,0,0,61.654575347900391,0,17.872905731201172,0.72235685586929321,0,0
1,90,2160,4,5,4.9343743324279785,0,0,0,0,58.261589050292969,0,17.068351745605469,0.88055533170700073,0,0
1,90,2160,5,5,5.5334291458129883,0,0,0,0,53.704544067382812,0,16.997804641723633,0.5567585825920105,0,0
1,90,2160,6,5,5.7138886451721191,0,0,0,0,56.319198608398438,0,18.890283584594727,0.62453508377075195,0,0
1,90,2160,7,5,6.1444692611694336,0,0,0,0,58.788719177246094,0,19.119281768798828,0.68132108449935913,0,0
1,90,2160,0,6,5.8789587020874023,0,0.00055335060460492969,0.11697202175855637,0,73.464492797851562,0,17.663118362426758,0.031588263809680939,0,0
1,90,2160,1,6,5.2160124778747559,0,0,0,0,65.100135803222656,0,20.029445648193359,0.34593504667282104,0,0
1,90,2160,2,6,5.2250337600708008,0,0,0,0,69.393348693847656,0,20.281757354736328,0.45650839805603027,0,0
1,90,2160,3,6,5.407534122467041,0,0,0,0,64.445793151855469,0,18.752056121826172,0.43259277939796448,0,0
1,90,2160,4,6,5.5449256896972656,0,0,0,0,54.620845794677734,0,16.964460372924805,0.32411134243011475,0,0
1,90,2160,5,6,5.6673703193664551,0,0,0,0,53.363346099853516,0,17.79060173034668,0.47280099987983704,0,0
1,90,2160,6,6,6.0053391456604004,0,0,0,0,54.327816009521484,0,19.029266357421875,0.5473402738571167,0,0
1,90,2160,7,6,6.2921977043151855,0,0,0,0,58.536006927490234,0,19.521799087524414,0.526569664478302,0,0
1,90,2160,0,7,6.4455852508544922,0,0,0,0,70.352149963378906,0,18.809032440185547,0.0088745690882205963,0,0
1,90,2160,1,7,5.8674712181091309,0,0,0,0,67.604385375976562,0,19.641624450683594,0.039161831140518188,0,0
1,90,2160,2,7,5.8694643974304199,0,0,0,0,70.758674621582031,0,20.092195510864258,0.017431233078241348,0,0
1,90,2160,3,7,6.0579566955566406,0,0,0,0,67.500602722167969,0,19.791191101074219,0.04556569829583168,0,0
1,90,2160,4,7,5.9623193740844727,0,0,0,0,64.345718383789062,0,19.578088760375977,0.030103882774710655,0,0
1,90,2160,5,7,6.0591931343078613,0,0,0,0,62.748458862304688,0,20.038883209228516,0.031108852475881577,0,0
1,90,2160,6,7,6.2353339195251465,0,0,0,0,62.941596984863281,0,20.84906005859375,0.033493444323539734,0,0
1,90,2160,7,7,6.6382064819335938,0,0,0,0,66.980682373046875,0,21.381711959838867,0.028993537649512291,0,0
1,105,2520,0,0,10.518579483032227,0,0.012005604803562164,1.330138087272644,0,76.177719116210938,0,23.500106811523438,0.016241315752267838,0,0
1,105,2520,1,0,10.229181289672852,0,0.00038253515958786011,0.10239763557910919,0,71.100051879882812,0,24.382928848266602,0.06817685067653656,0,0
1,105,2520,2,0,10.50757884979248,0,0.0006560648325830698,0.13207539916038513,0,70.650520324707031,0,24.683494567871094,0.14955459535121918,0,0
1,105,2520,3,0,10.695693016052246,0,0.0011595587711781263,0.12881524860858917,0,72.079002380371094,0,25.55265998840332,0.21836945414543152,0,0
1,105,2520,4,0,10.674308776855469,0,0.00093814794672653079,0.10018377006053925,0,71.191780090332031,0,25.591859817504883,0.20052102208137512,0,0
1,105,2520,5,0,10.815472602844238,0,0.00082247203681617975,0.11548259854316711,0,69.090255737304688,0,24.41826057434082,0.18630218505859375,0,0
1,105,2520,6,0,10.767507553100586,0,0,0,0,64.477401733398438,0,23.412801742553711,0.2657107412815094,0,0
1,105,2520,7,0,10.913924217224121,0,9.8823984444607049E-05,0.039529595524072647,0,66.1744384765625,0,22.461574554443359,0.13102437555789948,0,0
1,105,2520,0,1,9.9091711044311523,0,0.042137980461120605,1.0849117040634155,0,77.401908874511719,0,21.705804824829102,0.026242217049002647,0,0
1,105,2520,1,1,9.1946773529052734,0,0,0,0,64.876350402832031,0,22.607460021972656,0.19095706939697266,0,0
1,105,2520,2,1,9.2186679840087891,0,0,0,0,61.558265686035156,0,22.662460327148438,0.40511509776115417,0,0
1,105,2520,3,1,9.4162778854370117,0,0,0,0,64.8902587890625,0,23.579521179199219,0.71272128820419312,0,0
1,105,2520,4,1,9.7782688140869141,0,0,0,0,65.751670837402344,0,22.550840377807617,0.65003257989883423,0,0
1,105,2520,5,1,9.7716693878173828,0,0,0,0,64.973793029785156,0,21.707756042480469,0.383116215467453,0,0
1,105,2520,6,1,9.7724332809448242,0,0,0,0,62.548126220703125,0,21.700698852539062,0.33627918362617493,0,0
1,105,2520,7,1,10.263052940368652,0,0.0021762435790151358,0.1481689065694809,0,64.476173400878906,0,23.31842041015625,0.11524029076099396,0,0
1,105,2520,0,2,9.6923666000366211,0,0.045645464211702347,1.5572217702865601,0,78.236640930175781,0,21.349451065063477,0.013701334595680237,0,0
1,105,2520,1,2,9.0588064193725586,0,0,0,0,61.384300231933594,0,20.828252792358398,0.13178834319114685,0,0
1,105,2520,2,2,8.9323291778564453,0,0,0,0,59.993598937988281,0,20.206130981445312,0.33605429530143738,0,0
1,105,2520,3,2,9.022883415222168,0,0,0,0,63.037723541259766,0,20.441890716552734,0.46136268973350525,0,0
1,105,2520,4,2,9.3852853775024414,0,0,0,0,62.461246490478516,0,21.633995056152344,0.394176185131073,0,0
1,105,2520,5,2,9.8967504501342773,0,0,0,0,61.823238372802734,0,23.600622177124023,0.29302296042442322,0,0
1,105,2520,6,2,9.9524431228637695,0,0,0,0,59.678749084472656,0,23.671520233154297,0.4850013256072998,0,0
1,105,2520,7,2,10.358376502990723,0,0.0021968742366880178,0.69449919462203979,0,70.398796081542969,0,24.915403366088867,0.37034356594085693,0,0
1,105,2520,0,3,9.4057559967041016,0,0.035849999636411667,0.93390083312988281,0,74.146095275878906,0,19.468017578125,0.024309393018484116,0,0
1,105,2520,1,3,8.9601564407348633,0,0,0,0,60.124317169189453,0,21.423139572143555,0.14825201034545898,0,0
1,105,2520,2,3,9.3233394622802734,0,0,0,0,64.306297302246094,0,24.044200897216797,0.3810637891292572,0,0
1,105,2520,3,3,9.2114763259887695,0,0,0,0,64.3463134765625,0,22.428852081298828,0.63798928260803223,0,0
1,105,2520,4,3,9.4362716674804688,0,0,0,0,60.837081909179688,0,21.362112045288086,0.59281891584396362,0,0
1,105,2520,5,3,9.616276741027832,0,0,0,0,58.817111968994141,0,21.362226486206055,0.61542153358459473,0,0
1,105,2520,6,3,9.548954963684082,0,0,0,0,59.714149475097656,0,21.330753326416016,0.83367234468460083,0,0
1,105,2520,7,3,10.07719612121582,0,0.011444443836808205,0.89728289842605591,0,66.911453247070312,0,22.200653076171875,0.4192841649055481,0,0
1,105,2520,0,4,10.180265426635742,0,0.040567357093095779,1.3218817710876465,0,83.548446655273438,0,21.713922500610352,0.013861058279871941,0,0
1,105,2520,1,4,9.2899007797241211,0,0,0,0,67.692276000976562,0,23.389934539794922,0.15310882031917572,0,0
1,105,2520,2,4,9.3466110229492188,0,0,0,0,68.733924865722656,0,24.200828552246094,0.30986118316650391,0,0
1,105,2520,3,4,9.0542459487915039,0,0,0,0,62.16754150390625,0,21.188640594482422,0.56761229038238525,0,0
1,105,2520,4,4,9.1812314987182617,0,0,0,0,55.868183135986328,0,20.144485473632812,0.61102867126464844,0,0
1,105,2520,5,4,9.3651647567749023,0,0,0,0,55.154029846191406,0,20.042089462280273,0.59175479412078857,0,0
1,105,2520,6,4,9.8147563934326172,0,0.0001931998849613592,0.077279955148696899,0,54.868839263916016,0,19.9532470703125,0.56328690052032471,0,0
1,105,2520,7,4,10.04489803314209,0,0.0011227870127186179,0.1215902641415596,0,63.151393890380859,0,22.358156204223633,0.3986838161945343,0,0
1,105,2520,0,5,10.367243766784668,0,0.035074230283498764,0.84797525405883789,0,80.579605102539062,0,22.358926773071289,0.01779661513864994,0,0
1,105,2520,1,5,9.2974405288696289,0,0,0,0,70.221366882324219,0,23.679792404174805,0.17558827996253967,0,0
1,105,2520,2,5,9.2864246368408203,0,0,0,0,69.334541320800781,0,23.651340484619141,0.33457654714584351,0,0
1,105,2520,3,5,9.1356267929077148,0,0,0,0,61.489971160888672,0,20.973480224609375,0.606303870677948,0,0
1,105,2520,4,5,9.1813831329345703,0,0,0,0,58.109111785888672,0,20.129226684570312,0.65658766031265259,0,0
1,105,2520,5,5,9.7514963150024414,0,0.00063019641675055027,0.14483210444450378,0,53.5577392578125,0,20.321205139160156,0.44314157962799072,0,0
1,105,2520,6,5,9.9022512435913086,0,0,0,0,56.141139984130859,0,22.626190185546875,0.52263355255126953,0,0
1,105,2520,7,5,10.347033500671387,0,0,0,0,58.728534698486328,0,22.891262054443359,0.30630791187286377,0,0
1,105,2520,0,6,10.445411682128906,0,0.0022424245253205299,0.11728186160326004,0,71.799018859863281,0,21.459495544433594,0.015138626098632812,0,0
1,105,2520,1,6,9.5075321197509766,0,0,0,0,64.994438171386719,0,23.339927673339844,0.12355159968137741,0,0
1,105,2520,2,6,9.6820268630981445,0,0,0,0,69.177864074707031,0,23.626338958740234,0.34728196263313293,0,0
1,105,2520,3,6,9.7495660781860352,0,0,0,0,64.227088928222656,0,22.221542358398438,0.49490562081336975,0,0
1,105,2520,4,6,9.7921581268310547,0,0,0,0,54.443229675292969,0,20.278362274169922,0.29928338527679443,0,0
1,105,2520,5,6,9.8914365768432617,0,0,0,0,53.20013427734375,0,21.358009338378906,0.36188164353370667,0,0
1,105,2520,6,6,10.193723678588867,0,0,0,0,54.145835876464844,0,22.867885589599609,0.50423181056976318,0,0
1,105,2520,7,6,10.519634246826172,0,0,0,0,58.423900604248047,0,23.375801086425781,0.34147617220878601,0,0
1,105,2520,0,7,10.613885879516602,0,0,0,0,69.880180358886719,0,22.849807739257812,0.0023521902039647102,0,0
1,105,2520,1,7,10.020052909851074,0,0,0,0,67.35870361328125,0,23.517112731933594,0.0058872266672551632,0,0
1,105,2520,2,7,10.052372932434082,0,0,0,0,70.489288330078125,0,23.905712127685547,0.011570515111088753,0,0
1,105,2520,3,7,10.232829093933105,0,0,0,0,67.131080627441406,0,23.648710250854492,0.020105339586734772,0,0
1,105,2520,4,7,10.127690315246582,0,0,0,0,64.085739135742188,0,23.487607955932617,0.0046591581776738167,0,0
1,105,2520,5,7,10.237282752990723,0,0,0,0,62.489204406738281,0,24.01188850402832,0.014824727550148964,0,0
1,105,2520,6,7,10.409916877746582,0,0,0,0,62.675575256347656,0,24.953493118286133,0.012336066924035549,0,0
1,105,2520,7,7,10.818721771240234,0,0,0,0,66.740013122558594,0,25.433261871337891,0.033222660422325134,0,0
1,120,2880,0,0,14.598189353942871,0,0.012517228722572327,1.0971834659576416,0,76.129692077636719,0,28.842523574829102,0.0026391465216875076,0,0
1,120,2880,1,0,14.479509353637695,0,0.0016744835302233696,0.10385275632143021,0,70.759956359863281,0,29.772272109985352,0.03333696722984314,0,0
1,120,2880,2,0,14.674618721008301,0,0.0024059514980763197,0.12618102133274078,0,70.373512268066406,0,30.105037689208984,0.039776977151632309,0,0
1,120,2880,3,0,14.822324752807617,0,0.0029488715808838606,0.12295937538146973,0,71.822151184082031,0,30.906351089477539,0.017756704241037369,0,0
1,120,2880,4,0,14.734986305236816,0,0.0037143572699278593,0.097081802785396576,0,70.956878662109375,0,30.939950942993164,0.038108501583337784,0,0
1,120,2880,5,0,14.885009765625,0,0.0028177374042570591,0.11219044774770737,0,68.843643188476562,0,29.707353591918945,0.02790478803217411,0,0
1,120,2880,6,0,14.822954177856445,0,0.0012575238943099976,0.10399196296930313,0,64.154594421386719,0,28.553064346313477,0.016366355121135712,0,0
1,120,2880,7,0,14.988947868347168,0,0.0021306145936250687,0.14221914112567902,0,65.969215393066406,0,27.351936340332031,0.012623198330402374,0,0
1,120,2880,0,1,14.379075050354004,0,0.038230746984481812,0.9288141131401062,0,77.379783630371094,0,26.931461334228516,0.019088920205831528,0,0
1,120,2880,1,1,13.369515419006348,0,0,0,0,64.576461791992188,0,27.755424499511719,0.23016069829463959,0,0
1,120,2880,2,1,13.825862884521484,0,0,0,0,61.257228851318359,0,27.89637565612793,0.44922733306884766,0,0
1,120,2880,3,1,13.995582580566406,0,0,0,0,64.569290161132812,0,28.804750442504883,0.36636608839035034,0,0
1,120,2880,4,1,14.030659675598145,0,0,0,0,65.437812805175781,0,27.576654434204102,0.34236630797386169,0,0
1,120,2880,5,1,13.801483154296875,0,0,0,0,64.649856567382812,0,26.585136413574219,0.30538091063499451,0,0
1,120,2880,6,1,13.787830352783203,0,6.9308698584791273E-05,0.027723480015993118,0,62.243854522705078,0,26.50604248046875,0.057412590831518173,0,0
1,120,2880,7,1,14.295663833618164,0,0.0036355955526232719,0.14276739954948425,0,64.552146911621094,0,28.308065414428711,0.0082527166232466698,0,0
1,120,2880,0,2,14.392073631286621,0,0.039511986076831818,1.193204402923584,0,78.287612915039062,0,26.509914398193359,0.0088128931820392609,0,0
1,120,2880,1,2,13.119653701782227,0,0,0,0,61.163925170898438,0,25.669626235961914,0.20039023458957672,0,0
1,120,2880,2,2,13.295373916625977,0,0,0,0,59.722152709960938,0,24.955102920532227,0.36557120084762573,0,0
1,120,2880,3,2,13.380739212036133,0,0,0,0,62.756336212158203,0,25.177839279174805,0.21477049589157104,0,0
1,120,2880,4,2,13.470455169677734,0,0,0,0,62.182170867919922,0,26.557340621948242,0.054720684885978699,0,0
1,120,2880,5,2,13.922745704650879,0,0.00035797807504422963,0.14319123327732086,0,61.543064117431641,0,28.759407043457031,0.078537188470363617,0,0
1,120,2880,6,2,13.980864524841309,0,0,0,0,59.383476257324219,0,28.855491638183594,0.12874801456928253,0,0
1,120,2880,7,2,14.458400726318359,0,0.0049819326959550381,0.68806713819503784,0,70.476356506347656,0,30.248180389404297,0.086716078221797943,0,0
1,120,2880,0,3,13.963483810424805,0,0.029172938317060471,0.82843995094299316,0,73.679641723632812,0,24.24598503112793,0.0022171598393470049,0,0
1,120,2880,1,3,13.409245491027832,0,0,0,0,59.860946655273438,0,26.262214660644531,0.041372042149305344,0,0
1,120,2880,2,3,13.826762199401855,0,0,0,0,63.982173919677734,0,29.242591857910156,0.13849440217018127,0,0
1,120,2880,3,3,13.742206573486328,0,0,0,0,64.049972534179688,0,27.573970794677734,0.1371372789144516,0,0
1,120,2880,4,3,13.748043060302734,0,0,0,0,60.574825286865234,0,26.373817443847656,0.28955948352813721,0,0
1,120,2880,5,3,13.704400062561035,0,0,0,0,58.556068420410156,0,26.328422546386719,0.5194050669670105,0,0
1,120,2880,6,3,13.627585411071777,0,0,0,0,59.454128265380859,0,26.246971130371094,0.47809118032455444,0,0
1,120,2880,7,3,14.154683113098145,0,0.012751386500895023,0.86037027835845947,0,67.013420104980469,0,27.07386589050293,0.16662921011447906,0,0
1,120,2880,0,4,14.829991340637207,0,0.037560001015663147,1.0832035541534424,0,83.293663024902344,0,26.934507369995117,0.0033728193957358599,0,0
1,120,2880,1,4,13.422450065612793,0,0,0,0,67.455520629882812,0,28.506649017333984,0.16418169438838959,0,0
1,120,2880,2,4,13.870482444763184,0,0,0,0,68.401329040527344,0,29.463485717773438,0.36331501603126526,0,0
1,120,2880,3,4,13.341638565063477,0,0,0,0,61.904586791992188,0,26.268535614013672,0.39076146483421326,0,0
1,120,2880,4,4,13.467227935791016,0,0,0,0,55.641853332519531,0,24.921581268310547,0.54399937391281128,0,0
1,120,2880,5,4,13.416471481323242,0,0,0,0,54.922115325927734,0,24.818058013916016,0.70937442779541016,0,0
1,120,2880,6,4,13.830496788024902,0,0.00074571330333128572,0.12243492901325226,0,54.666755676269531,0,24.484661102294922,0.37962469458580017,0,0
1,120,2880,7,4,14.102773666381836,0,0.0036984998732805252,0.11918261647224426,0,63.414878845214844,0,27.350257873535156,0.19147711992263794,0,0
1,120,2880,0,5,14.674134254455566,0,0.034088816493749619,0.78544461727142334,0,80.554969787597656,0,27.74420166015625,0.0040119625627994537,0,0
1,120,2880,1,5,13.242904663085938,0,0,0,0,69.943649291992188,0,28.951044082641602,0.16171716153621674,0,0
1,120,2880,2,5,13.862104415893555,0,0,0,0,68.9989013671875,0,28.854579925537109,0.38649812340736389,0,0
1,120,2880,3,5,13.485098838806152,0,0,0,0,61.226703643798828,0,26.018877029418945,0.5263400673866272,0,0
1,120,2880,4,5,13.322038650512695,0,0.00028728300821967423,0.1149132028222084,0,57.871200561523438,0,24.938558578491211,0.55009406805038452,0,0
1,120,2880,5,5,13.740719795227051,0,0.00084641278954222798,0.14474557340145111,0,53.386768341064453,0,24.912128448486328,0.40761440992355347,0,0
1,120,2880,6,5,13.911051750183105,0,0,0,0,55.875545501708984,0,27.606555938720703,0.26289963722229004,0,0
1,120,2880,7,5,14.377799987792969,0,0.0015504091279581189,0.10855215787887573,0,58.585803985595703,0,27.89959716796875,0.19401572644710541,0,0
1,120,2880,0,6,14.455785751342773,0,0.0073105408810079098,0.7213362455368042,0,71.822799682617188,0,26.809976577758789,0.0072670392692089081,0,0
1,120,2880,1,6,13.146729469299316,0,0,0,0,64.716850280761719,0,28.563564300537109,0.23245775699615479,0,0
1,120,2880,2,6,13.827923774719238,0,0,0,0,68.835319519042969,0,28.867336273193359,0.50037425756454468,0,0
1,120,2880,3,6,13.831931114196777,0,0,0,0,63.929775238037109,0,27.368051528930664,0.45707607269287109,0,0
1,120,2880,4,6,13.845093727111816,0,0.0012935604900121689,0.13429906964302063,0,54.265972137451172,0,24.853313446044922,0.38850903511047363,0,0
1,120,2880,5,6,13.898562431335449,0,0,0,0,52.955585479736328,0,26.117715835571289,0.39322203397750854,0,0
1,120,2880,6,6,14.202072143554688,0,0,0,0,53.874649047851562,0,27.827518463134766,0.23645086586475372,0,0
1,120,2880,7,6,14.551203727722168,0,0,0,0,58.176593780517578,0,28.451702117919922,0.19504494965076447,0,0
1,120,2880,0,7,14.600410461425781,0,0.00081832229625433683,0.11957980692386627,0,69.484580993652344,0,28.066055297851562,0.0087502971291542053,0,0
1,120,2880,1,7,13.906191825866699,0,0,0,0,67.021492004394531,0,28.772645950317383,0.079637385904788971,0,0
1,120,2880,2,7,14.047516822814941,0,0.0011795118916779757,0.13293381035327911,0,70.16546630859375,0,29.127521514892578,0.12130943685770035,0,0
1,120,2880,3,7,14.225313186645508,0,0,0,0,66.806503295898438,0,28.737483978271484,0.070005089044570923,0,0
1,120,2880,4,7,14.11784839630127,0,0,0,0,63.766990661621094,0,28.651241302490234,0.097347758710384369,0,0
1,120,2880,5,7,14.228610038757324,0,0,0,0,62.165424346923828,0,29.215864181518555,0.11768089979887009,0,0
1,120,2880,6,7,14.39769172668457,0,0,0,0,62.328090667724609,0,30.271944046020508,0.10688655823469162,0,0
1,120,2880,7,7,14.83128833770752,0,0,0,0,66.385581970214844,0,30.66485595703125,0.091232158243656158,0,0
1,135,3240,0,0,18.165533065795898,0,0.011318119242787361,0.76392179727554321,0,75.982078552246094,0,33.875679016113281,0.004554444458335638,0,0
1,135,3240,1,0,18.089950561523438,0,0.0039561241865158081,0.097438469529151917,0,70.429405212402344,0,34.867156982421875,0.0083538340404629707,0,0
1,135,3240,2,0,18.262601852416992,0,0.0038648985791951418,0.12033330649137497,0,70.068191528320312,0,35.191856384277344,0.0037482925690710545,0,0
1,135,3240,3,0,18.407123565673828,0,0.0039085661992430687,0.11668786406517029,0,71.528091430664062,0,35.868873596191406,0.0039941277354955673,0,0
1,135,3240,4,0,18.3125,0,0.0039959358982741833,0.090832330286502838,0,70.679481506347656,0,35.892623901367188,0.0074994228780269623,0,0
1,135,3240,5,0,18.47320556640625,0,0.0036689015105366707,0.10655940324068069,0,68.572006225585938,0,34.569927215576172,0.0016188775189220905,0,0
1,135,3240,6,0,18.398200988769531,0,0.0024186624214053154,0.098168909549713135,0,63.846515655517578,0,33.174083709716797,0.0055566886439919472,0,0
1,135,3240,7,0,18.584171295166016,0,0.0035018755588680506,0.13844698667526245,0,65.712692260742188,0,31.832023620605469,0.0062251528725028038,0,0
1,135,3240,0,1,17.956157684326172,0,0.031252898275852203,0.70972549915313721,0,76.981468200683594,0,31.965291976928711,0.06620141863822937,0,0
1,135,3240,1,1,17.443874359130859,0,0,0,0,64.134620666503906,0,32.772579193115234,0.20855103433132172,0,0
1,135,3240,2,1,17.380340576171875,0,0,0,0,60.824108123779297,0,32.931850433349609,0.16889354586601257,0,0
1,135,3240,3,1,17.550203323364258,0,0,0,0,64.111869812011719,0,33.811134338378906,0.15383626520633698,0,0
1,135,3240,4,1,17.594009399414062,0,0,0,0,64.997459411621094,0,32.361209869384766,0.16651773452758789,0,0
1,135,3240,5,1,17.352649688720703,0,0,0,0,64.201263427734375,0,31.287736892700195,0.081018336117267609,0,0
1,135,3240,6,1,17.332712173461914,0,0.00031441383180208504,0.12576553225517273,0,61.841552734375,0,31.100214004516602,0.047244049608707428,0,0
1,135,3240,7,1,17.862295150756836,0,0.0041415775194764137,0.13963699340820312,0,64.454200744628906,0,33.067569732666016,0.018433576449751854,0,0
1,135,3240,0,2,18.015220642089844,0,0.035283695906400681,0.94548571109771729,0,77.922172546386719,0,31.510868072509766,0.075591020286083221,0,0
1,135,3240,1,2,17.256420135498047,0,0.00026826307293958962,0.10730523616075516,0,60.753150939941406,0,30.513540267944336,0.29216095805168152,0,0
1,135,3240,2,2,17.096399307250977,0,0,0,0,59.310813903808594,0,29.700355529785156,0.26706671714782715,0,0
1,135,3240,3,2,16.953756332397461,0,0,0,0,62.343280792236328,0,29.913436889648438,0.18589812517166138,0,0
1,135,3240,4,2,17.022651672363281,0,0,0,0,61.786861419677734,0,31.311716079711914,0.067428015172481537,0,0
1,135,3240,5,2,17.474391937255859,0,0.00035609691985882819,0.14243876934051514,0,61.153079986572266,0,33.579444885253906,0.037003088742494583,0,0
1,135,3240,6,2,17.534107208251953,0,0,0,0,58.975357055664062,0,33.639293670654297,0.050010759383440018,0,0
1,135,3240,7,2,18.054641723632812,0,0.0053405500948429108,0.53100121021270752,0,70.401527404785156,0,35.356842041015625,0.031079450622200966,0,0
1,135,3240,0,3,17.716655731201172,0,0.023659700527787209,0.80172467231750488,0,73.179092407226562,0,28.945184707641602,0.014673372730612755,0,0
1,135,3240,1,3,17.161710739135742,0,0.00035603097057901323,0.14241239428520203,0,59.485435485839844,0,31.024471282958984,0.049668967723846436,0,0
1,135,3240,2,3,17.501422882080078,0,0,0,0,63.511119842529297,0,34.214309692382812,0.040376860648393631,0,0
1,135,3240,3,3,17.362937927246094,0,0,0,0,63.618148803710938,0,32.554416656494141,0.082846760749816895,0,0
1,135,3240,4,3,17.293645858764648,0,0,0,0,60.198215484619141,0,31.115192413330078,0.1686711311340332,0,0
1,135,3240,5,3,17.247200012207031,0,0,0,0,58.188629150390625,0,30.96565055847168,0.20219001173973083,0,0
1,135,3240,6,3,17.173748016357422,0,0,0,0,59.089920043945312,0,30.873456954956055,0.25585433840751648,0,0
1,135,3240,7,3,17.730756759643555,0,0.011600608937442303,0.74610859155654907,0,66.796676635742188,0,31.763078689575195,0.077402010560035706,0,0
1,135,3240,0,4,18.364984512329102,0,0.030673086643218994,0.79256796836853027,0,82.853439331054688,0,31.838850021362305,0.016603892669081688,0,0
1,135,3240,1,4,17.595386505126953,0,0,0,0,67.005943298339844,0,33.506603240966797,0.13740430772304535,0,0
1,135,3240,2,4,17.576259613037109,0,0,0,0,67.912689208984375,0,34.535778045654297,0.22691968083381653,0,0
1,135,3240,3,4,17.255336761474609,0,0,0,0,61.509265899658203,0,31.181854248046875,0.3678118884563446,0,0
1,135,3240,4,4,17.209699630737305,0,0,0,0,55.310398101806641,0,29.411266326904297,0.52681189775466919,0,0
1,135,3240,5,4,17.100078582763672,0,0.00022349845676217228,0.089399382472038269,0,54.591285705566406,0,29.284286499023438,0.47887149453163147,0,0
1,135,3240,6,4,17.368873596191406,0,0.0013209758326411247,0.12332381308078766,0,54.422199249267578,0,28.643035888671875,0.40421324968338013,0,0
1,135,3240,7,4,17.671152114868164,0,0.0043515185825526714,0.1138351708650589,0,63.503639221191406,0,32.075603485107422,0.091511160135269165,0,0
1,135,3240,0,5,18.132379531860352,0,0.028413377702236176,0.69252848625183105,0,80.111503601074219,0,32.786991119384766,0.038520976901054382,0,0
1,135,3240,1,5,17.171962738037109,0,0,0,0,69.48248291015625,0,34.185676574707031,0.26238921284675598,0,0
1,135,3240,2,5,17.437784194946289,0,0,0,0,68.517753601074219,0,33.911933898925781,0.40253254771232605,0,0
1,135,3240,3,5,17.209077835083008,0,0,0,0,60.843147277832031,0,30.841676712036133,0.533710777759552,0,0
1,135,3240,4,5,17.172025680541992,0,0.00021416410163510591,0.085665643215179443,0,57.544834136962891,0,29.504920959472656,0.54437392950057983,0,0
1,135,3240,5,5,17.33881950378418,0,0.00062949804123491049,0.14269597828388214,0,53.111629486083984,0,29.110671997070312,0.32848164439201355,0,0
1,135,3240,6,5,17.452890396118164,0,0,0,0,55.507816314697266,0,32.154914855957031,0.39643913507461548,0,0
1,135,3240,7,5,17.938261032104492,0,0.0029596153181046247,0.10428488254547119,0,58.432407379150391,0,32.461727142333984,0.12826387584209442,0,0
1,135,3240,0,6,17.98451042175293,0,0.0066871955059468746,0.57267493009567261,0,71.600028991699219,0,31.756340026855469,0.058402199298143387,0,0
1,135,3240,1,6,17.059629440307617,0,0,0,0,64.273773193359375,0,33.639537811279297,0.29053795337677002,0,0
1,135,3240,2,6,17.407299041748047,0,0,0,0,68.35772705078125,0,33.911529541015625,0.32206904888153076,0,0
1,135,3240,3,6,17.381488800048828,0,0,0,0,63.512954711914062,0,32.234943389892578,0.39789208769798279,0,0
1,135,3240,4,6,17.402666091918945,0,0.00088220561156049371,0.13372910022735596,0,54.024299621582031,0,29.040616989135742,0.32820889353752136,0,0
1,135,3240,5,6,17.439065933227539,0,0,0,0,52.616451263427734,0,30.437910079956055,0.26280006766319275,0,0
1,135,3240,6,6,17.743087768554688,0,0,0,0,53.500621795654297,0,32.259468078613281,0.31134888529777527,0,0
1,135,3240,7,6,18.117534637451172,0,0.00098712113685905933,0.10186712443828583,0,57.807472229003906,0,33.065021514892578,0.12578898668289185,0,0
1,135,3240,0,7,18.119668960571289,0,0.0023538817185908556,0.11442426592111588,0,69.093826293945312,0,32.769931793212891,0.038198422640562057,0,0
1,135,3240,1,7,17.503398895263672,0,0.0005338190239854157,0.10688169300556183,0,66.551132202148438,0,33.695522308349609,0.15739426016807556,0,0
1,135,3240,2,7,17.582857131958008,0,0.0014670287491753697,0.13349789381027222,0,69.777359008789062,0,34.076313018798828,0.14945681393146515,0,0
1,135,3240,3,7,17.753122329711914,0,0,0,0,66.358627319335938,0,33.409038543701172,0.21530519425868988,0,0
1,135,3240,4,7,17.644786834716797,0,0.0002074072981486097,0.082962922751903534,0,63.327499389648438,0,33.400569915771484,0.20079031586647034,0,0
1,135,3240,5,7,17.758214950561523,0,0.0010178596712648869,0.10437852889299393,0,61.744075775146484,0,33.970989227294922,0.17547282576560974,0,0
1,135,3240,6,7,17.924724578857422,0,0.00026863030507229269,0.10745212435722351,0,61.861843109130859,0,35.106880187988281,0.21932627260684967,0,0
1,135,3240,7,7,18.38227653503418,0,0.00073030643397942185,0.098835945129394531,0,65.904541015625,0,35.432933807373047,0.088728651404380798,0,0
1,150,3600,0,0,21.036436080932617,0,0.0097126252949237823,0.46779325604438782,0,75.697402954101562,0,36.921554565429688,0.0024144325871020555,0,0
1,150,3600,1,0,20.971067428588867,0,0.0038548065349459648,0.092451371252536774,0,70.049232482910156,0,37.939479827880859,0.0012637568870559335,0,0
1,150,3600,2,0,21.150114059448242,0,0.0040098256431519985,0.11529970169067383,0,69.686408996582031,0,38.229496002197266,0.001903476775623858,0,0
1,150,3600,3,0,21.291196823120117,0,0.0038451990112662315,0.11146294325590134,0,71.116111755371094,0,38.764926910400391,0.0063674044795334339,0,0
1,150,3600,4,0,21.191452026367188,0,0.0037487344816327095,0.086145371198654175,0,70.264747619628906,0,38.771488189697266,0.0020295928698033094,0,0
1,150,3600,5,0,21.360866546630859,0,0.0041765910573303699,0.10175976157188416,0,68.22235107421875,0,37.387344360351562,0.0008153165690600872,0,0
1,150,3600,6,0,21.277202606201172,0,0.0036946916952729225,0.093085676431655884,0,63.517139434814453,0,35.756088256835938,0.0053144819103181362,0,0
1,150,3600,7,0,21.479320526123047,0,0.0042481040582060814,0.13371089100837708,0,65.434829711914062,0,34.403068542480469,0.0013078515185043216,0,0
1,150,3600,0,1,20.808198928833008,0,0.015035991556942463,0.4498266875743866,0,76.379302978515625,0,35.074138641357422,0.037287402898073196,0,0
1,150,3600,1,1,20.305864334106445,0,0,0,0,63.570705413818359,0,35.843059539794922,0.082360170781612396,0,0
1,150,3600,2,1,20.238027572631836,0,0,0,0,60.2779541015625,0,36.001575469970703,0.09930584579706192,0,0
1,150,3600,3,1,20.414405822753906,0,0,0,0,63.540561676025391,0,36.855705261230469,0.097727648913860321,0,0
1,150,3600,4,1,20.462617874145508,0,0,0,0,64.447944641113281,0,35.301124572753906,0.099456794559955597,0,0
1,150,3600,5,1,20.214834213256836,0,0,0,0,63.639503479003906,0,34.275028228759766,0.1072344183921814,0,0
1,150,3600,6,1,20.192001342773438,0,0.00030745388357900083,0.12298155575990677,0,61.333587646484375,0,33.980937957763672,0.10559350252151489,0,0
1,150,3600,7,1,20.742023468017578,0,0.0038369221147149801,0.13526257872581482,0,64.16998291015625,0,35.979282379150391,0.0464152991771698,0,0
1,150,3600,0,2,20.863855361938477,0,0.024594658985733986,0.72531938552856445,0,77.340133666992188,0,34.580844879150391,0.056721333414316177,0,0
1,150,3600,1,2,20.272556304931641,0,0.00046787376049906015,0.10449704527854919,0,60.237560272216797,0,33.490257263183594,0.19703520834445953,0,0
1,150,3600,2,2,19.952871322631836,0,0,0,0,58.782642364501953,0,32.753005981445312,0.28293922543525696,0,0
1,150,3600,3,2,19.8111572265625,0,0,0,0,61.817855834960938,0,33.025554656982422,0.26119086146354675,0,0
1,150,3600,4,2,19.880771636962891,0,0,0,0,61.288532257080078,0,34.340827941894531,0.25102478265762329,0,0
1,150,3600,5,2,20.338085174560547,0,0.00035364355426281691,0.14145742356777191,0,60.660800933837891,0,36.466117858886719,0.29688951373100281,0,0
1,150,3600,6,2,20.397356033325195,0,0,0,0,58.470359802246094,0,36.440288543701172,0.26986995339393616,0,0
1,150,3600,7,2,20.951408386230469,0,0.0047512603923678398,0.39532375335693359,0,70.093597412109375,0,38.515644073486328,0.095024250447750092,0,0
1,150,3600,0,3,20.560146331787109,0,0.016641527414321899,0.77879458665847778,0,72.533554077148438,0,31.89691162109375,0.024231771007180214,0,0
1,150,3600,1,3,20.063249588012695,0,0.000344038475304842,0.1376153975725174,0,58.995323181152344,0,33.982303619384766,0.11969637870788574,0,0
1,150,3600,2,3,20.354677200317383,0,0,0,0,62.923881530761719,0,37.195014953613281,0.19349996745586395,0,0
1,150,3600,3,3,20.22273063659668,0,0,0,0,63.074878692626953,0,35.629524230957031,0.24253498017787933,0,0
1,150,3600,4,3,20.15313720703125,0,0,0,0,59.726097106933594,0,33.995040893554688,0.31289157271385193,0,0
1,150,3600,5,3,20.104341506958008,0,0,0,0,57.730239868164062,0,33.759101867675781,0.36958062648773193,0,0
1,150,3600,6,3,20.034128189086914,0,0,0,0,58.634681701660156,0,33.70562744140625,0.31791740655899048,0,0
1,150,3600,7,3,20.615432739257812,0,0.0097428839653730392,0.6641504168510437,0,66.422599792480469,0,34.716621398925781,0.049093183130025864,0,0
1,150,3600,0,4,21.260845184326172,0,0.018819866701960564,0.56701868772506714,0,82.262527465820312,0,34.735641479492188,0.014689124189317226,0,0
1,150,3600,1,4,20.488656997680664,0,0,0,0,66.422889709472656,0,36.539302825927734,0.12394434213638306,0,0
1,150,3600,2,4,20.436210632324219,0,0,0,0,67.301994323730469,0,37.630390167236328,0.25503644347190857,0,0
1,150,3600,3,4,20.115299224853516,0,0,0,0,61.008098602294922,0,34.242919921875,0.3912128210067749,0,0
1,150,3600,4,4,20.068597793579102,0,0,0,0,54.893024444580078,0,32.090381622314453,0.34095638990402222,0,0
1,150,3600,5,4,19.956546783447266,0,0.00023914131452329457,0.095656529068946838,0,54.191692352294922,0,31.978231430053711,0.40490806102752686,0,0
1,150,3600,6,4,20.225788116455078,0,0.0014618999557569623,0.11365398019552231,0,54.114086151123047,0,31.065666198730469,0.18048292398452759,0,0
1,150,3600,7,4,20.549434661865234,0,0.0038694441318511963,0.10908753424882889,0,63.330314636230469,0,34.957038879394531,0.033346887677907944,0,0
1,150,3600,0,5,21.084770202636719,0,0.01601850613951683,0.43799921870231628,0,79.512344360351562,0,35.773323059082031,0.013000686652958393,0,0
1,150,3600,1,5,20.298648834228516,0,0,0,0,68.869697570800781,0,37.49200439453125,0.15026088058948517,0,0
1,150,3600,2,5,20.302261352539062,0,0,0,0,67.915168762207031,0,37.106838226318359,0.30013501644134521,0,0
1,150,3600,3,5,20.065389633178711,0,0,0,0,60.360130310058594,0,33.833782196044922,0.30706092715263367,0,0
1,150,3600,4,5,20.032556533813477,0,0.00033888872712850571,0.086274683475494385,0,57.126213073730469,0,32.313896179199219,0.28452327847480774,0,0
1,150,3600,5,5,20.193557739257812,0,0.0010267506586387753,0.14015340805053711,0,52.751789093017578,0,31.53912353515625,0.18673837184906006,0,0
1,150,3600,6,5,20.310598373413086,0,0,0,0,55.052875518798828,0,34.762821197509766,0.13668923079967499,0,0
1,150,3600,7,5,20.813108444213867,0,0.0028327363543212414,0.099367469549179077,0,58.178367614746094,0,35.034275054931641,0.067951269447803497,0,0
1,150,3600,0,6,20.848697662353516,0,0.0057902149856090546,0.42186471819877625,0,71.2703857421875,0,34.678668975830078,0.01839912123978138,0,0
1,150,3600,1,6,20.247314453125,0,0,0,0,63.710182189941406,0,36.781181335449219,0.15113183856010437,0,0
1,150,3600,2,6,20.270622253417969,0,0,0,0,67.760879516601562,0,37.089271545410156,0.28765293955802917,0,0
1,150,3600,3,6,20.24101448059082,0,0,0,0,62.991413116455078,0,35.228279113769531,0.32430398464202881,0,0
1,150,3600,4,6,20.261232376098633,0,0.00068185653071850538,0.089151926338672638,0,53.666519165039062,0,31.46290397644043,0.15532638132572174,0,0
1,150,3600,5,6,20.296121597290039,0,0,0,0,52.196880340576172,0,32.883285522460938,0.14848299324512482,0,0
1,150,3600,6,6,20.599781036376953,0,0,0,0,53.040740966796875,0,34.684780120849609,0.21709172427654266,0,0
1,150,3600,7,6,20.996978759765625,0,0.0026076568756252527,0.097571998834609985,0,57.44696044921875,0,35.648998260498047,0.081261917948722839,0,0
1,150,3600,0,7,20.958772659301758,0,0.0029165237210690975,0.11007595807313919,0,68.65283203125,0,35.426708221435547,0.0094175813719630241,0,0
1,150,3600,1,7,20.376457214355469,0,0.0018046705517917871,0.10714542120695114,0,66.0196533203125,0,36.648696899414062,0.087729021906852722,0,0
1,150,3600,2,7,20.436750411987305,0,0.0018901793519034982,0.12818148732185364,0,69.295631408691406,0,37.106609344482422,0.19487814605236053,0,0
1,150,3600,3,7,20.600418090820312,0,0.0006704881670884788,0.091602236032485962,0,65.816390991210938,0,36.127815246582031,0.080081991851329803,0,0
1,150,3600,4,7,20.492141723632812,0,0.00040412892121821642,0.089062608778476715,0,62.803707122802734,0,36.1513671875,0.056962735950946808,0,0
1,150,3600,5,7,20.609235763549805,0,0.0025786389596760273,0.10326379537582397,0,61.301013946533203,0,36.681427001953125,0.1469118595123291,0,0
1,150,3600,6,7,20.773960113525391,0,0.0030148683581501245,0.10162684321403503,0,61.359077453613281,0,37.825164794921875,0.16757775843143463,0,0
1,150,3600,7,7,21.249948501586914,0,0.0023786830715835094,0.10241317749023438,0,65.392288208007812,0,38.099391937255859,0.046941015869379044,0,0
1,165,3960,0,0,22.931838989257812,0,0.0080240955576300621,0.31544628739356995,0,75.306182861328125,0,38.573570251464844,0.0030892242211848497,0,0
1,165,3960,1,0,22.870992660522461,0,0.0037612710148096085,0.090600728988647461,0,69.569778442382812,0,39.568447113037109,0.0058612069115042686,0,0
1,165,3960,2,0,23.053581237792969,0,0.0040442179888486862,0.11326142400503159,0,69.226219177246094,0,39.836639404296875,0.0067251231521368027,0,0
1,165,3960,3,0,23.192232131958008,0,0.0038858202751725912,0.10957936942577362,0,70.613662719726562,0,40.281349182128906,0.0099407043308019638,0,0
1,165,3960,4,0,23.089757919311523,0,0.0036682088393718004,0.084340900182723999,0,69.747055053710938,0,40.268634796142578,0.008832911029458046,0,0
1,165,3960,5,0,23.264579772949219,0,0.0040771905332803726,0.099657654762268066,0,67.79083251953125,0,38.871490478515625,0.0050004106014966965,0,0
1,165,3960,6,0,23.177362442016602,0,0.0036029813345521688,0.091004997491836548,0,63.138668060302734,0,37.083042144775391,0.011448562145233154,0,0
1,165,3960,7,0,23.388704299926758,0,0.004290794488042593,0.13127925992012024,0,65.117706298828125,0,35.754444122314453,0.0039157159626483917,0,0
1,165,3960,0,1,22.69227409362793,0,0.0072712278924882412,0.3808937668800354,0,75.688079833984375,0,36.794132232666016,0.044670522212982178,0,0
1,165,3960,1,1,22.194158554077148,0,0,0,0,62.939167022705078,0,37.467586517333984,0.18806041777133942,0,0
1,165,3960,2,1,22.126344680786133,0,0,0,0,59.666679382324219,0,37.609149932861328,0.2519061267375946,0,0
1,165,3960,3,1,22.305362701416016,0,0,0,0,62.902488708496094,0,38.437477111816406,0.23971529304981232,0,0
1,165,3960,4,1,22.355596542358398,0,0,0,0,63.8333740234375,0,36.8511962890625,0.22905270755290985,0,0
1,165,3960,5,1,22.105062484741211,0,0,0,0,63.008781433105469,0,35.893447875976562,0.14890116453170776,0,0
1,165,3960,6,1,22.081733703613281,0,0.00029953912599012256,0.1198156476020813,0,60.760524749755859,0,35.516986846923828,0.16752791404724121,0,0
1,165,3960,7,1,22.644742965698242,0,0.0036616560537368059,0.13302129507064819,0,63.793426513671875,0,37.508441925048828,0.037461474537849426,0,0
1,165,3960,0,2,22.745271682739258,0,0.012772027403116226,0.41682913899421692,0,76.687782287597656,0,36.276134490966797,0.051637221127748489,0,0
1,165,3960,1,2,22.163164138793945,0,0.00041479649371467531,0.086183279752731323,0,59.666843414306641,0,35.103923797607422,0.20882889628410339,0,0
1,165,3960,2,2,21.840709686279297,0,0.0002024362183874473,0.080974489450454712,0,58.192459106445312,0,34.449161529541016,0.2653786838054657,0,0
1,165,3960,3,2,21.699298858642578,0,0.00025635596830397844,0.10254239290952682,0,61.235443115234375,0,34.752773284912109,0.25689700245857239,0,0
1,165,3960,4,2,21.770656585693359,0,0.00020758820755872875,0.083035282790660858,0,60.732795715332031,0,35.932670593261719,0.34312164783477783,0,0
1,165,3960,5,2,22.229946136474609,0,0.00034952594432979822,0.13981038331985474,0,60.108154296875,0,37.908439636230469,0.24110935628414154,0,0
1,165,3960,6,2,22.288496017456055,0,0,0,0,57.90936279296875,0,37.81427001953125,0.23436117172241211,0,0
1,165,3960,7,2,22.860734939575195,0,0.003929253201931715,0.10584722459316254,0,69.666534423828125,0,40.160263061523438,0.053366634994745255,0,0
1,165,3960,0,3,22.437898635864258,0,0.011637978255748749,0.68651437759399414,0,71.812095642089844,0,33.561550140380859,0.037005435675382614,0,0
1,165,3960,1,3,21.950693130493164,0,0.00058217404875904322,0.13562332093715668,0,58.451873779296875,0,35.559474945068359,0.20192350447177887,0,0
1,165,3960,2,3,22.240077972412109,0,0,0,0,62.269855499267578,0,38.734786987304688,0.22461725771427155,0,0
1,165,3960,3,3,22.111963272094727,0,0,0,0,62.466171264648438,0,37.247547149658203,0.27434751391410828,0,0
1,165,3960,4,3,22.043333053588867,0,0,0,0,59.197563171386719,0,35.466476440429688,0.3786778450012207,0,0
1,165,3960,5,3,21.993387222290039,0,0,0,0,57.218185424804688,0,35.16278076171875,0.31419387459754944,0,0
1,165,3960,6,3,21.925083160400391,0,0,0,0,58.125225067138672,0,35.127445220947266,0.28223204612731934,0,0
1,165,3960,7,3,22.519229888916016,0,0.0073030316270887852,0.58772003650665283,0,65.952545166015625,0,36.270053863525391,0.0557389035820961,0,0
1,165,3960,0,4,23.141189575195312,0,0.010136949829757214,0.39254361391067505,0,81.548599243164062,0,36.324138641357422,0.015599824488162994,0,0
1,165,3960,1,4,22.380125045776367,0,0,0,0,65.77117919921875,0,38.126983642578125,0.15478353202342987,0,0
1,165,3960,2,4,22.324451446533203,0,0,0,0,66.620384216308594,0,39.2464599609375,0.22704748809337616,0,0
1,165,3960,3,4,22.005287170410156,0,0,0,0,60.44476318359375,0,35.857311248779297,0.27858656644821167,0,0
1,165,3960,4,4,21.959268569946289,0,0,0,0,54.426246643066406,0,33.417221069335938,0.37372004985809326,0,0
1,165,3960,5,4,21.84630012512207,0,0.00023243486066348851,0.092973947525024414,0,53.741840362548828,0,33.317684173583984,0.30071401596069336,0,0
1,165,3960,6,4,22.11686897277832,0,0.0013441316550597548,0.091837860643863678,0,53.757831573486328,0,32.248050689697266,0.13822360336780548,0,0
1,165,3960,7,4,22.451179504394531,0,0.0034026859793812037,0.10629336535930634,0,63.027976989746094,0,36.42840576171875,0.041673716157674789,0,0
1,165,3960,0,5,22.964931488037109,0,0.005124005489051342,0.26010200381278992,0,78.804656982421875,0,37.409591674804688,0.013491387479007244,0,0
1,165,3960,1,5,22.187746047973633,0,0,0,0,68.178855895996094,0,39.190826416015625,0.1671481728553772,0,0
1,165,3960,2,5,22.193056106567383,0,0,0,0,67.239234924316406,0,38.782020568847656,0.24276991188526154,0,0
1,165,3960,3,5,21.953866958618164,0,0,0,0,59.817489624023438,0,35.396167755126953,0.28457942605018616,0,0
1,165,3960,4,5,21.924322128295898,0,0.00030738516943529248,0.081222981214523315,0,56.655727386474609,0,33.750492095947266,0.32213619351387024,0,0
1,165,3960,5,5,22.083347320556641,0,0.00097539613489061594,0.13750091195106506,0,52.373031616210938,0,32.706535339355469,0.18224726617336273,0,0
1,165,3960,6,5,22.2003173828125,0,0,0,0,54.548004150390625,0,35.998512268066406,0.2008959949016571,0,0
1,165,3960,7,5,22.713821411132812,0,0.0027412406634539366,0.097221285104751587,0,57.856819152832031,0,36.261688232421875,0.054019488394260406,0,0
1,165,3960,0,6,22.732627868652344,0,0.0046771601773798466,0.26780465245246887,0,70.83050537109375,0,36.29571533203125,0.025380302220582962,0,0
1,165,3960,1,6,22.136445999145508,0,0,0,0,63.076972961425781,0,38.367046356201172,0.20600627362728119,0,0
1,165,3960,2,6,22.161020278930664,0,0,0,0,67.092201232910156,0,38.763134002685547,0.25721347332000732,0,0
1,165,3960,3,6,22.130777359008789,0,0,0,0,62.407108306884766,0,36.779010772705078,0.22397163510322571,0,0
1,165,3960,4,6,22.152383804321289,0,0.00081730639794841409,0.085326299071311951,0,53.260482788085938,0,32.628063201904297,0.1340520977973938,0,0
1,165,3960,5,6,22.18602180480957,0,0,0,0,51.731494903564453,0,34.028385162353516,0.18061493337154388,0,0
1,165,3960,6,6,22.488834381103516,0,0,0,0,52.532772064208984,0,35.828350067138672,0.26048693060874939,0,0
1,165,3960,7,6,22.900310516357422,0,0.0035617651883512735,0.095593370497226715,0,57.105171203613281,0,36.894977569580078,0.062863767147064209,0,0
1,165,3960,0,7,22.838907241821289,0,0.0036856546066701412,0.10956859588623047,0,68.182594299316406,0,36.878639221191406,0.012128147296607494,0,0
1,165,3960,1,7,22.259143829345703,0,0.0025749669875949621,0.10355255007743835,0,65.493057250976562,0,38.196357727050781,0.069140754640102386,0,0
1,165,3960,2,7,22.324455261230469,0,0.001900440314784646,0.12234005331993103,0,68.750389099121094,0,38.693538665771484,0.076052397489547729,0,0
1,165,3960,3,7,22.485069274902344,0,0.0014657920692116022,0.09060070663690567,0,65.274978637695312,0,37.516921997070312,0.037786386907100677,0,0
1,165,3960,4,7,22.377040863037109,0,0.0019483683863654733,0.087539061903953552,0,62.270790100097656,0,37.537460327148438,0.053726352751255035,0,0
1,165,3960,5,7,22.497285842895508,0,0.0032431522849947214,0.10018202662467957,0,60.885166168212891,0,38.037994384765625,0.065783299505710602,0,0
1,165,3960,6,7,22.660972595214844,0,0.0036742782685905695,0.096664562821388245,0,60.908164978027344,0,39.205543518066406,0.089944355189800262,0,0
1,165,3960,7,7,23.146476745605469,0,0.0044846199452877045,0.10099124908447266,0,64.921920776367188,0,39.462638854980469,0.01052496675401926,0,0
1,180,4320,0,0,23.656797409057617,0,0.0074234884232282639,0.34936881065368652,0,74.866310119628906,0,39.951557159423828,0.011653187684714794,0,0
1,180,4320,1,0,23.59400749206543,0,0.0038288782816380262,0.092032693326473236,0,69.051811218261719,0,40.874706268310547,0.036080002784729004,0,0
1,180,4320,2,0,23.776578903198242,0,0.0041449288837611675,0.1150917187333107,0,68.730934143066406,0,41.127769470214844,0.041688442230224609,0,0
1,180,4320,3,0,23.914369583129883,0,0.0039478391408920288,0.11126367002725601,0,70.074371337890625,0,41.520980834960938,0.047653838992118835,0,0
1,180,4320,4,0,23.81178092956543,0,0.0036356756463646889,0.08603726327419281,0,69.189628601074219,0,41.503257751464844,0.044571086764335632,0,0
1,180,4320,5,0,23.988010406494141,0,0.0041563631966710091,0.10137975215911865,0,67.323158264160156,0,40.091632843017578,0.037667345255613327,0,0
1,180,4320,6,0,23.902437210083008,0,0.0038004964590072632,0.092476584017276764,0,62.732765197753906,0,38.185714721679688,0.057772275060415268,0,0
1,180,4320,7,0,24.113382339477539,0,0.0040043666958808899,0.13387443125247955,0,64.736564636230469,0,36.871952056884766,0.013715178705751896,0,0
1,180,4320,0,1,23.413360595703125,0,0.0064539615996181965,0.38428211212158203,0,74.96453857421875,0,38.233505249023438,0.041589293628931046,0,0
1,180,4320,1,1,22.915769577026367,0,0,0,0,62.279739379882812,0,38.751205444335938,0.11596579104661942,0,0
1,180,4320,2,1,22.848379135131836,0,0,0,0,59.028953552246094,0,38.866580963134766,0.15691967308521271,0.0024999999441206455,0.00011187333439011127
1,180,4320,3,1,23.026483535766602,0,0,0,0,62.237709045410156,0,39.672157287597656,0.21423329412937164,0,0
1,180,4320,4,1,23.077112197875977,0,0,0,0,63.192073822021484,0,38.064498901367188,0.14251796901226044,0,0
1,180,4320,5,1,22.826528549194336,0,0.00043368266778998077,0.069507136940956116,0,62.350021362304688,0,37.164199829101562,0.14875397086143494,0,0
1,180,4320,6,1,22.80430793762207,0,0.00031859817681834102,0.12743927538394928,0,60.160301208496094,0,36.714218139648438,0.15042382478713989,0,0
1,180,4320,7,1,23.368877410888672,0,0.0035629344638437033,0.13443924486637115,0,63.361312866210938,0,38.722354888916016,0.015182529576122761,0,0
1,180,4320,0,2,23.467201232910156,0,0.010492854751646519,0.49390792846679688,0,76.000175476074219,0,37.711891174316406,0.013288464397192001,0,0
1,180,4320,1,2,22.885810852050781,0,0.00053342629689723253,0.089974090456962585,0,59.065151214599609,0,36.39666748046875,0.065240710973739624,0,0
1,180,4320,2,2,22.563655853271484,0,0.0005811284645460546,0.084629952907562256,0,57.588443756103516,0,35.788726806640625,0.13989730179309845,0,0
1,180,4320,3,2,22.422195434570312,0,0.00026073513436131179,0.1042940616607666,0,60.628162384033203,0,36.083259582519531,0.21065092086791992,0,0
1,180,4320,4,2,22.494010925292969,0,0.00042434514034539461,0.085795387625694275,0,60.164161682128906,0,37.115116119384766,0.16091412305831909,0,0
1,180,4320,5,2,22.952655792236328,0,0.00035577930975705385,0.14231172204017639,0,59.532444000244141,0,38.998344421386719,0.16895908117294312,0,0
1,180,4320,6,2,23.011194229125977,0,0,0,0,57.327358245849609,0,38.850845336914062,0.18918892741203308,0,0
1,180,4320,7,2,23.58336067199707,0,0.0035707559436559677,0.096738383173942566,0,69.181686401367188,0,41.416107177734375,0.028143415227532387,0,0
1,180,4320,0,3,23.15980339050293,0,0.011695723980665207,0.74378752708435059,0,71.08135986328125,0,34.962894439697266,0.014497945085167885,0,0
1,180,4320,1,3,22.674285888671875,0,0.00079584616469219327,0.13801677525043488,0,57.890647888183594,0,36.800094604492188,0.093172408640384674,0,0
1,180,4320,2,3,22.961236953735352,0,0,0,0,61.589431762695312,0,39.957054138183594,0.16554626822471619,0,0
1,180,4320,3,3,22.834064483642578,0,0,0,0,61.830619812011719,0,38.501106262207031,0.22716811299324036,0,0
1,180,4320,4,3,22.767044067382812,0,0,0,0,58.646354675292969,0,36.577934265136719,0.17726968228816986,0,0
1,180,4320,5,3,22.717535018920898,0,0,0,0,56.685039520263672,0,36.211875915527344,0.19885572791099548,0,0
1,180,4320,6,3,22.649179458618164,0,0,0,0,57.594482421875,0,36.165199279785156,0.15525498986244202,0,0
1,180,4320,7,3,23.24223518371582,0,0.007477328646928072,0.60801035165786743,0,65.442764282226562,0,37.441261291503906,0.015031215734779835,0,0
1,180,4320,0,4,23.862726211547852,0,0.011147065088152885,0.48496171832084656,0,80.799583435058594,0,37.716781616210938,0.016999255865812302,0,0
1,180,4320,1,4,23.100931167602539,0,0,0,0,65.091682434082031,0,39.377651214599609,0.09595845639705658,0,0
1,180,4320,2,4,23.044893264770508,0,0,0,0,65.910316467285156,0,40.517822265625,0.12896429002285004,0,0
1,180,4320,3,4,22.728504180908203,0,0,0,0,59.855579376220703,0,37.094676971435547,0.22621859610080719,0,0
1,180,4320,4,4,22.684335708618164,0,0,0,0,53.940162658691406,0,34.389965057373047,0.1861351877450943,0,0
1,180,4320,5,4,22.571800231933594,0,0.00023331050761044025,0.0933242067694664,0,53.271697998046875,0,34.292716979980469,0.092806152999401093,0,0
1,180,4320,6,4,22.84381103515625,0,0.0012917143758386374,0.079840809106826782,0,53.378063201904297,0,33.137580871582031,0.093073628842830658,0,0
1,180,4320,7,4,23.17729377746582,0,0.003390495665371418,0.10758312046527863,0,62.672924041748047,0,37.533763885498047,0.022621538490056992,0,0
1,180,4320,0,5,23.686153411865234,0,0.0050886915996670723,0.14034608006477356,0,78.065078735351562,0,38.828174591064453,0.015279651619493961,0,0
1,180,4320,1,5,22.90803337097168,0,0,0,0,67.457862854003906,0,40.505290985107422,0.10037483274936676,0,0
1,180,4320,2,5,22.913461685180664,0,0,0,0,66.533821105957031,0,40.069622039794922,0.16291821002960205,0,0
1,180,4320,3,5,22.677591323852539,0,0,0,0,59.250274658203125,0,36.589683532714844,0.21533948183059692,0,0
1,180,4320,4,5,22.649072647094727,0,0.00015234114835038781,0.049951009452342987,0,56.157020568847656,0,34.819801330566406,0.10286199301481247,0,0
1,180,4320,5,5,22.809906005859375,0,0.0010555192129686475,0.13651970028877258,0,51.966358184814453,0,33.570419311523438,0.089712589979171753,0,0
1,180,4320,6,5,22.924369812011719,0,0,0,0,54.024913787841797,0,36.912906646728516,0.13673090934753418,0,0
1,180,4320,7,5,23.439918518066406,0,0.0026322666089981794,0.099017105996608734,0,57.498138427734375,0,37.196666717529297,0.015135537832975388,0,0
1,180,4320,0,6,23.458269119262695,0,0.0048017087392508984,0.31659889221191406,0,70.335472106933594,0,37.700759887695312,0.013251394964754581,0,0
1,180,4320,1,6,22.857828140258789,0,0,0,0,62.417293548583984,0,39.58642578125,0.065170109272003174,0,0
1,180,4320,2,6,22.881599426269531,0,0,0,0,66.394378662109375,0,40.048023223876953,0.090307846665382385,0,0
1,180,4320,3,6,22.853376388549805,0,0,0,0,61.797294616699219,0,37.9664306640625,0.062886819243431091,0,0
1,180,4320,4,6,22.878341674804688,0,0.000554259167984128,0.072438210248947144,0,52.829463958740234,0,33.490550994873047,0.034388262778520584,0,0
1,180,4320,5,6,22.910978317260742,0,0,0,0,51.249454498291016,0,34.875175476074219,0.090414121747016907,0,0
1,180,4320,6,6,23.212728500366211,0,0,0,0,52.007328033447266,0,36.735076904296875,0.094021067023277283,0,0
1,180,4320,7,6,23.626226425170898,0,0.0034837452694773674,0.09815533459186554,0,56.759025573730469,0,37.874717712402344,0.012778183445334435,0,0
1,180,4320,0,7,23.564977645874023,0,0.0042255008593201637,0.10930298268795013,0,67.714004516601562,0,38.197772979736328,0.001336208893917501,0,0
1,180,4320,1,7,22.983600616455078,0,0.0026952971238642931,0.10658405721187592,0,64.962417602539062,0,39.462985992431641,0.0030994762200862169,0,0
1,180,4320,2,7,23.047519683837891,0,0.0019644349813461304,0.12859340012073517,0,68.170951843261719,0,39.956607818603516,0.0017184634925797582,0,0
1,180,4320,3,7,23.209123611450195,0,0.0017627667402848601,0.094004467129707336,0,64.732589721679688,0,38.650119781494141,0.0078124147839844227,0,0
1,180,4320,4,7,23.101648330688477,0,0.0021114090923219919,0.091615520417690277,0,61.76123046875,0,38.662204742431641,0.0012902504531666636,0,0
1,180,4320,5,7,23.223108291625977,0,0.0037496457807719707,0.10252732038497925,0,60.458404541015625,0,39.154609680175781,0.0041803284548223019,0,0
1,180,4320,6,7,23.386211395263672,0,0.0039117517881095409,0.10284417867660522,0,60.456352233886719,0,40.386161804199219,0.0034712688066065311,0,0
1,180,4320,7,7,23.871498107910156,0,0.0053493170998990536,0.10305194556713104,0,64.517616271972656,0,40.650619506835938,0.00057597795967012644,0,0
1,195,4680,0,0,27.777374267578125,0,0.0064556682482361794,0.15134477615356445,0,74.421653747558594,0,41.266849517822266,0.0036927536129951477,0,0
1,195,4680,1,0,27.708524703979492,0,0.003781049745157361,0.091551117599010468,0,68.540733337402344,0,42.106220245361328,0.029031306505203247,0,0
1,195,4680,2,0,27.887504577636719,0,0.0040641310624778271,0.11215445399284363,0,68.240257263183594,0,42.338153839111328,0.044101469218730927,0,0
1,195,4680,3,0,28.025728225708008,0,0.0037614051252603531,0.10829964280128479,0,69.543174743652344,0,42.687137603759766,0.036792173981666565,0,0
1,195,4680,4,0,27.925897598266602,0,0.0034328380133956671,0.08514896035194397,0,68.634506225585938,0,42.670635223388672,0.06630629301071167,0,0
1,195,4680,5,0,28.099857330322266,0,0.0040121683850884438,0.097829252481460571,0,66.860641479492188,0,41.233699798583984,0.049638178199529648,0,0
1,195,4680,6,0,28.022090911865234,0,0.0036310483701527119,0.091680534183979034,0,62.337322235107422,0,39.206356048583984,0.025964448228478432,0,0
1,195,4680,7,0,28.22288703918457,0,0.0035392153076827526,0.13165497779846191,0,64.34490966796875,0,37.908988952636719,0.01200831588357687,0,0
1,195,4680,0,1,27.536613464355469,0,0.0040023615583777428,0.14195552468299866,0,74.239173889160156,0,39.617511749267578,0.00840767752379179,0,0
1,195,4680,1,1,27.041170120239258,0,0,0,0,61.622611999511719,0,39.976936340332031,0.081891939043998718,0,0
1,195,4680,2,1,26.975994110107422,0,0,0,0,58.394168853759766,0,40.05670166015625,0.15848247706890106,0,0.00062494707526639104
1,195,4680,3,1,27.148275375366211,0,0,0,0,61.576671600341797,0,40.84075927734375,0.13706178963184357,0,0
1,195,4680,4,1,27.197208404541016,0,0,0,0,62.553329467773438,0,39.206752777099609,0.1252012699842453,0,0
1,195,4680,5,1,26.950084686279297,0,0.00049311266047880054,0.072893306612968445,0,61.720138549804688,0,38.374546051025391,0.11313386261463165,0,0
1,195,4680,6,1,26.930688858032227,0,0.00029140312108211219,0.11656124889850616,0,59.562263488769531,0,37.841754913330078,0.044218346476554871,0,0
1,195,4680,7,1,27.484794616699219,0,0.0034123263321816921,0.12890724837779999,0,62.915050506591797,0,39.861991882324219,0.0083379363641142845,0,0
1,195,4680,0,2,27.593175888061523,0,0.0058441096916794777,0.32079300284385681,0,75.314178466796875,0,39.089939117431641,0.0016595340566709638,0,0
1,195,4680,1,2,27.011754989624023,0,0.00066097686067223549,0.087005272507667542,0,58.473403930664062,0,37.630847930908203,0.045255657285451889,0,0
1,195,4680,2,2,26.693216323852539,0,0.00057676254073157907,0.081924207508563995,0,56.998336791992188,0,37.066844940185547,0.11213468760251999,0,0
1,195,4680,3,2,26.550724029541016,0,0.00038125488208606839,0.094533488154411316,0,60.025440216064453,0,37.344642639160156,0.11309511214494705,0,0
1,195,4680,4,2,26.621803283691406,0,0.00038673004019074142,0.077384732663631439,0,59.606216430664062,0,38.218215942382812,0.1350368857383728,0,0
1,195,4680,5,2,27.077352523803711,0,0.00033663387876003981,0.13465355336666107,0,58.961990356445312,0,40.010486602783203,0.15311358869075775,0,0
1,195,4680,6,2,27.137042999267578,0,0,0,0,56.750980377197266,0,39.802467346191406,0.10197188705205917,0,0
1,195,4680,7,2,27.687538146972656,0,0.0031301085837185383,0.093379013240337372,0,68.656387329101562,0,42.584007263183594,0.01722329668700695,0,0
1,195,4680,0,3,27.29243278503418,0,0.0076133329421281815,0.56096720695495605,0,70.375389099121094,0,36.307762145996094,0.0054892315529286861,0,0
1,195,4680,1,3,26.805587768554688,0,0.00073928950587287545,0.13059571385383606,0,57.339187622070312,0,37.976016998291016,0.069483429193496704,0,0
1,195,4680,2,3,27.088836669921875,0,0,0,0,60.913295745849609,0,41.122116088867188,0.098812900483608246,0,0
1,195,4680,3,3,26.959562301635742,0,0,0,0,61.197475433349609,0,39.689689636230469,0.10812696069478989,0,0
1,195,4680,4,3,26.89549446105957,0,0,0,0,58.098091125488281,0,37.614032745361328,0.18883532285690308,0,0
1,195,4680,5,3,26.848461151123047,0,0,0,0,56.155483245849609,0,37.182704925537109,0.20574952661991119,0,0
1,195,4680,6,3,26.777933120727539,0,0,0,0,57.067424774169922,0,37.118415832519531,0.092801414430141449,0,0
1,195,4680,7,3,27.353879928588867,0,0.0060209534130990505,0.49427184462547302,0,64.949836730957031,0,38.527515411376953,0.025907395407557487,0,0
1,195,4680,0,4,27.987213134765625,0,0.0049948617815971375,0.22135657072067261,0,80.048049926757812,0,39.048969268798828,0.0020637852139770985,0,0
1,195,4680,1,4,27.220813751220703,0,0,0,0,64.415412902832031,0,40.56829833984375,0.056202393025159836,0,0
1,195,4680,2,4,27.167089462280273,0,0,0,0,65.203994750976562,0,41.730571746826172,0.092102900147438049,0,0
1,195,4680,3,4,26.855892181396484,0,0,0,0,59.267955780029297,0,38.259010314941406,0.10819052159786224,0,0
1,195,4680,4,4,26.81611442565918,0,0,0,0,53.457576751708984,0,35.273876190185547,0.14151826500892639,0,0
1,195,4680,5,4,26.70545768737793,0,0.00010313735401723534,0.041254941374063492,0,52.800254821777344,0,35.178962707519531,0.073837824165821075,0,0
1,195,4680,6,4,26.978551864624023,0,0.00094231637194752693,0.075792402029037476,0,52.9786376953125,0,33.945514678955078,0.053909379988908768,0,0
1,195,4680,7,4,27.297342300415039,0,0.0038371272385120392,0.34042119979858398,0,62.267566680908203,0,38.551624298095703,0.016558211296796799,0,0
1,195,4680,0,5,27.812427520751953,0,0.0037891541142016649,0.097991086542606354,0,77.328216552734375,0,40.18804931640625,0.00263063027523458,0,0
1,195,4680,1,5,27.028732299804688,0,0,0,0,66.7398681640625,0,41.759311676025391,0.062408383935689926,0,0
1,195,4680,2,5,27.032970428466797,0,0,0,0,65.831596374511719,0,41.29339599609375,0.15029585361480713,0,0
1,195,4680,3,5,26.807626724243164,0,0,0,0,58.684829711914062,0,37.712482452392578,0.098701268434524536,0,0
1,195,4680,4,5,26.778648376464844,0,8.6755731899756938E-05,0.034702293574810028,0,55.652889251708984,0,35.808246612548828,0.073228560388088226,0,0
1,195,4680,5,5,26.94586181640625,0,0.00065824814373627305,0.072521448135375977,0,51.556674957275391,0,34.345882415771484,0.063845820724964142,0,0
1,195,4680,6,5,27.055191040039062,0,0,0,0,53.507797241210938,0,37.736751556396484,0.061457555741071701,0,0
1,195,4680,7,5,27.562555313110352,0,0.0022594551555812359,0.093441471457481384,0,57.114982604980469,0,38.028213500976562,0.013631561771035194,0,0
1,195,4680,0,6,27.592527389526367,0,0.0038192188367247581,0.12092837691307068,0,69.817604064941406,0,39.047538757324219,0.0032509549055248499,0,0
1,195,4680,1,6,26.981943130493164,0,0,0,0,61.761436462402344,0,40.743362426757812,0.044361822307109833,0,0
1,195,4680,2,6,27.001897811889648,0,0,0,0,65.699722290039062,0,41.270908355712891,0.065038003027439117,0,0
1,195,4680,3,6,26.979343414306641,0,0,0,0,61.1903076171875,0,39.082035064697266,0.020227568224072456,0,0
1,195,4680,4,6,27.011369705200195,0,0.00028767110779881477,0.064793452620506287,0,52.383182525634766,0,34.264278411865234,0.048329316079616547,0,0
1,195,4680,5,6,27.044021606445312,0,0,0,0,50.773029327392578,0,35.631099700927734,0.029225600883364677,0,0
1,195,4680,6,6,27.344305038452148,0,0,0,0,51.488071441650391,0,37.552284240722656,0.034566428512334824,0,0
1,195,4680,7,6,27.745756149291992,0,0.0030970533844083548,0.094180114567279816,0,56.399185180664062,0,38.7550048828125,0.012684939429163933,0,0
1,195,4680,0,7,27.704341888427734,0,0.0038772579282522202,0.10328096151351929,0,67.246116638183594,0,39.45758056640625,0.0011868102010339499,0,0
1,195,4680,1,7,27.118768692016602,0,0.0023603213485330343,0.096929490566253662,0,64.430747985839844,0,40.673610687255859,0.0010516674956306815,0,0
1,195,4680,2,7,27.174722671508789,0,0.0017258768202736974,0.11939571797847748,0,67.591262817382812,0,41.155834197998047,0.00035301965544931591,0,0
1,195,4680,3,7,27.341680526733398,0,0.0017294241115450859,0.086225628852844238,0,64.196258544921875,0,39.707786560058594,0.00010993456089636311,0,0
1,195,4680,4,7,27.235366821289062,0,0.0019323111046105623,0.083959490060806274,0,61.248249053955078,0,39.717231750488281,0.00011699570313794538,0,0
1,195,4680,5,7,27.356878280639648,0,0.003281803335994482,0.094728633761405945,0,60.038917541503906,0,40.193767547607422,0.0002641723258420825,0,0
1,195,4680,6,7,27.519458770751953,0,0.0033052635844796896,0.094862416386604309,0,59.997188568115234,0,41.485984802246094,0.0016956712352111936,0,0
1,195,4680,7,7,27.993122100830078,0,0.0050270217470824718,0.10008695721626282,0,64.133476257324219,0,41.754348754882812,0.00060423946706578135,0,0
1,210,5040,0,0,21.746603012084961,0,0.0085149882361292839,0.46518123149871826,0,75.249488830566406,0,41.824131011962891,0.0042376252822577953,0,0
1,210,5040,1,0,21.653217315673828,0,0.0037332263309508562,0.090517729520797729,0,68.753211975097656,0,42.623252868652344,0.024903921410441399,0,0
1,210,5040,2,0,21.824567794799805,0,0.0055176722817122936,0.4096829891204834,0,68.42041015625,0,42.810783386230469,0.01731385849416256,0,0
1,210,5040,3,0,21.967319488525391,0,0.0053408876992762089,0.42765197157859802,0,69.801910400390625,0,43.08233642578125,0.021235659718513489,0,0
1,210,5040,4,0,21.871370315551758,0,0.0031677812803536654,0.084751233458518982,0,68.828338623046875,0,43.062442779541016,0.034332968294620514,0,0
1,210,5040,5,0,22.037822723388672,0,0.0040624714456498623,0.099601097404956818,0,67.139602661132812,0,41.611965179443359,0.010652813129127026,0,0
1,210,5040,6,0,21.969770431518555,0,0.003422178328037262,0.091977767646312714,0,62.739437103271484,0,39.471988677978516,0.0049571688286960125,0,0
1,210,5040,7,0,22.15662956237793,0,0.003180444473400712,0.13565705716609955,0,64.852836608886719,0,38.204986572265625,0.0011242134496569633,0,0
1,210,5040,0,1,21.498476028442383,0,0.0061257928609848022,0.38515198230743408,0,73.755386352539062,0,40.265113830566406,0.019316483289003372,0,0
1,210,5040,1,1,20.99254035949707,0,0,0,0,61.006103515625,0,40.53558349609375,0.14669321477413177,0,0
1,210,5040,2,1,20.742446899414062,0,0,0,0,57.879161834716797,0,40.635879516601562,0.16811428964138031,0,0.00060333171859383583
1,210,5040,3,1,21.002214431762695,0,0,0,0,60.973224639892578,0,41.361167907714844,0.10746075212955475,0,0
1,210,5040,4,1,21.137811660766602,0,0.00016986002447083592,0.067944012582302094,0,61.957752227783203,0,39.721599578857422,0.089122392237186432,0,0
1,210,5040,5,1,20.89765739440918,0,0.00073224806692451239,0.082214847207069397,0,61.140140533447266,0,38.973243713378906,0.035440176725387573,0,0
1,210,5040,6,1,20.881767272949219,0,0.00046275320346467197,0.12483731657266617,0,59.008102416992188,0,38.332370758056641,0.0071846931241452694,0,0
1,210,5040,7,1,21.432491302490234,0,0.006111927330493927,0.54159355163574219,0,63.212604522705078,0,40.213371276855469,0.00096657098038122058,0,0
1,210,5040,0,2,21.561641693115234,0,0.0094121834263205528,0.47776502370834351,0,74.893890380859375,0,39.697166442871094,0.0057144430465996265,0,0
1,210,5040,1,2,20.958574295043945,0,0.0008261693874374032,0.088349431753158569,0,57.920188903808594,0,38.264492034912109,0.072061941027641296,0,0
1,210,5040,2,2,20.588272094726562,0,0.00058910396182909608,0.083592444658279419,0,56.495410919189453,0,37.790256500244141,0.092703558504581451,0,0
1,210,5040,3,2,20.272212982177734,0,0.00044461124343797565,0.099731549620628357,0,59.698875427246094,0,38.118877410888672,0.04989701509475708,0,0
1,210,5040,4,2,20.575592041015625,0,0.00041733510443009436,0.083704009652137756,0,59.083389282226562,0,38.722358703613281,0.067993625998497009,0,0
1,210,5040,5,2,21.023971557617188,0,0.00049522606423124671,0.13994717597961426,0,58.430866241455078,0,40.366703033447266,0.041256774216890335,0,0
1,210,5040,6,2,21.082611083984375,0,0,0,0,56.21319580078125,0,40.106906890869141,0.059320062398910522,0,0
1,210,5040,7,2,21.615522384643555,0,0.0031961072236299515,0.098761126399040222,0,68.760017395019531,0,43.019973754882812,0.0071124080568552017,0,0
1,210,5040,0,3,21.2672119140625,0,0.011368853971362114,0.71462428569793701,0,69.8153076171875,0,36.937797546386719,0.0035865958780050278,0,0
1,210,5040,1,3,20.764186859130859,0,0.0011416927445679903,0.14270882308483124,0,56.838062286376953,0,38.484779357910156,0.037460613995790482,0,0
1,210,5040,2,3,21.043975830078125,0,0,0,0,60.28057861328125,0,41.584461212158203,0.040724754333496094,0,0
1,210,5040,3,3,20.909784317016602,0,0,0,0,60.603282928466797,0,40.249561309814453,0.096480086445808411,0,0
1,210,5040,4,3,20.847288131713867,0,0,0,0,57.584434509277344,0,38.047698974609375,0.16711056232452393,0,0
1,210,5040,5,3,20.802345275878906,0,0,0,0,55.659812927246094,0,37.565364837646484,0.12508158385753632,0,0
1,210,5040,6,3,20.729148864746094,0,0,0,0,56.574325561523438,0,37.498466491699219,0.065747395157814026,0,0
1,210,5040,7,3,21.289632797241211,0,0.0088923890143632889,0.64267563819885254,0,64.824417114257812,0,38.940898895263672,0.0093076545745134354,0,0
1,210,5040,0,4,21.958719253540039,0,0.010926577262580395,0.47864603996276855,0,79.589515686035156,0,39.543312072753906,0.001578429713845253,0,0
1,210,5040,1,4,21.164722442626953,0,0,0,0,63.781745910644531,0,41.088581085205078,0.049285393208265305,0,0
1,210,5040,2,4,20.491241455078125,0,0,0,0,64.982185363769531,0,42.448760986328125,0.091212660074234009,0,0
1,210,5040,3,4,20.596948623657227,0,0,0,0,58.965522766113281,0,38.902816772460938,0.14108425378799438,0,0
1,210,5040,4,4,20.768579483032227,0,0,0,0,53.006305694580078,0,35.589519500732422,0.16899068653583527,0,0
1,210,5040,5,4,20.660802841186523,0,9.6722877060528845E-05,0.038689151406288147,0,52.354598999023438,0,35.504592895507812,0.10225803405046463,0,0
1,210,5040,6,4,20.935552597045898,0,0.00099276367109268904,0.07946845144033432,0,52.593769073486328,0,34.147472381591797,0.063061706721782684,0,0
1,210,5040,7,4,21.252565383911133,0,0.005670319776982069,0.50343245267868042,0,62.836456298828125,0,38.891220092773438,0.015471143648028374,0,0
1,210,5040,0,5,21.781003952026367,0,0.005358534399420023,0.14290302991867065,0,76.824714660644531,0,40.727981567382812,0.0049635195173323154,0,0
1,210,5040,1,5,20.976791381835938,0,0,0,0,66.066207885742188,0,42.364727020263672,0.081316046416759491,0,0
1,210,5040,2,5,20.511428833007812,0,0,0,0,65.897163391113281,0,42.106746673583984,0.098016731441020966,0,0
1,210,5040,3,5,20.689157485961914,0,0,0,0,58.600387573242188,0,38.344924926757812,0.12344692647457123,0,0
1,210,5040,4,5,20.730215072631836,0,9.2194357421249151E-05,0.036877743899822235,0,55.179756164550781,0,36.220157623291016,0.073131352663040161,0,0
1,210,5040,5,5,20.903388977050781,0,0.00045671866973862052,0.076443485915660858,0,51.154598236083984,0,34.517860412597656,0.067626893520355225,0,0
1,210,5040,6,5,21.007408142089844,0,0,0,0,53.026676177978516,0,37.900547027587891,0.070869609713554382,0,0
1,210,5040,7,5,21.516046524047852,0,0.0020864368416368961,0.096119225025177002,0,57.581874847412109,0,38.091476440429688,0.0085950754582881927,0,0
1,210,5040,0,6,21.574432373046875,0,0.0048367264680564404,0.29090136289596558,0,70.075691223144531,0,39.607391357421875,0.0061141476035118103,0,0
1,210,5040,1,6,20.930828094482422,0,0,0,0,61.147010803222656,0,41.264102935791016,0.062147922813892365,0,0
1,210,5040,2,6,20.823862075805664,0,0,0,0,65.059165954589844,0,41.886581420898438,0.059603132307529449,0,0
1,210,5040,3,6,20.930889129638672,0,0.00012233183952048421,0.048932734876871109,0,60.623802185058594,0,39.551986694335938,0.092245161533355713,0,0
1,210,5040,4,6,20.964851379394531,0,0.00029495553462766111,0.066565699875354767,0,51.963077545166016,0,34.440887451171875,0.058557666838169098,0,0
1,210,5040,5,6,20.99700927734375,0,0,0,0,50.3299560546875,0,35.753208160400391,0.053254712373018265,0,0
1,210,5040,6,6,21.296024322509766,0,0,0,0,51.005718231201172,0,37.635799407958984,0.090697325766086578,0,0
1,210,5040,7,6,21.689098358154297,0,0.0031394995748996735,0.096949212253093719,0,56.668773651123047,0,38.835269927978516,0.0098039694130420685,0,0
1,210,5040,0,7,21.697629928588867,0,0.0041185664013028145,0.10697790235280991,0,67.768089294433594,0,39.817115783691406,1.7513757484266534E-05,0,0
1,210,5040,1,7,21.095380783081055,0,0.0022525277454406023,0.096810914576053619,0,64.29718017578125,0,41.105133056640625,0.0036797295324504375,0,0
1,210,5040,2,7,21.140829086303711,0,0.0018459494458511472,0.12114888429641724,0,67.361480712890625,0,41.578014373779297,0.0026990261394530535,0,0
1,210,5040,3,7,21.313440322875977,0,0.0021256755571812391,0.087339110672473907,0,64.058097839355469,0,39.965164184570312,0.0013299649581313133,0,0
1,210,5040,4,7,21.206396102905273,0,0.001835167407989502,0.085138052701950073,0,61.126213073730469,0,39.982685089111328,0.0025799516588449478,0,0
1,210,5040,5,7,21.325922012329102,0,0.0028822526801377535,0.095134899020195007,0,60.004241943359375,0,40.394275665283203,0.0011912556365132332,0,0
1,210,5040,6,7,21.489917755126953,0,0.003208003006875515,0.096772089600563049,0,60.002769470214844,0,41.657810211181641,0.0003603051882237196,0,0
1,210,5040,7,7,21.951305389404297,0,0.0050507159903645515,0.10154133290052414,0,64.532646179199219,0,41.872745513916016,0.00034212740138173103,0,0
1,225,5400,0,0,18.350143432617188,0,0.015008023008704185,0.53317916393280029,0,74.86859130859375,0,46.754653930664062,0.023263625800609589,0,0
1,225,5400,1,0,18.241420745849609,0,0.0036054186057299376,0.087503299117088318,0,68.351875305175781,0,47.522064208984375,0.021934114396572113,0,0
1,225,5400,2,0,18.40379524230957,0,0.0061357785016298294,0.53491085767745972,0,68.011817932128906,0,47.675392150878906,0.0020120141562074423,0,0
1,225,5400,3,0,18.548995971679688,0,0.0057405824773013592,0.50584810972213745,0,69.356735229492188,0,47.838752746582031,0.006913723424077034,0,0
1,225,5400,4,0,18.460697174072266,0,0.0030678790062665939,0.083976656198501587,0,68.3682861328125,0,47.810649871826172,0.019115101546049118,0,0
1,225,5400,5,0,18.617580413818359,0,0.0040869703516364098,0.099582105875015259,0,66.790168762207031,0,46.197967529296875,0.0037612614687532187,0,0
1,225,5400,6,0,18.562612533569336,0,0.0030934547539800406,0.091105632483959198,0,62.418231964111328,0,43.586395263671875,0.0060814451426267624,0,0
1,225,5400,7,0,18.729129791259766,0,0.0043199253268539906,0.63865131139755249,0,64.512115478515625,0,42.38104248046875,0.00013051755377091467,0,0
1,225,5400,0,1,18.117635726928711,0,0.019165970385074615,0.50804704427719116,0,73.107215881347656,0,45.190486907958984,0.046659953892230988,0,0
1,225,5400,1,1,17.614007949829102,0,0,0,0,60.427875518798828,0,45.307529449462891,0.16042757034301758,0,0
1,225,5400,2,1,17.55218505859375,0,0,0,0,57.357555389404297,0,45.356792449951172,0.086409851908683777,0,0.00058202142827212811
1,225,5400,3,1,17.707473754882812,0,0,0,0,60.595497131347656,0,46.259212493896484,0.044586453586816788,0,0
1,225,5400,4,1,17.736860275268555,0,0.00024763113469816744,0.058846805244684219,0,61.455451965332031,0,44.405033111572266,0.064860396087169647,0,0
1,225,5400,5,1,17.467863082885742,0,0.00081713002873584628,0.079050615429878235,0,60.645919799804688,0,43.765365600585938,0.030013348907232285,0,0
1,225,5400,6,1,17.470151901245117,0,0.00049185508396476507,0.13081613183021545,0,58.503482818603516,0,42.832599639892578,0.012809857726097107,0,0
1,225,5400,7,1,18.038784027099609,0,0.0064780823886394501,0.63042747974395752,0,62.819416046142578,0,44.869396209716797,0.0036063364241272211,0,0
1,225,5400,0,2,18.188302993774414,0,0.02483082190155983,0.70660495758056641,0,74.296119689941406,0,44.528095245361328,0.02188444696366787,0,0
1,225,5400,1,2,17.57231330871582,0,0.00091727956896647811,0.086418226361274719,0,57.420730590820312,0,42.916698455810547,0.11054028570652008,0,0
1,225,5400,2,2,17.189916610717773,0,0.00058809405891224742,0.083448268473148346,0,55.984806060791016,0,42.553958892822266,0.084648780524730682,0,0
1,225,5400,3,2,16.940694808959961,0,0.00059679901460185647,0.10801386833190918,0,59.391166687011719,0,43.043308258056641,0.042704019695520401,0,0
1,225,5400,4,2,17.189943313598633,0,0.00044528522994369268,0.089107528328895569,0,58.625331878662109,0,43.231903076171875,0.062455508857965469,0,0
1,225,5400,5,2,17.622261047363281,0,0.00067823042627424002,0.14691099524497986,0,57.962120056152344,0,44.713115692138672,0.027848249301314354,0,0
1,225,5400,6,2,17.662181854248047,0,0,0,0,55.71343994140625,0,44.267047882080078,0.02094472199678421,0,0
1,225,5400,7,2,18.177762985229492,0,0.0036651187110692263,0.39530384540557861,0,68.336441040039062,0,47.971630096435547,0.010766148567199707,0,0
1,225,5400,0,3,17.907281875610352,0,0.017867658287286758,0.77903032302856445,0,69.239181518554688,0,41.553382873535156,0.018029067665338516,0,0
1,225,5400,1,3,17.400941848754883,0,0.0011273730779066682,0.14219708740711212,0,56.388591766357422,0,43.026523590087891,0.063992775976657867,0,0
1,225,5400,2,3,17.659551620483398,0,0,0,0,59.712390899658203,0,46.307510375976562,0.037009038031101227,0,0
1,225,5400,3,3,17.12025260925293,0,0,0,0,60.151416778564453,0,45.210636138916016,0.069226063787937164,0,0
1,225,5400,4,3,17.447559356689453,0,0,0,0,57.141323089599609,0,42.499870300292969,0.14273808896541595,0,0
1,225,5400,5,3,17.429475784301758,0,0,0,0,55.260082244873047,0,41.835121154785156,0.091664977371692657,0,0
1,225,5400,6,3,17.319604873657227,0,0,0,0,56.140785217285156,0,41.619846343994141,0.094352103769779205,0,0
1,225,5400,7,3,17.877067565917969,0,0.0095407115295529366,0.72364598512649536,0,64.415550231933594,0,43.452541351318359,0.023021126165986061,0,0
1,225,5400,0,4,18.581315994262695,0,0.019359234720468521,0.61858594417572021,0,78.9180908203125,0,44.124942779541016,0.028988450765609741,0,0
1,225,5400,1,4,17.773717880249023,0,0,0,0,63.188331604003906,0,45.848968505859375,0.099056392908096313,0,0
1,225,5400,2,4,17.741668701171875,0,0,0,0,64.586944580078125,0,47.402591705322266,0.11887750029563904,0,0
1,225,5400,3,4,17.396484375,0,0,0,0,58.845512390136719,0,43.711353302001953,0.14309190213680267,0,0
1,225,5400,4,4,16.929983139038086,0,0,0,0,52.656223297119141,0,39.644214630126953,0.19692516326904297,0,0
1,225,5400,5,4,16.777578353881836,0,0,0,0,52.201900482177734,0,39.667560577392578,0.14838950335979462,0,0
1,225,5400,6,4,17.566396713256836,0,0.00092264678096398711,0.063492171466350555,0,52.304908752441406,0,37.740707397460938,0.086156480014324188,0,0
1,225,5400,7,4,17.859010696411133,0,0.00933028943836689,0.58596408367156982,0,62.435039520263672,0,43.215499877929688,0.037721693515777588,0,0
1,225,5400,0,5,18.405849456787109,0,0.017628351226449013,0.49078935384750366,0,76.170631408691406,0,45.488971710205078,0.023390922695398331,0,0
1,225,5400,1,5,17.589778900146484,0,0,0,0,65.433784484863281,0,47.379177093505859,0.1379120796918869,0,0
1,225,5400,2,5,17.601297378540039,0,0,0,0,65.394691467285156,0,47.115398406982422,0.15061578154563904,0,0
1,225,5400,3,5,17.397706985473633,0,0,0,0,58.145786285400391,0,42.856235504150391,0.13722240924835205,0,0
1,225,5400,4,5,17.210872650146484,0,0.00014376034960150719,0.04903758317232132,0,54.74688720703125,0,40.364009857177734,0.14790530502796173,0,0
1,225,5400,5,5,17.435220718383789,0,0.00018364173592999578,0.034063056111335754,0,50.774234771728516,0,38.067081451416016,0.12584209442138672,0,0
1,225,5400,6,5,17.635574340820312,0,0,0,0,52.581218719482422,0,41.655918121337891,0.072345346212387085,0,0
1,225,5400,7,5,18.128803253173828,0,0.0017649630317464471,0.092011578381061554,0,57.255298614501953,0,41.880336761474609,0.013704330660402775,0,0
1,225,5400,0,6,18.20777702331543,0,0.0094413924962282181,0.4954068660736084,0,69.612144470214844,0,44.258876800537109,0.031573940068483353,0,0
1,225,5400,1,6,17.548183441162109,0,0,0,0,60.571754455566406,0,45.989856719970703,0.11651638895273209,0,0
1,225,5400,2,6,17.561407089233398,0,0,0,0,64.468070983886719,0,46.839157104492188,0.11066640168428421,0,0
1,225,5400,3,6,17.553152084350586,0,0.00012362447159830481,0.049449790269136429,0,60.099903106689453,0,44.063999176025391,0.12901799380779266,0,0
1,225,5400,4,6,17.567441940307617,0,0.00052435358520597219,0.075120434165000916,0,51.584125518798828,0,37.906822204589844,0.12033336609601974,0,0
1,225,5400,5,6,17.591930389404297,0,0,0,0,49.920543670654297,0,39.243522644042969,0.087236784398555756,0,0
1,225,5400,6,6,17.92485237121582,0,0,0,0,50.560455322265625,0,41.238960266113281,0.090260624885559082,0,0
1,225,5400,7,6,18.293472290039062,0,0.0028668511658906937,0.094688847661018372,0,56.389083862304688,0,42.749076843261719,0.032678797841072083,0,0
1,225,5400,0,7,18.346580505371094,0,0.0041324510239064693,0.10495072603225708,0,67.423835754394531,0,44.21826171875,0.016379145905375481,0,0
1,225,5400,1,7,17.741666793823242,0,0.0022403253242373466,0.09738486260175705,0,63.854019165039062,0,45.791114807128906,0.028103381395339966,0,0
1,225,5400,2,7,17.774772644042969,0,0.0017194440588355064,0.12297928333282471,0,66.873397827148438,0,46.365028381347656,0.026278313249349594,0,0
1,225,5400,3,7,17.953958511352539,0,0.0021447236649692059,0.086245909333229065,0,63.645652770996094,0,44.223983764648438,0.028206957504153252,0,0
1,225,5400,4,7,17.848321914672852,0,0.0017816337058320642,0.084398157894611359,0,60.705272674560547,0,44.259746551513672,0.037009283900260925,0,0
1,225,5400,5,7,17.966197967529297,0,0.0026717246510088444,0.095438219606876373,0,59.645969390869141,0,44.634983062744141,0.028563749045133591,0,0
1,225,5400,6,7,18.132282257080078,0,0.0030543566681444645,0.098245561122894287,0,59.642074584960938,0,46.036182403564453,0.017869468778371811,0,0
1,225,5400,7,7,18.569389343261719,0,0.0048144827596843243,0.10084440559148788,0,64.263534545898438,0,46.316646575927734,0.0055592674762010574,0,0
1,240,5760,0,0,14.605932235717773,0,0.020384181290864944,0.69757407903671265,0,74.49981689453125,0,53.984786987304688,0.028695480898022652,0,0
1,240,5760,1,0,14.480002403259277,0,0.0038254344835877419,0.092226795852184296,0,67.992599487304688,0,54.581478118896484,0.0021078281570225954,0,0
1,240,5760,2,0,14.632566452026367,0,0.0065720444545149803,0.61374634504318237,0,67.649078369140625,0,54.731452941894531,0.0083892317488789558,0,0
1,240,5760,3,0,14.780430793762207,0,0.0061835567466914654,0.58519834280014038,0,68.954689025878906,0,54.913188934326172,0.019110361114144325,0,0
1,240,5760,4,0,14.701493263244629,0,0.0032244345638900995,0.087239056825637817,0,67.945510864257812,0,54.890625,0.013722638599574566,0,0
1,240,5760,5,0,14.84638500213623,0,0.0040132026188075542,0.10092245787382126,0,66.481636047363281,0,53.057628631591797,0.0074389302171766758,0,0
1,240,5760,6,0,14.804950714111328,0,0.003145057475194335,0.091335609555244446,0,62.110725402832031,0,49.909111022949219,0.038339275866746902,0,0
1,240,5760,7,0,14.952147483825684,0,0.0045531508512794971,0.72398906946182251,0,64.201675415039062,0,48.643806457519531,0.00048609552322886884,0,0
1,240,5760,0,1,14.3912353515625,0,0.026012564077973366,0.65239101648330688,0,72.483604431152344,0,52.390045166015625,0.057755801826715469,0,0
1,240,5760,1,1,13.895932197570801,0,0,0,0,59.873626708984375,0,51.989143371582031,0.064972370862960815,0,0
1,240,5760,2,1,13.83558177947998,0,0,0,0,56.822921752929688,0,51.917289733886719,0.13015441596508026,0,0.00056068296544253826
1,240,5760,3,1,13.975839614868164,0,0,0,0,60.038257598876953,0,52.87841796875,0.19385133683681488,0,0
1,240,5760,4,1,13.993934631347656,0,0.00052804191363975406,0.062677018344402313,0,60.961296081542969,0,50.795242309570312,0.073516219854354858,0,0
1,240,5760,5,1,13.645161628723145,0,0.00098505534697324038,0.083053767681121826,0,60.535335540771484,0,50.145503997802734,0.049179226160049438,0,0
1,240,5760,6,1,13.390651702880859,0,0.00065559684298932552,0.13399927318096161,0,58.405914306640625,0,48.857227325439453,0.062566928565502167,0,0
1,240,5760,7,1,14.231158256530762,0,0.0087501443922519684,0.73526507616043091,0,62.508132934570312,0,51.272346496582031,0.015784209594130516,0,0
1,240,5760,0,2,14.469892501831055,0,0.03125159814953804,0.81641733646392822,0,73.731521606445312,0,51.664829254150391,0.069330379366874695,0,0
1,240,5760,1,2,13.839042663574219,0,0.0008303877548314631,0.089081108570098877,0,56.949962615966797,0,49.399662017822266,0.1538979709148407,0,0
1,240,5760,2,2,13.553505897521973,0,0.00082723546074703336,0.087575659155845642,0,55.5023193359375,0,48.943222045898438,0.17591848969459534,0,0
1,240,5760,3,2,13.209933280944824,0,0.00075975561048835516,0.11051787436008453,0,59.071559906005859,0,49.274459838867188,0.12866991758346558,0,0
1,240,5760,4,2,12.860462188720703,0,0.000450623978395015,0.093270927667617798,0,58.862922668457031,0,49.040626525878906,0.11709634214639664,0,0
1,240,5760,5,2,13.156861305236816,0,0.00099656288512051105,0.15214195847511292,0,58.692401885986328,0,50.591964721679688,0.06053214892745018,0,0
1,240,5760,6,2,13.200716972351074,0,0,0,0,56.411331176757812,0,50.022907257080078,0.17211142182350159,0,0
1,240,5760,7,2,14.17634391784668,0,0.0065463311038911343,0.5402902364730835,0,68.089668273925781,0,54.715911865234375,0.079005591571331024,0,0
1,240,5760,0,3,14.204831123352051,0,0.021539425477385521,0.77451872825622559,0,68.689872741699219,0,48.240943908691406,0.03405926376581192,0,0
1,240,5760,1,3,13.261980056762695,0,0.0013736651744693518,0.14974623918533325,0,56.013519287109375,0,49.190662384033203,0.083894483745098114,0,0
1,240,5760,2,3,13.893702507019043,0,0.00027117918943986297,0.054644487798213959,0,59.151443481445312,0,52.982780456542969,0.15499517321586609,0,0
1,240,5760,3,3,13.678933143615723,0,0,0,0,59.620399475097656,0,51.700992584228516,0.26343899965286255,0,0
1,240,5760,4,3,13.053774833679199,0,0,0,0,56.830596923828125,0,48.292861938476562,0.1619168221950531,0,0
1,240,5760,5,3,12.944662094116211,0,0,0,0,55.432586669921875,0,47.392372131347656,0.19905298948287964,0,0
1,240,5760,6,3,12.874512672424316,0,0,0,0,56.568130493164062,0,47.043514251708984,0.37487021088600159,0,0
1,240,5760,7,3,13.933636665344238,0,0.011278115212917328,0.74022787809371948,0,64.261581420898438,0,49.412792205810547,0.085736721754074097,0,0
1,240,5760,0,4,14.856898307800293,0,0.02624795027077198,0.71218734979629517,0,78.264503479003906,0,51.25262451171875,0.061900127679109573,0,0
1,240,5760,1,4,13.794654846191406,0,0,0,0,62.624176025390625,0,52.519908905029297,0.097484305500984192,0,0
1,240,5760,2,4,13.884801864624023,0,0,0,0,63.985385894775391,0,54.255413055419922,0.16671295464038849,0,0
1,240,5760,3,4,13.704062461853027,0,0,0,0,58.339637756347656,0,49.950042724609375,0.24682603776454926,0,0
1,240,5760,4,4,13.398036956787109,0,0,0,0,52.266021728515625,0,44.861881256103516,0.24220195412635803,0,0
1,240,5760,5,4,13.018306732177734,0,0,0,0,51.974117279052734,0,44.830818176269531,0.28922995924949646,0,0
1,240,5760,6,4,13.127123832702637,0,0.00083410961087793112,0.065504923462867737,0,53.150032043457031,0,42.610664367675781,0.18135915696620941,0,0
1,240,5760,7,4,13.865035057067871,0,0.011760090477764606,0.67925035953521729,0,62.731414794921875,0,49.067489624023438,0.028261160477995872,0,0
1,240,5760,0,5,14.684025764465332,0,0.023771369829773903,0.58985978364944458,0,75.537071228027344,0,52.773757934570312,0.064173921942710876,0,0
1,240,5760,1,5,13.861061096191406,0,0,0,0,64.827690124511719,0,54.274925231933594,0.10878316313028336,0,0
1,240,5760,2,5,13.868753433227539,0,0,0,0,64.792816162109375,0,53.868930816650391,0.18099869787693024,0,0
1,240,5760,3,5,13.683963775634766,0,0,0,0,57.662796020507812,0,48.946537017822266,0.31863263249397278,0,0
1,240,5760,4,5,13.614446640014648,0,0.00014471050235442817,0.049809247255325317,0,54.333370208740234,0,45.887825012207031,0.26142773032188416,0,0
1,240,5760,5,5,13.252922058105469,0,0.00027212314307689667,0.041653361171483994,0,50.961013793945312,0,42.947711944580078,0.11035224050283432,0,0
1,240,5760,6,5,13.177559852600098,0,0,0,0,53.116218566894531,0,46.894046783447266,0.094992302358150482,0,0
1,240,5760,7,5,14.252816200256348,0,0.003000571858137846,0.60529786348342896,0,57.002376556396484,0,47.365314483642578,0.025305179879069328,0,0
1,240,5760,0,6,14.495528221130371,0,0.013321424834430218,0.56275284290313721,0,69.165672302246094,0,51.338428497314453,0.05885644257068634,0,0
1,240,5760,1,6,13.8240966796875,0,0,0,0,60.022205352783203,0,52.546371459960938,0.080321900546550751,0,0
1,240,5760,2,6,13.833374977111816,0,0,0,0,63.882469177246094,0,53.586765289306641,0.20935848355293274,0,0
1,240,5760,3,6,13.836896896362305,0,0.00023192327353172004,0.052583187818527222,0,59.605110168457031,0,50.298442840576172,0.32599964737892151,0,0
1,240,5760,4,6,13.859355926513672,0,0.00034945833613164723,0.049364864826202393,0,51.229480743408203,0,42.849739074707031,0.082811698317527771,0,0
1,240,5760,5,6,13.672175407409668,0,0,0,0,49.558055877685547,0,44.272968292236328,0.032555133104324341,0,0
1,240,5760,6,6,13.744551658630371,0,0,0,0,50.207218170166016,0,46.63873291015625,0.12968266010284424,0,0
1,240,5760,7,6,14.439229011535645,0,0.0026270849630236626,0.097684495151042938,0,56.135189056396484,0,48.505882263183594,0.089612044394016266,0,0
1,240,5760,0,7,14.657296180725098,0,0.0041870842687785625,0.10516743361949921,0,67.122406005859375,0,51.1490478515625,0.026256578043103218,0,0
1,240,5760,1,7,14.054836273193359,0,0.0022992109879851341,0.10126949101686478,0,63.445743560791016,0,52.5408935546875,0.040725927799940109,0,0
1,240,5760,2,7,14.078126907348633,0,0.0041856300085783005,0.65577465295791626,0,66.402984619140625,0,53.065578460693359,0.086377032101154327,0,0
1,240,5760,3,7,14.260930061340332,0,0.0022620961535722017,0.088770598173141479,0,63.276268005371094,0,50.454822540283203,0.062570303678512573,0,0
1,240,5760,4,7,14.157535552978516,0,0.0018728077411651611,0.079575836658477783,0,60.32037353515625,0,50.526588439941406,0.025162661448121071,0,0
1,240,5760,5,7,14.274497985839844,0,0.0025491793639957905,0.097511246800422668,0,59.312408447265625,0,50.915599822998047,0.048573300242424011,0,0
1,240,5760,6,7,14.44147777557373,0,0.002894171979278326,0.099729612469673157,0,59.307163238525391,0,52.6390380859375,0.080003648996353149,0,0
1,240,5760,7,7,14.847734451293945,0,0.0047420724295079708,0.10316701233386993,0,64.031608581542969,0,53.061397552490234,0.022022522985935211,0,0
1,255,6120,0,0,10.445084571838379,0,0.025423120707273483,0.84138756990432739,0,74.170455932617188,0,60.447494506835938,0.0058836108073592186,0,0
1,255,6120,1,0,10.303284645080566,0,0.0038591623306274414,0.092839561402797699,0,67.719696044921875,0,60.803146362304688,0.063349559903144836,0,0
1,255,6120,2,0,10.447032928466797,0,0.0083348201587796211,0.69906121492385864,0,67.369087219238281,0,60.938304901123047,0.11023186892271042,0,0
1,255,6120,3,0,10.596517562866211,0,0.0080712148919701576,0.68762791156768799,0,68.622810363769531,0,61.205829620361328,0.058084160089492798,0,0
1,255,6120,4,0,10.527606964111328,0,0.0032279675360769033,0.086798012256622314,0,67.602149963378906,0,61.182041168212891,0.074187859892845154,0,0
1,255,6120,5,0,10.660403251647949,0,0.0090970499441027641,0.64144325256347656,0,66.209037780761719,0,59.152976989746094,0.055540703237056732,0,0
1,255,6120,6,0,10.631888389587402,0,0.0032255763653665781,0.093512021005153656,0,61.877605438232422,0,55.537651062011719,0.037896245718002319,0,0
1,255,6120,7,0,10.764333724975586,0,0.0044775009155273438,0.73197901248931885,0,63.948368072509766,0,54.175224304199219,0.011776480823755264,0,0
1,255,6120,0,1,10.248631477355957,0,0.033430807292461395,0.76691889762878418,0,71.908905029296875,0,58.824748992919922,0.074509777128696442,0,0
1,255,6120,1,1,9.7709636688232422,0,0,0,0,59.382274627685547,0,57.774208068847656,0.3344409167766571,0,0
1,255,6120,2,1,9.6544637680053711,0,0,0,0,56.385177612304688,0,57.533416748046875,0.3938497006893158,0,0.00053930585272610188
1,255,6120,3,1,9.8351144790649414,0,0,0,0,59.534229278564453,0,58.636665344238281,0.21826674044132233,0,0
1,255,6120,4,1,9.838231086730957,0,0.00075762841152027249,0.055867571383714676,0,60.545783996582031,0,56.372646331787109,0.18797457218170166,0,0
1,255,6120,5,1,9.5855245590209961,0,0.00093357329024001956,0.083548076450824738,0,60.439846038818359,0,55.661544799804688,0.15296828746795654,0,0
1,255,6120,6,1,9.4352273941040039,0,0.0010702039580792189,0.13498561084270477,0,59.516494750976562,0,53.923210144042969,0.089253425598144531,0,0
1,255,6120,7,1,10.075927734375,0,0.017180647701025009,0.7749285101890564,0,63.302318572998047,0,56.526153564453125,0.023205526173114777,0,0
1,255,6120,0,2,10.335305213928223,0,0.037623532116413116,1.050147533416748,0,73.235786437988281,0,58.064613342285156,0.088711917400360107,0,0
1,255,6120,1,2,9.690277099609375,0,0.00088822084944695234,0.090525291860103607,0,56.653770446777344,0,54.994796752929688,0.41162234544754028,0,0
1,255,6120,2,2,9.1770200729370117,0,0.0007965218392200768,0.088326841592788696,0,55.407184600830078,0,54.405284881591797,0.42188087105751038,0,0
1,255,6120,3,2,9.2086067199707031,0,0.00076269637793302536,0.11277194321155548,0,58.819454193115234,0,54.625984191894531,0.15257225930690765,0,0
1,255,6120,4,2,8.9478225708007812,0,0.0004055171157233417,0.095955915749073029,0,59.689567565917969,0,53.811058044433594,0.12611022591590881,0,0
1,255,6120,5,2,9.2385139465332031,0,0.0010352308163419366,0.074776224792003632,0,58.99591064453125,0,55.588298797607422,0.24543009698390961,0,0
1,255,6120,6,2,9.2512712478637695,0,0,0,0,57.488834381103516,0,54.872222900390625,0.39274036884307861,0,0
1,255,6120,7,2,9.9713125228881836,0,0.012635487131774426,0.65890443325042725,0,68.706214904785156,0,60.165328979492188,0.11594551056623459,0,0
1,255,6120,0,3,10.093319892883301,0,0.027129160240292549,0.8202824592590332,0,68.216629028320312,0,54.255691528320312,0.01012419443577528,0,0
1,255,6120,1,3,9.4931974411010742,0,0.0011677122674882412,0.1500469297170639,0,55.851039886474609,0,54.486968994140625,0.1083134189248085,0,0
1,255,6120,2,3,9.4102621078491211,0,0.0002998829004354775,0.060748931020498276,0,59.216434478759766,0,58.599773406982422,0.25611954927444458,0,0
1,255,6120,3,3,9.6622037887573242,0,0,0,0,59.365333557128906,0,57.270042419433594,0.21989290416240692,0,0
1,255,6120,4,3,9.2385320663452148,0,0,0,0,57.12042236328125,0,53.050785064697266,0.36223968863487244,0,0
1,255,6120,5,3,9.0090255737304688,0,0,0,0,56.082656860351562,0,51.947467803955078,0.68601614236831665,0,0
1,255,6120,6,3,8.9381656646728516,0,0,0,0,57.098892211914062,0,51.557415008544922,0.39909407496452332,0,0
1,255,6120,7,3,9.7662725448608398,0,0.010184019804000854,0.78297042846679688,0,65.119552612304688,0,54.286018371582031,0.05177084356546402,0,0
1,255,6120,0,4,10.710923194885254,0,0.033148754388093948,0.84565448760986328,0,77.655029296875,0,57.769294738769531,0.0097641879692673683,0,0
1,255,6120,1,4,9.899078369140625,0,0,0,0,62.130382537841797,0,58.30780029296875,0.17227919399738312,0,0
1,255,6120,2,4,9.4458341598510742,0,0,0,0,63.736907958984375,0,60.075965881347656,0.40666782855987549,0,0
1,255,6120,3,4,9.505462646484375,0,0,0,0,57.926486968994141,0,55.307197570800781,0.35017409920692444,0,0
1,255,6120,4,4,9.2237720489501953,0,0,0,0,52.082149505615234,0,49.234081268310547,0.52170342206954956,0,0
1,255,6120,5,4,8.8840675354003906,0,0,0,0,52.190582275390625,0,49.047782897949219,0.56462770700454712,0,0
1,255,6120,6,4,9.2065525054931641,0,0.000821162189822644,0.066508911550045013,0,54.339008331298828,0,46.692672729492188,0.14853323996067047,0,0
1,255,6120,7,4,9.6652383804321289,0,0.012581476010382175,0.727897047996521,0,63.832984924316406,0,53.893909454345703,0.029801277443766594,0,0
1,255,6120,0,5,10.542555809020996,0,0.031114734709262848,0.72000730037689209,0,74.949737548828125,0,59.393085479736328,0.0252508744597435,0,0
1,255,6120,1,5,9.7229270935058594,0,0,0,0,64.279914855957031,0,60.266044616699219,0.2148214727640152,0,0
1,255,6120,2,5,9.3925065994262695,0,0,0,0,64.293594360351562,0,59.690876007080078,0.4462832510471344,0,0
1,255,6120,3,5,9.5365180969238281,0,0,0,0,57.226455688476562,0,54.206619262695312,0.44628480076789856,0,0
1,255,6120,4,5,9.4037103652954102,0,0.00013966349069960415,0.049247901886701584,0,53.961883544921875,0,50.585624694824219,0.32186689972877502,0,0
1,255,6120,5,5,9.3286781311035156,0,0.00035266441409476101,0.040943168103694916,0,50.948406219482422,0,47.13067626953125,0.20209209620952606,0,0
1,255,6120,6,5,9.2426996231079102,0,0,0,0,53.665882110595703,0,51.37353515625,0.13580863177776337,0,0
1,255,6120,7,5,9.9848604202270508,0,0.0047422237694263458,0.69941031932830811,0,57.050369262695312,0,51.875923156738281,0.057103358209133148,0,0
1,255,6120,0,6,10.364995956420898,0,0.021508729085326195,0.70746636390686035,0,68.754997253417969,0,57.766338348388672,0.047271732240915298,0,0
1,255,6120,1,6,9.6913204193115234,0,0,0,0,59.525066375732422,0,58.235427856445312,0.3423200249671936,0,0
1,255,6120,2,6,9.6504182815551758,0,0,0,0,63.352973937988281,0,59.432388305664062,0.51492446660995483,0,0
1,255,6120,3,6,9.7155132293701172,0,0.0003471039526630193,0.056649919599294662,0,59.164321899414062,0,55.684219360351562,0.27664852142333984,0,0
1,255,6120,4,6,9.7660322189331055,0,0.00022973988961894065,0.049516018480062485,0,50.899196624755859,0,47.104274749755859,0.12350711971521378,0,0
1,255,6120,5,6,9.7773227691650391,0,0,0,0,49.217529296875,0,48.592323303222656,0.31102535128593445,0,0
1,255,6120,6,6,9.9543800354003906,0,0,0,0,49.864421844482422,0,51.339492797851562,0.24771615862846375,0,0
1,255,6120,7,6,10.234980583190918,0,0.002415479626506567,0.098842456936836243,0,55.972911834716797,0,53.383125305175781,0.11359266936779022,0,0
1,255,6120,0,7,10.558555603027344,0,0.0056199808605015278,0.63004845380783081,0,66.8731689453125,0,57.488765716552734,0.014941674657166004,0,0
1,255,6120,1,7,9.9684944152832031,0,0.0025406277272850275,0.11115402728319168,0,63.096576690673828,0,58.502010345458984,0.11767827719449997,0,0
1,255,6120,2,7,9.9881591796875,0,0.0050259409472346306,0.75404977798461914,0,65.963043212890625,0,58.927482604980469,0.150300532579422,0,0
1,255,6120,3,7,10.17036247253418,0,0.0028402828611433506,0.096408583223819733,0,62.979454040527344,0,55.963104248046875,0.052552178502082825,0,0
1,255,6120,4,7,10.067619323730469,0,0.0020288114901632071,0.085102453827857971,0,59.990333557128906,0,56.025627136230469,0.064947381615638733,0,0
1,255,6120,5,7,10.186986923217773,0,0.0023539422545582056,0.099637687206268311,0,59.016277313232422,0,56.425971984863281,0.1817782074213028,0,0
1,255,6120,6,7,10.365917205810547,0,0.0030352761968970299,0.10621372610330582,0,59.023128509521484,0,58.477397918701172,0.16943836212158203,0,0
1,255,6120,7,7,10.751471519470215,0,0.0050839101895689964,0.10535943508148193,0,63.87152099609375,0,58.990058898925781,0.063998393714427948,0,0
1,270,6480,0,0,5.3799004554748535,0,0.034057490527629852,1.1234804391860962,0,73.878875732421875,0,64.836219787597656,0.12294280529022217,0,0
1,270,6480,1,0,5.211662769317627,0,0.0051620868034660816,0.67672628164291382,0,67.591346740722656,0,64.951446533203125,0.30017140507698059,0,0
1,270,6480,2,0,5.3500943183898926,0,0.01167439017444849,0.71993142366409302,0,67.209098815917969,0,65.074783325195312,0.19631427526473999,0,0
1,270,6480,3,0,5.5027651786804199,0,0.014383218251168728,0.73632544279098511,0,68.369163513183594,0,65.512496948242188,0.14061076939105988,0,0
1,270,6480,4,0,5.4365749359130859,0,0.0030776842031627893,0.086511790752410889,0,67.363380432128906,0,65.474037170410156,0.24640670418739319,0,0
1,270,6480,5,0,5.5592670440673828,0,0.015905683860182762,0.70509856939315796,0,66.011604309082031,0,63.333545684814453,0.16357150673866272,0,0
1,270,6480,6,0,5.5245656967163086,0,0.0032436952460557222,0.093717567622661591,0,61.728996276855469,0,59.399246215820312,0.19450710713863373,0,0
1,270,6480,7,0,5.6588482856750488,0,0.0092315627261996269,0.74341326951980591,0,63.75390625,0,57.989051818847656,0.19842544198036194,0,0
1,270,6480,0,1,5.1858110427856445,0,0.037361398339271545,0.90284532308578491,0,71.470245361328125,0,63.135566711425781,0.23977579176425934,0,0
1,270,6480,1,1,4.6813449859619141,0,0,0,0,59.077823638916016,0,61.406745910644531,0.6480172872543335,0,0
1,270,6480,2,1,4.3483624458312988,0,0,0,0,56.694061279296875,0,60.892322540283203,0.50616765022277832,0,0.00051814189646393061
1,270,6480,3,1,4.5901398658752441,0,0,0,0,59.118404388427734,0,62.325168609619141,0.39556720852851868,0,0
1,270,6480,4,1,4.7053890228271484,0,0.00068243197165429592,0.05870421975851059,0,60.268131256103516,0,59.926784515380859,0.49582147598266602,0,0
1,270,6480,5,1,4.4389734268188477,0,0.0010815790155902505,0.082153618335723877,0,60.67962646484375,0,59.041698455810547,0.4108690619468689,0,0
1,270,6480,6,1,4.416069507598877,0,0.0030790145974606276,0.73700946569442749,0,60.669525146484375,0,57.017539978027344,0.21247605979442596,0,0
1,270,6480,7,1,5.0136017799377441,0,0.022039670497179031,0.85733455419540405,0,64.06744384765625,0,59.865901947021484,0.085812203586101532,0,0
1,270,6480,0,2,5.2801132202148438,0,0.042392846196889877,1.3336499929428101,0,72.985740661621094,0,62.382209777832031,0.1638806164264679,0,0
1,270,6480,1,2,4.4643197059631348,0,0.00077247852459549904,0.09495815634727478,0,56.670246124267578,0,58.437381744384766,0.50622016191482544,0,0
1,270,6480,2,2,3.928591251373291,0,0.00082612805999815464,0.092995673418045044,0,56.520236968994141,0,57.537117004394531,0.4283636212348938,0,0
1,270,6480,3,2,3.8530106544494629,0,0.00096033769659698009,0.11147606372833252,0,59.04473876953125,0,57.699367523193359,0.1946132481098175,0,0
1,270,6480,4,2,3.9703612327575684,0,0.00039208203088492155,0.093436390161514282,0,60.690071105957031,0,56.54461669921875,0.251435786485672,0,0
1,270,6480,5,2,4.2973456382751465,0,0.0022471190895885229,0.55673867464065552,0,60.139205932617188,0,58.503162384033203,0.40342578291893005,0,0
1,270,6480,6,2,4.3239450454711914,0,0,0,0,58.719169616699219,0,57.74591064453125,0.41136083006858826,0,0
1,270,6480,7,2,4.8828353881835938,0,0.016457140445709229,0.74831193685531616,0,69.537673950195312,0,63.554218292236328,0.16131873428821564,0,0
1,270,6480,0,3,4.9982686042785645,0,0.03149779886007309,0.86711639165878296,0,67.986854553222656,0,58.249584197998047,0.044528689235448837,0,0
1,270,6480,1,3,4.4149227142333984,0,0.0029554888606071472,0.75045526027679443,0,55.607070922851562,0,57.828647613525391,0.21831545233726501,0,0
1,270,6480,2,3,4.3917803764343262,0,0.00039556066622026265,0.060445141047239304,0,59.548252105712891,0,62.048812866210938,0.40967071056365967,0,0
1,270,6480,3,3,4.1427168846130371,0,0,0,0,59.410449981689453,0,60.597145080566406,0.473949134349823,0,0
1,270,6480,4,3,4.1099514961242676,0,0,0,0,57.219028472900391,0,55.909679412841797,0.78818678855895996,0,0
1,270,6480,5,3,4.0809125900268555,0,0,0,0,57.077594757080078,0,54.618938446044922,0.75137084722518921,0,0
1,270,6480,6,3,4.0153970718383789,0,0,0,0,58.319812774658203,0,54.125911712646484,0.38522464036941528,0,0
1,270,6480,7,3,4.6794471740722656,0,0.0088065173476934433,0.81455034017562866,0,66.272247314453125,0,57.267955780029297,0.18141183257102966,0,0
1,270,6480,0,4,5.658905029296875,0,0.036835759878158569,1.051080584526062,0,77.268905639648438,0,62.314308166503906,0.13899403810501099,0,0
1,270,6480,1,4,4.8034849166870117,0,0,0,0,61.764751434326172,0,62.036396026611328,0.56955087184906006,0,0
1,270,6480,2,4,4.6026701927185059,0,0.00011249255476286635,0.044997021555900574,0,63.752655029296875,0,63.691280364990234,0.66630172729492188,0,0
1,270,6480,3,4,4.0898208618164062,0,0,0,0,57.854644775390625,0,58.544055938720703,0.58048164844512939,0,0
1,270,6480,4,4,4.0610847473144531,0,0,0,0,51.929771423339844,0,51.792121887207031,0.72070795297622681,0,0
1,270,6480,5,4,3.9527320861816406,0,0,0,0,53.001773834228516,0,51.448467254638672,0.61141800880432129,0,0
1,270,6480,6,4,4.2864603996276855,0,0.0005869209417141974,0.061796575784683228,0,55.348373413085938,0,49.150463104248047,0.27387675642967224,0,0
1,270,6480,7,4,4.6332178115844727,0,0.020127486437559128,0.73939478397369385,0,65.059783935546875,0,56.857532501220703,0.23175925016403198,0,0
1,270,6480,0,5,5.4860119819641113,0,0.034771416336297989,0.77147454023361206,0,74.495086669921875,0,63.950817108154297,0.17793896794319153,0,0
1,270,6480,1,5,4.6406006813049316,0,0,0,0,63.876617431640625,0,64.037979125976562,0.57189196348190308,0,0
1,270,6480,2,5,4.3357219696044922,0,0,0,0,64.091804504394531,0,63.248611450195312,0.58813470602035522,0,0
1,270,6480,3,5,4.271397590637207,0,0,0,0,56.989326477050781,0,57.438041687011719,0.4983314573764801,0,0
1,270,6480,4,5,4.1943454742431641,0,0.00011935642396565527,0.045195683836936951,0,53.729469299316406,0,53.376308441162109,0.51271849870681763,0,0
1,270,6480,5,5,4.2404017448425293,0,0.00019408734806347638,0.037415415048599243,0,50.927982330322266,0,49.638008117675781,0.38483071327209473,0,0
1,270,6480,6,5,4.338965892791748,0,0,0,0,53.905952453613281,0,54.170604705810547,0.41572070121765137,0,0
1,270,6480,7,5,4.9270124435424805,0,0.0085771959275007248,0.70599830150604248,0,57.248451232910156,0,54.718086242675781,0.25002729892730713,0,0
1,270,6480,0,6,5.2977123260498047,0,0.027722416445612907,0.75205570459365845,0,68.388458251953125,0,62.148910522460938,0.17950686812400818,0,0
1,270,6480,1,6,4.6025390625,0,0,0,0,59.110565185546875,0,61.835941314697266,0.64905005693435669,0,0
1,270,6480,2,6,4.5198712348937988,0,0,0,0,62.915359497070312,0,63.130939483642578,0.5014844536781311,0,0
1,270,6480,3,6,4.6233210563659668,0,0.00035170800401829183,0.057201556861400604,0,58.814113616943359,0,59.086627960205078,0.33668845891952515,0,0
1,270,6480,4,6,4.6090822219848633,0,0.00021239364286884665,0.046232085675001144,0,50.63720703125,0,49.762813568115234,0.35347729921340942,0,0
1,270,6480,5,6,4.5390653610229492,0,0,0,0,48.933109283447266,0,51.314544677734375,0.57725507020950317,0,0
1,270,6480,6,6,4.9743247032165527,0,0,0,0,49.554531097412109,0,54.411167144775391,0.33702915906906128,0,0
1,270,6480,7,6,5.2788558006286621,0,0.0022504385560750961,0.099115476012229919,0,55.863204956054688,0,56.604351043701172,0.27022477984428406,0,0
1,270,6480,0,7,5.5066723823547363,0,0.010222587734460831,0.70808929204940796,0,66.772499084472656,0,61.901248931884766,0.090659677982330322,0,0
1,270,6480,1,7,4.9140872955322266,0,0.0021782002877444029,0.10233873128890991,0,62.834606170654297,0,62.430912017822266,0.19029808044433594,0,0
1,270,6480,2,7,4.940216064453125,0,0.0048424997366964817,0.75272667407989502,0,65.616432189941406,0,62.77142333984375,0.13817133009433746,0,0
1,270,6480,3,7,5.1125202178955078,0,0.0028066635131835938,0.090605378150939941,0,62.786640167236328,0,59.628284454345703,0.11562584340572357,0,0
1,270,6480,4,7,5.0064148902893066,0,0.0018003250006586313,0.078391164541244507,0,59.742073059082031,0,59.664993286132812,0.23334765434265137,0,0
1,270,6480,5,7,5.122683048248291,0,0.0019612456671893597,0.10017459839582443,0,58.785011291503906,0,60.106632232666016,0.2273678332567215,0,0
1,270,6480,6,7,5.3044090270996094,0,0.0027042385190725327,0.10295228660106659,0,58.823253631591797,0,62.449321746826172,0.1575244814157486,0,0
1,270,6480,7,7,5.7073111534118652,0,0.0046314038336277008,0.10462158918380737,0,63.826530456542969,0,63.122547149658203,0.074678294360637665,0,0
1,285,6840,0,0,1.2820862531661987,0,0.038800723850727081,1.4458658695220947,0,73.780502319335938,0,66.188667297363281,0.21687847375869751,0,0
1,285,6840,1,0,1.1029185056686401,0,0.014723176136612892,0.85331737995147705,0,67.540802001953125,0,66.173393249511719,0.33747768402099609,0,0
1,285,6840,2,0,1.2261686325073242,0,0.019376695156097412,0.82435888051986694,0,67.175758361816406,0,66.334892272949219,0.16858766973018646,0,0
1,285,6840,3,0,1.3816372156143188,0,0.019876576960086823,0.8863060474395752,0,68.202598571777344,0,66.878990173339844,0.25538527965545654,0,0
1,285,6840,4,0,1.3437789678573608,0,0.019350145012140274,0.73584151268005371,0,67.225990295410156,0,66.818939208984375,0.37371596693992615,0,0
1,285,6840,5,0,1.4577959775924683,0,0.02502850815653801,0.78358346223831177,0,65.984283447265625,0,64.670707702636719,0.21693508327007294,0,0
1,285,6840,6,0,1.4369560480117798,0,0.013469894416630268,0.70460653305053711,0,61.702888488769531,0,60.637863159179688,0.36550348997116089,0,0
1,285,6840,7,0,1.570380687713623,0,0.0126234395429492,0.76033967733383179,0,63.663642883300781,0,59.219161987304688,0.25352632999420166,0,0
1,285,6840,0,1,1.0913903713226318,0,0.041608795523643494,1.0539752244949341,0,71.436431884765625,0,64.409858703613281,0.28435319662094116,0,0
1,285,6840,1,1,0.48062416911125183,0,0,0,0,58.853744506835938,0,62.342494964599609,0.77362573146820068,0,0
1,285,6840,2,1,0.35642731189727783,0,0,0,0,56.734352111816406,0,61.729564666748047,0.65894865989685059,0,0.00049755314830690622
1,285,6840,3,1,0.36497995257377625,0,0,0,0,58.883811950683594,0,63.288219451904297,0.84882634878158569,0,0
1,285,6840,4,1,0.55046111345291138,0,0.00081983784912154078,0.061911821365356445,0,60.111141204833984,0,60.851104736328125,0.90451657772064209,0,0
1,285,6840,5,1,0.27949309349060059,0,0.0012130660470575094,0.084347069263458252,0,61.071117401123047,0,59.889347076416016,0.57624876499176025,0,0
1,285,6840,6,1,0.36327540874481201,0,0.0033557773567736149,0.73848789930343628,0,61.510921478271484,0,57.76190185546875,0.31270268559455872,0,0
1,285,6840,7,1,0.90956854820251465,0,0.026816198602318764,1.1308891773223877,0,64.566360473632812,0,60.754600524902344,0.17297211289405823,0,0
1,285,6840,0,2,1.1822713613510132,0,0.047592040151357651,1.6115461587905884,0,73.287361145019531,0,63.676193237304688,0.24048683047294617,0,0
1,285,6840,1,2,0.28140735626220703,0,0.00063922605477273464,0.070510745048522949,0,56.747707366943359,0,59.284797668457031,0.7926139235496521,0,0
1,285,6840,2,2,0.028938872739672661,0,0.00095973268616944551,0.093843623995780945,0,57.395229339599609,0,58.207225799560547,0.61088323593139648,0,0
1,285,6840,3,2,-0.13596929609775543,0,0.00095047883223742247,0.11108739674091339,0,60.38677978515625,0,58.297336578369141,0.3675936758518219,0,0
1,285,6840,4,2,0.021142337471246719,0,0.00071769300848245621,0.093145757913589478,0,61.923675537109375,0,57.080165863037109,0.417774498462677,0,0
1,285,6840,5,2,0.36866098642349243,0,0.0023739759344607592,0.60802876949310303,0,61.110691070556641,0,59.144062042236328,0.39220985770225525,0,0
1,285,6840,6,2,0.39557722210884094,0,0,0,0,59.852275848388672,0,58.394248962402344,0.516975998878479,0,0
1,285,6840,7,2,0.85083562135696411,0,0.021355926990509033,0.82993733882904053,0,70.290908813476562,0,64.39141845703125,0.43821251392364502,0,0
1,285,6840,0,3,0.87822628021240234,0,0.038810823112726212,0.96213740110397339,0,68.076652526855469,0,59.4078369140625,0.14763632416725159,0,0
1,285,6840,1,3,0.28862616419792175,0,0.0031393221579492092,0.75068742036819458,0,55.65411376953125,0,58.609439849853516,0.33880236744880676,0,0
1,285,6840,2,3,0.4620075523853302,0,0.00051366782281547785,0.061117265373468399,0,59.610546112060547,0,62.887767791748047,0.5908195972442627,0,0
1,285,6840,3,3,0.208443284034729,0,0,0,0,59.789218902587891,0,61.283897399902344,0.88177043199539185,0,0
1,285,6840,4,3,0.17710542678833008,0,0,0,0,57.862339019775391,0,56.480052947998047,1.0606380701065063,0,0
1,285,6840,5,3,0.15508498251438141,0,0,0,0,58.140541076660156,0,55.174633026123047,0.82304257154464722,0,0
1,285,6840,6,3,0.094205267727375031,0,0,0,0,59.628337860107422,0,54.648418426513672,0.93256521224975586,0,0
1,285,6840,7,3,0.64728623628616333,0,0.0099186934530735016,0.85118865966796875,0,67.443359375,0,57.969184875488281,0.51837289333343506,0,0
1,285,6840,0,4,1.5513801574707031,0,0.040285643190145493,1.3049542903900146,0,77.298454284667969,0,63.825786590576172,0.26060014963150024,0,0
1,285,6840,1,4,0.59805721044540405,0,0,0,0,61.606109619140625,0,63.002449035644531,0.81254822015762329,0,0
1,285,6840,2,4,0.5550466775894165,0,0.00011565530439838767,0.046262122690677643,0,63.616168975830078,0,64.6319580078125,0.7743384838104248,0,0
1,285,6840,3,4,0.1225370466709137,0,0,0,0,57.825550079345703,0,59.235893249511719,0.89364528656005859,0,0
1,285,6840,4,4,0.11311142891645432,0,0,0,0,52.158107757568359,0,52.25177001953125,1.0277035236358643,0,0
1,285,6840,5,4,0.034374192357063293,0,0,0,0,54.152965545654297,0,51.911247253417969,0.95035427808761597,0,0
1,285,6840,6,4,0.36896243691444397,0,0.00057832244783639908,0.059941921383142471,0,56.491531372070312,0,49.686336517333984,0.64537531137466431,0,0
1,285,6840,7,4,0.64914250373840332,0,0.02445380762219429,0.77804505825042725,0,66.112007141113281,0,57.561443328857422,0.43854209780693054,0,0
1,285,6840,0,5,1.38521409034729,0,0.037783317267894745,0.87065976858139038,0,74.481460571289062,0,65.410179138183594,0.26594254374504089,0,0
1,285,6840,1,5,0.51354736089706421,0,0,0,0,63.719635009765625,0,64.986976623535156,0.76741927862167358,0,0
1,285,6840,2,5,0.46671280264854431,0,0,0,0,63.976356506347656,0,64.12042236328125,0.53855800628662109,0,0
1,285,6840,3,5,0.09932214766740799,0,0,0,0,56.910533905029297,0,58.178871154785156,0.81513124704360962,0,0
1,285,6840,4,5,0.1984446793794632,0,0.00011751064448617399,0.044802572578191757,0,53.703350067138672,0,53.920932769775391,1.0605713129043579,0,0
1,285,6840,5,5,0.28736147284507751,0,0.00013693806249648333,0.037878882139921188,0,51.231281280517578,0,50.114589691162109,0.52263987064361572,0,0
1,285,6840,6,5,0.39884549379348755,0,0,0,0,54.453044891357422,0,54.74755859375,0.51723641157150269,0,0
1,285,6840,7,5,0.92468523979187012,0,0.012820825912058353,0.71319836378097534,0,57.868900299072266,0,55.387966156005859,0.44019049406051636,0,0
1,285,6840,0,6,1.2046840190887451,0,0.035428468137979507,0.85234987735748291,0,68.285675048828125,0,63.516532897949219,0.26628941297531128,0,0
1,285,6840,1,6,0.51505583524703979,0,0,0,0,58.884784698486328,0,62.744731903076172,0.80533498525619507,0,0
1,285,6840,2,6,0.52291983366012573,0,0,0,0,62.623405456542969,0,64.056709289550781,0.59518998861312866,0,0
1,285,6840,3,6,0.46248915791511536,0,0.000261488719843328,0.050512216985225677,0,58.586078643798828,0,59.944408416748047,0.8453403115272522,0,0
1,285,6840,4,6,0.5419955849647522,0,0.00013848236994817853,0.046170711517333984,0,50.459327697753906,0,50.359100341796875,0.63615566492080688,0,0
1,285,6840,5,6,0.56568992137908936,0,0,0,0,48.723594665527344,0,51.917434692382812,0.52602022886276245,0,0
1,285,6840,6,6,0.87415593862533569,0,0,0,0,49.330890655517578,0,55.159255981445312,0.53936761617660522,0,0
1,285,6840,7,6,1.2026751041412354,0,0.0072785262018442154,0.71984785795211792,0,55.898338317871094,0,57.436241149902344,0.56485766172409058,0,0
1,285,6840,0,7,1.4270728826522827,0,0.02046014741063118,0.80280673503875732,0,66.767387390136719,0,63.36187744140625,0.19749906659126282,0,0
1,285,6840,1,7,0.84461307525634766,0,0.0031191199086606503,0.45879974961280823,0,62.700687408447266,0,63.556423187255859,0.33183944225311279,0,0
1,285,6840,2,7,0.87217903137207031,0,0.0048280097544193268,0.76476329565048218,0,65.37255859375,0,63.866443634033203,0.24297250807285309,0,0
1,285,6840,3,7,1.045305609703064,0,0.0028141324874013662,0.094610802829265594,0,62.724983215332031,0,60.706867218017578,0.26259887218475342,0,0
1,285,6840,4,7,0.94208776950836182,0,0.0018399141263216734,0.08220314234495163,0,59.597221374511719,0,60.719081878662109,0.28841498494148254,0,0
1,285,6840,5,7,1.0631792545318604,0,0.0030244933441281319,0.52583813667297363,0,58.654979705810547,0,61.196449279785156,0.1830609142780304,0,0
1,285,6840,6,7,1.2478631734848022,0,0.0043613603338599205,0.70760494470596313,0,58.729133605957031,0,63.684246063232422,0.28178650140762329,0,0
1,285,6840,7,7,1.6516067981719971,0,0.0043900222517549992,0.10933763533830643,0,63.916759490966797,0,64.485374450683594,0.18287083506584167,0,0
1,300,7200,0,0,-2.4184432029724121,0.073610275983810425,0.054905731230974197,2.6112148761749268,0,74.072433471679688,0,66.121444702148438,0.15388767421245575,0,0
1,300,7200,1,0,-2.647047758102417,0.012480514124035835,0.024400759488344193,1.1326829195022583,0,67.5826416015625,0,66.042388916015625,0.28627064824104309,0,0
1,300,7200,2,0,-2.5042500495910645,0.013069747947156429,0.037567216902971268,1.0500857830047607,0,67.312057495117188,0,66.235260009765625,0.43990343809127808,0,0
1,300,7200,3,0,-2.3514783382415771,0.014732532203197479,0.022345304489135742,1.2207913398742676,0,68.145027160644531,0,66.830863952636719,0.37403902411460876,0,0
1,300,7200,4,0,-2.3869450092315674,0.013300823979079723,0.026666942983865738,0.93448376655578613,0,67.243385314941406,0,66.767074584960938,0.35450378060340881,0,0
1,300,7200,5,0,-2.2768545150756836,0.013475613668560982,0.044795975089073181,1.4643123149871826,0,66.018295288085938,0,64.6375732421875,0.39421629905700684,0,0
1,300,7200,6,0,-2.3022327423095703,0.014328905381262302,0.023545274510979652,0.92558544874191284,0,61.892589569091797,0,60.593009948730469,0.46347898244857788,0,0
1,300,7200,7,0,-2.1888456344604492,0.012039813213050365,0.019395772367715836,1.0363278388977051,0,63.777915954589844,0,59.202472686767578,0.11545462161302567,0,0
1,300,7200,0,1,-2.6558470726013184,0.12165138125419617,0.065038882195949554,1.5855021476745605,0,71.811180114746094,0,64.287879943847656,0.2525576651096344,0,0
1,300,7200,1,1,-3.2081525325775146,0,0,0,0,58.963310241699219,0,62.047794342041016,0.78594118356704712,0,0
1,300,7200,2,1,-3.311232328414917,0,0,0,0,56.750423431396484,0,61.423149108886719,1.2414993047714233,0,0.00047775727580301464
1,300,7200,3,1,-3.2221407890319824,0,0,0,0,58.760536193847656,0,63.034236907958984,1.4010680913925171,0,0
1,300,7200,4,1,-3.1755967140197754,0,0.00070581090403720737,0.065149560570716858,0,60.241733551025391,0,60.580680847167969,0.67411458492279053,0,0
1,300,7200,5,1,-3.3331000804901123,0,0.0011331518180668354,0.085129991173744202,0,61.443698883056641,0,59.561981201171875,0.54559344053268433,0,0
1,300,7200,6,1,-3.265357494354248,0,0.0034147629048675299,0.73873096704483032,0,62.178890228271484,0,57.427143096923828,0.60463035106658936,0,0
1,300,7200,7,1,-2.6980216503143311,1.114632937060378E-06,0.032172217965126038,1.3706226348876953,0,65.1278076171875,0,60.570884704589844,0.26788491010665894,0,0
1,300,7200,0,2,-2.6075387001037598,0.15723615884780884,0.12158247828483582,5.8651070594787598,0,73.865493774414062,0,63.554222106933594,0.25085866451263428,0,0
1,300,7200,1,2,-3.3700201511383057,0,0.00060436973581090569,0.072736285626888275,0,57.148323059082031,0,58.943984985351562,0.68472027778625488,0,0
1,300,7200,2,2,-3.5857682228088379,0,0.0010038105538114905,0.095674209296703339,0,58.332351684570312,0,57.755542755126953,0.75506716966629028,0,0
1,300,7200,3,2,-3.6965048313140869,0,0.0010221042903140187,0.092942461371421814,0,61.345619201660156,0,57.786052703857422,0.7121245265007019,0,0
1,300,7200,4,2,-3.5428385734558105,0,0.00096016383031383157,0.095702797174453735,0,62.911930084228516,0,56.611743927001953,0.65353548526763916,0,0
1,300,7200,5,2,-3.1890218257904053,0,0.0028762533329427242,0.63255226612091064,0,61.967685699462891,0,58.819110870361328,0.81206226348876953,0,0
1,300,7200,6,2,-3.1664497852325439,0,0,0,0,60.828277587890625,0,58.085075378417969,1.14934241771698,0,0
1,300,7200,7,2,-2.7164795398712158,0,0.027489166706800461,0.8363262414932251,0,71.129898071289062,0,64.170783996582031,0.54904532432556152,0,0
1,300,7200,0,3,-2.8832218647003174,0.14436520636081696,0.084204398095607758,3.2339169979095459,0,68.705314636230469,0,59.200115203857422,0.16062116622924805,0,0
1,300,7200,1,3,-3.3572976589202881,0,0.002957050921395421,0.65386348962783813,0,56.385231018066406,0,58.230201721191406,0.53949087858200073,0,0
1,300,7200,2,3,-3.1753652095794678,0,0.00074925622902810574,0.061863921582698822,0,60.186920166015625,0,62.571178436279297,1.1286953687667847,0,0
1,300,7200,3,3,-3.358271598815918,0,0,0,0,60.688495635986328,0,60.891292572021484,1.2352617979049683,0,0
1,300,7200,4,3,-3.3842267990112305,0,0,0,0,58.629306793212891,0,56.098457336425781,0.96719622611999512,0,0
1,300,7200,5,3,-3.4032256603240967,0,0,0,0,59.022377014160156,0,54.802490234375,1.3700956106185913,0,0
1,300,7200,6,3,-3.4613258838653564,0,0,0,0,60.615535736083984,0,54.248363494873047,1.5994468927383423,0,0
1,300,7200,7,3,-2.914724588394165,2.7971904273726977E-05,0.014155765064060688,0.86203420162200928,0,68.452919006347656,0,57.707939147949219,0.40573185682296753,0,0
1,300,7200,0,4,-2.2411720752716064,0.16761904954910278,0.092798881232738495,4.2278876304626465,0,77.756385803222656,0,63.803642272949219,0.21060003340244293,0,0
1,300,7200,1,4,-3.1238865852355957,0,0,0,0,61.944385528564453,0,62.70404052734375,0.56871259212493896,0,0
1,300,7200,2,4,-3.1358284950256348,0,0.00027739926008507609,0.047062613070011139,0,63.703716278076172,0,64.31884765625,0.96993649005889893,0,0
1,300,7200,3,4,-3.4592931270599365,0,0,0,0,58.255020141601562,0,58.816169738769531,1.2629281282424927,0,0
1,300,7200,4,4,-3.4740633964538574,0,0,0,0,52.74591064453125,0,51.819854736328125,1.0595368146896362,0,0
1,300,7200,5,4,-3.516350269317627,0,0,0,0,55.132884979248047,0,51.50164794921875,1.2110532522201538,0,0
1,300,7200,6,4,-3.1821074485778809,0,0.00049830827629193664,0.062688618898391724,0,57.398223876953125,0,49.403236389160156,0.6599278450012207,0,0
1,300,7200,7,4,-2.9283311367034912,0,0.026529219001531601,0.79252809286117554,0,66.98406982421875,0,57.318183898925781,0.39820757508277893,0,0
1,300,7200,0,5,-2.3498687744140625,0.13279989361763,0.062513507902622223,1.7769186496734619,0,74.824440002441406,0,65.369239807128906,0.24690702557563782,0,0
1,300,7200,1,5,-3.2343075275421143,0,0,0,0,63.922908782958984,0,64.642440795898438,0.68309736251831055,0,0
1,300,7200,2,5,-3.2121257781982422,0,0,0,0,63.893939971923828,0,63.763282775878906,0.86310821771621704,0,0
1,300,7200,3,5,-3.4540841579437256,0,0,0,0,56.885005950927734,0,57.796543121337891,1.356116771697998,0,0
1,300,7200,4,5,-3.4511687755584717,0,0.00013455645239446312,0.048243213444948196,0,54.095695495605469,0,53.491672515869141,1.0081114768981934,0,0
1,300,7200,5,5,-3.2605767250061035,0,1.6338108252966776E-05,0.006008785218000412,0,51.951206207275391,0,49.749603271484375,0.50943595170974731,0,0
1,300,7200,6,5,-3.1709544658660889,0,0,0,0,55.098575592041016,0,54.4342041015625,0.8302268385887146,0,0
1,300,7200,7,5,-2.6491527557373047,0,0.030909860506653786,0.95216953754425049,0,58.821144104003906,0,55.183692932128906,0.46235457062721252,0,0
1,300,7200,0,6,-2.4902029037475586,0.077493190765380859,0.051291417330503464,1.4379695653915405,0,68.4390869140625,0,63.459705352783203,0.24386711418628693,0,0
1,300,7200,1,6,-3.1625986099243164,0,0,0,0,58.951866149902344,0,62.440040588378906,0.78670841455459595,0,0
1,300,7200,2,6,-3.1624524593353271,0,0,0,0,62.486873626708984,0,63.744281768798828,1.1445969343185425,0,0
1,300,7200,3,6,-3.1505579948425293,0,0.00029811327112838626,0.061647258698940277,0,58.446884155273438,0,59.657604217529297,1.1126039028167725,0,0
1,300,7200,4,6,-3.1245615482330322,0,0.00017693203699309379,0.049855589866638184,0,50.537105560302734,0,50.012344360351562,0.40684473514556885,0,0
1,300,7200,5,6,-3.0945336818695068,0,0,0,0,49.045440673828125,0,51.56475830078125,0.81361335515975952,0,0
1,300,7200,6,6,-2.7885429859161377,0,2.3009813958196901E-05,0.0092039257287979126,0,49.260383605957031,0,54.921775817871094,1.0886112451553345,0,0
1,300,7200,7,6,-2.4231400489807129,0,0.01366453617811203,0.75642567873001099,0,56.153461456298828,0,57.283103942871094,0.65509998798370361,0,0
1,300,7200,0,7,-2.2544162273406982,0.016313031315803528,0.035351302474737167,1.5674500465393066,0,66.832305908203125,0,63.373332977294922,0.16778066754341125,0,0
1,300,7200,1,7,-2.8212897777557373,0,0.0074551543220877647,0.75731939077377319,0,62.737064361572266,0,63.397106170654297,0.27762675285339355,0,0
1,300,7200,2,7,-2.7901480197906494,0,0.0053648096509277821,0.78940623998641968,0,65.258056640625,0,63.712333679199219,0.31069955229759216,0,0
1,300,7200,3,7,-2.6201550960540771,0,0.0032261426094919443,0.10979787260293961,0,62.810726165771484,0,60.588535308837891,0.20416660606861115,0,0
1,300,7200,4,7,-2.7203972339630127,0,0.0023088611196726561,0.099072977900505066,0,59.580547332763672,0,60.584220886230469,0.14963652193546295,0,0
1,300,7200,5,7,-2.5947864055633545,0,0.0054032467305660248,0.72973966598510742,0,58.612537384033203,0,61.076122283935547,0.30586200952529907,0,0
1,300,7200,6,7,-2.4077818393707275,0,0.0071326745674014091,0.72225415706634521,0,58.804306030273438,0,63.631401062011719,0.37224867939949036,0,0
1,300,7200,7,7,-1.9956715106964111,0,0.011122282594442368,0.73628830909729004,0,64.120826721191406,0,64.519332885742188,0.10813357681035995,0,0
1,315,7560,0,0,-5.7566418647766113,8.182408332824707,0.072117902338504791,2.6420459747314453,0,76.59869384765625,0,63.019050598144531,0.22584512829780579,0,0
1,315,7560,1,0,-5.780034065246582,2.122600793838501,0.036542285233736038,1.3832381963729858,0,68.459037780761719,0,62.949192047119141,0.70780962705612183,0,0
1,315,7560,2,0,-5.6181716918945312,2.0974195003509521,0.049626044929027557,1.8636229038238525,0,67.913108825683594,0,63.291030883789062,0.83832621574401855,0,0
1,315,7560,3,0,-5.4725437164306641,2.2865538597106934,0.049028284847736359,1.9025952816009521,0,68.871902465820312,0,64.038734436035156,0.43368241190910339,0,0
1,315,7560,4,0,-5.542900562286377,2.4497451782226562,0.038875218480825424,1.0387208461761475,0,67.927360534667969,0,63.934299468994141,0.75573599338531494,0,0
1,315,7560,5,0,-5.3977503776550293,2.2072529792785645,0.063092119991779327,2.5821704864501953,0,66.393928527832031,0,62.020343780517578,0.8100273609161377,0,0
1,315,7560,6,0,-5.4318404197692871,2.221663236618042,0.037118088454008102,1.0486392974853516,0,62.772552490234375,0,58.132835388183594,0.57567059993743896,0,0
1,315,7560,7,0,-5.2470412254333496,2.109158992767334,0.037479307502508163,1.5579231977462769,0,65.025299072265625,0,56.917121887207031,0.40618628263473511,0,0
1,315,7560,0,1,-5.9600696563720703,7.5247745513916016,0.052617482841014862,1.4646502733230591,0,74.682121276855469,0,61.017292022705078,0.29526323080062866,0,0
1,315,7560,1,1,-6.2459321022033691,0,0,0,0,59.3834228515625,0,58.574378967285156,1.1100932359695435,0,0
1,315,7560,2,1,-6.2951087951660156,0,0,0,0,56.975391387939453,0,57.944515228271484,1.8238461017608643,0,0.00045892962953075767
1,315,7560,3,1,-6.2081990242004395,0,9.574206342222169E-05,0.038296826183795929,0,58.933200836181641,0,59.548290252685547,1.3093593120574951,0,0
1,315,7560,4,1,-6.2337856292724609,0,0.00065270077902823687,0.063549995422363281,0,60.78240966796875,0,57.198562622070312,0.8602755069732666,0,0
1,315,7560,5,1,-6.3464717864990234,0,0.0010267215548083186,0.082598865032196045,0,62.134212493896484,0,56.115715026855469,0.86558926105499268,0,0
1,315,7560,6,1,-6.2606849670410156,0,0.0035996274091303349,0.7369004487991333,0,62.927310943603516,0,54.160018920898438,0.69235360622406006,0,0
1,315,7560,7,1,-5.6510825157165527,0.11778092384338379,0.041918996721506119,1.9994994401931763,0,65.525680541992188,0,57.739212036132812,0.43320930004119873,0,0
1,315,7560,0,2,-5.8546719551086426,8.2691278457641602,0.071567974984645844,2.3916058540344238,0,76.654670715332031,0,60.402008056640625,0.2595219612121582,0,0
1,315,7560,1,2,-6.3545017242431641,0,0.00055595586309209466,0.061217565089464188,0,58.210739135742188,0,55.493408203125,0.73761534690856934,0,0
1,315,7560,2,2,-6.5544500350952148,0,0.00094906013691797853,0.093364536762237549,0,59.32977294921875,0,54.15460205078125,0.93341052532196045,0,0
1,315,7560,3,2,-6.6633028984069824,0,0.00085333251627162099,0.078129313886165619,0,62.405349731445312,0,54.052833557128906,0.80733156204223633,0,0
1,315,7560,4,2,-6.5050187110900879,0,0.00081452640006318688,0.094034917652606964,0,63.789474487304688,0,53.085170745849609,1.1087638139724731,0,0
1,315,7560,5,2,-6.1562037467956543,0,0.0028880240861326456,0.63175272941589355,0,62.823566436767578,0,55.532924652099609,1.6387647390365601,0,0
1,315,7560,6,2,-6.1397767066955566,0,0,0,0,61.672275543212891,0,54.868801116943359,1.3765125274658203,0,0
1,315,7560,7,2,-5.6911916732788086,0.26059505343437195,0.032461501657962799,1.0890485048294067,0,71.793746948242188,0,61.043117523193359,0.63196307420730591,0,0
1,315,7560,0,3,-6.0651416778564453,7.7783670425415039,0.049350026994943619,1.1610215902328491,0,71.759666442871094,0,56.073402404785156,0.21338571608066559,0,0
1,315,7560,1,3,-6.3217206001281738,0,0.0029320728499442339,0.62948507070541382,0,57.604316711425781,0,54.844642639160156,0.90118300914764404,0,0
1,315,7560,2,3,-6.1468024253845215,0,0.00078413839219138026,0.060113638639450073,0,61.071048736572266,0,59.1287841796875,1.6520971059799194,0,0
1,315,7560,3,3,-6.3281621932983398,0,0,0,0,61.581626892089844,0,57.319564819335938,1.3544999361038208,0,0
1,315,7560,4,3,-6.3542637825012207,0,0,0,0,59.200935363769531,0,52.778591156005859,1.5167511701583862,0,0
1,315,7560,5,3,-6.3744974136352539,0,0,0,0,59.711399078369141,0,51.547046661376953,2.0716235637664795,0,0
1,315,7560,6,3,-6.4302010536193848,0,0,0,0,61.325229644775391,0,50.953830718994141,1.4278939962387085,0,0
1,315,7560,7,3,-5.8802638053894043,0.3031747043132782,0.01832745224237442,0.91054809093475342,0,69.319877624511719,0,54.70123291015625,0.55643808841705322,0,0
1,315,7560,0,4,-5.5383000373840332,9.2201652526855469,0.056841582059860229,1.8647748231887817,0,80.509307861328125,0,61.011764526367188,0.23153311014175415,0,0
1,315,7560,1,4,-6.1276082992553711,0,0,0,0,62.779041290283203,0,59.262859344482422,0.92153102159500122,0,0
1,315,7560,2,4,-6.1540813446044922,0,0.00026185551541857421,0.045164432376623154,0,64.294776916503906,0,60.764102935791016,1.5866787433624268,0,0
1,315,7560,3,4,-6.4329633712768555,0,0,0,0,59.072334289550781,0,55.258628845214844,1.3560750484466553,0,0
1,315,7560,4,4,-6.4422802925109863,0,0,0,0,53.219650268554688,0,48.644474029541016,1.3591644763946533,0,0
1,315,7560,5,4,-6.481956958770752,0,0,0,0,55.843540191650391,0,48.33489990234375,1.7736750841140747,0,0
1,315,7560,6,4,-6.145134449005127,0,0.00050720653962343931,0.061529003083705902,0,58.104957580566406,0,46.660194396972656,0.78570652008056641,0,0
1,315,7560,7,4,-5.897740364074707,0.2832551896572113,0.027859922498464584,0.92899274826049805,0,67.846405029296875,0,54.355098724365234,0.79245871305465698,0,0
1,315,7560,0,5,-5.6870121955871582,7.5234394073486328,0.044384706765413284,1.163456916809082,0,77.610496520996094,0,62.361045837402344,0.28968068957328796,0,0
1,315,7560,1,5,-6.3079051971435547,0,0,0,0,64.814460754394531,0,60.916252136230469,1.0021102428436279,0,0
1,315,7560,2,5,-6.2942905426025391,0,6.8800618464592844E-05,0.027520246803760529,0,64.273910522460938,0,60.093593597412109,1.5021445751190186,0,0
1,315,7560,3,5,-6.456820011138916,0,0,0,0,57.308235168457031,0,54.319614410400391,1.4243630170822144,0,0
1,315,7560,4,5,-6.4589152336120605,0,6.259121437324211E-05,0.022119132801890373,0,54.488231658935547,0,50.224498748779297,1.2218354940414429,0,0
1,315,7560,5,5,-6.229945182800293,0,5.7605113397585228E-05,0.019907072186470032,0,52.441013336181641,0,46.880359649658203,0.94720196723937988,0,0
1,315,7560,6,5,-6.1322808265686035,0,0,0,0,55.677654266357422,0,51.420757293701172,1.1374927759170532,0,0
1,315,7560,7,5,-5.6044378280639648,0.15682905912399292,0.053183626383543015,1.3038164377212524,0,59.657855987548828,0,52.609489440917969,0.76308661699295044,0,0
1,315,7560,0,6,-5.8163409233093262,6.3048171997070312,0.042676642537117004,1.2066168785095215,0,69.983108520507812,0,60.453933715820312,0.29478096961975098,0,0
1,315,7560,1,6,-6.2891077995300293,0,0,0,0,59.500278472900391,0,58.875080108642578,1.0963288545608521,0,0
1,315,7560,2,6,-6.2806425094604492,0,0,0,0,62.660865783691406,0,60.137382507324219,1.4216746091842651,0,0
1,315,7560,3,6,-6.2731151580810547,0,0.0002438542724121362,0.04976620152592659,0,58.489845275878906,0,56.350223541259766,0.96691679954528809,0,0
1,315,7560,4,6,-6.2249045372009277,0,8.6398053099401295E-05,0.024012982845306396,0,50.550285339355469,0,47.218185424804688,0.674782395362854,0,0
1,315,7560,5,6,-6.1465787887573242,0,0,0,0,49.084117889404297,0,48.715225219726562,1.3509684801101685,0,0
1,315,7560,6,6,-5.8400487899780273,0,2.6732654077932239E-05,0.010693062096834183,0,49.358421325683594,0,52.191997528076172,1.1760079860687256,0,0
1,315,7560,7,6,-5.4511542320251465,0.04354383796453476,0.018284127116203308,0.76693224906921387,0,56.542808532714844,0,54.817787170410156,0.89527863264083862,0,0
1,315,7560,0,7,-5.4924526214599609,6.694338321685791,0.052226278930902481,1.8676513433456421,0,69.577186584472656,0,60.729618072509766,0.18943965435028076,0,0
1,315,7560,1,7,-5.92047119140625,2.0521008968353271,0.013631394132971764,0.86971282958984375,0,64.033729553222656,0,60.224739074707031,0.42288580536842346,0,0
1,315,7560,2,7,-5.8622283935546875,1.6577945947647095,0.010248417034745216,0.79187309741973877,0,66.148849487304688,0,60.586463928222656,0.38840627670288086,0,0
1,315,7560,3,7,-5.7081217765808105,2.1509416103363037,0.013359318487346172,0.79006779193878174,0,63.939579010009766,0,57.815883636474609,0.23875203728675842,0,0
1,315,7560,4,7,-5.8057093620300293,2.0258233547210693,0.011040515266358852,0.78320175409317017,0,60.942668914794922,0,57.748275756835938,0.38804987072944641,0,0
1,315,7560,5,7,-5.6804075241088867,2.2153360843658447,0.012079117819666862,0.84481865167617798,0,59.71990966796875,0,58.351894378662109,0.51097428798675537,0,0
1,315,7560,6,7,-5.4891133308410645,2.4537463188171387,0.032339584082365036,1.0040711164474487,0,59.932521820068359,0,61.018478393554688,0.3275439441204071,0,0
1,315,7560,7,7,-5.0677242279052734,1.9761694669723511,0.042537309229373932,1.4201004505157471,0,65.171340942382812,0,62.270412445068359,0.16214810311794281,0,0
1,330,7920,0,0,-8.1018152236938477,8.0456485748291016,0.07848232239484787,2.681530237197876,0,77.598556518554688,0,56.6514892578125,0.33152288198471069,0,0
1,330,7920,1,0,-8.1507978439331055,1.9788175821304321,0.03715718537569046,1.3943781852722168,0,68.900840759277344,0,56.640674591064453,1.0440492630004883,0,0
1,330,7920,2,0,-7.9935050010681152,1.9252026081085205,0.049787044525146484,1.8333609104156494,0,68.196235656738281,0,57.089626312255859,0.93206512928009033,0,0
1,330,7920,3,0,-7.8454957008361816,1.9579484462738037,0.047129340469837189,1.7775846719741821,0,69.106941223144531,0,57.891170501708984,0.78698629140853882,0,0
1,330,7920,4,0,-7.9093742370605469,2.2809700965881348,0.037521876394748688,0.98403561115264893,0,68.184555053710938,0,57.733345031738281,1.3003417253494263,0,0
1,330,7920,5,0,-7.7776613235473633,1.9455287456512451,0.05800175666809082,2.316800594329834,0,66.625526428222656,0,56.124828338623047,1.0762877464294434,0,0
1,330,7920,6,0,-7.7942109107971191,1.9319701194763184,0.034615315496921539,0.9650421142578125,0,63.087726593017578,0,52.599895477294922,0.99004149436950684,0,0
1,330,7920,7,0,-7.6382560729980469,2.0704994201660156,0.034006759524345398,1.3785297870635986,0,65.467056274414062,0,51.619709014892578,0.98985671997070312,0,0
1,330,7920,0,1,-8.3067388534545898,10.034459114074707,0.065520703792572021,1.4936740398406982,0,75.951469421386719,0,54.6861572265625,0.33977532386779785,0,0
1,330,7920,1,1,-8.5837783813476562,0.037945747375488281,0.0015720733208581805,0.038893282413482666,0,59.796257019042969,0,52.381019592285156,1.4203650951385498,0,0
1,330,7920,2,1,-8.6324272155761719,7.3990238888654858E-05,0,0,0,57.323822021484375,0,51.789691925048828,2.0938425064086914,0,0.00044135606731288135
1,330,7920,3,1,-8.5452346801757812,0.0012584791984409094,0.0020168619230389595,0.63792043924331665,0,59.249095916748047,0,53.274387359619141,1.8665986061096191,0,0
1,330,7920,4,1,-8.5737676620483398,0.044013403356075287,0.014901951886713505,0.56704699993133545,0,61.236595153808594,0,51.168849945068359,1.9183924198150635,0,0
1,330,7920,5,1,-8.6647520065307617,0.037534117698669434,0.012285324744880199,0.16853407025337219,0,62.640632629394531,0,50.142940521240234,1.4218474626541138,0,0
1,330,7920,6,1,-8.5802593231201172,0.035215981304645538,0.014069351367652416,0.73654496669769287,0,63.712429046630859,0,48.440586090087891,0.9031825065612793,0,0
1,330,7920,7,1,-7.9736628532409668,0.35671728849411011,0.040652837604284286,1.7844799757003784,0,65.979789733886719,0,52.082756042480469,0.90401798486709595,0,0
1,330,7920,0,2,-8.2081947326660156,12.601945877075195,0.088199056684970856,2.337416410446167,0,78.309532165527344,0,54.214824676513672,0.29415407776832581,0,0
1,330,7920,1,2,-8.6904811859130859,0.12008461356163025,0.030062984675168991,0.646625816822052,0,58.946628570556641,0,49.571239471435547,1.1049104928970337,0,0
1,330,7920,2,2,-8.8866062164306641,0.16811040043830872,0.054890997707843781,0.69440209865570068,0,59.865642547607422,0,48.27410888671875,1.3145910501480103,0,0
1,330,7920,3,2,-8.9904356002807617,0.20996665954589844,0.067309379577636719,0.65912026166915894,0,63.128505706787109,0,48.12481689453125,1.1444640159606934,0,0
1,330,7920,4,2,-8.8317050933837891,0.091582700610160828,0.034124385565519333,0.66490077972412109,0,64.318130493164062,0,47.327915191650391,1.4327675104141235,0,0
1,330,7920,5,2,-8.4895114898681641,0.0039144060574471951,0.011161494068801403,0.63544255495071411,0,63.530071258544922,0,49.699470520019531,1.8595482110977173,0,0
1,330,7920,6,2,-8.4799404144287109,0,0,0,0,62.286006927490234,0,49.119682312011719,1.5217828750610352,0,0
1,330,7920,7,2,-8.0245256423950195,0.55922728776931763,0.033030416816473007,0.99846422672271729,0,72.42242431640625,0,54.951351165771484,1.3986748456954956,0,0
1,330,7920,0,3,-8.4244747161865234,12.372668266296387,0.090605169534683228,1.1386088132858276,0,72.979660034179688,0,50.258487701416016,0.28911048173904419,0,0
1,330,7920,1,3,-8.641998291015625,0.10997891426086426,0.029381886124610901,0.64597511291503906,0,58.448551177978516,0,49.027862548828125,1.08507239818573,0,0
1,330,7920,2,3,-8.4806289672851562,0.014074832201004028,0.014349603094160557,0.64080727100372314,0,61.793262481689453,0,52.942440032958984,1.8894722461700439,0,0
1,330,7920,3,3,-8.6674537658691406,0.014862723648548126,8.8375060158796259E-07,0.00035350024700164795,0,62.155895233154297,0,51.197475433349609,1.8808741569519043,0,0
1,330,7920,4,3,-8.6937932968139648,0.0057409289292991161,0,0,0,59.549839019775391,0,47.123851776123047,2.3059821128845215,0,0
1,330,7920,5,3,-8.7144575119018555,9.3381950136972591E-06,0,0,0,60.143711090087891,0,46.018299102783203,2.4476127624511719,0,0
1,330,7920,6,3,-8.7684907913208008,0.003449674928560853,0,0,0,61.752388000488281,0,45.453563690185547,1.9626357555389404,0,0
1,330,7920,7,3,-8.205439567565918,0.67375898361206055,0.018504882231354713,0.90533006191253662,0,70.198348999023438,0,49.118526458740234,1.212931752204895,0,0
1,330,7920,0,4,-7.8979792594909668,13.238808631896973,0.056742824614048004,1.9011945724487305,0,82.264495849609375,0,55.019893646240234,0.2984490692615509,0,0
1,330,7920,1,4,-8.4623250961303711,0.080151349306106567,0.0085314149037003517,0.04307333379983902,0,63.448196411132812,0,53.058738708496094,1.2549014091491699,0,0
1,330,7920,2,4,-8.4954261779785156,1.7242322201127536E-06,0.0017900167731568217,0.2973063588142395,0,64.826034545898438,0,54.386447906494141,1.8328316211700439,0,0
1,330,7920,3,4,-8.7708292007446289,0.017872422933578491,0.00018407187599223107,0.016895681619644165,0,59.652000427246094,0,49.296955108642578,1.6291730403900146,0,0
1,330,7920,4,4,-8.7802219390869141,0.0080810878425836563,0,0,0,53.527835845947266,0,43.362907409667969,2.0781998634338379,0,0
1,330,7920,5,4,-8.8178377151489258,0.00021611496049445122,0,0,0,56.270133972167969,0,43.095554351806641,2.3448588848114014,0,0
1,330,7920,6,4,-8.4768524169921875,0.00061334035126492381,0.00042935807141475379,0.057925418019294739,0,58.621490478515625,0,41.772171020507812,1.1240009069442749,0,0
1,330,7920,7,4,-8.228754997253418,0.59280693531036377,0.029940264299511909,0.95304560661315918,0,68.506721496582031,0,48.807296752929688,1.3345768451690674,0,0
1,330,7920,0,5,-8.0416765213012695,10.111732482910156,0.04230215772986412,1.1867399215698242,0,79.245391845703125,0,56.112258911132812,0.3335859477519989,0,0
1,330,7920,1,5,-8.6403818130493164,0.11623755842447281,0.020282108336687088,0.050927288830280304,0,65.613914489746094,0,54.415615081787109,1.306774377822876,0,0
1,330,7920,2,5,-8.6423988342285156,0.01216905377805233,0.0015398855321109295,0.56128716468811035,0,64.660789489746094,0,53.683143615722656,1.7272539138793945,0,0
1,330,7920,3,5,-8.7958250045776367,0.00065346877090632915,0,0,0,57.662437438964844,0,48.449127197265625,1.6467876434326172,0,0
1,330,7920,4,5,-8.7951231002807617,0.0038515122141689062,2.6920279196929187E-05,0.010768111795186996,0,54.780590057373047,0,44.770675659179688,2.0437242984771729,0,0
1,330,7920,5,5,-8.5741281509399414,0.002951477887108922,0.00021830014884471893,0.0288090780377388,0,52.824428558349609,0,41.887351989746094,1.4107068777084351,0,0
1,330,7920,6,5,-8.4707784652709961,0.0035910613369196653,0,0,0,56.034717559814453,0,46.028846740722656,1.2639015913009644,0,0
1,330,7920,7,5,-7.9318652153015137,0.37543565034866333,0.057311214506626129,1.3700436353683472,0,59.968852996826172,0,47.436679840087891,1.3918753862380981,0,0
1,330,7920,0,6,-8.1890792846679688,6.704249382019043,0.04894343763589859,1.2194283008575439,0,71.088432312011719,0,54.321277618408203,0.35123288631439209,0,0
1,330,7920,1,6,-8.67401123046875,0.046874254941940308,0.0070693101733922958,0.043313764035701752,0,59.973377227783203,0,52.594753265380859,1.386474609375,0,0
1,330,7920,2,6,-8.6733179092407227,0.001988057279959321,0,0,0,62.869804382324219,0,53.727344512939453,1.7242268323898315,0,0
1,330,7920,3,6,-8.6347179412841797,0,0.00018576580623630434,0.0458514504134655,0,58.626312255859375,0,50.369270324707031,1.6316847801208496,0,0
1,330,7920,4,6,-8.5764780044555664,0,5.1505761803127825E-05,0.013010147958993912,0,50.712661743164062,0,42.175376892089844,1.5386084318161011,0,0
1,330,7920,5,6,-8.50518798828125,0.00022321371943689883,1.6516743926331401E-05,0.0066066980361938477,0,49.26959228515625,0,43.549991607666016,1.633527398109436,0,0
1,330,7920,6,6,-8.2295713424682617,0,2.2327321858028881E-05,0.0089309290051460266,0,49.410919189453125,0,46.878032684326172,1.5223263502120972,0,0
1,330,7920,7,6,-7.8197288513183594,0.22740571200847626,0.052720535546541214,2.0048096179962158,0,56.893817901611328,0,49.546241760253906,1.624370813369751,0,0
1,330,7920,0,7,-7.8536534309387207,5.3602151870727539,0.056314527988433838,1.9051952362060547,0,70.49365234375,0,54.864295959472656,0.27620241045951843,0,0
1,330,7920,1,7,-8.3081045150756836,1.5551259517669678,0.020049143582582474,0.87594443559646606,0,64.609580993652344,0,54.089550018310547,0.67903947830200195,0,0
1,330,7920,2,7,-8.2617950439453125,1.3382201194763184,0.013839440420269966,0.90294104814529419,0,66.567764282226562,0,54.448104858398438,0.54741984605789185,0,0
1,330,7920,3,7,-8.0999374389648438,1.6040282249450684,0.01296007726341486,0.76279693841934204,0,64.4501953125,0,52.068183898925781,0.37054508924484253,0,0
1,330,7920,4,7,-8.1947393417358398,1.5891889333724976,0.019451379776000977,0.81806397438049316,0,61.460605621337891,0,51.965297698974609,0.67556774616241455,0,0
1,330,7920,5,7,-8.0565919876098633,1.742162823677063,0.015540068037807941,0.90479600429534912,0,60.167133331298828,0,52.602237701416016,0.63297522068023682,0,0
1,330,7920,6,7,-7.8593363761901855,1.9125394821166992,0.031763143837451935,1.0728467702865601,0,60.317123413085938,0,55.183174133300781,0.49048745632171631,0,0
1,330,7920,7,7,-7.4294257164001465,1.5900567770004272,0.04765884205698967,1.3453624248504639,0,65.741905212402344,0,56.681186676025391,0.45032864809036255,0,0
1,345,8280,0,0,-9.7349834442138672,11.341703414916992,0.085770204663276672,2.579094409942627,0,77.581161499023438,0,49.979511260986328,0.239146888256073,0,0
1,345,8280,1,0,-9.7502527236938477,2.456218957901001,0.066162079572677612,1.4068797826766968,0,68.9140625,0,49.974475860595703,0.54303359985351562,0,0
1,345,8280,2,0,-9.5996990203857422,2.2434189319610596,0.07652660459280014,1.8360024690628052,0,68.211051940917969,0,50.398494720458984,0.5817524790763855,0,0
1,345,8280,3,0,-9.4595413208007812,1.9928110837936401,0.068827569484710693,1.728299617767334,0,69.121627807617188,0,51.124832153320312,0.77376711368560791,0,0
1,345,8280,4,0,-9.5230369567871094,2.3879256248474121,0.058909829705953598,0.97948616743087769,0,68.200790405273438,0,50.964038848876953,0.81884598731994629,0,0
1,345,8280,5,0,-9.3893241882324219,2.0398159027099609,0.078611910343170166,2.2322828769683838,0,66.658897399902344,0,49.574573516845703,0.62844079732894897,0,0
1,345,8280,6,0,-9.4145374298095703,2.1406497955322266,0.076618611812591553,0.90344297885894775,0,63.101566314697266,0,46.451770782470703,0.86530041694641113,0,0
1,345,8280,7,0,-9.2384958267211914,2.1084566116333008,0.071582973003387451,1.3393927812576294,0,65.573997497558594,0,45.615562438964844,0.50396072864532471,0,0
1,345,8280,0,1,-9.9781093597412109,17.774696350097656,0.05428675189614296,1.4638615846633911,0,75.913406372070312,0,48.228939056396484,0.29131138324737549,0,0
1,345,8280,1,1,-10.169955253601074,0.44156187772750854,0.016349833458662033,0.028706822544336319,0,59.797508239746094,0,46.182064056396484,1.0788007974624634,0,0
1,345,8280,2,1,-10.216426849365234,0.34591910243034363,0.019320270046591759,0.033051770180463791,0,57.324573516845703,0,45.659435272216797,1.5849845409393311,0,0.00042509997729212046
1,345,8280,3,1,-10.131698608398438,0.20694661140441895,0.024916956201195717,0.64067912101745605,0,59.250259399414062,0,46.970924377441406,2.066251277923584,0,0
1,345,8280,4,1,-10.167826652526855,0.61053287982940674,0.062028627842664719,0.66748428344726562,0,61.224025726318359,0,45.115631103515625,1.8177536725997925,0,0
1,345,8280,5,1,-10.273128509521484,0.74721437692642212,0.059107318520545959,0.68919306993484497,0,62.627216339111328,0,44.211376190185547,1.063855767250061,0,0
1,345,8280,6,1,-10.160469055175781,0.63892453908920288,0.16746515035629272,3.4692206382751465,0,63.7255859375,0,42.714527130126953,0.73819094896316528,0,0
1,345,8280,7,1,-9.5397329330444336,0.55659228563308716,0.08787817507982254,1.9062104225158691,0,66.027183532714844,0,45.994350433349609,0.40733504295349121,0,0
1,345,8280,0,2,-9.878117561340332,23.179374694824219,0.11779314279556274,2.8544375896453857,0,78.24212646484375,0,47.819694519042969,0.2486005425453186,0,0
1,345,8280,1,2,-10.288990020751953,1.0296231508255005,0.068981677293777466,0.66411304473876953,0,58.936981201171875,0,43.704368591308594,0.96020007133483887,0,0
1,345,8280,2,2,-10.483197212219238,1.3237150907516479,0.13013152778148651,9.5526895523071289,0,59.846176147460938,0,42.559013366699219,1.1253535747528076,0,0
1,345,8280,3,2,-10.586837768554688,1.2619720697402954,0.12111368030309677,9.5531425476074219,0,63.118850708007812,0,42.426246643066406,1.0319479703903198,0,0
1,345,8280,4,2,-10.414667129516602,0.53400003910064697,0.058427963405847549,2.5315532684326172,0,64.310066223144531,0,41.723442077636719,0.89880156517028809,0,0
1,345,8280,5,2,-10.045601844787598,0.22044983506202698,0.23024797439575195,21.640279769897461,0.0024999999441206455,63.533946990966797,0,43.820854187011719,0.86638420820236206,0,0
1,345,8280,6,2,-10.061235427856445,0.3884807825088501,0.077249124646186829,21.701616287231445,0.0024999999441206455,62.287822723388672,0,43.310501098632812,1.2588862180709839,0,0
1,345,8280,7,2,-9.5932931900024414,0.4587324857711792,0.049432277679443359,1.0831048488616943,0,72.446327209472656,0,48.499870300292969,1.2686319351196289,0,0
1,345,8280,0,3,-10.076318740844727,23.066692352294922,0.10637185722589493,1.159559965133667,0,72.855461120605469,0,44.329170227050781,0.20344570279121399,0,0
1,345,8280,1,3,-10.213068008422852,0.66400086879730225,0.1409306675195694,0.89864009618759155,0,58.454196929931641,0,43.226779937744141,0.66322946548461914,0,0
1,345,8280,2,3,-10.06082820892334,0.51398926973342896,0.093627750873565674,0.86588436365127563,0,61.795703887939453,0,46.680858612060547,1.1674998998641968,0,0
1,345,8280,3,3,-10.252621650695801,0.57017028331756592,0.046580780297517776,0.79845035076141357,0,62.156429290771484,0,45.136528015136719,1.6703742742538452,0,0
1,345,8280,4,3,-10.275214195251465,0.16043710708618164,0.012299872934818268,0.024555381387472153,0,59.550285339355469,0,41.540409088134766,1.8929837942123413,0,0
1,345,8280,5,3,-10.299408912658691,0.3344595730304718,0.021325867623090744,0.031054351478815079,0,60.144172668457031,0,40.569038391113281,1.8511772155761719,0,0
1,345,8280,6,3,-10.352324485778809,0.32186383008956909,0.012641397304832935,0.030487455427646637,0,61.752517700195312,0,40.070270538330078,2.1869978904724121,0,0
1,345,8280,7,3,-9.7675037384033203,0.72626131772994995,0.059786316007375717,1.1286334991455078,0,70.261764526367188,0,43.335548400878906,1.2122297286987305,0,0
1,345,8280,0,4,-9.5684537887573242,23.816373825073242,0.069955781102180481,1.8320366144180298,0,82.288749694824219,0,48.563705444335938,0.25004604458808899,0,0
1,345,8280,1,4,-10.056927680969238,0.74083185195922852,0.018275275826454163,0.038166679441928864,0,63.450607299804688,0,46.782966613769531,0.91346651315689087,0,0
1,345,8280,2,4,-10.080792427062988,0.41982737183570862,0.047154184430837631,0.65762555599212646,0,64.827354431152344,0,47.952556610107422,1.3091499805450439,0,0
1,345,8280,3,4,-10.360459327697754,0.60743540525436401,0.017010044306516647,0.034725163131952286,0,59.65240478515625,0,43.455986022949219,1.8002225160598755,0,0
1,345,8280,4,4,-10.361175537109375,0.14458850026130676,0.010931866243481636,0.02857961505651474,0,53.528224945068359,0,38.194698333740234,2.1078164577484131,0,0
1,345,8280,5,4,-10.400852203369141,0.36768406629562378,0.020386820659041405,0.037759698927402496,0,56.270538330078125,0,37.98504638671875,1.9889552593231201,0,0
1,345,8280,6,4,-10.054717063903809,0.04918932169675827,0.023044167086482048,0.67041629552841187,0,58.627609252929688,0,36.827259063720703,1.5955647230148315,0,0
1,345,8280,7,4,-9.7953062057495117,0.31330659985542297,0.041463464498519897,0.96013599634170532,0,68.480354309082031,0,43.053733825683594,1.1207294464111328,0,0
1,345,8280,0,5,-9.7139682769775391,18.386150360107422,0.049306467175483704,1.1562740802764893,0,79.24993896484375,0,49.508560180664062,0.27246430516242981,0,0
1,345,8280,1,5,-10.247235298156738,1.1923767328262329,0.020853983238339424,0.038601648062467575,0,65.614494323730469,0,47.973995208740234,1.0071017742156982,0,0
1,345,8280,2,5,-10.225418090820312,0.21982492506504059,0.027118174359202385,1.3036093711853027,0,64.661186218261719,0,47.328220367431641,1.1861541271209717,0,0
1,345,8280,3,5,-10.379641532897949,0.31453415751457214,0.01544787734746933,0.030994929373264313,0,57.662834167480469,0,42.705322265625,1.757061243057251,0,0
1,345,8280,4,5,-10.374855995178223,0.19805708527565002,0.011614254675805569,0.61455255746841431,0,54.78155517578125,0,39.443710327148438,2.148672342300415,0,0
1,345,8280,5,5,-10.154727935791016,0.1041657030582428,0.011767884716391563,0.62353378534317017,0,52.824123382568359,0,36.890876770019531,1.2254070043563843,0,0
1,345,8280,6,5,-10.051374435424805,0.095573410391807556,0.0091601740568876266,0.63096648454666138,0,56.036350250244141,0,40.56695556640625,1.2829077243804932,0,0
1,345,8280,7,5,-9.5034980773925781,0.34624007344245911,0.057988002896308899,1.3665124177932739,0,59.978385925292969,0,41.843124389648438,1.261339545249939,0,0
1,345,8280,0,6,-9.851069450378418,11.335895538330078,0.05015747994184494,1.2165861129760742,0,71.063720703125,0,47.921360015869141,0.28452321887016296,0,0
1,345,8280,1,6,-10.271977424621582,0.83393818140029907,0.026896476745605469,0.63202345371246338,0,59.973773956298828,0,46.367877960205078,1.0590896606445312,0,0
1,345,8280,2,6,-10.256644248962402,0.22999222576618195,0.016244152560830116,0.033124461770057678,0,62.870105743408203,0,47.366539001464844,1.4955843687057495,0,0
1,345,8280,3,6,-10.212749481201172,0.1002153754234314,0.031946800649166107,7.375220775604248,0,58.629707336425781,0,44.389751434326172,1.9303330183029175,0,0
1,345,8280,4,6,-10.161531448364258,0.056230336427688599,0.0093113826587796211,0.61686968803405762,0,50.713851928710938,0,37.107742309570312,1.2540144920349121,0,0
1,345,8280,5,6,-10.103351593017578,0.065276473760604858,0.0084102274850010872,0.02866867370903492,0,49.270050048828125,0,38.326930999755859,1.1716316938400269,0,0
1,345,8280,6,6,-9.8179912567138672,0,0.0015309641603380442,0.61238569021224976,0,49.411430358886719,0,41.2921142578125,1.6886831521987915,0,0
1,345,8280,7,6,-9.3944482803344727,0.33066481351852417,0.052232228219509125,1.9450907707214355,0,56.945316314697266,0,43.712497711181641,1.6483054161071777,0,0
1,345,8280,0,7,-9.463557243347168,5.466468334197998,0.082495748996734619,1.8748089075088501,0,70.5426025390625,0,48.445274353027344,0.22364585101604462,0,0
1,345,8280,1,7,-9.9307193756103516,1.6149728298187256,0.056859616190195084,1.0404764413833618,0,64.690185546875,0,47.712081909179688,0.50884771347045898,0,0
1,345,8280,2,7,-9.8719758987426758,1.2803610563278198,0.045145075768232346,1.1417914628982544,0,66.664100646972656,0,48.033699035644531,0.49786195158958435,0,0
1,345,8280,3,7,-9.7103919982910156,1.2867022752761841,0.064477637410163879,0.76418840885162354,0,64.554145812988281,0,45.926670074462891,0.37966027855873108,0,0
1,345,8280,4,7,-9.8065690994262695,1.3953052759170532,0.037522729486227036,0.85266059637069702,0,61.538959503173828,0,45.826881408691406,0.41621369123458862,0,0
1,345,8280,5,7,-9.675750732421875,1.4405328035354614,0.034917663782835007,0.95672380924224854,0,60.299022674560547,0,46.401832580566406,0.4615267813205719,0,0
1,345,8280,6,7,-9.4765501022338867,1.5453503131866455,0.035488612949848175,1.1045407056808472,0,60.4840087890625,0,48.727695465087891,0.63660591840744019,0,0
1,345,8280,7,7,-9.0423583984375,1.3472987413406372,0.057578045874834061,1.3592721223831177,0,65.957138061523438,0,50.138774871826172,0.52401477098464966,0,0
1,360,8640,0,0,-9.6096553802490234,15.302599906921387,0.075629420578479767,2.5045793056488037,0,77.5638427734375,0,44.059829711914062,0.15265077352523804,0,0
1,360,8640,1,0,-9.5858564376831055,3.2080874443054199,0.058399543166160583,1.365577220916748,0,68.902862548828125,0,44.055343627929688,0.39980220794677734,0,0
1,360,8640,2,0,-9.4317378997802734,2.8687229156494141,0.068829894065856934,1.7997434139251709,0,68.207405090332031,0,44.429500579833984,0.57782900333404541,0,0
1,360,8640,3,0,-9.288264274597168,2.4834134578704834,0.072191439568996429,1.6938059329986572,0,69.119422912597656,0,45.069961547851562,0.48562270402908325,0,0
1,360,8640,4,0,-9.3534688949584961,2.9534027576446533,0.058531731367111206,0.96876698732376099,0,68.191169738769531,0,44.927745819091797,0.48681792616844177,0,0
1,360,8640,5,0,-9.219304084777832,2.584315299987793,0.073549635708332062,2.1128220558166504,0,66.65631103515625,0,43.7022705078125,0.52908819913864136,0,0
1,360,8640,6,0,-9.2376174926757812,2.693941593170166,0.12479294836521149,2.3396909236907959,0,63.079982757568359,0,40.941944122314453,0.52660501003265381,0,0
1,360,8640,7,0,-9.0650930404663086,2.6451044082641602,0.081297226250171661,1.3293132781982422,0,65.566375732421875,0,40.207283020019531,0.32080420851707458,0,0
1,360,8640,0,1,-9.8645725250244141,24.956655502319336,0.051386196166276932,1.4360495805740356,0,75.890190124511719,0,42.516555786132812,0.25420987606048584,0,0
1,360,8640,1,1,-10.002433776855469,0.95709478855133057,0.0089056678116321564,0.02240956574678421,0,59.797843933105469,0,40.712024688720703,0.99281936883926392,0,0
1,360,8640,2,1,-10.041983604431152,0.43536049127578735,0.0083027631044387817,0.023744493722915649,0,57.324935913085938,0,40.251049041748047,1.76612389087677,0,0.00041002107900567353
1,360,8640,3,1,-9.9566755294799805,0.20426927506923676,0.015150169841945171,0.64137613773345947,0,59.250537872314453,0,41.407363891601562,1.9046969413757324,0,0
1,360,8640,4,1,-9.9976692199707031,0.87632369995117188,0.054253637790679932,0.86464309692382812,0,61.219020843505859,0,39.770755767822266,1.3193662166595459,0,0
1,360,8640,5,1,-10.108522415161133,1.4348498582839966,0.052331868559122086,0.68735408782958984,0,62.62603759765625,0,38.974773406982422,1.326862096786499,0,0
1,360,8640,6,1,-9.9807605743408203,1.3868378400802612,0.28507578372955322,7.0078868865966797,0,63.725185394287109,0,37.6551513671875,0.71034282445907593,0,0
1,360,8640,7,1,-9.3708114624023438,1.1484332084655762,0.071651279926300049,1.8642829656600952,0,66.016571044921875,0,40.548236846923828,0.2950035035610199,0,0
1,360,8640,0,2,-9.7578697204589844,31.900541305541992,0.11337833106517792,2.798414945602417,0,78.198699951171875,0,42.155796051025391,0.2483367919921875,0,0
1,360,8640,1,2,-10.125616073608398,1.744141697883606,0.062973886728286743,0.66406607627868652,0,58.935447692871094,0,38.527866363525391,0.94194996356964111,0,0
1,360,8640,2,2,-10.319334983825684,2.1800954341888428,0.14553819596767426,20.063213348388672,0.0024999999441206455,59.846035003662109,0,37.518196105957031,1.3297568559646606,0,0
1,360,8640,3,2,-10.420613288879395,2.0282571315765381,0.14915299415588379,20.049373626708984,0.004999999888241291,63.116588592529297,0,37.40106201171875,0.96039676666259766,0,0
1,360,8640,4,2,-10.242780685424805,0.91189122200012207,0.06493956595659256,4.7218337059020996,0,64.30975341796875,0,36.780555725097656,0.53531938791275024,0,0
1,360,8640,5,2,-9.8528938293457031,0.20208343863487244,0.40779078006744385,47.85748291015625,0.0024999999441206455,63.534011840820312,0,38.630611419677734,0.57704037427902222,0,0
1,360,8640,6,2,-9.8860912322998047,0.44127753376960754,0.13235093653202057,47.897701263427734,0.0024999999441206455,62.28802490234375,0,38.180767059326172,1.0460209846496582,0,0
1,360,8640,7,2,-9.4191112518310547,0.78428477048873901,0.046072002500295639,1.0593938827514648,0,72.445426940917969,0,42.756767272949219,0.81756788492202759,0,0
1,360,8640,0,3,-9.9458847045898438,32.831302642822266,0.094232544302940369,1.1723471879959106,0,72.816154479980469,0,39.078468322753906,0.12471894174814224,0,0
1,360,8640,1,3,-10.042641639709473,1.1819477081298828,0.14708989858627319,0.84254777431488037,0,58.452796936035156,0,38.10479736328125,0.36265504360198975,0,0
1,360,8640,2,3,-9.8841485977172852,0.78248631954193115,0.12179545313119888,1.5850964784622192,0,61.794788360595703,0,41.151798248291016,0.7984393835067749,0,0
1,360,8640,3,3,-10.076473236083984,0.81066691875457764,0.068185612559318542,1.4628612995147705,0,62.156711578369141,0,39.790325164794922,1.165398120880127,0,0
1,360,8640,4,3,-10.099748611450195,0.12862829864025116,0.0050644432194530964,0.026829939335584641,0,59.550579071044922,0,36.616432189941406,1.3300502300262451,0,0
1,360,8640,5,3,-10.124974250793457,0.40356159210205078,0.0083547225221991539,0.020346894860267639,0,60.144550323486328,0,35.763236999511719,1.8582735061645508,0,0
1,360,8640,6,3,-10.177253723144531,0.42310276627540588,0.0083560999482870102,0.023949243128299713,0,61.752819061279297,0,35.323360443115234,2.2065694332122803,0,0
1,360,8640,7,3,-9.5932226181030273,1.3382183313369751,0.059732198715209961,1.1005064249038696,0,70.243812561035156,0,38.202800750732422,1.0854250192642212,0,0
1,360,8640,0,4,-9.4462795257568359,33.647335052490234,0.064559295773506165,1.8141506910324097,0,82.237831115722656,0,42.812122344970703,0.19720405340194702,0,0
1,360,8640,1,4,-9.8909521102905273,1.2937610149383545,0.0091437855735421181,0.032808315008878708,0,63.450817108154297,0,41.241828918457031,0.79218143224716187,0,0
1,360,8640,2,4,-9.907404899597168,0.56239885091781616,0.036990199238061905,0.64120948314666748,0,64.827545166015625,0,42.27288818359375,1.5515294075012207,0,0
1,360,8640,3,4,-10.188495635986328,0.89765805006027222,0.012943658046424389,0.026306472718715668,0,59.652729034423828,0,38.305587768554688,1.9982256889343262,0,0
1,360,8640,4,4,-10.184504508972168,0.096201777458190918,0.0036880176048725843,0.022972818464040756,0,53.528518676757812,0,33.641262054443359,1.9939279556274414,0,0
1,360,8640,5,4,-10.22623348236084,0.49295923113822937,0.011221818625926971,0.027672542259097099,0,56.270904541015625,0,33.479618072509766,2.3591201305389404,0,0
1,360,8640,6,4,-9.8770275115966797,0.074833586812019348,0.021268008276820183,0.66296321153640747,0,58.627773284912109,0,32.459781646728516,1.7241151332855225,0,0
1,360,8640,7,4,-9.6242246627807617,0.69993191957473755,0.039433490484952927,0.91781336069107056,0,68.458992004394531,0,37.95098876953125,0.99054723978042603,0,0
1,360,8640,0,5,-9.5963573455810547,26.099699020385742,0.043957550078630447,1.1357378959655762,0,79.219947814941406,0,43.6446533203125,0.24107153713703156,0,0
1,360,8640,1,5,-10.085659980773926,2.0146341323852539,0.01479608565568924,0.034509904682636261,0,65.614555358886719,0,42.291786193847656,0.85119801759719849,0,0
1,360,8640,2,5,-10.049385070800781,0.20189522206783295,0.015818282961845398,1.7042363882064819,0,64.661369323730469,0,41.722499847412109,1.4481948614120483,0,0
1,360,8640,3,5,-10.205512046813965,0.45453926920890808,0.0099361147731542587,0.025044325739145279,0,57.6632080078125,0,37.641269683837891,2.1483004093170166,0,0
1,360,8640,4,5,-10.198530197143555,0.24776096642017365,0.0097532123327255249,0.61487454175949097,0,54.781871795654297,0,34.749229431152344,1.9133477210998535,0,0
1,360,8640,5,5,-9.977116584777832,0.11409671604633331,0.0089665846899151802,0.62196254730224609,0,52.822124481201172,0,32.484878540039062,1.5563278198242188,0,0
1,360,8640,6,5,-9.8731775283813477,0.10567157715559006,0.010988453403115273,2.5983710289001465,0,56.03662109375,0,35.745624542236328,1.5633368492126465,0,0
1,360,8640,7,5,-9.330204963684082,0.65613389015197754,0.053300999104976654,1.2405204772949219,0,59.977577209472656,0,36.849887847900391,1.1689146757125854,0,0
1,360,8640,0,6,-9.7312335968017578,15.496819496154785,0.045061860233545303,1.2093322277069092,0,71.060707092285156,0,42.245517730712891,0.25650548934936523,0,0
1,360,8640,1,6,-10.107266426086426,1.5186015367507935,0.0205414779484272,0.69573819637298584,0,59.973941802978516,0,40.8756103515625,0.97983336448669434,0,0
1,360,8640,2,6,-10.081075668334961,0.2282051295042038,0.0060730916447937489,0.024252479895949364,0,62.870357513427734,0,41.756179809570312,1.677996039390564,0,0
1,360,8640,3,6,-10.033172607421875,0.080631911754608154,0.054621495306491852,18.519132614135742,0.0024999999441206455,58.629978179931641,0,39.116264343261719,1.9821556806564331,0,0
1,360,8640,4,6,-9.983917236328125,0.11802993714809418,0.012000027112662792,0.6172480583190918,0,50.714096069335938,0,32.643405914306641,1.1863315105438232,0,0
1,360,8640,5,6,-9.9257612228393555,0.047398842871189117,0.0026216439437121153,0.021638695150613785,0,49.270271301269531,0,33.723461151123047,1.6226093769073486,0,0
1,360,8640,6,6,-9.6391820907592773,0,0.001527798711322248,0.61111950874328613,0,49.411533355712891,0,36.350822448730469,2.0035762786865234,0,0
1,360,8640,7,6,-9.2131776809692383,0.16458563506603241,0.047882623970508575,1.7756420373916626,0,56.940319061279297,0,38.491962432861328,1.4158645868301392,0,0
1,360,8640,0,7,-9.3133983612060547,6.6631693840026855,0.075585082173347473,1.8536604642868042,0,70.526588439941406,0,42.708499908447266,0.18658094108104706,0,0
1,360,8640,1,7,-9.7702970504760742,2.2786798477172852,0.045108027756214142,0.98570734262466431,0,64.688453674316406,0,42.060451507568359,0.51153373718261719,0,0
1,360,8640,2,7,-9.7050256729125977,1.792336106300354,0.041569098830223083,1.1442384719848633,0,66.661102294921875,0,42.343341827392578,0.72901099920272827,0,0
1,360,8640,3,7,-9.5520286560058594,1.8359742164611816,0.060245182365179062,0.75506174564361572,0,64.55322265625,0,40.467540740966797,0.52096056938171387,0,0
1,360,8640,4,7,-9.6485090255737305,1.9520527124404907,0.038063593208789825,0.85282659530639648,0,61.537769317626953,0,40.378223419189453,0.6011698842048645,0,0
1,360,8640,5,7,-9.5130224227905273,1.959376335144043,0.031651701778173447,0.94527971744537354,0,60.295192718505859,0,40.882503509521484,0.96587711572647095,0,0
1,360,8640,6,7,-9.3151893615722656,1.9358794689178467,0.032024342566728592,1.0338339805603027,0,60.471336364746094,0,42.947742462158203,1.007260799407959,0,0
1,360,8640,7,7,-8.8732662200927734,1.559165358543396,0.055791359394788742,1.3565117120742798,0,65.955215454101562,0,44.200992584228516,0.65396684408187866,0,0
1,365,8760,0,0,-9.5422706604003906,17.907442092895508,0.078671500086784363,2.4366359710693359,0,77.557762145996094,0,42.246757507324219,0.018522920086979866,0,0
1,365,8760,1,0,-9.4860210418701172,3.8104293346405029,0.080770216882228851,1.348955512046814,0,68.899208068847656,0,42.242458343505859,0.12684591114521027,0,0
1,365,8760,2,0,-9.3301553726196289,3.4079620838165283,0.091754928231239319,1.852757453918457,0,68.207321166992188,0,42.601573944091797,0.16604664921760559,0,0
1,365,8760,3,0,-9.1873483657836914,3.0404646396636963,0.094176769256591797,1.754679799079895,0,69.119438171386719,0,43.215778350830078,0.27117753028869629,0,0
1,365,8760,4,0,-9.2510547637939453,3.5306050777435303,0.078075282275676727,0.99308860301971436,0,68.187942504882812,0,43.079063415527344,0.38080999255180359,0,0
1,365,8760,5,0,-9.1170167922973633,3.1130578517913818,0.097688965499401093,2.1239042282104492,0,66.655906677246094,0,41.904041290283203,0.21837358176708221,0,0
1,365,8760,6,0,-9.1333131790161133,3.2576756477355957,0.165793776512146,3.010913610458374,0,63.071773529052734,0,39.254920959472656,0.23654805123806,0,0
1,365,8760,7,0,-8.9635124206542969,3.1514310836791992,0.10489537566900253,1.3599153757095337,0,65.562644958496094,0,38.551498413085938,0.14261721074581146,0,0
1,365,8760,0,1,-9.7915420532226562,28.345560073852539,0.054605878889560699,1.4448395967483521,0,75.882682800292969,0,40.766952514648438,0.032173242419958115,0,0
1,365,8760,1,1,-9.8994808197021484,1.1216082572937012,0.034071341156959534,0.049237102270126343,0,59.797950744628906,0,39.036643981933594,0.3011443018913269,0,0
1,365,8760,2,1,-9.9347829818725586,0.42775061726570129,0.032196890562772751,0.12076839059591293,0,57.325050354003906,0,38.594558715820312,0.56542098522186279,0,0.00040522977360524237
1,365,8760,3,1,-9.8507709503173828,0.19792050123214722,0.024853173643350601,0.64667922258377075,0,59.250614166259766,0,39.703338623046875,0.62955576181411743,0,0
1,365,8760,4,1,-9.8925094604492188,0.94524598121643066,0.072524689137935638,0.94156074523925781,0,61.218967437744141,0,38.133747100830078,0.72317904233932495,0,0
1,365,8760,5,1,-10.005593299865723,1.600833535194397,0.076153360307216644,0.68985319137573242,0,62.626018524169922,0,37.370887756347656,0.38922667503356934,0,0
1,365,8760,6,1,-9.8752336502075195,1.6009337902069092,0.33725488185882568,8.0774316787719727,0,63.725223541259766,0,36.105655670166016,0.25264501571655273,0,0
1,365,8760,7,1,-9.2695016860961914,1.3176686763763428,0.090350113809108734,1.9370088577270508,0,66.008537292480469,0,38.880882263183594,0.12676888704299927,0,0
1,365,8760,0,2,-9.6801118850708008,35.959770202636719,0.11878178268671036,2.9242715835571289,0,78.183982849121094,0,40.421096801757812,0.021704975515604019,0,0
1,365,8760,1,2,-10.023972511291504,1.9642684459686279,0.092756748199462891,0.66908597946166992,0,58.935199737548828,0,36.942390441894531,0.20754526555538177,0,0
1,365,8760,2,2,-10.218597412109375,2.4106523990631104,0.17754775285720825,23.521829605102539,0.0024999999441206455,59.846092224121094,0,35.974349975585938,0.33461847901344299,0,0
1,365,8760,3,2,-10.318963050842285,2.2622737884521484,0.19397105276584625,23.502561569213867,0.004999999888241291,63.115272521972656,0,35.862083435058594,0.37677055597305298,0,0
1,365,8760,4,2,-10.137809753417969,1.0142686367034912,0.090619869530200958,5.5182137489318848,0,64.309776306152344,0,35.26666259765625,0.40671452879905701,0,0
1,365,8760,5,2,-9.741480827331543,0.17798161506652832,0.4831383228302002,57.666530609130859,0.0024999999441206455,63.534160614013672,0,37.040996551513672,0.37270492315292358,0,0
1,365,8760,6,2,-9.7788753509521484,0.39115086197853088,0.17863081395626068,57.791515350341797,0.0024999999441206455,62.28863525390625,0,36.60968017578125,0.41839852929115295,0,0
1,365,8760,7,2,-9.3169527053833008,0.96015298366546631,0.056602180004119873,1.0853043794631958,0,72.443992614746094,0,40.998279571533203,0.33253985643386841,0,0
1,365,8760,0,3,-9.8649625778198242,36.812206268310547,0.10085670650005341,1.1973834037780762,0,72.808067321777344,0,37.470340728759766,0.020411092787981033,0,0
1,365,8760,1,3,-9.9389562606811523,1.3510075807571411,0.18005482852458954,1.0030784606933594,0,58.451278686523438,0,36.536079406738281,0.18156518042087555,0,0
1,365,8760,2,3,-9.7750749588012695,0.85032880306243896,0.17491702735424042,2.7509424686431885,0,61.794464111328125,0,39.458339691162109,0.30147919058799744,0,0
1,365,8760,3,3,-9.9689359664916992,0.8496430516242981,0.10860277712345123,1.8240103721618652,0,62.156803131103516,0,38.152873992919922,0.50566112995147705,0,0
1,365,8760,4,3,-9.9936532974243164,0.10650687664747238,0.012161040678620338,0.058515459299087524,0,59.550655364990234,0,35.108406066894531,0.71161878108978271,0,0
1,365,8760,5,3,-10.016915321350098,0.36506891250610352,0.034925524145364761,0.054903618991374969,0,60.144664764404297,0,34.29132080078125,0.6857261061668396,0,0
1,365,8760,6,3,-10.070594787597656,0.41866213083267212,0.031288191676139832,0.059172220528125763,0,61.752914428710938,0,33.869483947753906,0.65642321109771729,0,0
1,365,8760,7,3,-9.490300178527832,1.4799741506576538,0.065480656921863556,1.2066322565078735,0,70.236572265625,0,36.630908966064453,0.28288784623146057,0,0
1,365,8760,0,4,-9.3677425384521484,38.007480621337891,0.07172568142414093,1.8633730411529541,0,82.221290588378906,0,41.050975799560547,0.010100783780217171,0,0
1,365,8760,1,4,-9.789097785949707,1.4140444993972778,0.023063933476805687,0.056418363004922867,0,63.450881958007812,0,39.544670104980469,0.18584387004375458,0,0
1,365,8760,2,4,-9.7998666763305664,0.54295855760574341,0.062344804406166077,0.66576302051544189,0,64.827606201171875,0,40.533298492431641,0.33485516905784607,0,0
1,365,8760,3,4,-10.082940101623535,0.94043338298797607,0.042629100382328033,0.057496115565299988,0,59.652835845947266,0,36.728202819824219,0.52013778686523438,0,0
1,365,8760,4,4,-10.078949928283691,0.081211492419242859,0.0094958366826176643,0.056374341249465942,0,53.528598785400391,0,32.247451782226562,0.76248127222061157,0,0
1,365,8760,5,4,-10.11970329284668,0.46790555119514465,0.032544288784265518,0.058401197195053101,0,56.271018981933594,0,32.099857330322266,0.70543068647384644,0,0
1,365,8760,6,4,-9.7725181579589844,0.065633855760097504,0.022000009194016457,0.67101335525512695,0,58.627731323242188,0,31.12225341796875,0.46148109436035156,0,0
1,365,8760,7,4,-9.5238752365112305,0.90890443325042725,0.043307103216648102,0.92204046249389648,0,68.451408386230469,0,36.388423919677734,0.34277352690696716,0,0
1,365,8760,0,5,-9.5203266143798828,29.650398254394531,0.048669081181287766,1.1446768045425415,0,79.210235595703125,0,41.848720550537109,0.016645040363073349,0,0
1,365,8760,1,5,-9.9850330352783203,2.2185904979705811,0.038633670657873154,0.057608600705862045,0,65.614578247070312,0,40.551422119140625,0.22853727638721466,0,0
1,365,8760,2,5,-9.9436655044555664,0.16759267449378967,0.023679586127400398,1.0903363227844238,0,64.661422729492188,0,40.005561828613281,0.39675292372703552,0,0
1,365,8760,3,5,-10.098313331604004,0.44987538456916809,0.036082498729228973,0.054751187562942505,0,57.663330078125,0,36.090400695800781,0.58225208520889282,0,0
1,365,8760,4,5,-10.093592643737793,0.25157710909843445,0.019424270838499069,0.61732643842697144,0,54.781963348388672,0,33.312023162841797,0.57444530725479126,0,0
1,365,8760,5,5,-9.871821403503418,0.080141812562942505,0.010929407551884651,0.60993462800979614,0,52.8214111328125,0,31.136430740356445,0.33709964156150818,0,0
1,365,8760,6,5,-9.7679882049560547,0.075532630085945129,0.013291203416883945,2.2613346576690674,0,56.03668212890625,0,34.269393920898438,0.49273279309272766,0,0
1,365,8760,7,5,-9.2278451919555664,0.77698957920074463,0.0564894899725914,1.2909946441650391,0,59.977584838867188,0,35.32220458984375,0.36804923415184021,0,0
1,365,8760,0,6,-9.6655378341674805,17.87877082824707,0.051103685051202774,1.1984978914260864,0,71.06060791015625,0,40.507183074951172,0.024262450635433197,0,0
1,365,8760,1,6,-10.005359649658203,1.670815110206604,0.043928511440753937,0.81175822019577026,0,59.974002838134766,0,39.193428039550781,0.19480443000793457,0,0
1,365,8760,2,6,-9.974085807800293,0.20093557238578796,0.021997611969709396,0.053234681487083435,0,62.870433807373047,0,40.037826538085938,0.302970290184021,0,0
1,365,8760,3,6,-9.9273958206176758,0.05495569109916687,0.069973565638065338,21.985612869262695,0.0024999999441206455,58.630050659179688,0,37.501663208007812,0.35627317428588867,0,0
1,365,8760,4,6,-9.8787717819213867,0.11932604759931564,0.018111560493707657,0.61949163675308228,0,50.714160919189453,0,31.278024673461914,0.25893735885620117,0,0
1,365,8760,5,6,-9.821284294128418,0.022801877930760384,0.0023454022593796253,0.044076427817344666,0,49.270328521728516,0,32.3153076171875,0.29517105221748352,0,0
1,365,8760,6,6,-9.5341196060180664,1.1432202740024877E-07,0.0015444518066942692,0.61778074502944946,0,49.411540985107422,0,34.838813781738281,0.51640111207962036,0,0
1,365,8760,7,6,-9.1071596145629883,0.12186576426029205,0.051701221615076065,1.8811346292495728,0,56.938709259033203,0,36.895099639892578,0.36388519406318665,0,0
1,365,8760,0,7,-9.2366399765014648,8.0156288146972656,0.082244642078876495,1.8073214292526245,0,70.522453308105469,0,40.951793670654297,0.0028096309397369623,0,0
1,365,8760,1,7,-9.6555461883544922,2.6247844696044922,0.057461250573396683,1.0000666379928589,0,64.687896728515625,0,40.3294677734375,0.0059131532907485962,0,0
1,365,8760,2,7,-9.591094970703125,2.098564624786377,0.055574852973222733,1.3928192853927612,0,66.660133361816406,0,40.600635528564453,0.0066279512830078602,0,0
1,365,8760,3,7,-9.4366989135742188,2.1323249340057373,0.078520834445953369,0.90979593992233276,0,64.553237915039062,0,38.796058654785156,0.0034998676273971796,0,0
1,365,8760,4,7,-9.5307292938232422,2.2436051368713379,0.041641425341367722,0.86012536287307739,0,61.537746429443359,0,38.709983825683594,0.0027595984283834696,0,0
1,365,8760,5,7,-9.3950510025024414,2.2284948825836182,0.034353654831647873,0.97321212291717529,0,60.29345703125,0,39.192794799804688,0.0086638564243912697,0,0
1,365,8760,6,7,-9.1981887817382812,2.2217116355895996,0.033437900245189667,1.0171049833297729,0,60.467174530029297,0,41.177967071533203,0.0058842231519520283,0,0
1,365,8760,7,7,-8.7529487609863281,1.7751340866088867,0.057267539203166962,1.3501673936843872,0,65.954978942871094,0,42.383369445800781,0.025844907388091087,0,0
