year,day,goal,target_opportunity,from_x,from_y,to_x,to_y,distance_cells,scout_radius_cells,water_need_met,biomass_need_met,water_demand_mm_cells,water_consumed_mm_cells,biomass_demand_gm2_cells,biomass_energy_consumed_gm2_cells,condition,water_mm_cells,fresh_biomass_gm2_cells,dry_biomass_gm2_cells,residue_gm2_cells,captured_sediment_kgm2_cells,chitin_kg,opportunities,actions
1,1,TrackRainFront,RainFront,160,160,158,157,3.6055512428283691,12,1,1,0.0042886543087661266,0.0042886543087661266,0.098230041563510895,0.098230041563510895,1,0.060711342841386795,0.10000000149011612,0.5217699408531189,0.031433612108230591,4.5000004320172593E-05,0,RainFront|Snowpack|DryStandingBiomass|DustFront|DepositionZone|OrganicPoorSoil,Read:ReadFlows:12|Migrate:Move:3.60555124|Migrate:CompactTrail:0.0042210049|Transform:ConsumeBiomass:0.0982300416|Absorb:CaptureDust:0.0450000018
1,2,ReturnMinerals,DepositionZone,158,157,162,157,4,12,1,1,0.00419999985024333,0.00419999985024333,0.10366895794868469,0.10366895794868469,1,0.056511342525482178,0.10000000149011612,0.4181009829044342,0.064607679843902588,0,0,RainFront|Snowpack|DryStandingBiomass|DustFront|DepositionZone|OrganicPoorSoil|FrozenCorridor,Read:ReadFlows:12|Migrate:Move:4|Migrate:CompactTrail:0.00289001176|Transform:ConsumeBiomass:0.103668958|Absorb:CaptureDust:0.0450000018|Return:ReturnSediment:9.00000086E-05
1,3,GatherBiomass,DryStandingBiomass,162,157,162,157,0,12,1,1,0.0034000000450760126,0.0034000000450760126,0.083141550421714783,0.083141550421714783,1,0.05311134085059166,0.10000000149011612,0.4549594521522522,0.09121297299861908,4.5000004320172593E-05,0,RainFront|Snowpack|DryStandingBiomass|DustFront|DepositionZone|OrganicPoorSoil|FrozenCorridor,Read:ReadFlows:12|Transform:ConsumeBiomass:0.0831415504|Absorb:HarvestDryBiomass:0.119999997|Absorb:CaptureDust:0.0450000018
1,4,ReturnMinerals,DepositionZone,162,157,166,157,4,12,1,1,0.00419999985024333,0.00419999985024333,0.10546552389860153,0.10546552389860153,1,0.048911340534687042,0.10000000149011612,0.34949392080307007,0.12496194243431091,0,0,RainFront|Snowpack|DryStandingBiomass|DustFront|DepositionZone|OrganicPoorSoil|FrozenCorridor,Read:ReadFlows:12|Migrate:Move:4|Migrate:CompactTrail:0.00130535243|Transform:ConsumeBiomass:0.105465524|Absorb:CaptureDust:0.0450000018|Return:ReturnSediment:9.00000086E-05
1,5,GatherBiomass,DryStandingBiomass,166,157,166,157,0,12,1,1,0.0034000000450760126,0.0034000000450760126,0.083051405847072601,0.083051405847072601,1,0.045511338859796524,0.10000000149011612,0.38644251227378845,0.15153838694095612,4.5000004320172593E-05,0,RainFront|Snowpack|DryStandingBiomass|DustFront|DepositionZone|OrganicPoorSoil|FrozenCorridor,Read:ReadFlows:12|Transform:ConsumeBiomass:0.0830514058|Absorb:HarvestDryBiomass:0.119999997|Absorb:CaptureDust:0.0450000018
1,6,ReturnMinerals,DepositionZone,166,157,170,157,4,12,1,1,0.00419999985024333,0.00419999985024333,0.10550443083047867,0.10550443083047867,1,0.041311338543891907,0.10000000149011612,0.40093809366226196,0,0,0,RainFront|Snowpack|DryStandingBiomass|DustFront|DepositionZone|OrganicPoorSoil|FrozenCorridor,Read:ReadFlows:12|Migrate:Move:4|Migrate:CompactTrail:0.00120365003|Transform:ConsumeBiomass:0.105504431|Absorb:HarvestDryBiomass:0.119999997|Absorb:CaptureDust:0.0450000018|Return:ReturnOrganicMatter:0.185299799|Return:ReturnSediment:9.00000086E-05
1,7,GatherBiomass,DryStandingBiomass,170,157,170,157,0,12,1,1,0.0034000000450760126,0.0034000000450760126,0.082959756255149841,0.082959756255149841,1,0.05391133576631546,0.10000000149011612,0.34908944368362427,0.037213787436485291,4.5000004320172593E-05,0,RainFront|Snowpack|DryStandingBiomass|DustFront|DepositionZone|OrganicPoorSoil|FrozenCorridor,Read:ReadFlows:12|Transform:ConsumeBiomass:0.0829597563|Transform:ConsumeBiomass:0.088888891|Absorb:CollectSnow:0.0160000008|Transform:MeltSnow:0.0160000008|Absorb:HarvestDryBiomass:0.119999997|Absorb:CaptureDust:0.0450000018
1,8,ReturnMinerals,DepositionZone,170,157,174,156,4.123105525970459,12,1,1,0.0042246212251484394,0.0042246212251484394,0.10609287768602371,0.10609287768602371,1,0.049686715006828308,0.10000000149011612,0.36299657821655273,0.07116350531578064,0,0,RainFront|Snowpack|DryStandingBiomass|DustFront|DepositionZone|OrganicPoorSoil|FrozenCorridor,Read:ReadFlows:12|Migrate:Move:4.12310553|Migrate:CompactTrail:0.00150015892|Transform:ConsumeBiomass:0.106092878|Absorb:HarvestDryBiomass:0.119999997|Absorb:CaptureDust:0.0450000018|Return:ReturnSediment:9.00000086E-05
1,9,GatherBiomass,DryStandingBiomass,174,156,174,156,0,12,1,1,0.0034654010087251663,0.0034654010087251663,0.08283388614654541,0.08283388614654541,1,0.046221315860748291,0.10000000149011612,0.40016269683837891,0.09767034649848938,4.5000004320172593E-05,0,RainFront|Snowpack|DryStandingBiomass|DustFront|DepositionZone|OrganicPoorSoil|FrozenCorridor,Read:ReadFlows:12|Transform:ConsumeBiomass:0.0828338861|Absorb:HarvestDryBiomass:0.119999997|Absorb:CaptureDust:0.0450000018
1,10,ReturnMinerals,DepositionZone,174,156,178,156,4,12,1,1,0.0043423785828053951,0.0043423785828053951,0.10526414215564728,0.10526414215564728,1,0.041878938674926758,0.10000000149011612,0.4148985743522644,0.13135486841201782,0,0,RainFront|Snowpack|DryStandingBiomass|DustFront|DepositionZone|OrganicPoorSoil|FrozenCorridor,Read:ReadFlows:12|Migrate:Move:4|Migrate:CompactTrail:0.0012000046|Transform:ConsumeBiomass:0.105264142|Absorb:HarvestDryBiomass:0.119999997|Absorb:CaptureDust:0.0450000018|Return:ReturnSediment:9.00000086E-05
1,11,GatherBiomass,DryStandingBiomass,178,156,178,156,0,12,1,1,0.0035772731062024832,0.0035772731062024832,0.082679882645606995,0.082679882645606995,1,0.054301664233207703,0.10000000149011612,0.36332982778549194,0,4.5000004320172593E-05,0,RainFront|Snowpack|DryStandingBiomass|DustFront|DepositionZone|OrganicPoorSoil|FrozenCorridor,Read:ReadFlows:12|Transform:ConsumeBiomass:0.0826798826|Transform:ConsumeBiomass:0.088888891|Absorb:CollectSnow:0.0160000008|Transform:MeltSnow:0.0160000008|Absorb:HarvestDryBiomass:0.119999997|Absorb:CaptureDust:0.0450000018|Return:ReturnOrganicMatter:0.1684791
1,12,ReturnMinerals,DepositionZone,178,156,182,157,4.123105525970459,12,1,1,0.0044683427549898624,0.0044683427549898624,0.1057857945561409,0.1057857945561409,1,0.049833320081233978,0.10000000149011612,0.37754404544830322,0.033851452171802521,0,0,RainFront|Snowpack|DryStandingBiomass|DustFront|DepositionZone|OrganicPoorSoil|FrozenCorridor,Read:ReadFlows:12|Migrate:Move:4.12310553|Migrate:CompactTrail:0.00150000083|Transform:ConsumeBiomass:0.105785795|Absorb:HarvestDryBiomass:0.119999997|Absorb:CaptureDust:0.0450000018|Return:ReturnSediment:9.00000086E-05
1,13,GatherBiomass,DryStandingBiomass,182,157,182,157,0,12,1,1,0.0037554288282990456,0.0037554288282990456,0.082496263086795807,0.082496263086795807,1,0.046077892184257507,0.10000000149011612,0.41504779458045959,0.060250256210565567,4.5000004320172593E-05,0,RainFront|Snowpack|DryStandingBiomass|DustFront|DepositionZone|OrganicPoorSoil|FrozenCorridor,Read:ReadFlows:12|Transform:ConsumeBiomass:0.0824962631|Absorb:HarvestDryBiomass:0.119999997|Absorb:CaptureDust:0.0450000018
1,14,ReturnMinerals,DepositionZone,182,157,185,155,3.6055512428283691,12,1,1,0.0044951103627681732,0.0044951103627681732,0.10267446935176849,0.10267446935176849,1,0.041582781821489334,0.10000000149011612,0.31237334012985229,0.093106091022491455,0,0,RainFront|Snowpack|DryStandingBiomass|DustFront|DepositionZone|OrganicPoorSoil|FrozenCorridor,Read:ReadFlows:12|Migrate:Move:3.60555124|Migrate:CompactTrail:0.00090000045|Transform:ConsumeBiomass:0.102674469|Absorb:CaptureDust:0.0450000018|Return:ReturnSediment:9.00000086E-05
1,15,GatherBiomass,DryStandingBiomass,185,155,185,155,0,12,1,1,0.00366932712495327,0.00366932712495327,0.082274667918682098,0.082274667918682098,1,0.053913459181785583,0.10000000149011612,0.26120978593826294,0.13010065257549286,4.5000004320172593E-05,0,RainFront|Snowpack|DryStandingBiomass|DustFront|DepositionZone|OrganicPoorSoil|FrozenCorridor,Read:ReadFlows:12|Transform:ConsumeBiomass:0.0822746679|Transform:ConsumeBiomass:0.088888891|Absorb:CollectSnow:0.0160000008|Transform:MeltSnow:0.0160000008|Absorb:HarvestDryBiomass:0.119999997|Absorb:CaptureDust:0.0450000018
1,16,ReturnMinerals,DepositionZone,185,155,185,155,0,12,1,1,0.0034000000450760126,0.0034000000450760126,0.082150958478450775,0.082150958478450775,1,0.050513457506895065,0.10000000149011612,0.29905882477760315,0.15638895332813263,0,0,RainFront|Snowpack|DryStandingBiomass|DustFront|DepositionZone|OrganicPoorSoil|FrozenCorridor,Read:ReadFlows:12|Transform:ConsumeBiomass:0.0821509585|Absorb:HarvestDryBiomass:0.119999997|Absorb:CaptureDust:0.0450000018|Return:ReturnSediment:9.00000086E-05
1,17,GatherBiomass,DryStandingBiomass,185,155,185,155,0,12,1,1,0.0034000000450760126,0.0034000000450760126,0.082021646201610565,0.082021646201610565,1,0.047113455832004547,0.10000000149011612,0.33703717589378357,0,4.5000004320172593E-05,0,RainFront|Snowpack|DryStandingBiomass|DustFront|DepositionZone|OrganicPoorSoil|FrozenCorridor,Read:ReadFlows:12|Transform:ConsumeBiomass:0.0820216462|Absorb:HarvestDryBiomass:0.119999997|Absorb:CaptureDust:0.0450000018|Return:ReturnOrganicMatter:0.182635874
1,18,ReturnMinerals,DepositionZone,185,155,189,154,4.123105525970459,12,1,1,0.0042246212251484394,0.0042246212251484394,0.10507792234420776,0.10507792234420776,1,0.042888835072517395,0.10000000149011612,0.35195925831794739,0.033624935895204544,0,0,RainFront|Snowpack|DryStandingBiomass|DustFront|DepositionZone|OrganicPoorSoil|FrozenCorridor,Read:ReadFlows:12|Migrate:Move:4.12310553|Migrate:CompactTrail:0.00150000083|Transform:ConsumeBiomass:0.105077922|Absorb:HarvestDryBiomass:0.119999997|Absorb:CaptureDust:0.0450000018|Return:ReturnSediment:9.00000086E-05
1,19,GatherBiomass,DryStandingBiomass,189,154,189,154,0,12,1,1,0.0034000000450760126,0.0034000000450760126,0.081744275987148285,0.081744275987148285,1,0.055488832294940948,0.10000000149011612,0.30132609605789185,0.070449769496917725,4.5000004320172593E-05,0,RainFront|Snowpack|DryStandingBiomass|DustFront|DepositionZone|OrganicPoorSoil|FrozenCorridor,Read:ReadFlows:12|Transform:ConsumeBiomass:0.081744276|Transform:ConsumeBiomass:0.088888891|Absorb:CollectSnow:0.0160000008|Transform:MeltSnow:0.0160000008|Absorb:HarvestDryBiomass:0.119999997|Absorb:CaptureDust:0.0450000018
1,20,ReturnMinerals,DepositionZone,189,154,186,156,3.6055512428283691,12,1,1,0.0041211103089153767,0.0041211103089153767,0.10187398642301559,0.10187398642301559,1,0.051367722451686859,0.10000000149011612,0.31945210695266724,0.10304944217205048,0,0,SurfaceWater|RainFront|Snowpack|DryStandingBiomass|DustFront|DepositionZone|OrganicPoorSoil|FrozenCorridor,Read:ReadFlows:12|Migrate:Move:3.60555124|Migrate:CompactTrail:0.00120000064|Transform:ConsumeBiomass:0.101873986|Absorb:HarvestDryBiomass:0.119999997|Absorb:CaptureDust:0.0450000018|Return:ReturnSediment:9.00000086E-05
1,21,GatherBiomass,DryStandingBiomass,186,156,186,156,0,12,1,1,0.0034000000450760126,0.0034000000450760126,0.081430636346340179,0.081430636346340179,1,0.047967720776796341,0.10000000149011612,0.35802146792411804,0.12910723686218262,4.5000004320172593E-05,0,SurfaceWater|RainFront|Snowpack|DryStandingBiomass|DustFront|DepositionZone|OrganicPoorSoil|FrozenCorridor,Read:ReadFlows:12|Transform:ConsumeBiomass:0.0814306363|Absorb:HarvestDryBiomass:0.119999997|Absorb:CaptureDust:0.0450000018
1,22,ReturnMinerals,DepositionZone,186,156,183,158,3.6055512428283691,12,1,1,0.0041211103089153767,0.0041211103089153767,0.10154543071985245,0.10154543071985245,1,0.043846610933542252,0.10000000149011612,0.37647604942321777,0,0,0,SurfaceWater|RainFront|Snowpack|DryStandingBiomass|DustFront|DepositionZone|OrganicPoorSoil|FrozenCorridor,Read:ReadFlows:12|Migrate:Move:3.60555124|Migrate:CompactTrail:0.00120000064|Transform:ConsumeBiomass:0.101545431|Absorb:HarvestDryBiomass:0.119999997|Absorb:CaptureDust:0.0450000018|Return:ReturnOrganicMatter:0.161601782|Return:ReturnSediment:9.00000086E-05
1,23,GatherBiomass,DryStandingBiomass,183,158,183,158,0,12,1,1,0.0034000000450760126,0.0034000000450760126,0.081088878214359283,0.081088878214359283,1,0.065850593149662018,0.10000000149011612,0.32649829983711243,0.036615107208490372,4.5000004320172593E-05,0,SurfaceWater|RainFront|Snowpack|DryStandingBiomass|DustFront|DepositionZone|OrganicPoorSoil|FrozenCorridor,Read:ReadFlows:12|Transform:ConsumeBiomass:0.0810888782|Absorb:WithdrawSurfaceWater:0.00940398313|Transform:ConsumeBiomass:0.088888891|Absorb:CollectSnow:0.0160000008|Transform:MeltSnow:0.0160000008|Absorb:HarvestDryBiomass:0.119999997|Absorb:CaptureDust:0.0450000018
1,24,ReturnMinerals,DepositionZone,183,158,180,161,4.242640495300293,12,1,1,0.0044052251614630222,0.0044052251614630222,0.10477889329195023,0.10477889329195023,1,0.061445366591215134,0.10000000149011612,0.34171941876411438,0.070144355297088623,0,0,RainFront|Snowpack|DryStandingBiomass|DustFront|DepositionZone|OrganicPoorSoil|FrozenCorridor,Read:ReadFlows:12|Migrate:Move:4.2426405|Migrate:CompactTrail:0.00090000045|Transform:ConsumeBiomass:0.104778893|Absorb:HarvestDryBiomass:0.119999997|Absorb:CaptureDust:0.0450000018|Return:ReturnSediment:9.00000086E-05
1,25,GatherBiomass,DryStandingBiomass,180,161,180,161,0,12,1,1,0.0036161951720714569,0.0036161951720714569,0.080732531845569611,0.080732531845569611,1,0.057829171419143677,0.10000000149011612,0.38098689913749695,0.095978766679763794,4.5000004320172593E-05,0,RainFront|Snowpack|DryStandingBiomass|DustFront|DepositionZone|OrganicPoorSoil|FrozenCorridor,Read:ReadFlows:12|Transform:ConsumeBiomass:0.0807325318|Absorb:HarvestDryBiomass:0.119999997|Absorb:CaptureDust:0.0450000018
1,26,ReturnMinerals,DepositionZone,180,161,179,162,1.4142135381698608,12,1,1,0.003953633364289999,0.003953633364289999,0.088494434952735901,0.088494434952735901,1,0.05387553945183754,0.10000000149011612,0.41249245405197144,0.12429698556661606,0,0,RainFront|Snowpack|DryStandingBiomass|DustFront|DepositionZone|OrganicPoorSoil|FrozenCorridor,Read:ReadFlows:12|Migrate:Move:1.41421354|Migrate:CompactTrail:0.00060000032|Transform:ConsumeBiomass:0.088494435|Absorb:HarvestDryBiomass:0.119999997|Absorb:CaptureDust:0.0450000018|Return:ReturnSediment:9.00000086E-05
1,27,GatherBiomass,DryStandingBiomass,179,162,179,162,0,12,1,1,0.0037740000989288092,0.0037740000989288092,0.080340035259723663,0.080340035259723663,1,0.050101540982723236,0.10000000149011612,0.45215243101119995,0.15000580251216888,4.5000004320172593E-05,0,SurfaceWater|RainFront|Snowpack|DryStandingBiomass|DustFront|DepositionZone|OrganicPoorSoil|FrozenCorridor|HarvesterFront,Read:ReadFlows:12|Transform:ConsumeBiomass:0.0803400353|Absorb:HarvestDryBiomass:0.119999997|Absorb:CaptureDust:0.0450000018
1,28,ReturnMinerals,DepositionZone,179,162,179,164,2,12,1,1,0.0041740001179277897,0.0041740001179277897,0.091391690075397491,0.091391690075397491,1,0.045927539467811584,0.10000000149011612,0.36076074838638306,0,0,0,SurfaceWater|RainFront|Snowpack|DryStandingBiomass|DustFront|DepositionZone|OrganicPoorSoil|FrozenCorridor|HarvesterFront,Read:ReadFlows:12|Migrate:Move:2|Migrate:CompactTrail:0.00060000032|Transform:ConsumeBiomass:0.0913916901|Absorb:CaptureDust:0.0450000018|Return:ReturnOrganicMatter:0.179251134|Return:ReturnSediment:9.00000086E-05
1,29,GatherBiomass,DryStandingBiomass,179,164,179,164,0,12,1,1,0.0036510622594505548,0.0036510622594505548,0.07992679625749588,0.07992679625749588,1,0.042276475578546524,0.10000000149011612,0.40083396434783936,0.025576574727892876,4.5000004320172593E-05,0,SurfaceWater|RainFront|Snowpack|DryStandingBiomass|DustFront|DepositionZone|OrganicPoorSoil|FrozenCorridor|HarvesterFront,Read:ReadFlows:12|Transform:ConsumeBiomass:0.0799267963|Absorb:HarvestDryBiomass:0.119999997|Absorb:CaptureDust:0.0450000018
1,30,ReturnMinerals,DepositionZone,179,164,179,165,1,12,1,1,0.0036531176883727312,0.0036531176883727312,0.085332781076431274,0.085332781076431274,1,0.069310128688812256,0.10000000149011612,0.34661230444908142,0.063549734652042389,0,0,SurfaceWater|RainFront|Snowpack|DryStandingBiomass|DustFront|DepositionZone|OrganicPoorSoil|FrozenCorridor,Read:ReadFlows:12|Migrate:Move:1|Migrate:CompactTrail:0.00030000016|Transform:ConsumeBiomass:0.0853327811|Absorb:WithdrawSurfaceWater:0.014686767|Transform:ConsumeBiomass:0.088888891|Absorb:CollectSnow:0.0160000008|Transform:MeltSnow:0.0160000008|Absorb:HarvestDryBiomass:0.119999997|Absorb:CaptureDust:0.0450000018|Return:ReturnSediment:9.00000086E-05
1,31,GatherBiomass,DryStandingBiomass,179,165,179,165,0,12,1,1,0.0034000000450760126,0.0034000000450760126,0.079486958682537079,0.079486958682537079,1,0.065910130739212036,0.10000000149011612,0.38712534308433533,0.088985562324523926,4.5000004320172593E-05,0,SurfaceWater|RainFront|Snowpack|DryStandingBiomass|DustFront|DepositionZone|OrganicPoorSoil|FrozenCorridor|HarvesterFront,Read:ReadFlows:12|Transform:ConsumeBiomass:0.0794869587|Absorb:HarvestDryBiomass:0.119999997|Absorb:CaptureDust:0.0450000018
1,32,ReturnMinerals,DepositionZone,179,165,182,162,4.242640495300293,12,1,1,0.0042485282756388187,0.0042485282756388187,0.10312389582395554,0.10312389582395554,1,0.061661601066589355,0.10000000149011612,0.40400144457817078,0.12198521196842194,0,0,SurfaceWater|RainFront|Snowpack|DryStandingBiomass|DustFront|DepositionZone|OrganicPoorSoil|FrozenCorridor|HarvesterFront,Read:ReadFlows:12|Migrate:Move:4.2426405|Migrate:CompactTrail:0.00090000045|Transform:ConsumeBiomass:0.103123896|Absorb:HarvestDryBiomass:0.119999997|Absorb:CaptureDust:0.0450000018|Return:ReturnSediment:9.00000086E-05
1,33,GatherBiomass,DryStandingBiomass,182,162,182,162,0,12,1,1,0.0034000000450760126,0.0034000000450760126,0.079026281833648682,0.079026281833648682,1,0.058261599391698837,0.10000000149011612,0.44497516751289368,0.14727362990379333,4.5000004320172593E-05,0,SurfaceWater|RainFront|Snowpack|DryStandingBiomass|DustFront|DepositionZone|OrganicPoorSoil|FrozenCorridor,Read:ReadFlows:12|Transform:ConsumeBiomass:0.0790262818|Absorb:HarvestDryBiomass:0.119999997|Absorb:CaptureDust:0.0450000018
1,34,ReturnMinerals,DepositionZone,182,162,185,160,3.6055512428283691,12,1,1,0.0041211103089153767,0.0041211103089153767,0.099063023924827576,0.099063023924827576,1,0.054140489548444748,0.10000000149011612,0.34591215848922729,0,0,0,SurfaceWater|RainFront|Snowpack|DryStandingBiomass|DustFront|DepositionZone|OrganicPoorSoil|HarvesterFront,Read:ReadFlows:12|Migrate:Move:3.60555124|Migrate:CompactTrail:0.00120000064|Transform:ConsumeBiomass:0.0990630239|Absorb:CaptureDust:0.0450000018|Return:ReturnOrganicMatter:0.178973794|Return:ReturnSediment:9.00000086E-05
1,35,GatherBiomass,DryStandingBiomass,185,160,185,160,0,12,1,1,0.0034000000450760126,0.0034000000450760126,0.078530602157115936,0.078530602157115936,1,0.05074048787355423,0.10000000149011612,0.38738155364990234,0.025129791349172592,4.5000004320172593E-05,0,SurfaceWater|RainFront|Snowpack|DryStandingBiomass|DustFront|DepositionZone|OrganicPoorSoil,Read:ReadFlows:12|Transform:ConsumeBiomass:0.0785306022|Absorb:HarvestDryBiomass:0.119999997|Absorb:CaptureDust:0.0450000018
1,36,ReturnMinerals,DepositionZone,185,160,188,158,3.6055512428283691,12,1,1,0.0041211103089153767,0.0041211103089153767,0.098551459610462189,0.098551459610462189,1,0.04661937803030014,0.10000000149011612,0.40883010625839233,0.056666258722543716,0,0,SurfaceWater|RainFront|Snowpack|DryStandingBiomass|DustFront|DepositionZone|OrganicPoorSoil,Read:ReadFlows:12|Migrate:Move:3.60555124|Migrate:CompactTrail:0.00120000064|Transform:ConsumeBiomass:0.0985514596|Absorb:HarvestDryBiomass:0.119999997|Absorb:CaptureDust:0.0450000018|Return:ReturnSediment:9.00000086E-05
1,37,GatherBiomass,DryStandingBiomass,188,158,188,158,0,12,1,1,0.0034804879687726498,0.0034804879687726498,0.078009352087974548,0.078009352087974548,1,0.043138891458511353,0.10000000149011612,0.45082074403762817,0.081629246473312378,4.5000004320172593E-05,0,SurfaceWater|RainFront|Snowpack|SnowmeltRunoff|DryStandingBiomass|DustFront|DepositionZone|OrganicPoorSoil,Read:ReadFlows:12|Transform:ConsumeBiomass:0.0780093521|Absorb:HarvestDryBiomass:0.119999997|Absorb:CaptureDust:0.0450000018
1,38,ReturnMinerals,DepositionZone,188,158,191,155,4.242640495300293,12,1,1,0.0042485282756388187,0.0042485282756388187,0.10160394757986069,0.10160394757986069,1,0.076890364289283752,0.10000000149011612,0.38032791018486023,0.12480917572975159,0,0,SurfaceWater|RainFront|Snowpack|SnowmeltRunoff|DryStandingBiomass|DustFront|DepositionZone|OrganicPoorSoil,Read:ReadFlows:12|Migrate:Move:4.2426405|Migrate:CompactTrail:0.00090000045|Transform:ConsumeBiomass:0.101603948|Absorb:WithdrawSurfaceWater:0.0219999999|Transform:ConsumeBiomass:0.088888891|Absorb:CollectSnow:0.0160000008|Transform:MeltSnow:0.0160000008|Absorb:HarvestDryBiomass:0.119999997|Absorb:CaptureDust:0.0450000018|Return:ReturnSediment:9.00000086E-05
1,39,GatherBiomass,DryStandingBiomass,191,155,191,155,0,12,1,1,0.0034000000450760126,0.0034000000450760126,0.07747601717710495,0.07747601717710495,1,0.073490366339683533,0.10000000149011612,0.42285189032554626,0.14960150420665741,4.5000004320172593E-05,0,SurfaceWater|RainFront|Snowpack|SnowmeltRunoff|DryStandingBiomass|DustFront|DepositionZone|OrganicPoorSoil,Read:ReadFlows:12|Transform:ConsumeBiomass:0.0774760172|Absorb:HarvestDryBiomass:0.119999997|Absorb:CaptureDust:0.0450000018
1,40,ReturnMinerals,DepositionZone,191,155,194,152,4.242640495300293,12,1,1,0.004450526088476181,0.004450526088476181,0.10105527937412262,0.10105527937412262,1,0.069039836525917053,0.10000000149011612,0.32179659605026245,0,0,0,SurfaceWater|RainFront|Snowpack|SnowmeltRunoff|DryStandingBiomass|DustFront|DepositionZone|OrganicPoorSoil,Read:ReadFlows:12|Migrate:Move:4.2426405|Migrate:CompactTrail:0.00090000045|Transform:ConsumeBiomass:0.101055279|Absorb:CaptureDust:0.0450000018|Return:ReturnOrganicMatter:0.181939185|Return:ReturnSediment:9.00000086E-05
1,41,GatherBiomass,DryStandingBiomass,194,152,194,152,0,12,1,1,0.0037740000989288092,0.0037740000989288092,0.076917380094528198,0.076917380094528198,1,0.065265834331512451,0.10000000149011612,0.36487922072410583,0.024613561108708382,4.5000004320172593E-05,0,SurfaceWater|RainFront|Snowpack|SnowmeltRunoff|DryStandingBiomass|DustFront|DepositionZone|OrganicPoorSoil,Read:ReadFlows:12|Transform:ConsumeBiomass:0.0769173801|Absorb:HarvestDryBiomass:0.119999997|Absorb:CaptureDust:0.0450000018
1,42,ReturnMinerals,DepositionZone,194,152,196,149,3.6055512428283691,12,1,1,0.0044951103627681732,0.0044951103627681732,0.096909984946250916,0.096909984946250916,1,0.060770723968744278,0.10000000149011612,0.3879692554473877,0.05562475323677063,0,0,SurfaceWater|RainFront|Snowpack|SnowmeltRunoff|DryStandingBiomass|DustFront|DepositionZone|OrganicPoorSoil,Read:ReadFlows:12|Migrate:Move:3.60555124|Migrate:CompactTrail:0.00120000064|Transform:ConsumeBiomass:0.0969099849|Absorb:HarvestDryBiomass:0.119999997|Absorb:CaptureDust:0.0450000018|Return:ReturnSediment:9.00000086E-05
1,43,GatherBiomass,DryStandingBiomass,196,149,196,149,0,12,1,1,0.0037489656824618578,0.0037489656824618578,0.076394639909267426,0.076394639909267426,1,0.057021759450435638,0.10000000149011612,0.43157461285591125,0.080071039497852325,4.5000004320172593E-05,0,SurfaceWater|RainFront|Snowpack|SnowmeltRunoff|DryStandingBiomass|DustFront|DepositionZone|OrganicPoorSoil|FrozenCorridor,Read:ReadFlows:12|Transform:ConsumeBiomass:0.0763946399|Absorb:HarvestDryBiomass:0.119999997|Absorb:CaptureDust:0.0450000018
1,44,ReturnMinerals,DepositionZone,196,149,199,147,3.6055512428283691,12,1,1,0.004292632918804884,0.004292632918804884,0.096343651413917542,0.096343651413917542,1,0.052729126065969467,0.10000000149011612,0.33523094654083252,0.11090100556612015,0,0,RainFront|Snowpack|SnowmeltRunoff|DryStandingBiomass|DustFront|DepositionZone|OrganicPoorSoil|FrozenCorridor,Read:ReadFlows:12|Migrate:Move:3.60555124|Migrate:CompactTrail:0.000935162068|Transform:ConsumeBiomass:0.0963436514|Absorb:CaptureDust:0.0450000018|Return:ReturnSediment:9.00000086E-05
1,45,GatherBiomass,DryStandingBiomass,199,147,199,147,0,12,1,1,0.0034541115164756775,0.0034541115164756775,0.075827397406101227,0.075827397406101227,1,0.04927501454949379,0.10000000149011612,0.37940356135368347,0.13516576588153839,4.5000004320172593E-05,0,RainFront|Snowpack|SnowmeltRunoff|DryStandingBiomass|DustFront|DepositionZone|OrganicPoorSoil|FrozenCorridor,Read:ReadFlows:12|Transform:ConsumeBiomass:0.0758273974|Absorb:HarvestDryBiomass:0.119999997|Absorb:CaptureDust:0.0450000018
1,46,ReturnMinerals,DepositionZone,199,147,199,147,0,12,1,1,0.0034000000450760126,0.0034000000450760126,0.075516603887081146,0.075516603887081146,1,0.045875012874603271,0.10000000149011612,0.30388695001602173,0.15933108329772949,0,0,RainFront|Snowpack|DryStandingBiomass|DustFront|DepositionZone|OrganicPoorSoil|FrozenCorridor,Read:ReadFlows:12|Transform:ConsumeBiomass:0.0755166039|Absorb:CaptureDust:0.0450000018|Return:ReturnSediment:9.00000086E-05
1,47,GatherBiomass,DryStandingBiomass,199,147,199,147,0,12,1,1,0.0034000000450760126,0.0034000000450760126,0.075198188424110413,0.075198188424110413,1,0.042475011199712753,0.10000000149011612,0.3486887514591217,0,4.5000004320172593E-05,0,RainFront|Snowpack|DryStandingBiomass|DustFront|DepositionZone|OrganicPoorSoil|FrozenCorridor,Read:ReadFlows:12|Transform:ConsumeBiomass:0.0751981884|Absorb:HarvestDryBiomass:0.119999997|Absorb:CaptureDust:0.0450000018|Return:ReturnOrganicMatter:0.183394507
1,48,ReturnMinerals,DepositionZone,199,147,195,146,4.123105525970459,12,1,1,0.0042246212251484394,0.0042246212251484394,0.097551807761192322,0.097551807761192322,1,0.054250389337539673,0.10000000149011612,0.28224807977676392,0.04188324511051178,0,0,RainFront|Snowpack|DryStandingBiomass|DustFront|DepositionZone|OrganicPoorSoil|FrozenCorridor,Read:ReadFlows:12|Migrate:Move:4.12310553|Migrate:CompactTrail:0.0019849434|Transform:ConsumeBiomass:0.0975518078|Transform:ConsumeBiomass:0.088888891|Absorb:CollectSnow:0.0160000008|Transform:MeltSnow:0.0160000008|Absorb:HarvestDryBiomass:0.119999997|Absorb:CaptureDust:0.0450000018|Return:ReturnSediment:9.00000086E-05
1,49,GatherBiomass,DryStandingBiomass,195,146,195,146,0,12,1,1,0.0034000000450760126,0.0034000000450760126,0.074507884681224823,0.074507884681224823,1,0.050850387662649155,0.10000000149011612,0.32774019241333008,0.065725766122341156,4.5000004320172593E-05,0,RainFront|Snowpack|DryStandingBiomass|DustFront|DepositionZone|OrganicPoorSoil|FrozenCorridor,Read:ReadFlows:12|Transform:ConsumeBiomass:0.0745078847|Absorb:HarvestDryBiomass:0.119999997|Absorb:CaptureDust:0.0450000018
1,50,ReturnMinerals,DepositionZone,195,146,191,146,4,12,1,1,0.00419999985024333,0.00419999985024333,0.095915049314498901,0.095915049314498901,1,0.046650387346744537,0.10000000149011612,0.35182514786720276,0.096418581902980804,0,0,RainFront|Snowpack|DryStandingBiomass|DustFront|DepositionZone|OrganicPoorSoil|FrozenCorridor,Read:ReadFlows:12|Migrate:Move:4|Migrate:CompactTrail:0.00180655159|Transform:ConsumeBiomass:0.0959150493|Absorb:HarvestDryBiomass:0.119999997|Absorb:CaptureDust:0.0450000018|Return:ReturnSediment:9.00000086E-05
1,51,GatherBiomass,DryStandingBiomass,191,146,191,146,0,12,1,1,0.0034000000450760126,0.0034000000450760126,0.073770105838775635,0.073770105838775635,1,0.043250385671854019,0.10000000149011612,0.39805504679679871,0.12002501636743546,4.5000004320172593E-05,0,RainFront|Snowpack|DryStandingBiomass|DustFront|DepositionZone|OrganicPoorSoil|FrozenCorridor,Read:ReadFlows:12|Transform:ConsumeBiomass:0.0737701058|Absorb:HarvestDryBiomass:0.119999997|Absorb:CaptureDust:0.0450000018
1,52,ReturnMinerals,DepositionZone,191,146,188,148,3.6055512428283691,12,1,1,0.0041211103089153767,0.0041211103089153767,0.092726007103919983,0.092726007103919983,1,0.055129274725914001,0.10000000149011612,0.33644014596939087,0,0,0,RainFront|Snowpack|DryStandingBiomass|DustFront|DepositionZone|OrganicPoorSoil|FrozenCorridor,Read:ReadFlows:12|Migrate:Move:3.60555124|Migrate:CompactTrail:0.00205054856|Transform:ConsumeBiomass:0.0927260071|Transform:ConsumeBiomass:0.088888891|Absorb:CollectSnow:0.0160000008|Transform:MeltSnow:0.0160000008|Absorb:HarvestDryBiomass:0.119999997|Absorb:CaptureDust:0.0450000018|Return:ReturnOrganicMatter:0.160364002|Return:ReturnSediment:9.00000086E-05
1,53,GatherBiomass,DryStandingBiomass,188,148,188,148,0,12,1,1,0.0036014541983604431,0.0036014541983604431,0.072923153638839722,0.072923153638839722,1,0.051527820527553558,0.10000000149011612,0.38351699709892273,0.023335408419370651,4.5000004320172593E-05,0,RainFront|Snowpack|DryStandingBiomass|DustFront|DepositionZone|OrganicPoorSoil|FrozenCorridor,Read:ReadFlows:12|Transform:ConsumeBiomass:0.0729231536|Absorb:HarvestDryBiomass:0.119999997|Absorb:CaptureDust:0.0450000018
1,54,ReturnMinerals,DepositionZone,188,148,185,150,3.6055512428283691,12,1,1,0.0044402969069778919,0.0044402969069778919,0.091564953327178955,0.091564953327178955,1,0.047087524086236954,0.10000000149011612,0.41195204854011536,0.052636191248893738,0,0,RainFront|Snowpack|DryStandingBiomass|DustFront|DepositionZone|OrganicPoorSoil|FrozenCorridor|HarvesterFront,Read:ReadFlows:12|Migrate:Move:3.60555124|Migrate:CompactTrail:0.00234130048|Transform:ConsumeBiomass:0.0915649533|Absorb:HarvestDryBiomass:0.119999997|Absorb:CaptureDust:0.0450000018|Return:ReturnSediment:9.00000086E-05
1,55,GatherBiomass,DryStandingBiomass,185,150,185,150,0,12,1,1,0.0037413376849144697,0.0037413376849144697,0.072201177477836609,0.072201177477836609,1,0.043346185237169266,0.10000000149011612,0.45975089073181152,0.075740568339824677,4.5000004320172593E-05,0,RainFront|DryStandingBiomass|DustFront|DepositionZone|OrganicPoorSoil|FrozenCorridor|HarvesterFront|HarvesterMolt,Read:ReadFlows:12|Transform:ConsumeBiomass:0.0722011775|Absorb:HarvestDryBiomass:0.119999997|Absorb:CaptureDust:0.0450000018
1,56,ReturnMinerals,DepositionZone,185,150,182,153,4.242640495300293,12,1,1,0.0045570149086415768,0.0045570149086415768,0.093847602605819702,0.093847602605819702,1,0.038789171725511551,0.10000000149011612,0.36590328812599182,0.10577180236577988,0,0,RainFront|DryStandingBiomass|DustFront|DepositionZone|OrganicPoorSoil|FrozenCorridor|HarvesterFront|HarvesterMolt,Read:ReadFlows:12|Migrate:Move:4.2426405|Migrate:CompactTrail:0.0019617884|Transform:ConsumeBiomass:0.0938476026|Absorb:CaptureDust:0.0450000018|Return:ReturnSediment:9.00000086E-05
1,57,GatherBiomass,DryStandingBiomass,182,153,182,153,0,12,1,1,0.0036802648101001978,0.0036802648101001978,0.071509331464767456,0.071509331464767456,1,0.035108905285596848,0.10000000149011612,0.41439396142959595,0.12865479290485382,4.5000004320172593E-05,0,RainFront|DryStandingBiomass|DustFront|DepositionZone|OrganicPoorSoil|FrozenCorridor|HarvesterMolt,Read:ReadFlows:12|Transform:ConsumeBiomass:0.0715093315|Absorb:HarvestDryBiomass:0.119999997|Absorb:CaptureDust:0.0450000018
1,58,ReturnMinerals,DepositionZone,182,153,181,154,1.4142135381698608,12,1,1,0.0039535029791295528,0.0039535029791295528,0.07836567610502243,0.07836567610502243,1,0.031155401840806007,0.10000000149011612,0.33602827787399292,0.1537318080663681,0,0,RainFront|DryStandingBiomass|DustFront|DepositionZone|OrganicPoorSoil|FrozenCorridor|HarvesterMolt,Read:ReadFlows:12|Migrate:Move:1.41421354|Migrate:CompactTrail:0.00142037566|Transform:ConsumeBiomass:0.0783656761|Absorb:CaptureDust:0.0450000018|Return:ReturnSediment:9.00000086E-05
1,59,GatherBiomass,DryStandingBiomass,181,154,181,154,0,12,1,1,0.0036019484978169203,0.0036019484978169203,0.070767179131507874,0.070767179131507874,1,0.027553454041481018,0.10000000149011612,0.38526111841201782,0,4.5000004320172593E-05,0,RainFront|DryStandingBiomass|DustFront|DepositionZone|OrganicPoorSoil|FrozenCorridor|HarvesterMolt,Read:ReadFlows:12|Transform:ConsumeBiomass:0.0707671791|Absorb:HarvestDryBiomass:0.119999997|Absorb:CaptureDust:0.0450000018|Return:ReturnOrganicMatter:0.176377311
1,60,ReturnMinerals,DepositionZone,181,154,182,154,1,12,1,1,0.003599999938160181,0.003599999938160181,0.075431570410728455,0.075431570410728455,1,0.023953454568982124,0.10000000149011612,0.30982953310012817,0.024138102307915688,0,0,RainFront|DryStandingBiomass|DustFront|DepositionZone|OrganicPoorSoil|FrozenCorridor|HarvesterMolt,Read:ReadFlows:12|Migrate:Move:1|Migrate:CompactTrail:0.000765113684|Transform:ConsumeBiomass:0.0754315704|Absorb:CaptureDust:0.0450000018|Return:ReturnSediment:9.00000086E-05
1,61,SecureWater,RainFront,182,154,184,158,4.4721360206604004,12,1,1,0.0042944271117448807,0.0042944271117448807,0.092404462397098541,0.092404462397098541,1,0.022234570235013962,0.10000000149011612,0.32969844341278076,0.05463472381234169,4.5000004320172593E-05,0,RainFront|DryStandingBiomass|DustFront|DepositionZone|OrganicPoorSoil|FrozenCorridor|HarvesterMolt,Read:ReadFlows:12|Migrate:Move:4.47213602|Migrate:CompactTrail:0.00316804624|Transform:ConsumeBiomass:0.0924044624|Absorb:CondenseAtmosphericWater:0.00257554254|Transform:ConsumeBiomass:0.0077266274|Absorb:HarvestDryBiomass:0.119999997|Absorb:CaptureDust:0.0450000018
1,62,SecureWater,RainFront,184,158,185,162,4.123105525970459,14,1,1,0.0042246212251484394,0.0042246212251484394,0.090147048234939575,0.090147048234939575,1,0.020582253113389015,0.10000000149011612,0.35183447599411011,0.084407813847064972,9.0000008640345186E-05,0,RainFront|DryStandingBiomass|DustFront|DepositionZone|OrganicPoorSoil|HarvesterMolt,Read:ReadFlows:12|Migrate:Move:4.12310553|Migrate:CompactTrail:0.00409500394|Transform:ConsumeBiomass:0.0901470482|Absorb:CondenseAtmosphericWater:0.00257230341|Transform:ConsumeBiomass:0.00771690998|Absorb:HarvestDryBiomass:0.119999997|Absorb:CaptureDust:0.0450000018
1,63,SecureWater,RainFront,185,162,186,166,4.123105525970459,16,1,1,0.0042246212251484394,0.0042246212251484394,0.089634917676448822,0.089634917676448822,1,0.01893080398440361,0.10000000149011612,0.37448003888130188,0.11401732265949249,0.00013500000932253897,0,RainFront|DryStandingBiomass|DustFront|DepositionZone|OrganicPoorSoil|HarvesterMolt,Read:ReadFlows:12|Migrate:Move:4.12310553|Migrate:CompactTrail:0.00423412165|Transform:ConsumeBiomass:0.0896349177|Absorb:CondenseAtmosphericWater:0.00257317116|Transform:ConsumeBiomass:0.00771951349|Absorb:HarvestDryBiomass:0.119999997|Absorb:CaptureDust:0.0450000018
1,64,SecureWater,RainFront,186,166,187,170,4.123105525970459,18,1,1,0.0042246212251484394,0.0042246212251484394,0.089107178151607513,0.089107178151607513,1,0.017283439636230469,0.10000000149011612,0.39764109253883362,0.14345942437648773,0.00018000001728069037,0,RainFront|DryStandingBiomass|DustFront|DepositionZone|OrganicPoorSoil|HarvesterMolt,Read:ReadFlows:12|Migrate:Move:4.12310553|Migrate:CompactTrail:0.00437681144|Transform:ConsumeBiomass:0.0891071782|Absorb:CondenseAtmosphericWater:0.00257725641|Transform:ConsumeBiomass:0.00773176923|Absorb:HarvestDryBiomass:0.119999997|Absorb:CaptureDust:0.0450000018
1,65,SecureWater,RainFront,187,170,189,174,4.4721360206604004,20,1,1,0.0042944271117448807,0.0042944271117448807,0.090265341103076935,0.090265341103076935,1,0.015567906200885773,0.10000000149011612,0.29963907599449158,0,0.00022500002523884177,0,RainFront|DryStandingBiomass|DustFront|DepositionZone|OrganicPoorSoil|HarvesterMolt,Read:ReadFlows:12|Migrate:Move:4.47213602|Migrate:CompactTrail:0.00361804781|Transform:ConsumeBiomass:0.0902653411|Absorb:CondenseAtmosphericWater:0.00257889368|Transform:ConsumeBiomass:0.00773668103|Absorb:CaptureDust:0.0450000018|Return:ReturnOrganicMatter:0.173272729
1,66,SecureWater,RainFront,189,174,191,178,4.4721360206604004,22,1,1,0.0042944271117448807,0.0042944271117448807,0.089698061347007751,0.089698061347007751,1,0.013860635459423065,0.10000000149011612,0.32217955589294434,0.029634755104780197,0.00027000001864507794,0,RainFront|DryStandingBiomass|DustFront|DepositionZone|OrganicPoorSoil,Read:ReadFlows:12|Migrate:Move:4.47213602|Migrate:CompactTrail:0.00373815373|Transform:ConsumeBiomass:0.0896980613|Absorb:CondenseAtmosphericWater:0.00258715637|Transform:ConsumeBiomass:0.00776146911|Absorb:HarvestDryBiomass:0.119999997|Absorb:CaptureDust:0.0450000018
1,67,SecureWater,RainFront,191,178,193,181,3.6055512428283691,24,1,1,0.0041211103089153767,0.0041211103089153767,0.084959641098976135,0.084959641098976135,1,0.012340572662651539,0.10000000149011612,0.34941676259040833,0.057758215814828873,0.00031500001205131412,0,RainFront|DryStandingBiomass|DustFront|DepositionZone|OrganicPoorSoil,Read:ReadFlows:12|Migrate:Move:3.60555124|Migrate:CompactTrail:0.0028843584|Transform:ConsumeBiomass:0.0849596411|Absorb:CondenseAtmosphericWater:0.00260104705|Transform:ConsumeBiomass:0.00780314114|Absorb:HarvestDryBiomass:0.119999997|Absorb:CaptureDust:0.0450000018
1,68,SecureWater,RainFront,193,181,196,184,4.242640495300293,26,1,1,0.0044879065826535225,0.0044879065826535225,0.087518677115440369,0.087518677115440369,1,0.01046929694712162,0.10000000149011612,0.37404820322990417,0.086706176400184631,0.00036000000545755029,0,RainFront|DryStandingBiomass|DustFront|DepositionZone|OrganicPoorSoil,Read:ReadFlows:12|Migrate:Move:4.2426405|Migrate:CompactTrail:0.00297217816|Transform:ConsumeBiomass:0.0875186771|Absorb:CondenseAtmosphericWater:0.0026166311|Transform:ConsumeBiomass:0.00784989353|Absorb:HarvestDryBiomass:0.119999997|Absorb:CaptureDust:0.0450000018
1,69,SecureWater,RainFront,196,184,200,186,4.4721360206604004,28,1,1,0.0046400744467973709,0.0046400744467973709,0.088035300374031067,0.088035300374031067,1,0.0084586581215262413,0.10000000149011612,0.3981245756149292,0.11582406610250473,0.00040499999886378646,0,RainFront|DryStandingBiomass|DustFront|DepositionZone|OrganicPoorSoil,Read:ReadFlows:12|Migrate:Move:4.47213602|Migrate:CompactTrail:0.00407686364|Transform:ConsumeBiomass:0.0880353004|Absorb:CondenseAtmosphericWater:0.00262943585|Transform:ConsumeBiomass:0.00788830779|Absorb:HarvestDryBiomass:0.119999997|Absorb:CaptureDust:0.0450000018
1,70,SecureWater,RainFront,200,186,204,187,4.123105525970459,30,1,1,0.0045677013695240021,0.0045677013695240021,0.085861489176750183,0.085861489176750183,1,0.0065360493026673794,0.10000000149011612,0.30432778596878052,0.14425197243690491,0.00044999999227002263,0,RainFront|Snowpack|DryStandingBiomass|DryingWindow|DustFront|DepositionZone|OrganicPoorSoil|HarvesterFront|HarvesterMolt,Read:ReadFlows:12|Migrate:Move:4.12310553|Migrate:CompactTrail:0.00525739789|Transform:ConsumeBiomass:0.0858614892|Absorb:CondenseAtmosphericWater:0.00264509255|Transform:ConsumeBiomass:0.00793527812|Absorb:CaptureDust:0.0450000018
1,71,SecureWater,RainFront,204,187,208,188,4.123105525970459,32,1,1,0.0045154578983783722,0.0045154578983783722,0.085337243974208832,0.085337243974208832,1,0.0046840556897222996,0.10000000149011612,0.33100014925003052,0,0.0004949999856762588,0,RainFront|Snowpack|DryStandingBiomass|DryingWindow|DustFront|DepositionZone|OrganicPoorSoil|FrozenCorridor|HarvesterFront|HarvesterMolt,Read:ReadFlows:12|Migrate:Move:4.12310553|Migrate:CompactTrail:0.00539241731|Transform:ConsumeBiomass:0.085337244|Absorb:CondenseAtmosphericWater:0.00266346429|Transform:ConsumeBiomass:0.00799039286|Absorb:HarvestDryBiomass:0.119999997|Absorb:CaptureDust:0.0450000018|Return:ReturnOrganicMatter:0.17251873
1,72,SecureWater,RainFront,208,188,212,188,4,34,1,1,0.004501901101320982,0.004501901101320982,0.084249570965766907,0.084249570965766907,1,0.0028660423122346401,0,0.45869889855384827,0.027926061302423477,0.00053999997908249497,0,RainFront|Snowpack|DryStandingBiomass|DryingWindow|DustFront|DepositionZone|OrganicPoorSoil|HarvesterFront|HarvesterMolt,Read:ReadFlows:12|Migrate:Move:4|Migrate:CompactTrail:0.00442350144|Transform:ConsumeBiomass:0.084249571|Absorb:CondenseAtmosphericWater:0.00268388772|Transform:ConsumeBiomass:0.00805166364|Absorb:HarvestDryBiomass:0.119999997|Absorb:CaptureDust:0.0450000018|Transform:CureFreshBiomass:0.100000001
1,73,SecureWater,RainFront,212,188,216,188,4,36,0,1,0.0043395766988396645,0.0028660423122346401,0.083774387836456299,0.083774387836456299,0.98283541202545166,0.002689877524971962,0,0.36685487627983093,0.055702220648527145,0.00058499997248873115,0,RainFront|Snowpack|DryStandingBiomass|DryingWindow|DustFront|DepositionZone|OrganicPoorSoil|HarvesterFront|HarvesterMolt,Read:ReadFlows:12|Migrate:Move:4|Migrate:CompactTrail:0.00454005599|Transform:ConsumeBiomass:0.0837743878|Absorb:CondenseAtmosphericWater:0.00268987752|Transform:ConsumeBiomass:0.00806963257|Absorb:CaptureDust:0.0450000018
1,74,SecureWater,RainFront,216,188,220,188,4,38,0,1,0.00419999985024333,0.002689877524971962,0.083250805735588074,0.083250805735588074,0.96407115459442139,0.0026904342230409384,0,0.39294588565826416,0.083311028778553009,0.00062999996589496732,0,RainFront|Snowpack|DryStandingBiomass|DryingWindow|DustFront|DepositionZone|OrganicPoorSoil|HarvesterFront|HarvesterMolt,Read:ReadFlows:12|Migrate:Move:4|Migrate:CompactTrail:0.00467447471|Transform:ConsumeBiomass:0.0832508057|Absorb:CondenseAtmosphericWater:0.00269043422|Transform:ConsumeBiomass:0.00807130244|Absorb:HarvestDryBiomass:0.117413118|Absorb:CaptureDust:0.0450000018
1,75,SecureWater,RainFront,220,188,224,188,4,40,0,1,0.00419999985024333,0.0026904342230409384,0.082646355032920837,0.082646355032920837,0.94531750679016113,0.0026944191195070744,0,0.30221626162528992,0.11072785407304764,0.00067499995930120349,18,RainFront|DryStandingBiomass|DryingWindow|DustFront|DepositionZone|OrganicPoorSoil|HarvesterFront|HarvesterMolt,Read:ReadFlows:12|Migrate:Move:4|Migrate:CompactTrail:0.00476503326|Transform:ConsumeBiomass:0.082646355|Absorb:CondenseAtmosphericWater:0.00269441912|Transform:ConsumeBiomass:0.00808325782|Absorb:CaptureDust:0.0450000018|Absorb:CollectMolt:18
1,76,SecureWater,RainFront,224,188,227,190,3.6055512428283691,42,0,1,0.0041211103089153767,0.0026944191195070744,0.080277696251869202,0.080277696251869202,0.92762225866317749,0.002703092060983181,0,0.32861810922622681,0.13738983869552612,0.00071999995270743966,18,RainFront|DryStandingBiomass|DryingWindow|DustFront|DepositionZone|OrganicPoorSoil|HarvesterFront|HarvesterMolt,Read:ReadFlows:12|Migrate:Move:3.60555124|Migrate:CompactTrail:0.00479935529|Transform:ConsumeBiomass:0.0802776963|Absorb:CondenseAtmosphericWater:0.00270309206|Transform:ConsumeBiomass:0.00810927618|Absorb:HarvestDryBiomass:0.1147888|Absorb:CaptureDust:0.0450000018
1,77,SecureWater,RainFront,227,190,229,193,3.6055512428283691,44,0,1,0.0041211103089153767,0.002703092060983181,0.079863160848617554,0.079863160848617554,0.91009533405303955,0.0027099531143903732,0,0.35415193438529968,0,0.00076499994611367583,18,RainFront|GreenGrowth|DryStandingBiomass|DryingWindow|DustFront|DepositionZone|RecoverableSoil|OrganicPoorSoil|HarvesterFront|HarvesterMolt,Read:ReadFlows:12|Migrate:Move:3.60555124|Migrate:CompactTrail:0.00359998457|Transform:ConsumeBiomass:0.0798631608|Absorb:CondenseAtmosphericWater:0.00270995311|Transform:ConsumeBiomass:0.00812985934|Absorb:HarvestDryBiomass:0.113526858|Absorb:CaptureDust:0.0450000018|Return:ReturnOrganicMatter:0.163921624
1,78,SecureWater,RainFront,229,193,230,197,4.123105525970459,46,0,1,0.0042246212251484394,0.0027099531143903732,0.08177359402179718,0.08177359402179718,0.89141261577606201,0.0027155440766364336,0,0.544685959815979,0.027145145460963249,0.000809999939519912,18,RainFront|GreenGrowth|DryStandingBiomass|DryingWindow|DustFront|DepositionZone|OrganicPoorSoil|HarvesterFront|HarvesterMolt,Read:ReadFlows:12|Migrate:Move:4.12310553|Migrate:CompactTrail:0.00599999726|Transform:ConsumeBiomass:0.081773594|Absorb:CondenseAtmosphericWater:0.00271554408|Transform:ConsumeBiomass:0.00814663246|Absorb:HarvestLiveBiomass:0.16827257|Absorb:HarvestDryBiomass:0.112181708|Absorb:CaptureDust:0.0450000018|Transform:CureFreshBiomass:0.16827257
1,79,SecureWater,RainFront,230,197,230,201,4,48,0,1,0.00419999985024333,0.0027155440766364336,0.080588363111019135,0.080588363111019135,0.87313723564147949,0.0027287725824862719,0,0.45591127872467041,0.053915780037641525,0.00085499993292614818,18,RainFront|GreenGrowth|DryStandingBiomass|DryingWindow|DustFront|DepositionZone|OrganicPoorSoil|HarvesterFront|HarvesterMolt,Read:ReadFlows:12|Migrate:Move:4|Migrate:CompactTrail:0.00479999976|Transform:ConsumeBiomass:0.0805883631|Absorb:CondenseAtmosphericWater:0.00272877258|Transform:ConsumeBiomass:0.00818631798|Absorb:CaptureDust:0.0450000018
1,80,SecureWater,RainFront,230,201,228,204,3.6055512428283691,50,0,1,0.0041211103089153767,0.0027287725824862719,0.077370047569274902,0.077370047569274902,0.85610884428024292,0.0027484234888106585,0,0.37029597163200378,0.079663626849651337,0.00089999992633238435,18,RainFront|GreenGrowth|DryStandingBiomass|DryingWindow|DustFront|DepositionZone|OrganicPoorSoil|HarvesterFront|HarvesterMolt,Read:ReadFlows:12|Migrate:Move:3.60555124|Migrate:CompactTrail:0.00480000023|Transform:ConsumeBiomass:0.0773700476|Absorb:CondenseAtmosphericWater:0.00274842349|Transform:ConsumeBiomass:0.0082452707|Absorb:CaptureDust:0.0450000018
1,81,SecureWater,RainFront,228,204,227,208,4.123105525970459,52,0,1,0.0042246212251484394,0.0027484234888106585,0.078904531896114349,0.078904531896114349,0.83815467357635498,0.0027870747726410627,0,0.55389809608459473,0.10591642558574677,0.00094499991973862052,18,RainFront|GreenGrowth|DryStandingBiomass|DryingWindow|DustFront|DepositionZone|OrganicPoorSoil|HarvesterFront|HarvesterMolt,Read:ReadFlows:12|Migrate:Move:4.12310553|Migrate:CompactTrail:0.00600000005|Transform:ConsumeBiomass:0.0789045319|Absorb:CondenseAtmosphericWater:0.00278707477|Transform:ConsumeBiomass:0.00836122409|Absorb:HarvestLiveBiomass:0.162520722|Absorb:HarvestDryBiomass:0.10834714|Absorb:CaptureDust:0.0450000018|Transform:CureFreshBiomass:0.162520722
1,82,SecureWater,RainFront,227,208,228,212,4.123105525970459,54,0,1,0.0042246212251484394,0.0027870747726410627,0.078083015978336334,0.078083015978336334,0.82093244791030884,0.0028027908410876989,0,0.46740671992301941,0.1319119930267334,0.0009899999713525176,18,RainFront|GreenGrowth|DryStandingBiomass|DryingWindow|DustFront|DepositionZone|OrganicPoorSoil|HarvesterFront|HarvesterMolt,Read:ReadFlows:12|Migrate:Move:4.12310553|Migrate:CompactTrail:0.00600000005|Transform:ConsumeBiomass:0.078083016|Absorb:CondenseAtmosphericWater:0.00280279084|Transform:ConsumeBiomass:0.00840837229|Absorb:CaptureDust:0.0450000018
1,83,SecureWater,,228,212,224,212,4,56,0,1,0.0044216006062924862,0.0028027908410876989,0.07683272659778595,0.07683272659778595,0.80164331197738647,0.0027937928680330515,0,0.38219261169433594,0.15750423073768616,0.0010349999647587538,18,GreenGrowth|DryStandingBiomass|DryingWindow|DustFront|DepositionZone|OrganicPoorSoil|HarvesterFront|HarvesterMolt,Read:ReadFlows:12|Migrate:Move:4|Migrate:CompactTrail:0.00480000023|Transform:ConsumeBiomass:0.0768327266|Absorb:CondenseAtmosphericWater:0.00279379287|Transform:ConsumeBiomass:0.00838137884|Absorb:CaptureDust:0.0450000018
1,84,SecureWater,RainFront,224,212,227,215,4.242640495300293,58,0,1,0.004455681424587965,0.0027937928680330515,0.077623680233955383,0.077623680233955383,0.78180474042892456,0.0028180733788758516,0,0.55683958530426025,0,0.0010799999581649899,18,RainFront|GreenGrowth|DryStandingBiomass|DryingWindow|DustFront|DepositionZone|OrganicPoorSoil|HarvesterFront|HarvesterMolt,Read:ReadFlows:12|Migrate:Move:4.2426405|Migrate:CompactTrail:0.00360000017|Transform:ConsumeBiomass:0.0776236802|Absorb:CondenseAtmosphericWater:0.00281807338|Transform:ConsumeBiomass:0.00845422037|Absorb:HarvestLiveBiomass:0.156434923|Absorb:HarvestDryBiomass:0.104289941|Absorb:CaptureDust:0.0450000018|Transform:CureFreshBiomass:0.156434923|Return:ReturnOrganicMatter:0.183358312
1,85,SecureWater,,227,215,225,217,2.8284270763397217,60,0,1,0.0042953621596097946,0.0028180733788758516,0.070630915462970734,0.070630915462970734,0.76429063081741333,0.0028166596312075853,0,0.47775870561599731,0.023615891113877296,0.0011249999515712261,18,GreenGrowth|DryStandingBiomass|DryingWindow|DustFront|DepositionZone|OrganicPoorSoil|HarvesterFront|HarvesterMolt,Read:ReadFlows:12|Migrate:Move:2.82842708|Migrate:CompactTrail:0.00240000011|Transform:ConsumeBiomass:0.0706309155|Absorb:CondenseAtmosphericWater:0.00281665963|Transform:ConsumeBiomass:0.00844997913|Absorb:CaptureDust:0.0450000018
1,86,SecureWater,,225,217,223,219,2.8284270763397217,62,0,1,0.0042871665209531784,0.0028166596312075853,0.07018502801656723,0.07018502801656723,0.74685049057006836,0.0028196373023092747,0,0.39911475777626038,0.047090169042348862,0.0011699999449774623,18,GreenGrowth|DryStandingBiomass|DryingWindow|DustFront|DepositionZone|OrganicPoorSoil|HarvesterFront|HarvesterMolt,Read:ReadFlows:12|Migrate:Move:2.82842708|Migrate:CompactTrail:0.00240000011|Transform:ConsumeBiomass:0.070185028|Absorb:CondenseAtmosphericWater:0.0028196373|Transform:ConsumeBiomass:0.00845891237|Absorb:CaptureDust:0.0450000018
1,87,SecureWater,,223,219,221,221,2.8284270763397217,64,0,1,0.0042186989448964596,0.0028196373023092747,0.069658003747463226,0.069658003747463226,0.7303197979927063,0.0028092961292713881,0,0.57248640060424805,0.070392079651355743,0.0012149999383836985,18,GreenGrowth|DryStandingBiomass|DryingWindow|DustFront|DepositionZone|OrganicPoorSoil|HarvesterFront|HarvesterMolt,Read:ReadFlows:12|Migrate:Move:2.82842708|Migrate:CompactTrail:0.00240000011|Transform:ConsumeBiomass:0.0696580037|Absorb:CondenseAtmosphericWater:0.00280929613|Transform:ConsumeBiomass:0.00842788815|Absorb:HarvestLiveBiomass:0.15087454|Absorb:HarvestDryBiomass:0.100583024|Absorb:CaptureDust:0.0450000018|Transform:CureFreshBiomass:0.15087454
1,88,SecureWater,,221,221,218,221,3,66,0,1,0.004092751070857048,0.0028092961292713881,0.069941647350788116,0.069941647350788116,0.71523243188858032,0.0028589190915226936,0,0.49396800994873047,0.093802616000175476,0.0012599999317899346,18,GreenGrowth|DryStandingBiomass|DryingWindow|DustFront|DepositionZone|OrganicPoorSoil|HarvesterFront|HarvesterMolt,Read:ReadFlows:12|Migrate:Move:3|Migrate:CompactTrail:0.00360000017|Transform:ConsumeBiomass:0.0699416474|Absorb:CondenseAtmosphericWater:0.00285891909|Transform:ConsumeBiomass:0.00857675727|Absorb:CaptureDust:0.0450000018
1,89,SecureWater,,218,221,215,221,3,68,0,1,0.0040000001899898052,0.0028589190915226936,0.069481804966926575,0.069481804966926575,0.70241081714630127,0.0028556371107697487,0,0.41591930389404297,0.11706482619047165,0.0013049999251961708,18,GreenGrowth|DryStandingBiomass|DryingWindow|DustFront|DepositionZone|OrganicPoorSoil|HarvesterFront|HarvesterMolt,Read:ReadFlows:12|Migrate:Move:3|Migrate:CompactTrail:0.00360000017|Transform:ConsumeBiomass:0.069481805|Absorb:CondenseAtmosphericWater:0.00285563711|Transform:ConsumeBiomass:0.00856691133|Absorb:CaptureDust:0.0450000018
1,90,SecureWater,,215,221,213,221,2,70,0,1,0.0038000000640749931,0.0028556371107697487,0.064530923962593079,0.064530923962593079,0.69252949953079224,0.0028497555758804083,0,0.34283912181854248,0.13874062895774841,0.001349999918602407,18,GreenGrowth|DryStandingBiomass|DryingWindow|DustFront|DepositionZone|OrganicPoorSoil|HarvesterFront|HarvesterMolt,Read:ReadFlows:12|Migrate:Move:2|Migrate:CompactTrail:0.00240000011|Transform:ConsumeBiomass:0.064530924|Absorb:CondenseAtmosphericWater:0.00284975558|Transform:ConsumeBiomass:0.00854926649|Absorb:CaptureDust:0.0450000018
1,91,SecureWater,,213,221,211,223,2.8284270763397217,72,0,1,0.0039656856097280979,0.0028497555758804083,0.067825168371200562,0.067825168371200562,0.68001782894134521,0.0028391862288117409,0,0.50889962911605835,0,0.0013949999120086432,17.200000762939453,GreenGrowth|DryStandingBiomass|DryingWindow|DustFront|DepositionZone|RecoverableSoil|OrganicPoorSoil|HarvesterFront|HarvesterMolt,Read:ReadFlows:12|Migrate:Move:2.82842708|Migrate:CompactTrail:0.00240000011|Transform:ConsumeBiomass:0.0678251684|Absorb:CondenseAtmosphericWater:0.00283918623|Transform:ConsumeBiomass:0.00851755869|Absorb:HarvestLiveBiomass:0.145441934|Absorb:HarvestDryBiomass:0.0969612822|Absorb:CaptureDust:0.0450000018|Transform:CureFreshBiomass:0.145441934|Transform:UseChitinForRepair:0.800000012|Return:ReturnOrganicMatter:0.161466777
1,92,SecureWater,,211,223,209,225,2.8284270763397217,72,0,1,0.0039656856097280979,0.0028391862288117409,0.067727923393249512,0.067727923393249512,0.66729295253753662,0.0028274492360651493,0,0.432689368724823,0.022690815851092339,0.0014399999054148793,17.200000762939453,GreenGrowth|DryStandingBiomass|DryingWindow|DustFront|DepositionZone|RecoverableSoil|OrganicPoorSoil|HarvesterFront|HarvesterMolt,Read:ReadFlows:12|Migrate:Move:2.82842708|Migrate:CompactTrail:0.00240000011|Transform:ConsumeBiomass:0.0677279234|Absorb:CondenseAtmosphericWater:0.00282744924|Transform:ConsumeBiomass:0.00848234817|Absorb:CaptureDust:0.0450000018
1,93,SecureWater,,209,225,207,227,2.8284270763397217,72,0,1,0.0039656856097280979,0.0028274492360651493,0.067727923393249512,0.067727923393249512,0.6543312668800354,0.0028180722147226334,0,0.35650724172592163,0.045378256589174271,0.0014849998988211155,17.200000762939453,GreenGrowth|DryStandingBiomass|DryingWindow|DustFront|DepositionZone|RecoverableSoil|OrganicPoorSoil|HarvesterFront|HarvesterMolt,Read:ReadFlows:12|Migrate:Move:2.82842708|Migrate:CompactTrail:0.00240000011|Transform:ConsumeBiomass:0.0677279234|Absorb:CondenseAtmosphericWater:0.00281807221|Transform:ConsumeBiomass:0.00845421664|Absorb:CaptureDust:0.0450000018
1,94,SecureWater,,207,227,204,227,3,72,0,1,0.0040000001899898052,0.0028180722147226334,0.06849999725818634,0.06849999725818634,0.64069271087646484,0.0028081769123673439,0.13881264626979828,0.37371259927749634,0.070691376924514771,0.0015299998922273517,17.200000762939453,GreenGrowth|DryStandingBiomass|DryingWindow|DustFront|DepositionZone|RecoverableSoil|OrganicPoorSoil|HarvesterFront|HarvesterMolt,Read:ReadFlows:12|Migrate:Move:3|Migrate:CompactTrail:0.00360000017|Transform:ConsumeBiomass:0.0684999973|Absorb:CondenseAtmosphericWater:0.00280817691|Transform:ConsumeBiomass:0.00842453074|Absorb:HarvestLiveBiomass:0.14119482|Absorb:HarvestDryBiomass:0.0941298753|Absorb:CaptureDust:0.0450000018|Transform:SpoilFreshBiomass:0.00238217227
1,95,SecureWater,,204,227,201,227,3,72,0,1,0.0040000001899898052,0.0028081769123673439,0.06849999725818634,0.06849999725818634,0.62685620784759521,0.0027994608972221613,0,0.43562686443328857,0.093619175255298615,0.0015749998856335878,17.200000762939453,GreenGrowth|DryStandingBiomass|DryingWindow|DustFront|DepositionZone|RecoverableSoil|OrganicPoorSoil|HarvesterFront|HarvesterMolt,Read:ReadFlows:12|Migrate:Move:3|Migrate:CompactTrail:0.00360000017|Transform:ConsumeBiomass:0.0684999973|Absorb:CondenseAtmosphericWater:0.0027994609|Transform:ConsumeBiomass:0.00839838292|Absorb:CaptureDust:0.0450000018|Transform:CureFreshBiomass:0.138812646
1,96,SecureWater,,201,227,199,227,2,72,0,1,0.0038000000640749931,0.0027994608972221613,0.063999995589256287,0.063999995589256287,0.61579221487045288,0.0028182696551084518,0,0.36317205429077148,0.1151137501001358,0.001619999879039824,17.200000762939453,GreenGrowth|DryStandingBiomass|DryingWindow|DustFront|DepositionZone|OrganicPoorSoil|HarvesterFront|HarvesterMolt,Read:ReadFlows:12|Migrate:Move:2|Migrate:CompactTrail:0.00240000011|Transform:ConsumeBiomass:0.0639999956|Absorb:CondenseAtmosphericWater:0.00281826966|Transform:ConsumeBiomass:0.00845480897|Absorb:CaptureDust:0.0450000018
1,97,SecureWater,,199,227,201,229,2.8284270763397217,72,0,1,0.0039656856097280979,0.0028182696551084518,0.067727923393249512,0.067727923393249512,0.60264533758163452,0.0028225185815244913,0,0.51545274257659912,0.13780279457569122,0.0016649998724460602,17.200000762939453,GreenGrowth|DryStandingBiomass|DryingWindow|DustFront|DepositionZone|OrganicPoorSoil|HarvesterFront|HarvesterMolt,Read:ReadFlows:12|Migrate:Move:2.82842708|Migrate:CompactTrail:0.00240000011|Transform:ConsumeBiomass:0.0677279234|Absorb:CondenseAtmosphericWater:0.00282251858|Transform:ConsumeBiomass:0.00846755598|Absorb:HarvestLiveBiomass:0.137085706|Absorb:HarvestDryBiomass:0.0913904682|Absorb:CaptureDust:0.0450000018|Transform:CureFreshBiomass:0.137085706
1,98,SecureWater,,201,229,203,231,2.8284270763397217,72,0,1,0.0039656856097280979,0.0028225185815244913,0.067727923393249512,0.067727923393249512,0.5895841121673584,0.0028374658431857824,0,0.43921241164207458,0,0.0017099998658522964,17.200000762939453,GreenGrowth|DryStandingBiomass|DryingWindow|DustFront|DepositionZone|OrganicPoorSoil|HarvesterFront|HarvesterMolt,Read:ReadFlows:12|Migrate:Move:2.82842708|Migrate:CompactTrail:0.00240000011|Transform:ConsumeBiomass:0.0677279234|Absorb:CondenseAtmosphericWater:0.00283746584|Transform:ConsumeBiomass:0.0085123973|Absorb:CaptureDust:0.0450000018|Return:ReturnOrganicMatter:0.160497218
1,99,SecureWater,,203,231,205,233,2.8284270763397217,72,0,1,0.0042696073651313782,0.0028374658431857824,0.067727923393249512,0.067727923393249512,0.57274997234344482,0.0028361745644360781,0,0.36297595500946045,0.022693956270813942,0.0017549998592585325,17.200000762939453,GreenGrowth|DryStandingBiomass|DryingWindow|DustFront|DepositionZone|RecoverableSoil|OrganicPoorSoil|HarvesterFront|HarvesterMolt,Read:ReadFlows:12|Migrate:Move:2.82842708|Migrate:CompactTrail:0.00240000011|Transform:ConsumeBiomass:0.0677279234|Absorb:CondenseAtmosphericWater:0.00283617456|Transform:ConsumeBiomass:0.00850852393|Absorb:CaptureDust:0.0450000018
1,100,SecureWater,,205,233,202,233,3,72,0,1,0.004287094809114933,0.0028361745644360781,0.06849999725818634,0.06849999725818634,0.55567485094070435,0.0028276753146201372,0,0.50601440668106079,0.045631919056177139,0.0017999998526647687,17.200000762939453,GreenGrowth|DryStandingBiomass|DryingWindow|DustFront|DepositionZone|OrganicPoorSoil|HarvesterFront|HarvesterMolt,Read:ReadFlows:12|Migrate:Move:3|Migrate:CompactTrail:0.00360000017|Transform:ConsumeBiomass:0.0684999973|Absorb:CondenseAtmosphericWater:0.00282767531|Transform:ConsumeBiomass:0.00848302618|Absorb:HarvestLiveBiomass:0.132012889|Absorb:HarvestDryBiomass:0.08800859|Absorb:CaptureDust:0.0450000018|Transform:CureFreshBiomass:0.132012889
1,101,SecureWater,,202,233,199,233,3,72,0,1,0.0041434280574321747,0.0028276753146201372,0.06849999725818634,0.06849999725818634,0.54027074575424194,0.0028295239899307489,0,0.42902585864067078,0.068570546805858612,0.0018449998460710049,17.200000762939453,GreenGrowth|DryStandingBiomass|DryingWindow|DustFront|DepositionZone|OrganicPoorSoil|HarvesterFront|HarvesterMolt,Read:ReadFlows:12|Migrate:Move:3|Migrate:CompactTrail:0.00360000017|Transform:ConsumeBiomass:0.0684999973|Absorb:CondenseAtmosphericWater:0.00282952399|Transform:ConsumeBiomass:0.0084885722|Absorb:CaptureDust:0.0450000018
1,102,SecureWater,,199,233,197,233,2,72,0,1,0.0038000000640749931,0.0028295239899307489,0.063999995589256287,0.063999995589256287,0.52983963489532471,0.0029533756896853447,0,0.35616573691368103,0.09011375904083252,0.001889999839477241,17.200000762939453,GreenGrowth|DryStandingBiomass|DryingWindow|DustFront|DepositionZone|OrganicPoorSoil|HarvesterFront|HarvesterMolt,Read:ReadFlows:12|Migrate:Move:2|Migrate:CompactTrail:0.00240000011|Transform:ConsumeBiomass:0.0639999956|Absorb:CondenseAtmosphericWater:0.00295337569|Transform:ConsumeBiomass:0.00886012707|Absorb:CaptureDust:0.0450000018
1,103,SecureWater,,197,233,199,235,2.8284270763397217,72,0,1,0.0039656856097280979,0.0029533756896853447,0.067727923393249512,0.067727923393249512,0.51941823959350586,0.0029839598573744297,0,0.49298122525215149,0.11286091804504395,0.0019349998328834772,17.200000762939453,GreenGrowth|DryStandingBiomass|DryingWindow|DustFront|DepositionZone|OrganicPoorSoil|HarvesterFront|HarvesterMolt,Read:ReadFlows:12|Migrate:Move:2.82842708|Migrate:CompactTrail:0.00240000011|Transform:ConsumeBiomass:0.0677279234|Absorb:CondenseAtmosphericWater:0.00298395986|Transform:ConsumeBiomass:0.00895188004|Absorb:HarvestLiveBiomass:0.128097177|Absorb:HarvestDryBiomass:0.0853981152|Absorb:CaptureDust:0.0450000018|Transform:CureFreshBiomass:0.128097177
1,104,SecureWater,,199,235,201,237,2.8284270763397217,72,0,1,0.0039656856097280979,0.0029839598573744297,0.067727923393249512,0.067727923393249512,0.50961381196975708,0.0029806667007505894,0,0.41631129384040833,0.13560688495635986,0.0019799999427050352,17.200000762939453,GreenGrowth|DryStandingBiomass|DryingWindow|DustFront|DepositionZone|OrganicPoorSoil|HarvesterFront|HarvesterMolt,Read:ReadFlows:12|Migrate:Move:2.82842708|Migrate:CompactTrail:0.00240000011|Transform:ConsumeBiomass:0.0677279234|Absorb:CondenseAtmosphericWater:0.0029806667|Transform:ConsumeBiomass:0.00894200057|Absorb:CaptureDust:0.0450000018
1,105,SecureWater,,201,237,203,239,2.8284270763397217,72,0,1,0.0039656856097280979,0.0029806667007505894,0.067727923393249512,0.067727923393249512,0.49974298477172852,0.0029712121468037367,0,0.33966973423957825,0.15834945440292358,0.0020250000525265932,17.200000762939453,GreenGrowth|DryStandingBiomass|DryingWindow|DustFront|DepositionZone|OrganicPoorSoil|HarvesterFront|HarvesterMolt,Read:ReadFlows:12|Migrate:Move:2.82842708|Migrate:CompactTrail:0.00240000011|Transform:ConsumeBiomass:0.0677279234|Absorb:CondenseAtmosphericWater:0.00297121215|Transform:ConsumeBiomass:0.00891363621|Absorb:CaptureDust:0.0450000018
1,106,SecureWater,,203,239,201,241,2.8284270763397217,72,0,1,0.0039656856097280979,0.0029712121468037367,0.067727923393249512,0.067727923393249512,0.4896814227104187,0.00296244234777987,0,0.47119718790054321,0,0.0020700001623481512,17.200000762939453,GreenGrowth|DryStandingBiomass|DryingWindow|DustFront|DepositionZone|OrganicPoorSoil|HarvesterFront|HarvesterMolt,Read:ReadFlows:12|Migrate:Move:2.82842708|Migrate:CompactTrail:0.00240000011|Transform:ConsumeBiomass:0.0677279234|Absorb:CondenseAtmosphericWater:0.00296244235|Transform:ConsumeBiomass:0.00888732728|Absorb:HarvestLiveBiomass:0.124885611|Absorb:HarvestDryBiomass:0.0832570642|Absorb:CaptureDust:0.0450000018|Transform:CureFreshBiomass:0.124885611|Return:ReturnOrganicMatter:0.181088865
1,107,SecureWater,,201,241,199,243,2.8284270763397217,72,0,1,0.0039656856097280979,0.00296244234777987,0.067727923393249512,0.067727923393249512,0.47944295406341553,0.002956457668915391,0,0.39459988474845886,0.022737259045243263,0.0021150002721697092,17.200000762939453,GreenGrowth|DryStandingBiomass|DryingWindow|DustFront|DepositionZone|OrganicPoorSoil|HarvesterFront|HarvesterMolt,Read:ReadFlows:12|Migrate:Move:2.82842708|Migrate:CompactTrail:0.00240000011|Transform:ConsumeBiomass:0.0677279234|Absorb:CondenseAtmosphericWater:0.00295645767|Transform:ConsumeBiomass:0.00886937324|Absorb:CaptureDust:0.0450000018
1,108,SecureWater,,199,243,197,245,2.8284270763397217,72,0,1,0.0039656856097280979,0.002956457668915391,0.067727923393249512,0.067727923393249512,0.4690837562084198,0.0029532930348068476,0,0.52244716882705688,0.045473378151655197,0.0021600003819912672,17.200000762939453,GreenGrowth|DryStandingBiomass|DryingWindow|DustFront|DepositionZone|OrganicPoorSoil|HarvesterFront|HarvesterMolt,Read:ReadFlows:12|Migrate:Move:2.82842708|Migrate:CompactTrail:0.00240000011|Transform:ConsumeBiomass:0.0677279234|Absorb:CondenseAtmosphericWater:0.00295329303|Transform:ConsumeBiomass:0.00885987934|Absorb:HarvestLiveBiomass:0.122661047|Absorb:HarvestDryBiomass:0.0817740262|Absorb:CaptureDust:0.0450000018|Transform:CureFreshBiomass:0.122661047
1,109,SecureWater,,197,245,195,243,2.8284270763397217,72,0,1,0.0039656856097280979,0.0029532930348068476,0.067727923393249512,0.067727923393249512,0.45866072177886963,0.0029499281663447618,0,0.44586944580078125,0.068208292126655579,0.0022050004918128252,17.200000762939453,GreenGrowth|DryStandingBiomass|DryingWindow|DustFront|DepositionZone|OrganicPoorSoil|HarvesterFront|HarvesterMolt,Read:ReadFlows:12|Migrate:Move:2.82842708|Migrate:CompactTrail:0.00240000011|Transform:ConsumeBiomass:0.0677279234|Absorb:CondenseAtmosphericWater:0.00294992817|Transform:ConsumeBiomass:0.00884978473|Absorb:CaptureDust:0.0450000018
1,110,SecureWater,,195,243,193,241,2.8284270763397217,72,0,1,0.0039656856097280979,0.0029499281663447618,0.067727923393249512,0.067727923393249512,0.44816979765892029,0.0029417611658573151,0,0.36931625008583069,0.090940259397029877,0.0022500006016343832,17.200000762939453,GreenGrowth|DryStandingBiomass|DryingWindow|DustFront|DepositionZone|OrganicPoorSoil|HarvesterFront|HarvesterMolt,Read:ReadFlows:12|Migrate:Move:2.82842708|Migrate:CompactTrail:0.00240000011|Transform:ConsumeBiomass:0.0677279234|Absorb:CondenseAtmosphericWater:0.00294176117|Transform:ConsumeBiomass:0.0088252835|Absorb:CaptureDust:0.0450000018
1,111,SecureWater,,193,241,191,239,2.8284270763397217,72,0,1,0.0039656856097280979,0.0029417611658573151,0.067727923393249512,0.067727923393249512,0.43751409649848938,0.0029358107130974531,0,0.49153345823287964,0.11367008835077286,0.0022950007114559412,17.200000762939453,GreenGrowth|DryStandingBiomass|DryingWindow|DustFront|DepositionZone|OrganicPoorSoil|HarvesterFront|HarvesterMolt,Read:ReadFlows:12|Migrate:Move:2.82842708|Migrate:CompactTrail:0.00240000011|Transform:ConsumeBiomass:0.0677279234|Absorb:CondenseAtmosphericWater:0.00293581071|Transform:ConsumeBiomass:0.00880743191|Absorb:HarvestLiveBiomass:0.119251534|Absorb:HarvestDryBiomass:0.0795010179|Absorb:CaptureDust:0.0450000018|Transform:CureFreshBiomass:0.119251534
1,112,SecureWater,,191,239,191,242,3,72,0,1,0.0040000001899898052,0.0029358107130974531,0.06849999725818634,0.06849999725818634,0.42623031139373779,0.0029293871484696865,0,0.41424530744552612,0.13664467632770538,0.0023400008212774992,17.200000762939453,GreenGrowth|DryStandingBiomass|DryingWindow|DustFront|DepositionZone|OrganicPoorSoil|HarvesterFront|HarvesterMolt,Read:ReadFlows:12|Migrate:Move:3|Migrate:CompactTrail:0.00360000017|Transform:ConsumeBiomass:0.0684999973|Absorb:CondenseAtmosphericWater:0.00292938715|Transform:ConsumeBiomass:0.00878816098|Absorb:CaptureDust:0.0450000018
1,113,SecureWater,,191,242,191,245,3,72,0,1,0.0043740002438426018,0.0029293871484696865,0.06849999725818634,0.06849999725818634,0.40980848670005798,0.0029827428516000509,0,0.3367970883846283,0.15963846445083618,0.0023850009310990572,17.200000762939453,GreenGrowth|DryStandingBiomass|DryingWindow|DustFront|DepositionZone|OrganicPoorSoil|HarvesterFront|HarvesterMolt,Read:ReadFlows:12|Migrate:Move:3|Migrate:CompactTrail:0.00360000017|Transform:ConsumeBiomass:0.0684999973|Absorb:CondenseAtmosphericWater:0.00298274285|Transform:ConsumeBiomass:0.00894822832|Absorb:CaptureDust:0.0450000018
1,114,SecureWater,,191,245,191,247,2,72,0,1,0.0041740001179277897,0.0029827428516000509,0.063999995589256287,0.063999995589256287,0.3969765305519104,0.0030114483088254929,0,0.45521855354309082,0,0.0024300010409206152,17.200000762939453,GreenGrowth|DryStandingBiomass|DryingWindow|DustFront|DepositionZone|OrganicPoorSoil|HarvesterFront|HarvesterMolt,Read:ReadFlows:12|Migrate:Move:2|Migrate:CompactTrail:0.00240000011|Transform:ConsumeBiomass:0.0639999956|Absorb:CondenseAtmosphericWater:0.00301144831|Transform:ConsumeBiomass:0.00903434493|Absorb:HarvestLiveBiomass:0.114873469|Absorb:HarvestDryBiomass:0.0765823051|Absorb:CaptureDust:0.0450000018|Transform:CureFreshBiomass:0.114873469|Return:ReturnOrganicMatter:0.181202576
1,115,SecureWater,,191,247,188,247,3,72,0,1,0.0041282055899500847,0.0030114483088254929,0.06849999725818634,0.06849999725818634,0.38533502817153931,0.0030114892870187759,0,0.37768411636352539,0.023004135116934776,0.0024750011507421732,17.200000762939453,GreenGrowth|DryStandingBiomass|DryingWindow|DustFront|DepositionZone|OrganicPoorSoil|HarvesterFront|HarvesterMolt,Read:ReadFlows:12|Migrate:Move:3|Migrate:CompactTrail:0.00360000017|Transform:ConsumeBiomass:0.0684999973|Absorb:CondenseAtmosphericWater:0.00301148929|Transform:ConsumeBiomass:0.00903446786|Absorb:CaptureDust:0.0450000018
1,116,SecureWater,,188,247,185,247,3,72,0,1,0.0040000001899898052,0.0030114892870187759,0.06849999725818634,0.06849999725818634,0.3755648136138916,0.0030114271212369204,0,0.4877515435218811,0.046008247882127762,0.0025200012605637312,17.200000762939453,GreenGrowth|DryStandingBiomass|DryingWindow|DustFront|DepositionZone|OrganicPoorSoil|HarvesterFront|HarvesterMolt,Read:ReadFlows:12|Migrate:Move:3|Migrate:CompactTrail:0.00360000017|Transform:ConsumeBiomass:0.0684999973|Absorb:CondenseAtmosphericWater:0.00301142712|Transform:ConsumeBiomass:0.0090342816|Absorb:HarvestLiveBiomass:0.11256101|Absorb:HarvestDryBiomass:0.0750406682|Absorb:CaptureDust:0.0450000018|Transform:CureFreshBiomass:0.11256101
1,117,SecureWater,,185,247,183,247,2,72,0,1,0.0038000000640749931,0.0030114271212369204,0.063999995589256287,0.063999995589256287,0.36896327137947083,0.0030177126172930002,0,0.41469839215278625,0.067574620246887207,0.0025650013703852892,17.200000762939453,GreenGrowth|DryStandingBiomass|DryingWindow|DustFront|DepositionZone|OrganicPoorSoil|HarvesterFront|HarvesterMolt,Read:ReadFlows:12|Migrate:Move:2|Migrate:CompactTrail:0.00240000011|Transform:ConsumeBiomass:0.0639999956|Absorb:CondenseAtmosphericWater:0.00301771262|Transform:ConsumeBiomass:0.00905313808|Absorb:CaptureDust:0.0450000018
1,118,SecureWater,,183,247,181,249,2.8284270763397217,72,0,1,0.0039656856097280979,0.0030177126172930002,0.067727923393249512,0.067727923393249512,0.35983976721763611,0.0030333965551108122,0,0.3378702700138092,0.090339578688144684,0.0026100014802068472,17.200000762939453,GreenGrowth|DryStandingBiomass|DryingWindow|DustFront|DepositionZone|OrganicPoorSoil|HarvesterFront|HarvesterMolt,Read:ReadFlows:12|Migrate:Move:2.82842708|Migrate:CompactTrail:0.00240000011|Transform:ConsumeBiomass:0.0677279234|Absorb:CondenseAtmosphericWater:0.00303339656|Transform:ConsumeBiomass:0.00910018943|Absorb:CaptureDust:0.0450000018
1,119,SecureWater,,181,249,179,251,2.8284270763397217,72,0,1,0.0039656856097280979,0.0030333965551108122,0.067727923393249512,0.067727923393249512,0.35103267431259155,0.0030203873757272959,0,0.44426706433296204,0.1130998507142067,0.0026550015900284052,17.200000762939453,GreenGrowth|DryStandingBiomass|DryingWindow|DustFront|DepositionZone|OrganicPoorSoil|HarvesterFront|HarvesterMolt,Read:ReadFlows:12|Migrate:Move:2.82842708|Migrate:CompactTrail:0.00240000011|Transform:ConsumeBiomass:0.0677279234|Absorb:CondenseAtmosphericWater:0.00302038738|Transform:ConsumeBiomass:0.00906116236|Absorb:HarvestLiveBiomass:0.109911531|Absorb:HarvestDryBiomass:0.0732743517|Absorb:CaptureDust:0.0450000018|Transform:CureFreshBiomass:0.109911531
1,120,SecureWater,,179,251,177,253,2.8284270763397217,72,0,1,0.0039656856097280979,0.0030203873757272959,0.067727923393249512,0.067727923393249512,0.34196311235427856,0.0030059956479817629,0,0.36752116680145264,0.13585492968559265,0.0027000016998499632,17.200000762939453,GreenGrowth|DryStandingBiomass|DryingWindow|DustFront|DepositionZone|OrganicPoorSoil|HarvesterFront|HarvesterMolt,Read:ReadFlows:12|Migrate:Move:2.82842708|Migrate:CompactTrail:0.00240000011|Transform:ConsumeBiomass:0.0677279234|Absorb:CondenseAtmosphericWater:0.00300599565|Transform:ConsumeBiomass:0.00901798718|Absorb:CaptureDust:0.0450000018
1,121,SecureWater,,177,253,179,255,2.8284270763397217,72,0,1,0.0039656856097280979,0.0030059956479817629,0.067727923393249512,0.067727923393249512,0.33260321617126465,0.0029945177957415581,0,0.47067826986312866,0.15860588848590851,0.0027450018096715212,16.400001525878906,GreenGrowth|DryStandingBiomass|DryingWindow|DustFront|DepositionZone|OrganicPoorSoil|HarvesterFront|HarvesterMolt,Read:ReadFlows:12|Migrate:Move:2.82842708|Migrate:CompactTrail:0.00240000011|Transform:ConsumeBiomass:0.0677279234|Absorb:CondenseAtmosphericWater:0.0029945178|Transform:ConsumeBiomass:0.00898355339|Absorb:HarvestLiveBiomass:0.107921153|Absorb:HarvestDryBiomass:0.0719474331|Absorb:CaptureDust:0.0450000018|Transform:CureFreshBiomass:0.107921153|Transform:UseChitinForRepair:0.800000012
1,122,SecureWater,,179,255,181,257,2.8284270763397217,72,0,1,0.0039656856097280979,0.0029945177957415581,0.067727923393249512,0.067727923393249512,0.32301178574562073,0.0029823023360222578,0,0.39400345087051392,0,0.0027900019194930792,16.400001525878906,GreenGrowth|DryStandingBiomass|DryingWindow|DustFront|DepositionZone|OrganicPoorSoil|HarvesterFront|HarvesterMolt,Read:ReadFlows:12|Migrate:Move:2.82842708|Migrate:CompactTrail:0.00240000011|Transform:ConsumeBiomass:0.0677279234|Absorb:CondenseAtmosphericWater:0.00298230234|Transform:ConsumeBiomass:0.00894690678|Absorb:CaptureDust:0.0450000018|Return:ReturnOrganicMatter:0.181352451
1,123,SecureWater,,181,257,183,259,2.8284270763397217,72,0,1,0.0039656856097280979,0.0029823023360222578,0.067727923393249512,0.067727923393249512,0.31317391991615295,0.0029557861853390932,0,0.49377948045730591,0.022737016901373863,0.0028350020293146372,16.400001525878906,GreenGrowth|DryStandingBiomass|DryingWindow|DustFront|DepositionZone|OrganicPoorSoil|HarvesterFront|HarvesterMolt,Read:ReadFlows:12|Migrate:Move:2.82842708|Migrate:CompactTrail:0.00240000011|Transform:ConsumeBiomass:0.0677279234|Absorb:CondenseAtmosphericWater:0.00295578619|Transform:ConsumeBiomass:0.00886735879|Absorb:HarvestLiveBiomass:0.105822787|Absorb:HarvestDryBiomass:0.0705485195|Absorb:CaptureDust:0.0450000018|Transform:CureFreshBiomass:0.105822787
1,124,SecureWater,,183,259,181,257,2.8284270763397217,72,0,1,0.0039656856097280979,0.0029557861853390932,0.067727923393249512,0.067727923393249512,0.30280116200447083,0.0028984062373638153,0,0.41735634207725525,0.045453380793333054,0.0028800021391361952,16.400001525878906,GreenGrowth|DryStandingBiomass|DryingWindow|DustFront|DepositionZone|OrganicPoorSoil|HarvesterFront|HarvesterMolt,Read:ReadFlows:12|Migrate:Move:2.82842708|Migrate:CompactTrail:0.00240000011|Transform:ConsumeBiomass:0.0677279234|Absorb:CondenseAtmosphericWater:0.00289840624|Transform:ConsumeBiomass:0.00869521871|Absorb:CaptureDust:0.0450000018
1,125,SecureWater,,181,257,179,255,2.8284270763397217,72,0,1,0.0039656856097280979,0.0028984062373638153,0.067727923393249512,0.067727923393249512,0.29127088189125061,0.0028651859611272812,0,0.34103286266326904,0.068157784640789032,0.0029250022489577532,16.400001525878906,GreenGrowth|DryStandingBiomass|DryingWindow|DustFront|DepositionZone|OrganicPoorSoil|HarvesterFront|HarvesterMolt,Read:ReadFlows:12|Migrate:Move:2.82842708|Migrate:CompactTrail:0.00240000011|Transform:ConsumeBiomass:0.0677279234|Absorb:CondenseAtmosphericWater:0.00286518596|Transform:ConsumeBiomass:0.00859555788|Absorb:CaptureDust:0.0450000018
1,126,SecureWater,,179,255,177,253,2.8284270763397217,72,0,1,0.0040665180422365665,0.0028651859611272812,0.067727923393249512,0.067727923393249512,0.27763727307319641,0.0028321903664618731,0,0.43478307127952576,0.090850308537483215,0.0029700023587793112,16.400001525878906,GreenGrowth|DryStandingBiomass|DryingWindow|DustFront|DepositionZone|OrganicPoorSoil|HarvesterFront|HarvesterMolt,Read:ReadFlows:12|Migrate:Move:2.82842708|Migrate:CompactTrail:0.00240000011|Transform:ConsumeBiomass:0.0677279234|Absorb:CondenseAtmosphericWater:0.00283219037|Transform:ConsumeBiomass:0.00849657133|Absorb:HarvestLiveBiomass:0.101984836|Absorb:HarvestDryBiomass:0.0679898858|Absorb:CaptureDust:0.0450000018|Transform:CureFreshBiomass:0.101984836
1,127,SecureWater,,177,253,179,255,2.8284270763397217,72,0,1,0.0039656856097280979,0.0028321903664618731,0.067727923393249512,0.067727923393249512,0.26477119326591492,0.0027821727562695742,0,0.35870862007141113,0.11352482438087463,0.0030150024686008692,16.400001525878906,GreenGrowth|DryStandingBiomass|DryingWindow|DustFront|DepositionZone|OrganicPoorSoil|HarvesterFront|HarvesterMolt,Read:ReadFlows:12|Migrate:Move:2.82842708|Migrate:CompactTrail:0.00240000011|Transform:ConsumeBiomass:0.0677279234|Absorb:CondenseAtmosphericWater:0.00278217276|Transform:ConsumeBiomass:0.0083465185|Absorb:CaptureDust:0.0450000018
1,128,SecureWater,,179,255,181,257,2.8284270763397217,72,0,1,0.0042678811587393284,0.0027821727562695742,0.067727923393249512,0.067727923393249512,0.2469220906496048,0.0027536214329302311,0,0.44716581702232361,0.1361890584230423,0.0030600025784224272,16.400001525878906,GreenGrowth|DryStandingBiomass|DryingWindow|DustFront|DepositionZone|OrganicPoorSoil|HarvesterFront|HarvesterMolt,Read:ReadFlows:12|Migrate:Move:2.82842708|Migrate:CompactTrail:0.00240000011|Transform:ConsumeBiomass:0.0677279234|Absorb:CondenseAtmosphericWater:0.00275362143|Transform:ConsumeBiomass:0.00826086476|Absorb:HarvestLiveBiomass:0.0986675918|Absorb:HarvestDryBiomass:0.0657783896|Absorb:CaptureDust:0.0450000018|Transform:CureFreshBiomass:0.0986675918
1,129,SecureWater,,181,257,183,259,2.8284270763397217,72,0,1,0.0041934708133339882,0.0027536214329302311,0.067727923393249512,0.067727923393249512,0.2294536828994751,0.0028250946197658777,0,0.37096261978149414,0.15887902677059174,0.0031050026882439852,16.400001525878906,GreenGrowth|DryStandingBiomass|DryingWindow|DustFront|DepositionZone|OrganicPoorSoil|HarvesterFront|HarvesterMolt,Read:ReadFlows:12|Migrate:Move:2.82842708|Migrate:CompactTrail:0.00240000011|Transform:ConsumeBiomass:0.0677279234|Absorb:CondenseAtmosphericWater:0.00282509462|Transform:ConsumeBiomass:0.00847528409|Absorb:CaptureDust:0.0450000018
1,130,SecureWater,,183,259,181,257,2.8284270763397217,72,0,1,0.0040257731452584267,0.0028250946197658777,0.067727923393249512,0.067727923393249512,0.2155938446521759,0.0029669201467186213,0,0.45314082503318787,0,0.0031500027980655432,16.400001525878906,GreenGrowth|DryStandingBiomass|DryingWindow|DustFront|DepositionZone|OrganicPoorSoil|HarvesterFront|HarvesterMolt,Read:ReadFlows:12|Migrate:Move:2.82842708|Migrate:CompactTrail:0.00240000011|Transform:ConsumeBiomass:0.0677279234|Absorb:CondenseAtmosphericWater:0.00296692015|Transform:ConsumeBiomass:0.00890076067|Absorb:HarvestLiveBiomass:0.0952841416|Absorb:HarvestDryBiomass:0.0635227561|Absorb:CaptureDust:0.0450000018|Transform:CureFreshBiomass:0.0952841416|Return:ReturnOrganicMatter:0.181620046
1,131,SecureWater,,181,257,179,255,2.8284270763397217,72,0,1,0.0040716859512031078,0.0029669201467186213,0.067727923393249512,0.067727923393249512,0.20388753712177277,0.0030051192734390497,0,0.37639755010604858,0.02275477722287178,0.0031950029078871012,16.400001525878906,GreenGrowth|DryStandingBiomass|DryingWindow|DustFront|DepositionZone|OrganicPoorSoil|HarvesterFront|HarvesterMolt,Read:ReadFlows:12|Migrate:Move:2.82842708|Migrate:CompactTrail:0.00240000058|Transform:ConsumeBiomass:0.0677279234|Absorb:CondenseAtmosphericWater:0.00300511927|Transform:ConsumeBiomass:0.00901535805|Absorb:CaptureDust:0.0450000018
1,132,SecureWater,,179,255,177,253,2.8284270763397217,72,0,1,0.0039656856097280979,0.0030051192734390497,0.067727923393249512,0.067727923393249512,0.19450998306274414,0.003029518760740757,0,0.45459288358688354,0.045518338680267334,0.0032400030177086592,16.400001525878906,GreenGrowth|DryStandingBiomass|DryingWindow|DustFront|DepositionZone|OrganicPoorSoil|HarvesterFront|HarvesterMolt,Read:ReadFlows:12|Migrate:Move:2.82842708|Migrate:CompactTrail:0.00240000035|Transform:ConsumeBiomass:0.0677279234|Absorb:CondenseAtmosphericWater:0.00302951876|Transform:ConsumeBiomass:0.00908855628|Absorb:HarvestLiveBiomass:0.0930070803|Absorb:HarvestDryBiomass:0.0620047189|Absorb:CaptureDust:0.0450000018|Transform:CureFreshBiomass:0.0930070803
1,133,SecureWater,,177,253,175,255,2.8284270763397217,72,0,1,0.0039656856097280979,0.003029518760740757,0.067727923393249512,0.067727923393249512,0.18562464416027069,0.003022749675437808,0,0.3777967095375061,0.068279460072517395,0.0032850031275302172,16.400001525878906,GreenGrowth|DryStandingBiomass|DryingWindow|DustFront|DepositionZone|OrganicPoorSoil|HarvesterFront|HarvesterMolt,Read:ReadFlows:12|Migrate:Move:2.82842708|Migrate:CompactTrail:0.00240000011|Transform:ConsumeBiomass:0.0677279234|Absorb:CondenseAtmosphericWater:0.00302274968|Transform:ConsumeBiomass:0.00906824879|Absorb:CaptureDust:0.0450000018
1,134,SecureWater,,175,255,174,256,1.4142135381698608,72,0,1,0.0036828427109867334,0.003022749675437808,0.061363961547613144,0.061363961547613144,0.18128587305545807,0.0030175431165844202,0,0.46001157164573669,0.089002244174480438,0.0033300032373517752,16.400001525878906,GreenGrowth|DryStandingBiomass|DryingWindow|DustFront|DepositionZone|OrganicPoorSoil|HarvesterFront|HarvesterMolt,Read:ReadFlows:12|Migrate:Move:1.41421354|Migrate:CompactTrail:0.00120000006|Transform:ConsumeBiomass:0.0613639615|Absorb:CondenseAtmosphericWater:0.00301754312|Transform:ConsumeBiomass:0.00905262958|Absorb:HarvestLiveBiomass:0.0915788785|Absorb:HarvestDryBiomass:0.0610525832|Absorb:CaptureDust:0.0450000018|Transform:CureFreshBiomass:0.0915788785
1,135,SecureWater,,174,256,173,257,1.4142135381698608,72,0,1,0.0036828427109867334,0.0030175431165844202,0.061363961547613144,0.061363961547613144,0.17683400213718414,0.0030122010502964258,0,0.38961100578308105,0.10972310602664948,0.0033750033471733332,16.400001525878906,GreenGrowth|DryStandingBiomass|DryingWindow|DustFront|DepositionZone|OrganicPoorSoil|HarvesterFront|HarvesterMolt,Read:ReadFlows:12|Migrate:Move:1.41421354|Migrate:CompactTrail:0.00240000011|Transform:ConsumeBiomass:0.0613639615|Absorb:CondenseAtmosphericWater:0.00301220105|Transform:ConsumeBiomass:0.00903660338|Absorb:CaptureDust:0.0450000018
1,136,SecureWater,,173,257,172,258,1.4142135381698608,72,0,1,0.0036828427109867334,0.0030122010502964258,0.061363961547613144,0.061363961547613144,0.17226608097553253,0.0030067195184528828,0,0.47023481130599976,0.13044199347496033,0.0034200034569948912,16.400001525878906,GreenGrowth|DryStandingBiomass|DryingWindow|DustFront|DepositionZone|OrganicPoorSoil|HarvesterFront|HarvesterMolt,Read:ReadFlows:12|Migrate:Move:1.41421354|Migrate:CompactTrail:0.00120000006|Transform:ConsumeBiomass:0.0613639615|Absorb:CondenseAtmosphericWater:0.00300671952|Transform:ConsumeBiomass:0.00902015902|Absorb:HarvestLiveBiomass:0.0906047449|Absorb:HarvestDryBiomass:0.0604031608|Absorb:CaptureDust:0.0450000018|Transform:CureFreshBiomass:0.0906047449
1,137,SecureWater,,172,258,171,259,1.4142135381698608,72,0,1,0.0036828427109867334,0.0030067195184528828,0.061363961547613144,0.061363961547613144,0.16757908463478088,0.0030010950285941362,0,0.39986756443977356,0.15115885436534882,0.0034650035668164492,16.400001525878906,GreenGrowth|DryStandingBiomass|DryingWindow|DustFront|DepositionZone|OrganicPoorSoil|HarvesterFront|HarvesterMolt,Read:ReadFlows:12|Migrate:Move:1.41421354|Migrate:CompactTrail:0.00240000011|Transform:ConsumeBiomass:0.0613639615|Absorb:CondenseAtmosphericWater:0.00300109503|Transform:ConsumeBiomass:0.00900328532|Absorb:CaptureDust:0.0450000018
1,138,SecureWater,,171,259,169,259,2,72,0,1,0.0038000000640749931,0.0030010950285941362,0.063999995589256287,0.063999995589256287,0.16076003015041351,0.002992912195622921,0,0.47582566738128662,0,0.0035100036766380072,16.400001525878906,GreenGrowth|DryStandingBiomass|DryingWindow|DustFront|DepositionZone|OrganicPoorSoil|HarvesterFront|HarvesterMolt,Read:ReadFlows:12|Migrate:Move:2|Migrate:CompactTrail:0.00240000011|Transform:ConsumeBiomass:0.0639999956|Absorb:CondenseAtmosphericWater:0.0029929122|Transform:ConsumeBiomass:0.00897873659|Absorb:HarvestLiveBiomass:0.0893620849|Absorb:HarvestDryBiomass:0.0595747232|Absorb:CaptureDust:0.0450000018|Transform:CureFreshBiomass:0.0893620849|Return:ReturnOrganicMatter:0.17271629
1,139,SecureWater,,169,259,167,259,2,72,0,1,0.0038000000640749931,0.002992912195622921,0.063999995589256287,0.063999995589256287,0.15376870334148407,0.002970922039821744,0,0.40291288495063782,0.021549530327320099,0.0035100036766380072,16.400001525878906,GreenGrowth|DryStandingBiomass|DryingWindow|DustFront|DepositionZone|OrganicPoorSoil|HarvesterFront|HarvesterMolt,Read:ReadFlows:12|Migrate:Move:2|Migrate:CompactTrail:0.00240000011|Transform:ConsumeBiomass:0.0639999956|Absorb:CondenseAtmosphericWater:0.00297092204|Transform:ConsumeBiomass:0.00891276635
1,140,SecureWater,,167,259,165,259,2,72,0,1,0.0038000000640749931,0.002970922039821744,0.063999995589256287,0.063999995589256287,0.14631442725658417,0.0028926834929734468,0,0.33023485541343689,0.043070897459983826,0.0035550037864595652,16.400001525878906,GreenGrowth|DryStandingBiomass|DryingWindow|DustFront|DepositionZone|OrganicPoorSoil|HarvesterFront|HarvesterMolt,Read:ReadFlows:12|Migrate:Move:2|Migrate:CompactTrail:0.00240000011|Transform:ConsumeBiomass:0.0639999956|Absorb:CondenseAtmosphericWater:0.00289268349|Transform:ConsumeBiomass:0.00867805071|Absorb:CaptureDust:0.0450000018
1,141,SecureWater,,165,259,163,259,2,72,0,1,0.0038000000640749931,0.0028926834929734468,0.063999995589256287,0.063999995589256287,0.13721302151679993,0.0028457054868340492,0,0.40239608287811279,0.064575351774692535,0.0036000038962811232,16.400001525878906,GreenGrowth|DryStandingBiomass|DryingWindow|DustFront|DepositionZone|OrganicPoorSoil|HarvesterFront|HarvesterMolt,Read:ReadFlows:12|Migrate:Move:2|Migrate:CompactTrail:0.00240000011|Transform:ConsumeBiomass:0.0639999956|Absorb:CondenseAtmosphericWater:0.00284570549|Transform:ConsumeBiomass:0.00853711646|Absorb:HarvestLiveBiomass:0.086819008|Absorb:HarvestDryBiomass:0.0578793362|Absorb:CaptureDust:0.0450000018|Transform:CureFreshBiomass:0.086819008
1,142,SecureWater,,163,259,162,260,1.4142135381698608,72,0,1,0.0036828427109867334,0.0028457054868340492,0.061363961547613144,0.061363961547613144,0.12902842462062836,0.0027803124394267797,0,0.33269119262695312,0.085212729871273041,0.0036450040061026812,16.400001525878906,GreenGrowth|DryStandingBiomass|DryingWindow|DustFront|DepositionZone|OrganicPoorSoil|HarvesterFront|HarvesterMolt,Read:ReadFlows:12|Migrate:Move:1.41421354|Migrate:CompactTrail:0.00120000006|Transform:ConsumeBiomass:0.0613639615|Absorb:CondenseAtmosphericWater:0.00278031244|Transform:ConsumeBiomass:0.00834093709|Absorb:CaptureDust:0.0450000018
1,143,SecureWater,,162,260,161,261,1.4142135381698608,72,0,1,0.0036828427109867334,0.0027803124394267797,0.061363961547613144,0.061363961547613144,0.11942334473133087,0.0028543274383991957,0,0.40426045656204224,0.10587675124406815,0.0036900041159242392,16.400001525878906,GreenGrowth|DryStandingBiomass|DryingWindow|DustFront|DepositionZone|OrganicPoorSoil|HarvesterFront|HarvesterMolt,Read:ReadFlows:12|Migrate:Move:1.41421354|Migrate:CompactTrail:0.00240000011|Transform:ConsumeBiomass:0.0613639615|Absorb:CondenseAtmosphericWater:0.00285432744|Transform:ConsumeBiomass:0.00856298208|Absorb:HarvestLiveBiomass:0.0848977193|Absorb:HarvestDryBiomass:0.0565984771|Absorb:CaptureDust:0.0450000018|Transform:CureFreshBiomass:0.0848977193
1,144,SecureWater,,161,261,160,262,1.4142135381698608,72,0,1,0.0036828427109867334,0.0028543274383991957,0.061363961547613144,0.061363961547613144,0.11142604053020477,0.0027955311816185713,0,0.33450990915298462,0.12651962041854858,0.0037350042257457972,16.400001525878906,GreenGrowth|DryStandingBiomass|DryingWindow|DustFront|DepositionZone|OrganicPoorSoil|HarvesterFront|HarvesterMolt,Read:ReadFlows:12|Migrate:Move:1.41421354|Migrate:CompactTrail:0.00120000006|Transform:ConsumeBiomass:0.0613639615|Absorb:CondenseAtmosphericWater:0.00279553118|Transform:ConsumeBiomass:0.00838659331|Absorb:CaptureDust:0.0450000018
1,145,SecureWater,,160,262,159,263,1.4142135381698608,72,0,1,0.0036828427109867334,0.0027955311816185713,0.061363961547613144,0.061363961547613144,0.10215155035257339,0.0027139410376548767,0,0.40339142084121704,0.14713311195373535,0.0037800043355673552,16.400001525878906,GreenGrowth|DryStandingBiomass|DryingWindow|DustFront|DepositionZone|OrganicPoorSoil|HarvesterFront|HarvesterMolt,Read:ReadFlows:12|Migrate:Move:1.41421354|Migrate:CompactTrail:0.00240000011|Transform:ConsumeBiomass:0.0613639615|Absorb:CondenseAtmosphericWater:0.00271394104|Transform:ConsumeBiomass:0.00814182311|Absorb:HarvestLiveBiomass:0.0830323696|Absorb:HarvestDryBiomass:0.0553549081|Absorb:CaptureDust:0.0450000018|Transform:CureFreshBiomass:0.0830323696
1,146,SecureWater,,159,263,158,264,1.4142135381698608,72,0,1,0.0036828427109867334,0.0027139410376548767,0.061363961547613144,0.061363961547613144,0.09110473096370697,0.0027232770808041096,0,0.33385762572288513,0,0.0038250044453889132,16.400001525878906,GreenGrowth|DryStandingBiomass|DryingWindow|DustFront|DepositionZone|OrganicPoorSoil|HarvesterFront|HarvesterMolt,Read:ReadFlows:12|Migrate:Move:1.41421354|Migrate:CompactTrail:0.00120000006|Transform:ConsumeBiomass:0.0613639615|Absorb:CondenseAtmosphericWater:0.00272327708|Transform:ConsumeBiomass:0.00816983171|Absorb:CaptureDust:0.0450000018|Return:ReturnOrganicMatter:0.167749956
1,147,SecureWater,,158,264,157,265,1.4142135381698608,72,0,1,0.0036828427109867334,0.0027232770808041096,0.061363961547613144,0.061363961547613144,0.080260708928108215,0.002743397606536746,0,0.39871042966842651,0.020624089986085892,0.0038700045552104712,16.400001525878906,GreenGrowth|DryStandingBiomass|DryingWindow|DustFront|DepositionZone|OrganicPoorSoil|HarvesterFront|HarvesterMolt,Read:ReadFlows:12|Migrate:Move:1.41421354|Migrate:CompactTrail:0.00240000011|Transform:ConsumeBiomass:0.0613639615|Absorb:CondenseAtmosphericWater:0.00274339761|Transform:ConsumeBiomass:0.00823019259|Absorb:HarvestLiveBiomass:0.0806681663|Absorb:HarvestDryBiomass:0.0537787713|Absorb:CaptureDust:0.0450000018|Transform:CureFreshBiomass:0.0806681663
1,148,SecureWater,,157,265,158,266,1.4142135381698608,72,0,1,0.0036828427109867334,0.002743397606536746,0.061363961547613144,0.061363961547613144,0.069853752851486206,0.0027424360159784555,0,0.46169283986091614,0.041247833520174026,0.0039150044322013855,16.400001525878906,GreenGrowth|DryStandingBiomass|DryingWindow|DustFront|DepositionZone|OrganicPoorSoil|HarvesterFront|HarvesterMolt,Read:ReadFlows:12|Migrate:Move:1.41421354|Migrate:CompactTrail:0.00120000006|Transform:ConsumeBiomass:0.0613639615|Absorb:CondenseAtmosphericWater:0.00274243602|Transform:ConsumeBiomass:0.00822730828|Absorb:HarvestLiveBiomass:0.0795442089|Absorb:HarvestDryBiomass:0.0530294701|Absorb:CaptureDust:0.0450000018|Transform:CureFreshBiomass:0.0795442089
1,149,SecureWater,,158,266,159,267,1.4142135381698608,72,0,1,0.0036828427109867334,0.0027424360159784555,0.061363961547613144,0.061363961547613144,0.059425912797451019,0.0027364117559045553,0,0.3921196460723877,0.061869408935308456,0.0039600045420229435,16.400001525878906,GreenGrowth|DryStandingBiomass|DryingWindow|DustFront|DepositionZone|OrganicPoorSoil|HarvesterFront|HarvesterMolt,Read:ReadFlows:12|Migrate:Move:1.41421354|Migrate:CompactTrail:0.00240000011|Transform:ConsumeBiomass:0.0613639615|Absorb:CondenseAtmosphericWater:0.00273641176|Transform:ConsumeBiomass:0.00820923503|Absorb:CaptureDust:0.0450000018
1,150,SecureWater,,159,267,160,268,1.4142135381698608,72,0,1,0.0036828427109867334,0.0027364117559045553,0.061363961547613144,0.061363961547613144,0.048867203295230865,0.0027362441178411245,0,0.45134305953979492,0.082490928471088409,0.0040050046518445015,16.400001525878906,GreenGrowth|DryStandingBiomass|DryingWindow|DustFront|DepositionZone|OrganicPoorSoil|HarvesterFront|HarvesterMolt,Read:ReadFlows:12|Migrate:Move:1.41421354|Migrate:CompactTrail:0.00120000006|Transform:ConsumeBiomass:0.0613639615|Absorb:CondenseAtmosphericWater:0.00273624412|Transform:ConsumeBiomass:0.00820873212|Absorb:HarvestLiveBiomass:0.0772776604|Absorb:HarvestDryBiomass:0.0515184402|Absorb:CaptureDust:0.0450000018|Transform:CureFreshBiomass:0.0772776604
1,151,SecureWater,,160,268,161,269,1.4142135381698608,72,0,1,0.0036828427109867334,0.0027362441178411245,0.061363961547613144,0.061363961547613144,0.038304857909679413,0.0027438912075012922,0,0.38174742460250854,0.10311519354581833,0.0040500047616660595,15.600001335144043,GreenGrowth|DryStandingBiomass|DryingWindow|DustFront|DepositionZone|OrganicPoorSoil|HarvesterFront|HarvesterMolt,Read:ReadFlows:12|Migrate:Move:1.41421354|Migrate:CompactTrail:0.00240000011|Transform:ConsumeBiomass:0.0613639615|Absorb:CondenseAtmosphericWater:0.00274389121|Transform:ConsumeBiomass:0.00823167339|Absorb:CaptureDust:0.0450000018|Transform:UseChitinForRepair:0.800000012
1,152,SecureWater,,161,269,162,270,1.4142135381698608,72,0,1,0.0036828427109867334,0.0027438912075012922,0.061363961547613144,0.061363961547613144,0.027908623218536377,0.0027565890923142433,0,0.38712784647941589,0.12374403327703476,0.0040950048714876175,15.600001335144043,GreenGrowth|DryStandingBiomass|DryingWindow|DustFront|DepositionZone|OrganicPoorSoil|HarvesterFront|HarvesterMolt,Read:ReadFlows:12|Migrate:Move:1.41421354|Migrate:CompactTrail:0.00120000006|Transform:ConsumeBiomass:0.0613639615|Absorb:CondenseAtmosphericWater:0.00275658909|Transform:ConsumeBiomass:0.00826976728|Absorb:HarvestLiveBiomass:0.0750141367|Absorb:CaptureDust:0.0450000018|Transform:CureFreshBiomass:0.0750141367
1,153,SecureWater,,162,270,163,271,1.4142135381698608,72,0,1,0.0036828427109867334,0.0027565890923142433,0.061363961547613144,0.061363961547613144,0.017788218334317207,0.0027506228070706129,0,0.39143311977386475,0.14437071979045868,0.0041400049813091755,15.600001335144043,GreenGrowth|DryStandingBiomass|DryingWindow|DustFront|DepositionZone|OrganicPoorSoil|HarvesterFront|HarvesterMolt,Read:ReadFlows:12|Migrate:Move:1.41421354|Migrate:CompactTrail:0.00240000011|Transform:ConsumeBiomass:0.0613639615|Absorb:CondenseAtmosphericWater:0.00275062281|Transform:ConsumeBiomass:0.00825186819|Absorb:HarvestLiveBiomass:0.0739211291|Absorb:CaptureDust:0.0450000018|Transform:CureFreshBiomass:0.0739211291
1,154,SecureWater,,163,271,162,270,1.4142135381698608,72,0,1,0.0036835393402725458,0.0027506228070706129,0.061363961547613144,0.061363961547613144,0.0075269117951393127,0.0027293942403048277,0,0.39469388127326965,0,0.0041850050911307335,15.600001335144043,GreenGrowth|DryStandingBiomass|DryingWindow|DustFront|DepositionZone|OrganicPoorSoil|HarvesterFront|HarvesterMolt,Read:ReadFlows:12|Migrate:Move:1.41421354|Migrate:CompactTrail:0.00120000006|Transform:ConsumeBiomass:0.0613639615|Absorb:CondenseAtmosphericWater:0.00272939424|Transform:ConsumeBiomass:0.00818818249|Absorb:HarvestLiveBiomass:0.0728129148|Absorb:CaptureDust:0.0450000018|Transform:CureFreshBiomass:0.0728129148|Return:ReturnOrganicMatter:0.164989769
1,155,SecureWater,,162,270,161,269,1.4142135381698608,72,0,1,0.003841346362605691,0.0027293942403048277,0.061363961547613144,0.061363961547613144,0,0.0027580363675951958,0,0.44505581259727478,0.020629359409213066,0.0042300052009522915,15.600001335144043,GreenGrowth|DryStandingBiomass|DryingWindow|DustFront|DepositionZone|OrganicPoorSoil|HarvesterFront|HarvesterMolt,Read:ReadFlows:12|Migrate:Move:1.41421354|Migrate:CompactTrail:0.00240000035|Transform:ConsumeBiomass:0.0613639615|Absorb:CondenseAtmosphericWater:0.00275803637|Transform:ConsumeBiomass:0.0082741091|Absorb:HarvestLiveBiomass:0.0720000044|Absorb:HarvestDryBiomass:0.0480000004|Absorb:CaptureDust:0.0450000018|Transform:CureFreshBiomass:0.0720000044
1,156,SecureWater,,161,269,160,268,1.4142135381698608,72,0,1,0.003726322203874588,0.0027580363675951958,0.061363961547613144,0.061363961547613144,0,0.0027963039465248585,0,0.37530294060707092,0.041272498667240143,0.0042750053107738495,15.600001335144043,GreenGrowth|DryStandingBiomass|DryingWindow|DustFront|DepositionZone|OrganicPoorSoil|HarvesterFront|HarvesterMolt,Read:ReadFlows:12|Migrate:Move:1.41421354|Migrate:CompactTrail:0.00120000006|Transform:ConsumeBiomass:0.0613639615|Absorb:CondenseAtmosphericWater:0.00279630395|Transform:ConsumeBiomass:0.00838891231|Absorb:CaptureDust:0.0450000018
1,157,SecureWater,,160,268,159,267,1.4142135381698608,72,0,1,0.0036828427109867334,0.0027963039465248585,0.061363961547613144,0.061363961547613144,0,0.0028000001329928637,0,0.42553898692131042,0.061916965991258621,0.0043200054205954075,15.600001335144043,GreenGrowth|DryStandingBiomass|DryingWindow|DustFront|DepositionZone|OrganicPoorSoil|HarvesterFront|HarvesterMolt,Read:ReadFlows:12|Migrate:Move:1.41421354|Migrate:CompactTrail:0.00240000058|Transform:ConsumeBiomass:0.0613639615|Absorb:CondenseAtmosphericWater:0.00280000013|Transform:ConsumeBiomass:0.00840000063|Absorb:HarvestLiveBiomass:0.0720000044|Absorb:HarvestDryBiomass:0.0480000004|Absorb:CaptureDust:0.0450000018|Transform:CureFreshBiomass:0.0720000044
1,158,SecureWater,,159,267,158,266,1.4142135381698608,72,0,1,0.0036828427109867334,0.0028000001329928637,0.061363961547613144,0.061363961547613144,0,0.0028000001329928637,0,0.35577502846717834,0.082561425864696503,0.0043650055304169655,15.600001335144043,GreenGrowth|DryStandingBiomass|DryingWindow|DustFront|DepositionZone|OrganicPoorSoil|HarvesterFront|HarvesterMolt,Read:ReadFlows:12|Migrate:Move:1.41421354|Migrate:CompactTrail:0.00120000006|Transform:ConsumeBiomass:0.0613639615|Absorb:CondenseAtmosphericWater:0.00280000013|Transform:ConsumeBiomass:0.00840000063|Absorb:CaptureDust:0.0450000018
1,159,SecureWater,,158,266,157,265,1.4142135381698608,72,0,1,0.0036828427109867334,0.0028000001329928637,0.061363961547613144,0.061363961547613144,0,0.0028000001329928637,0,0.40601107478141785,0.10320588946342468,0.0044100056402385235,15.600001335144043,GreenGrowth|DryStandingBiomass|DryingWindow|DustFront|DepositionZone|OrganicPoorSoil|HarvesterFront|HarvesterMolt,Read:ReadFlows:12|Migrate:Move:1.41421354|Migrate:CompactTrail:0.00240000011|Transform:ConsumeBiomass:0.0613639615|Absorb:CondenseAtmosphericWater:0.00280000013|Transform:ConsumeBiomass:0.00840000063|Absorb:HarvestLiveBiomass:0.0720000044|Absorb:HarvestDryBiomass:0.0480000004|Absorb:CaptureDust:0.0450000018|Transform:CureFreshBiomass:0.0720000044
1,160,SecureWater,,157,265,156,266,1.4142135381698608,72,0,1,0.0036828427109867334,0.0028000001329928637,0.061363961547613144,0.061363961547613144,0,0.0027433387003839016,0,0.33641707897186279,0.12382996082305908,0.0044550057500600815,15.600001335144043,GreenGrowth|DryStandingBiomass|DryingWindow|DustFront|DepositionZone|OrganicPoorSoil|HarvesterFront|HarvesterMolt,Read:ReadFlows:12|Migrate:Move:1.41421354|Migrate:CompactTrail:0.00120000006|Transform:ConsumeBiomass:0.0613639615|Absorb:CondenseAtmosphericWater:0.0027433387|Transform:ConsumeBiomass:0.00823001564|Absorb:CaptureDust:0.0450000018
1,161,SecureWater,GroundwaterDischarge,156,266,155,267,1.4142135381698608,72,0,1,0.0037059108726680279,0.0027433387003839016,0.061363961547613144,0.061363961547613144,0,0.0027544249314814806,0,0.38678985834121704,0.14445802569389343,0.0045000058598816395,15.600001335144043,GroundwaterDischarge|GreenGrowth|DryStandingBiomass|DryingWindow|DustFront|DepositionZone|OrganicPoorSoil|HarvesterFront|HarvesterMolt,Read:ReadFlows:12|Migrate:Move:1.41421354|Migrate:CompactTrail:0.00240000011|Transform:ConsumeBiomass:0.0613639615|Absorb:CondenseAtmosphericWater:0.00275442493|Transform:ConsumeBiomass:0.00826327503|Absorb:HarvestLiveBiomass:0.0720000044|Absorb:HarvestDryBiomass:0.0480000004|Absorb:CaptureDust:0.0450000018|Transform:CureFreshBiomass:0.0720000044
1,162,SecureWater,GroundwaterDischarge,155,267,154,268,1.4142135381698608,72,0,1,0.0037220146041363478,0.0027544249314814806,0.061363961547613144,0.061363961547613144,0,0.0026797184254974127,0,0.43738675117492676,0,0.0045450059697031975,15.600001335144043,GroundwaterDischarge|GreenGrowth|DryStandingBiomass|DryingWindow|DustFront|DepositionZone|OrganicPoorSoil|HarvesterFront|HarvesterMolt,Read:ReadFlows:12|Migrate:Move:1.41421354|Migrate:CompactTrail:0.00120000006|Transform:ConsumeBiomass:0.0613639615|Absorb:CondenseAtmosphericWater:0.00267971843|Transform:ConsumeBiomass:0.00803915504|Absorb:HarvestLiveBiomass:0.0720000044|Absorb:HarvestDryBiomass:0.0480000004|Absorb:CaptureDust:0.0450000018|Transform:CureFreshBiomass:0.0720000044|Return:ReturnOrganicMatter:0.165059194
1,163,SecureWater,GroundwaterDischarge,154,268,153,269,1.4142135381698608,72,0,1,0.0037373073864728212,0.0026797184254974127,0.061363961547613144,0.061363961547613144,0,0.0026697569992393255,0,0.36801350116729736,0.020597578957676888,0.0045900060795247555,15.600001335144043,GroundwaterDischarge|GreenGrowth|DryStandingBiomass|DryingWindow|DustFront|DepositionZone|OrganicPoorSoil|HarvesterFront|HarvesterMolt,Read:ReadFlows:12|Migrate:Move:1.41421354|Migrate:CompactTrail:0.00240000011|Transform:ConsumeBiomass:0.0613639615|Absorb:CondenseAtmosphericWater:0.002669757|Transform:ConsumeBiomass:0.00800927076|Absorb:CaptureDust:0.0450000018
1,164,SecureWater,GroundwaterDischarge,153,269,152,270,1.4142135381698608,72,0,1,0.0037583992816507816,0.0026697569992393255,0.061363961547613144,0.061363961547613144,0,0.0026676252018660307,0,0.41864666342735291,0.041194390505552292,0.0046350061893463135,15.600001335144043,GroundwaterDischarge|GreenGrowth|DryStandingBiomass|DryingWindow|DustFront|DepositionZone|OrganicPoorSoil|HarvesterFront|HarvesterMolt,Read:ReadFlows:12|Migrate:Move:1.41421354|Migrate:CompactTrail:0.00120000006|Transform:ConsumeBiomass:0.0613639615|Absorb:CondenseAtmosphericWater:0.0026676252|Transform:ConsumeBiomass:0.00800287537|Absorb:HarvestLiveBiomass:0.0720000044|Absorb:HarvestDryBiomass:0.0480000004|Absorb:CaptureDust:0.0450000018|Transform:CureFreshBiomass:0.0720000044
1,165,SecureWater,GroundwaterDischarge,152,270,151,271,1.4142135381698608,72,0,1,0.003772577503696084,0.0026676252018660307,0.061363961547613144,0.061363961547613144,0,0.0026936142239719629,0,0.34920185804367065,0.061800558120012283,0.0046800062991678715,15.600001335144043,GroundwaterDischarge|GreenGrowth|DryStandingBiomass|DryingWindow|DustFront|DepositionZone|OrganicPoorSoil|HarvesterFront|HarvesterMolt,Read:ReadFlows:12|Migrate:Move:1.41421354|Migrate:CompactTrail:0.00240000011|Transform:ConsumeBiomass:0.0613639615|Absorb:CondenseAtmosphericWater:0.00269361422|Transform:ConsumeBiomass:0.0080808429|Absorb:CaptureDust:0.0450000018
1,166,SecureWater,GroundwaterDischarge,151,271,150,272,1.4142135381698608,72,0,1,0.0037759968545287848,0.0026936142239719629,0.061363961547613144,0.061363961547613144,0,0.0027611805126070976,0,0.39955434203147888,0.082431048154830933,0.0047250064089894295,15.600001335144043,GroundwaterDischarge|GreenGrowth|DryStandingBiomass|DryingWindow|DustFront|DepositionZone|OrganicPoorSoil|HarvesterFront|HarvesterMolt,Read:ReadFlows:12|Migrate:Move:1.41421354|Migrate:CompactTrail:0.00120000006|Transform:ConsumeBiomass:0.0613639615|Absorb:CondenseAtmosphericWater:0.00276118051|Transform:ConsumeBiomass:0.00828354154|Absorb:HarvestLiveBiomass:0.0720000044|Absorb:HarvestDryBiomass:0.0480000004|Absorb:CaptureDust:0.0450000018|Transform:CureFreshBiomass:0.0720000044
1,167,SecureWater,GroundwaterDischarge,150,272,149,273,1.4142135381698608,72,0,1,0.0037859601434320211,0.0027611805126070976,0.061363961547613144,0.061363961547613144,0,0.0027404343709349632,0,0.449969083070755,0.10305406898260117,0.0047700065188109875,15.600001335144043,GroundwaterDischarge|GreenGrowth|DryStandingBiomass|DryingWindow|DustFront|DepositionZone|OrganicPoorSoil|HarvesterFront|HarvesterMolt,Read:ReadFlows:12|Migrate:Move:1.41421354|Migrate:CompactTrail:0.00240000011|Transform:ConsumeBiomass:0.0613639615|Absorb:CondenseAtmosphericWater:0.00274043437|Transform:ConsumeBiomass:0.00822130311|Absorb:HarvestLiveBiomass:0.0720000044|Absorb:HarvestDryBiomass:0.0480000004|Absorb:CaptureDust:0.0450000018|Transform:CureFreshBiomass:0.0720000044
1,168,SecureWater,GroundwaterDischarge,149,273,148,274,1.4142135381698608,72,0,1,0.0037982705980539322,0.0027404343709349632,0.061363961547613144,0.061363961547613144,0,0.0027604908682405949,0,0.38032364845275879,0.12368430942296982,0.0048150066286325455,15.600001335144043,GroundwaterDischarge|GreenGrowth|DryStandingBiomass|DryingWindow|DustFront|DepositionZone|OrganicPoorSoil|HarvesterFront|HarvesterMolt,Read:ReadFlows:12|Migrate:Move:1.41421354|Migrate:CompactTrail:0.00120000006|Transform:ConsumeBiomass:0.0613639615|Absorb:CondenseAtmosphericWater:0.00276049087|Transform:ConsumeBiomass:0.00828147307|Absorb:CaptureDust:0.0450000018
1,169,SecureWater,GroundwaterDischarge,148,274,147,275,1.4142135381698608,72,0,1,0.0038085293490439653,0.0027604908682405949,0.061363961547613144,0.061363961547613144,0,0.0027758474461734295,0,0.43063214421272278,0.14432007074356079,0.0048600067384541035,15.600001335144043,GroundwaterDischarge|GreenGrowth|DryStandingBiomass|DryingWindow|DustFront|DepositionZone|OrganicPoorSoil|HarvesterFront|HarvesterMolt,Read:ReadFlows:12|Migrate:Move:1.41421354|Migrate:CompactTrail:0.00240000011|Transform:ConsumeBiomass:0.0613639615|Absorb:CondenseAtmosphericWater:0.00277584745|Transform:ConsumeBiomass:0.00832754187|Absorb:HarvestLiveBiomass:0.0720000044|Absorb:HarvestDryBiomass:0.0480000004|Absorb:CaptureDust:0.0450000018|Transform:CureFreshBiomass:0.0720000044
1,170,SecureWater,GroundwaterDischarge,147,275,146,276,1.4142135381698608,72,0,1,0.0038153708446770906,0.0027758474461734295,0.061363961547613144,0.061363961547613144,0,0.0027948883362114429,0,0.36088350415229797,0,0.0049050068482756615,15.600001335144043,GroundwaterDischarge|GreenGrowth|DryStandingBiomass|DryingWindow|DustFront|DepositionZone|OrganicPoorSoil|HarvesterFront|HarvesterMolt,Read:ReadFlows:12|Migrate:Move:1.41421354|Migrate:CompactTrail:0.00120000006|Transform:ConsumeBiomass:0.0613639615|Absorb:CondenseAtmosphericWater:0.00279488834|Transform:ConsumeBiomass:0.00838466547|Absorb:CaptureDust:0.0450000018|Return:ReturnOrganicMatter:0.164962694
1,171,SecureWater,GroundwaterDischarge,146,276,145,277,1.4142135381698608,72,0,1,0.0038228738121688366,0.0027948883362114429,0.061363961547613144,0.061363961547613144,0,0.0028000001329928637,0,0.41111955046653748,0.020644467324018478,0.0049500069580972195,15.600001335144043,GroundwaterDischarge|GreenGrowth|DryStandingBiomass|DryingWindow|DustFront|DepositionZone|OrganicPoorSoil|HarvesterFront|HarvesterMolt,Read:ReadFlows:12|Migrate:Move:1.41421354|Migrate:CompactTrail:0.00240000011|Transform:ConsumeBiomass:0.0613639615|Absorb:CondenseAtmosphericWater:0.00280000013|Transform:ConsumeBiomass:0.00840000063|Absorb:HarvestLiveBiomass:0.0720000044|Absorb:HarvestDryBiomass:0.0480000004|Absorb:CaptureDust:0.0450000018|Transform:CureFreshBiomass:0.0720000044
1,172,SecureWater,GroundwaterDischarge,145,277,144,278,1.4142135381698608,72,0,1,0.0038351507391780615,0.0028000001329928637,0.061363961547613144,0.061363961547613144,0,0.0028000001329928637,0,0.3413555920124054,0.041288934648036957,0.0049950070679187775,15.600001335144043,GroundwaterDischarge|GreenGrowth|DryStandingBiomass|DryingWindow|DustFront|DepositionZone|OrganicPoorSoil|HarvesterFront|HarvesterMolt,Read:ReadFlows:12|Migrate:Move:1.41421354|Migrate:CompactTrail:0.00120000006|Transform:ConsumeBiomass:0.0613639615|Absorb:CondenseAtmosphericWater:0.00280000013|Transform:ConsumeBiomass:0.00840000063|Absorb:CaptureDust:0.0450000018
1,173,SecureWater,GroundwaterDischarge,144,278,143,279,1.4142135381698608,72,0,1,0.0038539045490324497,0.0028000001329928637,0.061363961547613144,0.061363961547613144,0,0.0028000001329928637,0,0.3915916383266449,0.061933401972055435,0.0050400071777403355,15.600001335144043,GroundwaterDischarge|GreenGrowth|DryStandingBiomass|DryingWindow|DustFront|DepositionZone|OrganicPoorSoil|HarvesterFront|HarvesterMolt,Read:ReadFlows:12|Migrate:Move:1.41421354|Migrate:CompactTrail:0.00240000011|Transform:ConsumeBiomass:0.0613639615|Absorb:CondenseAtmosphericWater:0.00280000013|Transform:ConsumeBiomass:0.00840000063|Absorb:HarvestLiveBiomass:0.0720000044|Absorb:HarvestDryBiomass:0.0480000004|Absorb:CaptureDust:0.0450000018|Transform:CureFreshBiomass:0.0720000044
1,174,SecureWater,GroundwaterDischarge,143,279,142,280,1.4142135381698608,72,0,1,0.0038795438595116138,0.0028000001329928637,0.061363961547613144,0.061363961547613144,0,0.0027988350484520197,0,0.44183117151260376,0.082577444612979889,0.0050850072875618935,15.600001335144043,GroundwaterDischarge|GreenGrowth|DryStandingBiomass|DryingWindow|DustFront|DepositionZone|OrganicPoorSoil|HarvesterFront|HarvesterMolt,Read:ReadFlows:12|Migrate:Move:1.41421354|Migrate:CompactTrail:0.00120000006|Transform:ConsumeBiomass:0.0613639615|Absorb:CondenseAtmosphericWater:0.00279883505|Transform:ConsumeBiomass:0.00839650538|Absorb:HarvestLiveBiomass:0.0720000044|Absorb:HarvestDryBiomass:0.0480000004|Absorb:CaptureDust:0.0450000018|Transform:CureFreshBiomass:0.0720000044
1,175,SecureWater,GroundwaterDischarge,142,280,141,281,1.4142135381698608,72,0,1,0.0039149923250079155,0.0027988350484520197,0.061363961547613144,0.061363961547613144,0,0.0026338119059801102,0,0.37256577610969543,0.10316208750009537,0.0050850072875618935,15.600001335144043,GroundwaterDischarge|GreenGrowth|DryStandingBiomass|DryingWindow|DustFront|DepositionZone|OrganicPoorSoil|HarvesterFront|HarvesterMolt,Read:ReadFlows:12|Migrate:Move:1.41421354|Migrate:CompactTrail:0.00240000011|Transform:ConsumeBiomass:0.0613639615|Absorb:CondenseAtmosphericWater:0.00263381191|Transform:ConsumeBiomass:0.00790143572
1,176,SecureWater,GroundwaterDischarge,141,281,140,282,1.4142135381698608,72,0,1,0.003947750199586153,0.0026338119059801102,0.061363961547613144,0.061363961547613144,0,0.0024999799206852913,0,0.42370188236236572,0.12369854748249054,0.0051300073973834515,15.600001335144043,GroundwaterDischarge|GreenGrowth|DryStandingBiomass|DryingWindow|DustFront|DepositionZone|OrganicPoorSoil|HarvesterFront|HarvesterMolt,Read:ReadFlows:12|Migrate:Move:1.41421354|Migrate:CompactTrail:0.00120000006|Transform:ConsumeBiomass:0.0613639615|Absorb:CondenseAtmosphericWater:0.00249997992|Transform:ConsumeBiomass:0.00749993976|Absorb:HarvestLiveBiomass:0.0720000044|Absorb:HarvestDryBiomass:0.0480000004|Absorb:CaptureDust:0.0450000018|Transform:CureFreshBiomass:0.0720000044
1,177,SecureWater,GroundwaterDischarge,140,282,139,283,1.4142135381698608,72,0,1,0.0039571910165250301,0.0024999799206852913,0.061363961547613144,0.061363961547613144,0,0.0024916224647313356,0,0.35486304759979248,0.14423200488090515,0.0051750075072050095,15.600001335144043,GroundwaterDischarge|GreenGrowth|DryStandingBiomass|DryingWindow|DustFront|DepositionZone|OrganicPoorSoil|HarvesterFront|HarvesterMolt,Read:ReadFlows:12|Migrate:Move:1.41421354|Migrate:CompactTrail:0.00240000011|Transform:ConsumeBiomass:0.0613639615|Absorb:CondenseAtmosphericWater:0.00249162246|Transform:ConsumeBiomass:0.00747486763|Absorb:CaptureDust:0.0450000018
1,178,SecureWater,GroundwaterDischarge,139,283,138,284,1.4142135381698608,72,0,1,0.0039642308838665485,0.0024916224647313356,0.061363961547613144,0.061363961547613144,0,0.0024635952431708574,0,0.40610828995704651,0,0.0052200076170265675,15.600001335144043,GroundwaterDischarge|GreenGrowth|DryStandingBiomass|DryingWindow|DustFront|DepositionZone|OrganicPoorSoil|HarvesterFront|HarvesterMolt,Read:ReadFlows:12|Migrate:Move:1.41421354|Migrate:CompactTrail:0.00120000006|Transform:ConsumeBiomass:0.0613639615|Absorb:CondenseAtmosphericWater:0.00246359524|Transform:ConsumeBiomass:0.00739078596|Absorb:HarvestLiveBiomass:0.0720000044|Absorb:HarvestDryBiomass:0.0480000004|Absorb:CaptureDust:0.0450000018|Transform:CureFreshBiomass:0.0720000044|Return:ReturnOrganicMatter:0.164755359
1,179,SecureWater,GroundwaterDischarge,138,284,137,285,1.4142135381698608,72,0,1,0.0039700628258287907,0.0024635952431708574,0.061363961547613144,0.061363961547613144,0,0.0024630015250295401,0,0.33735531568527222,0.020523147657513618,0.0052650077268481255,15.600001335144043,GroundwaterDischarge|GreenGrowth|DryStandingBiomass|DryingWindow|DustFront|DepositionZone|OrganicPoorSoil|HarvesterFront|HarvesterMolt,Read:ReadFlows:12|Migrate:Move:1.41421354|Migrate:CompactTrail:0.00240000011|Transform:ConsumeBiomass:0.0613639615|Absorb:CondenseAtmosphericWater:0.00246300153|Transform:ConsumeBiomass:0.00738900434|Absorb:CaptureDust:0.0450000018
1,180,SecureWater,GroundwaterDischarge,137,285,136,286,1.4142135381698608,72,0,1,0.0039623449556529522,0.0024630015250295401,0.061363961547613144,0.061363961547613144,0,0.0024710961151868105,0,0.38857805728912354,0.041049208492040634,0.0053100078366696835,15.600001335144043,GroundwaterDischarge|GreenGrowth|DryStandingBiomass|DryingWindow|DustFront|DepositionZone|HarvesterFront|HarvesterMolt,Read:ReadFlows:12|Migrate:Move:1.41421354|Migrate:CompactTrail:0.00120000006|Transform:ConsumeBiomass:0.0613639615|Absorb:CondenseAtmosphericWater:0.00247109612|Transform:ConsumeBiomass:0.00741328858|Absorb:HarvestLiveBiomass:0.0720000044|Absorb:HarvestDryBiomass:0.0480000004|Absorb:CaptureDust:0.0450000018|Transform:CureFreshBiomass:0.0720000044
1,181,SecureWater,GroundwaterDischarge,136,286,135,287,1.4142135381698608,72,0,1,0.0039390553720295429,0.0024710961151868105,0.061363961547613144,0.061363961547613144,0,0.0024726344272494316,0,0.43979617953300476,0.061575822532176971,0.0053100078366696835,14.80000114440918,GroundwaterDischarge|GreenGrowth|DryStandingBiomass|DryingWindow|DustFront|DepositionZone|HarvesterFront|HarvesterMolt,Read:ReadFlows:12|Migrate:Move:1.41421354|Migrate:CompactTrail:0.00240000011|Transform:ConsumeBiomass:0.0613639615|Absorb:CondenseAtmosphericWater:0.00247263443|Transform:ConsumeBiomass:0.00741790328|Absorb:HarvestLiveBiomass:0.0720000044|Absorb:HarvestDryBiomass:0.0480000004|Transform:CureFreshBiomass:0.0720000044|Transform:UseChitinForRepair:0.800000012
1,182,SecureWater,GroundwaterDischarge,135,287,134,288,1.4142135381698608,72,0,1,0.0039259106852114201,0.0024726344272494316,0.061363961547613144,0.061363961547613144,0,0.0025086794048547745,0,0.37090617418289185,0.082115411758422852,0.0053100078366696835,14.80000114440918,GroundwaterDischarge|GreenGrowth|DryStandingBiomass|DryingWindow|DustFront|DepositionZone|HarvesterFront|HarvesterMolt,Read:ReadFlows:12|Migrate:Move:1.41421354|Migrate:CompactTrail:0.00120000006|Transform:ConsumeBiomass:0.0613639615|Absorb:CondenseAtmosphericWater:0.0025086794|Transform:ConsumeBiomass:0.00752603821
1,183,SecureWater,GroundwaterDischarge,134,288,133,289,1.4142135381698608,72,0,1,0.0039273141883313656,0.0025086794048547745,0.061363961547613144,0.061363961547613144,0,0.0025519116315990686,0,0.42188647389411926,0.10267056524753571,0.0053100078366696835,14.80000114440918,GroundwaterDischarge|GreenGrowth|DryStandingBiomass|DryingWindow|DustFront|DepositionZone|HarvesterFront|HarvesterMolt,Read:ReadFlows:12|Migrate:Move:1.41421354|Migrate:CompactTrail:0.00240000011|Transform:ConsumeBiomass:0.0613639615|Absorb:CondenseAtmosphericWater:0.00255191163|Transform:ConsumeBiomass:0.00765573513|Absorb:HarvestLiveBiomass:0.0720000044|Absorb:HarvestDryBiomass:0.0480000004|Transform:CureFreshBiomass:0.0720000044
1,184,SecureWater,GroundwaterDischarge,133,289,132,290,1.4142135381698608,72,0,1,0.0039289998821914196,0.0025519116315990686,0.061363961547613144,0.061363961547613144,0,0.0025465453509241343,0,0.35288286209106445,0.12322378903627396,0.0053550079464912415,14.80000114440918,GroundwaterDischarge|GreenGrowth|DryStandingBiomass|DryingWindow|DustFront|DepositionZone|HarvesterFront|HarvesterMolt,Read:ReadFlows:12|Migrate:Move:1.41421354|Migrate:CompactTrail:0.00120000006|Transform:ConsumeBiomass:0.0613639615|Absorb:CondenseAtmosphericWater:0.00254654535|Transform:ConsumeBiomass:0.00763963629|Absorb:CaptureDust:0.0450000018
1,185,SecureWater,GroundwaterDischarge,132,290,131,291,1.4142135381698608,72,0,1,0.0039184833876788616,0.0025465453509241343,0.061363961547613144,0.061363961547613144,0,0.0025494096335023642,0,0.40387067198753357,0.14377805590629578,0.0054000080563127995,14.80000114440918,GroundwaterDischarge|GreenGrowth|DryStandingBiomass|DryingWindow|DustFront|DepositionZone|HarvesterFront|HarvesterMolt,Read:ReadFlows:12|Migrate:Move:1.41421354|Migrate:CompactTrail:0.00240000011|Transform:ConsumeBiomass:0.0613639615|Absorb:CondenseAtmosphericWater:0.00254940963|Transform:ConsumeBiomass:0.00764822867|Absorb:HarvestLiveBiomass:0.0720000044|Absorb:HarvestDryBiomass:0.0480000004|Absorb:CaptureDust:0.0450000018|Transform:CureFreshBiomass:0.0720000044
1,186,SecureWater,GroundwaterDischarge,131,291,130,292,1.4142135381698608,72,0,1,0.0039228973910212517,0.0025494096335023642,0.061363961547613144,0.061363961547613144,0,0.0025389338843524456,0,0.33488991856575012,0,0.0054450081661343575,14.80000114440918,GroundwaterDischarge|GreenGrowth|DryStandingBiomass|DryingWindow|DustFront|DepositionZone|HarvesterFront|HarvesterMolt,Read:ReadFlows:12|Migrate:Move:1.41421354|Migrate:CompactTrail:0.00120000006|Transform:ConsumeBiomass:0.0613639615|Absorb:CondenseAtmosphericWater:0.00253893388|Transform:ConsumeBiomass:0.00761680165|Absorb:CaptureDust:0.0450000018|Return:ReturnOrganicMatter:0.164328545
1,187,SecureWater,GroundwaterDischarge,130,292,129,293,1.4142135381698608,72,0,1,0.0039425422437489033,0.0025389338843524456,0.061363961547613144,0.061363961547613144,0,0.0025520958006381989,0,0.38586968183517456,0.020555222406983376,0.0054900082759559155,14.80000114440918,GroundwaterDischarge|GreenGrowth|DryStandingBiomass|DryingWindow|DustFront|DepositionZone|HarvesterFront|HarvesterMolt,Read:ReadFlows:12|Migrate:Move:1.41421354|Migrate:CompactTrail:0.00240000011|Transform:ConsumeBiomass:0.0613639615|Absorb:CondenseAtmosphericWater:0.0025520958|Transform:ConsumeBiomass:0.0076562874|Absorb:HarvestLiveBiomass:0.0720000044|Absorb:HarvestDryBiomass:0.0480000004|Absorb:CaptureDust:0.0450000018|Transform:CureFreshBiomass:0.0720000044
1,188,SecureWater,GroundwaterDischarge,129,293,128,294,1.4142135381698608,72,0,1,0.0039610126987099648,0.0025520958006381989,0.061363961547613144,0.061363961547613144,0,0.0025405108463019133,0,0.43688419461250305,0.041106272488832474,0.0055350083857774734,14.80000114440918,GroundwaterDischarge|GreenGrowth|DryStandingBiomass|DryingWindow|DustFront|DepositionZone|HarvesterFront|HarvesterMolt,Read:ReadFlows:12|Migrate:Move:1.41421354|Migrate:CompactTrail:0.00120000006|Transform:ConsumeBiomass:0.0613639615|Absorb:CondenseAtmosphericWater:0.00254051085|Transform:ConsumeBiomass:0.00762153231|Absorb:HarvestLiveBiomass:0.0720000044|Absorb:HarvestDryBiomass:0.0480000004|Absorb:CaptureDust:0.0450000018|Transform:CureFreshBiomass:0.0720000044
1,189,SecureWater,GroundwaterDischarge,128,294,127,295,1.4142135381698608,72,0,1,0.0039664898067712784,0.0025405108463019133,0.061363961547613144,0.061363961547613144,0,0.0025017471052706242,0,0.36801499128341675,0.061643369495868683,0.0055800084955990314,14.80000114440918,GroundwaterDischarge|GreenGrowth|DryStandingBiomass|DryingWindow|DustFront|DepositionZone|HarvesterFront|HarvesterMolt,Read:ReadFlows:12|Migrate:Move:1.41421354|Migrate:CompactTrail:0.00240000011|Transform:ConsumeBiomass:0.0613639615|Absorb:CondenseAtmosphericWater:0.00250174711|Transform:ConsumeBiomass:0.00750524132|Absorb:CaptureDust:0.0450000018
1,190,SecureWater,GroundwaterDischarge,127,295,126,296,1.4142135381698608,72,0,1,0.0039950734935700893,0.0025017471052706242,0.061363961547613144,0.061363961547613144,0,0.0024877900723367929,0,0.41918766498565674,0.082175441086292267,0.0055800084955990314,14.80000114440918,GroundwaterDischarge|GreenGrowth|DryStandingBiomass|DryingWindow|DustFront|DepositionZone|HarvesterFront|HarvesterMolt,Read:ReadFlows:12|Migrate:Move:1.41421354|Migrate:CompactTrail:0.00120000006|Transform:ConsumeBiomass:0.0613639615|Absorb:CondenseAtmosphericWater:0.00248779007|Transform:ConsumeBiomass:0.00746337045|Absorb:HarvestLiveBiomass:0.0720000044|Absorb:HarvestDryBiomass:0.0480000004|Transform:CureFreshBiomass:0.0720000044
1,191,SecureWater,GroundwaterDischarge,126,296,125,297,1.4142135381698608,72,0,1,0.0040851645171642303,0.0024877900723367929,0.061363961547613144,0.061363961547613144,0,0.0025204666890203953,0,0.35026231408119202,0.10271927714347839,0.0055800084955990314,14.80000114440918,GroundwaterDischarge|GreenGrowth|DryStandingBiomass|DryingWindow|DustFront|DepositionZone|HarvesterFront|HarvesterMolt,Read:ReadFlows:12|Migrate:Move:1.41421354|Migrate:CompactTrail:0.00240000011|Transform:ConsumeBiomass:0.0613639615|Absorb:CondenseAtmosphericWater:0.00252046669|Transform:ConsumeBiomass:0.00756140007
1,192,SecureWater,GroundwaterDischarge,125,297,124,298,1.4142135381698608,72,0,1,0.0042380271479487419,0.0025204666890203953,0.061363961547613144,0.061363961547613144,0,0.002429955406114459,0,0.40160849690437317,0.12323053181171417,0.0055800084955990314,14.80000114440918,GroundwaterDischarge|GreenGrowth|DryStandingBiomass|DryingWindow|DustFront|DepositionZone|HarvesterFront|HarvesterMolt,Read:ReadFlows:12|Migrate:Move:1.41421354|Migrate:CompactTrail:0.00120000006|Transform:ConsumeBiomass:0.0613639615|Absorb:CondenseAtmosphericWater:0.00242995541|Transform:ConsumeBiomass:0.00728986599|Absorb:HarvestLiveBiomass:0.0720000044|Absorb:HarvestDryBiomass:0.0480000004|Transform:CureFreshBiomass:0.0720000044
1,193,SecureWater,GroundwaterDischarge,124,298,123,299,1.4142135381698608,72,0,1,0.0044321850873529911,0.002429955406114459,0.061363961547613144,0.061363961547613144,0,0.0023495284840464592,0,0.33319595456123352,0.14371283352375031,0.0055800084955990314,14.80000114440918,GroundwaterDischarge|GreenGrowth|DryStandingBiomass|DryingWindow|DustFront|DepositionZone|HarvesterFront|HarvesterMolt,Read:ReadFlows:12|Migrate:Move:1.41421354|Migrate:CompactTrail:0.00240000011|Transform:ConsumeBiomass:0.0613639615|Absorb:CondenseAtmosphericWater:0.00234952848|Transform:ConsumeBiomass:0.00704858545
1,194,SecureWater,GroundwaterDischarge,123,299,122,300,1.4142135381698608,72,0,1,0.0046541718766093254,0.0023495284840464592,0.061363961547613144,0.061363961547613144,0,0.0023529538884758949,0,0.3847731351852417,0,0.0055800084955990314,14.80000114440918,GroundwaterDischarge|GreenGrowth|DryStandingBiomass|DryingWindow|DustFront|DepositionZone|HarvesterFront|HarvesterMolt,Read:ReadFlows:12|Migrate:Move:1.41421354|Migrate:CompactTrail:0.00120000006|Transform:ConsumeBiomass:0.0613639615|Absorb:CondenseAtmosphericWater:0.00235295389|Transform:ConsumeBiomass:0.00705886167|Absorb:HarvestLiveBiomass:0.0720000044|Absorb:HarvestDryBiomass:0.0480000004|Transform:CureFreshBiomass:0.0720000044|Return:ReturnOrganicMatter:0.164196357
1,195,SecureWater,GroundwaterDischarge,122,300,121,301,1.4142135381698608,72,0,1,0.0048973178490996361,0.0023529538884758949,0.061363961547613144,0.061363961547613144,0,0.0023082576226443052,0,0.43648439645767212,0.020467439666390419,0.0055800084955990314,14.80000114440918,GroundwaterDischarge|GreenGrowth|DryStandingBiomass|DryingWindow|DustFront|DepositionZone|HarvesterFront|HarvesterMolt,Read:ReadFlows:12|Migrate:Move:1.41421354|Migrate:CompactTrail:0.00240000011|Transform:ConsumeBiomass:0.0613639615|Absorb:CondenseAtmosphericWater:0.00230825762|Transform:ConsumeBiomass:0.00692477264|Absorb:HarvestLiveBiomass:0.0720000044|Absorb:HarvestDryBiomass:0.0480000004|Transform:CureFreshBiomass:0.0720000044
1,196,SecureWater,GroundwaterDischarge,121,301,120,302,1.4142135381698608,72,0,1,0.0051696901209652424,0.0023082576226443052,0.061363961547613144,0.061363961547613144,0,0.0022184092085808516,0,0.36846521496772766,0.040902532637119293,0.0055800084955990314,14.80000114440918,GroundwaterDischarge|GreenGrowth|DryStandingBiomass|DryingWindow|HarvesterFront|HarvesterMolt,Read:ReadFlows:12|Migrate:Move:1.41421354|Migrate:CompactTrail:0.00120000006|Transform:ConsumeBiomass:0.0613639615|Absorb:CondenseAtmosphericWater:0.00221840921|Transform:ConsumeBiomass:0.00665522739
1,197,SecureWater,GroundwaterDischarge,120,302,119,303,1.4142135381698608,72,0,1,0.0053824740462005138,0.0022184092085808516,0.061363961547613144,0.061363961547613144,0,0.0022051348350942135,0.07078329473733902,0.34848585724830627,0.062549561262130737,0.0055800084955990314,14.80000114440918,RainFront|GroundwaterDischarge|GreenGrowth|DryStandingBiomass|DryingWindow|HarvesterFront|HarvesterMolt,Read:ReadFlows:12|Migrate:Move:1.41421354|Migrate:CompactTrail:0.00240000011|Transform:ConsumeBiomass:0.0613639615|Absorb:CondenseAtmosphericWater:0.00220513484|Transform:ConsumeBiomass:0.00661540451|Absorb:HarvestLiveBiomass:0.0720000044|Absorb:HarvestDryBiomass:0.0480000004|Transform:SpoilFreshBiomass:0.00121671101
1,198,SecureWater,GroundwaterDischarge,119,303,118,304,1.4142135381698608,72,0,1,0.0055546569637954235,0.0022051348350942135,0.061363961547613144,0.061363961547613144,0,0.0022049914114177227,0,0.4712902307510376,0.082979828119277954,0.0055800084955990314,14.80000114440918,GroundwaterDischarge|GreenGrowth|DryStandingBiomass|DryingWindow|DustFront|DepositionZone|HarvesterFront|HarvesterMolt,Read:ReadFlows:12|Migrate:Move:1.41421354|Migrate:CompactTrail:0.00120000006|Transform:ConsumeBiomass:0.0613639615|Absorb:CondenseAtmosphericWater:0.00220499141|Transform:ConsumeBiomass:0.00661497423|Absorb:HarvestLiveBiomass:0.0720000044|Absorb:HarvestDryBiomass:0.0480000004|Transform:CureFreshBiomass:0.142783299
1,199,SecureWater,GroundwaterDischarge,118,304,117,305,1.4142135381698608,72,0,1,0.0056831478141248226,0.0022049914114177227,0.061363961547613144,0.061363961547613144,0,0.0022141586523503065,0,0.40328377485275269,0.10341339558362961,0.0055800084955990314,14.80000114440918,GroundwaterDischarge|GreenGrowth|DryStandingBiomass|DryingWindow|DustFront|DepositionZone|HarvesterFront|HarvesterMolt,Read:ReadFlows:12|Migrate:Move:1.41421354|Migrate:CompactTrail:0.00240000011|Transform:ConsumeBiomass:0.0613639615|Absorb:CondenseAtmosphericWater:0.00221415865|Transform:ConsumeBiomass:0.00664247572
1,200,SecureWater,GroundwaterDischarge,117,305,116,306,1.4142135381698608,72,0,1,0.005743660032749176,0.0022141586523503065,0.061363961547613144,0.061363961547613144,0,0.0022328291088342667,0,0.33522132039070129,0.12385368347167969,0.0056250086054205894,14.80000114440918,GroundwaterDischarge|GreenGrowth|DryStandingBiomass|DryingWindow|DustFront|DepositionZone,Read:ReadFlows:12|Migrate:Move:1.41421354|Migrate:CompactTrail:0.00120000006|Transform:ConsumeBiomass:0.0613639615|Absorb:CondenseAtmosphericWater:0.00223282911|Transform:ConsumeBiomass:0.00669848733|Absorb:CaptureDust:0.0450000018
1,201,SecureWater,GroundwaterDischarge,116,306,115,307,1.4142135381698608,72,0,1,0.0057536186650395393,0.0022328291088342667,0.061363961547613144,0.061363961547613144,0,0.0022379439324140549,0,0.38714352250099182,0.14429581165313721,0.0056700087152421474,14.80000114440918,GroundwaterDischarge|GreenGrowth|DryStandingBiomass|DryingWindow|DustFront|DepositionZone,Read:ReadFlows:12|Migrate:Move:1.41421354|Migrate:CompactTrail:0.00240000011|Transform:ConsumeBiomass:0.0613639615|Absorb:CondenseAtmosphericWater:0.00223794393|Transform:ConsumeBiomass:0.0067138318|Absorb:HarvestLiveBiomass:0.0720000044|Absorb:HarvestDryBiomass:0.0480000004|Absorb:CaptureDust:0.0450000018|Transform:CureFreshBiomass:0.0720000044
1,202,SecureWater,GroundwaterDischarge,115,307,114,308,1.4142135381698608,72,0,1,0.0057111815549433231,0.0022379439324140549,0.061363961547613144,0.061363961547613144,0,0.0022506196983158588,0,0.43902769684791565,0,0.0057150088250637054,14.80000114440918,GroundwaterDischarge|GreenGrowth|DryStandingBiomass|DryingWindow|DustFront|DepositionZone,Read:ReadFlows:12|Migrate:Move:1.41421354|Migrate:CompactTrail:0.00120000006|Transform:ConsumeBiomass:0.0613639615|Absorb:CondenseAtmosphericWater:0.0022506197|Transform:ConsumeBiomass:0.00675185909|Absorb:HarvestLiveBiomass:0.0720000044|Absorb:HarvestDryBiomass:0.0480000004|Absorb:CaptureDust:0.0450000018|Transform:CureFreshBiomass:0.0720000044|Return:ReturnOrganicMatter:0.1647425
1,203,SecureWater,GroundwaterDischarge,114,308,113,309,1.4142135381698608,72,0,1,0.0056130588054656982,0.0022506196983158588,0.061363961547613144,0.061363961547613144,0,0.0022573801688849926,0,0.37089160084724426,0.020449124276638031,0.0057600089348852634,14.80000114440918,GroundwaterDischarge|GreenGrowth|DryStandingBiomass|DryingWindow|DustFront|DepositionZone,Read:ReadFlows:12|Migrate:Move:1.41421354|Migrate:CompactTrail:0.00240000011|Transform:ConsumeBiomass:0.0613639615|Absorb:CondenseAtmosphericWater:0.00225738017|Transform:ConsumeBiomass:0.00677214051|Absorb:CaptureDust:0.0450000018
1,204,SecureWater,GroundwaterDischarge,113,309,112,311,2.2360680103302002,72,0,1,0.0056448630057275295,0.0022573801688849926,0.065062306821346283,0.065062306821346283,0,0.0022541373036801815,0.070736527442932129,0.34706687927246094,0.043344032019376755,0.0058050090447068214,14.80000114440918,GroundwaterDischarge|GreenGrowth|DryStandingBiomass|DryingWindow|DustFront|DepositionZone,Read:ReadFlows:12|Migrate:Move:2.23606801|Migrate:CompactTrail:0.00360000017|Transform:ConsumeBiomass:0.0650623068|Absorb:CondenseAtmosphericWater:0.0022541373|Transform:ConsumeBiomass:0.00676241191|Absorb:HarvestLiveBiomass:0.0720000044|Absorb:HarvestDryBiomass:0.0480000004|Absorb:CaptureDust:0.0450000018|Transform:SpoilFreshBiomass:0.00126347586
1,205,SecureWater,GroundwaterDischarge,112,311,111,313,2.2360680103302002,72,0,1,0.0054603382013738155,0.0022541373036801815,0.065062306821346283,0.065062306821346283,0,0.0022679679095745087,0,0.46593719720840454,0.064980439841747284,0.0058500091545283794,14.80000114440918,GroundwaterDischarge|GreenGrowth|DryStandingBiomass|DryingWindow|DustFront|DepositionZone,Read:ReadFlows:12|Migrate:Move:2.23606801|Migrate:CompactTrail:0.00360000017|Transform:ConsumeBiomass:0.0650623068|Absorb:CondenseAtmosphericWater:0.00226796791|Transform:ConsumeBiomass:0.00680390373|Absorb:HarvestLiveBiomass:0.0720000044|Absorb:HarvestDryBiomass:0.0480000004|Absorb:CaptureDust:0.0450000018|Transform:CureFreshBiomass:0.142736524
1,206,SecureWater,GroundwaterDischarge,111,313,110,315,2.2360680103302002,72,0,1,0.0052361655980348587,0.0022679679095745087,0.065062306821346283,0.065062306821346283,0,0.0024764374829828739,0,0.39344558119773865,0.086691893637180328,0.0058500091545283794,14.80000114440918,GroundwaterDischarge|GreenGrowth|DryStandingBiomass|DryingWindow|DustFront|DepositionZone,Read:ReadFlows:12|Migrate:Move:2.23606801|Migrate:CompactTrail:0.00360000017|Transform:ConsumeBiomass:0.0650623068|Absorb:CondenseAtmosphericWater:0.00247643748|Transform:ConsumeBiomass:0.00742931245
1,207,SecureWater,GroundwaterDischarge,110,315,109,317,2.2360680103302002,72,0,1,0.0049918834120035172,0.0024764374829828739,0.065062306821346283,0.065062306821346283,0,0.0021090996451675892,0,0.44205597043037415,0.10827110707759857,0.0058500091545283794,14.80000114440918,GroundwaterDischarge|GreenGrowth|DryStandingBiomass|DryingWindow|DustFront|DepositionZone,Read:ReadFlows:12|Migrate:Move:2.23606801|Migrate:CompactTrail:0.00360000017|Transform:ConsumeBiomass:0.0650623068|Absorb:CondenseAtmosphericWater:0.00210909965|Transform:ConsumeBiomass:0.00632729894|Absorb:HarvestLiveBiomass:0.0720000044|Absorb:HarvestDryBiomass:0.0480000004|Transform:CureFreshBiomass:0.0720000044
1,208,SecureWater,GroundwaterDischarge,109,317,108,319,2.2360680103302002,72,0,1,0.0046322783455252647,0.0021090996451675892,0.065062306821346283,0.065062306821346283,0,0.0021236776374280453,0,0.37062263488769531,0.12985555827617645,0.0058500091545283794,14.80000114440918,RainFront|GroundwaterDischarge|GreenGrowth|DryStandingBiomass|DryingWindow|DustFront|DepositionZone,Read:ReadFlows:12|Migrate:Move:2.23606801|Migrate:CompactTrail:0.00360000017|Transform:ConsumeBiomass:0.0650623068|Absorb:CondenseAtmosphericWater:0.00212367764|Transform:ConsumeBiomass:0.00637103291
1,209,SecureWater,GroundwaterDischarge,108,319,108,319,0,72,0,1,0.0034031907562166452,0.0021236776374280453,0.054999999701976776,0.054999999701976776,0,0.0021183590870350599,0,0.42926755547523499,0.14821816980838776,0.0058500091545283794,14.80000114440918,RainFront|GroundwaterDischarge|GreenGrowth|DryStandingBiomass|DryingWindow|DustFront|DepositionZone,Read:ReadFlows:12|Transform:ConsumeBiomass:0.0549999997|Absorb:CondenseAtmosphericWater:0.00211835909|Transform:ConsumeBiomass:0.00635507703|Absorb:HarvestLiveBiomass:0.0720000044|Absorb:HarvestDryBiomass:0.0480000004|Transform:CureFreshBiomass:0.0720000044
1,210,SecureWater,GroundwaterDischarge,108,319,108,319,0,72,0,1,0.0034000000450760126,0.0021183590870350599,0.054999999701976776,0.054999999701976776,0,0.0021129380911588669,0,0.36792874336242676,0,0.0058500091545283794,14.80000114440918,RainFront|GroundwaterDischarge|GreenGrowth|DryStandingBiomass|DryingWindow|DustFront|DepositionZone,Read:ReadFlows:12|Transform:ConsumeBiomass:0.0549999997|Absorb:CondenseAtmosphericWater:0.00211293809|Transform:ConsumeBiomass:0.00633881427|Return:ReturnOrganicMatter:0.166578829
1,211,SecureWater,GroundwaterDischarge,108,319,108,319,0,72,0,1,0.0034000000450760126,0.0021129380911588669,0.054999999701976776,0.054999999701976776,0,0.0022942780051380396,0,0.42604589462280273,0.018425939604640007,0.0058500091545283794,14.000000953674316,GroundwaterDischarge|GreenGrowth|DryStandingBiomass|DryingWindow|DustFront|DepositionZone,Read:ReadFlows:12|Transform:ConsumeBiomass:0.0549999997|Absorb:CondenseAtmosphericWater:0.00229427801|Transform:ConsumeBiomass:0.00688283425|Absorb:HarvestLiveBiomass:0.0720000044|Absorb:HarvestDryBiomass:0.0480000004|Transform:CureFreshBiomass:0.0720000044|Transform:UseChitinForRepair:0.800000012
1,212,SecureWater,GroundwaterDischarge,108,319,108,319,0,72,0,1,0.0034000000450760126,0.0022942780051380396,0.054999999701976776,0.054999999701976776,0,0.0024508018977940083,0,0.3636934757232666,0.036908231675624847,0.0058500091545283794,14.000000953674316,GroundwaterDischarge|GreenGrowth|DryStandingBiomass|DryingWindow|DustFront|DepositionZone,Read:ReadFlows:12|Transform:ConsumeBiomass:0.0549999997|Absorb:CondenseAtmosphericWater:0.0024508019|Transform:ConsumeBiomass:0.00735240569
1,213,SecureWater,GroundwaterDischarge,108,319,108,319,0,72,0,1,0.0034000000450760126,0.0024508018977940083,0.054999999701976776,0.054999999701976776,0,0.0020961572881788015,0,0.42240500450134277,0.055262848734855652,0.0058500091545283794,14.000000953674316,GroundwaterDischarge|GreenGrowth|DryStandingBiomass|DryingWindow|DustFront|DepositionZone,Read:ReadFlows:12|Transform:ConsumeBiomass:0.0549999997|Absorb:CondenseAtmosphericWater:0.00209615729|Transform:ConsumeBiomass:0.00628847163|Absorb:HarvestLiveBiomass:0.0720000044|Absorb:HarvestDryBiomass:0.0480000004|Transform:CureFreshBiomass:0.0720000044
1,214,SecureWater,GroundwaterDischarge,108,319,108,319,0,72,0,1,0.0034000000450760126,0.0020961572881788015,0.054999999701976776,0.054999999701976776,0,0.0020903376862406731,0,0.36113399267196655,0.073615372180938721,0.0058500091545283794,14.000000953674316,GroundwaterDischarge|GreenGrowth|DryStandingBiomass|DryingWindow|DustFront|DepositionZone,Read:ReadFlows:12|Transform:ConsumeBiomass:0.0549999997|Absorb:CondenseAtmosphericWater:0.00209033769|Transform:ConsumeBiomass:0.00627101306
1,215,SecureWater,GroundwaterDischarge,108,319,108,319,0,72,0,1,0.0034000000450760126,0.0020903376862406731,0.054999999701976776,0.054999999701976776,0,0.002084468025714159,0,0.41988059878349304,0.091965779662132263,0.0058500091545283794,14.000000953674316,GroundwaterDischarge|GreenGrowth|DryStandingBiomass|DryingWindow|DustFront|DepositionZone,Read:ReadFlows:12|Transform:ConsumeBiomass:0.0549999997|Absorb:CondenseAtmosphericWater:0.00208446803|Transform:ConsumeBiomass:0.00625340408|Absorb:HarvestLiveBiomass:0.0720000044|Absorb:HarvestDryBiomass:0.0480000004|Transform:CureFreshBiomass:0.0720000044
1,216,SecureWater,GroundwaterDischarge,108,319,108,319,0,72,0,1,0.0034000000450760126,0.002084468025714159,0.054999999701976776,0.054999999701976776,0,0.0021050157956779003,0,0.35856553912162781,0.11032358556985855,0.0058500091545283794,14.000000953674316,GroundwaterDischarge|GreenGrowth|DryStandingBiomass|DryingWindow|DustFront|DepositionZone,Read:ReadFlows:12|Transform:ConsumeBiomass:0.0549999997|Absorb:CondenseAtmosphericWater:0.0021050158|Transform:ConsumeBiomass:0.00631504739
1,217,SecureWater,GroundwaterDischarge,108,319,108,319,0,72,0,1,0.0035078255459666252,0.0021050157956779003,0.054999999701976776,0.054999999701976776,0,0.0021599424071609974,0,0.41708570718765259,0.12870115041732788,0.0058500091545283794,14.000000953674316,GroundwaterDischarge|GreenGrowth|DryStandingBiomass|DryingWindow|DustFront|DepositionZone,Read:ReadFlows:12|Transform:ConsumeBiomass:0.0549999997|Absorb:CondenseAtmosphericWater:0.00215994241|Transform:ConsumeBiomass:0.00647982722|Absorb:HarvestLiveBiomass:0.0720000044|Absorb:HarvestDryBiomass:0.0480000004|Transform:CureFreshBiomass:0.0720000044
1,218,SecureWater,GroundwaterDischarge,108,319,108,319,0,72,0,1,0.0034918105229735374,0.0021599424071609974,0.054999999701976776,0.054999999701976776,0,0.002200479619204998,0,0.3554842472076416,0.14709332585334778,0.0058500091545283794,14.000000953674316,GroundwaterDischarge|GreenGrowth|DryStandingBiomass|DryingWindow|DustFront|DepositionZone,Read:ReadFlows:12|Transform:ConsumeBiomass:0.0549999997|Absorb:CondenseAtmosphericWater:0.00220047962|Transform:ConsumeBiomass:0.00660143886
1,219,SecureWater,GroundwaterDischarge,108,319,108,319,0,72,0,1,0.0034582668449729681,0.002200479619204998,0.054999999701976776,0.054999999701976776,0,0.0022162131499499083,0,0.41383561491966248,0,0.0058500091545283794,14.000000953674316,GroundwaterDischarge|GreenGrowth|DryStandingBiomass|DryingWindow|DustFront|DepositionZone,Read:ReadFlows:12|Transform:ConsumeBiomass:0.0549999997|Absorb:CondenseAtmosphericWater:0.00221621315|Transform:ConsumeBiomass:0.00664863922|Absorb:HarvestLiveBiomass:0.0720000044|Absorb:HarvestDryBiomass:0.0480000004|Transform:CureFreshBiomass:0.0720000044|Return:ReturnOrganicMatter:0.165491164
1,220,SecureWater,GroundwaterDischarge,108,319,108,319,0,72,0,1,0.0034151202999055386,0.0022162131499499083,0.054999999701976776,0.054999999701976776,0,0.0021740677766501904,0,0.35231339931488037,0.018382664769887924,0.0058500091545283794,14.000000953674316,GroundwaterDischarge|GreenGrowth|DryStandingBiomass|DryingWindow|DustFront|DepositionZone,Read:ReadFlows:12|Transform:ConsumeBiomass:0.0549999997|Absorb:CondenseAtmosphericWater:0.00217406778|Transform:ConsumeBiomass:0.00652220333
1,221,SecureWater,GroundwaterDischarge,108,319,108,319,0,72,0,1,0.0034000000450760126,0.0021740677766501904,0.054999999701976776,0.054999999701976776,0,0.0022431281395256519,0,0.41058400273323059,0.036790192127227783,0.0058500091545283794,14.000000953674316,GroundwaterDischarge|GreenGrowth|DryStandingBiomass|DryingWindow|DustFront|DepositionZone,Read:ReadFlows:12|Transform:ConsumeBiomass:0.0549999997|Absorb:CondenseAtmosphericWater:0.00224312814|Transform:ConsumeBiomass:0.00672938442|Absorb:HarvestLiveBiomass:0.0720000044|Absorb:HarvestDryBiomass:0.0480000004|Transform:CureFreshBiomass:0.0720000044
1,222,SecureWater,GroundwaterDischarge,108,319,108,319,0,72,0,1,0.0034000000450760126,0.0022431281395256519,0.054999999701976776,0.054999999701976776,0,0.0020417529158294201,0,0.3494587242603302,0.055125221610069275,0.0058500091545283794,14.000000953674316,GroundwaterDischarge|GreenGrowth|DryStandingBiomass|DryingWindow|DustFront|DepositionZone,Read:ReadFlows:12|Transform:ConsumeBiomass:0.0549999997|Absorb:CondenseAtmosphericWater:0.00204175292|Transform:ConsumeBiomass:0.00612525875
1,223,SecureWater,GroundwaterDischarge,108,319,108,319,0,72,0,1,0.0034000000450760126,0.0020417529158294201,0.054999999701976776,0.054999999701976776,0,0.0020356869790703058,0,0.40835165977478027,0.073458068072795868,0.0058500091545283794,14.000000953674316,GroundwaterDischarge|GreenGrowth|DryStandingBiomass|DryingWindow|DustFront|DepositionZone,Read:ReadFlows:12|Transform:ConsumeBiomass:0.0549999997|Absorb:CondenseAtmosphericWater:0.00203568698|Transform:ConsumeBiomass:0.00610706117|Absorb:HarvestLiveBiomass:0.0720000044|Absorb:HarvestDryBiomass:0.0480000004|Transform:CureFreshBiomass:0.0720000044
1,224,SecureWater,GroundwaterDischarge,108,319,108,319,0,72,0,1,0.0034000000450760126,0.0020356869790703058,0.054999999701976776,0.054999999701976776,0,0.0020296510774642229,0,0.34726271033287048,0.091788738965988159,0.0058500091545283794,14.000000953674316,GroundwaterDischarge|GreenGrowth|DryStandingBiomass|DryingWindow|DustFront|DepositionZone,Read:ReadFlows:12|Transform:ConsumeBiomass:0.0549999997|Absorb:CondenseAtmosphericWater:0.00202965108|Transform:ConsumeBiomass:0.00608895347
1,225,SecureWater,GroundwaterDischarge,108,319,108,319,0,72,0,1,0.0034000000450760126,0.0020296510774642229,0.054999999701976776,0.054999999701976776,0,0.002023658249527216,0,0.40619173645973206,0.11011725664138794,0.0058500091545283794,14.000000953674316,GroundwaterDischarge|GreenGrowth|DryStandingBiomass|DryingWindow|DustFront|DepositionZone,Read:ReadFlows:12|Transform:ConsumeBiomass:0.0549999997|Absorb:CondenseAtmosphericWater:0.00202365825|Transform:ConsumeBiomass:0.00607097475|Absorb:HarvestLiveBiomass:0.0720000044|Absorb:HarvestDryBiomass:0.0480000004|Transform:CureFreshBiomass:0.0720000044
1,226,SecureWater,GroundwaterDischarge,108,319,108,319,0,72,0,1,0.0034000000450760126,0.002023658249527216,0.054999999701976776,0.054999999701976776,0,0.0022557335905730724,0,0.34442451596260071,0.12852932512760162,0.0058500091545283794,14.000000953674316,GroundwaterDischarge|GreenGrowth|DryStandingBiomass|DryingWindow|DustFront|DepositionZone,Read:ReadFlows:12|Transform:ConsumeBiomass:0.0549999997|Absorb:CondenseAtmosphericWater:0.00225573359|Transform:ConsumeBiomass:0.00676720077
1,227,SecureWater,GroundwaterDischarge,108,319,108,319,0,72,0,1,0.0034000000450760126,0.0022557335905730724,0.054999999701976776,0.054999999701976776,0,0.0022839582525193691,0,0.4025726318359375,0.14695155620574951,0.0058500091545283794,14.000000953674316,GroundwaterDischarge|GreenGrowth|DryStandingBiomass|DryingWindow|DustFront|DepositionZone,Read:ReadFlows:12|Transform:ConsumeBiomass:0.0549999997|Absorb:CondenseAtmosphericWater:0.00228395825|Transform:ConsumeBiomass:0.00685187476|Absorb:HarvestLiveBiomass:0.0720000044|Absorb:HarvestDryBiomass:0.0480000004|Transform:CureFreshBiomass:0.0720000044
1,228,SecureWater,GroundwaterDischarge,108,319,108,319,0,72,0,1,0.0034000000450760126,0.0022839582525193691,0.054999999701976776,0.054999999701976776,0,0.0020058830268681049,0,0.34155496954917908,0,0.0058500091545283794,14.000000953674316,GroundwaterDischarge|GreenGrowth|DryStandingBiomass|DryingWindow|DustFront|DepositionZone,Read:ReadFlows:12|Transform:ConsumeBiomass:0.0549999997|Absorb:CondenseAtmosphericWater:0.00200588303|Transform:ConsumeBiomass:0.00601764908|Return:ReturnOrganicMatter:0.165273681
1,229,SecureWater,GroundwaterDischarge,108,319,108,319,0,72,0,1,0.0034000000450760126,0.0020058830268681049,0.054999999701976776,0.054999999701976776,0,0.0020000254735350609,0,0.40055489540100098,0.018320009112358093,0.0058500091545283794,14.000000953674316,GroundwaterDischarge|GreenGrowth|DryStandingBiomass|DryingWindow|DustFront|DepositionZone,Read:ReadFlows:12|Transform:ConsumeBiomass:0.0549999997|Absorb:CondenseAtmosphericWater:0.00200002547|Transform:ConsumeBiomass:0.00600007642|Absorb:HarvestLiveBiomass:0.0720000044|Absorb:HarvestDryBiomass:0.0480000004|Transform:CureFreshBiomass:0.0720000044
1,230,SecureWater,GroundwaterDischarge,108,319,108,319,0,72,0,1,0.0034000000450760126,0.0020000254735350609,0.054999999701976776,0.054999999701976776,0,0.0019942081999033689,0,0.3395722508430481,0.036637924611568451,0.0058500091545283794,14.000000953674316,GroundwaterDischarge|GreenGrowth|DryStandingBiomass|DryingWindow|DustFront|DepositionZone,Read:ReadFlows:12|Transform:ConsumeBiomass:0.0549999997|Absorb:CondenseAtmosphericWater:0.0019942082|Transform:ConsumeBiomass:0.00598262437
1,231,SecureWater,GroundwaterDischarge,108,319,108,319,0,72,0,1,0.0034000000450760126,0.0019942081999033689,0.054999999701976776,0.054999999701976776,0,0.0019884337671101093,0,0.39860695600509644,0.054953761398792267,0.0058500091545283794,14.000000953674316,GroundwaterDischarge|GreenGrowth|DryStandingBiomass|DryingWindow|DustFront|DepositionZone,Read:ReadFlows:12|Transform:ConsumeBiomass:0.0549999997|Absorb:CondenseAtmosphericWater:0.00198843377|Transform:ConsumeBiomass:0.0059653013|Absorb:HarvestLiveBiomass:0.0720000044|Absorb:HarvestDryBiomass:0.0480000004|Transform:CureFreshBiomass:0.0720000044
1,232,SecureWater,GroundwaterDischarge,108,319,108,319,0,72,0,1,0.0034000000450760126,0.0019884337671101093,0.054999999701976776,0.054999999701976776,0,0.0019826928619295359,0,0.33765888214111328,0.073267534375190735,0.0058500091545283794,14.000000953674316,GroundwaterDischarge|GreenGrowth|DryStandingBiomass|DryingWindow|DustFront|DepositionZone,Read:ReadFlows:12|Transform:ConsumeBiomass:0.0549999997|Absorb:CondenseAtmosphericWater:0.00198269286|Transform:ConsumeBiomass:0.00594807882
1,233,SecureWater,GroundwaterDischarge,108,319,108,319,0,72,0,1,0.0034000000450760126,0.0019826928619295359,0.054999999701976776,0.054999999701976776,0,0.0019893769640475512,0.070866003632545471,0.27669075131416321,0.09271770715713501,0.0058500091545283794,14.000000953674316,GroundwaterDischarge|GreenGrowth|DryStandingBiomass|DryingWindow|DustFront|DepositionZone,Read:ReadFlows:12|Transform:ConsumeBiomass:0.0549999997|Absorb:CondenseAtmosphericWater:0.00198937696|Transform:ConsumeBiomass:0.00596813112|Absorb:HarvestLiveBiomass:0.0720000044|Transform:SpoilFreshBiomass:0.00113400002
1,234,SecureWater,GroundwaterDischarge,108,319,108,319,0,72,0,1,0.0034000000450760126,0.0019893769640475512,0.054999999701976776,0.054999999701976776,0,0.0025578197091817856,0,0.35688328742980957,0.11123852431774139,0.0058500091545283794,14.000000953674316,GroundwaterDischarge|GreenGrowth|DryStandingBiomass|DryingWindow|DustFront|DepositionZone,Read:ReadFlows:12|Transform:ConsumeBiomass:0.0549999997|Absorb:CondenseAtmosphericWater:0.00255781971|Transform:ConsumeBiomass:0.00767345913|Absorb:HarvestLiveBiomass:0.0720000044|Transform:CureFreshBiomass:0.142866015
1,235,SecureWater,GroundwaterDischarge,108,319,108,319,0,72,0,1,0.0034000000450760126,0.0025578197091817856,0.054999999701976776,0.054999999701976776,0,0.0022001799661666155,0,0.36728274822235107,0.12963059544563293,0.0058500091545283794,14.000000953674316,GroundwaterDischarge|GreenGrowth|DryStandingBiomass|DryingWindow|DustFront|DepositionZone,Read:ReadFlows:12|Transform:ConsumeBiomass:0.0549999997|Absorb:CondenseAtmosphericWater:0.00220017997|Transform:ConsumeBiomass:0.00660054013|Absorb:HarvestLiveBiomass:0.0720000044|Transform:CureFreshBiomass:0.0720000044
1,236,SecureWater,GroundwaterDischarge,108,319,108,319,0,72,0,1,0.0034000000450760126,0.0022001799661666155,0.054999999701976776,0.054999999701976776,0,0.0020442113745957613,0,0.37815010547637939,0.14796650409698486,0.0058500091545283794,14.000000953674316,GroundwaterDischarge|GreenGrowth|DryStandingBiomass|DryingWindow|DustFront|DepositionZone,Read:ReadFlows:12|Transform:ConsumeBiomass:0.0549999997|Absorb:CondenseAtmosphericWater:0.00204421137|Transform:ConsumeBiomass:0.00613263436|Absorb:HarvestLiveBiomass:0.0720000044|Transform:CureFreshBiomass:0.0720000044
1,237,SecureWater,GroundwaterDischarge,108,319,108,319,0,72,0,1,0.0034000000450760126,0.0020442113745957613,0.054999999701976776,0.054999999701976776,0,0.0020636767148971558,0,0.38895907998085022,0,0.0058500091545283794,14.000000953674316,GroundwaterDischarge|GreenGrowth|DryStandingBiomass|DryingWindow|DustFront|DepositionZone,Read:ReadFlows:12|Transform:ConsumeBiomass:0.0549999997|Absorb:CondenseAtmosphericWater:0.00206367671|Transform:ConsumeBiomass:0.00619103014|Absorb:HarvestLiveBiomass:0.0720000044|Transform:CureFreshBiomass:0.0720000044|Return:ReturnOrganicMatter:0.166309431
1,238,SecureWater,GroundwaterDischarge,108,319,108,319,0,72,0,1,0.0034000000450760126,0.0020636767148971558,0.054999999701976776,0.054999999701976776,0,0.0021001389250159264,0,0.39965865015983582,0.018356049433350563,0.0058500091545283794,14.000000953674316,GroundwaterDischarge|GreenGrowth|DryStandingBiomass|DryingWindow|DustFront|DepositionZone,Read:ReadFlows:12|Transform:ConsumeBiomass:0.0549999997|Absorb:CondenseAtmosphericWater:0.00210013893|Transform:ConsumeBiomass:0.00630041678|Absorb:HarvestLiveBiomass:0.0720000044|Transform:CureFreshBiomass:0.0720000044
1,239,SecureWater,GroundwaterDischarge,108,319,108,319,0,72,0,1,0.0034000000450760126,0.0021001389250159264,0.054999999701976776,0.054999999701976776,0,0.0021422114223241806,0,0.33823201060295105,0.036727242171764374,0.0058500091545283794,14.000000953674316,GroundwaterDischarge|GreenGrowth|DryStandingBiomass|DryingWindow|DustFront|DepositionZone,Read:ReadFlows:12|Transform:ConsumeBiomass:0.0549999997|Absorb:CondenseAtmosphericWater:0.00214221142|Transform:ConsumeBiomass:0.00642663427
1,240,SecureWater,GroundwaterDischarge,108,319,108,319,0,72,0,1,0.0034000000450760126,0.0021422114223241806,0.054999999701976776,0.054999999701976776,0,0.0019382319878786802,0,0.3494172990322113,0.055025003850460052,0.0058500091545283794,14.000000953674316,GroundwaterDischarge|GreenGrowth|DryStandingBiomass|DryingWindow|DustFront|DepositionZone,Read:ReadFlows:12|Transform:ConsumeBiomass:0.0549999997|Absorb:CondenseAtmosphericWater:0.00193823199|Transform:ConsumeBiomass:0.00581469573|Absorb:HarvestLiveBiomass:0.0720000044|Transform:CureFreshBiomass:0.0720000044
1,241,SecureWater,GroundwaterDischarge,108,319,108,319,0,72,0,1,0.0034000000450760126,0.0019382319878786802,0.054999999701976776,0.054999999701976776,0,0.002226619515568018,0,0.35973742604255676,0.073426589369773865,0.0058500091545283794,13.200000762939453,GroundwaterDischarge|GreenGrowth|DryStandingBiomass|DryingWindow|DustFront|DepositionZone,Read:ReadFlows:12|Transform:ConsumeBiomass:0.0549999997|Absorb:CondenseAtmosphericWater:0.00222661952|Transform:ConsumeBiomass:0.00667985855|Absorb:HarvestLiveBiomass:0.0720000044|Transform:CureFreshBiomass:0.0720000044|Transform:UseChitinForRepair:0.800000012
1,242,SecureWater,GroundwaterDischarge,108,319,108,319,0,72,0,1,0.0034000000450760126,0.002226619515568018,0.054999999701976776,0.054999999701976776,0,0.0021336458157747984,0,0.37033647298812866,0.091794699430465698,0.0058500091545283794,13.200000762939453,GroundwaterDischarge|GreenGrowth|DryStandingBiomass|DryingWindow|DustFront|DepositionZone,Read:ReadFlows:12|Transform:ConsumeBiomass:0.0549999997|Absorb:CondenseAtmosphericWater:0.00213364582|Transform:ConsumeBiomass:0.00640093721|Absorb:HarvestLiveBiomass:0.0720000044|Transform:CureFreshBiomass:0.0720000044
1,243,SecureWater,GroundwaterDischarge,108,319,108,319,0,72,0,1,0.0034000000450760126,0.0021336458157747984,0.054999999701976776,0.054999999701976776,0,0.0019222486298531294,0,0.38156971335411072,0.11008670926094055,0.0058500091545283794,13.200000762939453,GroundwaterDischarge|GreenGrowth|DryStandingBiomass|DryingWindow|DustFront|DepositionZone,Read:ReadFlows:12|Transform:ConsumeBiomass:0.0549999997|Absorb:CondenseAtmosphericWater:0.00192224863|Transform:ConsumeBiomass:0.00576674566|Absorb:HarvestLiveBiomass:0.0720000044|Transform:CureFreshBiomass:0.0720000044
1,244,SecureWater,GroundwaterDischarge,108,319,108,319,0,72,0,1,0.0034601641818881035,0.0019222486298531294,0.054999999701976776,0.054999999701976776,0,0.0019170168088749051,0,0.39281865954399109,0.12837684154510498,0.0058500091545283794,13.200000762939453,GroundwaterDischarge|GreenGrowth|DryStandingBiomass|DryingWindow|DustFront|DepositionZone,Read:ReadFlows:12|Transform:ConsumeBiomass:0.0549999997|Absorb:CondenseAtmosphericWater:0.00191701681|Transform:ConsumeBiomass:0.00575105054|Absorb:HarvestLiveBiomass:0.0720000044|Transform:CureFreshBiomass:0.0720000044
1,245,SecureWater,GroundwaterDischarge,108,319,108,319,0,72,0,1,0.0034000000450760126,0.0019170168088749051,0.054999999701976776,0.054999999701976776,0,0.0019118336495012045,0,0.33208316564559937,0.14666509628295898,0.0058500091545283794,13.200000762939453,GroundwaterDischarge|GreenGrowth|DryStandingBiomass|DryingWindow|DustFront|DepositionZone,Read:ReadFlows:12|Transform:ConsumeBiomass:0.0549999997|Absorb:CondenseAtmosphericWater:0.00191183365|Transform:ConsumeBiomass:0.00573550072
1,246,SecureWater,GroundwaterDischarge,108,319,108,319,0,72,0,1,0.0034000000450760126,0.0019118336495012045,0.054999999701976776,0.054999999701976776,0,0.0019067038083449006,0,0.34336304664611816,0,0.0058500091545283794,13.200000762939453,GroundwaterDischarge|GreenGrowth|DryStandingBiomass|DryingWindow|DustFront|DepositionZone,Read:ReadFlows:12|Transform:ConsumeBiomass:0.0549999997|Absorb:CondenseAtmosphericWater:0.00190670381|Transform:ConsumeBiomass:0.00572011154|Absorb:HarvestLiveBiomass:0.0720000044|Transform:CureFreshBiomass:0.0720000044|Return:ReturnOrganicMatter:0.164951503
1,247,SecureWater,GroundwaterDischarge,108,319,108,319,0,72,0,1,0.0034000000450760126,0.0019067038083449006,0.054999999701976776,0.054999999701976776,0,0.0019016199512407184,0,0.35465818643569946,0.01828458346426487,0.0058500091545283794,13.200000762939453,GroundwaterDischarge|GreenGrowth|DryStandingBiomass|DryingWindow|DustFront|DepositionZone,Read:ReadFlows:12|Transform:ConsumeBiomass:0.0549999997|Absorb:CondenseAtmosphericWater:0.00190161995|Transform:ConsumeBiomass:0.00570485974|Absorb:HarvestLiveBiomass:0.0720000044|Transform:CureFreshBiomass:0.0720000044
1,248,SecureWater,GroundwaterDischarge,108,319,108,319,0,72,0,1,0.0034000000450760126,0.0019016199512407184,0.054999999701976776,0.054999999701976776,0,0.0019178986549377441,0,0.36590448021888733,0.03657502681016922,0.0058500091545283794,13.200000762939453,GroundwaterDischarge|GreenGrowth|DryStandingBiomass|DryingWindow|DustFront|DepositionZone,Read:ReadFlows:12|Transform:ConsumeBiomass:0.0549999997|Absorb:CondenseAtmosphericWater:0.00191789865|Transform:ConsumeBiomass:0.00575369596|Absorb:HarvestLiveBiomass:0.0720000044|Transform:CureFreshBiomass:0.0720000044
1,249,SecureWater,SurfaceWater,108,319,108,319,0,72,0,1,0.0034000000450760126,0.0019178986549377441,0.054999999701976776,0.054999999701976776,0,0.01016756147146225,0,0.37550178170204163,0.055063348263502121,0.0058500091545283794,13.200000762939453,SurfaceWater|GroundwaterDischarge|GreenGrowth|DryStandingBiomass|DryingWindow|DustFront|DepositionZone,Read:ReadFlows:12|Transform:ConsumeBiomass:0.0549999997|Absorb:WithdrawSurfaceWater:0.00769999996|Absorb:CondenseAtmosphericWater:0.00246756128|Transform:ConsumeBiomass:0.00740268361|Absorb:HarvestLiveBiomass:0.0720000044|Transform:CureFreshBiomass:0.0720000044
1,250,SecureWater,GroundwaterDischarge,108,319,108,319,0,72,1,1,0.0034000000450760126,0.0034000000450760126,0.054999999701976776,0.054999999701976776,0.014290038496255875,0.0086970720440149307,0,0.38825657963752747,0.073357976973056793,0.0058500091545283794,13.200000762939453,GroundwaterDischarge|GreenGrowth|DryStandingBiomass|DryingWindow|DustFront|DepositionZone,Read:ReadFlows:12|Transform:ConsumeBiomass:0.0549999997|Absorb:CondenseAtmosphericWater:0.00192951085|Transform:ConsumeBiomass:0.00578853255|Absorb:HarvestLiveBiomass:0.0735433325|Transform:CureFreshBiomass:0.0735433325
1,251,SecureWater,GroundwaterDischarge,108,319,108,319,0,72,1,1,0.0034000000450760126,0.0034000000450760126,0.054999999701976776,0.054999999701976776,0.028517056256532669,0.0075775617733597755,0,0.40149492025375366,0.091778956353664398,0.0058500091545283794,13.200000762939453,GroundwaterDischarge|GreenGrowth|DryStandingBiomass|DryingWindow|DustFront|DepositionZone,Read:ReadFlows:12|Transform:ConsumeBiomass:0.0549999997|Absorb:CondenseAtmosphericWater:0.00228048931|Transform:ConsumeBiomass:0.00684146769|Absorb:HarvestLiveBiomass:0.0750798434|Transform:CureFreshBiomass:0.0750798434
1,252,SecureWater,GroundwaterDischarge,108,319,108,319,0,72,1,1,0.0034000000450760126,0.0034000000450760126,0.054999999701976776,0.054999999701976776,0.042696096003055573,0.0063608521595597267,0,0.33994504809379578,0.11016494035720825,0.0058500091545283794,13.200000762939453,GroundwaterDischarge|GreenGrowth|DryStandingBiomass|DryingWindow|DustFront|DepositionZone,Read:ReadFlows:12|Transform:ConsumeBiomass:0.0549999997|Absorb:CondenseAtmosphericWater:0.00218329043|Transform:ConsumeBiomass:0.00654987153
1,253,SecureWater,GroundwaterDischarge,108,319,108,319,0,72,1,1,0.0034000000450760126,0.0034000000450760126,0.054999999701976776,0.054999999701976776,0.056822989135980606,0.005115327425301075,0,0.3566184937953949,0.12854054570198059,0.0058500091545283794,13.200000762939453,GroundwaterDischarge|GreenGrowth|DryStandingBiomass|DryingWindow|DustFront|DepositionZone,Read:ReadFlows:12|Transform:ConsumeBiomass:0.0549999997|Absorb:CondenseAtmosphericWater:0.00215447531|Transform:ConsumeBiomass:0.00646342617|Absorb:HarvestLiveBiomass:0.0781368911|Transform:CureFreshBiomass:0.0781368911
1,254,SecureWater,GroundwaterDischarge,108,319,108,319,0,72,1,1,0.0034000000450760126,0.0034000000450760126,0.054999999701976776,0.054999999701976776,0.070896506309509277,0.0039099147543311119,0,0.37469154596328735,0.14693059027194977,0.0058500091545283794,13.200000762939453,GroundwaterDischarge|GreenGrowth|DryStandingBiomass|DryingWindow|DustFront|DepositionZone,Read:ReadFlows:12|Transform:ConsumeBiomass:0.0549999997|Absorb:CondenseAtmosphericWater:0.00219458714|Transform:ConsumeBiomass:0.00658376142|Absorb:HarvestLiveBiomass:0.0796568245|Transform:CureFreshBiomass:0.0796568245
1,255,SecureWater,GroundwaterDischarge,108,319,108,319,0,72,1,1,0.0034000000450760126,0.0034000000450760126,0.054999999701976776,0.054999999701976776,0.08491835743188858,0.0026863487437367439,0,0.39433342218399048,0,0.0058500091545283794,13.200000762939453,GroundwaterDischarge|GreenGrowth|DryStandingBiomass|DryingWindow|DustFront|DepositionZone,Read:ReadFlows:12|Transform:ConsumeBiomass:0.0549999997|Absorb:CondenseAtmosphericWater:0.00217643403|Transform:ConsumeBiomass:0.00652930234|Absorb:HarvestLiveBiomass:0.0811711848|Transform:CureFreshBiomass:0.0811711848|Return:ReturnOrganicMatter:0.165314108
1,256,SecureWater,GroundwaterDischarge,108,319,108,319,0,72,0,1,0.0034000000450760126,0.0026863487437367439,0.054999999701976776,0.054999999701976776,0.078126564621925354,0.0039772624149918556,0,0.33247765898704529,0.018422689288854599,0.0058500091545283794,13.200000762939453,GroundwaterDischarge|GreenGrowth|DryStandingBiomass|DryingWindow|DustFront|DepositionZone,Read:ReadFlows:12|Transform:ConsumeBiomass:0.0549999997|Absorb:WithdrawSurfaceWater:0.00169201195|Absorb:CondenseAtmosphericWater:0.00228525046|Transform:ConsumeBiomass:0.00685575139
1,257,SecureWater,GroundwaterDischarge,108,319,108,319,0,72,1,1,0.0034000000450760126,0.0034000000450760126,0.054999999701976776,0.054999999701976776,0.092151306569576263,0.0026619464624673128,0,0.35317593812942505,0.036773175001144409,0.0058500091545283794,13.200000762939453,GroundwaterDischarge|GreenGrowth|DryingWindow|DustFront|DepositionZone,Read:ReadFlows:12|Transform:ConsumeBiomass:0.0549999997|Absorb:CondenseAtmosphericWater:0.00208468409|Transform:ConsumeBiomass:0.00625405228|Absorb:HarvestLiveBiomass:0.0819523484|Transform:CureFreshBiomass:0.0819523484
1,258,SecureWater,GroundwaterDischarge,108,319,108,319,0,72,0,1,0.0034000000450760126,0.0026619464624673128,0.054999999701976776,0.054999999701976776,0.084785342216491699,0.0019165168050676584,0,0.37358319759368896,0.055063121020793915,0.0058500091545283794,13.200000762939453,GroundwaterDischarge|GreenGrowth|DryingWindow|DustFront|DepositionZone,Read:ReadFlows:12|Transform:ConsumeBiomass:0.0549999997|Absorb:CondenseAtmosphericWater:0.00191651681|Transform:ConsumeBiomass:0.00574955065|Absorb:HarvestLiveBiomass:0.0811568275|Transform:CureFreshBiomass:0.0811568275
1,259,SecureWater,GroundwaterDischarge,108,319,108,319,0,72,0,1,0.0034000000450760126,0.0019165168050676584,0.054999999701976776,0.054999999701976776,0.059879854321479797,0.0018922690069302917,0,0.3913733959197998,0.073344334959983826,0.0058500091545283794,13.200000762939453,GroundwaterDischarge|GreenGrowth|DryingWindow|DustFront|DepositionZone,Read:ReadFlows:12|Transform:ConsumeBiomass:0.0549999997|Absorb:CondenseAtmosphericWater:0.00189226901|Transform:ConsumeBiomass:0.0056768069|Absorb:HarvestLiveBiomass:0.0784670264|Transform:CureFreshBiomass:0.0784670264
1,260,SecureWater,GroundwaterDischarge,108,319,108,319,0,72,0,1,0.0034000000450760126,0.0018922690069302917,0.054999999701976776,0.054999999701976776,0.034403830766677856,0.0018677307525649667,0,0.33077019453048706,0.091616719961166382,0.0058500091545283794,13.200000762939453,GroundwaterDischarge|GreenGrowth|DryingWindow|DustFront|DepositionZone,Read:ReadFlows:12|Transform:ConsumeBiomass:0.0549999997|Absorb:CondenseAtmosphericWater:0.00186773075|Transform:ConsumeBiomass:0.00560319237
1,261,SecureWater,GroundwaterDischarge,108,319,108,319,0,72,0,1,0.0034000000450760126,0.0018677307525649667,0.054999999701976776,0.054999999701976776,0.0083504356443881989,0.0018429029732942581,0,0.34314331412315369,0.10988016426563263,0.0058500091545283794,13.200000762939453,GroundwaterDischarge|GreenGrowth|DryingWindow|DustFront|DepositionZone,Read:ReadFlows:12|Transform:ConsumeBiomass:0.0549999997|Absorb:CondenseAtmosphericWater:0.00184290297|Transform:ConsumeBiomass:0.00552870892|Absorb:HarvestLiveBiomass:0.072901845|Transform:CureFreshBiomass:0.072901845
1,262,SecureWater,GroundwaterDischarge,108,319,108,319,0,72,0,1,0.0034000000450760126,0.0018429029732942581,0.054999999701976776,0.054999999701976776,0,0.0018321345560252666,0,0.35464689135551453,0.12813973426818848,0.0058500091545283794,13.200000762939453,GroundwaterDischarge|GreenGrowth|DryingWindow|DustFront|DepositionZone,Read:ReadFlows:12|Transform:ConsumeBiomass:0.0549999997|Absorb:CondenseAtmosphericWater:0.00183213456|Transform:ConsumeBiomass:0.00549640367|Absorb:HarvestLiveBiomass:0.0720000044|Transform:CureFreshBiomass:0.0720000044
1,263,SecureWater,GroundwaterDischarge,108,319,108,319,0,72,0,1,0.0034000000450760126,0.0018321345560252666,0.054999999701976776,0.054999999701976776,0,0.0018628854304552078,0,0.36605823040008545,0.14641037583351135,0.0058500091545283794,13.200000762939453,GroundwaterDischarge|GreenGrowth|DryingWindow|DustFront|DepositionZone,Read:ReadFlows:12|Transform:ConsumeBiomass:0.0549999997|Absorb:CondenseAtmosphericWater:0.00186288543|Transform:ConsumeBiomass:0.00558865629|Absorb:HarvestLiveBiomass:0.0720000044|Transform:CureFreshBiomass:0.0720000044
1,264,SecureWater,SurfaceWater,108,319,108,319,0,72,0,1,0.0034000000450760126,0.0018628854304552078,0.054999999701976776,0.054999999701976776,0,0.0099814655259251595,0,0.37621381878852844,0,0.0058500091545283794,13.200000762939453,SurfaceWater|RainFront|GroundwaterDischarge|GreenGrowth|DryingWindow|DustFront|DepositionZone,Read:ReadFlows:12|Transform:ConsumeBiomass:0.0549999997|Absorb:WithdrawSurfaceWater:0.00769999996|Absorb:CondenseAtmosphericWater:0.0022814658|Transform:ConsumeBiomass:0.00684439763|Absorb:HarvestLiveBiomass:0.0720000044|Transform:CureFreshBiomass:0.0720000044|Return:ReturnOrganicMatter:0.164831698
1,265,SecureWater,GroundwaterDischarge,108,319,108,319,0,72,1,1,0.0034000000450760126,0.0034000000450760126,0.054999999701976776,0.054999999701976776,0.014282062649726868,0.0085462909191846848,0,0.38925632834434509,0.018259996548295021,0.0058500091545283794,13.200000762939453,GroundwaterDischarge|GreenGrowth|DryingWindow|DustFront|DepositionZone,Read:ReadFlows:12|Transform:ConsumeBiomass:0.0549999997|Absorb:WithdrawSurfaceWater:0.000131502748|Absorb:CondenseAtmosphericWater:0.00183332269|Transform:ConsumeBiomass:0.00549996831|Absorb:HarvestLiveBiomass:0.0735424682|Transform:CureFreshBiomass:0.0735424682
1,266,SecureWater,SurfaceWater,108,319,108,319,0,72,1,1,0.0034000000450760126,0.0034000000450760126,0.054999999701976776,0.054999999701976776,0.028502617031335831,0.015088682994246483,0.073895804584026337,0.32875192165374756,0.037703007459640503,0.0058500091545283794,13.200000762939453,SurfaceWater|GroundwaterDischarge|GreenGrowth|DryingWindow|DustFront|DepositionZone,Read:ReadFlows:12|Transform:ConsumeBiomass:0.0549999997|Absorb:WithdrawSurfaceWater:0.0081075877|Absorb:CondenseAtmosphericWater:0.00183480408|Transform:ConsumeBiomass:0.00550441211|Absorb:HarvestLiveBiomass:0.0750782862|Transform:SpoilFreshBiomass:0.00118248293
1,267,SecureWater,SurfaceWater,108,319,108,319,0,12,1,1,0.0034000000450760126,0.0034000000450760126,0.054999999701976776,0.054999999701976776,0.043003559112548828,0.021880397573113441,0.14816918969154358,0.2681216299533844,0.058349650353193283,0.0058500091545283794,13.200000762939453,SurfaceWater|GroundwaterDischarge|GreenGrowth|DryingWindow|DustFront|DepositionZone,Read:ReadFlows:12|Transform:ConsumeBiomass:0.0549999997|Absorb:WithdrawSurfaceWater:0.00831495039|Absorb:CondenseAtmosphericWater:0.00187676412|Transform:ConsumeBiomass:0.00563029246|Absorb:HarvestLiveBiomass:0.0766443908|Transform:SpoilFreshBiomass:0.00237100828
1,268,SecureWater,SurfaceWater,108,319,108,319,0,12,1,1,0.0034000000450760126,0.0034000000450760126,0.054999999701976776,0.054999999701976776,0.057777754962444305,0.02898823469877243,0.22284325957298279,0.20717677474021912,0.080228976905345917,0.0058500091545283794,13.200000762939453,SurfaceWater|GroundwaterDischarge|GreenGrowth|DryingWindow|DustFront|DepositionZone,Read:ReadFlows:12|Transform:ConsumeBiomass:0.0549999997|Absorb:WithdrawSurfaceWater:0.00852622185|Absorb:CondenseAtmosphericWater:0.00198161602|Transform:ConsumeBiomass:0.00594484806|Absorb:HarvestLiveBiomass:0.0782399997|Transform:SpoilFreshBiomass:0.00356594473
1,269,ReturnMinerals,DepositionZone,108,319,107,317,2.2360680103302002,12,1,1,0.0038472136948257685,0.0038472136948257685,0.065062306821346283,0.065062306821346283,0.07255980372428894,0.025141021236777306,0.29791250824928284,0.14211446046829224,0.10581612586975098,0.0033500092104077339,13.200000762939453,SurfaceWater|GroundwaterDischarge|GreenGrowth|DryingWindow|DustFront|DepositionZone,Read:ReadFlows:12|Migrate:Move:2.23606801|Migrate:CompactTrail:0.00360000017|Transform:ConsumeBiomass:0.0650623068|Absorb:HarvestLiveBiomass:0.0798364654|Transform:SpoilFreshBiomass:0.00476720557|Return:ReturnSediment:0.00249999994
1,270,SecureWater,SurfaceWater,107,317,108,319,2.2360680103302002,12,1,1,0.0038472136948257685,0.0038472136948257685,0.065062306821346283,0.065062306821346283,0.087363302707672119,0.030243102461099625,0,0.45639988780021667,0.12663605809211731,0.0033500092104077339,13.200000762939453,SurfaceWater|GroundwaterDischarge|GreenGrowth|DryingWindow|DustFront|DepositionZone,Read:ReadFlows:12|Migrate:Move:2.23606801|Migrate:CompactTrail:0.00360000017|Transform:ConsumeBiomass:0.0650623068|Absorb:WithdrawSurfaceWater:0.00894929469|Absorb:HarvestLiveBiomass:0.0814352408|Transform:CureFreshBiomass:0.379347742
1,271,ReturnMinerals,DepositionZone,108,319,110,319,2,12,1,1,0.0038145182188600302,0.0038145182188600302,0.063999995589256287,0.063999995589256287,0.10220415890216827,0.026428584009408951,0,0.39239990711212158,0.1471160501241684,0.00085000926628708839,12.40000057220459,SurfaceWater|GroundwaterDischarge|GreenGrowth|DryingWindow|DustFront|DepositionZone,Read:ReadFlows:12|Migrate:Move:2|Migrate:CompactTrail:0.00240000011|Transform:ConsumeBiomass:0.0639999956|Transform:UseChitinForRepair:0.800000012|Return:ReturnSediment:0.00249999994
1,272,SecureWater,SurfaceWater,110,319,108,319,2,12,1,1,0.0039230813272297382,0.0039230813272297382,0.063999995589256287,0.063999995589256287,0.11690787225961685,0.030526440590620041,0,0.41302594542503357,0,0.00085000926628708839,12.40000057220459,SurfaceWater|GroundwaterDischarge|GreenGrowth|DryingWindow|DustFront|DepositionZone,Read:ReadFlows:12|Migrate:Move:2|Migrate:CompactTrail:0.00240000011|Transform:ConsumeBiomass:0.0639999956|Absorb:WithdrawSurfaceWater:0.00802093744|Absorb:HarvestLiveBiomass:0.0846260563|Transform:CureFreshBiomass:0.0846260563|Return:ReturnOrganicMatter:0.167596042
1,273,ReturnMinerals,DepositionZone,108,319,108,317,2,12,1,1,0.0038000000640749931,0.0038000000640749931,0.063999995589256287,0.063999995589256287,0.13165578246116638,0.026726439595222473,0,0.34902596473693848,0.020479997619986534,0,12.40000057220459,SurfaceWater|GroundwaterDischarge|GreenGrowth|DryingWindow|DustFront|DepositionZone,Read:ReadFlows:12|Migrate:Move:2|Migrate:CompactTrail:0.00239999988|Transform:ConsumeBiomass:0.0639999956|Absorb:CaptureDust:0.0450000018|Return:ReturnSediment:0.00089500926
1,274,SecureWater,SurfaceWater,108,317,108,319,2,12,1,1,0.0038000000640749931,0.0038000000640749931,0.063999995589256287,0.063999995589256287,0.14626654982566833,0.032718051224946976,0,0.37282276153564453,0.040959995239973068,0,12.40000057220459,SurfaceWater|GroundwaterDischarge|GreenGrowth|DryingWindow|DustFront|DepositionZone,Read:ReadFlows:12|Migrate:Move:2|Migrate:CompactTrail:0.00240000035|Transform:ConsumeBiomass:0.0639999956|Absorb:WithdrawSurfaceWater:0.00979161169|Absorb:HarvestLiveBiomass:0.0877967924|Transform:CureFreshBiomass:0.0877967924
1,275,GatherBiomass,GreenGrowth,108,319,110,319,2,12,1,1,0.0038000000640749931,0.0038000000640749931,0.063999995589256287,0.063999995589256287,0.16092830896377563,0.028918050229549408,0,0.39820301532745361,0.061439990997314453,0,12.40000057220459,SurfaceWater|GroundwaterDischarge|GreenGrowth|DryingWindow|DustFront|DepositionZone,Read:ReadFlows:12|Migrate:Move:2|Migrate:CompactTrail:0.00240000011|Transform:ConsumeBiomass:0.0639999956|Absorb:HarvestLiveBiomass:0.0893802643|Transform:CureFreshBiomass:0.0893802643
1,276,GatherBiomass,GreenGrowth,110,319,110,319,0,12,1,1,0.0034000000450760126,0.0034000000450760126,0.054999999701976776,0.054999999701976776,0.17566373944282532,0.025518050417304039,0,0.43417471647262573,0.079039990901947021,0,12.40000057220459,SurfaceWater|GroundwaterDischarge|GreenGrowth|DryingWindow|DustFront|DepositionZone,Read:ReadFlows:12|Transform:ConsumeBiomass:0.0549999997|Absorb:HarvestLiveBiomass:0.0909716934|Transform:CureFreshBiomass:0.0909716934
1,277,SecureWater,SurfaceWater,110,319,108,319,2,12,1,1,0.0038000000640749931,0.0038000000640749931,0.064312927424907684,0.064312927424907684,0.19045630097389221,0.03214157372713089,0,0.36986178159713745,0.099620126187801361,0,12.40000057220459,SurfaceWater|GroundwaterDischarge|GreenGrowth|DryingWindow|DustFront|DepositionZone,Read:ReadFlows:12|Migrate:Move:2|Migrate:CompactTrail:0.00240000035|Transform:ConsumeBiomass:0.0643129274|Absorb:WithdrawSurfaceWater:0.0104235243
1,278,GatherBiomass,GreenGrowth,108,319,110,318,2.2360680103302002,12,1,1,0.0038472136948257685,0.0038472136948257685,0.065779976546764374,0.065779976546764374,0.20510789752006531,0.028294360265135765,0.092668764293193817,0.30408179759979248,0.12215261161327362,0,12.40000057220459,SurfaceWater|GroundwaterDischarge|GreenGrowth|DryingWindow|DustFront|DepositionZone,Read:ReadFlows:12|Migrate:Move:2.23606801|Migrate:CompactTrail:0.00360000064|Transform:ConsumeBiomass:0.0657799765|Absorb:HarvestLiveBiomass:0.0941516533|Transform:SpoilFreshBiomass:0.00148288859
1,279,GatherBiomass,GreenGrowth,110,318,110,318,0,12,1,1,0.0034000000450760126,0.0034000000450760126,0.055778481066226959,0.055778481066226959,0.21983855962753296,0.024894360452890396,0.18526740372180939,0.24830332398414612,0.14314565062522888,0,12.40000057220459,SurfaceWater|RainFront|GroundwaterDischarge|GreenGrowth|DryingWindow|DustFront|DepositionZone|OrganicPoorSoil,Read:ReadFlows:12|Transform:ConsumeBiomass:0.0557784811|Absorb:HarvestLiveBiomass:0.0957425684|Transform:SpoilFreshBiomass:0.00314392778
1,280,SecureWater,SurfaceWater,110,318,108,319,2.2360680103302002,12,1,1,0.0038472136948257685,0.0038472136948257685,0.066167406737804413,0.066167406737804413,0.23462584614753723,0.032102294266223907,0.27815595269203186,0.18213590979576111,0,0,12.40000057220459,SurfaceWater|GroundwaterDischarge|GreenGrowth|DustFront|DepositionZone|OrganicPoorSoil,Read:ReadFlows:12|Migrate:Move:2.23606801|Migrate:CompactTrail:0.00360000017|Transform:ConsumeBiomass:0.0661674067|Absorb:WithdrawSurfaceWater:0.0110551491|Absorb:HarvestLiveBiomass:0.0973396003|Transform:SpoilFreshBiomass:0.0044510602|Return:ReturnOrganicMatter:0.168770283
1,281,GatherBiomass,GreenGrowth,108,319,110,318,2.2360680103302002,12,1,1,0.0038472136948257685,0.0038472136948257685,0.066988341510295868,0.066988341510295868,0.24946863949298859,0.028255080804228783,0.37115925550460815,0.11514756828546524,0.027375571429729462,0,12.40000057220459,SurfaceWater|GroundwaterDischarge|GreenGrowth|DustFront|DepositionZone,Read:ReadFlows:12|Migrate:Move:2.23606801|Migrate:CompactTrail:0.00359999994|Transform:ConsumeBiomass:0.0669883415|Absorb:HarvestLiveBiomass:0.0989426151|Transform:SpoilFreshBiomass:0.00593930203
1,282,GatherBiomass,GreenGrowth,110,318,110,318,0,14,1,1,0.0034000000450760126,0.0034000000450760126,0.057176198810338974,0.057176198810338974,0.26438820362091064,0.024855080991983414,0.46428370475769043,0.057971369475126266,0.053101435303688049,0,12.40000057220459,SurfaceWater|GroundwaterDischarge|GreenGrowth|DustFront|DepositionZone|OrganicPoorSoil,Read:ReadFlows:12|Transform:ConsumeBiomass:0.0571761988|Absorb:HarvestLiveBiomass:0.100553937|Transform:SpoilFreshBiomass:0.00742948242
1,283,SecureWater,SurfaceWater,110,318,108,319,2.2360680103302002,16,1,1,0.0038472136948257685,0.0038472136948257685,0.067613743245601654,0.067613743245601654,0.27928853034973145,0.032701693475246429,0.53040963411331177,0,0.088955797255039215,0,12.40000057220459,SurfaceWater|GroundwaterDischarge|GreenGrowth|DustFront|DepositionZone|OrganicPoorSoil,Read:ReadFlows:12|Migrate:Move:2.23606801|Migrate:CompactTrail:0.00359999994|Transform:ConsumeBiomass:0.0855210125|Absorb:WithdrawSurfaceWater:0.0116938259|Absorb:HarvestLiveBiomass:0.102163166|Transform:SpoilFreshBiomass:0.0084876325
1,284,GatherBiomass,GreenGrowth,108,319,110,318,2.2360680103302002,16,1,1,0.0038472136948257685,0.0038472136948257685,0.068185240030288696,0.068185240030288696,0.29400765895843506,0.028854480013251305,0.43242776393890381,0,0.15821631252765656,0,12.40000057220459,SurfaceWater|GroundwaterDischarge|GreenGrowth|DustFront|DepositionZone,Read:ReadFlows:12|Migrate:Move:2.23606801|Migrate:CompactTrail:0.00359999971|Transform:ConsumeBiomass:0.19481498|Absorb:HarvestLiveBiomass:0.103752829|Transform:SpoilFreshBiomass:0.00691972254
1,285,GatherBiomass,GreenGrowth,110,318,110,318,0,18,1,1,0.0034000000450760126,0.0034000000450760126,0.058645136654376984,0.058645136654376984,0.30857524275779724,0.025454480201005936,0.36436578631401062,0,0,0,12.40000057220459,SurfaceWater|GroundwaterDischarge|GreenGrowth|DustFront|DepositionZone|OrganicPoorSoil,Read:ReadFlows:12|Transform:ConsumeBiomass:0.167557538|Absorb:HarvestLiveBiomass:0.105326138|Transform:SpoilFreshBiomass:0.00583059294|Return:ReturnOrganicMatter:0.217665315
1,286,SecureWater,SurfaceWater,110,318,108,319,2.2360680103302002,20,1,1,0.0038472136948257685,0.0038472136948257685,0.069121815264225006,0.069121815264225006,0.32293283939361572,0.03392520546913147,0.2737516462802887,0,0.06319708377122879,0,12.40000057220459,SurfaceWater|GroundwaterDischarge|GreenGrowth|DustFront|DepositionZone|OrganicPoorSoil,Read:ReadFlows:12|Migrate:Move:2.23606801|Migrate:CompactTrail:0.00359999994|Transform:ConsumeBiomass:0.197490901|Absorb:WithdrawSurfaceWater:0.0123179397|Absorb:HarvestLiveBiomass:0.106876753
1,287,GatherBiomass,GreenGrowth,108,319,109,319,1,20,1,1,0.003599999938160181,0.003599999938160181,0.063744120299816132,0.063744120299816132,0.33712917566299438,0.040724210441112518,0.20003554224967957,0,0.12147742509841919,0,12.40000057220459,SurfaceWater|GroundwaterDischarge|GreenGrowth|DustFront|DepositionZone,Read:ReadFlows:12|Migrate:Move:1|Migrate:CompactTrail:0.00119999982|Transform:ConsumeBiomass:0.18212606|Absorb:WithdrawSurfaceWater:0.0103990063|Absorb:HarvestLiveBiomass:0.108409956
1,288,GatherBiomass,GreenGrowth,109,319,111,319,2,22,1,1,0.0038116222713142633,0.0038116222713142633,0.068581387400627136,0.068581387400627136,0.35113793611526489,0.036912586539983749,0.11401162296533585,0,0,4.5000004320172593E-05,12.40000057220459,SurfaceWater|GroundwaterDischarge|GreenGrowth|DustFront|DepositionZone,Read:ReadFlows:12|Migrate:Move:2|Migrate:CompactTrail:0.00240000011|Transform:ConsumeBiomass:0.195946828|Absorb:HarvestLiveBiomass:0.109922908|Absorb:CaptureDust:0.0450000018|Return:ReturnOrganicMatter:0.184180409
1,289,ReturnMinerals,DepositionZone,111,319,111,317,2,24,1,0,0.0038746001664549112,0.0038746001664549112,0.06922188401222229,0.039904069155454636,0.33784356713294983,0.033037986606359482,0.10848710685968399,0,0.036483719944953918,0,12.40000057220459,SurfaceWater|GroundwaterDischarge|GreenGrowth|DustFront|DepositionZone|OrganicPoorSoil,Read:ReadFlows:12|Migrate:Move:2|Migrate:CompactTrail:0.00240000011|Transform:ConsumeBiomass:0.114011623|Absorb:HarvestLiveBiomass:0.108487107|Absorb:CaptureDust:0.0450000018|Return:ReturnSediment:9.00000086E-05
1,290,GatherBiomass,GreenGrowth,111,317,111,319,2,24,1,0,0.0038000000640749931,0.0038000000640749931,0.069973833858966827,0.037970487028360367,0.32268866896629333,0.029237985610961914,0.10685037821531296,0,0.071199595928192139,4.5000004320172593E-05,12.40000057220459,SurfaceWater|GroundwaterDischarge|GreenGrowth|DustFront|DepositionZone|OrganicPoorSoil,Read:ReadFlows:12|Migrate:Move:2|Migrate:CompactTrail:0.00240000011|Transform:ConsumeBiomass:0.108487107|Absorb:HarvestLiveBiomass:0.106850378|Absorb:CaptureDust:0.0450000018
1,291,ReturnMinerals,DepositionZone,111,319,111,317,2,26,1,0,0.0038000000640749931,0.0038000000640749931,0.069993115961551666,0.037397630512714386,0.30707541108131409,0.025437984615564346,0.10516415536403656,0,0.10539171099662781,0,12.40000057220459,SurfaceWater|GroundwaterDischarge|GreenGrowth|DustFront|DepositionZone|OrganicPoorSoil,Read:ReadFlows:12|Migrate:Move:2|Migrate:CompactTrail:0.00240000011|Transform:ConsumeBiomass:0.106850378|Absorb:HarvestLiveBiomass:0.105164155|Absorb:CaptureDust:0.0450000018|Return:ReturnSediment:9.00000086E-05
1,292,SecureWater,SurfaceWater,111,317,109,318,2.2360680103302002,26,1,0,0.0038472136948257685,0.0038472136948257685,0.071697689592838287,0.036807455122470856,0.29031074047088623,0.021590771153569221,0.10335356742143631,0,0.13904424011707306,0,12.40000057220459,SurfaceWater|GroundwaterDischarge|GreenGrowth|DustFront|DepositionZone|OrganicPoorSoil,Read:ReadFlows:12|Migrate:Move:2.23606801|Migrate:CompactTrail:0.00359999971|Transform:ConsumeBiomass:0.105164155|Absorb:HarvestLiveBiomass:0.103353567
1,293,SecureWater,SurfaceWater,109,318,108,319,1.4142135381698608,26,1,0,0.0036828427109867334,0.0036828427109867334,0.068193338811397552,0.036173749715089798,0.27448594570159912,0.029533077031373978,0.10164447873830795,0,0,0,12.40000057220459,SurfaceWater|GroundwaterDischarge|GreenGrowth|DustFront|DepositionZone,Read:ReadFlows:12|Migrate:Move:1.41421354|Migrate:CompactTrail:0.00240000011|Transform:ConsumeBiomass:0.103353567|Absorb:WithdrawSurfaceWater:0.0116251493|Absorb:HarvestLiveBiomass:0.101644479|Return:ReturnOrganicMatter:0.172117382
1,294,GatherBiomass,GreenGrowth,108,319,110,319,2,26,1,0,0.0038000000640749931,0.0038000000640749931,0.070986740291118622,0.035575568675994873,0.25704964995384216,0.037108886986970901,0.099761366844177246,0,0.032526232302188873,0,12.40000057220459,SurfaceWater|RainFront|GroundwaterDischarge|GreenGrowth|DustFront|DepositionZone,Read:ReadFlows:12|Migrate:Move:2|Migrate:CompactTrail:0.00239999988|Transform:ConsumeBiomass:0.101644479|Absorb:WithdrawSurfaceWater:0.01137581|Absorb:HarvestLiveBiomass:0.0997613668
1,295,GatherBiomass,GreenGrowth,110,319,111,319,1,28,1,0,0.003599999938160181,0.003599999938160181,0.066859334707260132,0.034916479140520096,0.24077273905277252,0.033508885651826859,0.098003454506397247,0,0.064449869096279144,0,12.40000057220459,SurfaceWater|GroundwaterDischarge|GreenGrowth|DustFront|DepositionZone|OrganicPoorSoil,Read:ReadFlows:12|Migrate:Move:1|Migrate:CompactTrail:0.00120000006|Transform:ConsumeBiomass:0.0997613668|Absorb:HarvestLiveBiomass:0.0980034545
1,296,GatherBiomass,GreenGrowth,111,319,110,318,1.4142135381698608,30,1,0,0.0036828427109867334,0.0036828427109867334,0.069094493985176086,0.034301210194826126,0.22307689487934113,0.029826043173670769,0.096092306077480316,0,0.095810972154140472,0,12.40000057220459,SurfaceWater|GroundwaterDischarge|GreenGrowth|DustFront|DepositionZone|OrganicPoorSoil,Read:ReadFlows:12|Migrate:Move:1.41421354|Migrate:CompactTrail:0.00119450642|Transform:ConsumeBiomass:0.0980034545|Absorb:HarvestLiveBiomass:0.0960923061
1,297,GatherBiomass,GreenGrowth,110,318,110,318,0,32,1,0,0.0034000000450760126,0.0034000000450760126,0.063223034143447876,0.0336323082447052,0.20733484625816345,0.0264260433614254,0.094392172992229462,0,0.1265605092048645,0,12.40000057220459,SurfaceWater|GroundwaterDischarge|GreenGrowth|DustFront|DepositionZone|OrganicPoorSoil,Read:ReadFlows:12|Transform:ConsumeBiomass:0.0960923061|Absorb:HarvestLiveBiomass:0.094392173
1,298,SecureWater,SurfaceWater,110,318,108,318,2,34,1,0,0.0038000000640749931,0.0038000000640749931,0.072662040591239929,0.033037260174751282,0.18734170496463776,0.022626042366027832,0.09223291277885437,0,0.15676599740982056,0,12.40000057220459,SurfaceWater|GroundwaterDischarge|GreenGrowth|DustFront|DepositionZone|OrganicPoorSoil,Read:ReadFlows:12|Migrate:Move:2|Migrate:CompactTrail:0.00230736379|Transform:ConsumeBiomass:0.094392173|Absorb:HarvestLiveBiomass:0.0922329128
1,299,SecureWater,SurfaceWater,108,318,106,319,2.2360680103302002,34,1,0,0.0038472136948257685,0.0038472136948257685,0.07415306568145752,0.03228151798248291,0.1662851870059967,0.018778828904032707,0.089958801865577698,0,0,0,12.40000057220459,SurfaceWater|GroundwaterDischarge|GreenGrowth|DustFront|DepositionZone,Read:ReadFlows:12|Migrate:Move:2.23606801|Migrate:CompactTrail:0.00346733141|Transform:ConsumeBiomass:0.0922329128|Absorb:HarvestLiveBiomass:0.0899588019|Return:ReturnOrganicMatter:0.186280534
1,300,SecureWater,SurfaceWater,106,319,104,319,2,34,1,0,0.0038000000640749931,0.0038000000640749931,0.073294952511787415,0.031485579907894135,0.14491173624992371,0.024751067161560059,0.087650477886199951,0,0.028786815702915192,0,12.40000057220459,SurfaceWater|GroundwaterDischarge|GreenGrowth|DustFront|DepositionZone,Read:ReadFlows:12|Migrate:Move:2|Migrate:CompactTrail:0.00227132766|Transform:ConsumeBiomass:0.0899588019|Absorb:WithdrawSurfaceWater:0.00977223739|Absorb:HarvestLiveBiomass:0.0876504779
1,301,SecureWater,SurfaceWater,104,319,104,319,0,34,1,0,0.0034000000450760126,0.0034000000450760126,0.064527995884418488,0.030677666887640953,0.12605965137481689,0.030853720381855965,0.08561445027589798,0,0.056834965944290161,0,11.600000381469727,SurfaceWater|RainFront|GroundwaterDischarge|Snowpack|DustFront|DepositionZone,Read:ReadFlows:12|Transform:ConsumeBiomass:0.0876504779|Absorb:WithdrawSurfaceWater:0.00950265303|Absorb:HarvestLiveBiomass:0.0856144503|Transform:UseChitinForRepair:0.800000012
1,302,GatherBiomass,,104,319,102,319,2,34,1,0,0.0038000000640749931,0.0038000000640749931,0.074287950992584229,0.029965057969093323,0.10324465483427048,0.036230120807886124,0.083150424063205719,0,0.084231585264205933,0,11.600000381469727,SurfaceWater|RainFront|GroundwaterDischarge|Snowpack|SnowmeltRunoff|DustFront|DepositionZone|ErosionFlow,Read:ReadFlows:12|Migrate:Move:2|Migrate:CompactTrail:0.0020485539|Transform:ConsumeBiomass:0.0856144503|Absorb:WithdrawSurfaceWater:0.00917639863|Absorb:HarvestLiveBiomass:0.0831504241
1,303,GatherBiomass,,102,319,100,319,2,36,1,0,0.0038000000640749931,0.0038000000640749931,0.074828155338764191,0.029102647677063942,0.079635605216026306,0.041268907487392426,0.080600649118423462,0,0.11083972454071045,0,11.600000381469727,SurfaceWater|RainFront|GroundwaterDischarge|Snowpack|SnowmeltRunoff|DustFront|DepositionZone|ErosionFlow,Read:ReadFlows:12|Migrate:Move:2|Migrate:CompactTrail:0.00188155356|Transform:ConsumeBiomass:0.0831504241|Absorb:WithdrawSurfaceWater:0.00883878861|Absorb:HarvestLiveBiomass:0.0806006491
1,304,GatherBiomass,,100,319,98,319,2,38,1,0,0.0038000000640749931,0.0038000000640749931,0.077419549226760864,0.028210226446390152,0.054676569998264313,0.045950781553983688,0.077905073761940002,0,0.13663193583488464,4.5000004320172593E-05,11.600000381469727,SurfaceWater|RainFront|GroundwaterDischarge|Snowpack|SnowmeltRunoff|DustFront|DepositionZone|ErosionFlow,Read:ReadFlows:12|Migrate:Move:2|Migrate:CompactTrail:0.00169892923|Transform:ConsumeBiomass:0.0806006491|Absorb:WithdrawSurfaceWater:0.00848187506|Absorb:HarvestLiveBiomass:0.0779050738|Absorb:CaptureDust:0.0450000018
1,305,ReturnMinerals,DepositionZone,98,319,98,317,2,40,1,0,0.0038000000640749931,0.0038000000640749931,0.07796788215637207,0.027266776189208031,0.028911063447594643,0.042150780558586121,0.075122401118278503,0,0,0,11.600000381469727,SurfaceWater|RainFront|GroundwaterDischarge|Snowpack|SnowmeltRunoff|DustFront|DepositionZone|ErosionFlow|FrozenCorridor,Read:ReadFlows:12|Migrate:Move:2|Migrate:CompactTrail:0.00179769075|Transform:ConsumeBiomass:0.0779050738|Absorb:HarvestLiveBiomass:0.0751224011|Absorb:CaptureDust:0.0450000018|Return:ReturnOrganicMatter:0.161561564|Return:ReturnSediment:9.00000086E-05
1,306,GatherBiomass,DepositionZone,98,317,98,315,2,40,1,0,0.0038000000640749931,0.0038000000640749931,0.078239023685455322,0.026292840018868446,0.0023942459374666214,0.038350779563188553,0.072258584201335907,0,0.024039167910814285,4.5000004320172593E-05,11.600000381469727,SurfaceWater|RainFront|GroundwaterDischarge|Snowpack|SnowmeltRunoff|DustFront|DepositionZone|ErosionFlow|FrozenCorridor,Read:ReadFlows:12|Migrate:Move:2|Migrate:CompactTrail:0.00173313753|Transform:ConsumeBiomass:0.0751224011|Absorb:HarvestLiveBiomass:0.0722585842|Absorb:CaptureDust:0.0450000018
1,307,ReturnMinerals,DepositionZone,98,315,98,313,2,42,1,0,0.0038000000640749931,0.0038000000640749931,0.079032838344573975,0.025290504097938538,0,0.034550778567790985,0.072000004351139069,0,0.04716191440820694,0,11.600000381469727,SurfaceWater|RainFront|GroundwaterDischarge|Snowpack|SnowmeltRunoff|DustFront|DepositionZone|ErosionFlow|FrozenCorridor,Read:ReadFlows:12|Migrate:Move:2|Migrate:CompactTrail:0.00166249438|Transform:ConsumeBiomass:0.0722585842|Absorb:HarvestLiveBiomass:0.0720000044|Absorb:CaptureDust:0.0450000018|Return:ReturnSediment:9.00000086E-05
1,308,GatherBiomass,DepositionZone,98,313,98,311,2,42,1,0,0.0038000000640749931,0.0038000000640749931,0.079766198992729187,0.025200001895427704,0,0.030750777572393417,0.072000004351139069,0,0.070201918482780457,4.5000004320172593E-05,11.600000381469727,SurfaceWater|RainFront|GroundwaterDischarge|Snowpack|SnowmeltRunoff|DustFront|DepositionZone|ErosionFlow|FrozenCorridor,Read:ReadFlows:12|Migrate:Move:2|Migrate:CompactTrail:0.00159477873|Transform:ConsumeBiomass:0.0720000044|Absorb:HarvestLiveBiomass:0.0720000044|Absorb:CaptureDust:0.0450000018
1,309,ReturnMinerals,DepositionZone,98,311,98,309,2,44,1,0,0.0038000000640749931,0.0038000000640749931,0.080445125699043274,0.025200001895427704,0,0.02695077657699585,0.072000004351139069,0,0.093241915106773376,0,11.600000381469727,SurfaceWater|RainFront|GroundwaterDischarge|Snowpack|SnowmeltRunoff|DustFront|DepositionZone|ErosionFlow|FrozenCorridor,Read:ReadFlows:12|Migrate:Move:2|Migrate:CompactTrail:0.00152351148|Transform:ConsumeBiomass:0.0720000044|Absorb:HarvestLiveBiomass:0.0720000044|Absorb:CaptureDust:0.0450000018|Return:ReturnSediment:9.00000086E-05
1,310,SecureWater,SurfaceWater,98,309,99,310,1.4142135381698608,44,1,0,0.0036828427109867334,0.0036828427109867334,0.078054197132587433,0.025200001895427704,0,0.02326793409883976,0.072000004351139069,0,0.1162819117307663,4.5000004320172593E-05,11.600000381469727,SurfaceWater|GroundwaterDischarge|Snowpack|SnowmeltRunoff|DustFront|DepositionZone|ErosionFlow|FrozenCorridor,Read:ReadFlows:12|Migrate:Move:1.41421354|Migrate:CompactTrail:0.00147947599|Transform:ConsumeBiomass:0.0720000044|Absorb:HarvestLiveBiomass:0.0720000044|Absorb:CaptureDust:0.0450000018
1,311,SecureWater,SurfaceWater,99,310,100,311,1.4142135381698608,44,1,0,0.0036828427109867334,0.0036828427109867334,0.078208126127719879,0.025200001895427704,0,0.01958509162068367,0.072000004351139069,0,0.13932190835475922,4.5000004320172593E-05,11.600000381469727,SurfaceWater|GroundwaterDischarge|Snowpack|SnowmeltRunoff|DustFront|DepositionZone|ErosionFlow|FrozenCorridor,Read:ReadFlows:12|Migrate:Move:1.41421354|Migrate:CompactTrail:0.00143845391|Transform:ConsumeBiomass:0.0720000044|Absorb:HarvestLiveBiomass:0.0720000044
1,312,SecureWater,SurfaceWater,100,311,101,312,1.4142135381698608,44,1,0,0.0036828427109867334,0.0036828427109867334,0.078461699187755585,0.025200001895427704,0,0.01590224914252758,0.072000004351139069,0,0,4.5000004320172593E-05,11.600000381469727,SurfaceWater|GroundwaterDischarge|Snowpack|SnowmeltRunoff|DustFront|DepositionZone|ErosionFlow|FrozenCorridor,Read:ReadFlows:12|Migrate:Move:1.41421354|Migrate:CompactTrail:0.00139706454|Transform:ConsumeBiomass:0.0720000044|Absorb:HarvestLiveBiomass:0.0720000044|Return:ReturnOrganicMatter:0.162361905
1,313,SecureWater,SurfaceWater,101,312,102,313,1.4142135381698608,44,1,0,0.0036828427109867334,0.0036828427109867334,0.078691720962524414,0.025200001895427704,0,0.01221940666437149,0.072000004351139069,0,0.023040000349283218,4.5000004320172593E-05,11.600000381469727,SurfaceWater|GroundwaterDischarge|Snowpack|SnowmeltRunoff|DustFront|DepositionZone|ErosionFlow|FrozenCorridor,Read:ReadFlows:12|Migrate:Move:1.41421354|Migrate:CompactTrail:0.00135805923|Transform:ConsumeBiomass:0.0720000044|Absorb:HarvestLiveBiomass:0.0720000044
1,314,SecureWater,SurfaceWater,102,313,103,314,1.4142135381698608,44,1,0,0.0036828427109867334,0.0036828427109867334,0.0787334144115448,0.025200001895427704,0,0.0085365641862154007,0.072000004351139069,0,0.046080000698566437,4.5000004320172593E-05,11.600000381469727,SurfaceWater|GroundwaterDischarge|Snowpack|SnowmeltRunoff|DustFront|DepositionZone|ErosionFlow|FrozenCorridor,Read:ReadFlows:12|Migrate:Move:1.41421354|Migrate:CompactTrail:0.00133894582|Transform:ConsumeBiomass:0.0720000044|Absorb:HarvestLiveBiomass:0.0720000044
1,315,SecureWater,SurfaceWater,103,314,104,315,1.4142135381698608,44,1,0,0.0036828427109867334,0.0036828427109867334,0.078782849013805389,0.025200001895427704,0,0.0048537217080593109,0.072000004351139069,0,0.069120004773139954,4.5000004320172593E-05,11.600000381469727,SurfaceWater|GroundwaterDischarge|Snowpack|SnowmeltRunoff|DustFront|DepositionZone|ErosionFlow|FrozenCorridor,Read:ReadFlows:12|Migrate:Move:1.41421354|Migrate:CompactTrail:0.00130754663|Transform:ConsumeBiomass:0.0720000044|Absorb:HarvestLiveBiomass:0.0720000044
1,316,SecureWater,SurfaceWater,104,315,105,316,1.4142135381698608,44,1,0,0.0036828427109867334,0.0036828427109867334,0.078899919986724854,0.025200001895427704,0,0.0011708789970725775,0.072000004351139069,0,0.092160001397132874,4.5000004320172593E-05,11.600000381469727,SurfaceWater|RainFront|GroundwaterDischarge|Snowpack|SnowmeltRunoff|DustFront|DepositionZone|FrozenCorridor,Read:ReadFlows:12|Migrate:Move:1.41421354|Migrate:CompactTrail:0.00128409103|Transform:ConsumeBiomass:0.0720000044|Absorb:HarvestLiveBiomass:0.0720000044
1,317,SecureWater,SurfaceWater,105,316,106,317,1.4142135381698608,44,0,0,0.0036828427109867334,0.0011708789970725775,0.078945159912109375,0.025200001895427704,0,0,0.072000004351139069,0,0.11519999802112579,4.5000004320172593E-05,11.600000381469727,SurfaceWater|RainFront|GroundwaterDischarge|Snowpack|SnowmeltRunoff|DustFront|DepositionZone|FrozenCorridor,Read:ReadFlows:12|Migrate:Move:1.41421354|Migrate:CompactTrail:0.00125730457|Transform:ConsumeBiomass:0.0720000044|Absorb:HarvestLiveBiomass:0.0720000044
1,318,SecureWater,SurfaceWater,106,317,107,318,1.4142135381698608,44,0,0,0.0036828427109867334,0,0.078645259141921997,0.025200001895427704,0,0,0.072000004351139069,0,0.13823999464511871,4.5000004320172593E-05,11.600000381469727,SurfaceWater|RainFront|GroundwaterDischarge|Snowpack|SnowmeltRunoff|DustFront|DepositionZone|ErosionFlow|FrozenCorridor,Read:ReadFlows:12|Migrate:Move:1.41421354|Migrate:CompactTrail:0.00120016257|Transform:ConsumeBiomass:0.0720000044|Absorb:HarvestLiveBiomass:0.0720000044
1,319,SecureWater,SurfaceWater,107,318,108,319,1.4142135381698608,44,0,0,0.0036828427109867334,0,0.078508675098419189,0.025200001895427704,0,0.0076999999582767487,0.072000004351139069,0,0,4.5000004320172593E-05,11.600000381469727,SurfaceWater|RainFront|GroundwaterDischarge|Snowpack|SnowmeltRunoff|DryStandingBiomass|DustFront|DepositionZone|ErosionFlow|FrozenCorridor,Read:ReadFlows:12|Migrate:Move:1.41421354|Migrate:CompactTrail:0.00117487181|Transform:ConsumeBiomass:0.0720000044|Absorb:WithdrawSurfaceWater:0.00769999996|Absorb:HarvestLiveBiomass:0.0720000044|Return:ReturnOrganicMatter:0.161279991
1,320,SecureWater,SurfaceWater,108,319,108,319,0,44,1,0,0.0034000000450760126,0.0034000000450760126,0.071486957371234894,0.025200001895427704,0,0.012000000104308128,0.072000004351139069,0,0.023040000349283218,4.5000004320172593E-05,11.600000381469727,SurfaceWater|RainFront|GroundwaterDischarge|Snowpack|SnowmeltRunoff|DryStandingBiomass|DustFront|DepositionZone|ErosionFlow|FrozenCorridor,Read:ReadFlows:12|Transform:ConsumeBiomass:0.0720000044|Absorb:WithdrawSurfaceWater:0.00769999996|Absorb:HarvestLiveBiomass:0.0720000044
1,321,SecureWater,SurfaceWater,108,319,108,319,0,44,1,0,0.0034000000450760126,0.0034000000450760126,0.071956925094127655,0.025200001895427704,0,0.016300000250339508,0.072000004351139069,0,0.046080000698566437,4.5000004320172593E-05,11.600000381469727,SurfaceWater|RainFront|GroundwaterDischarge|Snowpack|SnowmeltRunoff|DryStandingBiomass|DustFront|DepositionZone|ErosionFlow|FrozenCorridor,Read:ReadFlows:12|Transform:ConsumeBiomass:0.0720000044|Absorb:WithdrawSurfaceWater:0.00769999996|Absorb:HarvestLiveBiomass:0.0720000044
1,322,SecureWater,SurfaceWater,108,319,108,319,0,44,1,0,0.0034000000450760126,0.0034000000450760126,0.072112299501895905,0.025200001895427704,0,0.020600000396370888,0.072000004351139069,0,0.069120004773139954,4.5000004320172593E-05,11.600000381469727,SurfaceWater|RainFront|GroundwaterDischarge|Snowpack|SnowmeltRunoff|DryStandingBiomass|DustFront|DepositionZone|ErosionFlow|FrozenCorridor,Read:ReadFlows:12|Transform:ConsumeBiomass:0.0720000044|Absorb:WithdrawSurfaceWater:0.00769999996|Absorb:HarvestLiveBiomass:0.0720000044
1,323,SecureWater,SurfaceWater,108,319,108,319,0,44,1,0,0.0034000000450760126,0.0034000000450760126,0.072431057691574097,0.025200001895427704,0,0.024900000542402267,0.072000004351139069,0,0.092160001397132874,4.5000004320172593E-05,11.600000381469727,SurfaceWater|RainFront|GroundwaterDischarge|Snowpack|SnowmeltRunoff|DryStandingBiomass|DustFront|DepositionZone|ErosionFlow|FrozenCorridor,Read:ReadFlows:12|Transform:ConsumeBiomass:0.0720000044|Absorb:WithdrawSurfaceWater:0.00769999996|Absorb:HarvestLiveBiomass:0.0720000044
1,324,SecureWater,SurfaceWater,108,319,108,319,0,44,1,0,0.0034000000450760126,0.0034000000450760126,0.072806671261787415,0.025200001895427704,0,0.029200000688433647,0.072000004351139069,0,0.11519999802112579,4.5000004320172593E-05,11.600000381469727,SurfaceWater|RainFront|GroundwaterDischarge|Snowpack|SnowmeltRunoff|DryStandingBiomass|DustFront|DepositionZone|ErosionFlow|FrozenCorridor,Read:ReadFlows:12|Transform:ConsumeBiomass:0.0720000044|Absorb:WithdrawSurfaceWater:0.00769999996|Absorb:HarvestLiveBiomass:0.0720000044
1,325,ReturnMinerals,DepositionZone,108,319,108,317,2,44,1,0,0.0038000000640749931,0.0038000000640749931,0.083852745592594147,0.025200001895427704,0,0.025400001555681229,0.072000004351139069,0,0.13823999464511871,0,11.600000381469727,SurfaceWater|RainFront|GroundwaterDischarge|Snowpack|SnowmeltRunoff|DryStandingBiomass|DustFront|DepositionZone|ErosionFlow|FrozenCorridor,Read:ReadFlows:12|Migrate:Move:2|Migrate:CompactTrail:0.000948471599|Transform:ConsumeBiomass:0.0720000044|Absorb:HarvestLiveBiomass:0.0720000044|Return:ReturnSediment:4.50000043E-05
1,326,SecureWater,SurfaceWater,108,317,108,319,2,44,1,0,0.0038000000640749931,0.0038000000640749931,0.084569640457630157,0.025200001895427704,0,0.02930000051856041,0.072000004351139069,0,0,0,11.600000381469727,SurfaceWater|RainFront|GroundwaterDischarge|Snowpack|SnowmeltRunoff|DryStandingBiomass|DustFront|DepositionZone|ErosionFlow|FrozenCorridor,Read:ReadFlows:12|Migrate:Move:2|Migrate:CompactTrail:0.00092162285|Transform:ConsumeBiomass:0.0720000044|Absorb:WithdrawSurfaceWater:0.00769999996|Absorb:HarvestLiveBiomass:0.0720000044|Return:ReturnOrganicMatter:0.161279991
1,327,GatherBiomass,DryStandingBiomass,108,319,107,319,1,44,1,0,0.003599999938160181,0.003599999938160181,0.077773891389369965,0.025200001895427704,0,0.031322438269853592,0.018000001087784767,0.048000000417232513,0.023040000349283218,0,11.600000381469727,SurfaceWater|RainFront|GroundwaterDischarge|Snowpack|SnowmeltRunoff|DryStandingBiomass|DustFront|DepositionZone|ErosionFlow|FrozenCorridor,Read:ReadFlows:12|Migrate:Move:1|Migrate:CompactTrail:0.00042781583|Transform:ConsumeBiomass:0.0720000044|Absorb:WithdrawSurfaceWater:0.00562243722|Absorb:HarvestLiveBiomass:0.0180000011|Absorb:HarvestDryBiomass:0.0480000004
1,328,GatherBiomass,DryStandingBiomass,107,319,107,319,0,46,1,0,0.0034000000450760126,0.0034000000450760126,0.072584152221679688,0.054300002753734589,0,0.033529706299304962,0.018000001087784767,0.048000000417232513,0.04416000097990036,0,11.600000381469727,SurfaceWater|GroundwaterDischarge|Snowpack|SnowmeltRunoff|DryStandingBiomass|DustFront|DepositionZone|ErosionFlow|FrozenCorridor,Read:ReadFlows:12|Transform:ConsumeBiomass:0.0659999996|Absorb:WithdrawSurfaceWater:0.0056072697|Absorb:HarvestLiveBiomass:0.0180000011|Absorb:HarvestDryBiomass:0.0480000004
1,329,GatherBiomass,DryStandingBiomass,107,319,107,319,0,48,1,0,0.0034000000450760126,0.0034000000450760126,0.072823405265808105,0.054300002753734589,0,0.034287087619304657,0.018000001087784767,0.048000000417232513,0.065279997885227203,0,11.600000381469727,SurfaceWater|GroundwaterDischarge|Snowpack|SnowmeltRunoff|DryStandingBiomass|DustFront|DepositionZone|ErosionFlow|FrozenCorridor,Read:ReadFlows:12|Transform:ConsumeBiomass:0.0659999996|Absorb:WithdrawSurfaceWater:0.00415738113|Absorb:HarvestLiveBiomass:0.0180000011|Absorb:HarvestDryBiomass:0.0480000004
1,330,GatherBiomass,DryStandingBiomass,107,319,107,319,0,50,1,0,0.0035111017059534788,0.0035111017059534788,0.073057547211647034,0.054300002753734589,0,0.033689524978399277,0.018000001087784767,0.048000000417232513,0.086399994790554047,0,11.600000381469727,SurfaceWater|GroundwaterDischarge|Snowpack|SnowmeltRunoff|DryStandingBiomass|DustFront|DepositionZone|ErosionFlow|FrozenCorridor,Read:ReadFlows:12|Transform:ConsumeBiomass:0.0659999996|Absorb:WithdrawSurfaceWater:0.00291353837|Absorb:HarvestLiveBiomass:0.0180000011|Absorb:HarvestDryBiomass:0.0480000004
1,331,GatherBiomass,DryStandingBiomass,107,319,107,319,0,52,1,0,0.0035353230778127909,0.0035353230778127909,0.073286473751068115,0.054300002753734589,0,0.034535158425569534,0.018000001087784767,0.048000000417232513,0.10751999169588089,0,10.800000190734863,SurfaceWater|RainFront|GroundwaterDischarge|Snowpack|SnowmeltRunoff|DryStandingBiomass|DustFront|DepositionZone|ErosionFlow|FrozenCorridor,Read:ReadFlows:12|Transform:ConsumeBiomass:0.0659999996|Absorb:WithdrawSurfaceWater:0.00438095629|Absorb:HarvestLiveBiomass:0.0180000011|Absorb:HarvestDryBiomass:0.0480000004|Transform:UseChitinForRepair:0.800000012
1,332,GatherBiomass,DryStandingBiomass,107,319,107,319,0,54,1,0,0.0034859294537454844,0.0034859294537454844,0.073510117828845978,0.054300002753734589,0,0.03599017858505249,0.018000001087784767,0.048000000417232513,0.12863999605178833,0,10.800000190734863,SurfaceWater|RainFront|GroundwaterDischarge|Snowpack|SnowmeltRunoff|DryStandingBiomass|DustFront|DepositionZone|ErosionFlow|FrozenCorridor,Read:ReadFlows:12|Transform:ConsumeBiomass:0.0659999996|Absorb:WithdrawSurfaceWater:0.00494095124|Absorb:HarvestLiveBiomass:0.0180000011|Absorb:HarvestDryBiomass:0.0480000004
1,333,GatherBiomass,DryStandingBiomass,107,319,107,319,0,56,1,0,0.0034441035240888596,0.0034441035240888596,0.073728360235691071,0.054300002753734589,0,0.037787303328514099,0.018000001087784767,0.048000000417232513,0.14975999295711517,0,10.800000190734863,SurfaceWater|RainFront|GroundwaterDischarge|Snowpack|SnowmeltRunoff|DryStandingBiomass|DustFront|DepositionZone|ErosionFlow|FrozenCorridor,Read:ReadFlows:12|Transform:ConsumeBiomass:0.0659999996|Absorb:WithdrawSurfaceWater:0.00524122827|Absorb:HarvestLiveBiomass:0.0180000011|Absorb:HarvestDryBiomass:0.0480000004
1,334,GatherBiomass,DryStandingBiomass,107,319,107,319,0,58,1,0,0.0034000000450760126,0.0034000000450760126,0.07394111156463623,0.054300002753734589,0,0.040767382830381393,0.018000001087784767,0.048000000417232513,0,0,10.800000190734863,SurfaceWater|RainFront|GroundwaterDischarge|Snowpack|SnowmeltRunoff|DryStandingBiomass|DustFront|DepositionZone|ErosionFlow|FrozenCorridor,Read:ReadFlows:12|Transform:ConsumeBiomass:0.0659999996|Absorb:WithdrawSurfaceWater:0.00638008118|Absorb:HarvestLiveBiomass:0.0180000011|Absorb:HarvestDryBiomass:0.0480000004|Return:ReturnOrganicMatter:0.17087999
1,335,GatherBiomass,DryStandingBiomass,107,319,107,319,0,60,1,0,0.0034000000450760126,0.0034000000450760126,0.074148282408714294,0.054300002753734589,0,0.045067381113767624,0.018000001087784767,0.048000000417232513,0.021119998767971992,0,10.800000190734863,SurfaceWater|RainFront|GroundwaterDischarge|Snowpack|SnowmeltRunoff|DryStandingBiomass|DustFront|DepositionZone|ErosionFlow|FrozenCorridor,Read:ReadFlows:12|Transform:ConsumeBiomass:0.0659999996|Absorb:WithdrawSurfaceWater:0.00769999996|Absorb:HarvestLiveBiomass:0.0180000011|Absorb:HarvestDryBiomass:0.0480000004
1,336,GatherBiomass,DryStandingBiomass,107,319,107,319,0,62,1,0,0.0034000000450760126,0.0034000000450760126,0.075553111732006073,0.054300002753734589,0,0.041667379438877106,0.018000001087784767,0.048000000417232513,0.042239997535943985,0,10.800000190734863,SurfaceWater|RainFront|GroundwaterDischarge|Snowpack|SnowmeltRunoff|DryStandingBiomass|DustFront|DepositionZone|ErosionFlow|FrozenCorridor,Read:ReadFlows:12|Transform:ConsumeBiomass:0.0659999996|Absorb:HarvestLiveBiomass:0.0180000011|Absorb:HarvestDryBiomass:0.0480000004
1,337,GatherBiomass,DryStandingBiomass,107,319,107,319,0,64,1,0,0.0034000000450760126,0.0034000000450760126,0.075737424194812775,0.054300002753734589,0,0.045967377722263336,0.018000001087784767,0.048000000417232513,0.063359998166561127,0,10.800000190734863,SurfaceWater|RainFront|GroundwaterDischarge|Snowpack|SnowmeltRunoff|DryStandingBiomass|DustFront|DepositionZone|ErosionFlow|FrozenCorridor,Read:ReadFlows:12|Transform:ConsumeBiomass:0.0659999996|Absorb:WithdrawSurfaceWater:0.00769999996|Absorb:HarvestLiveBiomass:0.0180000011|Absorb:HarvestDryBiomass:0.0480000004
1,338,GatherBiomass,DryStandingBiomass,107,319,107,319,0,66,1,0,0.0034000000450760126,0.0034000000450760126,0.075939662754535675,0.054300002753734589,0,0.042567376047372818,0.018000001087784767,0.048000000417232513,0.08447999507188797,0,10.800000190734863,SurfaceWater|RainFront|GroundwaterDischarge|Snowpack|SnowmeltRunoff|DryStandingBiomass|DustFront|DepositionZone|ErosionFlow|FrozenCorridor,Read:ReadFlows:12|Transform:ConsumeBiomass:0.0659999996|Absorb:HarvestLiveBiomass:0.0180000011|Absorb:HarvestDryBiomass:0.0480000004
1,339,GatherBiomass,DryStandingBiomass,107,319,107,319,0,68,1,0,0.0034000000450760126,0.0034000000450760126,0.076352968811988831,0.054300002753734589,0,0.046867374330759048,0.018000001087784767,0.048000000417232513,0.10559999197721481,0,10.800000190734863,SurfaceWater|RainFront|GroundwaterDischarge|Snowpack|SnowmeltRunoff|DryStandingBiomass|DustFront|DepositionZone|ErosionFlow|FrozenCorridor,Read:ReadFlows:12|Transform:ConsumeBiomass:0.0659999996|Absorb:WithdrawSurfaceWater:0.00769999996|Absorb:HarvestLiveBiomass:0.0180000011|Absorb:HarvestDryBiomass:0.0480000004
1,340,GatherBiomass,DryStandingBiomass,107,319,107,319,0,70,1,0,0.0034000000450760126,0.0034000000450760126,0.076653189957141876,0.054300002753734589,0,0.04346737265586853,0.018000001087784767,0.048000000417232513,0.12671999633312225,0,10.800000190734863,SurfaceWater|RainFront|GroundwaterDischarge|Snowpack|SnowmeltRunoff|DryStandingBiomass|DustFront|DepositionZone|ErosionFlow|FrozenCorridor,Read:ReadFlows:12|Transform:ConsumeBiomass:0.0659999996|Absorb:HarvestLiveBiomass:0.0180000011|Absorb:HarvestDryBiomass:0.0480000004
1,341,GatherBiomass,DryStandingBiomass,107,319,107,319,0,72,1,0,0.0034000000450760126,0.0034000000450760126,0.076670855283737183,0.054300002753734589,0,0.047767370939254761,0.018000001087784767,0.048000000417232513,0.1478399932384491,0,10.800000190734863,SurfaceWater|RainFront|GroundwaterDischarge|Snowpack|SnowmeltRunoff|DryStandingBiomass|DustFront|DepositionZone|ErosionFlow|FrozenCorridor,Read:ReadFlows:12|Transform:ConsumeBiomass:0.0659999996|Absorb:WithdrawSurfaceWater:0.00769999996|Absorb:HarvestLiveBiomass:0.0180000011|Absorb:HarvestDryBiomass:0.0480000004
1,342,GatherBiomass,DryStandingBiomass,107,319,107,319,0,72,1,0,0.0034000000450760126,0.0034000000450760126,0.0767073854804039,0.054300002753734589,0,0.044367369264364243,0.018000001087784767,0.048000000417232513,0,4.5000004320172593E-05,10.800000190734863,SurfaceWater|RainFront|GroundwaterDischarge|Snowpack|SnowmeltRunoff|DryStandingBiomass|DustFront|DepositionZone|ErosionFlow|FrozenCorridor,Read:ReadFlows:12|Transform:ConsumeBiomass:0.0659999996|Absorb:HarvestLiveBiomass:0.0180000011|Absorb:HarvestDryBiomass:0.0480000004|Absorb:CaptureDust:0.0450000018|Return:ReturnOrganicMatter:0.16895999
1,343,ReturnMinerals,DepositionZone,107,319,108,318,1.4142135381698608,72,1,0,0.0037048952654004097,0.0037048952654004097,0.084941551089286804,0.054300002753734589,0,0.040662474930286407,0.072000004351139069,0.048000000417232513,0.021119998767971992,0,10.800000190734863,SurfaceWater|RainFront|GroundwaterDischarge|Snowpack|SnowmeltRunoff|DryStandingBiomass|DustFront|DepositionZone|ErosionFlow|FrozenCorridor,Read:ReadFlows:12|Migrate:Move:1.41421354|Migrate:CompactTrail:0.000300000422|Transform:ConsumeBiomass:0.0659999996|Absorb:HarvestLiveBiomass:0.0720000044|Absorb:HarvestDryBiomass:0.0480000004|Absorb:CaptureDust:0.0450000018|Return:ReturnSediment:9.00000086E-05
1,344,GatherBiomass,DryStandingBiomass,108,318,108,318,0,72,1,0,0.0034000000450760126,0.0034000000450760126,0.077049106359481812,0.073200002312660217,0.0072523918934166431,0.037262473255395889,0.01819581538438797,0.048522170633077621,0.059519998729228973,4.5000004320172593E-05,10.800000190734863,SurfaceWater|RainFront|GroundwaterDischarge|Snowpack|SnowmeltRunoff|DryStandingBiomass|DustFront|DepositionZone|ErosionFlow|FrozenCorridor,Read:ReadFlows:12|Transform:ConsumeBiomass:0.120000005|Absorb:HarvestLiveBiomass:0.0181958154|Absorb:HarvestDryBiomass:0.0485221706|Absorb:CaptureDust:0.0450000018
1,345,ReturnMinerals,DepositionZone,108,318,109,317,1.4142135381698608,72,1,0,0.0036828427109867334,0.0036828427109867334,0.084500707685947418,0.0548907071352005,0,0.03357962891459465,0.072000004351139069,0.048000000417232513,0.080869749188423157,0,10.800000190734863,SurfaceWater|RainFront|GroundwaterDischarge|Snowpack|SnowmeltRunoff|DryStandingBiomass|DustFront|DepositionZone|ErosionFlow|FrozenCorridor,Read:ReadFlows:12|Migrate:Move:1.41421354|Migrate:CompactTrail:0.000600000611|Transform:ConsumeBiomass:0.0667179823|Absorb:HarvestLiveBiomass:0.0720000044|Absorb:HarvestDryBiomass:0.0480000004|Return:ReturnSediment:4.50000043E-05
1,346,GatherBiomass,DryStandingBiomass,109,317,109,317,0,72,1,0,0.0034000000450760126,0.0034000000450760126,0.077134676277637482,0.073200002312660217,0.0071944263763725758,0.030179629102349281,0.018194250762462616,0.048517998307943344,0.11926975101232529,0,10.800000190734863,SurfaceWater|RainFront|GroundwaterDischarge|Snowpack|SnowmeltRunoff|DryStandingBiomass|DustFront|DepositionZone|ErosionFlow|OrganicPoorSoil|FrozenCorridor,Read:ReadFlows:12|Transform:ConsumeBiomass:0.120000005|Absorb:HarvestLiveBiomass:0.0181942508|Absorb:HarvestDryBiomass:0.0485179983
1,347,GatherBiomass,DryStandingBiomass,109,317,109,317,0,72,1,0,0.0034000000450760126,0.0034000000450760126,0.077365584671497345,0.054885987192392349,0.0012134453281760216,0.026779629290103912,0.01803276501595974,0.048087369650602341,0.14061766862869263,0,10.800000190734863,SurfaceWater|RainFront|GroundwaterDischarge|Snowpack|SnowmeltRunoff|DryStandingBiomass|DustFront|DepositionZone|ErosionFlow|OrganicPoorSoil|FrozenCorridor,Read:ReadFlows:12|Transform:ConsumeBiomass:0.0667122453|Absorb:HarvestLiveBiomass:0.018032765|Absorb:HarvestDryBiomass:0.0480873697
1,348,SecureWater,SurfaceWater,109,317,110,318,1.4142135381698608,72,1,0,0.0036828427109867334,0.0036828427109867334,0.085364118218421936,0.054398838430643082,0,0.023096786811947823,0.072000004351139069,0.048000000417232513,0,0,10.800000190734863,SurfaceWater|RainFront|GroundwaterDischarge|Snowpack|SnowmeltRunoff|DryStandingBiomass|DustFront|DepositionZone|ErosionFlow|OrganicPoorSoil|FrozenCorridor,Read:ReadFlows:12|Migrate:Move:1.41421354|Migrate:CompactTrail:0.000299999956|Transform:ConsumeBiomass:0.0661201328|Absorb:HarvestLiveBiomass:0.0720000044|Absorb:HarvestDryBiomass:0.0480000004|Return:ReturnOrganicMatter:0.161776111
1,349,SecureWater,SurfaceWater,110,318,110,319,1,72,1,0,0.003599999938160181,0.003599999938160181,0.082266703248023987,0.073200002312660217,0.0039383908733725548,0.027253106236457825,0.072425350546836853,0.048283562064170837,0.03840000182390213,0,10.800000190734863,SurfaceWater|RainFront|GroundwaterDischarge|Snowpack|SnowmeltRunoff|DryStandingBiomass|DustFront|DepositionZone|ErosionFlow|OrganicPoorSoil|FrozenCorridor,Read:ReadFlows:12|Migrate:Move:1|Migrate:CompactTrail:0.000299999956|Transform:ConsumeBiomass:0.120000005|Absorb:WithdrawSurfaceWater:0.0077563189|Absorb:HarvestLiveBiomass:0.0724253505|Absorb:HarvestDryBiomass:0.0482835621
1,350,GatherBiomass,DryStandingBiomass,110,319,110,319,0,72,1,0,0.0034000000450760126,0.0034000000450760126,0.076194837689399719,0.073632434010505676,0.01208876259624958,0.03172597661614418,0.018326397985219955,0.048870392143726349,0.0770268514752388,0,10.800000190734863,SurfaceWater|RainFront|GroundwaterDischarge|Snowpack|SnowmeltRunoff|DryStandingBiomass|DustFront|DepositionZone|ErosionFlow|OrganicPoorSoil|FrozenCorridor,Read:ReadFlows:12|Transform:ConsumeBiomass:0.120708913|Absorb:WithdrawSurfaceWater:0.00787286926|Absorb:HarvestLiveBiomass:0.018326398|Absorb:HarvestDryBiomass:0.0488703921
1,351,GatherBiomass,DryStandingBiomass,110,319,110,319,0,72,1,0,0.0034000000450760126,0.0034000000450760126,0.076182864606380463,0.055284630507230759,0.0070013413205742836,0.036126095801591873,0.018189037218689919,0.048504099249839783,0.098529823124408722,0,10.800000190734863,SurfaceWater|RainFront|GroundwaterDischarge|Snowpack|SnowmeltRunoff|DryStandingBiomass|DustFront|DepositionZone|ErosionFlow|OrganicPoorSoil|FrozenCorridor,Read:ReadFlows:12|Transform:ConsumeBiomass:0.0671967864|Absorb:WithdrawSurfaceWater:0.007800119|Absorb:HarvestLiveBiomass:0.0181890372|Absorb:HarvestDryBiomass:0.0485040992
1,352,GatherBiomass,DryStandingBiomass,110,319,110,319,0,72,1,0,0.0034000000450760126,0.0034000000450760126,0.076152853667736053,0.054870262742042542,0.0016303816810250282,0.040449406951665878,0.018044020980596542,0.048117388039827347,0.11987162381410599,0,10.800000190734863,SurfaceWater|RainFront|GroundwaterDischarge|Snowpack|SnowmeltRunoff|DryStandingBiomass|DustFront|DepositionZone|ErosionFlow|OrganicPoorSoil|FrozenCorridor,Read:ReadFlows:12|Transform:ConsumeBiomass:0.0666931346|Absorb:WithdrawSurfaceWater:0.00772331422|Absorb:HarvestLiveBiomass:0.018044021|Absorb:HarvestDryBiomass:0.048117388
1,353,GatherBiomass,DryStandingBiomass,110,319,110,319,0,72,1,0,0.0034000000450760126,0.0034000000450760126,0.07610747218132019,0.054432794451713562,0,0.044749405235052109,0.018000001087784767,0.048000000417232513,0.1410432755947113,0,10.800000190734863,SurfaceWater|RainFront|GroundwaterDischarge|Snowpack|SnowmeltRunoff|DryStandingBiomass|DustFront|DepositionZone|ErosionFlow|OrganicPoorSoil|FrozenCorridor,Read:ReadFlows:12|Transform:ConsumeBiomass:0.066161409|Absorb:WithdrawSurfaceWater:0.00769999996|Absorb:HarvestLiveBiomass:0.0180000011|Absorb:HarvestDryBiomass:0.0480000004
1,354,GatherBiomass,DryStandingBiomass,110,319,110,319,0,72,1,0,0.0034000000450760126,0.0034000000450760126,0.076861374080181122,0.054300002753734589,0,0.041349403560161591,0.018000001087784767,0.048000000417232513,0,0,10.800000190734863,SurfaceWater|RainFront|GroundwaterDischarge|Snowpack|SnowmeltRunoff|DryStandingBiomass|DustFront|DepositionZone|ErosionFlow|OrganicPoorSoil|FrozenCorridor,Read:ReadFlows:12|Transform:ConsumeBiomass:0.0659999996|Absorb:HarvestLiveBiomass:0.0180000011|Absorb:HarvestDryBiomass:0.0480000004|Return:ReturnOrganicMatter:0.162163273
1,355,GatherBiomass,DryStandingBiomass,110,319,110,319,0,72,1,0,0.0034000000450760126,0.0034000000450760126,0.077469319105148315,0.054300002753734589,0,0.045649401843547821,0.018000001087784767,0.048000000417232513,0.021119998767971992,0,10.800000190734863,SurfaceWater|RainFront|GroundwaterDischarge|Snowpack|SnowmeltRunoff|DryStandingBiomass|DustFront|DepositionZone|ErosionFlow|OrganicPoorSoil|FrozenCorridor,Read:ReadFlows:12|Transform:ConsumeBiomass:0.0659999996|Absorb:WithdrawSurfaceWater:0.00769999996|Absorb:HarvestLiveBiomass:0.0180000011|Absorb:HarvestDryBiomass:0.0480000004
1,356,GatherBiomass,DryStandingBiomass,110,319,110,319,0,72,1,0,0.0034000000450760126,0.0034000000450760126,0.077431336045265198,0.054300002753734589,0,0.042249400168657303,0.018000001087784767,0.048000000417232513,0.042239997535943985,0,10.800000190734863,SurfaceWater|RainFront|GroundwaterDischarge|Snowpack|SnowmeltRunoff|DryStandingBiomass|DustFront|DepositionZone|ErosionFlow|OrganicPoorSoil|FrozenCorridor,Read:ReadFlows:12|Transform:ConsumeBiomass:0.0659999996|Absorb:HarvestLiveBiomass:0.0180000011|Absorb:HarvestDryBiomass:0.0480000004
1,357,GatherBiomass,DryStandingBiomass,110,319,110,319,0,72,1,0,0.0035182188730686903,0.0035182188730686903,0.077261686325073242,0.054300002753734589,0,0.046431180089712143,0.018000001087784767,0.048000000417232513,0.063359998166561127,0,10.800000190734863,SurfaceWater|RainFront|GroundwaterDischarge|Snowpack|SnowmeltRunoff|DryStandingBiomass|DustFront|DepositionZone|ErosionFlow|OrganicPoorSoil|FrozenCorridor,Read:ReadFlows:12|Transform:ConsumeBiomass:0.0659999996|Absorb:WithdrawSurfaceWater:0.00769999996|Absorb:HarvestLiveBiomass:0.0180000011|Absorb:HarvestDryBiomass:0.0480000004
1,358,GatherBiomass,DryStandingBiomass,110,319,110,319,0,72,1,0,0.0035765960346907377,0.0035765960346907377,0.077297292649745941,0.054300002753734589,0,0.042854584753513336,0.018000001087784767,0.048000000417232513,0.08447999507188797,4.5000004320172593E-05,10.800000190734863,SurfaceWater|RainFront|GroundwaterDischarge|Snowpack|SnowmeltRunoff|DryStandingBiomass|DustFront|DepositionZone|ErosionFlow|OrganicPoorSoil|FrozenCorridor,Read:ReadFlows:12|Transform:ConsumeBiomass:0.0659999996|Absorb:HarvestLiveBiomass:0.0180000011|Absorb:HarvestDryBiomass:0.0480000004|Absorb:CaptureDust:0.0450000018
1,359,ReturnMinerals,DepositionZone,110,319,111,318,1.4142135381698608,72,1,0,0.0038474153261631727,0.0038474153261631727,0.085216425359249115,0.054300002753734589,0,0.039007168263196945,0.072000004351139069,0.048000000417232513,0.10559999197721481,0,10.800000190734863,SurfaceWater|RainFront|GroundwaterDischarge|Snowpack|SnowmeltRunoff|DryStandingBiomass|DustFront|DepositionZone|ErosionFlow|OrganicPoorSoil|FrozenCorridor,Read:ReadFlows:12|Migrate:Move:1.41421354|Migrate:CompactTrail:0.000600000145|Transform:ConsumeBiomass:0.0659999996|Absorb:HarvestLiveBiomass:0.0720000044|Absorb:HarvestDryBiomass:0.0480000004|Absorb:CaptureDust:0.0450000018|Return:ReturnSediment:9.00000086E-05
1,360,GatherBiomass,DryStandingBiomass,111,318,111,319,1,72,1,0,0.0036008530296385288,0.0036008530296385288,0.082867860794067383,0.073200002312660217,0.0035833721049129963,0.043157555162906647,0.018096752464771271,0.04825800284743309,0.14399999380111694,4.5000004320172593E-05,10.800000190734863,SurfaceWater|RainFront|GroundwaterDischarge|Snowpack|SnowmeltRunoff|DryStandingBiomass|DustFront|DepositionZone|ErosionFlow|OrganicPoorSoil|FrozenCorridor,Read:ReadFlows:12|Migrate:Move:1|Migrate:CompactTrail:0.000300000189|Transform:ConsumeBiomass:0.120000005|Absorb:WithdrawSurfaceWater:0.00775124226|Absorb:HarvestLiveBiomass:0.0180967525|Absorb:HarvestDryBiomass:0.0482580028|Absorb:CaptureDust:0.0450000018
1,361,ReturnMinerals,DepositionZone,111,319,111,317,2,72,1,0,0.0038860165514051914,0.0038860165514051914,0.086783386766910553,0.054591864347457886,0,0.039271537214517593,0.072000004351139069,0.048000000417232513,0,0,10,SurfaceWater|RainFront|GroundwaterDischarge|Snowpack|SnowmeltRunoff|DryStandingBiomass|DustFront|DepositionZone|ErosionFlow|OrganicPoorSoil|FrozenCorridor,Read:ReadFlows:12|Migrate:Move:2|Migrate:CompactTrail:0.000600000378|Transform:ConsumeBiomass:0.0663547516|Absorb:HarvestLiveBiomass:0.0720000044|Absorb:HarvestDryBiomass:0.0480000004|Transform:UseChitinForRepair:0.800000012|Return:ReturnOrganicMatter:0.165233508|Return:ReturnSediment:4.50000043E-05
1,362,GatherBiomass,DryStandingBiomass,111,317,111,319,2,72,1,0,0.0038000000640749931,0.0038000000640749931,0.088131457567214966,0.073200002312660217,0.00068175839260220528,0.043181285262107849,0.018018409609794617,0.048049088567495346,0.03840000182390213,0,10,SurfaceWater|RainFront|GroundwaterDischarge|Snowpack|SnowmeltRunoff|DryStandingBiomass|DustFront|DepositionZone|ErosionFlow|OrganicPoorSoil|FrozenCorridor,Read:ReadFlows:12|Migrate:Move:2|Migrate:CompactTrail:0.000600000378|Transform:ConsumeBiomass:0.120000005|Absorb:WithdrawSurfaceWater:0.00770974858|Absorb:HarvestLiveBiomass:0.0180184096|Absorb:HarvestDryBiomass:0.0480490886
1,363,GatherBiomass,DryStandingBiomass,111,319,111,319,0,72,1,0,0.0034000000450760126,0.0034000000450760126,0.075440384447574615,0.054355531930923462,0,0.04748128354549408,0.018000001087784767,0.048000000417232513,0.059541601687669754,0,10,SurfaceWater|RainFront|GroundwaterDischarge|Snowpack|SnowmeltRunoff|DryStandingBiomass|DustFront|DepositionZone|ErosionFlow|OrganicPoorSoil|FrozenCorridor,Read:ReadFlows:12|Transform:ConsumeBiomass:0.0660675019|Absorb:WithdrawSurfaceWater:0.00769999996|Absorb:HarvestLiveBiomass:0.0180000011|Absorb:HarvestDryBiomass:0.0480000004
1,364,GatherBiomass,DryStandingBiomass,111,319,111,319,0,72,1,0,0.0034000000450760126,0.0034000000450760126,0.07541840523481369,0.054300002753734589,0,0.044081281870603561,0.018000001087784767,0.048000000417232513,0.080661602318286896,0,10,SurfaceWater|RainFront|GroundwaterDischarge|Snowpack|SnowmeltRunoff|DryStandingBiomass|DustFront|DepositionZone|ErosionFlow|OrganicPoorSoil|FrozenCorridor,Read:ReadFlows:12|Transform:ConsumeBiomass:0.0659999996|Absorb:HarvestLiveBiomass:0.0180000011|Absorb:HarvestDryBiomass:0.0480000004
1,365,GatherBiomass,DryStandingBiomass,111,319,111,319,0,72,1,0,0.0034000000450760126,0.0034000000450760126,0.075414888560771942,0.054300002753734589,0,0.048381280153989792,0.018000001087784767,0.048000000417232513,0.10178159922361374,0,10,SurfaceWater|RainFront|GroundwaterDischarge|Snowpack|SnowmeltRunoff|DryStandingBiomass|DustFront|DepositionZone|ErosionFlow|OrganicPoorSoil|FrozenCorridor,Read:ReadFlows:12|Transform:ConsumeBiomass:0.0659999996|Absorb:WithdrawSurfaceWater:0.00769999996|Absorb:HarvestLiveBiomass:0.0180000011|Absorb:HarvestDryBiomass:0.0480000004
