year,day,goal,target_opportunity,from_x,from_y,to_x,to_y,distance_cells,scout_radius_cells,water_need_met,biomass_need_met,water_demand_mm_cells,water_consumed_mm_cells,biomass_demand_gm2_cells,biomass_energy_consumed_gm2_cells,condition,water_mm_cells,fresh_biomass_gm2_cells,dry_biomass_gm2_cells,residue_gm2_cells,captured_sediment_kgm2_cells,chitin_kg,opportunities,actions
1,1,TrackRainFront,RainFront,160,160,158,157,3.6055512428283691,12,1,1,0.0042886543087661266,0.0042886543087661266,0.098230041563510895,0.098230041563510895,1,0.060711342841386795,0.10000000149011612,0.5217699408531189,0.031433612108230591,4.5000004320172593E-05,0,RainFront|Snowpack|DryStandingBiomass|DustFront|DepositionZone|OrganicPoorSoil,Read:ReadFlows:12|Migrate:Move:3.60555124|Migrate:CompactTrail:0.0042210049|Transform:ConsumeBiomass:0.0982300416|Absorb:CaptureDust:0.0450000018
1,2,ReturnMinerals,DepositionZone,158,157,162,157,4,12,1,1,0.00419999985024333,0.00419999985024333,0.10366895794868469,0.10366895794868469,1,0.056511342525482178,0.10000000149011612,0.4181009829044342,0.064607679843902588,0,0,RainFront|Snowpack|DryStandingBiomass|DustFront|DepositionZone|OrganicPoorSoil|FrozenCorridor,Read:ReadFlows:12|Migrate:Move:4|Migrate:CompactTrail:0.00289001176|Transform:ConsumeBiomass:0.103668958|Absorb:CaptureDust:0.0450000018|Return:ReturnSediment:9.00000086E-05
1,3,GatherBiomass,DryStandingBiomass,162,157,162,157,0,12,1,1,0.0034000000450760126,0.0034000000450760126,0.083141550421714783,0.083141550421714783,1,0.05311134085059166,0.10000000149011612,0.4549594521522522,0.09121297299861908,4.5000004320172593E-05,0,RainFront|Snowpack|DryStandingBiomass|DustFront|DepositionZone|OrganicPoorSoil|FrozenCorridor,Read:ReadFlows:12|Transform:ConsumeBiomass:0.0831415504|Absorb:HarvestDryBiomass:0.119999997|Absorb:CaptureDust:0.0450000018
1,4,ReturnMinerals,DepositionZone,162,157,166,157,4,12,1,1,0.00419999985024333,0.00419999985024333,0.10546552389860153,0.10546552389860153,1,0.048911340534687042,0.10000000149011612,0.34949392080307007,0.12496194243431091,0,0,RainFront|Snowpack|DryStandingBiomass|DustFront|DepositionZone|OrganicPoorSoil|FrozenCorridor,Read:ReadFlows:12|Migrate:Move:4|Migrate:CompactTrail:0.00130535243|Transform:ConsumeBiomass:0.105465524|Absorb:CaptureDust:0.0450000018|Return:ReturnSediment:9.00000086E-05
1,5,GatherBiomass,DryStandingBiomass,166,157,166,157,0,12,1,1,0.0034000000450760126,0.0034000000450760126,0.083051405847072601,0.083051405847072601,1,0.045511338859796524,0.10000000149011612,0.38644251227378845,0.15153838694095612,4.5000004320172593E-05,0,RainFront|Snowpack|DryStandingBiomass|DustFront|DepositionZone|OrganicPoorSoil|FrozenCorridor,Read:ReadFlows:12|Transform:ConsumeBiomass:0.0830514058|Absorb:HarvestDryBiomass:0.119999997|Absorb:CaptureDust:0.0450000018
1,6,ReturnMinerals,DepositionZone,166,157,170,157,4,12,1,1,0.00419999985024333,0.00419999985024333,0.10550443083047867,0.10550443083047867,1,0.041311338543891907,0.10000000149011612,0.40093809366226196,0,0,0,RainFront|Snowpack|DryStandingBiomass|DustFront|DepositionZone|OrganicPoorSoil|FrozenCorridor,Read:ReadFlows:12|Migrate:Move:4|Migrate:CompactTrail:0.00120365003|Transform:ConsumeBiomass:0.105504431|Absorb:HarvestDryBiomass:0.119999997|Absorb:CaptureDust:0.0450000018|Return:ReturnOrganicMatter:0.185299799|Return:ReturnSediment:9.00000086E-05
1,7,GatherBiomass,DryStandingBiomass,170,157,170,157,0,12,1,1,0.0034000000450760126,0.0034000000450760126,0.082959756255149841,0.082959756255149841,1,0.05391133576631546,0.10000000149011612,0.34908944368362427,0.037213787436485291,4.5000004320172593E-05,0,RainFront|Snowpack|DryStandingBiomass|DustFront|DepositionZone|OrganicPoorSoil|FrozenCorridor,Read:ReadFlows:12|Transform:ConsumeBiomass:0.0829597563|Transform:ConsumeBiomass:0.088888891|Absorb:CollectSnow:0.0160000008|Transform:MeltSnow:0.0160000008|Absorb:HarvestDryBiomass:0.119999997|Absorb:CaptureDust:0.0450000018
1,8,ReturnMinerals,DepositionZone,170,157,174,156,4.123105525970459,12,1,1,0.0042246212251484394,0.0042246212251484394,0.10609287768602371,0.10609287768602371,1,0.049686715006828308,0.10000000149011612,0.36299657821655273,0.07116350531578064,0,0,RainFront|Snowpack|DryStandingBiomass|DustFront|DepositionZone|OrganicPoorSoil|FrozenCorridor,Read:ReadFlows:12|Migrate:Move:4.12310553|Migrate:CompactTrail:0.00150015892|Transform:ConsumeBiomass:0.106092878|Absorb:HarvestDryBiomass:0.119999997|Absorb:CaptureDust:0.0450000018|Return:ReturnSediment:9.00000086E-05
1,9,GatherBiomass,DryStandingBiomass,174,156,174,156,0,12,1,1,0.0034654010087251663,0.0034654010087251663,0.08283388614654541,0.08283388614654541,1,0.046221315860748291,0.10000000149011612,0.40016269683837891,0.09767034649848938,4.5000004320172593E-05,0,RainFront|Snowpack|DryStandingBiomass|DustFront|DepositionZone|OrganicPoorSoil|FrozenCorridor,Read:ReadFlows:12|Transform:ConsumeBiomass:0.0828338861|Absorb:HarvestDryBiomass:0.119999997|Absorb:CaptureDust:0.0450000018
1,10,ReturnMinerals,DepositionZone,174,156,178,156,4,12,1,1,0.0043423785828053951,0.0043423785828053951,0.10526414215564728,0.10526414215564728,1,0.041878938674926758,0.10000000149011612,0.4148985743522644,0.13135486841201782,0,0,RainFront|Snowpack|DryStandingBiomass|DustFront|DepositionZone|OrganicPoorSoil|FrozenCorridor,Read:ReadFlows:12|Migrate:Move:4|Migrate:CompactTrail:0.0012000046|Transform:ConsumeBiomass:0.105264142|Absorb:HarvestDryBiomass:0.119999997|Absorb:CaptureDust:0.0450000018|Return:ReturnSediment:9.00000086E-05
1,11,GatherBiomass,DryStandingBiomass,178,156,178,156,0,12,1,1,0.0035772731062024832,0.0035772731062024832,0.082679882645606995,0.082679882645606995,1,0.054301664233207703,0.10000000149011612,0.36332982778549194,0,4.5000004320172593E-05,0,RainFront|Snowpack|DryStandingBiomass|DustFront|DepositionZone|OrganicPoorSoil|FrozenCorridor,Read:ReadFlows:12|Transform:ConsumeBiomass:0.0826798826|Transform:ConsumeBiomass:0.088888891|Absorb:CollectSnow:0.0160000008|Transform:MeltSnow:0.0160000008|Absorb:HarvestDryBiomass:0.119999997|Absorb:CaptureDust:0.0450000018|Return:ReturnOrganicMatter:0.1684791
1,12,ReturnMinerals,DepositionZone,178,156,182,157,4.123105525970459,12,1,1,0.0044683427549898624,0.0044683427549898624,0.1057857945561409,0.1057857945561409,1,0.049833320081233978,0.10000000149011612,0.37754404544830322,0.033851452171802521,0,0,RainFront|Snowpack|DryStandingBiomass|DustFront|DepositionZone|OrganicPoorSoil|FrozenCorridor,Read:ReadFlows:12|Migrate:Move:4.12310553|Migrate:CompactTrail:0.00150000083|Transform:ConsumeBiomass:0.105785795|Absorb:HarvestDryBiomass:0.119999997|Absorb:CaptureDust:0.0450000018|Return:ReturnSediment:9.00000086E-05
1,13,GatherBiomass,DryStandingBiomass,182,157,182,157,0,12,1,1,0.0037554288282990456,0.0037554288282990456,0.082496263086795807,0.082496263086795807,1,0.046077892184257507,0.10000000149011612,0.41504779458045959,0.060250256210565567,4.5000004320172593E-05,0,RainFront|Snowpack|DryStandingBiomass|DustFront|DepositionZone|OrganicPoorSoil|FrozenCorridor,Read:ReadFlows:12|Transform:ConsumeBiomass:0.0824962631|Absorb:HarvestDryBiomass:0.119999997|Absorb:CaptureDust:0.0450000018
1,14,ReturnMinerals,DepositionZone,182,157,185,155,3.6055512428283691,12,1,1,0.0044951103627681732,0.0044951103627681732,0.10267446935176849,0.10267446935176849,1,0.041582781821489334,0.10000000149011612,0.31237334012985229,0.093106091022491455,0,0,RainFront|Snowpack|DryStandingBiomass|DustFront|DepositionZone|OrganicPoorSoil|FrozenCorridor,Read:ReadFlows:12|Migrate:Move:3.60555124|Migrate:CompactTrail:0.00090000045|Transform:ConsumeBiomass:0.102674469|Absorb:CaptureDust:0.0450000018|Return:ReturnSediment:9.00000086E-05
1,15,GatherBiomass,DryStandingBiomass,185,155,185,155,0,12,1,1,0.00366932712495327,0.00366932712495327,0.082274667918682098,0.082274667918682098,1,0.053913459181785583,0.10000000149011612,0.26120978593826294,0.13010065257549286,4.5000004320172593E-05,0,RainFront|Snowpack|DryStandingBiomass|DustFront|DepositionZone|OrganicPoorSoil|FrozenCorridor,Read:ReadFlows:12|Transform:ConsumeBiomass:0.0822746679|Transform:ConsumeBiomass:0.088888891|Absorb:CollectSnow:0.0160000008|Transform:MeltSnow:0.0160000008|Absorb:HarvestDryBiomass:0.119999997|Absorb:CaptureDust:0.0450000018
1,16,ReturnMinerals,DepositionZone,185,155,185,155,0,12,1,1,0.0034000000450760126,0.0034000000450760126,0.082150958478450775,0.082150958478450775,1,0.050513457506895065,0.10000000149011612,0.29905882477760315,0.15638895332813263,0,0,RainFront|Snowpack|DryStandingBiomass|DustFront|DepositionZone|OrganicPoorSoil|FrozenCorridor,Read:ReadFlows:12|Transform:ConsumeBiomass:0.0821509585|Absorb:HarvestDryBiomass:0.119999997|Absorb:CaptureDust:0.0450000018|Return:ReturnSediment:9.00000086E-05
1,17,GatherBiomass,DryStandingBiomass,185,155,185,155,0,12,1,1,0.0034000000450760126,0.0034000000450760126,0.082021646201610565,0.082021646201610565,1,0.047113455832004547,0.10000000149011612,0.33703717589378357,0,4.5000004320172593E-05,0,RainFront|Snowpack|DryStandingBiomass|DustFront|DepositionZone|OrganicPoorSoil|FrozenCorridor,Read:ReadFlows:12|Transform:ConsumeBiomass:0.0820216462|Absorb:HarvestDryBiomass:0.119999997|Absorb:CaptureDust:0.0450000018|Return:ReturnOrganicMatter:0.182635874
1,18,ReturnMinerals,DepositionZone,185,155,189,154,4.123105525970459,12,1,1,0.0042246212251484394,0.0042246212251484394,0.10507792234420776,0.10507792234420776,1,0.042888835072517395,0.10000000149011612,0.35195925831794739,0.033624935895204544,0,0,RainFront|Snowpack|DryStandingBiomass|DustFront|DepositionZone|OrganicPoorSoil|FrozenCorridor,Read:ReadFlows:12|Migrate:Move:4.12310553|Migrate:CompactTrail:0.00150000083|Transform:ConsumeBiomass:0.105077922|Absorb:HarvestDryBiomass:0.119999997|Absorb:CaptureDust:0.0450000018|Return:ReturnSediment:9.00000086E-05
1,19,GatherBiomass,DryStandingBiomass,189,154,189,154,0,12,1,1,0.0034000000450760126,0.0034000000450760126,0.081744275987148285,0.081744275987148285,1,0.055488832294940948,0.10000000149011612,0.30132609605789185,0.070449769496917725,4.5000004320172593E-05,0,RainFront|Snowpack|DryStandingBiomass|DustFront|DepositionZone|OrganicPoorSoil|FrozenCorridor,Read:ReadFlows:12|Transform:ConsumeBiomass:0.081744276|Transform:ConsumeBiomass:0.088888891|Absorb:CollectSnow:0.0160000008|Transform:MeltSnow:0.0160000008|Absorb:HarvestDryBiomass:0.119999997|Absorb:CaptureDust:0.0450000018
1,20,ReturnMinerals,DepositionZone,189,154,186,156,3.6055512428283691,12,1,1,0.0041211103089153767,0.0041211103089153767,0.10187398642301559,0.10187398642301559,1,0.051367722451686859,0.10000000149011612,0.31945210695266724,0.10304944217205048,0,0,SurfaceWater|RainFront|Snowpack|DryStandingBiomass|DustFront|DepositionZone|OrganicPoorSoil|FrozenCorridor,Read:ReadFlows:12|Migrate:Move:3.60555124|Migrate:CompactTrail:0.00120000064|Transform:ConsumeBiomass:0.101873986|Absorb:HarvestDryBiomass:0.119999997|Absorb:CaptureDust:0.0450000018|Return:ReturnSediment:9.00000086E-05
1,21,GatherBiomass,DryStandingBiomass,186,156,186,156,0,12,1,1,0.0034000000450760126,0.0034000000450760126,0.081430636346340179,0.081430636346340179,1,0.047967720776796341,0.10000000149011612,0.35802146792411804,0.12910723686218262,4.5000004320172593E-05,0,SurfaceWater|RainFront|Snowpack|DryStandingBiomass|DustFront|DepositionZone|OrganicPoorSoil|FrozenCorridor,Read:ReadFlows:12|Transform:ConsumeBiomass:0.0814306363|Absorb:HarvestDryBiomass:0.119999997|Absorb:CaptureDust:0.0450000018
1,22,ReturnMinerals,DepositionZone,186,156,183,158,3.6055512428283691,12,1,1,0.0041211103089153767,0.0041211103089153767,0.10154543071985245,0.10154543071985245,1,0.043846610933542252,0.10000000149011612,0.37647604942321777,0,0,0,SurfaceWater|RainFront|Snowpack|DryStandingBiomass|DustFront|DepositionZone|OrganicPoorSoil|FrozenCorridor,Read:ReadFlows:12|Migrate:Move:3.60555124|Migrate:CompactTrail:0.00120000064|Transform:ConsumeBiomass:0.101545431|Absorb:HarvestDryBiomass:0.119999997|Absorb:CaptureDust:0.0450000018|Return:ReturnOrganicMatter:0.161601782|Return:ReturnSediment:9.00000086E-05
1,23,GatherBiomass,DryStandingBiomass,183,158,183,158,0,12,1,1,0.0034000000450760126,0.0034000000450760126,0.081088878214359283,0.081088878214359283,1,0.065850593149662018,0.10000000149011612,0.32649829983711243,0.036615107208490372,4.5000004320172593E-05,0,SurfaceWater|RainFront|Snowpack|DryStandingBiomass|DustFront|DepositionZone|OrganicPoorSoil|FrozenCorridor,Read:ReadFlows:12|Transform:ConsumeBiomass:0.0810888782|Absorb:WithdrawSurfaceWater:0.00940398313|Transform:ConsumeBiomass:0.088888891|Absorb:CollectSnow:0.0160000008|Transform:MeltSnow:0.0160000008|Absorb:HarvestDryBiomass:0.119999997|Absorb:CaptureDust:0.0450000018
1,24,ReturnMinerals,DepositionZone,183,158,180,161,4.242640495300293,12,1,1,0.0044052251614630222,0.0044052251614630222,0.10477889329195023,0.10477889329195023,1,0.061445366591215134,0.10000000149011612,0.34171941876411438,0.070144355297088623,0,0,RainFront|Snowpack|DryStandingBiomass|DustFront|DepositionZone|OrganicPoorSoil|FrozenCorridor,Read:ReadFlows:12|Migrate:Move:4.2426405|Migrate:CompactTrail:0.00090000045|Transform:ConsumeBiomass:0.104778893|Absorb:HarvestDryBiomass:0.119999997|Absorb:CaptureDust:0.0450000018|Return:ReturnSediment:9.00000086E-05
1,25,GatherBiomass,DryStandingBiomass,180,161,180,161,0,12,1,1,0.0036161951720714569,0.0036161951720714569,0.080732531845569611,0.080732531845569611,1,0.057829171419143677,0.10000000149011612,0.38098689913749695,0.095978766679763794,4.5000004320172593E-05,0,RainFront|Snowpack|DryStandingBiomass|DustFront|DepositionZone|OrganicPoorSoil|FrozenCorridor,Read:ReadFlows:12|Transform:ConsumeBiomass:0.0807325318|Absorb:HarvestDryBiomass:0.119999997|Absorb:CaptureDust:0.0450000018
1,26,ReturnMinerals,DepositionZone,180,161,179,162,1.4142135381698608,12,1,1,0.003953633364289999,0.003953633364289999,0.088494434952735901,0.088494434952735901,1,0.05387553945183754,0.10000000149011612,0.41249245405197144,0.12429698556661606,0,0,RainFront|Snowpack|DryStandingBiomass|DustFront|DepositionZone|OrganicPoorSoil|FrozenCorridor,Read:ReadFlows:12|Migrate:Move:1.41421354|Migrate:CompactTrail:0.00060000032|Transform:ConsumeBiomass:0.088494435|Absorb:HarvestDryBiomass:0.119999997|Absorb:CaptureDust:0.0450000018|Return:ReturnSediment:9.00000086E-05
1,27,GatherBiomass,DryStandingBiomass,179,162,179,162,0,12,1,1,0.0037740000989288092,0.0037740000989288092,0.080340035259723663,0.080340035259723663,1,0.050101540982723236,0.10000000149011612,0.45215243101119995,0.15000580251216888,4.5000004320172593E-05,0,SurfaceWater|RainFront|Snowpack|DryStandingBiomass|DustFront|DepositionZone|OrganicPoorSoil|FrozenCorridor|HarvesterFront,Read:ReadFlows:12|Transform:ConsumeBiomass:0.0803400353|Absorb:HarvestDryBiomass:0.119999997|Absorb:CaptureDust:0.0450000018
1,28,ReturnMinerals,DepositionZone,179,162,179,164,2,12,1,1,0.0041740001179277897,0.0041740001179277897,0.091391690075397491,0.091391690075397491,1,0.045927539467811584,0.10000000149011612,0.36076074838638306,0,0,0,SurfaceWater|RainFront|Snowpack|DryStandingBiomass|DustFront|DepositionZone|OrganicPoorSoil|FrozenCorridor|HarvesterFront,Read:ReadFlows:12|Migrate:Move:2|Migrate:CompactTrail:0.00060000032|Transform:ConsumeBiomass:0.0913916901|Absorb:CaptureDust:0.0450000018|Return:ReturnOrganicMatter:0.179251134|Return:ReturnSediment:9.00000086E-05
1,29,GatherBiomass,DryStandingBiomass,179,164,179,164,0,12,1,1,0.0036510622594505548,0.0036510622594505548,0.07992679625749588,0.07992679625749588,1,0.042276475578546524,0.10000000149011612,0.40083396434783936,0.025576574727892876,4.5000004320172593E-05,0,SurfaceWater|RainFront|Snowpack|DryStandingBiomass|DustFront|DepositionZone|OrganicPoorSoil|FrozenCorridor|HarvesterFront,Read:ReadFlows:12|Transform:ConsumeBiomass:0.0799267963|Absorb:HarvestDryBiomass:0.119999997|Absorb:CaptureDust:0.0450000018
1,30,ReturnMinerals,DepositionZone,179,164,179,165,1,12,1,1,0.0036531176883727312,0.0036531176883727312,0.085332781076431274,0.085332781076431274,1,0.069310128688812256,0.10000000149011612,0.34661230444908142,0.063549734652042389,0,0,SurfaceWater|RainFront|Snowpack|DryStandingBiomass|DustFront|DepositionZone|OrganicPoorSoil|FrozenCorridor,Read:ReadFlows:12|Migrate:Move:1|Migrate:CompactTrail:0.00030000016|Transform:ConsumeBiomass:0.0853327811|Absorb:WithdrawSurfaceWater:0.014686767|Transform:ConsumeBiomass:0.088888891|Absorb:CollectSnow:0.0160000008|Transform:MeltSnow:0.0160000008|Absorb:HarvestDryBiomass:0.119999997|Absorb:CaptureDust:0.0450000018|Return:ReturnSediment:9.00000086E-05
1,31,GatherBiomass,DryStandingBiomass,179,165,179,165,0,12,1,1,0.0034000000450760126,0.0034000000450760126,0.079486958682537079,0.079486958682537079,1,0.065910130739212036,0.10000000149011612,0.38712534308433533,0.088985562324523926,4.5000004320172593E-05,0,SurfaceWater|RainFront|Snowpack|DryStandingBiomass|DustFront|DepositionZone|OrganicPoorSoil|FrozenCorridor|HarvesterFront,Read:ReadFlows:12|Transform:ConsumeBiomass:0.0794869587|Absorb:HarvestDryBiomass:0.119999997|Absorb:CaptureDust:0.0450000018
1,32,ReturnMinerals,DepositionZone,179,165,182,162,4.242640495300293,12,1,1,0.0042485282756388187,0.0042485282756388187,0.10312389582395554,0.10312389582395554,1,0.061661601066589355,0.10000000149011612,0.40400144457817078,0.12198521196842194,0,0,SurfaceWater|RainFront|Snowpack|DryStandingBiomass|DustFront|DepositionZone|OrganicPoorSoil|FrozenCorridor|HarvesterFront,Read:ReadFlows:12|Migrate:Move:4.2426405|Migrate:CompactTrail:0.00090000045|Transform:ConsumeBiomass:0.103123896|Absorb:HarvestDryBiomass:0.119999997|Absorb:CaptureDust:0.0450000018|Return:ReturnSediment:9.00000086E-05
1,33,GatherBiomass,DryStandingBiomass,182,162,182,162,0,12,1,1,0.0034000000450760126,0.0034000000450760126,0.079026281833648682,0.079026281833648682,1,0.058261599391698837,0.10000000149011612,0.44497516751289368,0.14727362990379333,4.5000004320172593E-05,0,SurfaceWater|RainFront|Snowpack|DryStandingBiomass|DustFront|DepositionZone|OrganicPoorSoil|FrozenCorridor,Read:ReadFlows:12|Transform:ConsumeBiomass:0.0790262818|Absorb:HarvestDryBiomass:0.119999997|Absorb:CaptureDust:0.0450000018
1,34,ReturnMinerals,DepositionZone,182,162,185,160,3.6055512428283691,12,1,1,0.0041211103089153767,0.0041211103089153767,0.099063023924827576,0.099063023924827576,1,0.054140489548444748,0.10000000149011612,0.34591215848922729,0,0,0,SurfaceWater|RainFront|Snowpack|DryStandingBiomass|DustFront|DepositionZone|OrganicPoorSoil|HarvesterFront,Read:ReadFlows:12|Migrate:Move:3.60555124|Migrate:CompactTrail:0.00120000064|Transform:ConsumeBiomass:0.0990630239|Absorb:CaptureDust:0.0450000018|Return:ReturnOrganicMatter:0.178973794|Return:ReturnSediment:9.00000086E-05
1,35,GatherBiomass,DryStandingBiomass,185,160,185,160,0,12,1,1,0.0034000000450760126,0.0034000000450760126,0.078530602157115936,0.078530602157115936,1,0.05074048787355423,0.10000000149011612,0.38738155364990234,0.025129791349172592,4.5000004320172593E-05,0,SurfaceWater|RainFront|Snowpack|DryStandingBiomass|DustFront|DepositionZone|OrganicPoorSoil,Read:ReadFlows:12|Transform:ConsumeBiomass:0.0785306022|Absorb:HarvestDryBiomass:0.119999997|Absorb:CaptureDust:0.0450000018
1,36,ReturnMinerals,DepositionZone,185,160,188,158,3.6055512428283691,12,1,1,0.0041211103089153767,0.0041211103089153767,0.098551459610462189,0.098551459610462189,1,0.04661937803030014,0.10000000149011612,0.40883010625839233,0.056666258722543716,0,0,SurfaceWater|RainFront|Snowpack|DryStandingBiomass|DustFront|DepositionZone|OrganicPoorSoil,Read:ReadFlows:12|Migrate:Move:3.60555124|Migrate:CompactTrail:0.00120000064|Transform:ConsumeBiomass:0.0985514596|Absorb:HarvestDryBiomass:0.119999997|Absorb:CaptureDust:0.0450000018|Return:ReturnSediment:9.00000086E-05
1,37,GatherBiomass,DryStandingBiomass,188,158,188,158,0,12,1,1,0.0034804879687726498,0.0034804879687726498,0.078009352087974548,0.078009352087974548,1,0.043138891458511353,0.10000000149011612,0.45082074403762817,0.081629246473312378,4.5000004320172593E-05,0,SurfaceWater|RainFront|Snowpack|SnowmeltRunoff|DryStandingBiomass|DustFront|DepositionZone|OrganicPoorSoil,Read:ReadFlows:12|Transform:ConsumeBiomass:0.0780093521|Absorb:HarvestDryBiomass:0.119999997|Absorb:CaptureDust:0.0450000018
1,38,ReturnMinerals,DepositionZone,188,158,191,155,4.242640495300293,12,1,1,0.0042485282756388187,0.0042485282756388187,0.10160394757986069,0.10160394757986069,1,0.076890364289283752,0.10000000149011612,0.38032791018486023,0.12480917572975159,0,0,SurfaceWater|RainFront|Snowpack|SnowmeltRunoff|DryStandingBiomass|DustFront|DepositionZone|OrganicPoorSoil,Read:ReadFlows:12|Migrate:Move:4.2426405|Migrate:CompactTrail:0.00090000045|Transform:ConsumeBiomass:0.101603948|Absorb:WithdrawSurfaceWater:0.0219999999|Transform:ConsumeBiomass:0.088888891|Absorb:CollectSnow:0.0160000008|Transform:MeltSnow:0.0160000008|Absorb:HarvestDryBiomass:0.119999997|Absorb:CaptureDust:0.0450000018|Return:ReturnSediment:9.00000086E-05
1,39,GatherBiomass,DryStandingBiomass,191,155,191,155,0,12,1,1,0.0034000000450760126,0.0034000000450760126,0.07747601717710495,0.07747601717710495,1,0.073490366339683533,0.10000000149011612,0.42285189032554626,0.14960150420665741,4.5000004320172593E-05,0,SurfaceWater|RainFront|Snowpack|SnowmeltRunoff|DryStandingBiomass|DustFront|DepositionZone|OrganicPoorSoil,Read:ReadFlows:12|Transform:ConsumeBiomass:0.0774760172|Absorb:HarvestDryBiomass:0.119999997|Absorb:CaptureDust:0.0450000018
1,40,ReturnMinerals,DepositionZone,191,155,194,152,4.242640495300293,12,1,1,0.004450526088476181,0.004450526088476181,0.10105527937412262,0.10105527937412262,1,0.069039836525917053,0.10000000149011612,0.32179659605026245,0,0,0,SurfaceWater|RainFront|Snowpack|SnowmeltRunoff|DryStandingBiomass|DustFront|DepositionZone|OrganicPoorSoil,Read:ReadFlows:12|Migrate:Move:4.2426405|Migrate:CompactTrail:0.00090000045|Transform:ConsumeBiomass:0.101055279|Absorb:CaptureDust:0.0450000018|Return:ReturnOrganicMatter:0.181939185|Return:ReturnSediment:9.00000086E-05
1,41,GatherBiomass,DryStandingBiomass,194,152,194,152,0,12,1,1,0.0037740000989288092,0.0037740000989288092,0.076917380094528198,0.076917380094528198,1,0.065265834331512451,0.10000000149011612,0.36487922072410583,0.024613561108708382,4.5000004320172593E-05,0,SurfaceWater|RainFront|Snowpack|SnowmeltRunoff|DryStandingBiomass|DustFront|DepositionZone|OrganicPoorSoil,Read:ReadFlows:12|Transform:ConsumeBiomass:0.0769173801|Absorb:HarvestDryBiomass:0.119999997|Absorb:CaptureDust:0.0450000018
1,42,ReturnMinerals,DepositionZone,194,152,196,149,3.6055512428283691,12,1,1,0.0044951103627681732,0.0044951103627681732,0.096909984946250916,0.096909984946250916,1,0.060770723968744278,0.10000000149011612,0.3879692554473877,0.05562475323677063,0,0,SurfaceWater|RainFront|Snowpack|SnowmeltRunoff|DryStandingBiomass|DustFront|DepositionZone|OrganicPoorSoil,Read:ReadFlows:12|Migrate:Move:3.60555124|Migrate:CompactTrail:0.00120000064|Transform:ConsumeBiomass:0.0969099849|Absorb:HarvestDryBiomass:0.119999997|Absorb:CaptureDust:0.0450000018|Return:ReturnSediment:9.00000086E-05
1,43,GatherBiomass,DryStandingBiomass,196,149,196,149,0,12,1,1,0.0037489656824618578,0.0037489656824618578,0.076394639909267426,0.076394639909267426,1,0.057021759450435638,0.10000000149011612,0.43157461285591125,0.080071039497852325,4.5000004320172593E-05,0,SurfaceWater|RainFront|Snowpack|SnowmeltRunoff|DryStandingBiomass|DustFront|DepositionZone|OrganicPoorSoil|FrozenCorridor,Read:ReadFlows:12|Transform:ConsumeBiomass:0.0763946399|Absorb:HarvestDryBiomass:0.119999997|Absorb:CaptureDust:0.0450000018
1,44,ReturnMinerals,DepositionZone,196,149,199,147,3.6055512428283691,12,1,1,0.004292632918804884,0.004292632918804884,0.096343651413917542,0.096343651413917542,1,0.052729126065969467,0.10000000149011612,0.33523094654083252,0.11090100556612015,0,0,RainFront|Snowpack|SnowmeltRunoff|DryStandingBiomass|DustFront|DepositionZone|OrganicPoorSoil|FrozenCorridor,Read:ReadFlows:12|Migrate:Move:3.60555124|Migrate:CompactTrail:0.000935162068|Transform:ConsumeBiomass:0.0963436514|Absorb:CaptureDust:0.0450000018|Return:ReturnSediment:9.00000086E-05
1,45,GatherBiomass,DryStandingBiomass,199,147,199,147,0,12,1,1,0.0034541115164756775,0.0034541115164756775,0.075827397406101227,0.075827397406101227,1,0.04927501454949379,0.10000000149011612,0.37940356135368347,0.13516576588153839,4.5000004320172593E-05,0,RainFront|Snowpack|SnowmeltRunoff|DryStandingBiomass|DustFront|DepositionZone|OrganicPoorSoil|FrozenCorridor,Read:ReadFlows:12|Transform:ConsumeBiomass:0.0758273974|Absorb:HarvestDryBiomass:0.119999997|Absorb:CaptureDust:0.0450000018
1,46,ReturnMinerals,DepositionZone,199,147,199,147,0,12,1,1,0.0034000000450760126,0.0034000000450760126,0.075516603887081146,0.075516603887081146,1,0.045875012874603271,0.10000000149011612,0.30388695001602173,0.15933108329772949,0,0,RainFront|Snowpack|DryStandingBiomass|DustFront|DepositionZone|OrganicPoorSoil|FrozenCorridor,Read:ReadFlows:12|Transform:ConsumeBiomass:0.0755166039|Absorb:CaptureDust:0.0450000018|Return:ReturnSediment:9.00000086E-05
1,47,GatherBiomass,DryStandingBiomass,199,147,199,147,0,12,1,1,0.0034000000450760126,0.0034000000450760126,0.075198188424110413,0.075198188424110413,1,0.042475011199712753,0.10000000149011612,0.3486887514591217,0,4.5000004320172593E-05,0,RainFront|Snowpack|DryStandingBiomass|DustFront|DepositionZone|OrganicPoorSoil|FrozenCorridor,Read:ReadFlows:12|Transform:ConsumeBiomass:0.0751981884|Absorb:HarvestDryBiomass:0.119999997|Absorb:CaptureDust:0.0450000018|Return:ReturnOrganicMatter:0.183394507
1,48,ReturnMinerals,DepositionZone,199,147,195,146,4.123105525970459,12,1,1,0.0042246212251484394,0.0042246212251484394,0.097551807761192322,0.097551807761192322,1,0.054250389337539673,0.10000000149011612,0.28224807977676392,0.04188324511051178,0,0,RainFront|Snowpack|DryStandingBiomass|DustFront|DepositionZone|OrganicPoorSoil|FrozenCorridor,Read:ReadFlows:12|Migrate:Move:4.12310553|Migrate:CompactTrail:0.0019849434|Transform:ConsumeBiomass:0.0975518078|Transform:ConsumeBiomass:0.088888891|Absorb:CollectSnow:0.0160000008|Transform:MeltSnow:0.0160000008|Absorb:HarvestDryBiomass:0.119999997|Absorb:CaptureDust:0.0450000018|Return:ReturnSediment:9.00000086E-05
1,49,GatherBiomass,DryStandingBiomass,195,146,195,146,0,12,1,1,0.0034000000450760126,0.0034000000450760126,0.074507884681224823,0.074507884681224823,1,0.050850387662649155,0.10000000149011612,0.32774019241333008,0.065725766122341156,4.5000004320172593E-05,0,RainFront|Snowpack|DryStandingBiomass|DustFront|DepositionZone|OrganicPoorSoil|FrozenCorridor,Read:ReadFlows:12|Transform:ConsumeBiomass:0.0745078847|Absorb:HarvestDryBiomass:0.119999997|Absorb:CaptureDust:0.0450000018
1,50,ReturnMinerals,DepositionZone,195,146,191,146,4,12,1,1,0.00419999985024333,0.00419999985024333,0.095915049314498901,0.095915049314498901,1,0.046650387346744537,0.10000000149011612,0.35182514786720276,0.096418581902980804,0,0,RainFront|Snowpack|DryStandingBiomass|DustFront|DepositionZone|OrganicPoorSoil|FrozenCorridor,Read:ReadFlows:12|Migrate:Move:4|Migrate:CompactTrail:0.00180655159|Transform:ConsumeBiomass:0.0959150493|Absorb:HarvestDryBiomass:0.119999997|Absorb:CaptureDust:0.0450000018|Return:ReturnSediment:9.00000086E-05
1,51,GatherBiomass,DryStandingBiomass,191,146,191,146,0,12,1,1,0.0034000000450760126,0.0034000000450760126,0.073770105838775635,0.073770105838775635,1,0.043250385671854019,0.10000000149011612,0.39805504679679871,0.12002501636743546,4.5000004320172593E-05,0,RainFront|Snowpack|DryStandingBiomass|DustFront|DepositionZone|OrganicPoorSoil|FrozenCorridor,Read:ReadFlows:12|Transform:ConsumeBiomass:0.0737701058|Absorb:HarvestDryBiomass:0.119999997|Absorb:CaptureDust:0.0450000018
1,52,ReturnMinerals,DepositionZone,191,146,188,148,3.6055512428283691,12,1,1,0.0041211103089153767,0.0041211103089153767,0.092726007103919983,0.092726007103919983,1,0.055129274725914001,0.10000000149011612,0.33644014596939087,0,0,0,RainFront|Snowpack|DryStandingBiomass|DustFront|DepositionZone|OrganicPoorSoil|FrozenCorridor,Read:ReadFlows:12|Migrate:Move:3.60555124|Migrate:CompactTrail:0.00205054856|Transform:ConsumeBiomass:0.0927260071|Transform:ConsumeBiomass:0.088888891|Absorb:CollectSnow:0.0160000008|Transform:MeltSnow:0.0160000008|Absorb:HarvestDryBiomass:0.119999997|Absorb:CaptureDust:0.0450000018|Return:ReturnOrganicMatter:0.160364002|Return:ReturnSediment:9.00000086E-05
1,53,GatherBiomass,DryStandingBiomass,188,148,188,148,0,12,1,1,0.0036014541983604431,0.0036014541983604431,0.072923153638839722,0.072923153638839722,1,0.051527820527553558,0.10000000149011612,0.38351699709892273,0.023335408419370651,4.5000004320172593E-05,0,RainFront|Snowpack|DryStandingBiomass|DustFront|DepositionZone|OrganicPoorSoil|FrozenCorridor,Read:ReadFlows:12|Transform:ConsumeBiomass:0.0729231536|Absorb:HarvestDryBiomass:0.119999997|Absorb:CaptureDust:0.0450000018
1,54,ReturnMinerals,DepositionZone,188,148,185,150,3.6055512428283691,12,1,1,0.0044402969069778919,0.0044402969069778919,0.091564953327178955,0.091564953327178955,1,0.047087524086236954,0.10000000149011612,0.41195204854011536,0.052636191248893738,0,0,RainFront|Snowpack|DryStandingBiomass|DustFront|DepositionZone|OrganicPoorSoil|FrozenCorridor|HarvesterFront,Read:ReadFlows:12|Migrate:Move:3.60555124|Migrate:CompactTrail:0.00234130048|Transform:ConsumeBiomass:0.0915649533|Absorb:HarvestDryBiomass:0.119999997|Absorb:CaptureDust:0.0450000018|Return:ReturnSediment:9.00000086E-05
1,55,GatherBiomass,DryStandingBiomass,185,150,185,150,0,12,1,1,0.0037413376849144697,0.0037413376849144697,0.072201177477836609,0.072201177477836609,1,0.043346185237169266,0.10000000149011612,0.45975089073181152,0.075740568339824677,4.5000004320172593E-05,0,RainFront|DryStandingBiomass|DustFront|DepositionZone|OrganicPoorSoil|FrozenCorridor|HarvesterFront|HarvesterMolt,Read:ReadFlows:12|Transform:ConsumeBiomass:0.0722011775|Absorb:HarvestDryBiomass:0.119999997|Absorb:CaptureDust:0.0450000018
1,56,ReturnMinerals,DepositionZone,185,150,182,153,4.242640495300293,12,1,1,0.0045570149086415768,0.0045570149086415768,0.093847602605819702,0.093847602605819702,1,0.038789171725511551,0.10000000149011612,0.36590328812599182,0.10577180236577988,0,0,RainFront|DryStandingBiomass|DustFront|DepositionZone|OrganicPoorSoil|FrozenCorridor|HarvesterFront|HarvesterMolt,Read:ReadFlows:12|Migrate:Move:4.2426405|Migrate:CompactTrail:0.0019617884|Transform:ConsumeBiomass:0.0938476026|Absorb:CaptureDust:0.0450000018|Return:ReturnSediment:9.00000086E-05
1,57,GatherBiomass,DryStandingBiomass,182,153,182,153,0,12,1,1,0.0036802648101001978,0.0036802648101001978,0.071509331464767456,0.071509331464767456,1,0.035108905285596848,0.10000000149011612,0.41439396142959595,0.12865479290485382,4.5000004320172593E-05,0,RainFront|DryStandingBiomass|DustFront|DepositionZone|OrganicPoorSoil|FrozenCorridor|HarvesterMolt,Read:ReadFlows:12|Transform:ConsumeBiomass:0.0715093315|Absorb:HarvestDryBiomass:0.119999997|Absorb:CaptureDust:0.0450000018
1,58,ReturnMinerals,DepositionZone,182,153,181,154,1.4142135381698608,12,1,1,0.0039535029791295528,0.0039535029791295528,0.07836567610502243,0.07836567610502243,1,0.031155401840806007,0.10000000149011612,0.33602827787399292,0.1537318080663681,0,0,RainFront|DryStandingBiomass|DustFront|DepositionZone|OrganicPoorSoil|FrozenCorridor|HarvesterMolt,Read:ReadFlows:12|Migrate:Move:1.41421354|Migrate:CompactTrail:0.00142037566|Transform:ConsumeBiomass:0.0783656761|Absorb:CaptureDust:0.0450000018|Return:ReturnSediment:9.00000086E-05
1,59,GatherBiomass,DryStandingBiomass,181,154,181,154,0,12,1,1,0.0036019484978169203,0.0036019484978169203,0.070767179131507874,0.070767179131507874,1,0.027553454041481018,0.10000000149011612,0.38526111841201782,0,4.5000004320172593E-05,0,RainFront|DryStandingBiomass|DustFront|DepositionZone|OrganicPoorSoil|FrozenCorridor|HarvesterMolt,Read:ReadFlows:12|Transform:ConsumeBiomass:0.0707671791|Absorb:HarvestDryBiomass:0.119999997|Absorb:CaptureDust:0.0450000018|Return:ReturnOrganicMatter:0.176377311
1,60,ReturnMinerals,DepositionZone,181,154,182,154,1,12,1,1,0.003599999938160181,0.003599999938160181,0.075431570410728455,0.075431570410728455,1,0.026527322828769684,0.10000000149011612,0.30210793018341064,0.025064695626497269,0,0,RainFront|DryStandingBiomass|DustFront|DepositionZone|OrganicPoorSoil|FrozenCorridor|HarvesterMolt,Read:ReadFlows:12|Migrate:Move:1|Migrate:CompactTrail:0.000765113684|Transform:ConsumeBiomass:0.0754315704|Absorb:CondenseAtmosphericWater:0.00257386849|Transform:ConsumeBiomass:0.00772160571|Absorb:CaptureDust:0.0450000018|Return:ReturnSediment:9.00000086E-05
1,61,SecureWater,RainFront,182,154,184,158,4.4721360206604004,12,1,1,0.0042944271117448807,0.0042944271117448807,0.092404462397098541,0.092404462397098541,1,0.024808429181575775,0.10000000149011612,0.32197687029838562,0.055561315268278122,4.5000004320172593E-05,0,RainFront|DryStandingBiomass|DustFront|DepositionZone|OrganicPoorSoil|FrozenCorridor|HarvesterMolt,Read:ReadFlows:12|Migrate:Move:4.47213602|Migrate:CompactTrail:0.00316804624|Transform:ConsumeBiomass:0.0924044624|Absorb:CondenseAtmosphericWater:0.00257553393|Transform:ConsumeBiomass:0.00772660179|Absorb:HarvestDryBiomass:0.119999997|Absorb:CaptureDust:0.0450000018
1,62,SecureWater,RainFront,184,158,185,162,4.123105525970459,14,1,1,0.0042246212251484394,0.0042246212251484394,0.090147048234939575,0.090147048234939575,1,0.023156112059950829,0.10000000149011612,0.34411290287971497,0.085334405303001404,9.0000008640345186E-05,0,RainFront|DryStandingBiomass|DustFront|DepositionZone|OrganicPoorSoil|HarvesterMolt,Read:ReadFlows:12|Migrate:Move:4.12310553|Migrate:CompactTrail:0.00409500394|Transform:ConsumeBiomass:0.0901470482|Absorb:CondenseAtmosphericWater:0.00257230317|Transform:ConsumeBiomass:0.00771690952|Absorb:HarvestDryBiomass:0.119999997|Absorb:CaptureDust:0.0450000018
1,63,SecureWater,RainFront,185,162,186,166,4.123105525970459,16,1,1,0.0042246212251484394,0.0042246212251484394,0.089634917676448822,0.089634917676448822,1,0.021504662930965424,0.10000000149011612,0.36675846576690674,0.11494391411542892,0.00013500000932253897,0,RainFront|DryStandingBiomass|DustFront|DepositionZone|OrganicPoorSoil|HarvesterMolt,Read:ReadFlows:12|Migrate:Move:4.12310553|Migrate:CompactTrail:0.00423412165|Transform:ConsumeBiomass:0.0896349177|Absorb:CondenseAtmosphericWater:0.00257317116|Transform:ConsumeBiomass:0.00771951349|Absorb:HarvestDryBiomass:0.119999997|Absorb:CaptureDust:0.0450000018
1,64,SecureWater,RainFront,186,166,187,170,4.123105525970459,18,1,1,0.0042246212251484394,0.0042246212251484394,0.089107178151607513,0.089107178151607513,1,0.019857298582792282,0.10000000149011612,0.38991951942443848,0.14438602328300476,0.00018000001728069037,0,RainFront|DryStandingBiomass|DustFront|DepositionZone|OrganicPoorSoil|HarvesterMolt,Read:ReadFlows:12|Migrate:Move:4.12310553|Migrate:CompactTrail:0.00437681144|Transform:ConsumeBiomass:0.0891071782|Absorb:CondenseAtmosphericWater:0.00257725641|Transform:ConsumeBiomass:0.00773176923|Absorb:HarvestDryBiomass:0.119999997|Absorb:CaptureDust:0.0450000018
1,65,SecureWater,RainFront,187,170,189,174,4.4721360206604004,20,1,1,0.0042944271117448807,0.0042944271117448807,0.090265341103076935,0.090265341103076935,1,0.018141765147447586,0.10000000149011612,0.41191750764846802,0,0.00022500002523884177,0,RainFront|DryStandingBiomass|DustFront|DepositionZone|OrganicPoorSoil|HarvesterMolt,Read:ReadFlows:12|Migrate:Move:4.47213602|Migrate:CompactTrail:0.00361804781|Transform:ConsumeBiomass:0.0902653411|Absorb:CondenseAtmosphericWater:0.00257889368|Transform:ConsumeBiomass:0.00773668103|Absorb:HarvestDryBiomass:0.119999997|Absorb:CaptureDust:0.0450000018|Return:ReturnOrganicMatter:0.174199328
1,66,SecureWater,RainFront,189,174,191,178,4.4721360206604004,22,1,1,0.0042944271117448807,0.0042944271117448807,0.089698009192943573,0.089698009192943573,1,0.016434494405984879,0.10000000149011612,0.31445801258087158,0.029634738340973854,0.00027000001864507794,0,RainFront|DryStandingBiomass|DustFront|DepositionZone|OrganicPoorSoil,Read:ReadFlows:12|Migrate:Move:4.47213602|Migrate:CompactTrail:0.00373815373|Transform:ConsumeBiomass:0.0896980092|Absorb:CondenseAtmosphericWater:0.0025871566|Transform:ConsumeBiomass:0.00776147004|Absorb:CaptureDust:0.0450000018
1,67,SecureWater,RainFront,191,178,193,181,3.6055512428283691,24,1,1,0.0041211103089153767,0.0041211103089153767,0.084959670901298523,0.084959670901298523,1,0.014914431609213352,0.10000000149011612,0.34169518947601318,0.057758208364248276,0.00031500001205131412,0,RainFront|DryStandingBiomass|DustFront|DepositionZone|OrganicPoorSoil,Read:ReadFlows:12|Migrate:Move:3.60555124|Migrate:CompactTrail:0.00288435887|Transform:ConsumeBiomass:0.0849596709|Absorb:CondenseAtmosphericWater:0.00260104705|Transform:ConsumeBiomass:0.00780314114|Absorb:HarvestDryBiomass:0.119999997|Absorb:CaptureDust:0.0450000018
1,68,SecureWater,RainFront,193,181,196,184,4.242640495300293,26,1,1,0.0044879065826535225,0.0044879065826535225,0.087518677115440369,0.087518677115440369,1,0.013043155893683434,0.10000000149011612,0.36632660031318665,0.086706168949604034,0.00036000000545755029,0,RainFront|DryStandingBiomass|DustFront|DepositionZone|OrganicPoorSoil,Read:ReadFlows:12|Migrate:Move:4.2426405|Migrate:CompactTrail:0.00297217886|Transform:ConsumeBiomass:0.0875186771|Absorb:CondenseAtmosphericWater:0.0026166311|Transform:ConsumeBiomass:0.00784989353|Absorb:HarvestDryBiomass:0.119999997|Absorb:CaptureDust:0.0450000018
1,69,SecureWater,RainFront,196,184,200,186,4.4721360206604004,28,1,1,0.0046400744467973709,0.0046400744467973709,0.088035300374031067,0.088035300374031067,1,0.011032517068088055,0.10000000149011612,0.39040297269821167,0.11582405865192413,0.00040499999886378646,0,RainFront|DryStandingBiomass|DustFront|DepositionZone|OrganicPoorSoil,Read:ReadFlows:12|Migrate:Move:4.47213602|Migrate:CompactTrail:0.00407686457|Transform:ConsumeBiomass:0.0880353004|Absorb:CondenseAtmosphericWater:0.00262943585|Transform:ConsumeBiomass:0.00788830779|Absorb:HarvestDryBiomass:0.119999997|Absorb:CaptureDust:0.0450000018
1,70,SecureWater,RainFront,200,186,204,187,4.123105525970459,30,1,1,0.0045677013695240021,0.0045677013695240021,0.085861489176750183,0.085861489176750183,1,0.00910990871489048,0.10000000149011612,0.29660618305206299,0.14425195753574371,0.00044999999227002263,0,RainFront|Snowpack|DryStandingBiomass|DryingWindow|DustFront|DepositionZone|OrganicPoorSoil|HarvesterFront|HarvesterMolt,Read:ReadFlows:12|Migrate:Move:4.12310553|Migrate:CompactTrail:0.00525739975|Transform:ConsumeBiomass:0.0858614892|Absorb:CondenseAtmosphericWater:0.00264509255|Transform:ConsumeBiomass:0.00793527812|Absorb:CaptureDust:0.0450000018
1,71,SecureWater,RainFront,204,187,208,188,4.123105525970459,32,1,1,0.0045154578983783722,0.0045154578983783722,0.085337243974208832,0.085337243974208832,1,0.0072579151019454002,0.10000000149011612,0.32327854633331299,0,0.0004949999856762588,0,RainFront|Snowpack|DryStandingBiomass|DryingWindow|DustFront|DepositionZone|OrganicPoorSoil|FrozenCorridor|HarvesterFront|HarvesterMolt,Read:ReadFlows:12|Migrate:Move:4.12310553|Migrate:CompactTrail:0.00539241871|Transform:ConsumeBiomass:0.085337244|Absorb:CondenseAtmosphericWater:0.00266346429|Transform:ConsumeBiomass:0.00799039286|Absorb:HarvestDryBiomass:0.119999997|Absorb:CaptureDust:0.0450000018|Return:ReturnOrganicMatter:0.172518715
1,72,SecureWater,RainFront,208,188,212,188,4,34,1,1,0.004501901101320982,0.004501901101320982,0.084249570965766907,0.084249570965766907,1,0.0054399017244577408,0,0.45097729563713074,0.027926061302423477,0.00053999997908249497,0,RainFront|Snowpack|DryStandingBiomass|DryingWindow|DustFront|DepositionZone|OrganicPoorSoil|HarvesterFront|HarvesterMolt,Read:ReadFlows:12|Migrate:Move:4|Migrate:CompactTrail:0.0044235019|Transform:ConsumeBiomass:0.084249571|Absorb:CondenseAtmosphericWater:0.00268388772|Transform:ConsumeBiomass:0.00805166364|Absorb:HarvestDryBiomass:0.119999997|Absorb:CaptureDust:0.0450000018|Transform:CureFreshBiomass:0.100000001
1,73,SecureWater,RainFront,212,188,216,188,4,36,1,1,0.0043395766988396645,0.0043395766988396645,0.083774387836456299,0.083774387836456299,1,0.0038041253574192524,0,0.35909152030944824,0.055707231163978577,0.00058499997248873115,0,RainFront|Snowpack|DryStandingBiomass|DryingWindow|DustFront|DepositionZone|OrganicPoorSoil|HarvesterFront|HarvesterMolt,Read:ReadFlows:12|Migrate:Move:4|Migrate:CompactTrail:0.00454005646|Transform:ConsumeBiomass:0.0837743878|Absorb:CondenseAtmosphericWater:0.00270380033|Transform:ConsumeBiomass:0.00811140053|Absorb:CaptureDust:0.0450000018
1,74,SecureWater,RainFront,216,188,220,188,4,38,0,1,0.00419999985024333,0.0038041253574192524,0.083250805735588074,0.083250805735588074,1,0.0027197494637221098,0,0.38768145442008972,0.08332660049200058,0.00062999996589496732,0,RainFront|Snowpack|DryStandingBiomass|DryingWindow|DustFront|DepositionZone|OrganicPoorSoil|HarvesterFront|HarvesterMolt,Read:ReadFlows:12|Migrate:Move:4|Migrate:CompactTrail:0.00467447471|Transform:ConsumeBiomass:0.0832508057|Absorb:CondenseAtmosphericWater:0.00271974946|Transform:ConsumeBiomass:0.00815924816|Absorb:HarvestDryBiomass:0.119999997|Absorb:CaptureDust:0.0450000018
1,75,SecureWater,RainFront,220,188,224,188,4,40,0,1,0.00419999985024333,0.0027197494637221098,0.082646355032920837,0.082646355032920837,0.98180472850799561,0.0027244039811193943,0,0.29686188697814941,0.11075422167778015,0.00067499995930120349,18,RainFront|DryStandingBiomass|DryingWindow|DustFront|DepositionZone|OrganicPoorSoil|HarvesterFront|HarvesterMolt,Read:ReadFlows:12|Migrate:Move:4|Migrate:CompactTrail:0.00476503279|Transform:ConsumeBiomass:0.082646355|Absorb:CondenseAtmosphericWater:0.00272440398|Transform:ConsumeBiomass:0.00817321241|Absorb:CaptureDust:0.0450000018|Absorb:CollectMolt:18
1,76,SecureWater,RainFront,224,188,228,190,4.4721360206604004,42,0,1,0.0042944271117448807,0.0027244039811193943,0.084177471697330475,0.084177471697330475,0.96255707740783691,0.0027318659704178572,0,0.32179293036460876,0.13867448270320892,0.00071999995270743966,18,RainFront|DryStandingBiomass|DryingWindow|DustFront|DepositionZone|OrganicPoorSoil|HarvesterFront|HarvesterMolt,Read:ReadFlows:12|Migrate:Move:4.47213602|Migrate:CompactTrail:0.0047992887|Transform:ConsumeBiomass:0.0841774717|Absorb:CondenseAtmosphericWater:0.00273186597|Transform:ConsumeBiomass:0.00819559768|Absorb:HarvestDryBiomass:0.117304109|Absorb:CaptureDust:0.0450000018
1,77,SecureWater,RainFront,228,190,230,194,4.4721360206604004,44,0,1,0.0042944271117448807,0.0027318659704178572,0.083784252405166626,0.083784252405166626,0.94344842433929443,0.0027374813798815012,0,0.34572452306747437,0,0.00076499994611367583,18,RainFront|GreenGrowth|DryStandingBiomass|DryingWindow|DustFront|DepositionZone|OrganicPoorSoil|HarvesterFront|HarvesterMolt,Read:ReadFlows:12|Migrate:Move:4.47213602|Migrate:CompactTrail:0.00479997927|Transform:ConsumeBiomass:0.0837842524|Absorb:CondenseAtmosphericWater:0.00273748138|Transform:ConsumeBiomass:0.00821244437|Absorb:HarvestDryBiomass:0.115928292|Absorb:CaptureDust:0.0450000018|Return:ReturnOrganicMatter:0.16647093
1,78,SecureWater,RainFront,230,194,231,198,4.123105525970459,46,0,1,0.0042246212251484394,0.0027374813798815012,0.081751726567745209,0.081751726567745209,0.92528700828552246,0.0027453124057501554,0,0.37035751342773438,0.027148863300681114,0.000809999939519912,18,RainFront|GreenGrowth|DryStandingBiomass|DryingWindow|DustFront|DepositionZone|OrganicPoorSoil|HarvesterFront|HarvesterMolt,Read:ReadFlows:12|Migrate:Move:4.12310553|Migrate:CompactTrail:0.00599995069|Transform:ConsumeBiomass:0.0817517266|Absorb:CondenseAtmosphericWater:0.00274531241|Transform:ConsumeBiomass:0.00823593698|Absorb:HarvestDryBiomass:0.114620656|Absorb:CaptureDust:0.0450000018
1,79,SecureWater,RainFront,231,198,230,202,4.123105525970459,48,0,1,0.0042246212251484394,0.0027453124057501554,0.080872267484664917,0.080872267484664917,0.90727388858795166,0.002762290183454752,0,0.56450766324996948,0.054022412747144699,0.00085499993292614818,18,RainFront|GreenGrowth|DryStandingBiomass|DryingWindow|DustFront|DepositionZone|OrganicPoorSoil|HarvesterFront|HarvesterMolt,Read:ReadFlows:12|Migrate:Move:4.12310553|Migrate:CompactTrail:0.00600000005|Transform:ConsumeBiomass:0.0808722675|Absorb:CondenseAtmosphericWater:0.00276229018|Transform:ConsumeBiomass:0.00828687102|Absorb:HarvestLiveBiomass:0.169985577|Absorb:HarvestDryBiomass:0.113323718|Absorb:CaptureDust:0.0450000018|Transform:CureFreshBiomass:0.169985577
1,80,SecureWater,RainFront,230,202,228,205,3.6055512428283691,50,0,1,0.0041211103089153767,0.002762290183454752,0.077247515320777893,0.077247515320777893,0.89089614152908325,0.0027837743982672691,0,0.47890883684158325,0.079743772745132446,0.00089999992633238435,18,RainFront|GreenGrowth|DryStandingBiomass|DryingWindow|DustFront|DepositionZone|OrganicPoorSoil|HarvesterFront|HarvesterMolt,Read:ReadFlows:12|Migrate:Move:3.60555124|Migrate:CompactTrail:0.00480000023|Transform:ConsumeBiomass:0.0772475153|Absorb:CondenseAtmosphericWater:0.0027837744|Transform:ConsumeBiomass:0.00835132319|Absorb:CaptureDust:0.0450000018
1,81,SecureWater,RainFront,228,205,227,209,4.123105525970459,52,0,1,0.0042246212251484394,0.0027837743982672691,0.078765027225017548,0.078765027225017548,0.87361139059066772,0.0028221069369465113,0,0.39167746901512146,0.1059645414352417,0.00094499991973862052,18,RainFront|GreenGrowth|DryStandingBiomass|DryingWindow|DustFront|DepositionZone|OrganicPoorSoil|HarvesterFront|HarvesterMolt,Read:ReadFlows:12|Migrate:Move:4.12310553|Migrate:CompactTrail:0.00600000005|Transform:ConsumeBiomass:0.0787650272|Absorb:CondenseAtmosphericWater:0.00282210694|Transform:ConsumeBiomass:0.00846632104|Absorb:CaptureDust:0.0450000018
1,82,SecureWater,RainFront,227,209,228,213,4.123105525970459,54,0,1,0.0042246212251484394,0.0028221069369465113,0.077993981540203094,0.077993981540203094,0.8570525050163269,0.002836939413100481,0,0.57944214344024658,0.13194391131401062,0.0009899999713525176,18,RainFront|GreenGrowth|DryStandingBiomass|DryingWindow|DustFront|DepositionZone|OrganicPoorSoil|HarvesterFront|HarvesterMolt,Read:ReadFlows:12|Migrate:Move:4.12310553|Migrate:CompactTrail:0.00600000005|Transform:ConsumeBiomass:0.0779939815|Absorb:CondenseAtmosphericWater:0.00283693941|Transform:ConsumeBiomass:0.0085108187|Absorb:HarvestLiveBiomass:0.164561689|Absorb:HarvestDryBiomass:0.10970778|Absorb:CaptureDust:0.0450000018|Transform:CureFreshBiomass:0.164561689
1,83,SecureWater,,228,213,231,216,4.242640495300293,56,0,1,0.0044697239063680172,0.002836939413100481,0.077907368540763855,0.077907368540763855,0.83782857656478882,0.0028522550128400326,0,0.49297800660133362,0.15790107846260071,0.0010349999647587538,18,GreenGrowth|DryStandingBiomass|DryingWindow|DustFront|DepositionZone|OrganicPoorSoil|HarvesterFront|HarvesterMolt,Read:ReadFlows:12|Migrate:Move:4.2426405|Migrate:CompactTrail:0.00360000017|Transform:ConsumeBiomass:0.0779073685|Absorb:CondenseAtmosphericWater:0.00285225501|Transform:ConsumeBiomass:0.00855676457|Absorb:CaptureDust:0.0450000018
1,84,SecureWater,,231,216,234,219,4.242640495300293,58,0,1,0.0043113403953611851,0.0028522550128400326,0.077387645840644836,0.077387645840644836,0.82075417041778564,0.0028465739451348782,0,0.40705060958862305,0,0.0010799999581649899,18,GreenGrowth|DryStandingBiomass|DryingWindow|DustFront|DepositionZone|OrganicPoorSoil|HarvesterFront|HarvesterMolt,Read:ReadFlows:12|Migrate:Move:4.2426405|Migrate:CompactTrail:0.00360000017|Transform:ConsumeBiomass:0.0773876458|Absorb:CondenseAtmosphericWater:0.00284657395|Transform:ConsumeBiomass:0.00853972137|Absorb:CaptureDust:0.0450000018|Return:ReturnOrganicMatter:0.183689892
1,85,SecureWater,,234,219,237,216,4.242640495300293,60,0,1,0.0044304821640253067,0.0028465739451348782,0.077327311038970947,0.077327311038970947,0.80215394496917725,0.0028413785621523857,0,0.58558690547943115,0.025767635554075241,0.0011249999515712261,18,GreenGrowth|DryStandingBiomass|DryingWindow|DustFront|DepositionZone|OrganicPoorSoil|HarvesterFront|HarvesterMolt,Read:ReadFlows:12|Migrate:Move:4.2426405|Migrate:CompactTrail:0.00360000017|Transform:ConsumeBiomass:0.077327311|Absorb:CondenseAtmosphericWater:0.00284137856|Transform:ConsumeBiomass:0.00852413569|Absorb:HarvestLiveBiomass:0.158632636|Absorb:HarvestDryBiomass:0.105755083|Absorb:CaptureDust:0.0450000018|Transform:CureFreshBiomass:0.158632636
1,86,SecureWater,,237,216,240,213,4.242640495300293,62,0,1,0.0044564288109540939,0.0028413785621523857,0.077002242207527161,0.077002242207527161,0.7831612229347229,0.0028510289266705513,0,0.50003159046173096,0.051434721797704697,0.0011699999449774623,18,GreenGrowth|DryStandingBiomass|DryingWindow|DustFront|DepositionZone|OrganicPoorSoil|HarvesterFront|HarvesterMolt,Read:ReadFlows:12|Migrate:Move:4.2426405|Migrate:CompactTrail:0.00360000017|Transform:ConsumeBiomass:0.0770022422|Absorb:CondenseAtmosphericWater:0.00285102893|Transform:ConsumeBiomass:0.00855308678|Absorb:CaptureDust:0.0450000018
1,87,SecureWater,,240,213,242,211,2.8284270763397217,64,0,1,0.0040444796904921532,0.0028510289266705513,0.070288076996803284,0.070288076996803284,0.7695547342300415,0.0028472442645579576,0,0.42120179533958435,0.074951909482479095,0.0012149999383836985,18,GreenGrowth|DryStandingBiomass|DryingWindow|DustFront|DepositionZone|OrganicPoorSoil|HarvesterFront|HarvesterMolt,Read:ReadFlows:12|Migrate:Move:2.82842708|Migrate:CompactTrail:0.00240000011|Transform:ConsumeBiomass:0.070288077|Absorb:CondenseAtmosphericWater:0.00284724426|Transform:ConsumeBiomass:0.00854173303|Absorb:CaptureDust:0.0450000018
1,88,SecureWater,,242,211,244,209,2.8284270763397217,66,0,1,0.0039656856097280979,0.0028472442645579576,0.069871172308921814,0.069871172308921814,0.75699234008789062,0.0028380788862705231,0,0.34281641244888306,0.098332390189170837,0.0012599999317899346,18,GreenGrowth|DryStandingBiomass|DryingWindow|DustFront|DepositionZone|OrganicPoorSoil|HarvesterFront|HarvesterMolt,Read:ReadFlows:12|Migrate:Move:2.82842708|Migrate:CompactTrail:0.00240000011|Transform:ConsumeBiomass:0.0698711723|Absorb:CondenseAtmosphericWater:0.00283807889|Transform:ConsumeBiomass:0.00851423666|Absorb:CaptureDust:0.0450000018
1,89,SecureWater,,244,209,246,207,2.8284270763397217,68,0,1,0.0039656856097280979,0.0028380788862705231,0.06941339373588562,0.06941339373588562,0.74424511194229126,0.0028277991805225611,0,0.51888376474380493,0.12156268209218979,0.0013049999251961708,18,GreenGrowth|DryStandingBiomass|DryingWindow|DustFront|DepositionZone|OrganicPoorSoil|HarvesterFront|HarvesterMolt,Read:ReadFlows:12|Migrate:Move:2.82842708|Migrate:CompactTrail:0.00240000011|Transform:ConsumeBiomass:0.0694133937|Absorb:CondenseAtmosphericWater:0.00282779918|Transform:ConsumeBiomass:0.00848339777|Absorb:HarvestLiveBiomass:0.152378485|Absorb:HarvestDryBiomass:0.101585656|Absorb:CaptureDust:0.0450000018|Transform:CureFreshBiomass:0.152378485
1,90,SecureWater,,246,207,248,205,2.8284270763397217,70,0,1,0.0039656856097280979,0.0028277991805225611,0.068958282470703125,0.068958282470703125,0.73129045963287354,0.0028172950260341167,0,0.44147360324859619,0.14464356005191803,0.001349999918602407,18,GreenGrowth|DryStandingBiomass|DryingWindow|DustFront|DepositionZone|OrganicPoorSoil|HarvesterFront|HarvesterMolt,Read:ReadFlows:12|Migrate:Move:2.82842708|Migrate:CompactTrail:0.00240000011|Transform:ConsumeBiomass:0.0689582825|Absorb:CondenseAtmosphericWater:0.00281729503|Transform:ConsumeBiomass:0.00845188461|Absorb:CaptureDust:0.0450000018
1,91,SecureWater,,248,205,250,203,2.8284270763397217,72,0,1,0.0039656856097280979,0.0028172950260341167,0.068526081740856171,0.068526081740856171,0.7181239128112793,0.0028076511807739735,0,0.36452457308769226,0,0.0013949999120086432,17.200000762939453,GreenGrowth|DryStandingBiomass|DryingWindow|DustFront|DepositionZone|OrganicPoorSoil|HarvesterFront|HarvesterMolt,Read:ReadFlows:12|Migrate:Move:2.82842708|Migrate:CompactTrail:0.00240000011|Transform:ConsumeBiomass:0.0685260817|Absorb:CondenseAtmosphericWater:0.00280765118|Transform:ConsumeBiomass:0.00842295401|Absorb:CaptureDust:0.0450000018|Transform:UseChitinForRepair:0.800000012|Return:ReturnOrganicMatter:0.167582661
1,92,SecureWater,RainFront,250,203,253,202,3.1622776985168457,72,0,1,0.0040324553847312927,0.0028076511807739735,0.069540366530418396,0.069540366530418396,0.70382499694824219,0.0027969800867140293,0,0.53328180313110352,0.023259829729795456,0.0014399999054148793,17.200000762939453,RainFront|GreenGrowth|DryStandingBiomass|DryingWindow|DustFront|DepositionZone|OrganicPoorSoil|HarvesterFront|HarvesterMolt,Read:ReadFlows:12|Migrate:Move:3.1622777|Migrate:CompactTrail:0.00360000017|Transform:ConsumeBiomass:0.0695403665|Absorb:CondenseAtmosphericWater:0.00279698009|Transform:ConsumeBiomass:0.00839094073|Absorb:HarvestLiveBiomass:0.148013115|Absorb:HarvestDryBiomass:0.0986754|Absorb:CaptureDust:0.0450000018|Transform:CureFreshBiomass:0.148013115
1,93,SecureWater,RainFront,253,202,256,201,3.1622776985168457,72,0,1,0.0040324553847312927,0.0027969800867140293,0.069230251014232635,0.069230251014232635,0.68931436538696289,0.002783855888992548,0,0.45569998025894165,0.046415697783231735,0.0014849998988211155,17.200000762939453,RainFront|GreenGrowth|DryStandingBiomass|DryingWindow|DustFront|DepositionZone|OrganicPoorSoil|HarvesterFront|HarvesterMolt,Read:ReadFlows:12|Migrate:Move:3.1622777|Migrate:CompactTrail:0.00360000017|Transform:ConsumeBiomass:0.069230251|Absorb:CondenseAtmosphericWater:0.00278385589|Transform:ConsumeBiomass:0.00835156813|Absorb:CaptureDust:0.0450000018
1,94,SecureWater,RainFront,256,201,259,199,3.6055512428283691,72,0,1,0.0041211103089153767,0.002783855888992548,0.071224980056285858,0.071224980056285858,0.67335528135299683,0.0027697181794792414,0,0.37616583704948425,0.070204786956310272,0.0015299998922273517,17.200000762939453,RainFront|GreenGrowth|DryStandingBiomass|DryingWindow|DustFront|DepositionZone|OrganicPoorSoil|HarvesterFront|HarvesterMolt,Read:ReadFlows:12|Migrate:Move:3.60555124|Migrate:CompactTrail:0.00360000017|Transform:ConsumeBiomass:0.0712249801|Absorb:CondenseAtmosphericWater:0.00276971818|Transform:ConsumeBiomass:0.00830915477|Absorb:CaptureDust:0.0450000018
1,95,SecureWater,RainFront,259,199,262,197,3.6055512428283691,72,0,1,0.0041211103089153767,0.0027697181794792414,0.071224980056285858,0.071224980056285858,0.65712171792984009,0.0027559653390198946,0,0.53495484590530396,0.093988925218582153,0.0015749998856335878,17.200000762939453,RainFront|GreenGrowth|DryStandingBiomass|DryingWindow|DustFront|DepositionZone|OrganicPoorSoil|HarvesterFront|HarvesterMolt,Read:ReadFlows:12|Migrate:Move:3.60555124|Migrate:CompactTrail:0.00360000017|Transform:ConsumeBiomass:0.0712249801|Absorb:CondenseAtmosphericWater:0.00275596534|Transform:ConsumeBiomass:0.00826789625|Absorb:HarvestLiveBiomass:0.142969146|Absorb:HarvestDryBiomass:0.0953127593|Absorb:CaptureDust:0.0450000018|Transform:CureFreshBiomass:0.142969146
1,96,SecureWater,RainFront,262,197,265,195,3.6055512428283691,72,0,1,0.0041219722479581833,0.0027559653390198946,0.071224980056285858,0.071224980056285858,0.6406099796295166,0.0027368210721760988,0,0.4555194079875946,0.11776617914438248,0.001619999879039824,17.200000762939453,RainFront|GreenGrowth|DryStandingBiomass|DryingWindow|DustFront|DepositionZone|OrganicPoorSoil|HarvesterFront|HarvesterMolt,Read:ReadFlows:12|Migrate:Move:3.60555124|Migrate:CompactTrail:0.00360000017|Transform:ConsumeBiomass:0.0712249801|Absorb:CondenseAtmosphericWater:0.00273682107|Transform:ConsumeBiomass:0.00821046345|Absorb:CaptureDust:0.0450000018
1,97,SecureWater,RainFront,265,195,268,193,3.6055512428283691,72,0,1,0.0042479000985622406,0.0027368210721760988,0.071224980056285858,0.071224980056285858,0.62215209007263184,0.0027183881029486656,0,0.37613925337791443,0.14153678715229034,0.0016649998724460602,17.200000762939453,GreenGrowth|DryStandingBiomass|DryingWindow|DustFront|DepositionZone|OrganicPoorSoil|HarvesterFront|HarvesterMolt,Read:ReadFlows:12|Migrate:Move:3.60555124|Migrate:CompactTrail:0.00360000017|Transform:ConsumeBiomass:0.0712249801|Absorb:CondenseAtmosphericWater:0.0027183881|Transform:ConsumeBiomass:0.00815516431|Absorb:CaptureDust:0.0450000018
1,98,SecureWater,RainFront,268,193,271,191,3.6055512428283691,72,0,1,0.0042851073667407036,0.0027183881029486656,0.071224980056285858,0.071224980056285858,0.60290247201919556,0.0027464833110570908,0,0.52519726753234863,0,0.0017099998658522964,17.200000762939453,GreenGrowth|DryStandingBiomass|DryingWindow|DustFront|DepositionZone|OrganicPoorSoil|HarvesterFront|HarvesterMolt,Read:ReadFlows:12|Migrate:Move:3.60555124|Migrate:CompactTrail:0.00360000017|Transform:ConsumeBiomass:0.0712249801|Absorb:CondenseAtmosphericWater:0.00274648331|Transform:ConsumeBiomass:0.00823944993|Absorb:HarvestLiveBiomass:0.137113482|Absorb:HarvestDryBiomass:0.0914089829|Absorb:CaptureDust:0.0450000018|Transform:CureFreshBiomass:0.137113482|Return:ReturnOrganicMatter:0.16531752
1,99,SecureWater,RainFront,271,191,274,189,3.6055512428283691,72,0,1,0.0043516554869711399,0.0027464833110570908,0.071224980056285858,0.071224980056285858,0.58339327573776245,0.0027773142792284489,0,0.44564032554626465,0.023791825398802757,0.0017549998592585325,17.200000762939453,GreenGrowth|DryStandingBiomass|DryingWindow|DustFront|DepositionZone|OrganicPoorSoil|HarvesterFront|HarvesterMolt,Read:ReadFlows:12|Migrate:Move:3.60555124|Migrate:CompactTrail:0.00360000017|Transform:ConsumeBiomass:0.0712249801|Absorb:CondenseAtmosphericWater:0.00277731428|Transform:ConsumeBiomass:0.0083319433|Absorb:CaptureDust:0.0450000018
1,100,SecureWater,RainFront,274,189,277,188,3.1622776985168457,72,0,1,0.0041992119513452053,0.0027773142792284489,0.069230251014232635,0.069230251014232635,0.56630444526672363,0.0027696636971086264,0,0.3681010901927948,0.046942580491304398,0.0017999998526647687,17.200000762939453,GreenGrowth|DryStandingBiomass|DryingWindow|DustFront|DepositionZone|OrganicPoorSoil|HarvesterFront|HarvesterMolt,Read:ReadFlows:12|Migrate:Move:3.1622777|Migrate:CompactTrail:0.00360000017|Transform:ConsumeBiomass:0.069230251|Absorb:CondenseAtmosphericWater:0.0027696637|Transform:ConsumeBiomass:0.00830899086|Absorb:CaptureDust:0.0450000018
1,101,SecureWater,RainFront,277,188,280,187,3.1622776985168457,72,0,1,0.0040324553847312927,0.0027696636971086264,0.069230251014232635,0.069230251014232635,0.55125188827514648,0.002759524853900075,0,0.50981760025024414,0.070089690387248993,0.0018449998460710049,17.200000762939453,GreenGrowth|DryStandingBiomass|DryingWindow|DustFront|DepositionZone|OrganicPoorSoil|HarvesterFront|HarvesterMolt,Read:ReadFlows:12|Migrate:Move:3.1622777|Migrate:CompactTrail:0.00360000017|Transform:ConsumeBiomass:0.069230251|Absorb:CondenseAtmosphericWater:0.00275952485|Transform:ConsumeBiomass:0.00827857479|Absorb:HarvestLiveBiomass:0.131535217|Absorb:HarvestDryBiomass:0.0876901373|Absorb:CaptureDust:0.0450000018|Transform:CureFreshBiomass:0.131535217
1,102,SecureWater,RainFront,280,187,283,185,3.6055512428283691,72,0,1,0.0041211103089153767,0.002759524853900075,0.071224980056285858,0.071224980056285858,0.53482043743133545,0.0027479091659188271,0,0.43034887313842773,0.093870930373668671,0.001889999839477241,17.200000762939453,GreenGrowth|DryStandingBiomass|DryingWindow|DustFront|DepositionZone|OrganicPoorSoil|HarvesterFront|HarvesterMolt,Read:ReadFlows:12|Migrate:Move:3.60555124|Migrate:CompactTrail:0.00360000017|Transform:ConsumeBiomass:0.0712249801|Absorb:CondenseAtmosphericWater:0.00274790917|Transform:ConsumeBiomass:0.0082437275|Absorb:CaptureDust:0.0450000018
1,103,SecureWater,GroundwaterDischarge,283,185,284,182,3.1622776985168457,72,0,1,0.0040324553847312927,0.0027479091659188271,0.069230251014232635,0.069230251014232635,0.5193362832069397,0.0027393102645874023,0,0.35290068387985229,0.11701076477766037,0.0019349998328834772,17.200000762939453,GroundwaterDischarge|GreenGrowth|DryStandingBiomass|DryingWindow|DustFront|DepositionZone|OrganicPoorSoil|HarvesterFront|HarvesterMolt,Read:ReadFlows:12|Migrate:Move:3.1622777|Migrate:CompactTrail:0.00480000023|Transform:ConsumeBiomass:0.069230251|Absorb:CondenseAtmosphericWater:0.00273931026|Transform:ConsumeBiomass:0.00821793079|Absorb:CaptureDust:0.0450000018
1,104,SecureWater,GroundwaterDischarge,284,182,285,180,2.2360680103302002,72,0,1,0.0038472136948257685,0.0027393102645874023,0.065062306821346283,0.065062306821346283,0.5062982439994812,0.0027364559937268496,0,0.49076268076896667,0.13881583511829376,0.0019799999427050352,17.200000762939453,GroundwaterDischarge|GreenGrowth|DryStandingBiomass|DryingWindow|DustFront|DepositionZone|OrganicPoorSoil|HarvesterFront,Read:ReadFlows:12|Migrate:Move:2.23606801|Migrate:CompactTrail:0.00360000017|Transform:ConsumeBiomass:0.0650623068|Absorb:CondenseAtmosphericWater:0.00273645599|Transform:ConsumeBiomass:0.00820936821|Absorb:HarvestLiveBiomass:0.126680225|Absorb:HarvestDryBiomass:0.0844534785|Absorb:CaptureDust:0.0450000018|Transform:CureFreshBiomass:0.126680225
1,105,SecureWater,GroundwaterDischarge,285,180,286,178,2.2360680103302002,72,0,1,0.0038472136948257685,0.0027364559937268496,0.065062306821346283,0.065062306821346283,0.49320083856582642,0.0027471140492707491,0,0.41745901107788086,0,0.0020250000525265932,17.200000762939453,RainFront|GroundwaterDischarge|GreenGrowth|DryStandingBiomass|DryingWindow|DustFront|DepositionZone|OrganicPoorSoil|HarvesterFront,Read:ReadFlows:12|Migrate:Move:2.23606801|Migrate:CompactTrail:0.00360000017|Transform:ConsumeBiomass:0.0650623068|Absorb:CondenseAtmosphericWater:0.00274711405|Transform:ConsumeBiomass:0.00824134238|Absorb:CaptureDust:0.0450000018|Return:ReturnOrganicMatter:0.160624728
1,106,SecureWater,GroundwaterDischarge,286,178,287,176,2.2360680103302002,72,0,1,0.0038472136948257685,0.0027471140492707491,0.065062306821346283,0.065062306821346283,0.48032507300376892,0.00273139588534832,0,0.34420251846313477,0.021803241223096848,0.0020700001623481512,17.200000762939453,GroundwaterDischarge|GreenGrowth|DryStandingBiomass|DryingWindow|DustFront|DepositionZone|OrganicPoorSoil|HarvesterFront,Read:ReadFlows:12|Migrate:Move:2.23606801|Migrate:CompactTrail:0.00360000017|Transform:ConsumeBiomass:0.0650623068|Absorb:CondenseAtmosphericWater:0.00273139589|Transform:ConsumeBiomass:0.00819418766|Absorb:CaptureDust:0.0450000018
1,107,SecureWater,GroundwaterDischarge,287,176,288,174,2.2360680103302002,72,0,1,0.0038472136948257685,0.00273139588534832,0.065062306821346283,0.065062306821346283,0.46712243556976318,0.0027077221311628819,0,0.47509908676147461,0.043597958981990814,0.0021150002721697092,17.200000762939453,RainFront|GroundwaterDischarge|GreenGrowth|DryStandingBiomass|DryingWindow|DustFront|DepositionZone|OrganicPoorSoil|HarvesterFront,Read:ReadFlows:12|Migrate:Move:2.23606801|Migrate:CompactTrail:0.00360000017|Transform:ConsumeBiomass:0.0650623068|Absorb:CondenseAtmosphericWater:0.00270772213|Transform:ConsumeBiomass:0.00812316686|Absorb:HarvestLiveBiomass:0.122449227|Absorb:HarvestDryBiomass:0.0816328153|Absorb:CaptureDust:0.0450000018|Transform:CureFreshBiomass:0.122449227
1,108,SecureWater,GroundwaterDischarge,288,174,289,172,2.2360680103302002,72,0,1,0.0038472136948257685,0.0027077221311628819,0.065062306821346283,0.065062306821346283,0.45342755317687988,0.0026967041194438934,0,0.40194666385650635,0.065388709306716919,0.0021600003819912672,17.200000762939453,RainFront|GroundwaterDischarge|GreenGrowth|DryStandingBiomass|DryingWindow|DustFront|DepositionZone|OrganicPoorSoil|HarvesterFront,Read:ReadFlows:12|Migrate:Move:2.23606801|Migrate:CompactTrail:0.00360000017|Transform:ConsumeBiomass:0.0650623068|Absorb:CondenseAtmosphericWater:0.00269670412|Transform:ConsumeBiomass:0.00809011236|Absorb:CaptureDust:0.0450000018
1,109,SecureWater,GroundwaterDischarge,289,172,290,170,2.2360680103302002,72,0,1,0.0038472136948257685,0.0026967041194438934,0.065062306821346283,0.065062306821346283,0.43950355052947998,0.0027043791487812996,0,0.52788186073303223,0.087182223796844482,0.0022050004918128252,17.200000762939453,RainFront|GroundwaterDischarge|GreenGrowth|DryStandingBiomass|DryingWindow|DustFront|DepositionZone|OrganicPoorSoil|HarvesterFront,Read:ReadFlows:12|Migrate:Move:2.23606801|Migrate:CompactTrail:0.00360000017|Transform:ConsumeBiomass:0.0650623068|Absorb:CondenseAtmosphericWater:0.00270437915|Transform:ConsumeBiomass:0.00811313745|Absorb:HarvestLiveBiomass:0.119466387|Absorb:HarvestDryBiomass:0.0796442553|Absorb:CaptureDust:0.0450000018|Transform:CureFreshBiomass:0.119466387
1,110,SecureWater,GroundwaterDischarge,290,170,291,168,2.2360680103302002,72,0,1,0.0038472136948257685,0.0027043791487812996,0.065062306821346283,0.065062306821346283,0.42573913931846619,0.0027377794031053782,0,0.45460620522499084,0.10898776352405548,0.0022500006016343832,17.200000762939453,RainFront|GroundwaterDischarge|GreenGrowth|DryStandingBiomass|DryingWindow|DustFront|DepositionZone|OrganicPoorSoil|HarvesterFront,Read:ReadFlows:12|Migrate:Move:2.23606801|Migrate:CompactTrail:0.00360000017|Transform:ConsumeBiomass:0.0650623068|Absorb:CondenseAtmosphericWater:0.0027377794|Transform:ConsumeBiomass:0.00821333844|Absorb:CaptureDust:0.0450000018
1,111,SecureWater,GroundwaterDischarge,291,168,292,166,2.2360680103302002,72,0,1,0.0038472136948257685,0.0027377794031053782,0.065062306821346283,0.065062306821346283,0.41266924142837524,0.0027329493314027786,0,0.38134503364562988,0.1307915598154068,0.0022950007114559412,17.200000762939453,RainFront|GroundwaterDischarge|GreenGrowth|DryStandingBiomass|DryingWindow|DustFront|DepositionZone|OrganicPoorSoil|HarvesterFront,Read:ReadFlows:12|Migrate:Move:2.23606801|Migrate:CompactTrail:0.00360000017|Transform:ConsumeBiomass:0.0650623068|Absorb:CondenseAtmosphericWater:0.00273294933|Transform:ConsumeBiomass:0.00819884799|Absorb:CaptureDust:0.0450000018
1,112,SecureWater,GroundwaterDischarge,292,166,293,164,2.2360680103302002,72,0,1,0.003950037993490696,0.0027329493314027786,0.065062306821346283,0.065062306821346283,0.39801958203315735,0.0027220076881349087,0,0.49976024031639099,0.15259140729904175,0.0023400008212774992,17.200000762939453,RainFront|GroundwaterDischarge|GreenGrowth|DryStandingBiomass|DryingWindow|DustFront|DepositionZone|OrganicPoorSoil|HarvesterFront,Read:ReadFlows:12|Migrate:Move:2.23606801|Migrate:CompactTrail:0.00360000017|Transform:ConsumeBiomass:0.0650623068|Absorb:CondenseAtmosphericWater:0.00272200769|Transform:ConsumeBiomass:0.0081660226|Absorb:HarvestLiveBiomass:0.114986122|Absorb:HarvestDryBiomass:0.076657407|Absorb:CaptureDust:0.0450000018|Transform:CureFreshBiomass:0.114986122
1,113,SecureWater,GroundwaterDischarge,293,164,294,162,2.2360680103302002,72,0,1,0.0040153679437935352,0.0027220076881349087,0.065062306821346283,0.065062306821346283,0.38225138187408447,0.0027105065528303385,0,0.42656639218330383,0,0.0023850009310990572,17.200000762939453,GroundwaterDischarge|GreenGrowth|DryStandingBiomass|DryingWindow|DustFront|DepositionZone|OrganicPoorSoil|HarvesterFront,Read:ReadFlows:12|Migrate:Move:2.23606801|Migrate:CompactTrail:0.00360000017|Transform:ConsumeBiomass:0.0650623068|Absorb:CondenseAtmosphericWater:0.00271050655|Transform:ConsumeBiomass:0.00813151989|Absorb:CaptureDust:0.0450000018|Return:ReturnOrganicMatter:0.174387127
1,114,SecureWater,GroundwaterDischarge,294,162,295,160,2.2360680103302002,72,0,1,0.0039526852779090405,0.0027105065528303385,0.065062306821346283,0.065062306821346283,0.36711043119430542,0.0026954039931297302,0,0.35341787338256836,0.021790282800793648,0.0024300010409206152,17.200000762939453,GroundwaterDischarge|GreenGrowth|DryStandingBiomass|DryingWindow|DustFront|DepositionZone|OrganicPoorSoil|HarvesterFront,Read:ReadFlows:12|Migrate:Move:2.23606801|Migrate:CompactTrail:0.00360000017|Transform:ConsumeBiomass:0.0650623068|Absorb:CondenseAtmosphericWater:0.00269540399|Transform:ConsumeBiomass:0.00808621198|Absorb:CaptureDust:0.0450000018
1,115,SecureWater,GroundwaterDischarge,295,160,296,158,2.2360680103302002,72,0,1,0.0038531390018761158,0.0026954039931297302,0.065062306821346283,0.065062306821346283,0.35307320952415466,0.0026827545370906591,0,0.46386048197746277,0.043576013296842575,0.0024750011507421732,17.200000762939453,GroundwaterDischarge|GreenGrowth|DryStandingBiomass|DryingWindow|DustFront|DepositionZone|OrganicPoorSoil|HarvesterFront,Read:ReadFlows:12|Migrate:Move:2.23606801|Migrate:CompactTrail:0.00360000017|Transform:ConsumeBiomass:0.0650623068|Absorb:CondenseAtmosphericWater:0.00268275454|Transform:ConsumeBiomass:0.00804826338|Absorb:HarvestLiveBiomass:0.110131912|Absorb:HarvestDryBiomass:0.0734212697|Absorb:CaptureDust:0.0450000018|Transform:CureFreshBiomass:0.110131912
1,116,SecureWater,GroundwaterDischarge,296,158,297,156,2.2360680103302002,72,0,1,0.0038472136948257685,0.0026827545370906591,0.065062306821346283,0.065062306821346283,0.33885914087295532,0.0026736552827060223,0,0.39077720046043396,0.065358467400074005,0.0025200012605637312,17.200000762939453,GroundwaterDischarge|GreenGrowth|DryStandingBiomass|DryingWindow|DustFront|DepositionZone|OrganicPoorSoil|HarvesterFront,Read:ReadFlows:12|Migrate:Move:2.23606801|Migrate:CompactTrail:0.00360000017|Transform:ConsumeBiomass:0.0650623068|Absorb:CondenseAtmosphericWater:0.00267365528|Transform:ConsumeBiomass:0.00802096538|Absorb:CaptureDust:0.0450000018
1,117,SecureWater,GroundwaterDischarge,297,156,298,154,2.2360680103302002,72,0,1,0.0038472136948257685,0.0026736552827060223,0.065062306821346283,0.065062306821346283,0.3244558572769165,0.0026800744235515594,0,0.49607673287391663,0.08714323490858078,0.0025650013703852892,17.200000762939453,GroundwaterDischarge|GreenGrowth|DryStandingBiomass|DryingWindow|DustFront|DepositionZone|OrganicPoorSoil|HarvesterFront,Read:ReadFlows:12|Migrate:Move:2.23606801|Migrate:CompactTrail:0.00360000017|Transform:ConsumeBiomass:0.0650623068|Absorb:CondenseAtmosphericWater:0.00268007442|Transform:ConsumeBiomass:0.00804022327|Absorb:HarvestLiveBiomass:0.10704124|Absorb:HarvestDryBiomass:0.071360819|Absorb:CaptureDust:0.0450000018|Transform:CureFreshBiomass:0.10704124
1,118,SecureWater,GroundwaterDischarge,298,154,299,152,2.2360680103302002,72,0,1,0.0038472136948257685,0.0026800744235515594,0.065062306821346283,0.065062306821346283,0.31018602848052979,0.0027447440661489964,0,0.42278018593788147,0.10895128548145294,0.0026100014802068472,17.200000762939453,GroundwaterDischarge|GreenGrowth|DryStandingBiomass|DryingWindow|DustFront|DepositionZone|OrganicPoorSoil,Read:ReadFlows:12|Migrate:Move:2.23606801|Migrate:CompactTrail:0.00360000017|Transform:ConsumeBiomass:0.0650623068|Absorb:CondenseAtmosphericWater:0.00274474407|Transform:ConsumeBiomass:0.00823423266|Absorb:CaptureDust:0.0450000018
1,119,SecureWater,SurfaceWater,299,152,300,150,2.2360680103302002,72,0,1,0.0038472136948257685,0.0027447440661489964,0.065062306821346283,0.065062306821346283,0.29726099967956543,0.0027471911162137985,0,0.34947630763053894,0.13076020777225494,0.0026550015900284052,17.200000762939453,SurfaceWater|GroundwaterDischarge|GreenGrowth|DryStandingBiomass|DryingWindow|DustFront|DepositionZone|OrganicPoorSoil,Read:ReadFlows:12|Migrate:Move:2.23606801|Migrate:CompactTrail:0.00360000017|Transform:ConsumeBiomass:0.0650623068|Absorb:CondenseAtmosphericWater:0.00274719112|Transform:ConsumeBiomass:0.00824157335|Absorb:CaptureDust:0.0450000018
1,120,SecureWater,GroundwaterDischarge,300,150,301,148,2.2360680103302002,72,0,1,0.0038472136948257685,0.0027471911162137985,0.065062306821346283,0.065062306821346283,0.28438684344291687,0.002672883216291666,0,0.44758498668670654,0.15254238247871399,0.0027000016998499632,17.200000762939453,GroundwaterDischarge|GreenGrowth|DryStandingBiomass|DryingWindow|DustFront|DepositionZone|OrganicPoorSoil,Read:ReadFlows:12|Migrate:Move:2.23606801|Migrate:CompactTrail:0.00360000017|Transform:ConsumeBiomass:0.0650623068|Absorb:CondenseAtmosphericWater:0.00267288322|Transform:ConsumeBiomass:0.00801865011|Absorb:HarvestLiveBiomass:0.102713779|Absorb:HarvestDryBiomass:0.0684758499|Absorb:CaptureDust:0.0450000018|Transform:CureFreshBiomass:0.102713779
1,121,SecureWater,GroundwaterDischarge,301,148,302,146,2.2360680103302002,72,0,1,0.0038472136948257685,0.002672883216291666,0.065062306821346283,0.065062306821346283,0.26996749639511108,0.0026352899149060249,0,0.37461680173873901,0,0.0027450018096715212,16.400001525878906,GroundwaterDischarge|GreenGrowth|DryStandingBiomass|DryingWindow|DustFront|DepositionZone|OrganicPoorSoil,Read:ReadFlows:12|Migrate:Move:2.23606801|Migrate:CompactTrail:0.00360000017|Transform:ConsumeBiomass:0.0650623068|Absorb:CondenseAtmosphericWater:0.00263528991|Transform:ConsumeBiomass:0.00790586974|Absorb:CaptureDust:0.0450000018|Transform:UseChitinForRepair:0.800000012|Return:ReturnOrganicMatter:0.174311012
1,122,SecureWater,SurfaceWater,302,146,303,144,2.2360680103302002,72,0,1,0.0038472136948257685,0.0026352899149060249,0.065062306821346283,0.065062306821346283,0.25476640462875366,0.0026226670015603304,0,0.46754446625709534,0.021764097735285759,0.0027900019194930792,16.400001525878906,SurfaceWater|RainFront|GroundwaterDischarge|GreenGrowth|DryStandingBiomass|DryingWindow|DustFront|DepositionZone|OrganicPoorSoil,Read:ReadFlows:12|Migrate:Move:2.23606801|Migrate:CompactTrail:0.00360000017|Transform:ConsumeBiomass:0.0650623068|Absorb:CondenseAtmosphericWater:0.002622667|Transform:ConsumeBiomass:0.00786800124|Absorb:HarvestLiveBiomass:0.099514775|Absorb:HarvestDryBiomass:0.0663431808|Absorb:CaptureDust:0.0450000018|Transform:CureFreshBiomass:0.099514775
1,123,SecureWater,GroundwaterDischarge,303,144,304,142,2.2360680103302002,72,0,1,0.0038472136948257685,0.0026226670015603304,0.065062306821346283,0.065062306821346283,0.23930284380912781,0.0026131193153560162,0,0.39464280009269714,0.043524757027626038,0.0027900019194930792,16.400001525878906,RainFront|GroundwaterDischarge|GreenGrowth|DryStandingBiomass|DryingWindow|DustFront|DepositionZone|OrganicPoorSoil,Read:ReadFlows:12|Migrate:Move:2.23606801|Migrate:CompactTrail:0.00360000017|Transform:ConsumeBiomass:0.0650623068|Absorb:CondenseAtmosphericWater:0.00261311932|Transform:ConsumeBiomass:0.00783935748
1,124,SecureWater,GroundwaterDischarge,304,142,305,140,2.2360680103302002,72,0,1,0.0038472136948257685,0.0026131193153560162,0.065062306821346283,0.065062306821346283,0.22364073991775513,0.0026044759433716536,0,0.48202240467071533,0.06528230756521225,0.0027900019194930792,16.400001525878906,RainFront|GroundwaterDischarge|GreenGrowth|DryStandingBiomass|DryingWindow|DustFront|DepositionZone|OrganicPoorSoil,Read:ReadFlows:12|Migrate:Move:2.23606801|Migrate:CompactTrail:0.00360000017|Transform:ConsumeBiomass:0.0650623068|Absorb:CondenseAtmosphericWater:0.00260447594|Transform:ConsumeBiomass:0.0078134276|Absorb:HarvestLiveBiomass:0.0961532071|Absorb:HarvestDryBiomass:0.0641021356|Transform:CureFreshBiomass:0.0961532071
1,125,SecureWater,GroundwaterDischarge,305,140,306,138,2.2360680103302002,72,0,1,0.0038472136948257685,0.0026044759433716536,0.065062306821346283,0.065062306821346283,0.20779892802238464,0.0025988221168518066,0,0.40916362404823303,0.087037824094295502,0.0027900019194930792,16.400001525878906,RainFront|GroundwaterDischarge|GreenGrowth|DryStandingBiomass|DryingWindow|DustFront|DepositionZone|OrganicPoorSoil,Read:ReadFlows:12|Migrate:Move:2.23606801|Migrate:CompactTrail:0.00360000017|Transform:ConsumeBiomass:0.0650623068|Absorb:CondenseAtmosphericWater:0.00259882212|Transform:ConsumeBiomass:0.00779646635
1,126,SecureWater,GroundwaterDischarge,306,138,307,136,2.2360680103302002,72,0,1,0.0038472136948257685,0.0025988221168518066,0.065062306821346283,0.065062306821346283,0.19183953106403351,0.0026027604471892118,0,0.33629304170608521,0.10879475623369217,0.0027900019194930792,16.400001525878906,GroundwaterDischarge|GreenGrowth|DryStandingBiomass|DryingWindow|DustFront|DepositionZone|OrganicPoorSoil,Read:ReadFlows:12|Migrate:Move:2.23606801|Migrate:CompactTrail:0.00360000017|Transform:ConsumeBiomass:0.0650623068|Absorb:CondenseAtmosphericWater:0.00260276045|Transform:ConsumeBiomass:0.00780828111
1,127,SecureWater,GroundwaterDischarge,307,136,309,134,2.8284270763397217,72,0,1,0.0039656856097280979,0.0026027604471892118,0.067727923393249512,0.067727923393249512,0.17434516549110413,0.0025999324861913919,0,0.41214743256568909,0.13140365481376648,0.0027900019194930792,16.400001525878906,GroundwaterDischarge|GreenGrowth|DryStandingBiomass|DryingWindow|DustFront|DepositionZone|OrganicPoorSoil,Read:ReadFlows:12|Migrate:Move:2.82842708|Migrate:CompactTrail:0.00240000011|Transform:ConsumeBiomass:0.0677279234|Absorb:CondenseAtmosphericWater:0.00259993249|Transform:ConsumeBiomass:0.00779979769|Absorb:HarvestLiveBiomass:0.0908292755|Absorb:HarvestDryBiomass:0.0605528466|Transform:CureFreshBiomass:0.0908292755
1,128,SecureWater,GroundwaterDischarge,309,134,310,133,1.4142135381698608,72,0,1,0.0036828427109867334,0.0025999324861913919,0.061363961547613144,0.061363961547613144,0.16082181036472321,0.0026620915159583092,0,0.34279718995094299,0.15199847519397736,0.0027900019194930792,16.400001525878906,GroundwaterDischarge|GreenGrowth|DryStandingBiomass|DryingWindow|DustFront|DepositionZone|OrganicPoorSoil,Read:ReadFlows:12|Migrate:Move:1.41421354|Migrate:CompactTrail:0.00240000011|Transform:ConsumeBiomass:0.0613639615|Absorb:CondenseAtmosphericWater:0.00266209152|Transform:ConsumeBiomass:0.00798627455
1,129,SecureWater,GroundwaterDischarge,310,133,311,132,1.4142135381698608,72,0,1,0.0036828427109867334,0.0026620915159583092,0.061363961547613144,0.061363961547613144,0.1486486941576004,0.0027511029038578272,0,0.41993668675422668,0,0.0028350020293146372,16.400001525878906,GroundwaterDischarge|GreenGrowth|DryStandingBiomass|DryingWindow|DustFront|DepositionZone|OrganicPoorSoil,Read:ReadFlows:12|Migrate:Move:1.41421354|Migrate:CompactTrail:0.00240000011|Transform:ConsumeBiomass:0.0613639615|Absorb:CondenseAtmosphericWater:0.0027511029|Transform:ConsumeBiomass:0.00825330894|Absorb:HarvestLiveBiomass:0.0880540609|Absorb:HarvestDryBiomass:0.0587027036|Absorb:CaptureDust:0.0450000018|Transform:CureFreshBiomass:0.0880540609|Return:ReturnOrganicMatter:0.172625333
1,130,SecureWater,GroundwaterDischarge,311,132,312,131,1.4142135381698608,72,0,1,0.0036828427109867334,0.0027511029038578272,0.061363961547613144,0.061363961547613144,0.13840912282466888,0.0027698753401637077,0,0.3502630889415741,0.020633623003959656,0.0028800021391361952,16.400001525878906,GroundwaterDischarge|GreenGrowth|DryStandingBiomass|DryingWindow|DustFront|DepositionZone|OrganicPoorSoil,Read:ReadFlows:12|Migrate:Move:1.41421354|Migrate:CompactTrail:0.00240000011|Transform:ConsumeBiomass:0.0613639615|Absorb:CondenseAtmosphericWater:0.00276987534|Transform:ConsumeBiomass:0.00830962602|Absorb:CaptureDust:0.0450000018
1,131,SecureWater,GroundwaterDischarge,312,131,313,130,1.4142135381698608,72,0,1,0.0036828427109867334,0.0027698753401637077,0.061363961547613144,0.061363961547613144,0.12857732176780701,0.0027821839321404696,0,0.42369648814201355,0.041271675378084183,0.0029250022489577532,16.400001525878906,GroundwaterDischarge|GreenGrowth|DryStandingBiomass|DryingWindow|DustFront|DepositionZone|OrganicPoorSoil,Read:ReadFlows:12|Migrate:Move:1.41421354|Migrate:CompactTrail:0.00240000011|Transform:ConsumeBiomass:0.0613639615|Absorb:CondenseAtmosphericWater:0.00278218393|Transform:ConsumeBiomass:0.00834655203|Absorb:HarvestLiveBiomass:0.0858863518|Absorb:HarvestDryBiomass:0.0572575666|Absorb:CaptureDust:0.0450000018|Transform:CureFreshBiomass:0.0858863518
1,132,SecureWater,GroundwaterDischarge,313,130,314,129,1.4142135381698608,72,0,1,0.0036828427109867334,0.0027821839321404696,0.061363961547613144,0.061363961547613144,0.11901289224624634,0.002772684209048748,0,0.35401445627212524,0.061906307935714722,0.0029700023587793112,16.400001525878906,GroundwaterDischarge|GreenGrowth|DryStandingBiomass|DryingWindow|DustFront|DepositionZone|OrganicPoorSoil,Read:ReadFlows:12|Migrate:Move:1.41421354|Migrate:CompactTrail:0.00240000011|Transform:ConsumeBiomass:0.0613639615|Absorb:CondenseAtmosphericWater:0.00277268421|Transform:ConsumeBiomass:0.00831805263|Absorb:CaptureDust:0.0450000018
1,133,SecureWater,GroundwaterDischarge,314,129,315,128,1.4142135381698608,72,0,1,0.0036828427109867334,0.002772684209048748,0.061363961547613144,0.061363961547613144,0.10924211144447327,0.0027584473136812449,0,0.42403873801231384,0.082535818219184875,0.0030150024686008692,16.400001525878906,GroundwaterDischarge|GreenGrowth|DryStandingBiomass|DryingWindow|DustFront|DepositionZone|OrganicPoorSoil,Read:ReadFlows:12|Migrate:Move:1.41421354|Migrate:CompactTrail:0.00240000011|Transform:ConsumeBiomass:0.0613639615|Absorb:CondenseAtmosphericWater:0.00275844731|Transform:ConsumeBiomass:0.00827534217|Absorb:HarvestLiveBiomass:0.0837981477|Absorb:HarvestDryBiomass:0.0558654293|Absorb:CaptureDust:0.0450000018|Transform:CureFreshBiomass:0.0837981477
1,134,SecureWater,GroundwaterDischarge,315,128,316,127,1.4142135381698608,72,0,1,0.0036828427109867334,0.0027584473136812449,0.061363961547613144,0.061363961547613144,0.099162071943283081,0.0029189945198595524,0,0.35391777753829956,0.10322312265634537,0.0030150024686008692,16.400001525878906,GroundwaterDischarge|GreenGrowth|DryStandingBiomass|DryingWindow|DustFront|DepositionZone|OrganicPoorSoil,Read:ReadFlows:12|Migrate:Move:1.41421354|Migrate:CompactTrail:0.00240000011|Transform:ConsumeBiomass:0.0613639615|Absorb:CondenseAtmosphericWater:0.00291899452|Transform:ConsumeBiomass:0.00875698403
1,135,SecureWater,GroundwaterDischarge,316,127,317,126,1.4142135381698608,72,0,1,0.0036828427109867334,0.0029189945198595524,0.061363961547613144,0.061363961547613144,0.092569492757320404,0.0029110836330801249,0,0.3658180832862854,0.12390758097171783,0.0030150024686008692,16.400001525878906,GroundwaterDischarge|GreenGrowth|DryStandingBiomass|DryingWindow|DustFront|DepositionZone|OrganicPoorSoil,Read:ReadFlows:12|Migrate:Move:1.41421354|Migrate:CompactTrail:0.00240000011|Transform:ConsumeBiomass:0.0613639615|Absorb:CondenseAtmosphericWater:0.00291108363|Transform:ConsumeBiomass:0.00873325113|Absorb:HarvestLiveBiomass:0.0819975063|Transform:CureFreshBiomass:0.0819975063
1,136,SecureWater,GroundwaterDischarge,317,126,318,125,1.4142135381698608,72,0,1,0.0036828427109867334,0.0029110836330801249,0.061363961547613144,0.061363961547613144,0.085805073380470276,0.0029029662255197763,0,0.4311901330947876,0.14458911120891571,0.0030150024686008692,16.400001525878906,GroundwaterDischarge|GreenGrowth|DryStandingBiomass|DryingWindow|DustFront|DepositionZone|OrganicPoorSoil,Read:ReadFlows:12|Migrate:Move:1.41421354|Migrate:CompactTrail:0.00240000011|Transform:ConsumeBiomass:0.0613639615|Absorb:CondenseAtmosphericWater:0.00290296623|Transform:ConsumeBiomass:0.00870889891|Absorb:HarvestLiveBiomass:0.0812669471|Absorb:HarvestDryBiomass:0.0541779622|Transform:CureFreshBiomass:0.0812669471
1,137,SecureWater,SurfaceWater,318,125,319,124,1.4142135381698608,72,0,1,0.0036828427109867334,0.0029029662255197763,0.061363961547613144,0.061363961547613144,0.078864321112632751,0.011722397059202194,0,0.36114224791526794,0,0.0030150024686008692,16.400001525878906,SurfaceWater|RainFront|GroundwaterDischarge|GreenGrowth|DryStandingBiomass|DryingWindow|DustFront|DepositionZone|OrganicPoorSoil,Read:ReadFlows:12|Migrate:Move:1.41421354|Migrate:CompactTrail:0.00240000011|Transform:ConsumeBiomass:0.0613639615|Absorb:WithdrawSurfaceWater:0.00882775988|Absorb:CondenseAtmosphericWater:0.00289463717|Transform:ConsumeBiomass:0.00868391152|Return:ReturnOrganicMatter:0.165267646
1,138,SecureWater,GroundwaterDischarge,319,124,319,124,0,72,1,1,0.0034000000450760126,0.0034000000450760126,0.054999999701976776,0.054999999701976776,0.093220993876457214,0.011234262958168983,0,0.4341864287853241,0.018648270517587662,0.0030150024686008692,16.400001525878906,RainFront|GroundwaterDischarge|GreenGrowth|DryStandingBiomass|DryingWindow|DustFront|DepositionZone|OrganicPoorSoil,Read:ReadFlows:12|Transform:ConsumeBiomass:0.0549999997|Absorb:CondenseAtmosphericWater:0.00291186548|Transform:ConsumeBiomass:0.0087355962|Absorb:HarvestLiveBiomass:0.0820678771|Absorb:HarvestDryBiomass:0.0547119118|Transform:CureFreshBiomass:0.0820678771
1,139,SecureWater,GroundwaterDischarge,319,124,319,124,0,72,1,1,0.0034000000450760126,0.0034000000450760126,0.054999999701976776,0.054999999701976776,0.10755674540996552,0.010763331316411495,0,0.37039920687675476,0.037302736192941666,0.0030150024686008692,16.400001525878906,GroundwaterDischarge|GreenGrowth|DryStandingBiomass|DryingWindow|DustFront|DepositionZone|OrganicPoorSoil,Read:ReadFlows:12|Transform:ConsumeBiomass:0.0549999997|Absorb:CondenseAtmosphericWater:0.00292906817|Transform:ConsumeBiomass:0.00878720451
1,140,SecureWater,GroundwaterDischarge,319,124,319,124,0,72,1,1,0.0034000000450760126,0.0034000000450760126,0.054999999701976776,0.054999999701976776,0.12187232077121735,0.010309577919542789,0,0.39172267913818359,0.055963385850191116,0.0030150024686008692,16.400001525878906,GroundwaterDischarge|GreenGrowth|DryStandingBiomass|DryingWindow|DustFront|DepositionZone|OrganicPoorSoil,Read:ReadFlows:12|Transform:ConsumeBiomass:0.0549999997|Absorb:CondenseAtmosphericWater:0.00294624665|Transform:ConsumeBiomass:0.00883874018|Absorb:HarvestLiveBiomass:0.0851622149|Transform:CureFreshBiomass:0.0851622149
1,141,SecureWater,GroundwaterDischarge,319,124,319,124,0,72,1,1,0.0034000000450760126,0.0034000000450760126,0.054999999701976776,0.054999999701976776,0.13616845011711121,0.0098729804158210754,0,0.41453865170478821,0.074630208313465118,0.0030150024686008692,16.400001525878906,GroundwaterDischarge|GreenGrowth|DryStandingBiomass|DryingWindow|DustFront|DepositionZone|OrganicPoorSoil,Read:ReadFlows:12|Transform:ConsumeBiomass:0.0549999997|Absorb:CondenseAtmosphericWater:0.00296340208|Transform:ConsumeBiomass:0.00889020599|Absorb:HarvestLiveBiomass:0.0867061988|Transform:CureFreshBiomass:0.0867061988
1,142,SecureWater,GroundwaterDischarge,319,124,319,124,0,72,1,1,0.0034000000450760126,0.0034000000450760126,0.054999999701976776,0.054999999701976776,0.15044586360454559,0.0094535155221819878,0,0.35059702396392822,0.093303203582763672,0.0030150024686008692,16.400001525878906,GroundwaterDischarge|GreenGrowth|DryStandingBiomass|DryingWindow|DustFront|DepositionZone|OrganicPoorSoil,Read:ReadFlows:12|Transform:ConsumeBiomass:0.0549999997|Absorb:CondenseAtmosphericWater:0.00298053515|Transform:ConsumeBiomass:0.00894160569
1,143,SecureWater,GroundwaterDischarge,319,124,319,124,0,72,1,1,0.0034000000450760126,0.0034000000450760126,0.054999999701976776,0.054999999701976776,0.1647053062915802,0.0090195797383785248,0,0.37648698687553406,0.11197098344564438,0.0030150024686008692,16.400001525878906,GroundwaterDischarge|GreenGrowth|DryStandingBiomass|DryingWindow|DustFront|DepositionZone|OrganicPoorSoil,Read:ReadFlows:12|Transform:ConsumeBiomass:0.0549999997|Absorb:CondenseAtmosphericWater:0.00296606449|Transform:ConsumeBiomass:0.00889819302|Absorb:HarvestLiveBiomass:0.0897881761|Transform:CureFreshBiomass:0.0897881761
1,144,SecureWater,GroundwaterDischarge,319,124,319,124,0,72,1,1,0.0034000000450760126,0.0034000000450760126,0.054999999701976776,0.054999999701976776,0.17894613742828369,0.0086047546938061714,0,0.40385761857032776,0.13064564764499664,0.0030150024686008692,16.400001525878906,GroundwaterDischarge|GreenGrowth|DryStandingBiomass|DryingWindow|DustFront|DepositionZone|OrganicPoorSoil,Read:ReadFlows:12|Transform:ConsumeBiomass:0.0549999997|Absorb:CondenseAtmosphericWater:0.002985175|Transform:ConsumeBiomass:0.00895552523|Absorb:HarvestLiveBiomass:0.0913261846|Transform:CureFreshBiomass:0.0913261846
1,145,SecureWater,GroundwaterDischarge,319,124,319,124,0,72,1,1,0.0034000000450760126,0.0034000000450760126,0.054999999701976776,0.054999999701976776,0.19316920638084412,0.0082268044352531433,0,0.33979147672653198,0.14933358132839203,0.0030150024686008692,16.400001525878906,GroundwaterDischarge|GreenGrowth|DryStandingBiomass|DryingWindow|DustFront|DepositionZone|OrganicPoorSoil,Read:ReadFlows:12|Transform:ConsumeBiomass:0.0549999997|Absorb:CondenseAtmosphericWater:0.00302204909|Transform:ConsumeBiomass:0.00906614773
1,146,SecureWater,GroundwaterDischarge,319,124,319,124,0,72,1,1,0.0034000000450760126,0.0034000000450760126,0.054999999701976776,0.054999999701976776,0.20737606287002563,0.0078756557777523994,0,0.37004154920578003,0,0.0030150024686008692,16.400001525878906,GroundwaterDischarge|GreenGrowth|DryStandingBiomass|DryingWindow|DustFront|DepositionZone|OrganicPoorSoil,Read:ReadFlows:12|Transform:ConsumeBiomass:0.0549999997|Absorb:CondenseAtmosphericWater:0.00304885139|Transform:ConsumeBiomass:0.0091465544|Absorb:HarvestLiveBiomass:0.0943966135|Transform:CureFreshBiomass:0.0943966135|Return:ReturnOrganicMatter:0.168031171
1,147,SecureWater,GroundwaterDischarge,319,124,319,124,0,72,1,1,0.0034000000450760126,0.0034000000450760126,0.054999999701976776,0.054999999701976776,0.22156786918640137,0.0075415372848510742,0,0.40177321434020996,0.018703717738389969,0.0030150024686008692,16.400001525878906,GroundwaterDischarge|GreenGrowth|DryStandingBiomass|DryingWindow|DustFront|DepositionZone|OrganicPoorSoil,Read:ReadFlows:12|Transform:ConsumeBiomass:0.0549999997|Absorb:CondenseAtmosphericWater:0.00306588155|Transform:ConsumeBiomass:0.00919764489|Absorb:HarvestLiveBiomass:0.0959293395|Transform:CureFreshBiomass:0.0959293395
1,148,SecureWater,GroundwaterDischarge,319,124,319,124,0,72,1,1,0.0034000000450760126,0.0034000000450760126,0.054999999701976776,0.054999999701976776,0.23574537038803101,0.0072244321927428246,0,0.33752453327178955,0.037413559854030609,0.0030150024686008692,16.400001525878906,GroundwaterDischarge|GreenGrowth|DryStandingBiomass|DryingWindow|DustFront|DepositionZone|OrganicPoorSoil,Read:ReadFlows:12|Transform:ConsumeBiomass:0.0549999997|Absorb:CondenseAtmosphericWater:0.00308289449|Transform:ConsumeBiomass:0.00924868323
1,149,SecureWater,GroundwaterDischarge,319,124,319,124,0,72,1,1,0.0034000000450760126,0.0034000000450760126,0.054999999701976776,0.054999999701976776,0.24990928173065186,0.0069243237376213074,0,0.37221506237983704,0.056129518896341324,0.0030150024686008692,16.400001525878906,GroundwaterDischarge|GreenGrowth|DryStandingBiomass|DryingWindow|DustFront|DepositionZone|OrganicPoorSoil,Read:ReadFlows:12|Transform:ConsumeBiomass:0.0549999997|Absorb:CondenseAtmosphericWater:0.00309989136|Transform:ConsumeBiomass:0.00929967407|Absorb:HarvestLiveBiomass:0.0989902094|Transform:CureFreshBiomass:0.0989902094
1,150,SecureWater,GroundwaterDischarge,319,124,319,124,0,72,1,1,0.0034000000450760126,0.0034000000450760126,0.054999999701976776,0.054999999701976776,0.26406031847000122,0.0066411960870027542,0,0.40838295221328735,0.074851587414741516,0.0030150024686008692,16.400001525878906,GroundwaterDischarge|GreenGrowth|DryStandingBiomass|DryingWindow|DustFront|DepositionZone|OrganicPoorSoil,Read:ReadFlows:12|Transform:ConsumeBiomass:0.0549999997|Absorb:CondenseAtmosphericWater:0.00311687239|Transform:ConsumeBiomass:0.00935061742|Absorb:HarvestLiveBiomass:0.100518525|Transform:CureFreshBiomass:0.100518525
1,151,SecureWater,GroundwaterDischarge,319,124,319,124,0,72,1,1,0.0034000000450760126,0.0034000000450760126,0.054999999701976776,0.054999999701976776,0.27819922566413879,0.0063750352710485458,0,0.34398141503334045,0.093579769134521484,0.0030150024686008692,15.600001335144043,GroundwaterDischarge|GreenGrowth|DryStandingBiomass|DryingWindow|DustFront|DepositionZone|OrganicPoorSoil,Read:ReadFlows:12|Transform:ConsumeBiomass:0.0549999997|Absorb:CondenseAtmosphericWater:0.00313383923|Transform:ConsumeBiomass:0.00940151792|Transform:UseChitinForRepair:0.800000012
1,152,SecureWater,SurfaceWater,319,124,319,124,0,72,1,1,0.0034000000450760126,0.0034000000450760126,0.054999999701976776,0.054999999701976776,0.29232671856880188,0.017451291903853416,0.10024706274271011,0.27952903509140015,0.11563828587532043,0.0030150024686008692,15.600001335144043,SurfaceWater|RainFront|GroundwaterDischarge|GreenGrowth|DryStandingBiomass|DryingWindow|DustFront|DepositionZone|OrganicPoorSoil,Read:ReadFlows:12|Transform:ConsumeBiomass:0.0549999997|Absorb:WithdrawSurfaceWater:0.0113254637|Absorb:CondenseAtmosphericWater:0.00315079233|Transform:ConsumeBiomass:0.00945237651|Absorb:HarvestLiveBiomass:0.103571296|Transform:SpoilFreshBiomass:0.00332423602
1,153,SecureWater,GroundwaterDischarge,319,124,319,124,0,12,1,1,0.0034000000450760126,0.0034000000450760126,0.054999999701976776,0.054999999701976776,0.30692890286445618,0.017219606786966324,0,0.42041948437690735,0.13437888026237488,0.0030150024686008692,15.600001335144043,GroundwaterDischarge|GreenGrowth|DryStandingBiomass|DryingWindow|DepositionZone|OrganicPoorSoil,Read:ReadFlows:12|Transform:ConsumeBiomass:0.0549999997|Absorb:CondenseAtmosphericWater:0.00316831493|Transform:ConsumeBiomass:0.00950494502|Absorb:HarvestLiveBiomass:0.10514833|Transform:CureFreshBiomass:0.205395401
1,154,SecureWater,GroundwaterDischarge,319,124,319,124,0,14,1,1,0.003548796521499753,0.003548796521499753,0.054999999701976776,0.054999999701976776,0.3215147852897644,0.016856629401445389,0,0.35586202144622803,0.15312577784061432,0.0030150024686008692,15.600001335144043,GroundwaterDischarge|GreenGrowth|DryStandingBiomass|DryingWindow|DustFront|DepositionZone|OrganicPoorSoil,Read:ReadFlows:12|Transform:ConsumeBiomass:0.0549999997|Absorb:CondenseAtmosphericWater:0.00318581797|Transform:ConsumeBiomass:0.00955745392
1,155,SecureWater,GroundwaterDischarge,319,124,319,124,0,16,1,1,0.003564448794350028,0.003564448794350028,0.054999999701976776,0.054999999701976776,0.33608445525169373,0.016495481133460999,0,0.39954924583435059,0,0.0030150024686008692,15.600001335144043,GroundwaterDischarge|GreenGrowth|DryStandingBiomass|DryingWindow|DustFront|DepositionZone|OrganicPoorSoil,Read:ReadFlows:12|Transform:ConsumeBiomass:0.0549999997|Absorb:CondenseAtmosphericWater:0.00320330169|Transform:ConsumeBiomass:0.00960990507|Absorb:HarvestLiveBiomass:0.108297132|Transform:CureFreshBiomass:0.108297132|Return:ReturnOrganicMatter:0.171878964
1,156,SecureWater,GroundwaterDischarge,319,124,319,124,0,18,1,1,0.0035858387127518654,0.0035858387127518654,0.054999999701976776,0.054999999701976776,0.35063773393630981,0.016130408272147179,0,0.33488693833351135,0.018759476020932198,0.0030150024686008692,15.600001335144043,GroundwaterDischarge|GreenGrowth|DryStandingBiomass|DryingWindow|DustFront|DepositionZone|OrganicPoorSoil,Read:ReadFlows:12|Transform:ConsumeBiomass:0.0549999997|Absorb:CondenseAtmosphericWater:0.00322076562|Transform:ConsumeBiomass:0.00966229662
1,157,SecureWater,GroundwaterDischarge,319,124,319,124,0,20,1,1,0.0036016195081174374,0.0036016195081174374,0.054999999701976776,0.054999999701976776,0.36517468094825745,0.015766998752951622,0,0.381611168384552,0.037525229156017303,0.0030150024686008692,15.600001335144043,GroundwaterDischarge|GreenGrowth|DryStandingBiomass|DryingWindow|DustFront|DepositionZone|OrganicPoorSoil,Read:ReadFlows:12|Transform:ConsumeBiomass:0.0549999997|Absorb:CondenseAtmosphericWater:0.00323820976|Transform:ConsumeBiomass:0.0097146295|Absorb:HarvestLiveBiomass:0.11143887|Transform:CureFreshBiomass:0.11143887
1,158,SecureWater,GroundwaterDischarge,319,124,319,124,0,22,1,1,0.0036164096090942621,0.0036164096090942621,0.054999999701976776,0.054999999701976776,0.37969541549682617,0.015406223945319653,0,0.42985135316848755,0.056297257542610168,0.0030150024686008692,15.600001335144043,GroundwaterDischarge|GreenGrowth|DryStandingBiomass|DryingWindow|DustFront|DepositionZone|OrganicPoorSoil,Read:ReadFlows:12|Transform:ConsumeBiomass:0.0549999997|Absorb:CondenseAtmosphericWater:0.0032556348|Transform:ConsumeBiomass:0.00976690464|Absorb:HarvestLiveBiomass:0.113007113|Transform:CureFreshBiomass:0.113007113
1,159,SecureWater,GroundwaterDischarge,319,124,319,124,0,24,1,1,0.0036470487248152494,0.0036470487248152494,0.054999999701976776,0.054999999701976776,0.39419937133789062,0.015032215043902397,0,0.36503222584724426,0.075075551867485046,0.0030150024686008692,15.600001335144043,GroundwaterDischarge|GreenGrowth|DryStandingBiomass|DryingWindow|DustFront|DepositionZone|OrganicPoorSoil,Read:ReadFlows:12|Transform:ConsumeBiomass:0.0549999997|Absorb:CondenseAtmosphericWater:0.00327303959|Transform:ConsumeBiomass:0.00981911831
1,160,SecureWater,GroundwaterDischarge,319,124,319,124,0,26,1,1,0.0036961834412068129,0.0036961834412068129,0.054999999701976776,0.054999999701976776,0.40868520736694336,0.014626453630626202,0,0.41629895567893982,0.09386010468006134,0.0030150024686008692,15.600001335144043,GroundwaterDischarge|GreenGrowth|DryStandingBiomass|DryingWindow|DustFront|DepositionZone|OrganicPoorSoil,Read:ReadFlows:12|Transform:ConsumeBiomass:0.0549999997|Absorb:CondenseAtmosphericWater:0.00329042226|Transform:ConsumeBiomass:0.00987126678|Absorb:HarvestLiveBiomass:0.116138011|Transform:CureFreshBiomass:0.116138011
1,161,SecureWater,GroundwaterDischarge,319,124,319,124,0,28,1,1,0.0034000000450760126,0.0034000000450760126,0.054999999701976776,0.054999999701976776,0.42316633462905884,0.014534253627061844,0,0.35137555003166199,0.11265091598033905,0.0030150024686008692,15.600001335144043,GroundwaterDischarge|GreenGrowth|DryStandingBiomass|DryingWindow|DustFront|DepositionZone|OrganicPoorSoil,Read:ReadFlows:12|Transform:ConsumeBiomass:0.0549999997|Absorb:CondenseAtmosphericWater:0.00330779981|Transform:ConsumeBiomass:0.00992339943
1,162,SecureWater,GroundwaterDischarge,319,124,319,124,0,30,1,1,0.0034000000450760126,0.0034000000450760126,0.054999999701976776,0.054999999701976776,0.43764352798461914,0.014459425583481789,0,0.40566551685333252,0.13144797086715698,0.0030150024686008692,15.600001335144043,GroundwaterDischarge|GreenGrowth|DryStandingBiomass|DryingWindow|DustFront|DepositionZone|OrganicPoorSoil,Read:ReadFlows:12|Transform:ConsumeBiomass:0.0549999997|Absorb:CondenseAtmosphericWater:0.00332517223|Transform:ConsumeBiomass:0.00997551717|Absorb:HarvestLiveBiomass:0.119265504|Transform:CureFreshBiomass:0.119265504
1,163,SecureWater,GroundwaterDischarge,319,124,319,124,0,32,1,1,0.0034000000450760126,0.0034000000450760126,0.054999999701976776,0.054999999701976776,0.45211750268936157,0.014401966705918312,0,0.34063789248466492,0.15025128424167633,0.0030150024686008692,15.600001335144043,GroundwaterDischarge|GreenGrowth|DryStandingBiomass|DryingWindow|DustFront|DepositionZone|OrganicPoorSoil,Read:ReadFlows:12|Transform:ConsumeBiomass:0.0549999997|Absorb:CondenseAtmosphericWater:0.00334254117|Transform:ConsumeBiomass:0.0100276237
1,164,SecureWater,GroundwaterDischarge,319,124,319,124,0,34,1,1,0.0034000000450760126,0.0034000000450760126,0.054999999701976776,0.054999999701976776,0.46658900380134583,0.014361873269081116,0,0.39794981479644775,0,0.0030150024686008692,15.600001335144043,GroundwaterDischarge|GreenGrowth|DryStandingBiomass|DryingWindow|DustFront|DepositionZone|OrganicPoorSoil,Read:ReadFlows:12|Transform:ConsumeBiomass:0.0549999997|Absorb:CondenseAtmosphericWater:0.00335990684|Transform:ConsumeBiomass:0.010079721|Absorb:HarvestLiveBiomass:0.122391626|Transform:CureFreshBiomass:0.122391626|Return:ReturnOrganicMatter:0.169060856
1,165,SecureWater,GroundwaterDischarge,319,124,319,124,0,36,1,1,0.0034000000450760126,0.0034000000450760126,0.054999999701976776,0.054999999701976776,0.48105880618095398,0.014339144341647625,0,0.33281800150871277,0.018815817311406136,0.0030150024686008692,15.600001335144043,GroundwaterDischarge|GreenGrowth|DryStandingBiomass|DryingWindow|DustFront|DepositionZone|OrganicPoorSoil,Read:ReadFlows:12|Transform:ConsumeBiomass:0.0549999997|Absorb:CondenseAtmosphericWater:0.00337727065|Transform:ConsumeBiomass:0.0101318117
1,166,SecureWater,GroundwaterDischarge,319,124,319,124,0,38,1,1,0.0034000000450760126,0.0034000000450760126,0.054999999701976776,0.054999999701976776,0.49552762508392334,0.014333778060972691,0,0.39315110445022583,0.037637881934642792,0.0030150024686008692,15.600001335144043,GroundwaterDischarge|GreenGrowth|DryStandingBiomass|DryingWindow|DustFront|DepositionZone|OrganicPoorSoil,Read:ReadFlows:12|Transform:ConsumeBiomass:0.0549999997|Absorb:CondenseAtmosphericWater:0.0033946333|Transform:ConsumeBiomass:0.0101838997|Absorb:HarvestLiveBiomass:0.125516996|Transform:CureFreshBiomass:0.125516996
1,167,SecureWater,GroundwaterDischarge,319,124,319,124,0,40,1,1,0.0035024282988160849,0.0035024282988160849,0.054999999701976776,0.054999999701976776,0.50999182462692261,0.014243340119719505,0.1228792741894722,0.32791513204574585,0.060666043311357498,0.0030150024686008692,15.600001335144043,RainFront|GroundwaterDischarge|GreenGrowth|DryStandingBiomass|DryingWindow|DustFront|DepositionZone|OrganicPoorSoil,Read:ReadFlows:12|Transform:ConsumeBiomass:0.0549999997|Absorb:CondenseAtmosphericWater:0.00341199036|Transform:ConsumeBiomass:0.0102359708|Absorb:HarvestLiveBiomass:0.127079114|Transform:SpoilFreshBiomass:0.00419984339
1,168,SecureWater,GroundwaterDischarge,319,124,319,124,0,42,1,1,0.0037800541613250971,0.0037800541613250971,0.054999999701976776,0.054999999701976776,0.5244402289390564,0.013892614282667637,0,0.51414597034454346,0.079500600695610046,0.0030150024686008692,15.600001335144043,GroundwaterDischarge|GreenGrowth|DryStandingBiomass|DryingWindow|DustFront|DepositionZone|OrganicPoorSoil,Read:ReadFlows:12|Transform:ConsumeBiomass:0.0549999997|Absorb:CondenseAtmosphericWater:0.00342932832|Transform:ConsumeBiomass:0.0102879852|Absorb:HarvestLiveBiomass:0.128639549|Transform:CureFreshBiomass:0.251518816
1,169,SecureWater,GroundwaterDischarge,319,124,319,124,0,44,1,1,0.0037987527903169394,0.0037987527903169394,0.054999999701976776,0.054999999701976776,0.53887283802032471,0.013540509156882763,0,0.44880601763725281,0.098341390490531921,0.0030150024686008692,15.600001335144043,GroundwaterDischarge|GreenGrowth|DryStandingBiomass|DryingWindow|DustFront|DepositionZone|OrganicPoorSoil,Read:ReadFlows:12|Transform:ConsumeBiomass:0.0549999997|Absorb:CondenseAtmosphericWater:0.00344664766|Transform:ConsumeBiomass:0.0103399428
1,170,SecureWater,GroundwaterDischarge,319,124,319,124,0,46,1,1,0.0038085132837295532,0.0038085132837295532,0.054999999701976776,0.054999999701976776,0.55328994989395142,0.013195944018661976,0,0.38341417908668518,0.11718840897083282,0.0030150024686008692,15.600001335144043,GroundwaterDischarge|GreenGrowth|DryStandingBiomass|DryingWindow|DustFront|DepositionZone,Read:ReadFlows:12|Transform:ConsumeBiomass:0.0549999997|Absorb:CondenseAtmosphericWater:0.00346394791|Transform:ConsumeBiomass:0.0103918435
1,171,SecureWater,GroundwaterDischarge,319,124,319,124,0,48,1,1,0.0038122858386486769,0.0038122858386486769,0.054999999701976776,0.054999999701976776,0.5676921010017395,0.012864888645708561,0,0.45128124952316284,0.13604165613651276,0.0030150024686008692,15.600001335144043,GroundwaterDischarge|GreenGrowth|DryStandingBiomass|DryingWindow|DustFront|DepositionZone,Read:ReadFlows:12|Transform:ConsumeBiomass:0.0549999997|Absorb:CondenseAtmosphericWater:0.0034812307|Transform:ConsumeBiomass:0.0104436921|Absorb:HarvestLiveBiomass:0.13331075|Transform:CureFreshBiomass:0.13331075
1,172,SecureWater,GroundwaterDischarge,319,124,319,124,0,50,1,1,0.0038164898287504911,0.0038164898287504911,0.054999999701976776,0.054999999701976776,0.58207988739013672,0.012546895071864128,0,0.38578575849533081,0.15490111708641052,0.0030150024686008692,15.600001335144043,GroundwaterDischarge|GreenGrowth|DryStandingBiomass|DryingWindow|DustFront|DepositionZone,Read:ReadFlows:12|Transform:ConsumeBiomass:0.0549999997|Absorb:CondenseAtmosphericWater:0.00349849602|Transform:ConsumeBiomass:0.0104954876
1,173,SecureWater,GroundwaterDischarge,319,124,319,124,0,52,1,1,0.0038299683947116137,0.0038299683947116137,0.054999999701976776,0.054999999701976776,0.59645348787307739,0.012232671491801739,0,0.45665550231933594,0,0.0030150024686008692,15.600001335144043,GroundwaterDischarge|GreenGrowth|DryStandingBiomass|DryingWindow|DustFront|DepositionZone,Read:ReadFlows:12|Transform:ConsumeBiomass:0.0549999997|Absorb:CondenseAtmosphericWater:0.00351574435|Transform:ConsumeBiomass:0.0105472328|Absorb:HarvestLiveBiomass:0.136416987|Transform:CureFreshBiomass:0.136416987|Return:ReturnOrganicMatter:0.173766792
1,174,SecureWater,GroundwaterDischarge,319,124,319,124,0,54,1,1,0.0038608976174145937,0.0038608976174145937,0.054999999701976776,0.054999999701976776,0.61081230640411377,0.01190474908798933,0,0.39105656743049622,0.018871869891881943,0.0030150024686008692,15.600001335144043,GroundwaterDischarge|GreenGrowth|DryStandingBiomass|DryingWindow|DustFront|DepositionZone,Read:ReadFlows:12|Transform:ConsumeBiomass:0.0549999997|Absorb:CondenseAtmosphericWater:0.00353297498|Transform:ConsumeBiomass:0.0105989249
1,175,SecureWater,GroundwaterDischarge,319,124,319,124,0,56,1,1,0.003900433424860239,0.003900433424860239,0.054999999701976776,0.054999999701976776,0.62515532970428467,0.011554501950740814,0,0.46492278575897217,0.037749938666820526,0.0030150024686008692,15.600001335144043,GroundwaterDischarge|GreenGrowth|DryStandingBiomass|DryingWindow|DustFront|DepositionZone,Read:ReadFlows:12|Transform:ConsumeBiomass:0.0549999997|Absorb:CondenseAtmosphericWater:0.00355018652|Transform:ConsumeBiomass:0.0106505593|Absorb:HarvestLiveBiomass:0.139516786|Transform:CureFreshBiomass:0.139516786
1,176,SecureWater,GroundwaterDischarge,319,124,319,124,0,58,1,1,0.0034000000450760126,0.0034000000450760126,0.054999999701976776,0.054999999701976776,0.63950479030609131,0.011721908114850521,0,0.39922055602073669,0.05663420632481575,0.0030150024686008692,15.600001335144043,GroundwaterDischarge|GreenGrowth|DryStandingBiomass|DryingWindow|DustFront|DepositionZone,Read:ReadFlows:12|Transform:ConsumeBiomass:0.0549999997|Absorb:CondenseAtmosphericWater:0.00356740598|Transform:ConsumeBiomass:0.0107022179
1,177,SecureWater,GroundwaterDischarge,319,124,319,124,0,60,1,1,0.0034000000450760126,0.0034000000450760126,0.054999999701976776,0.054999999701976776,0.65386146306991577,0.011906541883945465,0,0.33346664905548096,0.075524672865867615,0.0030150024686008692,15.600001335144043,GroundwaterDischarge|GreenGrowth|DryStandingBiomass|DryingWindow|DustFront|DepositionZone,Read:ReadFlows:12|Transform:ConsumeBiomass:0.0549999997|Absorb:CondenseAtmosphericWater:0.00358463405|Transform:ConsumeBiomass:0.0107539017
1,178,SecureWater,GroundwaterDischarge,319,124,319,124,0,62,1,1,0.0034000000450760126,0.0034000000450760126,0.054999999701976776,0.054999999701976776,0.66822600364685059,0.012108413502573967,0,0.50794172286987305,0.094421349465847015,0.0030150024686008692,15.600001335144043,GroundwaterDischarge|GreenGrowth|DryStandingBiomass|DryingWindow|DustFront|DepositionZone,Read:ReadFlows:12|Transform:ConsumeBiomass:0.0549999997|Absorb:CondenseAtmosphericWater:0.00360187143|Transform:ConsumeBiomass:0.0108056143|Absorb:HarvestLiveBiomass:0.144168422|Absorb:HarvestDryBiomass:0.0961122736|Transform:CureFreshBiomass:0.144168422
1,179,SecureWater,GroundwaterDischarge,319,124,319,124,0,64,1,1,0.0034000000450760126,0.0034000000450760126,0.054999999701976776,0.054999999701976776,0.68259924650192261,0.012327533215284348,0,0.44208437204360962,0.11332423239946365,0.0030150024686008692,15.600001335144043,GroundwaterDischarge|GreenGrowth|DryStandingBiomass|DryingWindow|DustFront|DepositionZone,Read:ReadFlows:12|Transform:ConsumeBiomass:0.0549999997|Absorb:CondenseAtmosphericWater:0.00361911929|Transform:ConsumeBiomass:0.0108573576
1,180,SecureWater,GroundwaterDischarge,319,124,319,124,0,66,1,1,0.0034000000450760126,0.0034000000450760126,0.054999999701976776,0.054999999701976776,0.69698184728622437,0.012563912197947502,0,0.37617522478103638,0.13223332166671753,0.0030150024686008692,15.600001335144043,GroundwaterDischarge|GreenGrowth|DryStandingBiomass|DryingWindow|DustFront|DepositionZone,Read:ReadFlows:12|Transform:ConsumeBiomass:0.0549999997|Absorb:CondenseAtmosphericWater:0.00363637856|Transform:ConsumeBiomass:0.0109091355
1,181,SecureWater,GroundwaterDischarge,319,124,319,124,0,68,1,1,0.0034000000450760126,0.0034000000450760126,0.054999999701976776,0.054999999701976776,0.71137458086013794,0.012817561626434326,0,0.45904272794723511,0.15114863216876984,0.0030150024686008692,14.80000114440918,GroundwaterDischarge|GreenGrowth|DryStandingBiomass|DryingWindow,Read:ReadFlows:12|Transform:ConsumeBiomass:0.0549999997|Absorb:CondenseAtmosphericWater:0.00365364971|Transform:ConsumeBiomass:0.0109609496|Absorb:HarvestLiveBiomass:0.148828462|Transform:CureFreshBiomass:0.148828462|Transform:UseChitinForRepair:0.800000012
1,182,SecureWater,GroundwaterDischarge,319,124,319,124,0,70,1,1,0.0036658500321209431,0.0036658500321209431,0.054999999701976776,0.054999999701976776,0.72576677799224854,0.012822632677853107,0,0.39302995800971985,0,0.0030150024686008692,14.80000114440918,RainFront|GroundwaterDischarge|GreenGrowth|DryStandingBiomass|DryingWindow|DustFront|DepositionZone,Read:ReadFlows:12|Transform:ConsumeBiomass:0.0549999997|Absorb:CondenseAtmosphericWater:0.00367092039|Transform:ConsumeBiomass:0.0110127609|Return:ReturnOrganicMatter:0.170070156
1,183,SecureWater,GroundwaterDischarge,319,124,319,124,0,72,1,1,0.0038954829797148705,0.0038954829797148705,0.054999999701976776,0.054999999701976776,0.74014937877655029,0.012615328654646873,0,0.58019232749938965,0.018927743658423424,0.0030150024686008692,14.80000114440918,GroundwaterDischarge|GreenGrowth|DryStandingBiomass|DryingWindow|DustFront|DepositionZone,Read:ReadFlows:12|Transform:ConsumeBiomass:0.0549999997|Absorb:CondenseAtmosphericWater:0.00368817942|Transform:ConsumeBiomass:0.0110645387|Absorb:HarvestLiveBiomass:0.151936144|Absorb:HarvestDryBiomass:0.101290755|Transform:CureFreshBiomass:0.151936144
1,184,SecureWater,GroundwaterDischarge,319,124,319,124,0,72,1,1,0.0038868149276822805,0.0038868149276822805,0.054999999701976776,0.054999999701976776,0.75452345609664917,0.012433941476047039,0,0.51407605409622192,0.037861701101064682,0.0030150024686008692,14.80000114440918,GroundwaterDischarge|GreenGrowth|DryStandingBiomass|DryingWindow|DustFront|DepositionZone,Read:ReadFlows:12|Transform:ConsumeBiomass:0.0549999997|Absorb:CondenseAtmosphericWater:0.00370542821|Transform:ConsumeBiomass:0.0111162849
1,185,SecureWater,GroundwaterDischarge,319,124,319,124,0,72,1,1,0.0038631570059806108,0.0038631570059806108,0.054999999701976776,0.054999999701976776,0.76889079809188843,0.012293454259634018,0,0.44790804386138916,0.056801863014698029,0.0030150024686008692,14.80000114440918,GroundwaterDischarge|GreenGrowth|DryStandingBiomass|DryingWindow|DustFront|DepositionZone,Read:ReadFlows:12|Transform:ConsumeBiomass:0.0549999997|Absorb:CondenseAtmosphericWater:0.00372266909|Transform:ConsumeBiomass:0.0111680068
1,186,SecureWater,GroundwaterDischarge,319,124,319,124,0,72,1,1,0.003860637079924345,0.003860637079924345,0.054999999701976776,0.054999999701976776,0.78325217962265015,0.012172719463706017,0,0.38168832659721375,0.075748227536678314,0.0030150024686008692,14.80000114440918,GroundwaterDischarge|GreenGrowth|DryStandingBiomass|DryingWindow|DustFront|DepositionZone,Read:ReadFlows:12|Transform:ConsumeBiomass:0.0549999997|Absorb:CondenseAtmosphericWater:0.00373990275|Transform:ConsumeBiomass:0.0112197082
1,187,SecureWater,GroundwaterDischarge,319,124,319,124,0,72,1,1,0.0038804966025054455,0.0038804966025054455,0.054999999701976776,0.054999999701976776,0.79760754108428955,0.012049351818859577,0,0.47355854511260986,0.09470079094171524,0.0030150024686008692,14.80000114440918,GroundwaterDischarge|GreenGrowth|DryStandingBiomass|DryingWindow|DustFront|DepositionZone,Read:ReadFlows:12|Transform:ConsumeBiomass:0.0549999997|Absorb:CondenseAtmosphericWater:0.00375712919|Transform:ConsumeBiomass:0.0112713873|Absorb:HarvestLiveBiomass:0.158141628|Transform:CureFreshBiomass:0.158141628
1,188,SecureWater,GroundwaterDischarge,319,124,319,124,0,72,1,1,0.0039010473992675543,0.0039010473992675543,0.054999999701976776,0.054999999701976776,0.81195676326751709,0.011922651901841164,0,0.40723550319671631,0.11365955322980881,0.0030150024686008692,14.80000114440918,GroundwaterDischarge|GreenGrowth|DryStandingBiomass|DryingWindow|DustFront|DepositionZone,Read:ReadFlows:12|Transform:ConsumeBiomass:0.0549999997|Absorb:CondenseAtmosphericWater:0.00377434818|Transform:ConsumeBiomass:0.0113230441
1,189,SecureWater,GroundwaterDischarge,319,124,319,124,0,72,1,1,0.0039019156247377396,0.0039019156247377396,0.054999999701976776,0.054999999701976776,0.82630050182342529,0.011812297627329826,0,0.34086081385612488,0.13262452185153961,0.0030150024686008692,14.80000114440918,GroundwaterDischarge|GreenGrowth|DryStandingBiomass|DryingWindow|DustFront|DepositionZone,Read:ReadFlows:12|Transform:ConsumeBiomass:0.0549999997|Absorb:CondenseAtmosphericWater:0.00379156088|Transform:ConsumeBiomass:0.0113746822
1,190,SecureWater,GroundwaterDischarge,319,124,319,124,0,72,1,1,0.0039196102879941463,0.0039196102879941463,0.054999999701976776,0.054999999701976776,0.84063875675201416,0.011701453477144241,0,0.5457494854927063,0.15159568190574646,0.0030150024686008692,14.80000114440918,GroundwaterDischarge|GreenGrowth|DryStandingBiomass|DryingWindow|DustFront|DepositionZone,Read:ReadFlows:12|Transform:ConsumeBiomass:0.0549999997|Absorb:CondenseAtmosphericWater:0.0038087666|Transform:ConsumeBiomass:0.0114262998|Absorb:HarvestLiveBiomass:0.162789002|Absorb:HarvestDryBiomass:0.108525991|Transform:CureFreshBiomass:0.162789002
1,191,SecureWater,GroundwaterDischarge,319,124,319,124,0,72,1,1,0.0034442390315234661,0.0034442390315234661,0.054999999701976776,0.054999999701976776,0.85499262809753418,0.012046052142977715,0,0.4793829619884491,0,0.0030150024686008692,14.80000114440918,GroundwaterDischarge|GreenGrowth|DryStandingBiomass|DryingWindow|DustFront|DepositionZone,Read:ReadFlows:12|Transform:ConsumeBiomass:0.0549999997|Absorb:CondenseAtmosphericWater:0.0037888384|Transform:ConsumeBiomass:0.0113665154|Return:ReturnOrganicMatter:0.17055966
1,192,SecureWater,GroundwaterDischarge,319,124,319,124,0,72,1,1,0.003565395949408412,0.003565395949408412,0.054999999701976776,0.054999999701976776,0.86935609579086304,0.012279690243303776,0,0.41298586130142212,0.018967652693390846,0.0030150024686008692,14.80000114440918,GroundwaterDischarge|GreenGrowth|DryStandingBiomass|DryingWindow|DustFront|DepositionZone,Read:ReadFlows:12|Transform:ConsumeBiomass:0.0549999997|Absorb:CondenseAtmosphericWater:0.00379903452|Transform:ConsumeBiomass:0.0113971038
1,193,SecureWater,GroundwaterDischarge,319,124,319,124,0,72,1,1,0.0037224951665848494,0.0037224951665848494,0.054999999701976776,0.054999999701976776,0.88372284173965454,0.012366133742034435,0,0.34655904769897461,0.037938870489597321,0.0030150024686008692,14.80000114440918,GroundwaterDischarge|GreenGrowth|DryStandingBiomass|DryingWindow|DustFront|DepositionZone,Read:ReadFlows:12|Transform:ConsumeBiomass:0.0549999997|Absorb:CondenseAtmosphericWater:0.00380893867|Transform:ConsumeBiomass:0.0114268158
1,194,SecureWater,GroundwaterDischarge,319,124,319,124,0,72,1,1,0.0039039191324263811,0.0039039191324263811,0.054999999701976776,0.054999999701976776,0.89808553457260132,0.012280745431780815,0,0.56175887584686279,0.05691353976726532,0.0030150024686008692,14.80000114440918,GroundwaterDischarge|GreenGrowth|DryStandingBiomass|DryingWindow|DustFront|DepositionZone,Read:ReadFlows:12|Transform:ConsumeBiomass:0.0549999997|Absorb:CondenseAtmosphericWater:0.00381853012|Transform:ConsumeBiomass:0.0114555899|Absorb:HarvestLiveBiomass:0.16899325|Absorb:HarvestDryBiomass:0.112662159|Transform:CureFreshBiomass:0.16899325
1,195,SecureWater,GroundwaterDischarge,319,124,319,124,0,72,1,1,0.0040961680933833122,0.0040961680933833122,0.054999999701976776,0.054999999701976776,0.91243630647659302,0.012012358754873276,0,0.49527552723884583,0.075891539454460144,0.0030150024686008692,14.80000114440918,GroundwaterDischarge|GreenGrowth|DryStandingBiomass|DryingWindow|DustFront|DepositionZone,Read:ReadFlows:12|Transform:ConsumeBiomass:0.0549999997|Absorb:CondenseAtmosphericWater:0.00382778188|Transform:ConsumeBiomass:0.0114833452
1,196,SecureWater,GroundwaterDischarge,319,124,319,124,0,72,1,1,0.0042281453497707844,0.0042281453497707844,0.054999999701976776,0.054999999701976776,0.9267699122428894,0.011696337722241879,0,0.42853915691375732,0.09489990770816803,0.0030150024686008692,14.80000114440918,GroundwaterDischarge|GreenGrowth|DryStandingBiomass|DryingWindow,Read:ReadFlows:12|Transform:ConsumeBiomass:0.0549999997|Absorb:CondenseAtmosphericWater:0.00391212432|Transform:ConsumeBiomass:0.0117363725
1,197,SecureWater,SurfaceWater,319,124,319,124,0,72,1,1,0.0046240286901593208,0.0046240286901593208,0.054999999701976776,0.054999999701976776,0.94107300043106079,0.028229653835296631,0,0.37353914976119995,0.1124999076128006,0.0030150024686008692,14.80000114440918,SurfaceWater|RainFront|GroundwaterDischarge|GreenGrowth|DryStandingBiomass|DryingWindow|DepositionZone|ErosionFlow,Read:ReadFlows:12|Transform:ConsumeBiomass:0.0549999997|Absorb:WithdrawSurfaceWater:0.0211573448
1,198,ReturnMinerals,DepositionZone,319,124,319,128,4,12,1,1,0.0059516038745641708,0.0059516038745641708,0.072999998927116394,0.072999998927116394,0.95571702718734741,0.026224911212921143,0,0.58072763681411743,0.13728077709674835,0.00051500252448022366,14.80000114440918,SurfaceWater|GroundwaterDischarge|GreenGrowth|DryStandingBiomass|DryingWindow|DustFront|DepositionZone|ErosionFlow,Read:ReadFlows:12|Migrate:Move:4|Migrate:CompactTrail:0.00480000023|Transform:ConsumeBiomass:0.0729999989|Absorb:CondenseAtmosphericWater:0.00394686032|Transform:ConsumeBiomass:0.011840581|Absorb:HarvestLiveBiomass:0.17521745|Absorb:HarvestDryBiomass:0.116811633|Transform:CureFreshBiomass:0.17521745|Return:ReturnSediment:0.00249999994
1,199,SecureWater,SurfaceWater,319,128,319,124,4,12,1,1,0.0061275232583284378,0.0061275232583284378,0.072999998927116394,0.072999998927116394,0.97057837247848511,0.041676659137010574,0,0.50772762298583984,0,0.00051500252448022366,14.80000114440918,SurfaceWater|GroundwaterDischarge|GreenGrowth|DryStandingBiomass|DryingWindow|DustFront|DepositionZone|ErosionFlow,Read:ReadFlows:12|Migrate:Move:4|Migrate:CompactTrail:0.00480000023|Transform:ConsumeBiomass:0.0729999989|Absorb:WithdrawSurfaceWater:0.0215792712|Return:ReturnOrganicMatter:0.160640776
1,200,ReturnMinerals,DepositionZone,319,124,315,124,4,12,1,1,0.0061049042269587517,0.0061049042269587517,0.072999998927116394,0.072999998927116394,0.98550993204116821,0.035571753978729248,0,0.43472760915756226,0.023359999060630798,0,14.80000114440918,SurfaceWater|GroundwaterDischarge|GreenGrowth|DryStandingBiomass|DryingWindow|DustFront|DepositionZone|ErosionFlow,Read:ReadFlows:12|Migrate:Move:4|Migrate:CompactTrail:0.00480000023|Transform:ConsumeBiomass:0.0729999989|Return:ReturnSediment:0.000515002524
1,201,GatherBiomass,GreenGrowth,315,124,313,125,2.2360680103302002,12,1,1,0.0055732671171426773,0.0055732671171426773,0.065062306821346283,0.065062306821346283,1,0.029998486861586571,0,0.66966533660888672,0.044179938733577728,4.5000004320172593E-05,14.80000114440918,SurfaceWater|GroundwaterDischarge|GreenGrowth|DryStandingBiomass|DryingWindow|DustFront|DepositionZone|ErosionFlow,Read:ReadFlows:12|Migrate:Move:2.23606801|Migrate:CompactTrail:0.00360000017|Transform:ConsumeBiomass:0.0650623068|Absorb:HarvestLiveBiomass:0.180000007|Absorb:HarvestDryBiomass:0.119999997|Absorb:CaptureDust:0.0450000018|Transform:CureFreshBiomass:0.180000007
1,202,ReturnMinerals,DepositionZone,313,125,309,126,4.123105525970459,12,1,1,0.0059598023071885109,0.0059598023071885109,0.073553971946239471,0.073553971946239471,1,0.028038684278726578,0,0.58411133289337158,0.069157212972640991,0,14.80000114440918,SurfaceWater|GroundwaterDischarge|GreenGrowth|DryStandingBiomass|DryingWindow|DustFront|DepositionZone|ErosionFlow,Read:ReadFlows:12|Migrate:Move:4.12310553|Migrate:CompactTrail:0.00600000005|Transform:ConsumeBiomass:0.0735539719|Absorb:CondenseAtmosphericWater:0.00400000019|Transform:ConsumeBiomass:0.0120000001|Absorb:CaptureDust:0.0450000018|Return:ReturnSediment:9.00000086E-05
1,203,FollowGrowthFront,GreenGrowth,309,126,311,127,2.2360680103302002,12,1,1,0.0053305276669561863,0.0053305276669561863,0.065062306821346283,0.065062306821346283,1,0.026708157733082771,0.1738801896572113,0.6270490288734436,0.097536981105804443,4.5000004320172593E-05,14.80000114440918,SurfaceWater|GroundwaterDischarge|GreenGrowth|DryStandingBiomass|DryingWindow|DustFront|DepositionZone|ErosionFlow,Read:ReadFlows:12|Migrate:Move:2.23606801|Migrate:CompactTrail:0.00360000017|Transform:ConsumeBiomass:0.0650623068|Absorb:CondenseAtmosphericWater:0.00400000019|Transform:ConsumeBiomass:0.0120000001|Absorb:HarvestLiveBiomass:0.180000007|Absorb:HarvestDryBiomass:0.119999997|Absorb:CaptureDust:0.0450000018|Transform:SpoilFreshBiomass:0.00611982401
1,204,SecureWater,SurfaceWater,311,127,315,126,4.123105525970459,12,1,1,0.005691873375326395,0.005691873375326395,0.073553971946239471,0.073553971946239471,1,0.025016285479068756,0,0.71537518501281738,0.12251425534486771,9.0000008640345186E-05,14.80000114440918,SurfaceWater|GroundwaterDischarge|GreenGrowth|DryStandingBiomass|DryingWindow|DustFront|DepositionZone|ErosionFlow,Read:ReadFlows:12|Migrate:Move:4.12310553|Migrate:CompactTrail:0.00600000005|Transform:ConsumeBiomass:0.0735539719|Absorb:CondenseAtmosphericWater:0.00400000019|Transform:ConsumeBiomass:0.0120000001|Absorb:CaptureDust:0.0450000018|Transform:CureFreshBiomass:0.17388019
1,205,SecureWater,SurfaceWater,315,126,319,124,4.4721360206604004,14,1,1,0.0056787868961691856,0.0056787868961691856,0.075124606490135193,0.075124606490135193,1,0.041337497532367706,0,0.640250563621521,0.1465541273355484,9.0000008640345186E-05,14.80000114440918,SurfaceWater|GroundwaterDischarge|GreenGrowth|DryStandingBiomass|DryingWindow|DustFront|DepositionZone|ErosionFlow,Read:ReadFlows:12|Migrate:Move:4.47213602|Migrate:CompactTrail:0.00480000023|Transform:ConsumeBiomass:0.0751246065|Absorb:WithdrawSurfaceWater:0.0219999999
1,206,ReturnMinerals,DepositionZone,319,124,315,124,4,12,1,1,0.0048698554746806622,0.0048698554746806622,0.072999998927116394,0.072999998927116394,1,0.036467641592025757,0,0.56725054979324341,0,0,14.80000114440918,SurfaceWater|GroundwaterDischarge|GreenGrowth|DryStandingBiomass|DryingWindow|DustFront|DepositionZone|ErosionFlow,Read:ReadFlows:12|Migrate:Move:4|Migrate:CompactTrail:0.00480000023|Transform:ConsumeBiomass:0.0729999989|Return:ReturnOrganicMatter:0.169914126|Return:ReturnSediment:9.00000086E-05
1,207,FollowGrowthFront,GreenGrowth,315,124,312,125,3.1622776985168457,12,1,1,0.0049654166214168072,0.0049654166214168072,0.069230251014232635,0.069230251014232635,1,0.031502224504947662,0,0.79802030324935913,0.02215367928147316,0,14.80000114440918,SurfaceWater|GroundwaterDischarge|GreenGrowth|DryStandingBiomass|DryingWindow|DustFront|DepositionZone|ErosionFlow,Read:ReadFlows:12|Migrate:Move:3.1622777|Migrate:CompactTrail:0.00359999994|Transform:ConsumeBiomass:0.069230251|Absorb:HarvestLiveBiomass:0.180000007|Absorb:HarvestDryBiomass:0.119999997|Transform:CureFreshBiomass:0.180000007
1,208,FollowGrowthFront,GreenGrowth,312,125,312,125,0,12,1,1,0.0040166391991078854,0.0040166391991078854,0.054999999701976776,0.054999999701976776,1,0.02748558484017849,0,1.0430202484130859,0.039753679186105728,0,14.80000114440918,SurfaceWater|GroundwaterDischarge|GreenGrowth|DryStandingBiomass|DryingWindow|DustFront|DepositionZone|ErosionFlow,Read:ReadFlows:12|Transform:ConsumeBiomass:0.0549999997|Absorb:HarvestLiveBiomass:0.180000007|Absorb:HarvestDryBiomass:0.119999997|Transform:CureFreshBiomass:0.180000007
1,209,FollowGrowthFront,GreenGrowth,312,125,312,126,1,12,1,1,0.0040456424467265606,0.0040456424467265606,0.05950000137090683,0.05950000137090683,1,0.027269385755062103,0,1.2720320224761963,0.060172278434038162,0,14.80000114440918,SurfaceWater|GroundwaterDischarge|GreenGrowth|DryStandingBiomass|DryingWindow|DustFront|DepositionZone|ErosionFlow,Read:ReadFlows:12|Migrate:Move:1|Migrate:CompactTrail:0.00120000006|Transform:ConsumeBiomass:0.0595000014|Absorb:CondenseAtmosphericWater:0.00382944453|Transform:ConsumeBiomass:0.0114883333|Absorb:HarvestLiveBiomass:0.180000007|Absorb:HarvestDryBiomass:0.119999997|Transform:CureFreshBiomass:0.180000007
1,210,FollowGrowthFront,GreenGrowth,312,126,312,126,0,12,1,1,0.0036828366573899984,0.0036828366573899984,0.054999999701976776,0.054999999701976776,1,0.027399567887187004,0,1.5055930614471436,0.079144962131977081,0,14.80000114440918,SurfaceWater|GroundwaterDischarge|GreenGrowth|DryStandingBiomass|DryingWindow|DustFront|DepositionZone|ErosionFlow,Read:ReadFlows:12|Transform:ConsumeBiomass:0.0549999997|Absorb:CondenseAtmosphericWater:0.00381301902|Transform:ConsumeBiomass:0.0114390571|Absorb:HarvestLiveBiomass:0.180000007|Absorb:HarvestDryBiomass:0.119999997|Transform:CureFreshBiomass:0.180000007
1,211,FollowGrowthFront,GreenGrowth,312,126,311,122,4.123105525970459,12,1,1,0.0043864184990525246,0.0043864184990525246,0.073553971946239471,0.073553971946239471,1,0.02684059739112854,0,1.7205567359924316,0.10406011343002319,0,14.000000953674316,SurfaceWater|GroundwaterDischarge|GreenGrowth|DryStandingBiomass|DryingWindow|DepositionZone,Read:ReadFlows:12|Migrate:Move:4.12310553|Migrate:CompactTrail:0.00600000005|Transform:ConsumeBiomass:0.0735539719|Absorb:CondenseAtmosphericWater:0.00382744917|Transform:ConsumeBiomass:0.0114823477|Absorb:HarvestLiveBiomass:0.180000007|Absorb:HarvestDryBiomass:0.119999997|Transform:CureFreshBiomass:0.180000007|Transform:UseChitinForRepair:0.800000012
1,212,SecureWater,SurfaceWater,311,122,315,123,4.123105525970459,12,1,1,0.0042246212251484394,0.0042246212251484394,0.073553971946239471,0.073553971946239471,1,0.026426564902067184,0,1.6355710029602051,0.12896920740604401,0,14.000000953674316,SurfaceWater|GroundwaterDischarge|GreenGrowth|DryStandingBiomass|DryingWindow|DustFront|DepositionZone,Read:ReadFlows:12|Migrate:Move:4.12310553|Migrate:CompactTrail:0.00600000005|Transform:ConsumeBiomass:0.0735539719|Absorb:CondenseAtmosphericWater:0.00381058897|Transform:ConsumeBiomass:0.0114317667
1,213,SecureWater,SurfaceWater,315,123,319,124,4.123105525970459,14,1,1,0.004266668576747179,0.004266668576747179,0.073553971946239471,0.073553971946239471,1,0.044159896671772003,0,1.5620170831680298,0.15250647068023682,0,14.000000953674316,SurfaceWater|GroundwaterDischarge|GreenGrowth|DryStandingBiomass|DryingWindow|DustFront|DepositionZone,Read:ReadFlows:12|Migrate:Move:4.12310553|Migrate:CompactTrail:0.00600000052|Transform:ConsumeBiomass:0.0735539719|Absorb:WithdrawSurfaceWater:0.0219999999
1,214,FollowGrowthFront,GreenGrowth,319,124,319,120,4,12,1,1,0.0043334774672985077,0.0043334774672985077,0.072999998927116394,0.072999998927116394,1,0.039826419204473495,0,1.7890172004699707,0,0,14.000000953674316,SurfaceWater|GroundwaterDischarge|GreenGrowth|DryStandingBiomass|DryingWindow|DustFront|DepositionZone,Read:ReadFlows:12|Migrate:Move:4|Migrate:CompactTrail:0.00480000023|Transform:ConsumeBiomass:0.0729999989|Absorb:HarvestLiveBiomass:0.180000007|Absorb:HarvestDryBiomass:0.119999997|Transform:CureFreshBiomass:0.180000007|Return:ReturnOrganicMatter:0.17586647
1,215,FollowGrowthFront,GreenGrowth,319,120,319,119,1,12,1,1,0.0036695152521133423,0.0036695152521133423,0.05950000137090683,0.05950000137090683,1,0.036156903952360153,0,2.0295171737670898,0.019039999693632126,0,14.000000953674316,SurfaceWater|GroundwaterDischarge|GreenGrowth|DryStandingBiomass|DryingWindow|DustFront|DepositionZone,Read:ReadFlows:12|Migrate:Move:1|Migrate:CompactTrail:0.00120000006|Transform:ConsumeBiomass:0.0595000014|Absorb:HarvestLiveBiomass:0.180000007|Absorb:HarvestDryBiomass:0.119999997|Transform:CureFreshBiomass:0.180000007
1,216,FollowGrowthFront,GreenGrowth,319,119,319,119,0,12,1,1,0.0034261692781001329,0.0034261692781001329,0.054999999701976776,0.054999999701976776,1,0.032730735838413239,0,2.274517297744751,0.036639999598264694,0,14.000000953674316,SurfaceWater|GroundwaterDischarge|GreenGrowth|DryStandingBiomass|DryingWindow|DustFront|DepositionZone,Read:ReadFlows:12|Transform:ConsumeBiomass:0.0549999997|Absorb:HarvestLiveBiomass:0.180000007|Absorb:HarvestDryBiomass:0.119999997|Transform:CureFreshBiomass:0.180000007
1,217,FollowGrowthFront,GreenGrowth,319,119,319,120,1,12,1,1,0.003599999938160181,0.003599999938160181,0.05950000137090683,0.05950000137090683,1,0.029130736365914345,0,2.5150172710418701,0.05567999929189682,4.5000004320172593E-05,14.000000953674316,SurfaceWater|GroundwaterDischarge|GreenGrowth|DryStandingBiomass|DryingWindow|DustFront|DepositionZone,Read:ReadFlows:12|Migrate:Move:1|Migrate:CompactTrail:0.00120000006|Transform:ConsumeBiomass:0.0595000014|Absorb:HarvestLiveBiomass:0.180000007|Absorb:HarvestDryBiomass:0.119999997|Absorb:CaptureDust:0.0450000018|Transform:CureFreshBiomass:0.180000007
1,218,ReturnMinerals,DepositionZone,319,120,315,120,4,12,1,1,0.0042022191919386387,0.0042022191919386387,0.072999998927116394,0.072999998927116394,1,0.028928518295288086,0,2.4300172328948975,0.080480001866817474,0,14.000000953674316,SurfaceWater|GroundwaterDischarge|GreenGrowth|DryStandingBiomass|DryingWindow|DustFront|DepositionZone,Read:ReadFlows:12|Migrate:Move:4|Migrate:CompactTrail:0.00480000023|Transform:ConsumeBiomass:0.0729999989|Absorb:CondenseAtmosphericWater:0.00400000019|Transform:ConsumeBiomass:0.0120000001|Absorb:CaptureDust:0.0450000018|Return:ReturnSediment:9.00000086E-05
1,219,FollowGrowthFront,GreenGrowth,315,120,316,121,1.4142135381698608,12,1,1,0.0036828427109867334,0.0036828427109867334,0.061363961547613144,0.061363961547613144,1,0.029245676472783089,0,2.3566532135009766,0.10155647248029709,4.5000004320172593E-05,14.000000953674316,SurfaceWater|RainFront|GroundwaterDischarge|GreenGrowth|DryStandingBiomass|DryingWindow|DustFront|DepositionZone|ErosionFlow,Read:ReadFlows:12|Migrate:Move:1.41421354|Migrate:CompactTrail:0.00240000011|Transform:ConsumeBiomass:0.0613639615|Absorb:CondenseAtmosphericWater:0.00400000019|Transform:ConsumeBiomass:0.0120000001|Absorb:CaptureDust:0.0450000018
1,220,ReturnMinerals,DepositionZone,316,121,312,122,4.123105525970459,12,1,1,0.0042246212251484394,0.0042246212251484394,0.073553971946239471,0.073553971946239471,1,0.029021056368947029,0,2.2710990905761719,0.12653374671936035,0,14.000000953674316,SurfaceWater|RainFront|GroundwaterDischarge|GreenGrowth|DryStandingBiomass|DryingWindow|DustFront|DepositionZone|ErosionFlow,Read:ReadFlows:12|Migrate:Move:4.12310553|Migrate:CompactTrail:0.00600000052|Transform:ConsumeBiomass:0.0735539719|Absorb:CondenseAtmosphericWater:0.00400000019|Transform:ConsumeBiomass:0.0120000001|Absorb:CaptureDust:0.0450000018|Return:ReturnSediment:9.00000086E-05
1,221,FollowGrowthFront,GreenGrowth,312,122,313,125,3.1622776985168457,12,1,1,0.0040324553847312927,0.0040324553847312927,0.069230251014232635,0.069230251014232635,1,0.028988601639866829,0,2.4898686408996582,0.15012742578983307,0,14.000000953674316,SurfaceWater|RainFront|GroundwaterDischarge|GreenGrowth|DryStandingBiomass|DryingWindow|DustFront|DepositionZone|ErosionFlow,Read:ReadFlows:12|Migrate:Move:3.1622777|Migrate:CompactTrail:0.00480000023|Transform:ConsumeBiomass:0.069230251|Absorb:CondenseAtmosphericWater:0.00400000019|Transform:ConsumeBiomass:0.0120000001|Absorb:HarvestLiveBiomass:0.180000007|Absorb:HarvestDryBiomass:0.119999997|Transform:CureFreshBiomass:0.180000007
1,222,FollowGrowthFront,GreenGrowth,313,125,313,125,0,12,1,1,0.0034000000450760126,0.0034000000450760126,0.054999999701976776,0.054999999701976776,1,0.029297050088644028,0,2.4237432479858398,0,0,14.000000953674316,SurfaceWater|RainFront|GroundwaterDischarge|GreenGrowth|DryStandingBiomass|DryingWindow|DustFront|DepositionZone|ErosionFlow,Read:ReadFlows:12|Transform:ConsumeBiomass:0.0549999997|Absorb:CondenseAtmosphericWater:0.00370844733|Transform:ConsumeBiomass:0.011125342|Return:ReturnOrganicMatter:0.169062465
1,223,FollowGrowthFront,GreenGrowth,313,125,313,125,0,12,1,1,0.0034000000450760126,0.0034000000450760126,0.054999999701976776,0.054999999701976776,1,0.029557785019278526,0,2.3577609062194824,0.018917864188551903,0,14.000000953674316,SurfaceWater|RainFront|GroundwaterDischarge|GreenGrowth|DryStandingBiomass|DryingWindow|DustFront|DepositionZone|ErosionFlow,Read:ReadFlows:12|Transform:ConsumeBiomass:0.0549999997|Absorb:CondenseAtmosphericWater:0.00366073451|Transform:ConsumeBiomass:0.0109822033
1,224,FollowGrowthFront,GreenGrowth,313,125,312,125,1,12,1,1,0.003599999938160181,0.003599999938160181,0.05950000137090683,0.05950000137090683,1,0.029614631086587906,0,2.2872903347015381,0.039274327456951141,0,14.000000953674316,SurfaceWater|RainFront|GroundwaterDischarge|GreenGrowth|DryStandingBiomass|DryingWindow|DustFront|DepositionZone|ErosionFlow,Read:ReadFlows:12|Migrate:Move:1|Migrate:CompactTrail:0.00120000029|Transform:ConsumeBiomass:0.0595000014|Absorb:CondenseAtmosphericWater:0.00365684577|Transform:ConsumeBiomass:0.0109705376
1,225,FollowGrowthFront,GreenGrowth,312,125,312,126,1,12,1,1,0.003599999938160181,0.003599999938160181,0.05950000137090683,0.05950000137090683,1,0.02965935692191124,0,2.5168561935424805,0.059626426547765732,0,14.000000953674316,SurfaceWater|RainFront|GroundwaterDischarge|GreenGrowth|DryStandingBiomass|DryingWindow|DustFront|DepositionZone|ErosionFlow,Read:ReadFlows:12|Migrate:Move:1|Migrate:CompactTrail:0.00120000006|Transform:ConsumeBiomass:0.0595000014|Absorb:CondenseAtmosphericWater:0.00364472507|Transform:ConsumeBiomass:0.010934175|Absorb:HarvestLiveBiomass:0.180000007|Absorb:HarvestDryBiomass:0.119999997|Transform:CureFreshBiomass:0.180000007
1,226,FollowGrowthFront,GreenGrowth,312,126,312,122,4,12,1,1,0.00419999985024333,0.00419999985024333,0.072999998927116394,0.072999998927116394,1,0.029125746339559555,0,2.4328570365905762,0.084306329488754272,0,14.000000953674316,SurfaceWater|RainFront|GroundwaterDischarge|GreenGrowth|DryStandingBiomass|DryingWindow|DustFront|DepositionZone,Read:ReadFlows:12|Migrate:Move:4|Migrate:CompactTrail:0.00480000023|Transform:ConsumeBiomass:0.0729999989|Absorb:CondenseAtmosphericWater:0.00366639043|Transform:ConsumeBiomass:0.0109991711
1,227,FollowGrowthFront,GreenGrowth,312,122,313,120,2.2360680103302002,12,1,1,0.0038472136948257685,0.0038472136948257685,0.065062306821346283,0.065062306821346283,1,0.029122451320290565,0,2.3562629222869873,0.10651008039712906,0,14.000000953674316,SurfaceWater|RainFront|GroundwaterDischarge|GreenGrowth|DryStandingBiomass|DryingWindow|DustFront|DepositionZone,Read:ReadFlows:12|Migrate:Move:2.23606801|Migrate:CompactTrail:0.00360000017|Transform:ConsumeBiomass:0.0650623068|Absorb:CondenseAtmosphericWater:0.00384391891|Transform:ConsumeBiomass:0.0115317572
1,228,FollowGrowthFront,GreenGrowth,313,120,315,119,2.2360680103302002,12,1,1,0.0038472136948257685,0.0038472136948257685,0.065062306821346283,0.065062306821346283,1,0.029275238513946533,0,2.279200553894043,0.12877002358436584,0,14.000000953674316,SurfaceWater|RainFront|GroundwaterDischarge|GreenGrowth|DryStandingBiomass|DryingWindow|DustFront|DepositionZone,Read:ReadFlows:12|Migrate:Move:2.23606801|Migrate:CompactTrail:0.00360000017|Transform:ConsumeBiomass:0.0650623068|Absorb:CondenseAtmosphericWater:0.00400000019|Transform:ConsumeBiomass:0.0120000001
1,229,FollowGrowthFront,GreenGrowth,315,119,317,118,2.2360680103302002,12,1,1,0.0038472136948257685,0.0038472136948257685,0.065062306821346283,0.065062306821346283,1,0.029428025707602501,0,2.5021381378173828,0.15102995932102203,0,14.000000953674316,SurfaceWater|RainFront|GroundwaterDischarge|GreenGrowth|DryStandingBiomass|DryingWindow|DustFront|DepositionZone,Read:ReadFlows:12|Migrate:Move:2.23606801|Migrate:CompactTrail:0.00360000017|Transform:ConsumeBiomass:0.0650623068|Absorb:CondenseAtmosphericWater:0.00400000019|Transform:ConsumeBiomass:0.0120000001|Absorb:HarvestLiveBiomass:0.180000007|Absorb:HarvestDryBiomass:0.119999997|Transform:CureFreshBiomass:0.180000007
1,230,FollowGrowthFront,GreenGrowth,317,118,319,117,2.2360680103302002,12,1,1,0.0038472136948257685,0.0038472136948257685,0.065062306821346283,0.065062306821346283,1,0.029580812901258469,0,2.4250757694244385,0,4.5000004320172593E-05,14.000000953674316,SurfaceWater|RainFront|GroundwaterDischarge|GreenGrowth|DryStandingBiomass|DryingWindow|DustFront|DepositionZone|ErosionFlow,Read:ReadFlows:12|Migrate:Move:2.23606801|Migrate:CompactTrail:0.00360000017|Transform:ConsumeBiomass:0.0650623068|Absorb:CondenseAtmosphericWater:0.00400000019|Transform:ConsumeBiomass:0.0120000001|Absorb:CaptureDust:0.0450000018|Return:ReturnOrganicMatter:0.173289895
1,231,ReturnMinerals,DepositionZone,319,117,315,118,4.123105525970459,12,1,1,0.0042246212251484394,0.0042246212251484394,0.073553971946239471,0.073553971946239471,1,0.029356192797422409,0,2.3395216464996338,0.024977270513772964,0,14.000000953674316,SurfaceWater|RainFront|GroundwaterDischarge|GreenGrowth|DryStandingBiomass|DryingWindow|DustFront|DepositionZone|ErosionFlow,Read:ReadFlows:12|Migrate:Move:4.12310553|Migrate:CompactTrail:0.00600000005|Transform:ConsumeBiomass:0.0735539719|Absorb:CondenseAtmosphericWater:0.00400000019|Transform:ConsumeBiomass:0.0120000001|Absorb:CaptureDust:0.0450000018|Return:ReturnSediment:9.00000086E-05
1,232,FollowGrowthFront,GreenGrowth,315,118,318,116,3.6055512428283691,12,1,1,0.0041211103089153767,0.0041211103089153767,0.071224980056285858,0.071224980056285858,1,0.029235083609819412,0,2.2562966346740723,0.049209263175725937,4.5000004320172593E-05,14.000000953674316,SurfaceWater|RainFront|GroundwaterDischarge|GreenGrowth|DryStandingBiomass|DryingWindow|DustFront|DepositionZone|ErosionFlow,Read:ReadFlows:12|Migrate:Move:3.60555124|Migrate:CompactTrail:0.00480000023|Transform:ConsumeBiomass:0.0712249801|Absorb:CondenseAtmosphericWater:0.00400000019|Transform:ConsumeBiomass:0.0120000001|Absorb:CaptureDust:0.0450000018
1,233,ReturnMinerals,DepositionZone,318,116,314,117,4.123105525970459,12,1,1,0.0042246212251484394,0.0042246212251484394,0.073553971946239471,0.073553971946239471,1,0.029010463505983353,0,2.1707425117492676,0.074186533689498901,0,14.000000953674316,SurfaceWater|RainFront|GroundwaterDischarge|GreenGrowth|DryStandingBiomass|DryingWindow|DustFront|DepositionZone|ErosionFlow,Read:ReadFlows:12|Migrate:Move:4.12310553|Migrate:CompactTrail:0.00600000005|Transform:ConsumeBiomass:0.0735539719|Absorb:CondenseAtmosphericWater:0.00400000019|Transform:ConsumeBiomass:0.0120000001|Absorb:CaptureDust:0.0450000018|Return:ReturnSediment:9.00000086E-05
1,234,FollowGrowthFront,GreenGrowth,314,117,318,116,4.123105525970459,12,1,1,0.0042246212251484394,0.0042246212251484394,0.073553971946239471,0.073553971946239471,1,0.028785843402147293,0,2.3851883411407471,0.099163807928562164,0,14.000000953674316,SurfaceWater|RainFront|GroundwaterDischarge|GreenGrowth|DryStandingBiomass|DryingWindow|DustFront|DepositionZone|ErosionFlow,Read:ReadFlows:12|Migrate:Move:4.12310553|Migrate:CompactTrail:0.00600000052|Transform:ConsumeBiomass:0.0735539719|Absorb:CondenseAtmosphericWater:0.00400000019|Transform:ConsumeBiomass:0.0120000001|Absorb:HarvestLiveBiomass:0.180000007|Absorb:HarvestDryBiomass:0.119999997|Transform:CureFreshBiomass:0.180000007
1,235,FollowGrowthFront,GreenGrowth,318,116,319,115,1.4142135381698608,12,1,1,0.0036828427109867334,0.0036828427109867334,0.061363961547613144,0.061363961547613144,1,0.028558764606714249,0,2.3134570121765137,0.12004435062408447,0,14.000000953674316,SurfaceWater|RainFront|GroundwaterDischarge|GreenGrowth|DryStandingBiomass|DryingWindow|DustFront|DepositionZone|ErosionFlow,Read:ReadFlows:12|Migrate:Move:1.41421354|Migrate:CompactTrail:0.00240000011|Transform:ConsumeBiomass:0.0613639615|Absorb:CondenseAtmosphericWater:0.00345576345|Transform:ConsumeBiomass:0.0103672901
1,236,FollowGrowthFront,GreenGrowth,319,115,319,114,1,12,1,1,0.003599999938160181,0.003599999938160181,0.05950000137090683,0.05950000137090683,1,0.028386758640408516,0,2.2436730861663818,0.14031843841075897,0,14.000000953674316,SurfaceWater|RainFront|GroundwaterDischarge|GreenGrowth|DryStandingBiomass|DryingWindow|DustFront|DepositionZone|ErosionFlow,Read:ReadFlows:12|Migrate:Move:1|Migrate:CompactTrail:0.00120000006|Transform:ConsumeBiomass:0.0595000014|Absorb:CondenseAtmosphericWater:0.00342799351|Transform:ConsumeBiomass:0.0102839805
1,237,FollowGrowthFront,GreenGrowth,319,114,319,114,0,12,1,1,0.0034000000450760126,0.0034000000450760126,0.054999999701976776,0.054999999701976776,1,0.028403248637914658,0,2.4784235954284668,0.15914838016033173,0,14.000000953674316,SurfaceWater|RainFront|GroundwaterDischarge|GreenGrowth|DryStandingBiomass|DryingWindow|DustFront|DepositionZone|ErosionFlow,Read:ReadFlows:12|Transform:ConsumeBiomass:0.0549999997|Absorb:CondenseAtmosphericWater:0.00341648888|Transform:ConsumeBiomass:0.0102494666|Absorb:HarvestLiveBiomass:0.180000007|Absorb:HarvestDryBiomass:0.119999997|Transform:CureFreshBiomass:0.180000007
1,238,FollowGrowthFront,GreenGrowth,319,114,319,114,0,12,1,1,0.0034000000450760126,0.0034000000450760126,0.054999999701976776,0.054999999701976776,1,0.028408309444785118,0,2.4132082462310791,0,0,14.000000953674316,SurfaceWater|GroundwaterDischarge|GreenGrowth|DryStandingBiomass|DryingWindow|DustFront|DepositionZone|ErosionFlow,Read:ReadFlows:12|Transform:ConsumeBiomass:0.0549999997|Absorb:CondenseAtmosphericWater:0.00340505992|Transform:ConsumeBiomass:0.01021518|Return:ReturnOrganicMatter:0.177974194
1,239,FollowGrowthFront,GreenGrowth,319,114,319,114,0,12,1,1,0.0034000000450760126,0.0034000000450760126,0.054999999701976776,0.054999999701976776,1,0.028421172872185707,0,2.3479695320129395,0.018828630447387695,0,14.000000953674316,SurfaceWater|GroundwaterDischarge|GreenGrowth|DryStandingBiomass|DryingWindow|DustFront|DepositionZone|ErosionFlow,Read:ReadFlows:12|Transform:ConsumeBiomass:0.0549999997|Absorb:CondenseAtmosphericWater:0.00341286301|Transform:ConsumeBiomass:0.0102385888
1,240,FollowGrowthFront,GreenGrowth,319,114,319,115,1,12,1,1,0.003599999938160181,0.003599999938160181,0.05950000137090683,0.05950000137090683,1,0.028261870145797729,0,2.2781474590301514,0.039107281714677811,0,14.000000953674316,SurfaceWater|RainFront|GroundwaterDischarge|GreenGrowth|DryStandingBiomass|DryingWindow|DustFront|DepositionZone|ErosionFlow,Read:ReadFlows:12|Migrate:Move:1|Migrate:CompactTrail:0.00120000006|Transform:ConsumeBiomass:0.0595000014|Absorb:CondenseAtmosphericWater:0.00344069581|Transform:ConsumeBiomass:0.0103220874
1,241,FollowGrowthFront,GreenGrowth,319,115,319,114,1,12,1,1,0.003599999938160181,0.003599999938160181,0.05950000137090683,0.05950000137090683,1,0.028279712423682213,0,2.5077939033508301,0.059449706226587296,0,13.200000762939453,SurfaceWater|RainFront|GroundwaterDischarge|GreenGrowth|DryStandingBiomass|DryingWindow|DustFront|DepositionZone,Read:ReadFlows:12|Migrate:Move:1|Migrate:CompactTrail:0.00119999994|Transform:ConsumeBiomass:0.0595000014|Absorb:CondenseAtmosphericWater:0.00361784245|Transform:ConsumeBiomass:0.0108535271|Absorb:HarvestLiveBiomass:0.180000007|Absorb:HarvestDryBiomass:0.119999997|Transform:CureFreshBiomass:0.180000007|Transform:UseChitinForRepair:0.800000012
1,242,FollowGrowthFront,GreenGrowth,319,114,319,113,1,12,1,1,0.003599999938160181,0.003599999938160181,0.05950000137090683,0.05950000137090683,1,0.028679713606834412,0,2.4362938404083252,0.079929709434509277,0,13.200000762939453,SurfaceWater|RainFront|GroundwaterDischarge|GreenGrowth|DryStandingBiomass|DryingWindow|DustFront|DepositionZone|ErosionFlow,Read:ReadFlows:12|Migrate:Move:1|Migrate:CompactTrail:0.00120000006|Transform:ConsumeBiomass:0.0595000014|Absorb:CondenseAtmosphericWater:0.00400000019|Transform:ConsumeBiomass:0.0120000001
1,243,FollowGrowthFront,GreenGrowth,319,113,319,112,1,12,1,1,0.003599999938160181,0.003599999938160181,0.05950000137090683,0.05950000137090683,1,0.02907971478998661,0,2.3647937774658203,0.10040971636772156,0,13.200000762939453,SurfaceWater|RainFront|GroundwaterDischarge|GreenGrowth|DryStandingBiomass|DryingWindow|DustFront|DepositionZone|ErosionFlow,Read:ReadFlows:12|Migrate:Move:1|Migrate:CompactTrail:0.00120000006|Transform:ConsumeBiomass:0.0595000014|Absorb:CondenseAtmosphericWater:0.00400000019|Transform:ConsumeBiomass:0.0120000001
1,244,FollowGrowthFront,GreenGrowth,319,112,319,111,1,12,1,1,0.00370798259973526,0.00370798259973526,0.05950000137090683,0.05950000137090683,1,0.029371732845902443,0,2.2932937145233154,0.12088972330093384,4.5000004320172593E-05,13.200000762939453,SurfaceWater|RainFront|GroundwaterDischarge|GreenGrowth|DryStandingBiomass|DryingWindow|DustFront|DepositionZone|ErosionFlow,Read:ReadFlows:12|Migrate:Move:1|Migrate:CompactTrail:0.00120000006|Transform:ConsumeBiomass:0.0595000014|Absorb:CondenseAtmosphericWater:0.00400000019|Transform:ConsumeBiomass:0.0120000001|Absorb:CaptureDust:0.0450000018
1,245,ReturnMinerals,DepositionZone,319,111,316,113,3.6055512428283691,12,1,1,0.0041766427457332611,0.0041766427457332611,0.071224980056285858,0.071224980056285858,1,0.029195090755820274,0,2.2100687026977539,0.14512172341346741,0,13.200000762939453,SurfaceWater|RainFront|GroundwaterDischarge|GreenGrowth|DryStandingBiomass|DryingWindow|DustFront|DepositionZone|ErosionFlow,Read:ReadFlows:12|Migrate:Move:3.60555124|Migrate:CompactTrail:0.00360000017|Transform:ConsumeBiomass:0.0712249801|Absorb:CondenseAtmosphericWater:0.00400000019|Transform:ConsumeBiomass:0.0120000001|Absorb:CaptureDust:0.0450000018|Return:ReturnSediment:9.00000086E-05
1,246,FollowGrowthFront,GreenGrowth,316,113,319,115,3.6055512428283691,12,1,1,0.0041211103089153767,0.0041211103089153767,0.071224980056285858,0.071224980056285858,1,0.029073981568217278,0,2.4268436431884766,0,4.5000004320172593E-05,13.200000762939453,SurfaceWater|RainFront|GroundwaterDischarge|GreenGrowth|DryStandingBiomass|DryingWindow|DustFront|DepositionZone|ErosionFlow,Read:ReadFlows:12|Migrate:Move:3.60555124|Migrate:CompactTrail:0.00360000017|Transform:ConsumeBiomass:0.0712249801|Absorb:CondenseAtmosphericWater:0.00400000019|Transform:ConsumeBiomass:0.0120000001|Absorb:HarvestLiveBiomass:0.180000007|Absorb:HarvestDryBiomass:0.119999997|Absorb:CaptureDust:0.0450000018|Transform:CureFreshBiomass:0.180000007|Return:ReturnOrganicMatter:0.169353724
1,247,ReturnMinerals,DepositionZone,319,115,315,116,4.123105525970459,12,1,1,0.0042246212251484394,0.0042246212251484394,0.073553971946239471,0.073553971946239471,1,0.028849361464381218,0,2.3412895202636719,0.024977270513772964,0,13.200000762939453,SurfaceWater|RainFront|GroundwaterDischarge|GreenGrowth|DryStandingBiomass|DryingWindow|DustFront|DepositionZone|ErosionFlow,Read:ReadFlows:12|Migrate:Move:4.12310553|Migrate:CompactTrail:0.00600000005|Transform:ConsumeBiomass:0.0735539719|Absorb:CondenseAtmosphericWater:0.00400000019|Transform:ConsumeBiomass:0.0120000001|Absorb:CaptureDust:0.0450000018|Return:ReturnSediment:9.00000086E-05
1,248,FollowGrowthFront,GreenGrowth,315,116,319,116,4,12,1,1,0.00419999985024333,0.00419999985024333,0.072999998927116394,0.072999998927116394,1,0.027986824512481689,0,2.2582771778106689,0.049538757652044296,0,13.200000762939453,SurfaceWater|RainFront|GroundwaterDischarge|GreenGrowth|DryStandingBiomass|DryingWindow|DustFront|DepositionZone|ErosionFlow,Read:ReadFlows:12|Migrate:Move:4|Migrate:CompactTrail:0.00480000023|Transform:ConsumeBiomass:0.0729999989|Absorb:CondenseAtmosphericWater:0.00333746313|Transform:ConsumeBiomass:0.0100123892
1,249,FollowGrowthFront,GreenGrowth,319,116,319,115,1,12,1,1,0.003599999938160181,0.003599999938160181,0.05950000137090683,0.05950000137090683,1,0.028386825695633888,0.17532326281070709,2.3067770004272461,0.074695505201816559,0,13.200000762939453,SurfaceWater|RainFront|GroundwaterDischarge|GreenGrowth|DryStandingBiomass|DryingWindow|DustFront|DepositionZone|ErosionFlow,Read:ReadFlows:12|Migrate:Move:1|Migrate:CompactTrail:0.00119999982|Transform:ConsumeBiomass:0.0595000014|Absorb:CondenseAtmosphericWater:0.00400000019|Transform:ConsumeBiomass:0.0120000001|Absorb:HarvestLiveBiomass:0.180000007|Absorb:HarvestDryBiomass:0.119999997|Transform:SpoilFreshBiomass:0.00467674155
1,250,FollowGrowthFront,GreenGrowth,319,115,319,115,0,12,1,1,0.0034000000450760126,0.0034000000450760126,0.054999999701976776,0.054999999701976776,1,0.028266787528991699,0,2.4172604084014893,0.093476288020610809,0,13.200000762939453,SurfaceWater|RainFront|GroundwaterDischarge|GreenGrowth|DryStandingBiomass|DryingWindow|DustFront|DepositionZone|ErosionFlow,Read:ReadFlows:12|Transform:ConsumeBiomass:0.0549999997|Absorb:CondenseAtmosphericWater:0.00327996071|Transform:ConsumeBiomass:0.00983988214|Transform:CureFreshBiomass:0.175323263
1,251,FollowGrowthFront,GreenGrowth,319,115,319,115,0,12,1,1,0.0034000000450760126,0.0034000000450760126,0.054999999701976776,0.054999999701976776,1,0.028126664459705353,0,2.3524806499481201,0.11224984377622604,0,13.200000762939453,SurfaceWater|RainFront|GroundwaterDischarge|GreenGrowth|DryStandingBiomass|DryingWindow|DustFront|DepositionZone|ErosionFlow,Read:ReadFlows:12|Transform:ConsumeBiomass:0.0549999997|Absorb:CondenseAtmosphericWater:0.00325987674|Transform:ConsumeBiomass:0.00977963023
1,252,FollowGrowthFront,GreenGrowth,319,115,319,115,0,12,1,1,0.0034000000450760126,0.0034000000450760126,0.054999999701976776,0.054999999701976776,1,0.027976462617516518,0,2.2877311706542969,0.13101977109909058,0,13.200000762939453,SurfaceWater|RainFront|GroundwaterDischarge|GreenGrowth|DryStandingBiomass|DryingWindow|DustFront|DepositionZone|ErosionFlow,Read:ReadFlows:12|Transform:ConsumeBiomass:0.0549999997|Absorb:CondenseAtmosphericWater:0.00324979774|Transform:ConsumeBiomass:0.00974939298
1,253,FollowGrowthFront,GreenGrowth,319,115,319,115,0,12,1,1,0.0034000000450760126,0.0034000000450760126,0.054999999701976776,0.054999999701976776,1,0.027816301211714745,0,2.4030115604400635,0.14978611469268799,0,13.200000762939453,SurfaceWater|RainFront|GroundwaterDischarge|GreenGrowth|DryStandingBiomass|DryingWindow|DustFront|DepositionZone|ErosionFlow,Read:ReadFlows:12|Transform:ConsumeBiomass:0.0549999997|Absorb:CondenseAtmosphericWater:0.00323983817|Transform:ConsumeBiomass:0.00971951429|Absorb:HarvestLiveBiomass:0.180000007|Transform:CureFreshBiomass:0.180000007
1,254,FollowGrowthFront,GreenGrowth,319,115,319,115,0,12,1,1,0.0034000000450760126,0.0034000000450760126,0.054999999701976776,0.054999999701976776,1,0.027694940567016602,0,2.3381755352020264,0,0,13.200000762939453,SurfaceWater|RainFront|GroundwaterDischarge|GreenGrowth|DryStandingBiomass|DryingWindow|DustFront|DepositionZone|ErosionFlow,Read:ReadFlows:12|Transform:ConsumeBiomass:0.0549999997|Absorb:CondenseAtmosphericWater:0.0032786394|Transform:ConsumeBiomass:0.00983591843|Return:ReturnOrganicMatter:0.168566421
1,255,FollowGrowthFront,GreenGrowth,319,115,319,115,0,12,1,1,0.0034000000450760126,0.0034000000450760126,0.054999999701976776,0.054999999701976776,1,0.027582673355937004,0,2.2733123302459717,0.018783584237098694,0,13.200000762939453,SurfaceWater|RainFront|GroundwaterDischarge|GreenGrowth|DryStandingBiomass|DryingWindow|DustFront|DepositionZone|ErosionFlow,Read:ReadFlows:12|Transform:ConsumeBiomass:0.0549999997|Absorb:CondenseAtmosphericWater:0.00328773214|Transform:ConsumeBiomass:0.00986319594
1,256,FollowGrowthFront,GreenGrowth,319,115,319,116,1,12,1,1,0.003599999938160181,0.003599999938160181,0.05950000137090683,0.05950000137090683,1,0.027533866465091705,0,2.3831589221954346,0.039102014154195786,0,13.200000762939453,SurfaceWater|RainFront|GroundwaterDischarge|GreenGrowth|DryingWindow|DustFront|DepositionZone|ErosionFlow,Read:ReadFlows:12|Migrate:Move:1|Migrate:CompactTrail:0.00119999994|Transform:ConsumeBiomass:0.0595000014|Absorb:CondenseAtmosphericWater:0.00355119281|Transform:ConsumeBiomass:0.0106535787|Absorb:HarvestLiveBiomass:0.180000007|Transform:CureFreshBiomass:0.180000007
1,257,FollowGrowthFront,GreenGrowth,319,116,319,116,0,12,1,1,0.0034000000450760126,0.0034000000450760126,0.054999999701976776,0.054999999701976776,1,0.027968760579824448,0,2.3166542053222656,0.058082576841115952,0,13.200000762939453,SurfaceWater|RainFront|GroundwaterDischarge|GreenGrowth|DryingWindow|DustFront|DepositionZone|ErosionFlow,Read:ReadFlows:12|Transform:ConsumeBiomass:0.0549999997|Absorb:CondenseAtmosphericWater:0.00383489369|Transform:ConsumeBiomass:0.0115046808
1,258,FollowGrowthFront,GreenGrowth,319,116,319,116,0,12,1,1,0.0034000000450760126,0.0034000000450760126,0.054999999701976776,0.054999999701976776,1,0.028351390734314919,0,2.2503061294555664,0.077044330537319183,4.5000004320172593E-05,13.200000762939453,SurfaceWater|RainFront|GroundwaterDischarge|GreenGrowth|DryingWindow|DustFront|DepositionZone|ErosionFlow,Read:ReadFlows:12|Transform:ConsumeBiomass:0.0549999997|Absorb:CondenseAtmosphericWater:0.00378263067|Transform:ConsumeBiomass:0.0113478918|Absorb:CaptureDust:0.0450000018
1,259,ReturnMinerals,DepositionZone,319,116,315,117,4.123105525970459,12,1,1,0.0042246212251484394,0.0042246212251484394,0.073553971946239471,0.073553971946239471,1,0.027832075953483582,0,2.1656360626220703,0.10191550850868225,0,13.200000762939453,SurfaceWater|RainFront|GroundwaterDischarge|GreenGrowth|DryingWindow|DustFront|DepositionZone|ErosionFlow,Read:ReadFlows:12|Migrate:Move:4.12310553|Migrate:CompactTrail:0.00600000005|Transform:ConsumeBiomass:0.0735539719|Absorb:CondenseAtmosphericWater:0.00370530575|Transform:ConsumeBiomass:0.011115917|Absorb:CaptureDust:0.0450000018|Return:ReturnSediment:9.00000086E-05
1,260,FollowGrowthFront,GreenGrowth,315,117,319,117,4,12,1,1,0.00419999985024333,0.00419999985024333,0.072999998927116394,0.072999998927116394,1,0.041137117892503738,0,2.2726361751556396,0.12527550756931305,4.5000004320172593E-05,13.200000762939453,SurfaceWater|RainFront|GroundwaterDischarge|GreenGrowth|DryingWindow|DustFront|DepositionZone|ErosionFlow,Read:ReadFlows:12|Migrate:Move:4|Migrate:CompactTrail:0.00480000023|Transform:ConsumeBiomass:0.0729999989|Absorb:WithdrawSurfaceWater:0.0175050423|Absorb:HarvestLiveBiomass:0.180000007|Absorb:CaptureDust:0.0450000018|Transform:CureFreshBiomass:0.180000007
1,261,ReturnMinerals,DepositionZone,319,117,315,118,4.123105525970459,12,1,1,0.0042246212251484394,0.0042246212251484394,0.073553971946239471,0.073553971946239471,1,0.036912497133016586,0,2.1990821361541748,0.14881277084350586,0,13.200000762939453,SurfaceWater|RainFront|GroundwaterDischarge|GreenGrowth|DryingWindow|DustFront|DepositionZone|ErosionFlow,Read:ReadFlows:12|Migrate:Move:4.12310553|Migrate:CompactTrail:0.00600000005|Transform:ConsumeBiomass:0.0735539719|Absorb:CaptureDust:0.0450000018|Return:ReturnSediment:9.00000086E-05
1,262,FollowGrowthFront,GreenGrowth,315,118,319,116,4.4721360206604004,12,1,1,0.0042944271117448807,0.0042944271117448807,0.075124606490135193,0.075124606490135193,1,0.032618068158626556,0,2.3039577007293701,0,0,13.200000762939453,SurfaceWater|RainFront|GroundwaterDischarge|GreenGrowth|DryingWindow|DustFront|DepositionZone|ErosionFlow,Read:ReadFlows:12|Migrate:Move:4.47213602|Migrate:CompactTrail:0.00480000023|Transform:ConsumeBiomass:0.0751246065|Absorb:HarvestLiveBiomass:0.180000007|Transform:CureFreshBiomass:0.180000007|Return:ReturnOrganicMatter:0.17285265
1,263,FollowGrowthFront,GreenGrowth,319,116,319,115,1,12,1,1,0.003599999938160181,0.003599999938160181,0.05950000137090683,0.05950000137090683,1,0.029018068686127663,0,2.2444577217102051,0.019039999693632126,0,13.200000762939453,SurfaceWater|RainFront|GroundwaterDischarge|GreenGrowth|DryingWindow|DustFront|DepositionZone|ErosionFlow,Read:ReadFlows:12|Migrate:Move:1|Migrate:CompactTrail:0.00120000029|Transform:ConsumeBiomass:0.0595000014
1,264,FollowGrowthFront,GreenGrowth,319,115,319,114,1,12,1,1,0.003599999938160181,0.003599999938160181,0.05950000137090683,0.05950000137090683,1,0.029146643355488777,0.17599286139011383,2.1737720966339111,0.043429423123598099,0,13.200000762939453,SurfaceWater|RainFront|GroundwaterDischarge|GreenGrowth|DryingWindow|DustFront|DepositionZone|ErosionFlow,Read:ReadFlows:12|Migrate:Move:1|Migrate:CompactTrail:0.00120000006|Transform:ConsumeBiomass:0.0595000014|Absorb:CondenseAtmosphericWater:0.00372857484|Transform:ConsumeBiomass:0.0111857243|Absorb:HarvestLiveBiomass:0.180000007|Transform:SpoilFreshBiomass:0.00400713971
1,265,FollowGrowthFront,GreenGrowth,319,114,319,114,0,12,1,1,0.0034000000450760126,0.0034000000450760126,0.054999999701976776,0.054999999701976776,1,0.028888650238513947,0,2.2853388786315918,0.062160544097423553,0,13.200000762939453,SurfaceWater|RainFront|GroundwaterDischarge|GreenGrowth|DryingWindow|DustFront|DepositionZone|ErosionFlow,Read:ReadFlows:12|Transform:ConsumeBiomass:0.0549999997|Absorb:CondenseAtmosphericWater:0.003142006|Transform:ConsumeBiomass:0.00942601822|Transform:CureFreshBiomass:0.175992861
1,266,FollowGrowthFront,GreenGrowth,319,114,319,115,1,12,1,1,0.003599999938160181,0.003599999938160181,0.05950000137090683,0.05950000137090683,1,0.028410898521542549,0,2.3964722156524658,0.082324549555778503,0,13.200000762939453,SurfaceWater|RainFront|GroundwaterDischarge|GreenGrowth|DryingWindow|DustFront|DepositionZone|ErosionFlow,Read:ReadFlows:12|Migrate:Move:1|Migrate:CompactTrail:0.00120000029|Transform:ConsumeBiomass:0.0595000014|Absorb:CondenseAtmosphericWater:0.00312224776|Transform:ConsumeBiomass:0.00936674327|Absorb:HarvestLiveBiomass:0.180000007|Transform:CureFreshBiomass:0.180000007
1,267,FollowGrowthFront,GreenGrowth,319,115,319,116,1,12,1,1,0.003599999938160181,0.003599999938160181,0.05950000137090683,0.05950000137090683,1,0.027952976524829865,0,2.3275461196899414,0.1024957001209259,0,13.200000762939453,SurfaceWater|RainFront|GroundwaterDischarge|GreenGrowth|DryingWindow|DustFront|DepositionZone|ErosionFlow,Read:ReadFlows:12|Migrate:Move:1|Migrate:CompactTrail:0.00119999982|Transform:ConsumeBiomass:0.0595000014|Absorb:CondenseAtmosphericWater:0.00314207701|Transform:ConsumeBiomass:0.00942623056
1,268,FollowGrowthFront,GreenGrowth,319,116,319,116,0,12,1,1,0.0034000000450760126,0.0034000000450760126,0.054999999701976776,0.054999999701976776,1,0.027756983414292336,0,2.2629339694976807,0.12124913930892944,0,13.200000762939453,SurfaceWater|RainFront|GroundwaterDischarge|GreenGrowth|DryingWindow|DustFront|DepositionZone|ErosionFlow,Read:ReadFlows:12|Transform:ConsumeBiomass:0.0549999997|Absorb:CondenseAtmosphericWater:0.0032040074|Transform:ConsumeBiomass:0.00961202197
1,269,FollowGrowthFront,GreenGrowth,319,116,319,116,0,12,1,1,0.0034000000450760126,0.0034000000450760126,0.054999999701976776,0.054999999701976776,1,0.027670478448271751,0,2.3779935836791992,0.14004199206829071,0,13.200000762939453,SurfaceWater|RainFront|GroundwaterDischarge|GreenGrowth|DryingWindow|DustFront|DepositionZone|ErosionFlow,Read:ReadFlows:12|Transform:ConsumeBiomass:0.0549999997|Absorb:CondenseAtmosphericWater:0.00331349485|Transform:ConsumeBiomass:0.00994048454|Absorb:HarvestLiveBiomass:0.180000007|Transform:CureFreshBiomass:0.180000007
1,270,FollowGrowthFront,GreenGrowth,319,116,319,116,0,12,1,1,0.0034000000450760126,0.0034000000450760126,0.054999999701976776,0.054999999701976776,1,0.027698703110218048,0,2.312708854675293,0.15887615084648132,0,13.200000762939453,SurfaceWater|RainFront|GroundwaterDischarge|GreenGrowth|DryingWindow|DustFront|DepositionZone|ErosionFlow,Read:ReadFlows:12|Transform:ConsumeBiomass:0.0549999997|Absorb:CondenseAtmosphericWater:0.00342822517|Transform:ConsumeBiomass:0.0102846753
1,271,FollowGrowthFront,GreenGrowth,319,116,319,117,1,12,1,1,0.003599999938160181,0.003599999938160181,0.05950000137090683,0.05950000137090683,1,0.046098701655864716,0,2.2532088756561279,0,4.5000004320172593E-05,12.40000057220459,SurfaceWater|RainFront|GroundwaterDischarge|GreenGrowth|DryingWindow|DustFront|DepositionZone|ErosionFlow,Read:ReadFlows:12|Migrate:Move:1|Migrate:CompactTrail:0.00120000006|Transform:ConsumeBiomass:0.0595000014|Absorb:WithdrawSurfaceWater:0.0219999999|Absorb:CaptureDust:0.0450000018|Transform:UseChitinForRepair:0.800000012|Return:ReturnOrganicMatter:0.177916154
1,272,ReturnMinerals,DepositionZone,319,117,315,118,4.123105525970459,12,1,1,0.0042246212251484394,0.0042246212251484394,0.073553971946239471,0.073553971946239471,1,0.041874080896377563,0,2.1796548366546631,0.023537270724773407,0,12.40000057220459,SurfaceWater|RainFront|GroundwaterDischarge|GreenGrowth|DustFront|DepositionZone|ErosionFlow,Read:ReadFlows:12|Migrate:Move:4.12310553|Migrate:CompactTrail:0.00600000098|Transform:ConsumeBiomass:0.0735539719|Absorb:CaptureDust:0.0450000018|Return:ReturnSediment:9.00000086E-05
1,273,FollowGrowthFront,GreenGrowth,315,118,318,120,3.6055512428283691,12,1,1,0.0041211103089153767,0.0041211103089153767,0.071655705571174622,0.071655705571174622,1,0.037752971053123474,0.17669405043125153,2.1079990863800049,0.049773059785366058,4.5000004320172593E-05,12.40000057220459,SurfaceWater|RainFront|GroundwaterDischarge|GreenGrowth|DustFront|DepositionZone|ErosionFlow,Read:ReadFlows:12|Migrate:Move:3.60555124|Migrate:CompactTrail:0.00480000023|Transform:ConsumeBiomass:0.0716557056|Absorb:HarvestLiveBiomass:0.180000007|Absorb:CaptureDust:0.0450000018|Transform:SpoilFreshBiomass:0.00330596277
1,274,ReturnMinerals,DepositionZone,318,120,314,121,4.123105525970459,12,1,1,0.0042246212251484394,0.0042246212251484394,0.073553971946239471,0.073553971946239471,1,0.033528350293636322,0.17352291941642761,2.03444504737854,0.076481461524963379,0,12.40000057220459,SurfaceWater|RainFront|GroundwaterDischarge|GreenGrowth|DustFront|DepositionZone|ErosionFlow,Read:ReadFlows:12|Migrate:Move:4.12310553|Migrate:CompactTrail:0.00600000052|Transform:ConsumeBiomass:0.0735539719|Absorb:CaptureDust:0.0450000018|Transform:SpoilFreshBiomass:0.00317112869|Return:ReturnSediment:9.00000086E-05
1,275,FollowGrowthFront,GreenGrowth,314,121,318,122,4.123105525970459,12,1,1,0.0042246212251484394,0.0042246212251484394,0.074797689914703369,0.074797689914703369,1,0.02930372953414917,0.34707838296890259,1.9596474170684814,0.10686127841472626,4.5000004320172593E-05,12.40000057220459,SurfaceWater|RainFront|GroundwaterDischarge|GreenGrowth|DustFront|DepositionZone|ErosionFlow,Read:ReadFlows:12|Migrate:Move:4.12310553|Migrate:CompactTrail:0.00600000005|Transform:ConsumeBiomass:0.0747976899|Absorb:HarvestLiveBiomass:0.180000007|Absorb:CaptureDust:0.0450000018|Transform:SpoilFreshBiomass:0.00644455478
1,276,ReturnMinerals,DepositionZone,318,122,314,122,4,12,1,1,0.00419999985024333,0.00419999985024333,0.073295488953590393,0.073295488953590393,1,0.028344925493001938,0.34092110395431519,1.8766283988952637,0.13763993978500366,0,12.40000057220459,SurfaceWater|RainFront|GroundwaterDischarge|GreenGrowth|DustFront|DepositionZone|ErosionFlow,Read:ReadFlows:12|Migrate:Move:4|Migrate:CompactTrail:0.00480000023|Transform:ConsumeBiomass:0.073295489|Absorb:CondenseAtmosphericWater:0.00324119558|Transform:ConsumeBiomass:0.00972358696|Absorb:CaptureDust:0.0450000018|Transform:SpoilFreshBiomass:0.00615726691|Return:ReturnSediment:9.00000086E-05
1,277,FollowGrowthFront,GreenGrowth,314,122,318,123,4.123105525970459,12,1,1,0.0042246212251484394,0.0042246212251484394,0.07543683797121048,0.07543683797121048,1,0.027356138452887535,0.51170575618743896,1.7914841175079346,0,0,12.40000057220459,SurfaceWater|RainFront|GroundwaterDischarge|GreenGrowth|DustFront|DepositionZone|ErosionFlow,Read:ReadFlows:12|Migrate:Move:4.12310553|Migrate:CompactTrail:0.00600000005|Transform:ConsumeBiomass:0.075436838|Absorb:CondenseAtmosphericWater:0.00323583325|Transform:ConsumeBiomass:0.0097074993|Absorb:HarvestLiveBiomass:0.180000007|Transform:SpoilFreshBiomass:0.00921536889|Return:ReturnOrganicMatter:0.17216
1,278,FollowGrowthFront,GreenGrowth,318,123,319,123,1,12,1,1,0.003599999938160181,0.003599999938160181,0.060027316212654114,0.060027316212654114,1,0.045756138861179352,0.50306534767150879,1.7314567565917969,0.027849134057760239,0,12.40000057220459,SurfaceWater|RainFront|GroundwaterDischarge|GreenGrowth|DustFront|DepositionZone|ErosionFlow,Read:ReadFlows:12|Migrate:Move:1|Migrate:CompactTrail:0.00120000006|Transform:ConsumeBiomass:0.0600273162|Absorb:WithdrawSurfaceWater:0.0219999999|Transform:SpoilFreshBiomass:0.00864039268
1,279,FollowGrowthFront,GreenGrowth,319,123,319,122,1,12,1,1,0.003599999938160181,0.003599999938160181,0.060621514916419983,0.060621514916419983,1,0.042156137526035309,0.67012488842010498,1.6708352565765381,0.060188472270965576,0,12.40000057220459,SurfaceWater|RainFront|GroundwaterDischarge|GreenGrowth|DustFront|DepositionZone|ErosionFlow,Read:ReadFlows:12|Migrate:Move:1|Migrate:CompactTrail:0.00120000006|Transform:ConsumeBiomass:0.0606215149|Absorb:HarvestLiveBiomass:0.180000007|Transform:SpoilFreshBiomass:0.0129404534
1,280,FollowGrowthFront,GreenGrowth,319,122,319,121,1,12,1,1,0.003599999938160181,0.003599999938160181,0.061024345457553864,0.061024345457553864,1,0.060556136071681976,0.6594424843788147,1.6098109483718872,0.090398654341697693,0,12.40000057220459,SurfaceWater|RainFront|GroundwaterDischarge|GreenGrowth|DustFront|DepositionZone|ErosionFlow,Read:ReadFlows:12|Migrate:Move:1|Migrate:CompactTrail:0.00120000017|Transform:ConsumeBiomass:0.0610243455|Absorb:WithdrawSurfaceWater:0.0219999999|Transform:SpoilFreshBiomass:0.010682391
1,281,FollowGrowthFront,GreenGrowth,319,121,319,121,0,12,1,1,0.0034000000450760126,0.0034000000450760126,0.056926034390926361,0.056926034390926361,1,0.057156134396791458,0.82612836360931396,1.5528849363327026,0.12192913144826889,0,12.40000057220459,SurfaceWater|RainFront|GroundwaterDischarge|GreenGrowth|DustFront|DepositionZone|ErosionFlow,Read:ReadFlows:12|Transform:ConsumeBiomass:0.0569260344|Absorb:HarvestLiveBiomass:0.180000007|Transform:SpoilFreshBiomass:0.0133141475
1,282,FollowGrowthFront,GreenGrowth,319,121,319,121,0,12,1,1,0.0034000000450760126,0.0034000000450760126,0.05732644721865654,0.05732644721865654,1,0.05375613272190094,0.81307965517044067,1.495558500289917,0.15332230925559998,0,12.40000057220459,SurfaceWater|RainFront|GroundwaterDischarge|GreenGrowth|DustFront|DepositionZone|ErosionFlow,Read:ReadFlows:12|Transform:ConsumeBiomass:0.0573264472|Transform:SpoilFreshBiomass:0.0130487075
1,283,FollowGrowthFront,GreenGrowth,319,121,319,120,1,12,1,1,0.003599999938160181,0.003599999938160181,0.062397010624408722,0.062397010624408722,1,0.050156131386756897,0.80013519525527954,1.4331614971160889,0,0,12.40000057220459,SurfaceWater|RainFront|GroundwaterDischarge|GreenGrowth|DustFront|DepositionZone|ErosionFlow,Read:ReadFlows:12|Migrate:Move:1|Migrate:CompactTrail:0.00120000006|Transform:ConsumeBiomass:0.0623970106|Transform:SpoilFreshBiomass:0.0129444832|Return:ReturnOrganicMatter:0.186233848
1,284,FollowGrowthFront,GreenGrowth,319,120,319,121,1,12,1,1,0.003599999938160181,0.003599999938160181,0.063327804207801819,0.063327804207801819,1,0.046556130051612854,0.9643900990486145,1.3698337078094482,0.036009978502988815,0,12.40000057220459,SurfaceWater|RainFront|GroundwaterDischarge|GreenGrowth|DustFront|DepositionZone|ErosionFlow,Read:ReadFlows:12|Migrate:Move:1|Migrate:CompactTrail:0.00120000006|Transform:ConsumeBiomass:0.0633278042|Absorb:HarvestLiveBiomass:0.180000007|Transform:SpoilFreshBiomass:0.015745081
1,285,FollowGrowthFront,GreenGrowth,319,121,319,121,0,12,1,1,0.0034000000450760126,0.0034000000450760126,0.059565678238868713,0.059565678238868713,1,0.043156128376722336,0.9643900990486145,1.3102680444717407,0.055070996284484863,0,12.40000057220459,SurfaceWater|RainFront|GroundwaterDischarge|GreenGrowth|DustFront|DepositionZone|ErosionFlow,Read:ReadFlows:12|Transform:ConsumeBiomass:0.0595656782
1,286,FollowGrowthFront,GreenGrowth,319,121,319,122,1,12,1,1,0.003599999938160181,0.003599999938160181,0.064537703990936279,0.064537703990936279,1,0.061556126922369003,1.1443901062011719,1.2457304000854492,0.075723059475421906,0,12.40000057220459,SurfaceWater|RainFront|GroundwaterDischarge|GreenGrowth|DustFront|DepositionZone|ErosionFlow,Read:ReadFlows:12|Migrate:Move:1|Migrate:CompactTrail:0.00120000006|Transform:ConsumeBiomass:0.064537704|Absorb:WithdrawSurfaceWater:0.0219999999|Absorb:HarvestLiveBiomass:0.180000007
1,287,FollowGrowthFront,GreenGrowth,319,122,319,123,1,12,1,1,0.003599999938160181,0.003599999938160181,0.06473831832408905,0.06473831832408905,1,0.05795612558722496,1.1443901062011719,1.1809921264648438,0.096439316868782043,4.5000004320172593E-05,12.40000057220459,SurfaceWater|RainFront|GroundwaterDischarge|GreenGrowth|DustFront|DepositionZone|ErosionFlow,Read:ReadFlows:12|Migrate:Move:1|Migrate:CompactTrail:0.00120000006|Transform:ConsumeBiomass:0.0647383183|Absorb:CaptureDust:0.0450000018
1,288,ReturnMinerals,DepositionZone,319,123,315,123,4,12,1,1,0.00419999985024333,0.00419999985024333,0.078602254390716553,0.078602254390716553,1,0.053756125271320343,1.1443901062011719,1.1023898124694824,0.12159203737974167,0,12.40000057220459,SurfaceWater|RainFront|GroundwaterDischarge|GreenGrowth|DustFront|DepositionZone|ErosionFlow,Read:ReadFlows:12|Migrate:Move:4|Migrate:CompactTrail:0.00480000023|Transform:ConsumeBiomass:0.0786022544|Absorb:CaptureDust:0.0450000018|Return:ReturnSediment:9.00000086E-05
1,289,FollowGrowthFront,GreenGrowth,315,123,319,123,4,12,1,1,0.00419999985024333,0.00419999985024333,0.080246612429618835,0.080246612429618835,1,0.049556124955415726,1.324390172958374,1.0221432447433472,0.14727094769477844,4.5000004320172593E-05,12.40000057220459,SurfaceWater|RainFront|GroundwaterDischarge|GreenGrowth|DustFront|DepositionZone|ErosionFlow,Read:ReadFlows:12|Migrate:Move:4|Migrate:CompactTrail:0.00480000023|Transform:ConsumeBiomass:0.0802466124|Absorb:HarvestLiveBiomass:0.180000007|Absorb:CaptureDust:0.0450000018
1,290,ReturnMinerals,DepositionZone,319,123,315,123,4,12,1,1,0.00419999985024333,0.00419999985024333,0.079177737236022949,0.079177737236022949,1,0.045356124639511108,1.324390172958374,0.94296550750732422,0,0,12.40000057220459,SurfaceWater|RainFront|GroundwaterDischarge|GreenGrowth|DustFront|DepositionZone|ErosionFlow,Read:ReadFlows:12|Migrate:Move:4|Migrate:CompactTrail:0.00480000116|Transform:ConsumeBiomass:0.0791777372|Absorb:CaptureDust:0.0450000018|Return:ReturnOrganicMatter:0.172607824|Return:ReturnSediment:9.00000086E-05
1,291,FollowGrowthFront,GreenGrowth,315,123,319,123,4,12,1,1,0.00419999985024333,0.00419999985024333,0.080612078309059143,0.080612078309059143,1,0.041156124323606491,1.5043902397155762,0.86235344409942627,0.025795863941311836,0,12.40000057220459,SurfaceWater|RainFront|GroundwaterDischarge|GreenGrowth|DustFront|DepositionZone|ErosionFlow,Read:ReadFlows:12|Migrate:Move:4|Migrate:CompactTrail:0.00480000069|Transform:ConsumeBiomass:0.0806120783|Absorb:HarvestLiveBiomass:0.180000007
1,292,FollowGrowthFront,GreenGrowth,319,123,319,124,1,12,1,1,0.003599999938160181,0.003599999938160181,0.065733075141906738,0.065733075141906738,1,0.059556122869253159,1.5043902397155762,0.79662036895751953,0.046830445528030396,0,12.40000057220459,SurfaceWater|RainFront|GroundwaterDischarge|GreenGrowth|DustFront|DepositionZone|ErosionFlow,Read:ReadFlows:12|Migrate:Move:1|Migrate:CompactTrail:0.00120000029|Transform:ConsumeBiomass:0.0657330751|Absorb:WithdrawSurfaceWater:0.0219999999
1,293,FollowGrowthFront,GreenGrowth,319,124,319,124,0,12,1,1,0.0034000000450760126,0.0034000000450760126,0.061611291021108627,0.061611291021108627,1,0.05615612119436264,1.6843903064727783,0.73500907421112061,0.066546060144901276,0,12.40000057220459,SurfaceWater|RainFront|GroundwaterDischarge|GreenGrowth|DustFront|DepositionZone|ErosionFlow,Read:ReadFlows:12|Transform:ConsumeBiomass:0.061611291|Absorb:HarvestLiveBiomass:0.180000007
1,294,FollowGrowthFront,GreenGrowth,319,124,319,124,0,12,1,1,0.0034000000450760126,0.0034000000450760126,0.061986740678548813,0.061986740678548813,1,0.052756119519472122,1.6843903064727783,0.67302232980728149,0.086381815373897552,0,12.40000057220459,SurfaceWater|RainFront|GroundwaterDischarge|Snowpack|SnowmeltRunoff|GreenGrowth|DustFront|DepositionZone|ErosionFlow,Read:ReadFlows:12|Transform:ConsumeBiomass:0.0619867407
1,295,FollowGrowthFront,GreenGrowth,319,124,319,126,2,12,1,1,0.0038000000640749931,0.0038000000640749931,0.071359336376190186,0.071359336376190186,1,0.048956118524074554,1.6843903064727783,0.60166299343109131,0.10921680182218552,0,12.40000057220459,SurfaceWater|RainFront|GroundwaterDischarge|SnowmeltRunoff|GreenGrowth|DustFront|DepositionZone|ErosionFlow,Read:ReadFlows:12|Migrate:Move:2|Migrate:CompactTrail:0.00240000011|Transform:ConsumeBiomass:0.0713593364
1,296,FollowGrowthFront,GreenGrowth,319,126,319,127,1,12,1,1,0.003599999938160181,0.003599999938160181,0.067228920757770538,0.067228920757770538,1,0.045356117188930511,1.8643903732299805,0.53443408012390137,0.13073006272315979,0,12.40000057220459,SurfaceWater|RainFront|GroundwaterDischarge|SnowmeltRunoff|GreenGrowth|DustFront|DepositionZone|ErosionFlow,Read:ReadFlows:12|Migrate:Move:1|Migrate:CompactTrail:0.00120000006|Transform:ConsumeBiomass:0.0672289208|Absorb:HarvestLiveBiomass:0.180000007
1,297,FollowGrowthFront,GreenGrowth,319,127,319,128,1,12,1,1,0.003599999938160181,0.003599999938160181,0.067819006741046906,0.067819006741046906,1,0.041756115853786469,1.8643903732299805,0.46661508083343506,0.1524321436882019,0,12.40000057220459,SurfaceWater|RainFront|GroundwaterDischarge|SnowmeltRunoff|GreenGrowth|DustFront|DepositionZone|ErosionFlow,Read:ReadFlows:12|Migrate:Move:1|Migrate:CompactTrail:0.00119999994|Transform:ConsumeBiomass:0.0678190067
1,298,FollowGrowthFront,GreenGrowth,319,128,319,129,1,12,1,1,0.003599999938160181,0.003599999938160181,0.068696677684783936,0.068696677684783936,1,0.060156114399433136,1.8643903732299805,0.39791840314865112,0,0,12.40000057220459,SurfaceWater|RainFront|GroundwaterDischarge|SnowmeltRunoff|GreenGrowth|DustFront|DepositionZone|ErosionFlow,Read:ReadFlows:12|Migrate:Move:1|Migrate:CompactTrail:0.00119797781|Transform:ConsumeBiomass:0.0686966777|Absorb:WithdrawSurfaceWater:0.0219999999|Return:ReturnOrganicMatter:0.174415082
1,299,FollowGrowthFront,GreenGrowth,319,129,319,128,1,12,1,1,0.003599999938160181,0.003599999938160181,0.069405123591423035,0.069405123591423035,1,0.056556113064289093,2.0443904399871826,0.32851326465606689,0.022209638729691505,0,12.40000057220459,SurfaceWater|RainFront|GroundwaterDischarge|SnowmeltRunoff|GreenGrowth|DustFront|DepositionZone|ErosionFlow,Read:ReadFlows:12|Migrate:Move:1|Migrate:CompactTrail:0.00118432357|Transform:ConsumeBiomass:0.0694051236|Absorb:HarvestLiveBiomass:0.180000007
1,300,FollowGrowthFront,GreenGrowth,319,128,319,128,0,12,1,1,0.0034000000450760126,0.0034000000450760126,0.065350539982318878,0.065350539982318878,1,0.053156111389398575,2.0443904399871826,0.26316273212432861,0.043121811002492905,0,12.40000057220459,SurfaceWater|RainFront|GroundwaterDischarge|SnowmeltRunoff|GreenGrowth|DustFront|DepositionZone|ErosionFlow,Read:ReadFlows:12|Transform:ConsumeBiomass:0.06535054
1,301,TrackRainFront,RainFront,319,128,319,128,0,12,1,1,0.0034000000450760126,0.0034000000450760126,0.065800189971923828,0.065800189971923828,1,0.049756109714508057,2.0443904399871826,0.19736254215240479,0.064177870750427246,0,11.600000381469727,SurfaceWater|RainFront|GroundwaterDischarge|DustFront|DepositionZone|ErosionFlow,Read:ReadFlows:12|Transform:ConsumeBiomass:0.06580019|Transform:UseChitinForRepair:0.800000012
1,302,TrackRainFront,RainFront,319,128,319,129,1,12,1,1,0.0036096458788961172,0.0036096458788961172,0.070845387876033783,0.070845387876033783,1,0.046146463602781296,2.0443904399871826,0.12651714682579041,0.086848393082618713,0,11.600000381469727,SurfaceWater|RainFront|GroundwaterDischarge|DustFront|DepositionZone|ErosionFlow,Read:ReadFlows:12|Migrate:Move:1|Migrate:CompactTrail:0.00109643093|Transform:ConsumeBiomass:0.0708453879
1,303,TrackRainFront,RainFront,319,129,319,130,1,12,1,1,0.003599999938160181,0.003599999938160181,0.071173109114170074,0.071173109114170074,1,0.042546462267637253,2.0443904399871826,0.055344037711620331,0.10962378978729248,4.5000004320172593E-05,11.600000381469727,SurfaceWater|RainFront|GroundwaterDischarge|DustFront|DepositionZone|ErosionFlow,Read:ReadFlows:12|Migrate:Move:1|Migrate:CompactTrail:0.00101697119|Transform:ConsumeBiomass:0.0711731091|Absorb:CaptureDust:0.0450000018
1,304,ReturnMinerals,DepositionZone,319,130,315,129,4.123105525970459,12,1,1,0.0042246212251484394,0.0042246212251484394,0.086296670138835907,0.086296670138835907,1,0.038321841508150101,1.9559543132781982,0,0.15563343465328217,0,11.600000381469727,SurfaceWater|RainFront|GroundwaterDischarge|DustFront|DepositionZone|ErosionFlow,Read:ReadFlows:12|Migrate:Move:4.12310553|Migrate:CompactTrail:0.00460424321|Transform:ConsumeBiomass:0.143780142|Absorb:CaptureDust:0.0450000018|Return:ReturnSediment:9.00000086E-05
1,305,TrackRainFront,RainFront,315,129,319,130,4.123105525970459,12,1,1,0.0042246212251484394,0.0042246212251484394,0.088079579174518585,0.088079579174518585,1,0.056097220629453659,1.7042983770370483,0,0.016163334250450134,4.5000004320172593E-05,11.600000381469727,SurfaceWater|RainFront|GroundwaterDischarge|DustFront|DepositionZone|ErosionFlow|FrozenCorridor,Read:ReadFlows:12|Migrate:Move:4.12310553|Migrate:CompactTrail:0.00456363289|Transform:ConsumeBiomass:0.251655936|Absorb:WithdrawSurfaceWater:0.0219999999|Absorb:CaptureDust:0.0450000018|Return:ReturnOrganicMatter:0.219999999
1,306,ReturnMinerals,DepositionZone,319,130,315,129,4.123105525970459,12,1,1,0.0042246212251484394,0.0042246212251484394,0.086645796895027161,0.086645796895027161,1,0.051872599869966507,1.4567389488220215,0,0.095382347702980042,0,11.600000381469727,SurfaceWater|RainFront|GroundwaterDischarge|DustFront|DepositionZone|ErosionFlow|FrozenCorridor,Read:ReadFlows:12|Migrate:Move:4.12310553|Migrate:CompactTrail:0.00434167543|Transform:ConsumeBiomass:0.247559428|Absorb:CaptureDust:0.0450000018|Return:ReturnSediment:9.00000086E-05
1,307,GatherBiomass,DepositionZone,315,129,311,127,4.4721360206604004,12,1,1,0.0042944271117448807,0.0042944271117448807,0.090542525053024292,0.090542517602443695,1,0.047578170895576477,1.3780460357666016,0,0,4.5000004320172593E-05,11.600000381469727,SurfaceWater|RainFront|GroundwaterDischarge|DustFront|DepositionZone|ErosionFlow|FrozenCorridor,Read:ReadFlows:12|Migrate:Move:4.47213602|Migrate:CompactTrail:0.0031708614|Transform:ConsumeBiomass:0.25869292|Absorb:HarvestLiveBiomass:0.180000007|Absorb:CaptureDust:0.0450000018|Return:ReturnOrganicMatter:0.17816408
1,308,ReturnMinerals,DepositionZone,311,127,307,127,4,12,1,1,0.00419999985024333,0.00419999985024333,0.08990924060344696,0.089909248054027557,1,0.04337817057967186,1.1211624145507812,0,0.082202740013599396,0,11.600000381469727,SurfaceWater|RainFront|GroundwaterDischarge|SnowmeltRunoff|DustFront|DepositionZone|ErosionFlow|FrozenCorridor,Read:ReadFlows:12|Migrate:Move:4|Migrate:CompactTrail:0.00296438346|Transform:ConsumeBiomass:0.256883562|Absorb:CaptureDust:0.0450000018|Return:ReturnSediment:9.00000086E-05
1,309,GatherBiomass,DepositionZone,307,127,303,127,4,12,1,1,0.00419999985024333,0.00419999985024333,0.091298758983612061,0.091298751533031464,1,0.039178170263767242,1.0403088331222534,0,0,4.5000004320172593E-05,11.600000381469727,SurfaceWater|RainFront|GroundwaterDischarge|Snowpack|SnowmeltRunoff|DustFront|DepositionZone|ErosionFlow|FrozenCorridor,Read:ReadFlows:12|Migrate:Move:4|Migrate:CompactTrail:0.00276851631|Transform:ConsumeBiomass:0.260853589|Absorb:HarvestLiveBiomass:0.180000007|Absorb:CaptureDust:0.0450000018|Return:ReturnOrganicMatter:0.165675879
1,310,ReturnMinerals,DepositionZone,303,127,300,129,3.6055512428283691,12,1,1,0.0041211103089153767,0.0041211103089153767,0.090555429458618164,0.090555436909198761,1,0.035057060420513153,0.96157902479171753,0,0.082793541252613068,0,11.600000381469727,RainFront|DustFront|DepositionZone|FrozenCorridor,Read:ReadFlows:12|Migrate:Move:3.60555124|Migrate:CompactTrail:0.00198151032|Transform:ConsumeBiomass:0.258729815|Absorb:HarvestLiveBiomass:0.180000007|Absorb:CaptureDust:0.0450000018|Return:ReturnSediment:9.00000086E-05
1,311,GatherBiomass,DepositionZone,300,129,297,132,4.242640495300293,12,1,1,0.0042485282756388187,0.0042485282756388187,0.094580724835395813,0.094580724835395813,1,0.030808532610535622,0.87134838104248047,0,0,4.5000004320172593E-05,11.600000381469727,RainFront|DustFront|DepositionZone|FrozenCorridor,Read:ReadFlows:12|Migrate:Move:4.2426405|Migrate:CompactTrail:0.00189420138|Transform:ConsumeBiomass:0.270230651|Absorb:HarvestLiveBiomass:0.180000007|Absorb:CaptureDust:0.0450000018|Return:ReturnOrganicMatter:0.169267356
1,312,ReturnMinerals,DepositionZone,297,132,294,134,3.6055512428283691,12,1,1,0.0041211103089153767,0.0041211103089153767,0.091998293995857239,0.091998293995857239,1,0.026687422767281532,0.78849607706069946,0,0.084112726151943207,0,11.600000381469727,RainFront|DustFront|DepositionZone|FrozenCorridor,Read:ReadFlows:12|Migrate:Move:3.60555124|Migrate:CompactTrail:0.00240065833|Transform:ConsumeBiomass:0.262852281|Absorb:HarvestLiveBiomass:0.180000007|Absorb:CaptureDust:0.0450000018|Return:ReturnSediment:9.00000086E-05
1,313,SecureWater,RainFront,294,134,298,136,4.4721360206604004,12,1,1,0.0042944271117448807,0.0042944271117448807,0.097213633358478546,0.097213633358478546,1,0.022392995655536652,0.6907428503036499,0,0,0,11.600000381469727,RainFront|DustFront|DepositionZone|FrozenCorridor,Read:ReadFlows:12|Migrate:Move:4.47213602|Migrate:CompactTrail:0.00233143009|Transform:ConsumeBiomass:0.277753234|Absorb:HarvestLiveBiomass:0.180000007|Return:ReturnOrganicMatter:0.172993749
1,314,SecureWater,RainFront,298,136,302,136,4,14,1,1,0.00419999985024333,0.00419999985024333,0.09452337771654129,0.09452337771654129,1,0.018192995339632034,0.60067605972290039,0,0.086421370506286621,0,11.600000381469727,RainFront|DustFront|DepositionZone|FrozenCorridor,Read:ReadFlows:12|Migrate:Move:4|Migrate:CompactTrail:0.00231868424|Transform:ConsumeBiomass:0.270066798|Absorb:HarvestLiveBiomass:0.180000007
1,315,SecureWater,RainFront,302,136,306,134,4.4721360206604004,16,1,1,0.0042944271117448807,0.0042944271117448807,0.096792668104171753,0.096792660653591156,1,0.013898568227887154,0.50412559509277344,0,0,0,11.600000381469727,RainFront|Snowpack|DustFront|DepositionZone|FrozenCorridor,Read:ReadFlows:12|Migrate:Move:4.47213602|Migrate:CompactTrail:0.00228339573|Transform:ConsumeBiomass:0.276550472|Absorb:HarvestLiveBiomass:0.180000007|Return:ReturnOrganicMatter:0.174917519
1,316,SecureWater,SurfaceWater,306,134,310,133,4.123105525970459,18,1,1,0.0042246212251484394,0.0042246212251484394,0.094895929098129272,0.094895921647548676,1,0.0096739474684000015,0.412994384765625,0,0.086761988699436188,0,11.600000381469727,SurfaceWater|RainFront|GroundwaterDischarge|Snowpack|SnowmeltRunoff|DustFront|DepositionZone|ErosionFlow|FrozenCorridor,Read:ReadFlows:12|Migrate:Move:4.12310553|Migrate:CompactTrail:0.00287226448|Transform:ConsumeBiomass:0.271131217|Absorb:HarvestLiveBiomass:0.180000007
1,317,SecureWater,SurfaceWater,310,133,314,131,4.4721360206604004,20,1,1,0.0042944271117448807,0.0042944271117448807,0.09637770801782608,0.09637770801782608,1,0.0053795203566551208,0.31762951612472534,0,0,4.5000004320172593E-05,11.600000381469727,SurfaceWater|RainFront|GroundwaterDischarge|Snowpack|SnowmeltRunoff|DustFront|DepositionZone|ErosionFlow|FrozenCorridor,Read:ReadFlows:12|Migrate:Move:4.47213602|Migrate:CompactTrail:0.00231299968|Transform:ConsumeBiomass:0.275364876|Absorb:HarvestLiveBiomass:0.180000007|Absorb:CaptureDust:0.0450000018|Return:ReturnOrganicMatter:0.174878746
1,318,SecureWater,SurfaceWater,314,131,318,130,4.123105525970459,22,1,1,0.0042246212251484394,0.0042246212251484394,0.094128161668777466,0.094128161668777466,1,0.0011548991315066814,0.22869190573692322,0,0.086060032248497009,9.0000008640345186E-05,11.600000381469727,SurfaceWater|RainFront|GroundwaterDischarge|Snowpack|SnowmeltRunoff|DustFront|DepositionZone|ErosionFlow|FrozenCorridor,Read:ReadFlows:12|Migrate:Move:4.12310553|Migrate:CompactTrail:0.00293320836|Transform:ConsumeBiomass:0.268937618|Absorb:HarvestLiveBiomass:0.180000007|Absorb:CaptureDust:0.0450000018
1,319,GatherBiomass,SurfaceWater,318,130,319,129,1.4142135381698608,24,0,1,0.0036828427109867334,0.0011548991315066814,0.07907973974943161,0.07907973974943161,0.95508712530136108,0.021357744932174683,0.17789919674396515,0,0.15836150944232941,0.00013500000932253897,11.600000381469727,SurfaceWater|RainFront|GroundwaterDischarge|Snowpack|SnowmeltRunoff|DustFront|DepositionZone|ErosionFlow|FrozenCorridor,Read:ReadFlows:12|Migrate:Move:1.41421354|Migrate:CompactTrail:0.00125377695|Transform:ConsumeBiomass:0.22594212|Absorb:WithdrawSurfaceWater:0.0213577449|Absorb:HarvestLiveBiomass:0.175149411|Absorb:CaptureDust:0.0450000018
1,320,GatherBiomass,DryStandingBiomass,319,129,316,127,3.6055512428283691,14,1,0,0.0041211103089153767,0.0041211103089153767,0.09011504054069519,0.062264718115329742,0.94808924198150635,0.017236635088920593,0.043598413467407227,0,0,0.00018000001728069037,11.600000381469727,SurfaceWater|RainFront|GroundwaterDischarge|Snowpack|SnowmeltRunoff|DryStandingBiomass|DustFront|DepositionZone|ErosionFlow|FrozenCorridor,Read:ReadFlows:12|Migrate:Move:3.60555124|Migrate:CompactTrail:0.00163951155|Transform:ConsumeBiomass:0.177899197|Absorb:HarvestLiveBiomass:0.0435984135|Absorb:CaptureDust:0.0450000018|Return:ReturnOrganicMatter:0.21528925
1,321,GatherBiomass,DryStandingBiomass,316,127,313,124,4.242640495300293,16,1,0,0.0042485282756388187,0.0042485282756388187,0.095552951097488403,0.015259444713592529,0.91187256574630737,0.012988107278943062,0.042620562016963959,0,0.013951491564512253,0.00022500002523884177,11.600000381469727,SurfaceWater|RainFront|GroundwaterDischarge|Snowpack|SnowmeltRunoff|DryStandingBiomass|DustFront|DepositionZone|ErosionFlow|FrozenCorridor,Read:ReadFlows:12|Migrate:Move:4.2426405|Migrate:CompactTrail:0.00143305596|Transform:ConsumeBiomass:0.0435984135|Absorb:HarvestLiveBiomass:0.042620562|Absorb:CaptureDust:0.0450000018
1,322,GatherBiomass,DryStandingBiomass,313,124,312,124,1,18,1,0,0.003599999938160181,0.003599999938160181,0.079533196985721588,0.014917196705937386,0.87718832492828369,0.0093881078064441681,0.041684087365865707,0.11115756630897522,0.0275900699198246,0.00027000001864507794,11.600000381469727,SurfaceWater|RainFront|GroundwaterDischarge|Snowpack|SnowmeltRunoff|DryStandingBiomass|DustFront|DepositionZone|ErosionFlow|FrozenCorridor,Read:ReadFlows:12|Migrate:Move:1|Migrate:CompactTrail:0.00044051162|Transform:ConsumeBiomass:0.042620562|Absorb:HarvestLiveBiomass:0.0416840874|Absorb:HarvestDryBiomass:0.111157566|Absorb:CaptureDust:0.0450000018
1,323,SecureWater,SurfaceWater,312,124,316,125,4.123105525970459,20,1,1,0.0042246212251484394,0.0042246212251484394,0.097013354301452637,0.097013354301452637,0.89130795001983643,0.0077094445005059242,0.20994535088539124,9.3132257461547852E-10,0.060331646353006363,0.00027000001864507794,11.600000381469727,SurfaceWater|RainFront|GroundwaterDischarge|Snowpack|SnowmeltRunoff|DryStandingBiomass|DustFront|DepositionZone|ErosionFlow|FrozenCorridor,Read:ReadFlows:12|Migrate:Move:4.12310553|Migrate:CompactTrail:0.00220258557|Transform:ConsumeBiomass:0.0970133543|Transform:ConsumeBiomass:0.0141442111|Absorb:CollectSnow:0.00254595815|Transform:MeltSnow:0.00254595815|Absorb:HarvestLiveBiomass:0.16826126
1,324,GatherBiomass,DryStandingBiomass,316,125,315,124,1.4142135381698608,20,1,0,0.0036828427109867334,0.0036828427109867334,0.081175394356250763,0.073480874300003052,0.89609456062316895,0.0040266020223498344,0.042194556444883347,0.11251880973577499,0.12751415371894836,0.00027000001864507794,11.600000381469727,SurfaceWater|RainFront|GroundwaterDischarge|Snowpack|SnowmeltRunoff|DryStandingBiomass|DustFront|DepositionZone|ErosionFlow|FrozenCorridor,Read:ReadFlows:12|Migrate:Move:1.41421354|Migrate:CompactTrail:0.000858950661|Transform:ConsumeBiomass:0.209945351|Absorb:HarvestLiveBiomass:0.0421945564|Absorb:HarvestDryBiomass:0.11251881
1,325,SecureWater,SurfaceWater,315,124,319,125,4.123105525970459,22,0,1,0.0042246212251484394,0.0040266020223498344,0.097027808427810669,0.097027808427810669,0.90234470367431641,0.023391908034682274,0.21164779365062714,9.3132257461547852E-10,0,0.00027000001864507794,11.600000381469727,SurfaceWater|RainFront|GroundwaterDischarge|Snowpack|SnowmeltRunoff|DryStandingBiomass|DustFront|DepositionZone|ErosionFlow|FrozenCorridor,Read:ReadFlows:12|Migrate:Move:4.12310553|Migrate:CompactTrail:0.00227724528|Transform:ConsumeBiomass:0.0970278084|Absorb:WithdrawSurfaceWater:0.0206035282|Transform:ConsumeBiomass:0.0154910004|Absorb:CollectSnow:0.00278838025|Transform:MeltSnow:0.00278838025|Absorb:HarvestLiveBiomass:0.169453233|Return:ReturnOrganicMatter:0.160421968
1,326,GatherBiomass,DryStandingBiomass,319,125,317,124,2.2360680103302002,22,1,0,0.0038472136948257685,0.0038472136948257685,0.085401788353919983,0.074076727032661438,0.90505117177963257,0.019544694572687149,0.042436383664608002,0.11316367983818054,0.067727290093898773,0.00027000001864507794,11.600000381469727,SurfaceWater|RainFront|GroundwaterDischarge|Snowpack|SnowmeltRunoff|DryStandingBiomass|DustFront|DepositionZone|ErosionFlow|FrozenCorridor,Read:ReadFlows:12|Migrate:Move:2.23606801|Migrate:CompactTrail:0.00126812165|Transform:ConsumeBiomass:0.211647794|Absorb:HarvestLiveBiomass:0.0424363837|Absorb:HarvestDryBiomass:0.11316368
1,327,SecureWater,SurfaceWater,317,124,319,124,2,24,1,1,0.0038000000640749931,0.0038000000640749931,0.085622616112232208,0.085622616112232208,0.91920113563537598,0.041546661406755447,0.21371009945869446,0,0.098431453108787537,0.00027000001864507794,11.600000381469727,SurfaceWater|RainFront|GroundwaterDischarge|Snowpack|SnowmeltRunoff|DryStandingBiomass|DustFront|DepositionZone|ErosionFlow|FrozenCorridor,Read:ReadFlows:12|Migrate:Move:2|Migrate:CompactTrail:0.000879284926|Transform:ConsumeBiomass:0.0856226161|Absorb:WithdrawSurfaceWater:0.020844575|Transform:ConsumeBiomass:0.0275410637|Absorb:CollectSnow:0.00495739188|Transform:MeltSnow:0.00495739188|Absorb:HarvestLiveBiomass:0.171273723
1,328,GatherBiomass,DryStandingBiomass,319,124,318,124,1,24,1,0,0.003599999938160181,0.003599999938160181,0.079895786941051483,0.074798531830310822,0.92569220066070557,0.037946660071611404,0.042993694543838501,0.11464983969926834,0,0.00027000001864507794,11.600000381469727,SurfaceWater|RainFront|GroundwaterDischarge|Snowpack|SnowmeltRunoff|DryStandingBiomass|DustFront|DepositionZone|ErosionFlow|FrozenCorridor,Read:ReadFlows:12|Migrate:Move:1|Migrate:CompactTrail:0.000385299325|Transform:ConsumeBiomass:0.213710099|Absorb:HarvestLiveBiomass:0.0429936945|Absorb:HarvestDryBiomass:0.11464984|Return:ReturnOrganicMatter:0.166818678
1,329,ReturnMinerals,DepositionZone,318,124,314,124,4,26,1,1,0.00419999985024333,0.00419999985024333,0.097229093313217163,0.097229093313217163,0.93982166051864624,0.033746659755706787,0.21649445593357086,0.13308790326118469,0.031113309785723686,0,11.600000381469727,SurfaceWater|RainFront|GroundwaterDischarge|Snowpack|SnowmeltRunoff|DryStandingBiomass|DustFront|DepositionZone|ErosionFlow|FrozenCorridor,Read:ReadFlows:12|Migrate:Move:4|Migrate:CompactTrail:0.00136279408|Transform:ConsumeBiomass:0.0972290933|Absorb:HarvestLiveBiomass:0.173500761|Absorb:HarvestDryBiomass:0.115667164|Absorb:CaptureDust:0.0450000018|Return:ReturnSediment:0.000315000012
1,330,GatherBiomass,DryStandingBiomass,314,124,314,124,0,26,1,1,0.0034000000450760126,0.0034000000450760126,0.076425895094871521,0.076425895094871521,0.9544069766998291,0.030346659943461418,0.26026344299316406,0.17337930202484131,0.055569596588611603,4.5000004320172593E-05,11.600000381469727,SurfaceWater|RainFront|GroundwaterDischarge|Snowpack|SnowmeltRunoff|DryStandingBiomass|DustFront|DepositionZone|ErosionFlow|FrozenCorridor,Read:ReadFlows:12|Transform:ConsumeBiomass:0.0764258951|Absorb:HarvestLiveBiomass:0.0437689908|Absorb:HarvestDryBiomass:0.116717301|Absorb:CaptureDust:0.0450000018
1,331,ReturnMinerals,DepositionZone,314,124,310,124,4,28,1,1,0.00419999985024333,0.00419999985024333,0.099170990288257599,0.099170990288257599,0.9691237211227417,0.028496358543634415,0.43692880868911743,0.18493613600730896,0.088150203227996826,0,10.800000190734863,SurfaceWater|RainFront|GroundwaterDischarge|Snowpack|SnowmeltRunoff|DryStandingBiomass|DustFront|DepositionZone|ErosionFlow|FrozenCorridor,Read:ReadFlows:12|Migrate:Move:4|Migrate:CompactTrail:0.00120468845|Transform:ConsumeBiomass:0.0991709903|Absorb:CondenseAtmosphericWater:0.00234969798|Transform:ConsumeBiomass:0.00704909395|Absorb:HarvestLiveBiomass:0.176665381|Absorb:HarvestDryBiomass:0.117776908|Absorb:CaptureDust:0.0450000018|Transform:UseChitinForRepair:0.800000012|Return:ReturnSediment:9.00000086E-05
1,332,GatherBiomass,DryStandingBiomass,310,124,310,124,0,12,1,1,0.0034000000450760126,0.0034000000450760126,0.077805139124393463,0.077805139124393463,0.98419928550720215,0.027455192059278488,0.48150220513343811,0.21891686320304871,0.11389702558517456,4.5000004320172593E-05,10.800000190734863,SurfaceWater|RainFront|GroundwaterDischarge|Snowpack|SnowmeltRunoff|DryStandingBiomass|DustFront|DepositionZone|ErosionFlow|FrozenCorridor,Read:ReadFlows:12|Transform:ConsumeBiomass:0.0778051391|Absorb:CondenseAtmosphericWater:0.0023588324|Transform:ConsumeBiomass:0.00707649719|Absorb:HarvestLiveBiomass:0.0445733853|Absorb:HarvestDryBiomass:0.118862353|Absorb:CaptureDust:0.0450000018
1,333,ReturnMinerals,DepositionZone,310,124,306,125,4.123105525970459,12,1,1,0.0042246212251484394,0.0042246212251484394,0.10121311992406845,0.10121311992406845,0.99919486045837402,0.025595340877771378,0.66141527891159058,0.23055146634578705,0.14713653922080994,0,10.800000190734863,SurfaceWater|RainFront|GroundwaterDischarge|Snowpack|SnowmeltRunoff|DryStandingBiomass|DustFront|DepositionZone|ErosionFlow|FrozenCorridor,Read:ReadFlows:12|Migrate:Move:4.12310553|Migrate:CompactTrail:0.00150002004|Transform:ConsumeBiomass:0.10121312|Absorb:CondenseAtmosphericWater:0.00236477051|Transform:ConsumeBiomass:0.00709431153|Absorb:HarvestLiveBiomass:0.179913059|Absorb:HarvestDryBiomass:0.119942032|Absorb:CaptureDust:0.0450000018|Return:ReturnSediment:9.00000086E-05
1,334,SecureWater,RainFront,306,125,310,124,4.123105525970459,12,1,1,0.0042246212251484394,0.0042246212251484394,0.10191749781370163,0.10191749781370163,1,0.023736579343676567,0.66141527891159058,0.12153639644384384,0,4.5000004320172593E-05,10.800000190734863,RainFront|Snowpack|DryStandingBiomass|DustFront|DepositionZone|FrozenCorridor,Read:ReadFlows:12|Migrate:Move:4.12310553|Migrate:CompactTrail:0.00150000653|Transform:ConsumeBiomass:0.101917498|Absorb:CondenseAtmosphericWater:0.00236585969|Transform:ConsumeBiomass:0.00709757907|Absorb:CaptureDust:0.0450000018|Return:ReturnOrganicMatter:0.18060185
1,335,SecureWater,SurfaceWater,310,124,314,126,4.4721360206604004,14,1,1,0.0042944271117448807,0.0042944271117448807,0.10347413271665573,0.10347413271665573,1,0.021807426586747169,0.84141528606414795,0.1309664398431778,0.033963218331336975,9.0000008640345186E-05,10.800000190734863,SurfaceWater|RainFront|GroundwaterDischarge|Snowpack|SnowmeltRunoff|DryStandingBiomass|DustFront|DepositionZone|ErosionFlow|FrozenCorridor,Read:ReadFlows:12|Migrate:Move:4.47213602|Migrate:CompactTrail:0.00120001798|Transform:ConsumeBiomass:0.103474133|Absorb:CondenseAtmosphericWater:0.00236527459|Transform:ConsumeBiomass:0.007095824|Absorb:HarvestLiveBiomass:0.180000007|Absorb:HarvestDryBiomass:0.119999997|Absorb:CaptureDust:0.0450000018
1,336,SecureWater,SurfaceWater,314,126,318,127,4.123105525970459,16,1,1,0.0042246212251484394,0.0042246212251484394,0.1004972904920578,0.1004972904920578,1,0.023067252710461617,1.0214152336120605,0.11999999731779099,0.069778650999069214,0.00013500000932253897,10.800000190734863,SurfaceWater|RainFront|GroundwaterDischarge|Snowpack|SnowmeltRunoff|DryStandingBiomass|DustFront|DepositionZone|ErosionFlow|FrozenCorridor,Read:ReadFlows:12|Migrate:Move:4.12310553|Migrate:CompactTrail:0.00150156696|Transform:ConsumeBiomass:0.10049729|Transform:ConsumeBiomass:0.0304691475|Absorb:CollectSnow:0.00548444688|Transform:MeltSnow:0.00548444688|Absorb:HarvestLiveBiomass:0.180000007|Absorb:HarvestDryBiomass:0.119999997|Absorb:CaptureDust:0.0450000018
1,337,SecureWater,SurfaceWater,318,127,319,127,1,12,1,1,0.003599999938160181,0.003599999938160181,0.081585712730884552,0.081585712730884552,1,0.048381824046373367,1.0214152336120605,0,0.10049579292535782,0.00018000001728069037,10.800000190734863,SurfaceWater|RainFront|GroundwaterDischarge|Snowpack|SnowmeltRunoff|DryStandingBiomass|DustFront|DepositionZone|ErosionFlow|FrozenCorridor,Read:ReadFlows:12|Migrate:Move:1|Migrate:CompactTrail:0.000354955904|Transform:ConsumeBiomass:0.0815857127|Absorb:WithdrawSurfaceWater:0.0219999999|Transform:ConsumeBiomass:0.0384142846|Absorb:CollectSnow:0.00691457139|Transform:MeltSnow:0.00691457139|Absorb:CaptureDust:0.0450000018
1,338,ReturnMinerals,DepositionZone,319,127,315,126,4.123105525970459,12,1,1,0.0042246212251484394,0.0042246212251484394,0.098778665065765381,0.098778672516345978,1,0.044157203286886215,0.91919046640396118,0.11999999731779099,0,0,10.800000190734863,SurfaceWater|RainFront|GroundwaterDischarge|Snowpack|SnowmeltRunoff|DryStandingBiomass|DustFront|DepositionZone|ErosionFlow|FrozenCorridor,Read:ReadFlows:12|Migrate:Move:4.12310553|Migrate:CompactTrail:0.00150005857|Transform:ConsumeBiomass:0.282224774|Absorb:HarvestLiveBiomass:0.180000007|Absorb:HarvestDryBiomass:0.119999997|Absorb:CaptureDust:0.0450000018|Return:ReturnOrganicMatter:0.190807715|Return:ReturnSediment:0.000225000025
1,339,GatherBiomass,DryStandingBiomass,315,126,315,126,0,12,1,1,0.0034000000450760126,0.0034000000450760126,0.077652245759963989,0.077652245759963989,1,0.040757201611995697,0.96419048309326172,0.16234774887561798,0.024848718196153641,4.5000004320172593E-05,10.800000190734863,SurfaceWater|RainFront|GroundwaterDischarge|Snowpack|SnowmeltRunoff|DryStandingBiomass|DustFront|DepositionZone|ErosionFlow|FrozenCorridor,Read:ReadFlows:12|Transform:ConsumeBiomass:0.0776522458|Absorb:HarvestLiveBiomass:0.0450000018|Absorb:HarvestDryBiomass:0.119999997|Absorb:CaptureDust:0.0450000018
1,340,ReturnMinerals,DepositionZone,315,126,311,126,4,12,1,1,0.00419999985024333,0.00419999985024333,0.10031264275312424,0.10031264275312424,1,0.03655720129609108,0.96419048309326172,0.062035106122493744,0.056948762387037277,0,10.800000190734863,SurfaceWater|RainFront|GroundwaterDischarge|Snowpack|SnowmeltRunoff|DryStandingBiomass|DustFront|DepositionZone|ErosionFlow|FrozenCorridor,Read:ReadFlows:12|Migrate:Move:4|Migrate:CompactTrail:0.00120000076|Transform:ConsumeBiomass:0.100312643|Absorb:CaptureDust:0.0450000018|Return:ReturnSediment:9.00000086E-05
1,341,GatherBiomass,DryStandingBiomass,311,126,311,126,0,12,1,1,0.0034000000450760126,0.0034000000450760126,0.078907839953899384,0.078907839953899384,1,0.033157199621200562,0.96098268032073975,0.11999999731779099,0.092226490378379822,4.5000004320172593E-05,10.800000190734863,SurfaceWater|RainFront|GroundwaterDischarge|Snowpack|SnowmeltRunoff|DryStandingBiomass|DustFront|DepositionZone|ErosionFlow|FrozenCorridor,Read:ReadFlows:12|Transform:ConsumeBiomass:0.110242918|Absorb:HarvestLiveBiomass:0.0450000018|Absorb:HarvestDryBiomass:0.119999997|Absorb:CaptureDust:0.0450000018
1,342,ReturnMinerals,DepositionZone,311,126,307,126,4,12,1,1,0.00419999985024333,0.00419999985024333,0.10170083492994308,0.10170083492994308,1,0.03225104883313179,0.96098268032073975,0,0.12696665525436401,0,10.800000190734863,SurfaceWater|RainFront|GroundwaterDischarge|Snowpack|SnowmeltRunoff|DryStandingBiomass|DustFront|DepositionZone|ErosionFlow|FrozenCorridor,Read:ReadFlows:12|Migrate:Move:4|Migrate:CompactTrail:0.00120000076|Transform:ConsumeBiomass:0.101700835|Transform:ConsumeBiomass:0.0182991624|Absorb:CollectSnow:0.0032938493|Transform:MeltSnow:0.0032938493|Absorb:CaptureDust:0.0450000018|Return:ReturnSediment:9.00000086E-05
1,343,GatherBiomass,DryStandingBiomass,307,126,307,126,0,12,1,1,0.0034000000450760126,0.0034000000450760126,0.08033578097820282,0.08033578097820282,1,0.028851049020886421,0.77645188570022583,0.11999999731779099,0,4.5000004320172593E-05,10.800000190734863,SurfaceWater|RainFront|GroundwaterDischarge|Snowpack|SnowmeltRunoff|DryStandingBiomass|DustFront|DepositionZone|ErosionFlow|FrozenCorridor,Read:ReadFlows:12|Transform:ConsumeBiomass:0.229530811|Absorb:HarvestLiveBiomass:0.0450000018|Absorb:HarvestDryBiomass:0.119999997|Absorb:CaptureDust:0.0450000018|Return:ReturnOrganicMatter:0.200416505
1,344,ReturnMinerals,DepositionZone,307,126,303,126,4,12,1,1,0.00419999985024333,0.00419999985024333,0.10301818698644638,0.10301818698644638,1,0.027707774192094803,0.9564518928527832,0.11999999731779099,0.035003636032342911,0,10.800000190734863,SurfaceWater|RainFront|GroundwaterDischarge|Snowpack|SnowmeltRunoff|DryStandingBiomass|DustFront|DepositionZone|ErosionFlow|FrozenCorridor,Read:ReadFlows:12|Migrate:Move:4|Migrate:CompactTrail:0.00120000064|Transform:ConsumeBiomass:0.103018187|Transform:ConsumeBiomass:0.0169818103|Absorb:CollectSnow:0.00305672595|Transform:MeltSnow:0.00305672595|Absorb:HarvestLiveBiomass:0.180000007|Absorb:HarvestDryBiomass:0.119999997|Absorb:CaptureDust:0.0450000018|Return:ReturnSediment:9.00000086E-05
1,345,GatherBiomass,DryStandingBiomass,303,126,303,126,0,12,1,1,0.0034000000450760126,0.0034000000450760126,0.080975964665412903,0.080975964665412903,1,0.031332101672887802,1.001451849937439,0.11999999731779099,0.065598830580711365,4.5000004320172593E-05,10.800000190734863,RainFront|DryStandingBiomass|DustFront|DepositionZone|FrozenCorridor,Read:ReadFlows:12|Transform:ConsumeBiomass:0.0809759647|Transform:ConsumeBiomass:0.0390240327|Absorb:CollectSnow:0.00702432636|Transform:MeltSnow:0.00702432636|Absorb:HarvestLiveBiomass:0.0450000018|Absorb:HarvestDryBiomass:0.119999997|Absorb:CaptureDust:0.0450000018
1,346,ReturnMinerals,DepositionZone,303,126,299,125,4.123105525970459,12,1,1,0.0042246212251484394,0.0042246212251484394,0.10425318032503128,0.10425318032503128,1,0.02994190901517868,1.001451849937439,0,0.1008494645357132,0,10.800000190734863,RainFront|DryStandingBiomass|DustFront|DepositionZone|FrozenCorridor,Read:ReadFlows:12|Migrate:Move:4.12310553|Migrate:CompactTrail:0.00150000083|Transform:ConsumeBiomass:0.10425318|Transform:ConsumeBiomass:0.015746817|Absorb:CollectSnow:0.00283442717|Transform:MeltSnow:0.00283442717|Absorb:CaptureDust:0.0450000018|Return:ReturnSediment:9.00000086E-05
1,347,GatherBiomass,DryStandingBiomass,299,125,299,125,0,12,1,1,0.003409121185541153,0.003409121185541153,0.081405013799667358,0.081405013799667358,1,0.026532787829637527,0.81386607885360718,0.11999999731779099,0,4.5000004320172593E-05,10.800000190734863,RainFront|Snowpack|DryStandingBiomass|DustFront|DepositionZone|FrozenCorridor,Read:ReadFlows:12|Transform:ConsumeBiomass:0.232585758|Absorb:HarvestLiveBiomass:0.0450000018|Absorb:HarvestDryBiomass:0.119999997|Absorb:CaptureDust:0.0450000018|Return:ReturnOrganicMatter:0.175276905
1,348,SecureWater,RainFront,299,125,303,124,4.123105525970459,12,1,1,0.0042246212251484394,0.0042246212251484394,0.10465022921562195,0.10465022921562195,1,0.025071125477552414,0.99386608600616455,0.11999999731779099,0.035330045968294144,9.0000008640345186E-05,10.800000190734863,RainFront|Snowpack|DryStandingBiomass|DustFront|DepositionZone|FrozenCorridor,Read:ReadFlows:12|Migrate:Move:4.12310553|Migrate:CompactTrail:0.00150000083|Transform:ConsumeBiomass:0.104650229|Transform:ConsumeBiomass:0.0153497681|Absorb:CollectSnow:0.00276295841|Transform:MeltSnow:0.00276295841|Absorb:HarvestLiveBiomass:0.180000007|Absorb:HarvestDryBiomass:0.119999997|Absorb:CaptureDust:0.0450000018
1,349,SecureWater,RainFront,303,124,307,122,4.4721360206604004,12,1,1,0.0042944271117448807,0.0042944271117448807,0.10633079707622528,0.10633079707622528,1,0.023078311234712601,0.99386608600616455,0.0067643644288182259,0.070184484124183655,0.00013500000932253897,10.800000190734863,RainFront|DryStandingBiomass|DustFront|DepositionZone|FrozenCorridor,Read:ReadFlows:12|Migrate:Move:4.47213602|Migrate:CompactTrail:0.00120000064|Transform:ConsumeBiomass:0.106330797|Absorb:CondenseAtmosphericWater:0.00230161194|Transform:ConsumeBiomass:0.00690483581|Absorb:CaptureDust:0.0450000018
1,350,SecureWater,SurfaceWater,307,122,311,123,4.123105525970459,14,1,1,0.0042246212251484394,0.0042246212251484394,0.10384224355220795,0.10384224355220795,1,0.018853690475225449,0.89650076627731323,0.11999999731779099,0,0.00018000001728069037,10.800000190734863,SurfaceWater|RainFront|GroundwaterDischarge|Snowpack|SnowmeltRunoff|DryStandingBiomass|DustFront|DepositionZone|ErosionFlow|FrozenCorridor,Read:ReadFlows:12|Migrate:Move:4.12310553|Migrate:CompactTrail:0.00150000083|Transform:ConsumeBiomass:0.284129709|Absorb:HarvestLiveBiomass:0.180000007|Absorb:HarvestDryBiomass:0.119999997|Absorb:CaptureDust:0.0450000018|Return:ReturnOrganicMatter:0.16110599
1,351,SecureWater,SurfaceWater,311,123,315,124,4.123105525970459,16,1,1,0.0042246212251484394,0.0042246212251484394,0.10296632349491119,0.10296632349491119,1,0.017695130780339241,1.0765007734298706,0.11999999731779099,0.034993264824151993,0.00018000001728069037,10.800000190734863,SurfaceWater|RainFront|GroundwaterDischarge|Snowpack|SnowmeltRunoff|DryStandingBiomass|DustFront|DepositionZone|ErosionFlow|FrozenCorridor,Read:ReadFlows:12|Migrate:Move:4.12310553|Migrate:CompactTrail:0.00150000094|Transform:ConsumeBiomass:0.102966323|Transform:ConsumeBiomass:0.0170336738|Absorb:CollectSnow:0.0030660613|Transform:MeltSnow:0.0030660613|Absorb:HarvestLiveBiomass:0.180000007|Absorb:HarvestDryBiomass:0.119999997
1,352,SecureWater,SurfaceWater,315,124,319,125,4.123105525970459,12,1,1,0.0042246212251484394,0.0042246212251484394,0.10189878940582275,0.10189878940582275,1,0.038728725165128708,1.0765007734298706,0,0.069773018360137939,0.00018000001728069037,10.800000190734863,SurfaceWater|RainFront|GroundwaterDischarge|Snowpack|SnowmeltRunoff|DryStandingBiomass|DustFront|DepositionZone|ErosionFlow|FrozenCorridor,Read:ReadFlows:12|Migrate:Move:4.12310553|Migrate:CompactTrail:0.00150000071|Transform:ConsumeBiomass:0.101898789|Absorb:WithdrawSurfaceWater:0.0219999999|Transform:ConsumeBiomass:0.0181012079|Absorb:CollectSnow:0.00325821759|Transform:MeltSnow:0.00325821759
1,353,ReturnMinerals,DepositionZone,319,125,315,124,4.123105525970459,12,1,1,0.0042246212251484394,0.0042246212251484394,0.09929993748664856,0.09929993748664856,1,0.034504104405641556,0.97278666496276855,0.11999999731779099,0,0,10.800000190734863,SurfaceWater|RainFront|GroundwaterDischarge|Snowpack|SnowmeltRunoff|DryStandingBiomass|DustFront|DepositionZone|ErosionFlow|FrozenCorridor,Read:ReadFlows:12|Migrate:Move:4.12310553|Migrate:CompactTrail:0.0015000006|Transform:ConsumeBiomass:0.283714116|Absorb:HarvestLiveBiomass:0.180000007|Absorb:HarvestDryBiomass:0.119999997|Return:ReturnOrganicMatter:0.160561532|Return:ReturnSediment:0.000180000017
1,354,GatherBiomass,DryStandingBiomass,315,124,315,124,0,12,1,1,0.0034000000450760126,0.0034000000450760126,0.078949466347694397,0.078949466347694397,1,0.03849320113658905,1.0177866220474243,0.11999999731779099,0.030189892277121544,0,10.800000190734863,SurfaceWater|RainFront|GroundwaterDischarge|Snowpack|SnowmeltRunoff|DryStandingBiomass|DustFront|DepositionZone|ErosionFlow|FrozenCorridor,Read:ReadFlows:12|Transform:ConsumeBiomass:0.0789494663|Transform:ConsumeBiomass:0.041050531|Absorb:CollectSnow:0.00738909608|Transform:MeltSnow:0.00738909608|Absorb:HarvestLiveBiomass:0.0450000018|Absorb:HarvestDryBiomass:0.119999997
1,355,GatherBiomass,DryStandingBiomass,315,124,314,123,1.4142135381698608,12,1,1,0.0036828427109867334,0.0036828427109867334,0.087050259113311768,0.087050259113311768,1,0.040741309523582458,1.0627865791320801,0.11999999731779099,0.061999943107366562,0,10.800000190734863,SurfaceWater|RainFront|GroundwaterDischarge|Snowpack|SnowmeltRunoff|DryStandingBiomass|DustFront|DepositionZone|ErosionFlow|FrozenCorridor,Read:ReadFlows:12|Migrate:Move:1.41421354|Migrate:CompactTrail:0.000600000378|Transform:ConsumeBiomass:0.0870502591|Transform:ConsumeBiomass:0.0329497382|Absorb:CollectSnow:0.00593095319|Transform:MeltSnow:0.00593095319|Absorb:HarvestLiveBiomass:0.0450000018|Absorb:HarvestDryBiomass:0.119999997
1,356,GatherBiomass,DryStandingBiomass,314,123,313,122,1.4142135381698608,12,1,1,0.0036828427109867334,0.0036828427109867334,0.087437570095062256,0.087437570095062256,1,0.037058465182781219,1.1077865362167358,0.15256242454051971,0.089979961514472961,4.5000004320172593E-05,10.800000190734863,SurfaceWater|RainFront|GroundwaterDischarge|Snowpack|SnowmeltRunoff|DryStandingBiomass|DustFront|DepositionZone|ErosionFlow|FrozenCorridor,Read:ReadFlows:12|Migrate:Move:1.41421354|Migrate:CompactTrail:0.000600000378|Transform:ConsumeBiomass:0.0874375701|Absorb:HarvestLiveBiomass:0.0450000018|Absorb:HarvestDryBiomass:0.119999997|Absorb:CaptureDust:0.0450000018
1,357,ReturnMinerals,DepositionZone,313,122,309,122,4,12,1,1,0.00419999985024333,0.00419999985024333,0.10225661098957062,0.10225661098957062,1,0.032858464866876602,1.1077865362167358,0.050305813550949097,0.12270207703113556,0,10.800000190734863,SurfaceWater|RainFront|GroundwaterDischarge|Snowpack|SnowmeltRunoff|DryStandingBiomass|DustFront|DepositionZone|ErosionFlow|FrozenCorridor,Read:ReadFlows:12|Migrate:Move:4|Migrate:CompactTrail:0.00120000076|Transform:ConsumeBiomass:0.102256611|Absorb:CaptureDust:0.0450000018|Return:ReturnSediment:9.00000086E-05
1,358,GatherBiomass,DryStandingBiomass,309,122,309,122,0,12,1,1,0.0034000000450760126,0.0034000000450760126,0.080347299575805664,0.080347299575805664,1,0.029458465054631233,1.0669536590576172,0.11999999731779099,0,4.5000004320172593E-05,10.800000190734863,SurfaceWater|RainFront|GroundwaterDischarge|Snowpack|SnowmeltRunoff|DryStandingBiomass|DustFront|DepositionZone|ErosionFlow|FrozenCorridor,Read:ReadFlows:12|Transform:ConsumeBiomass:0.136138633|Absorb:HarvestLiveBiomass:0.0450000018|Absorb:HarvestDryBiomass:0.119999997|Absorb:CaptureDust:0.0450000018|Return:ReturnOrganicMatter:0.166266441
1,359,ReturnMinerals,DepositionZone,309,122,305,122,4,12,1,1,0.00419999985024333,0.00419999985024333,0.10276412218809128,0.10276412218809128,1,0.027565160766243935,1.0669536590576172,0.010315787978470325,0.033714931458234787,0,10.800000190734863,SurfaceWater|RainFront|GroundwaterDischarge|Snowpack|SnowmeltRunoff|DryStandingBiomass|DustFront|DepositionZone|ErosionFlow|FrozenCorridor,Read:ReadFlows:12|Migrate:Move:4|Migrate:CompactTrail:0.00120000064|Transform:ConsumeBiomass:0.102764122|Absorb:CondenseAtmosphericWater:0.00230669579|Transform:ConsumeBiomass:0.00692008715|Absorb:CaptureDust:0.0450000018|Return:ReturnSediment:9.00000086E-05
1,360,GatherBiomass,DryStandingBiomass,305,122,305,122,0,12,1,1,0.003451785072684288,0.003451785072684288,0.080519244074821472,0.080519244074821472,1,0.024113375693559647,0.91137236356735229,0.11999999731779099,0.10120199620723724,4.5000004320172593E-05,10.800000190734863,RainFront|Snowpack|DryStandingBiomass|DustFront|DepositionZone|FrozenCorridor,Read:ReadFlows:12|Transform:ConsumeBiomass:0.210897088|Absorb:HarvestLiveBiomass:0.0450000018|Absorb:HarvestDryBiomass:0.119999997|Absorb:CaptureDust:0.0450000018
1,361,SecureWater,RainFront,305,122,309,122,4,12,1,1,0.00419999985024333,0.00419999985024333,0.10295324772596359,0.10295324772596359,1,0.022224344313144684,1.0913723707199097,0.13011384010314941,0.13497897982597351,9.0000008640345186E-05,10,RainFront|Snowpack|DryStandingBiomass|DustFront|DepositionZone|FrozenCorridor,Read:ReadFlows:12|Migrate:Move:4|Migrate:CompactTrail:0.00120000064|Transform:ConsumeBiomass:0.102953248|Absorb:CondenseAtmosphericWater:0.0023109694|Transform:ConsumeBiomass:0.0069329082|Absorb:HarvestLiveBiomass:0.180000007|Absorb:HarvestDryBiomass:0.119999997|Absorb:CaptureDust:0.0450000018|Transform:UseChitinForRepair:0.800000012
1,362,SecureWater,SurfaceWater,309,122,312,124,3.6055512428283691,14,1,1,0.0041211103089153767,0.0041211103089153767,0.10028210282325745,0.10028210282325745,1,0.020414510741829872,1.0913723707199097,0.022897906601428986,0,0.00013500000932253897,10,SurfaceWater|RainFront|GroundwaterDischarge|Snowpack|SnowmeltRunoff|DryStandingBiomass|DustFront|DepositionZone|ErosionFlow|FrozenCorridor,Read:ReadFlows:12|Migrate:Move:3.60555124|Migrate:CompactTrail:0.00120000052|Transform:ConsumeBiomass:0.100282103|Absorb:CondenseAtmosphericWater:0.0023112765|Transform:ConsumeBiomass:0.00693382975|Absorb:CaptureDust:0.0450000018|Return:ReturnOrganicMatter:0.167901322
1,363,SecureWater,SurfaceWater,312,124,315,126,3.6055512428283691,16,1,1,0.0041211103089153767,0.0041211103089153767,0.099317461252212524,0.099317461252212524,1,0.016293400898575783,1.0530307292938232,0.11999999731779099,0.0771966353058815,0.00018000001728069037,10,SurfaceWater|RainFront|GroundwaterDischarge|Snowpack|SnowmeltRunoff|DryStandingBiomass|DustFront|DepositionZone|ErosionFlow|FrozenCorridor,Read:ReadFlows:12|Migrate:Move:3.60555124|Migrate:CompactTrail:0.00120000064|Transform:ConsumeBiomass:0.241239488|Absorb:HarvestLiveBiomass:0.180000007|Absorb:HarvestDryBiomass:0.119999997|Absorb:CaptureDust:0.0450000018
1,364,SecureWater,SurfaceWater,315,126,319,127,4.123105525970459,18,1,1,0.0042246212251484394,0.0042246212251484394,0.10100509226322174,0.10100509226322174,1,0.037487860769033432,1.0530307292938232,0,0.11179764568805695,0.00018000001728069037,10,SurfaceWater|RainFront|GroundwaterDischarge|Snowpack|SnowmeltRunoff|DryStandingBiomass|DustFront|DepositionZone|ErosionFlow|FrozenCorridor,Read:ReadFlows:12|Migrate:Move:4.12310553|Migrate:CompactTrail:0.00150000094|Transform:ConsumeBiomass:0.101005092|Absorb:WithdrawSurfaceWater:0.0219999999|Transform:ConsumeBiomass:0.0189949051|Absorb:CollectSnow:0.00341908308|Transform:MeltSnow:0.00341908308
1,365,ReturnMinerals,DepositionZone,319,127,315,126,4.123105525970459,12,1,1,0.0042246212251484394,0.0042246212251484394,0.098607353866100311,0.098607353866100311,1,0.03326324000954628,0.95129543542861938,0.11999999731779099,0,0,10,SurfaceWater|RainFront|GroundwaterDischarge|Snowpack|SnowmeltRunoff|DryStandingBiomass|DustFront|DepositionZone|ErosionFlow|FrozenCorridor,Read:ReadFlows:12|Migrate:Move:4.12310553|Migrate:CompactTrail:0.00150000094|Transform:ConsumeBiomass:0.281735301|Absorb:HarvestLiveBiomass:0.180000007|Absorb:HarvestDryBiomass:0.119999997|Absorb:CaptureDust:0.0450000018|Return:ReturnOrganicMatter:0.201952934|Return:ReturnSediment:0.000225000025
