year,day,elapsed_hours,temperature_c,precipitation_mm_h,surface_water_mm,root_water_mm,groundwater_mm,snow_mm,live_biomass_gm2,dry_biomass_gm2,soil_compaction,dust_gm2,climate_temperature_offset_c,climate_moisture_multiplier,climate_wind_multiplier,climate_storm_frequency,climate_storm_intensity,climate_phase_shift_days,heatwave,cold_snap,rain_burst,wind_storm
1,15,360,-10.467267036437988,0.014192207716405392,0.013376695103943348,52.636913299560547,30.340080261230469,10.596638679504395,25.803525924682617,23.49787712097168,2.1509899852389935E-06,0.4579789936542511,-0.73960524797439575,0.94848209619522095,0.99728578329086304,1.1382597684860229,0.81245481967926025,9.4253749847412109,0,0,0,0
1,30,720,-9.0053529739379883,0.015977073460817337,0.083669058978557587,52.636878967285156,30.341098785400391,11.104350090026855,22.701427459716797,24.401805877685547,3.8855487218825147E-06,0.48102083802223206,-0.76327866315841675,0.94324588775634766,0.99728578329086304,1.1382597684860229,0.81245481967926025,9.4253749847412109,0,0,0,0
1,45,1080,-6.7392702102661133,0.007107290904968977,0.01996757835149765,54.215118408203125,30.342704772949219,10.217772483825684,20.057210922241211,24.791278839111328,5.647074431180954E-06,0.47371608018875122,-0.83640152215957642,0.9311034083366394,0.99728578329086304,1.1382597684860229,0.81245481967926025,9.4253749847412109,0,0,0,0
1,60,1440,-3.2774851322174072,0.005561640951782465,0,61.008186340332031,30.429279327392578,3.9103691577911377,18.484590530395508,24.12360954284668,8.4445755419437774E-06,0.42949786782264709,-0.94967031478881836,0.91229456663131714,0.99728578329086304,1.1382597684860229,0.81245481967926025,9.4253749847412109,0,0,0,0
1,75,1800,0.5451628565788269,0.0031106665264815092,0,63.245365142822266,31.046592712402344,1.6117918491363525,18.246171951293945,22.256618499755859,1.3160436537873466E-05,0.35581111907958984,-1.081578254699707,0.89039069414138794,0.99728578329086304,1.1382597684860229,0.81245481967926025,9.4253749847412109,0,0,0,0
1,90,2160,5.6660590171813965,0.00022625457495450974,0.001298688817769289,62.819938659667969,33.383510589599609,0,19.199590682983398,20.335136413574219,1.8884380551753566E-05,0.27313575148582458,-1.2106186151504517,0.86896288394927979,0.99728578329086304,1.1382597684860229,0.81245481967926025,9.4253749847412109,0,0,0,0
1,105,2520,9.9221181869506836,9.2804501861110111E-09,0.00060298317112028599,62.554454803466797,33.605884552001953,0,22.801477432250977,18.579421997070312,2.4556426069466397E-05,0.1777341216802597,-1.3152846097946167,0.85158252716064453,0.99728578329086304,1.1382597684860229,0.81245481967926025,9.4253749847412109,0,0,0,0
1,120,2880,14.039416313171387,0,0.00031551177380606532,62.263267517089844,33.622344970703125,0,27.840755462646484,16.975606918334961,3.017464950971771E-05,0.085676863789558411,-1.3740696907043457,0.84182101488113403,0.99728578329086304,1.1382597684860229,0.81245481967926025,9.4253749847412109,0,0,0,0
1,135,3240,17.620687484741211,0,0.00011895120405824855,61.844375610351562,33.608005523681641,0,32.536972045898438,15.620985984802246,3.5737895814236253E-05,0.023489348590373993,-1.3387799263000488,0.84693354368209839,0.99728578329086304,1.1382597684860229,0.81245481967926025,9.4253749847412109,0,0,0,0
1,150,3600,20.481876373291016,0,8.2699385529849678E-05,61.319133758544922,33.587718963623047,0,35.307098388671875,15.072957992553711,4.1247189074056223E-05,0.0020226563792675734,-1.1209973096847534,0.87914001941680908,0.99728578329086304,1.1382597684860229,0.81245481967926025,9.4253749847412109,0,0,0,0
1,165,3960,22.371419906616211,0,8.50594078656286E-05,60.73345947265625,33.564754486083984,0,36.714004516601562,15.165621757507324,4.6704662963747978E-05,1.5313908079406247E-05,-0.78499734401702881,0.9288288950920105,0.99728578329086304,1.1382597684860229,0.81245481967926025,9.4253749847412109,0,0,0,0
1,180,4320,23.093833923339844,0,9.4368719146586955E-05,60.123920440673828,33.538722991943359,0,37.823024749755859,15.448954582214355,5.2112103730905801E-05,9.7567436796452967E-08,-0.40959161520004272,0.98434531688690186,0.99728578329086304,1.1382597684860229,0.81245481967926025,9.4253749847412109,0,0,0,0
1,195,4680,27.219989776611328,0,9.1368747234810144E-05,59.518955230712891,33.507896423339844,0,38.862190246582031,15.797933578491211,5.7470129831926897E-05,4.6527845465327289E-10,3.8073453903198242,1.0340341329574585,0.99728578329086304,1.1382597684860229,0.97423553466796875,9.4253749847412109,1,0,0,0
1,210,5040,21.170186996459961,0,0.00012907061318401247,59.027858734130859,33.502326965332031,0,39.208763122558594,16.416530609130859,6.27799381618388E-05,1.7208215104605462E-12,0.99177873134613037,1.0662407875061035,0.99728578329086304,1.1382597684860229,0.81245481967926025,9.4253749847412109,0,0,0,0
1,225,5400,17.641851425170898,0,0.00014969756011851132,58.534347534179688,33.460212707519531,0,43.575481414794922,15.606398582458496,6.8039094912819564E-05,5.8002550414840582E-15,0.18138110637664795,1.0733007192611694,0.99728578329086304,1.1382597684860229,0.81245481967926025,9.4253749847412109,0,0,0,0
1,240,5760,13.815563201904297,0.0001244549494003877,0.00018695888866204768,58.424972534179688,33.413120269775391,0,49.678077697753906,14.288982391357422,7.3239440098404884E-05,2.8323246508966905E-17,0.14251017570495605,1.0829073190689087,0.99728578329086304,1.1382597684860229,0.81245481967926025,9.4253749847412109,0,0,0,0
1,255,6120,9.6778182983398438,0.00015781175170559436,0.00032301247119903564,58.606243133544922,33.361751556396484,0,54.878185272216797,13.066726684570312,7.8377757745329291E-05,4.3815727966365466E-20,0.075833678245544434,1.0993858575820923,0.99728578329086304,1.1382597684860229,0.81245481967926025,9.4253749847412109,0,0,0,0
1,270,6480,4.6182708740234375,0.00016093307931441814,0.00070288719143718481,59.018238067626953,33.308925628662109,0,58.120880126953125,11.947949409484863,8.3454848208930343E-05,2.1525313043741935E-23,-0.0016244649887084961,1.1185290813446045,0.99728578329086304,1.1382597684860229,0.81245481967926025,9.4253749847412109,0,0,0,0
1,285,6840,0.60349166393280029,0.00013670753105543554,0.0012062998721376061,59.432449340820312,33.261394500732422,0,58.923271179199219,10.923686981201172,8.8475215306971222E-05,0.0028576755430549383,-0.072840571403503418,1.13612961769104,0.99728578329086304,1.1382597684860229,0.81245481967926025,9.4253749847412109,0,0,0,0
1,300,7200,-3.0135107040405273,0.0013594998745247722,0.0023523657582700253,59.851306915283203,33.220283508300781,0.0027150423265993595,58.642349243164062,10.253150939941406,9.1474408691283315E-05,0.029505526646971703,-0.12079089879989624,1.1479800939559937,0.99728578329086304,1.1382597684860229,2.0723745822906494,9.4253749847412109,0,0,1,0
1,315,7560,-6.0293369293212891,0.00032451795414090157,0.002073878888040781,60.450569152832031,33.245082855224609,0.4331323504447937,55.546340942382812,12.323141098022461,9.1547371994238347E-05,0.096214823424816132,-0.13927415013313293,1.1480000019073486,0.99728578329086304,1.1382597684860229,0.81245481967926025,9.4253749847412109,0,0,0,0
1,330,7920,-8.3790979385375977,0.0025360521394759417,0.0055201426148414612,60.826320648193359,33.208042144775391,0.51923060417175293,49.810958862304688,16.720932006835938,9.2432172095868737E-05,0.3530694842338562,-0.23948147892951965,1.1146963834762573,1.059471607208252,1.1382597684860229,0.81245481967926025,9.4253749847412109,0,0,0,0
1,345,8280,-9.970332145690918,0.0081868218258023262,0.033708162605762482,60.850048065185547,33.137775421142578,1.0621212720870972,43.908905029296875,20.883768081665039,9.3296293925959617E-05,0.37954312562942505,-0.4086838960647583,1.0584626197814941,0.99728578329086304,1.1382597684860229,0.81245481967926025,9.4253749847412109,0,0,0,0
1,360,8640,-9.7980661392211914,0.0069639491848647594,0.025920284911990166,60.849571228027344,33.0594482421875,1.5196532011032104,38.679336547851562,24.045139312744141,9.4165210612118244E-05,0.3614753782749176,0.26229840517044067,0.85051929950714111,1.0027369260787964,0.97126328945159912,1.0108325481414795,9.8919343948364258,0,0,0,0
1,365,8760,-9.6949872970581055,0.005460001528263092,0.026223646476864815,60.849464416503906,33.032882690429688,1.6740295886993408,37.078262329101562,24.899190902709961,9.4455717771779746E-05,0.38550388813018799,0.39197155833244324,0.81466186046600342,1.0037463903427124,0.94033801555633545,1.0475691556930542,9.9783344268798828,0,0,0,0
2,15,9120,-9.2847003936767578,0.0063077956438064575,0.04042438417673111,60.849193572998047,32.952251434326172,2.3550279140472412,32.660636901855469,26.94019889831543,9.5329181931447238E-05,0.43743732571601868,0.10535813868045807,0.83083754777908325,1.002350926399231,0.98308908939361572,0.99678444862365723,9.8588953018188477,0,0,0,0
2,30,9480,-7.5714068412780762,0.0078950775787234306,0.092864647507667542,60.915031433105469,32.871726989746094,2.6141798496246338,28.809946060180664,28.262863159179688,9.6204363217111677E-05,0.46284699440002441,0.31274113059043884,0.79771524667739868,1.0037463903427124,0.94033801555633545,1.0475691556930542,9.9783344268798828,0,0,0,0
2,45,9840,-5.2712373733520508,0.0051691499538719654,0.0026506551075726748,61.426326751708984,32.841266632080078,2.926680326461792,25.918313980102539,28.552263259887695,9.6984265837818384E-05,0.6025015115737915,0.21478982269763947,0.80031096935272217,1.0037463903427124,0.94033801555633545,1.0475691556930542,9.9783344268798828,0,0,0,0
2,60,10200,-2.2295327186584473,0.0050396071746945381,0.0090903285890817642,61.770328521728516,32.8931884765625,3.0397355556488037,24.602546691894531,27.309930801391602,9.7002339316532016E-05,0.43342283368110657,0.063061326742172241,0.80433177947998047,1.0037463903427124,0.94033801555633545,1.0475691556930542,9.9783344268798828,0,0,0,0
2,75,10560,1.4927971363067627,0.0015512128593400121,0.018878821283578873,62.680130004882812,34.257144927978516,0.61062270402908325,24.515554428100586,25.060094833374023,0.00010002371709560975,0.36664947867393494,-0.11363512277603149,0.80901426076889038,1.0037463903427124,0.94033801555633545,1.0475691556930542,9.9783344268798828,0,0,0,0
2,90,10920,6.4770069122314453,2.0406359908520244E-05,0.0043514254502952099,62.103702545166016,35.257720947265625,0,25.986825942993164,22.897832870483398,0.0001049569618771784,0.28087976574897766,-0.28649038076400757,0.8135949969291687,1.0037463903427124,0.94033801555633545,1.0475691556930542,9.9783344268798828,0,0,0,0
2,105,11280,10.698954582214355,2.3075827471075172E-07,0.0029693141113966703,61.858486175537109,35.218318939208984,0,30.441967010498047,20.923221588134766,0.00010983666288666427,0.18484650552272797,-0.42669516801834106,0.81731045246124268,1.0037463903427124,0.94033801555633545,1.0475691556930542,9.9783344268798828,0,0,0,0
2,120,11640,14.800421714782715,0,0.00043212936725467443,61.480823516845703,35.133758544921875,0,36.146736145019531,19.119829177856445,0.00011465507850516587,0.095412775874137878,-0.505440354347229,0.8193972110748291,1.0037463903427124,0.94033801555633545,1.0475691556930542,9.9783344268798828,0,0,0,0
2,135,12000,18.367090225219727,0,0.0002556815161369741,60.9613037109375,35.044288635253906,0,41.058200836181641,17.698554992675781,0.00011941104457946494,0.027973804622888565,-0.48509538173675537,0.81898677349090576,1.0037463903427124,0.94033801555633545,1.0475691556930542,9.9783344268798828,0,0,0,0
2,150,12360,21.178398132324219,0,0.00032522264518775046,60.326740264892578,34.954929351806641,0,43.496112823486328,17.340969085693359,0.00012411097122821957,0.0022132084704935551,-0.33591187000274658,0.81571471691131592,1.0037463903427124,0.94033801555633545,1.0475691556930542,9.9783344268798828,0,0,0,0
2,165,12720,22.984580993652344,0,0.00020046251302119344,59.631015777587891,34.865943908691406,0,44.551982879638672,17.642692565917969,0.00012876345135737211,1.5586447261739522E-05,-0.10574823617935181,0.81066656112670898,1.0037463903427124,0.94033801555633545,1.0475691556930542,9.9783344268798828,0,0,0,0
2,180,13080,23.615503311157227,0,0.0001897572074085474,58.917427062988281,34.777389526367188,0,45.399169921875,18.079524993896484,0.00013337269774638116,9.5226511120927171E-08,0.151408851146698,0.80502647161483765,1.0037463903427124,0.94033801555633545,1.0475691556930542,9.9783344268798828,0,0,0,0
2,195,13440,22.995288848876953,0,0.00018798613746184856,58.216854095458984,34.689144134521484,0,46.275436401367188,18.501197814941406,0.00013793974358122796,3.7807548758372889E-10,0.38157248497009277,0.79997831583023071,1.0037463903427124,0.94033801555633545,1.0475691556930542,9.9783344268798828,0,0,0,0
2,210,13800,21.104551315307617,0,0.00019399067969061434,57.559463500976562,34.600700378417969,0,47.782802581787109,18.650409698486328,0.00014246343926060945,1.1359474558908511E-12,0.53075599670410156,0.79670625925064087,1.0037463903427124,0.94033801555633545,1.0475691556930542,9.9783344268798828,0,0,0,0
2,225,14160,18.099952697753906,0,0.00022373021056409925,57.062919616699219,34.512237548828125,0,51.806114196777344,17.865528106689453,0.00014693647972308099,2.7896318610144688E-15,0.56025683879852295,0.79734599590301514,1.0037463903427124,0.94033801555633545,1.0475691556930542,9.9783344268798828,0,0,0,0
2,240,14520,14.399270057678223,8.2570586528163403E-05,0.00026597571559250355,56.780418395996094,34.423934936523438,0,57.852806091308594,16.390945434570312,0.00015134508430492133,6.3009540175328573E-18,0.5732458233833313,0.80972570180892944,1.0037463903427124,0.94033801555633545,1.0475691556930542,9.9783344268798828,0,0,0,0
2,255,14880,10.356302261352539,0.00010870749974856153,0.00031965397647581995,56.714076995849609,34.337043762207031,0,63.077548980712891,15.008364677429199,0.00015568305389024317,5.4115928780098518E-21,0.59552621841430664,0.83096086978912354,1.0037463903427124,0.94033801555633545,5.5,9.9783344268798828,0,0,1,0
2,270,15240,5.3689332008361816,0.00012137595331296325,0.00065299600828438997,56.926239013671875,34.253067016601562,0,66.536331176757812,13.748991012573242,0.00015995228022802621,1.8770772669540747E-07,0.62140941619873047,0.85562986135482788,1.0037463903427124,0.94033801555633545,1.0475691556930542,9.9783344268798828,0,0,0,0
2,285,15600,1.4312434196472168,0.00011251225805608556,0.002905470784753561,57.197341918945312,34.170330047607422,0,67.561798095703125,12.599546432495117,0.00016416341532021761,0.0037749558687210083,0.64520680904388428,0.87831085920333862,1.0037463903427124,0.94033801555633545,1.0475691556930542,9.9783344268798828,0,0,0,0
2,300,15960,-2.1368286609649658,8.8336324552074075E-05,0.0035167215391993523,57.497264862060547,34.089569091796875,2.5586199825511358E-09,67.471031188964844,11.638436317443848,0.00016643547860439867,0.032684590667486191,0.66122972965240479,0.89358210563659668,1.0037463903427124,0.94033801555633545,1.0475691556930542,9.9783344268798828,0,0,0,0
2,315,16320,-5.1492705345153809,6.0732865676982328E-05,0.0062845945358276367,57.822925567626953,34.011142730712891,0.012078446336090565,64.988517761230469,13.005216598510742,0.00016406386566814035,0.095548942685127258,0.66056817770004272,0.89569729566574097,1.0037463903427124,0.94033801555633545,1.0475691556930542,9.9783344268798828,0,0,0,0
2,330,16680,-7.4858536720275879,0.00035416882019490004,0.0070208702236413956,58.142158508300781,33.934074401855469,0.11915472894906998,59.100307464599609,17.498126983642578,0.00016282498836517334,0.18702474236488342,0.60675084590911865,0.87946063280105591,1.0037463903427124,0.94033801555633545,1.0475691556930542,9.9783344268798828,0,0,0,0
2,345,17040,-15.714945793151855,0.014146950095891953,0.051244616508483887,58.269287109375,33.852958679199219,1.1938203573226929,52.215595245361328,22.536142349243164,0.00016297766705974936,0.27425128221511841,-5.9237298965454102,0.85204464197158813,1.0037463903427124,0.94033801555633545,1.0475691556930542,9.9783344268798828,0,1,0,0
2,360,17400,-8.6773433685302734,0.0029137523379176855,0.025109255686402321,58.266811370849609,33.767566680908203,0.99641025066375732,45.979953765869141,26.516447067260742,0.0001631461491342634,0.33520635962486267,1.370296835899353,0.73678821325302124,0.96864819526672363,1.1186869144439697,1.0342354774475098,2.7286467552185059,0,0,0,0
2,365,17520,-8.3259201049804688,0.0075588398613035679,0.020827220752835274,58.271076202392578,33.739025115966797,1.0672787427902222,44.079765319824219,27.59242057800293,0.00016320818394888192,0.34008786082267761,1.5823047161102295,0.71488851308822632,0.96214854717254639,1.151714563369751,1.0317662954330444,1.3861122131347656,0,0,0,0
3,15,17880,-7.5264801979064941,0.013863134197890759,0.019084107130765915,58.285366058349609,33.65350341796875,1.5575149059295654,38.836685180664062,30.188766479492188,0.00016341009177267551,1.0580747127532959,1.3682811260223389,0.72391539812088013,1.2753673791885376,1.1060571670532227,1.0351797342300415,3.242032527923584,0,0,0,1
3,30,18240,-5.2412896156311035,0.0046354532241821289,0.0072816205210983753,58.618949890136719,33.577232360839844,1.6341401338577271,34.912456512451172,31.295671463012695,0.00016331329243257642,0.40608528256416321,1.6235736608505249,0.70327764749526978,0.96214854717254639,1.151714563369751,1.0317662954330444,1.3861122131347656,0,0,0,0
3,45,18600,-2.6349694728851318,0.0032801330089569092,0.026100868359208107,58.877769470214844,33.567146301269531,1.6004465818405151,32.883140563964844,30.496511459350586,0.00016059797781053931,1.077074408531189,1.4665400981903076,0.70693379640579224,1.0300551652908325,1.151714563369751,1.0317662954330444,1.3861122131347656,0,0,0,0
3,60,18960,0.61858373880386353,0.00080493529094383121,0.03472992405295372,59.352046966552734,34.016876220703125,0.39557254314422607,32.526290893554688,28.182815551757812,0.0001603379932930693,0.32243043184280396,1.2232917547225952,0.71259719133377075,0.96214854717254639,1.151714563369751,1.0317662954330444,1.3861122131347656,0,0,0,0
3,75,19320,4.3559083938598633,9.8102345873485319E-06,0.011705012060701847,59.122810363769531,34.404872894287109,0,33.00811767578125,25.768260955810547,0.00016470105038024485,0.24981631338596344,0.94001543521881104,0.71919262409210205,0.96214854717254639,1.151714563369751,1.0317662954330444,1.3861122131347656,0,0,0,0
3,90,19680,9.2332658767700195,2.5915389301189862E-07,0.0039933496154844761,58.895278930664062,34.34796142578125,0,35.778461456298828,23.563400268554688,0.0001690205535851419,0.16660355031490326,0.66289716958999634,0.72564464807510376,0.96214854717254639,1.151714563369751,1.0317662954330444,1.3861122131347656,0,0,0,0
3,105,20040,13.277138710021973,2.6524038521102966E-10,0.0012125119101256132,58.553150177001953,34.2657470703125,0,40.824428558349609,21.552162170410156,0.00017328120884485543,0.081009887158870697,0.43812358379364014,0.73087793588638306,0.96214854717254639,1.151714563369751,1.0317662954330444,1.3861122131347656,0,0,0,0
3,120,20400,17.045368194580078,0,0.00042056749225594103,58.066535949707031,34.182201385498047,0,46.200275421142578,19.738706588745117,0.00017747579840943217,0.021667242050170898,0.31188082695007324,0.73381721973419189,0.96214854717254639,1.151714563369751,1.0317662954330444,1.3861122131347656,0,0,0,0
3,135,20760,20.276205062866211,0,0.00017943097918760031,57.509956359863281,34.109470367431641,0,49.652603149414062,18.79034423828125,0.00018160922627430409,0.001410422963090241,0.32754939794540405,0.73615938425064087,0.96214854717254639,1.151714563369751,1.0317662954330444,1.3861122131347656,0,0,0,0
3,150,21120,22.696874618530273,0,0.00014856690540909767,56.790225982666016,34.025688171386719,0,50.650424957275391,19.026340484619141,0.00018569716485217214,1.026781046675751E-05,0.47699844837188721,0.74700981378555298,0.96214854717254639,1.151714563369751,1.0317662954330444,1.3861122131347656,0,0,0,0
3,165,21480,24.066137313842773,0,0.00013934631715528667,56.027538299560547,33.941707611083984,0,50.961360931396484,19.630458831787109,0.00018975035345647484,6.3991670629093278E-08,0.70757186412811279,0.76375007629394531,0.96214854717254639,1.151714563369751,1.0317662954330444,1.3861122131347656,0,0,0,0
3,180,21840,24.239887237548828,0,0.00013607929577119648,55.257907867431641,33.858123779296875,0,51.260906219482422,20.259357452392578,0.00019377023272681981,3.1236466191408852E-10,0.9651867151260376,0.78245371580123901,0.96214854717254639,1.151714563369751,1.0317662954330444,1.3861122131347656,0,0,0,0
3,195,22200,23.132125854492188,0,0.00013931479770690203,54.519481658935547,33.774742126464844,0,51.626743316650391,20.804069519042969,0.00019775726832449436,1.1022787500467035E-12,1.1957600116729736,0.79919403791427612,0.96214854717254639,1.151714563369751,1.0317662954330444,1.3861122131347656,0,0,0,0
3,210,22560,20.829437255859375,0,0.00015592720592394471,53.923168182373047,33.691333770751953,0,52.797599792480469,20.942039489746094,0.00020171004871372133,1.8565420603850261E-15,1.3452091217041016,0.81004446744918823,0.96214854717254639,1.151714563369751,1.0317662954330444,1.3861122131347656,0,0,0,0
3,225,22920,17.495037078857422,4.0087240193997786E-09,0.00019999676442239434,53.504230499267578,33.607887268066406,0,56.601261138916016,19.984046936035156,0.00020561697601806372,2.3247598855121604E-18,1.371633768081665,0.81160908937454224,0.96214854717254639,1.151714563369751,1.0317662954330444,1.3861122131347656,0,0,0,0
3,240,23280,13.515630722045898,0.00010768173524411395,0.00024793800548650324,53.322826385498047,33.526012420654297,0,62.086883544921875,18.379360198974609,0.00020945505821146071,8.6729291478429329E-22,1.3538520336151123,0.80683505535125732,0.96214854717254639,1.151714563369751,1.0317662954330444,1.3861122131347656,0,0,0,0
3,255,23640,9.2815494537353516,0.00013426854275166988,0.00036916875978931785,53.351638793945312,33.448719024658203,0,66.664756774902344,16.905973434448242,0.0002132154768332839,1.5739614091144482E-25,1.3233509063720703,0.79864603281021118,0.96214854717254639,1.151714563369751,1.0317662954330444,1.3861122131347656,0,0,0,0
3,270,24000,4.2085580825805664,0.00012988744128961116,0.00064140395261347294,53.581279754638672,33.374885559082031,0,69.319465637207031,15.570215225219727,0.00021690514404326677,3.720512964378031E-08,1.2879173755645752,0.78913277387619019,0.96214854717254639,1.151714563369751,1.0317662954330444,1.3861122131347656,0,0,0,0
3,285,24360,0.29953667521476746,0.00010521576768951491,0.0014681090833619237,53.832710266113281,33.301704406738281,0,69.809310913085938,14.353116989135742,0.00022054098371881992,0.0038911043666303158,1.255339503288269,0.78038620948791504,0.96214854717254639,1.151714563369751,1.0317662954330444,1.3861122131347656,0,0,0,0
3,300,24720,-3.1135978698730469,7.6688782428391278E-05,0.0024691510479897261,54.106163024902344,33.228046417236328,6.7461051855843834E-08,69.281166076660156,13.61713695526123,0.00021970496163703501,0.037453718483448029,1.2334045171737671,0.77449709177017212,0.96214854717254639,1.151714563369751,1.0317662954330444,1.3861122131347656,0,0,0,0
3,315,25080,-5.8252291679382324,4.9940899771172553E-05,0.0039018932729959488,54.383571624755859,33.154857635498047,0.0066733714193105698,65.578453063964844,15.980417251586914,0.00021486540208570659,0.10162828862667084,1.2340056896209717,0.77229005098342896,0.96214854717254639,1.151714563369751,1.0317662954330444,1.3861122131347656,0,0,0,0
3,330,25440,-7.6570672988891602,0.00017197031411342323,0.0049933679401874542,54.640613555908203,33.081745147705078,0.04694659635424614,59.051097869873047,20.823038101196289,0.00021362018014770001,0.18078021705150604,1.3037927150726318,0.76078879833221436,0.96214854717254639,1.151714563369751,1.0317662954330444,1.3861122131347656,0,0,0,0
3,345,25800,-8.5436000823974609,0.0026046533603221178,0.017883069813251495,54.738739013671875,33.003162384033203,0.19511011242866516,52.142921447753906,25.598447799682617,0.00021328592265490443,0.26267832517623901,1.4216295480728149,0.74136865139007568,0.96214854717254639,1.151714563369751,1.0317662954330444,1.3861122131347656,0,0,0,0
3,360,26160,-4.812441349029541,9.0086796262767166E-05,0.0059438180178403854,54.843013763427734,32.922206878662109,0.27427056431770325,46.389446258544922,28.845670700073242,0.0002128901396645233,0.44057130813598633,5.1517949104309082,0.77631902694702148,1.0324180126190186,1.0308989286422729,1.0888429880142212,3.6381261348724365,0,0,0,0
3,365,26280,-4.1483936309814453,0.00011022522812709212,0.0061536896973848343,54.877815246582031,32.895851135253906,0.30146327614784241,45.207767486572266,29.145092010498047,0.00021118734730407596,0.49493426084518433,5.8621835708618164,0.77022945880889893,1.0454308986663818,1.0085256099700928,1.0994127988815308,4.0551657676696777,0,0,0,0
4,15,26640,-3.8108408451080322,0.00036512839142233133,0.0077502448111772537,55.217952728271484,32.819095611572266,0.48752519488334656,40.754940032958984,30.850954055786133,0.00020968007447663695,0.49354630708694458,5.0177617073059082,0.73089784383773804,1.0274418592453003,1.039454460144043,1.084801197052002,3.4786500930786133,0,0,0,0
4,30,27000,-1.2408497333526611,0.004172048531472683,0.037098053842782974,55.434494018554688,32.795097351074219,0.13725407421588898,39.399223327636719,29.444816589355469,0.00020592473447322845,0.56312716007232666,5.920595645904541,0.73818212747573853,1.0454308986663818,1.0085256099700928,1.0994127988815308,4.0551657676696777,0,0,0,0
4,45,27360,1.3046960830688477,3.5065802421740955E-06,0.0049768569879233837,55.472770690917969,32.77435302734375,0,39.208003997802734,27.069984436035156,0.00020566507009789348,0.54351305961608887,5.7776646614074707,0.74831026792526245,1.0454308986663818,1.0085256099700928,1.0994127988815308,4.0551657676696777,0,0,0,0
4,60,27720,4.4971179962158203,3.3096519018727122E-06,0.003310647327452898,55.391628265380859,32.714221954345703,0,39.454784393310547,24.80085563659668,0.00020959516405127943,0.48805245757102966,5.5562615394592285,0.76399898529052734,1.0454308986663818,1.0085256099700928,1.0994127988815308,4.0551657676696777,0,0,0,0
4,75,28080,8.2111082077026367,1.8184844066126971E-06,0.0020386781543493271,55.223094940185547,32.642581939697266,0,41.092304229736328,22.730033874511719,0.00021348717564251274,0.40261048078536987,5.2984247207641602,0.78226941823959351,1.0454308986663818,1.0085256099700928,1.0994127988815308,4.0551657676696777,0,0,0,0
4,90,28440,13.086341857910156,3.5735961745331224E-08,0.0034990631975233555,54.95672607421875,32.565219879150391,0,44.653343200683594,20.843069076538086,0.00021732723689638078,0.54477572441101074,5.0461931228637695,0.80014264583587646,1.0454308986663818,1.0085256099700928,1.0994127988815308,4.0551657676696777,0,0,0,0
4,105,28800,17.141374588012695,0,0.0001848564570536837,54.548728942871094,32.485294342041016,0,49.124580383300781,19.128582000732422,0.0002211032115155831,0.19539894163608551,4.8416051864624023,0.8146398663520813,1.0454308986663818,1.0085256099700928,1.0994127988815308,4.0551657676696777,0,0,0,0
4,120,29160,20.967937469482422,0,0.00011799817730206996,54.002670288085938,32.405574798583984,0,52.580921173095703,18.059165954589844,0.00022481435735244304,0.094752848148345947,4.7266998291015625,0.82278203964233398,1.0454308986663818,1.0085256099700928,1.0994127988815308,4.0551657676696777,0,0,0,0
4,135,29520,24.319664001464844,0,0.00010323412425350398,53.346176147460938,32.325969696044922,0,52.9852294921875,18.493202209472656,0.0002284803194925189,0.026712864637374878,4.7698421478271484,0.8261110782623291,1.0454308986663818,1.0085256099700928,1.0994127988815308,4.0551657676696777,0,0,0,0
4,150,29880,27.000249862670898,0,9.359703108202666E-05,52.627197265625,32.246536254882812,0,52.451107025146484,19.457775115966797,0.00023211856023408473,0.0025634295307099819,5.0587577819824219,0.83944427967071533,1.0454308986663818,1.0085256099700928,1.0994127988815308,4.0551657676696777,0,0,0,0
4,165,30240,28.719602584838867,0,0.0001298408315051347,51.885635375976562,32.167278289794922,0,51.28955078125,20.764719009399414,0.00023573504586238414,2.7492891604197212E-05,5.5045037269592285,0.86001527309417725,1.0454308986663818,1.0085256099700928,1.0994127988815308,4.0551657676696777,0,0,0,0
4,180,30600,29.273094177246094,0,8.3118524344172329E-05,51.162456512451172,32.08819580078125,0,49.681339263916016,22.195369720458984,0.00023933556803967804,1.7220729375821975E-07,6.0025262832641602,0.88299870491027832,1.0454308986663818,1.0085256099700928,1.0994127988815308,4.0551657676696777,0,0,0,0
4,195,30960,28.55671501159668,0,8.2042482972610742E-05,50.488304138183594,32.009349822998047,0,48.301822662353516,23.336742401123047,0.00024292168382089585,8.578726062857811E-10,6.4482722282409668,0.90356957912445068,1.0454308986663818,1.0085256099700928,1.0994127988815308,4.0551657676696777,0,0,0,0
4,210,31320,26.565189361572266,0,8.4137696831021458E-05,49.879898071289062,31.930562973022461,0,47.689609527587891,23.912891387939453,0.00024648880935274065,2.9806578212554502E-12,6.7371878623962402,0.91690289974212646,1.0454308986663818,1.0085256099700928,1.0994127988815308,4.0551657676696777,0,0,0,0
4,225,31680,25.840505599975586,0,7.9144665505737066E-05,49.347949981689453,31.852191925048828,0,47.661998748779297,24.043817520141602,0.00025003048358485103,7.1675623064797883E-15,8.7179288864135742,0.91956841945648193,1.0454308986663818,1.0085256099700928,1.0994127988815308,4.0551657676696777,1,0,0,0
4,240,32040,20.024261474609375,4.4951684685656801E-05,0.00014727111556567252,48.942043304443359,31.774177551269531,0,48.515106201171875,23.737026214599609,0.00025354328681714833,6.7567077875827303E-18,7.6454520225524902,0.921012282371521,1.0454308986663818,1.0085256099700928,1.0994127988815308,4.0551657676696777,1,0,0,0
4,255,32400,14.899187088012695,3.9169626688817516E-05,0.00018603376520331949,48.793418884277344,31.696208953857422,0,53.080707550048828,21.86906623840332,0.00025699639809317887,3.8221610765276637E-08,6.3252358436584473,0.92348909378051758,1.0454308986663818,1.0085256099700928,1.0994127988815308,4.0551657676696777,0,0,0,0
4,270,32760,9.5037975311279297,5.3756099077872932E-05,0.00036360399099066854,48.766742706298828,31.618429183959961,0,56.720829010009766,20.162799835205078,0.00026037980569526553,0.0045763486996293068,5.9952125549316406,0.92636644840240479,1.0454308986663818,1.0085256099700928,1.0994127988815308,4.0551657676696777,0,0,0,0
4,285,33120,5.2616448402404785,5.3329385991673917E-05,0.00069693266414105892,48.811176300048828,31.540618896484375,0,58.782058715820312,18.616226196289062,0.00026370224077254534,0.034615796059370041,5.6917848587036133,0.92901188135147095,1.0454308986663818,1.0085256099700928,1.0994127988815308,4.0551657676696777,0,0,0,0
4,300,33480,1.5771259069442749,0.00044114980846643448,0.0027503357268869877,48.912822723388672,31.46367073059082,0,59.149681091308594,17.208789825439453,0.00026697895373217762,0.10119861364364624,5.4874849319458008,0.93079310655593872,1.0454308986663818,1.0085256099700928,1.0994127988815308,4.0551657676696777,0,0,0,0
4,315,33840,-1.2768634557723999,2.9904995244578458E-05,0.0019944808445870876,49.035694122314453,31.388418197631836,6.8252264950885433E-10,58.913681030273438,15.959255218505859,0.00026796094607561827,0.20073328912258148,5.4486641883850098,0.92870110273361206,1.0454308986663818,1.0085256099700928,1.0994127988815308,4.0551657676696777,0,0,0,0
4,330,34200,-3.2252569198608398,2.0865951228188351E-05,0.0026731768157333136,49.175559997558594,31.314350128173828,1.2093190093764861E-07,57.590320587158203,15.833231925964355,0.00026236637495458126,0.30885282158851624,5.5315189361572266,0.89694893360137939,1.0454308986663818,1.0085256099700928,1.0994127988815308,4.0551657676696777,0,0,0,0
4,345,34560,-4.2677702903747559,1.6546480765100569E-05,0.0043279826641082764,49.311489105224609,31.240716934204102,0.024300508201122284,54.61474609375,17.293188095092773,0.00025611044839024544,0.40702491998672485,5.6714215278625488,0.8433346152305603,1.0454308986663818,1.0085256099700928,1.0994127988815308,4.0551657676696777,0,0,0,0
4,360,34920,-7.5370287895202637,0.00066128926118835807,0.0042389575392007828,49.767665863037109,31.170070648193359,0.17588381469249725,49.934890747070312,20.267543792724609,0.00025186262791976333,0.45949029922485352,2.6000261306762695,0.7814706563949585,1.0121396780014038,1.1703948974609375,0.85616493225097656,-3.6492300033569336,0,0,0,0
4,365,35040,-7.5769796371459961,0.00087731861276552081,0.0054536499083042145,49.85504150390625,31.14703369140625,0.20765872299671173,47.95263671875,21.610149383544922,0.0002516693202778697,0.46900367736816406,2.0922861099243164,0.7712472677230835,1.0059746503829956,1.2003706693649292,0.81111901998519897,-5.0759701728820801,0,0,0,0
5,15,35400,-5.5213165283203125,0.00068680389085784554,0.0050088055431842804,50.026748657226562,31.075027465820312,0.30147653818130493,44.121124267578125,23.374544143676758,0.00024607888190075755,0.52258419990539551,3.0590105056762695,0.75006407499313354,1.0144971609115601,1.158932089805603,0.87339049577713013,-3.103644847869873,0,0,0,0
5,30,35760,-3.7792418003082275,0.0045614172704517841,0.010968295857310295,50.198127746582031,31.005260467529297,0.52142053842544556,40.746761322021484,24.545539855957031,0.00023987379972822964,0.48944094777107239,2.2415924072265625,0.7560456395149231,1.0059746503829956,1.2003706693649292,0.81111901998519897,-5.0759706497192383,0,0,0,0
5,45,36120,-0.94425106048583984,0.0010293710511177778,0.034610718488693237,50.454662322998047,30.996082305908203,0.26779422163963318,39.436683654785156,23.63916015625,0.00023513702035415918,0.44704675674438477,2.0765013694763184,0.77544581890106201,1.0059746503829956,1.2003706693649292,0.81111901998519897,-5.0759706497192383,0,0,0,0
5,60,36480,2.4374873638153076,9.4689072284381837E-05,0.010075852274894714,50.527191162109375,31.012918472290039,0,39.315685272216797,21.755796432495117,0.00023639624123461545,0.3804277777671814,1.8207715749740601,0.80549705028533936,1.0059746503829956,1.2003706693649292,0.81111901998519897,-5.0759706497192383,0,0,0,0
5,75,36840,6.1734051704406738,5.3847984418098349E-06,0.003340982599183917,50.431056976318359,30.970712661743164,0,40.1434326171875,20.001071929931641,0.0002400966186542064,0.29147720336914062,1.5229599475860596,0.84049338102340698,1.0059746503829956,1.2003706693649292,0.81111901998519897,-5.0759706497192383,0,0,0,0
5,90,37200,11.01604175567627,1.1716290373442462E-06,0.0011139570269733667,50.198505401611328,30.911781311035156,0,43.031459808349609,18.404716491699219,0.00024375283101107925,0.18691925704479218,1.2316223382949829,0.87472891807556152,1.0059746503829956,1.2003706693649292,0.81111901998519897,-5.0759706497192383,0,0,0,0
5,105,37560,14.91175651550293,1.0711578291022761E-08,0.00031173962634056807,49.835853576660156,30.841476440429688,0,47.254768371582031,16.960178375244141,0.00024734559701755643,0.090907886624336243,0.99531519412994385,0.90249782800674438,1.0059746503829956,1.2003706693649292,0.81111901998519897,-5.0759706497192383,0,0,0,0
5,120,37920,18.466482162475586,0,0.00013554639008361846,49.336971282958984,30.770301818847656,0,51.341384887695312,15.780767440795898,0.00025087021640501916,0.02772623673081398,0.86259472370147705,0.91809403896331787,1.0059746503829956,1.2003706693649292,0.81111901998519897,-5.0759706497192383,0,0,0,0
5,135,38280,21.383369445800781,0,0.00011173488746862859,48.722293853759766,30.699489593505859,0,52.955753326416016,15.800752639770508,0.00025434113922528923,0.0022239789832383394,0.84107190370559692,0.91682100296020508,1.0059746503829956,1.2003706693649292,0.81111901998519897,-5.0759706497192383,0,0,0,0
5,150,38640,23.286258697509766,0,0.00012219238851685077,48.039478302001953,30.629100799560547,0,52.747119903564453,16.741670608520508,0.00025778316194191575,1.9082503058598377E-05,0.79705190658569336,0.90186607837677002,1.0059746503829956,1.2003706693649292,0.81111901998519897,-5.0759706497192383,0,0,0,0
5,165,39000,24.006952285766602,0,0.00012056646664859727,47.329627990722656,30.559000015258789,0,52.266403198242188,17.791507720947266,0.00026120690745301545,1.2145490302373219E-07,0.7291368842124939,0.87879323959350586,1.0059746503829956,1.2003706693649292,0.81111901998519897,-5.0759706497192383,0,0,0,0
5,180,39360,23.434354782104492,0,9.6517804195173085E-05,46.659549713134766,30.489297866821289,0,51.873760223388672,18.727701187133789,0.00026461310335434973,5.6979415630209473E-10,0.65325683355331421,0.85301446914672852,1.0059746503829956,1.2003706693649292,0.81111901998519897,-5.0759706497192383,0,0,0,0
5,195,39720,21.723764419555664,0,9.7069016192108393E-05,46.10986328125,30.419944763183594,0,51.775615692138672,19.412620544433594,0.00026800192426890135,0.052811872214078903,0.58534181118011475,0.82994163036346436,1.0059746503829956,1.2003706693649292,0.81111901998519897,-5.0759706497192383,0,0,0,0
5,210,40080,18.95379638671875,0,0.00010223181743640453,45.724201202392578,30.35096549987793,0,52.995635986328125,19.376787185668945,0.00027136720018461347,0.00039101814036257565,0.54132187366485596,0.8149867057800293,1.0059746503829956,1.2003706693649292,0.81111901998519897,-5.0759706497192383,0,0,0,0
5,225,40440,15.40855598449707,2.7497844712343067E-07,0.00012841996795032173,45.521080017089844,30.282777786254883,0,56.448406219482422,18.275064468383789,0.00027468317421153188,2.7559490263229236E-06,0.54160261154174805,0.81278860569000244,1.0059746503829956,1.2003706693649292,0.81111901998519897,-5.0759706497192383,0,0,0,0
5,240,40800,11.419478416442871,0.00011371081200195476,0.00014979016850702465,45.468902587890625,30.217967987060547,0,60.330513000488281,16.969675064086914,0.00027792496257461607,1.6898152210842454E-08,0.62620663642883301,0.81895941495895386,1.0059746503829956,1.2003706693649292,0.81111901998519897,-5.0759706497192383,0,0,0,0
5,255,41160,7.3163418769836426,0.00011227908544242382,0.00023498265363741666,45.530399322509766,30.158098220825195,0,63.314815521240234,15.796319007873535,0.00028109041159041226,6.009261838135771E-11,0.77133041620254517,0.82954442501068115,1.0059746503829956,1.2003706693649292,0.81111901998519897,-5.0759706497192383,0,0,0,0
5,270,41520,2.440654993057251,0.00010198252130066976,0.00043263830593787134,45.723796844482422,30.101730346679688,0,64.535415649414062,14.733366012573242,0.0002841927926056087,0.0045093758963048458,0.93992090225219727,0.84184104204177856,1.0059746503829956,1.2003706693649292,0.81111901998519897,-5.0759706497192383,0,0,0,0
5,285,41880,-1.17362380027771,0.00062048126710578799,0.0015892359660938382,45.939968109130859,30.045528411865234,5.1295643061166629E-05,64.406501770019531,13.762212753295898,0.00028716292581520975,0.041913017630577087,1.0949254035949707,0.85314661264419556,1.0059746503829956,1.2003706693649292,0.81111901998519897,-5.0759706497192383,0,0,0,0
5,300,42240,-4.2825956344604492,0.00012482376769185066,0.002877367427572608,46.199291229248047,29.988899230957031,0.0044667050242424011,62.992561340332031,13.919062614440918,0.00028125359676778316,0.11481828987598419,1.1992909908294678,0.86075884103775024,1.0059746503829956,1.2003706693649292,0.81111901998519897,-5.0759706497192383,0,0,0,0
5,315,42600,-6.7030963897705078,4.9733134801499546E-05,0.00258837197907269,46.479923248291016,29.930879592895508,0.029157556593418121,58.269828796386719,17.226974487304688,0.00027460913406684995,0.20644840598106384,1.235877513885498,0.86103790998458862,1.0059746503829956,1.2003706693649292,0.81111901998519897,-5.0759706497192383,0,0,0,0
5,330,42960,-8.1211977005004883,0.00065144681138917804,0.0083378441631793976,46.72198486328125,29.869232177734375,0.092263594269752502,51.807357788085938,21.894350051879883,0.00027396806399337947,0.43616294860839844,1.4074718952178955,0.84304708242416382,1.0059746503829956,1.2003706693649292,0.81111901998519897,-5.0759706497192383,0,0,0,0
5,345,43320,-8.5160150527954102,0.0045887590385973454,0.010621891357004642,46.786788940429688,29.802957534790039,0.31113296747207642,45.558261871337891,25.946523666381836,0.00027317123021930456,0.94218969345092773,1.6972129344940186,0.81266897916793823,1.1684625148773193,1.2003706693649292,0.81111901998519897,-5.0759706497192383,0,0,0,1
5,360,43680,-8.8538818359375,0.0040381737053394318,0.019244948402047157,46.818405151367188,29.735761642456055,0.71530294418334961,40.009902954101562,28.978597640991211,0.00027243551448918879,0.3727966845035553,1.3328900337219238,0.83815652132034302,0.94491612911224365,1.2242963314056396,0.94789892435073853,-1.2351863384246826,0,0,0,0
5,365,43800,-8.851750373840332,0.0039329365827143192,0.021815085783600807,46.822620391845703,29.713325500488281,0.9350358247756958,38.306957244873047,29.786867141723633,0.00027220248011872172,0.3408312201499939,1.1259732246398926,0.86600136756896973,0.9336090087890625,1.2287269830703735,0.97322851419448853,-0.52393007278442383,0,0,0,0
6,15,44160,-7.5196118354797363,0.0027298589702695608,0.011476085521280766,47.040615081787109,29.647001266479492,1.1802575588226318,33.834705352783203,31.458688735961914,0.00027155852876603603,0.41753989458084106,1.2460305690765381,0.86776494979858398,0.94923996925354004,1.2226020097732544,0.93821287155151367,-1.5071709156036377,0,0,0,0
6,30,44520,-5.8069443702697754,0.0033120233565568924,0.0041604158468544483,47.338287353515625,29.581892013549805,2.228670597076416,30.142416000366211,32.236087799072266,0.00027117697754874825,0.37293407320976257,0.93910545110702515,0.90220141410827637,0.9336090087890625,1.2287269830703735,0.97322851419448853,-0.52393007278442383,0,0,0,0
6,45,44880,-3.0480532646179199,0.0036800468806177378,0.0075821303762495518,47.609729766845703,29.523191452026367,2.4701070785522461,28.010749816894531,31.451416015625,0.00026475728373043239,0.34510853886604309,0.87470889091491699,0.90349102020263672,0.9336090087890625,1.2287269830703735,0.97322851419448853,-0.52393007278442383,0,0,0,0
6,60,45240,0.39525249600410461,0.007114507257938385,0.10713469982147217,48.477836608886719,29.692989349365234,0.97891557216644287,27.508380889892578,29.185270309448242,0.00026090000756084919,0.28600901365280151,0.77495729923248291,0.90548849105834961,0.9336090087890625,1.2287269830703735,0.97322851419448853,-0.52393007278442383,0,0,0,0
6,75,45600,4.3084855079650879,0.00027349835727363825,0.029369432479143143,48.486492156982422,30.03108024597168,0,27.73628044128418,26.772029876708984,0.00026450402219779789,0.21257151663303375,0.6587909460067749,0.907814621925354,0.9336090087890625,1.2287269830703735,0.97322851419448853,-0.52393007278442383,0,0,0,0
6,90,45960,9.3412027359008789,3.6659414490713971E-06,0.0028965992387384176,48.358226776123047,30.015880584716797,0,29.613025665283203,24.571178436279297,0.00026807197718881071,0.13295379281044006,0.54514992237091064,0.91009026765823364,0.9336090087890625,1.2287269830703735,0.97322851419448853,-0.52393007278442383,0,0,0,0
6,105,46320,13.475584030151367,2.20732601974305E-07,0.00068203062983229756,48.121650695800781,29.960695266723633,0,33.06927490234375,22.57282829284668,0.00027158379089087248,0.056703858077526093,0.45297449827194214,0.91193604469299316,0.9336090087890625,1.2287269830703735,0.97322851419448853,-0.52393007278442383,0,0,0,0
6,120,46680,17.270671844482422,0,0.00017509376630187035,47.773399353027344,29.89625358581543,0,36.740455627441406,20.788970947265625,0.00027503029559738934,0.0099207134917378426,0.40120470523834229,0.91297274827957153,0.9336090087890625,1.2287269830703735,0.97322851419448853,-0.52393007278442383,0,0,0,0
6,135,47040,20.379867553710938,0,0.00010979086073348299,47.324920654296875,29.831932067871094,0,38.838825225830078,19.784379959106445,0.00027842057170346379,0.00028176259365864098,0.38034307956695557,0.90783500671386719,0.9336090087890625,1.2287269830703735,0.97322851419448853,-0.52393007278442383,0,0,0,0
6,150,47400,22.466796875,0.00016882395721040666,0.0003036453272216022,46.813282012939453,29.768156051635742,0,39.216648101806641,19.670820236206055,0.00028177633066661656,1.9930012058466673E-06,0.29717910289764404,0.88009107112884521,0.9336090087890625,1.2287269830703735,0.97322851419448853,-0.52393007278442383,0,0,0,0
6,165,47760,23.3765869140625,0,9.5687661087140441E-05,46.273139953613281,29.704910278320312,0,39.145641326904297,19.821413040161133,0.00028510898118838668,1.3327933423568084E-08,0.16887181997299194,0.83728712797164917,0.9336090087890625,1.2287269830703735,0.97322851419448853,-0.52393007278442383,0,0,0,0
6,180,48120,23.012245178222656,0,8.738452015677467E-05,45.840240478515625,29.64381217956543,0,39.112964630126953,19.968738555908203,0.00028842134634032845,5.7060939306907699E-11,0.025516748428344727,0.7894631028175354,0.9336090087890625,1.2287269830703735,0.97322851419448853,-0.52393007278442383,0,0,0,0
6,195,48480,21.445716857910156,0,8.76069170772098E-05,45.421463012695312,29.58161735534668,0,39.390007019042969,19.957921981811523,0.00029171339701861143,1.6585178868287753E-13,-0.10279059410095215,0.74665915966033936,0.9336090087890625,1.2287269830703735,0.97322851419448853,-0.52393007278442383,0,0,0,0
6,210,48840,18.844282150268555,0,8.2838480011560023E-05,45.14208984375,29.519763946533203,0,40.786945343017578,19.438634872436523,0.00029497701325453818,0.0068779252469539642,-0.18595457077026367,0.71891522407531738,1.0808541774749756,1.2287269830703735,0.97322851419448853,-0.52393007278442383,0,0,0,1
6,225,49200,15.46001148223877,4.276251956980559E-07,0.00011337402975186706,45.051250457763672,29.458133697509766,0,43.977336883544922,18.187746047973633,0.0002981821889989078,0.0015044650062918663,-0.17497420310974121,0.71346813440322876,0.9336090087890625,1.2287269830703735,0.97322851419448853,-0.52393007278442383,0,0,0,0
6,240,49560,11.789847373962402,0.00010285186726832762,0.00017392069275956601,45.070491790771484,29.397825241088867,0,47.496627807617188,16.837652206420898,0.00030130500090308487,1.0890851626754738E-05,0.087709903717041016,0.71143859624862671,0.9336090087890625,1.2287269830703735,0.97322851419448853,-0.52393007278442383,0,0,0,0
6,255,49920,8.064910888671875,9.3531110906042159E-05,0.00020108911849092692,45.127117156982422,29.341611862182617,0,50.305191040039062,15.620837211608887,0.0003043513570446521,7.5501610297123989E-08,0.53829962015151978,0.70795732736587524,0.9336090087890625,1.2287269830703735,0.97322851419448853,-0.52393007278442383,0,0,0,0
6,270,50280,3.5345275402069092,8.6889500380493701E-05,0.00036960808211006224,45.252521514892578,29.291704177856445,0,51.694400787353516,14.519979476928711,0.00030733604216948152,3.8699210502812775E-10,1.0617505311965942,0.70391309261322021,0.9336090087890625,1.2287269830703735,0.97322851419448853,-0.52393007278442383,0,0,0,0
6,285,50640,0.16050064563751221,6.8111236032564193E-05,0.00080484553473070264,45.371212005615234,29.246303558349609,0,51.780147552490234,13.515229225158691,0.00031027832301333547,0.0027524214237928391,1.5430185794830322,0.7001948356628418,0.9336090087890625,1.2287269830703735,0.97322851419448853,-0.52393007278442383,0,0,0,0
6,300,51000,-2.8722066879272461,5.2657745982287452E-05,0.0015390426851809025,45.520565032958984,29.201271057128906,5.3794127552464488E-07,51.272167205810547,12.825345039367676,0.00030735999462194741,0.032269399613142014,1.8670597076416016,0.69769126176834106,0.9336090087890625,1.2287269830703735,0.97322851419448853,-0.52393007278442383,0,0,0,0
6,315,51360,-5.4720582962036133,4.1417762986384332E-05,0.0024396518711000681,45.701133728027344,29.154800415039062,0.00035352740087546408,48.739261627197266,14.132053375244141,0.00029959081439301372,0.099113695323467255,1.9263656139373779,0.69974517822265625,0.9336090087890625,1.2287269830703735,0.97322851419448853,-0.52393007278442383,0,0,0,0
6,330,51720,-7.4611010551452637,0.0027466430328786373,0.0032503230031579733,45.913928985595703,29.106271743774414,0.037669889628887177,44.052207946777344,17.375387191772461,0.00029583511059172451,0.17810738086700439,1.7659950256347656,0.73305708169937134,0.9336090087890625,1.2287269830703735,0.97322851419448853,-0.52393007278442383,0,0,0,0
6,345,52080,-8.6618738174438477,0.0029406207613646984,0.014978227205574512,46.034202575683594,29.053159713745117,0.20919695496559143,38.850788116455078,20.819118499755859,0.00029490949236787856,0.25757560133934021,1.4952054023742676,0.78930503129959106,0.9336090087890625,1.2287269830703735,0.97322851419448853,-0.52393007278442383,0,0,0,0
6,360,52440,-7.8412280082702637,0.0015788123710080981,0.011271980591118336,46.081069946289062,28.993694305419922,0.52978110313415527,34.126499176025391,23.506084442138672,0.00029402121435850859,0.32426854968070984,2.2080368995666504,0.86495625972747803,0.92635393142700195,1.0941522121429443,0.91763031482696533,-2.5708990097045898,0,0,0,0
6,365,52560,-7.4155464172363281,0.0039321770891547203,0.0087366793304681778,46.117958068847656,28.974298477172852,0.66200911998748779,32.725025177001953,24.180456161499023,0.00029373710276558995,0.33650055527687073,2.4300017356872559,0.88025212287902832,0.92501038312911987,1.0692309141159058,0.90733432769775391,-2.9499673843383789,0,0,0,0
7,15,52920,-6.3504066467285156,0.004781993106007576,0.0054196766577661037,46.291835784912109,28.917228698730469,1.0290594100952148,28.855024337768555,25.760137557983398,0.0002929489710368216,0.36850228905677795,2.1698000431060791,0.90309083461761475,0.92686766386032104,1.1036820411682129,0.92156749963760376,-2.4259433746337891,0,0,0,0
7,30,53280,-3.8903212547302246,0.0021760261151939631,0.0063355672173202038,46.526908874511719,28.860576629638672,1.3278310298919678,26.431785583496094,25.816865921020508,0.00028742669383063912,0.36003398895263672,2.5005481243133545,0.90805745124816895,0.92501038312911987,1.0692309141159058,0.90733432769775391,-2.9499673843383789,0,0,0,0
7,45,53640,-0.97623211145401001,0.00165456288959831,0.046675268560647964,46.943084716796875,28.869976043701172,0.92529797554016113,25.522603988647461,24.424837112426758,0.00028106456738896668,0.33065015077590942,2.4699301719665527,0.91755527257919312,0.92501038312911987,1.0692309141159058,0.90733432769775391,-2.9499673843383789,0,0,0,0
7,60,54000,2.5874912738800049,0.00063199683791026473,0.018296157941222191,47.096542358398438,28.995668411254883,0.00029186950996518135,25.425998687744141,22.443410873413086,0.00028179254150018096,0.81054222583770752,2.4225025177001953,0.93226772546768188,1.1036477088928223,1.0692309141159058,0.90733432769775391,-2.9499673843383789,0,0,0,1
7,75,54360,6.5303292274475098,1.5853387594688684E-05,0.0041958242654800415,47.113811492919922,28.991243362426758,0,26.086952209472656,20.610595703125,0.00028522274806164205,0.256081223487854,2.3672702312469482,0.94940125942230225,0.92501038312911987,1.0692309141159058,0.90733432769775391,-2.9499673843383789,0,0,0,0
7,90,54720,11.645763397216797,1.300146323046647E-06,0.0013173331972211599,46.969268798828125,28.953248977661133,0,28.323904037475586,18.942949295043945,0.00028861218015663326,0.093350157141685486,2.3132386207580566,0.96616226434707642,1.0559935569763184,1.0692309141159058,0.90733432769775391,-2.9499673843383789,0,0,0,1
7,105,55080,15.764649391174316,0,0.00083953124703839421,46.729137420654297,28.895708084106445,0,31.495624542236328,17.433549880981445,0.00029194421949796379,0.044452633708715439,2.2694129943847656,0.97975718975067139,0.92501038312911987,1.0692309141159058,0.90733432769775391,-2.9499673843383789,0,0,0,0
7,120,55440,19.481472015380859,0,0.00097864528652280569,46.388362884521484,28.837141036987305,0,34.397499084472656,16.229825973510742,0.00029521645046770573,0.0066357413306832314,2.2447986602783203,0.98739278316497803,0.92501038312911987,1.0692309141159058,0.90733432769775391,-2.9499673843383789,0,0,0,0
7,135,55800,22.445669174194336,4.2512405343586579E-05,0.0019112883601337671,45.964202880859375,28.779270172119141,0,35.306983947753906,15.983567237854004,0.00029844514210708439,8.4353458078112453E-05,2.1896891593933105,0.9821087121963501,0.92501038312911987,1.0692309141159058,0.90733432769775391,-2.9499673843383789,0,0,0,0
7,150,56160,24.218788146972656,0,0.00010382035543443635,45.492465972900391,28.722024917602539,0,35.225547790527344,16.257102966308594,0.00030165028874762356,5.5870759751996957E-07,1.9109207391738892,0.95011359453201294,0.92501038312911987,1.0692309141159058,0.90733432769775391,-2.9499673843383789,0,0,0,0
7,165,56520,24.697097778320312,0,8.1469930591993034E-05,44.999164581298828,28.665456771850586,0,35.104297637939453,16.595058441162109,0.0003048373619094491,3.3853986280973913E-09,1.4808303117752075,0.90075087547302246,0.92501038312911987,1.0692309141159058,0.90733432769775391,-2.9499673843383789,0,0,0,0
7,180,56880,23.883535385131836,0,7.9835277574602515E-05,44.50860595703125,28.609331130981445,0,35.051902770996094,16.896678924560547,0.00030800543026998639,1.3540353734076138E-11,1.0002992153167725,0.84559893608093262,0.92501038312911987,1.0692309141159058,0.90733432769775391,-2.9499673843383789,0,0,0,0
7,195,57240,21.8861083984375,0,8.0466583312954754E-05,44.131767272949219,28.553777694702148,0,35.261539459228516,17.036516189575195,0.00031115309684537351,3.783187955616607E-14,0.57020878791809082,0.79623615741729736,0.92501038312911987,1.0692309141159058,0.90733432769775391,-2.9499673843383789,0,0,0,0
7,210,57600,26.588787078857422,0,5.6414937716908753E-05,43.723369598388672,28.498741149902344,0,35.219112396240234,17.269935607910156,0.00031427707290276885,6.7004131010967602E-17,8.1056766510009766,0.76424109935760498,0.92501038312911987,1.0692309141159058,0.90733432769775391,-2.9499673843383789,1,0,0,0
7,225,57960,15.49741268157959,7.4402601057954598E-07,0.00010393263801233843,43.792388916015625,28.444086074829102,0,37.462696075439453,16.499238967895508,0.00031736830715090036,6.4004140334404743E-20,0.26157832145690918,0.75820964574813843,0.92501038312911987,1.0692309141159058,0.90733432769775391,-2.9499673843383789,0,0,0,0
7,240,58320,11.722868919372559,9.3012378783896565E-05,0.00011531823838595301,43.813270568847656,28.391458511352539,0,40.92608642578125,15.272697448730469,0.00032037965138442814,1.5111086601111699E-23,0.48595571517944336,0.75833296775817871,0.92501038312911987,1.0692309141159058,0.90733432769775391,-2.9499673843383789,0,0,0,0
7,255,58680,7.8905777931213379,8.4507395513355732E-05,0.00020418927306309342,43.874698638916016,28.344829559326172,0,43.678043365478516,14.169134140014648,0.00032331063994206488,2.4960678006490503E-27,0.87083685398101807,0.75854432582855225,0.92501038312911987,1.0692309141159058,0.90733432769775391,-2.9499673843383789,0,0,0,0
7,270,59040,3.2776000499725342,8.2008933532051742E-05,0.00045333089656196535,44.009346008300781,28.30255126953125,0,45.000816345214844,13.171704292297363,0.00032617762917652726,1.1666744991586328E-31,1.3179539442062378,0.75878995656967163,0.92501038312911987,1.0692309141159058,0.90733432769775391,-2.9499673843383789,0,0,0,0
7,285,59400,-0.12959741055965424,6.7406050220597535E-05,0.00065938598709180951,44.146369934082031,28.261318206787109,0,45.058006286621094,12.260832786560059,0.00032900235964916646,0.0059482315555214882,1.7290396690368652,0.75901579856872559,0.92501038312911987,1.0692309141159058,0.90733432769775391,-2.9499673843383789,0,0,0,0
7,300,59760,-3.1394279003143311,5.2588988182833418E-05,0.0012642339570447803,44.313678741455078,28.222036361694336,3.914783803793398E-07,44.530105590820312,11.694797515869141,0.00032483573886565864,0.037692859768867493,2.005826473236084,0.75916785001754761,0.92501038312911987,1.0692309141159058,0.90733432769775391,-2.9499673843383789,0,0,0,0
7,315,60120,-5.6308808326721191,3.9990536606637761E-05,0.002232290105894208,44.508846282958984,28.182519912719727,0.0016961252549663186,42.148490905761719,12.951435089111328,0.00031635552295483649,0.10501966625452042,2.0728187561035156,0.76107197999954224,0.92501038312911987,1.0692309141159058,0.90733432769775391,-2.9499673843383789,0,0,0,0
7,330,60480,-7.2608041763305664,7.0738853537477553E-05,0.0028480095788836479,44.713966369628906,28.140495300292969,0.035458676517009735,38.067573547363281,15.715192794799805,0.00031262534321285784,0.19219911098480225,2.144385814666748,0.78495150804519653,0.92501038312911987,1.0692309141159058,0.90733432769775391,-2.9499673843383789,0,0,0,0
7,345,60840,-7.9290676116943359,0.0010391215328127146,0.0062445402145385742,44.853992462158203,28.094448089599609,0.16149775683879852,33.679157257080078,18.526947021484375,0.0003116308362223208,0.26971200108528137,2.265228271484375,0.82527261972427368,0.92501038312911987,1.0692309141159058,0.90733432769775391,-2.9499673843383789,0,0,0,0
7,360,61200,-5.8556995391845703,0.00059226457960903645,0.00324411247856915,44.969005584716797,28.042749404907227,0.36825573444366455,29.90031623840332,20.506031036376953,0.00031080501503311098,0.50402694940567017,4.2245821952819824,0.95673727989196777,1.0254518985748291,1.0467286109924316,0.80709636211395264,-1.3668961524963379,0,0,0,0
7,365,61320,-5.5094752311706543,0.0047273691743612289,0.0033490306232124567,45.018112182617188,28.025259017944336,0.4186764657497406,28.934738159179688,20.84033203125,0.00030959167634136975,0.57871943712234497,4.4531173706054688,0.98286193609237671,1.0440521240234375,1.0425615310668945,0.78853374719619751,-1.0737347602844238,0,0,0,0
8,15,61680,-4.768012523651123,0.0014356266474351287,0.0037551834248006344,45.260688781738281,27.973361968994141,0.77345156669616699,26.055109024047852,21.762729644775391,0.00030708892154507339,0.54582321643829346,3.8633303642272949,0.98058032989501953,1.0183391571044922,1.0483220815658569,0.81419467926025391,-1.4790010452270508,0,0,0,0
8,30,62040,-2.3958089351654053,0.0017329303082078695,0.011018715798854828,45.590457916259766,27.936443328857422,0.86629647016525269,24.623201370239258,21.222000122070312,0.00029938542866148055,0.64067047834396362,4.246579647064209,1.0024998188018799,1.0440521240234375,1.0425615310668945,0.78853374719619751,-1.0737347602844238,0,0,0,0
8,45,62400,0.61833846569061279,0.00072180532151833177,0.03413800522685051,45.996986389160156,28.010595321655273,0.058495912700891495,24.268447875976562,19.705930709838867,0.00029438550700433552,0.59964263439178467,4.3615398406982422,0.9996635913848877,1.0440521240234375,1.0425615310668945,0.78853374719619751,-1.0737347602844238,0,0,0,0
8,60,62760,4.3524680137634277,0.00012348026211839169,0.008518594317138195,46.028945922851562,28.018814086914062,0,24.346708297729492,18.106487274169922,0.00029771614936180413,0.53067612648010254,4.5396151542663574,0.99527019262313843,1.0440521240234375,1.0425615310668945,0.78853374719619751,-1.0737347602844238,0,0,0,0
8,75,63120,8.5736408233642578,2.7088519800599897E-06,0.0058750356547534466,45.976497650146484,28.003427505493164,0,25.47869873046875,16.647159576416016,0.00030101704760454595,0.43503820896148682,4.7469944953918457,0.99015378952026367,1.0440521240234375,1.0425615310668945,0.78853374719619751,-1.0737347602844238,0,0,0,0
8,90,63480,13.957037925720215,0.00094356492627412081,0.006837132852524519,45.812385559082031,27.958827972412109,0,27.978212356567383,15.322919845581055,0.00030426902230829,0.31488615274429321,4.9498653411865234,0.98514854907989502,1.0440521240234375,1.0425615310668945,0.78853374719619751,-1.0737347602844238,0,0,0,0
8,105,63840,18.282249450683594,0,0.00014143448788672686,45.556529998779297,27.906013488769531,0,31.063800811767578,14.133406639099121,0.00030745990807190537,0.19049692153930664,5.1144161224365234,0.98108887672424316,1.0440521240234375,1.0425615310668945,0.78853374719619751,-1.0737347602844238,0,0,0,0
8,120,64200,22.157548904418945,0,8.0779966083355248E-05,45.212615966796875,27.853694915771484,0,32.984203338623047,13.559695243835449,0.00031059232424013317,0.089710421860218048,5.2068347930908203,0.97880864143371582,1.0440521240234375,1.0425615310668945,0.78853374719619751,-1.0737347602844238,0,0,0,0
8,135,64560,25.260612487792969,0,7.1647868026047945E-05,44.803836822509766,27.801992416381836,0,33.040592193603516,13.860605239868164,0.0003136916202493012,0.025226306170225143,5.2135648727416992,0.97828036546707153,1.0440521240234375,1.0425615310668945,0.78853374719619751,-1.0737347602844238,0,0,0,0
8,150,64920,27.392782211303711,0,6.5242500568274409E-05,44.356952667236328,27.75078010559082,0,32.709384918212891,14.407516479492188,0.00031677287188358605,0.0015588850947096944,5.2005057334899902,0.9766848087310791,1.0440521240234375,1.0425615310668945,0.78853374719619751,-1.0737347602844238,0,0,0,0
8,165,65280,28.382429122924805,0,6.1440114222932607E-05,43.895614624023438,27.699981689453125,0,32.035369873046875,15.126229286193848,0.00031984000816009939,1.1298378012725152E-05,5.1803579330444336,0.97422325611114502,1.0440521240234375,1.0425615310668945,0.78853374719619751,-1.0737347602844238,0,0,0,0
8,180,65640,28.150857925415039,0,7.4861294706352055E-05,43.442459106445312,27.649547576904297,0,31.305498123168945,15.813178062438965,0.0003228959976695478,6.9830001336868008E-08,5.1578474044799805,0.97147291898727417,1.0440521240234375,1.0425615310668945,0.78853374719619751,-1.0737347602844238,0,0,0,0
8,195,66000,26.719583511352539,0,6.3323772337753326E-05,43.013626098632812,27.599273681640625,0,30.917562484741211,16.252548217773438,0.00032593970536254346,2.9789998245988158E-10,5.1376996040344238,0.96901136636734009,1.0440521240234375,1.0425615310668945,0.78853374719619751,-1.0737347602844238,0,0,0,0
8,210,66360,24.204702377319336,0,6.2446677475236356E-05,42.620010375976562,27.549173355102539,0,30.934219360351562,16.41119384765625,0.00032896595075726509,7.8991641786624323E-13,5.1246404647827148,0.96741580963134766,1.0440521240234375,1.0425615310668945,0.78853374719619751,-1.0737347602844238,0,0,0,0
8,225,66720,25.781377792358398,0,5.0256658141734079E-05,42.279426574707031,27.499265670776367,0,31.292964935302734,16.358198165893555,0.00033196946606040001,1.9843366739943609E-15,9.6810054779052734,0.96612364053726196,1.0440521240234375,1.0425615310668945,0.78853374719619751,-1.0737347602844238,1,0,0,0
8,240,67080,16.867198944091797,3.1818701245356351E-05,8.7978325609583408E-05,42.112113952636719,27.449512481689453,0,33.272071838378906,15.674864768981934,0.00033494198578409851,5.8905723448524366E-19,5.1787939071655273,0.95637309551239014,1.0440521240234375,1.0425615310668945,0.78853374719619751,-1.0737347602844238,0,0,0,0
8,255,67440,12.734808921813965,3.8565987779293209E-05,0.0001039876660797745,42.033687591552734,27.39990234375,0,36.431354522705078,14.503266334533691,0.00033784756669774652,0.00055846810573711991,5.2669577598571777,0.93964779376983643,1.0440521240234375,1.0425615310668945,0.78853374719619751,-1.0737347602844238,0,0,0,0
8,270,67800,7.760887622833252,4.0200797229772434E-05,0.00023430118744727224,42.056594848632812,27.350687026977539,0,38.813350677490234,13.450087547302246,0.00034068955574184656,0.012498922646045685,5.3693780899047852,0.92021781206130981,1.0440521240234375,1.0425615310668945,0.78853374719619751,-1.0737347602844238,0,0,0,0
8,285,68160,3.9925322532653809,3.3078431442845613E-05,0.00039518214180134237,42.088115692138672,27.301778793334961,0,39.873928070068359,12.497271537780762,0.00034348122426308692,0.068569205701351166,5.4635443687438965,0.90235364437103271,1.0440521240234375,1.0425615310668945,0.78853374719619751,-1.0737347602844238,0,0,0,0
8,300,68520,0.70008969306945801,2.8033768103341572E-05,0.00059411075199022889,42.134342193603516,27.253143310546875,0,39.911304473876953,11.629242897033691,0.0003462403838057071,0.16550265252590179,5.526947021484375,0.89032554626464844,1.0440521240234375,1.0425615310668945,0.78853374719619751,-1.0737347602844238,0,0,0,0
8,315,68880,-5.8392825126647949,3.2231769182544667E-06,0.0014799864729866385,42.678195953369141,27.206499099731445,0.0059264358133077621,38.815547943115234,11.682095527648926,0.00034258468076586723,0.27562683820724487,1.2636728286743164,0.8891289234161377,1.0440521240234375,1.0425615310668945,3.0433454513549805,-1.0737347602844238,0,1,1,0
8,330,69240,-3.9790198802947998,5.0813105190172791E-06,0.0026443912647664547,42.795734405517578,27.160446166992188,0.0053243865258991718,36.680061340332031,12.676316261291504,0.00033345425617881119,0.39517301321029663,5.3095927238464355,0.90790975093841553,1.0440521240234375,1.0425615310668945,0.78853374719619751,-1.0737347602844238,0,0,0,0
8,345,69600,-5.2685933113098145,8.6995176388882101E-05,0.0032457795459777117,42.914127349853516,27.113491058349609,0.060869798064231873,34.211269378662109,13.922876358032227,0.00032438518246635795,0.50510025024414062,4.9472227096557617,0.93962156772613525,1.0440521240234375,1.0425615310668945,0.78853374719619751,-1.0737347602844238,0,0,0,0
8,360,69960,-8.1902256011962891,0.0019043490756303072,0.0044187786988914013,43.378215789794922,27.067707061767578,0.39742308855056763,30.786846160888672,15.9764404296875,0.00032042575185187161,0.62344908714294434,1.7884535789489746,0.95032042264938354,1.0525157451629639,1.0980743169784546,0.88822102546691895,-8.5410213470458984,0,0,0,0
8,365,70080,-8.1449518203735352,0.0026440541259944439,0.0081352582201361656,43.419040679931641,27.05259895324707,0.50759321451187134,29.502927780151367,16.758125305175781,0.00032008381094783545,0.64923602342605591,1.2853696346282959,0.94613313674926758,1.0540831089019775,1.1083544492721558,0.90668165683746338,-9.9238510131835938,0,0,0,0
9,15,70440,-6.1637353897094727,0.0022352994419634342,0.0034219021908938885,43.618373870849609,27.007011413574219,0.92190676927566528,26.620883941650391,18.036529541015625,0.00031731932540424168,0.66479867696762085,1.9397629499435425,0.95819342136383057,1.0519163608551025,1.0941431522369385,0.88116168975830078,-8.0122261047363281,0,0,0,0
9,30,70800,-4.059603214263916,0.0032090921886265278,0.0057112383656203747,43.817707061767578,26.96275520324707,1.5218981504440308,24.35107421875,18.618087768554688,0.00031119328923523426,0.65676909685134888,1.3029690980911255,0.94850450754165649,1.0540831089019775,1.1083544492721558,0.90668165683746338,-9.9238519668579102,0,0,0,0
9,45,71160,-0.92939257621765137,0.0023187135811895132,0.060438022017478943,44.389675140380859,27.006860733032227,1.0646463632583618,23.481046676635742,17.811771392822266,0.00030396843794733286,0.59802925586700439,1.2793309688568115,0.95901548862457275,1.0540831089019775,1.1083544492721558,0.90668165683746338,-9.9238519668579102,0,0,0,0
9,60,71520,-1.1933568716049194,0.0021654362790286541,0.055680360645055771,45.250675201416016,27.22016716003418,0.89213955402374268,22.895418167114258,16.823953628540039,0.0002975506940856576,0.49869406223297119,-3.4089334011077881,0.97529733180999756,1.0540831089019775,1.1083544492721558,0.90668165683746338,-9.9238519668579102,0,1,0,0
9,75,71880,6.8405194282531738,5.8189598348690197E-05,0.0053697344847023487,45.243995666503906,27.311531066894531,0,23.516090393066406,15.492902755737305,0.00029939424712210894,0.38605466485023499,1.2000738382339478,0.99425840377807617,1.0540831089019775,1.1083544492721558,0.90668165683746338,-9.9238519668579102,0,0,0,0
9,90,72240,11.834747314453125,3.8235198189795483E-06,0.0012687529670074582,45.132068634033203,27.296815872192383,0,25.945117950439453,14.255298614501953,0.00030270297429524362,0.26397335529327393,1.1583595275878906,1.0128073692321777,1.0540831089019775,1.1083544492721558,0.90668165683746338,-9.9238519668579102,0,0,0,0
9,105,72600,15.822651863098145,3.2298112273565494E-07,0.00043458057916723192,44.914577484130859,27.250999450683594,0,29.273077011108398,13.140509605407715,0.00030594912823289633,0.14498312771320343,1.1245245933532715,1.0278525352478027,1.0540831089019775,1.1083544492721558,0.90668165683746338,-9.9238519668579102,0,0,0,0
9,120,72960,19.324445724487305,0,0.00015223358059301972,44.596763610839844,27.201436996459961,0,32.326263427734375,12.28568172454834,0.00030913070077076554,0.019624266773462296,1.1055213212966919,1.0363025665283203,1.0597901344299316,1.1083544492721558,0.90668165683746338,-9.9238519668579102,0,0,0,0
9,135,73320,22.042531967163086,0,9.1953777882736176E-05,44.195308685302734,27.152309417724609,0,33.466426849365234,12.274736404418945,0.00031226570717990398,0.0078296326100826263,1.0975747108459473,1.0338447093963623,1.0540831089019775,1.1083544492721558,0.90668165683746338,-9.9238519668579102,0,0,0,0
9,150,73680,23.720085144042969,0,8.2877806562464684E-05,43.745895385742188,27.103549957275391,0,33.559246063232422,12.761168479919434,0.0003153759753331542,0.00016041316848713905,1.065517783164978,1.0163822174072266,1.0540831089019775,1.1083544492721558,0.90668165683746338,-9.9238519668579102,0,0,0,0
9,165,74040,29.199008941650391,0,5.8395449741510674E-05,43.273933410644531,27.055204391479492,0,33.048496246337891,13.572404861450195,0.00031846982892602682,1.128052758758713E-06,6.3177022933959961,0.98944056034088135,1.0540831089019775,1.1083544492721558,0.90668165683746338,-9.9238519668579102,1,0,0,0
9,180,74400,23.461629867553711,0,7.5680050940718502E-05,42.809192657470703,27.007238388061523,0,32.962322235107422,14.101444244384766,0.00032155288499779999,7.5630275375715428E-09,0.96080106496810913,0.95933932065963745,1.0540831089019775,1.1083544492721558,0.90668165683746338,-9.9238519668579102,0,0,0,0
9,195,74760,21.497489929199219,0,7.662255666218698E-05,42.443305969238281,26.959617614746094,0,33.333477020263672,14.362761497497559,0.00032461658702231944,3.2975060182405258E-11,0.91134297847747803,0.93239772319793701,1.0540831089019775,1.1083544492721558,0.90668165683746338,-9.9238519668579102,0,0,0,0
9,210,75120,18.527469635009766,0,8.0544908996671438E-05,42.237461090087891,26.912216186523438,0,34.844501495361328,14.111288070678711,0.0003276473144069314,6.3213350569649163E-14,0.87928605079650879,0.91493511199951172,1.0540831089019775,1.1083544492721558,0.90668165683746338,-9.9238519668579102,0,0,0,0
9,225,75480,14.835221290588379,2.2820083245278511E-07,0.00010474166629137471,42.1787109375,26.865011215209961,0,37.972637176513672,13.230356216430664,0.00033061602152884007,6.6820007224058198E-17,0.87703776359558105,0.91206085681915283,1.0540831089019775,1.1083544492721558,0.90668165683746338,-9.9238519668579102,0,0,0,0
9,240,75840,10.707636833190918,9.2237569333519787E-05,0.000159337098011747,42.220878601074219,26.818925857543945,0,41.281227111816406,12.291355133056641,0.00033350510057061911,1.8855947701013065E-06,0.91450965404510498,0.91623848676681519,1.0540831089019775,1.1083544492721558,0.90668165683746338,-9.9238519668579102,0,0,0,0
9,255,76200,6.4773392677307129,0.00026829546550288796,0.00047507410636171699,42.335777282714844,26.775575637817383,0,43.753746032714844,11.44886302947998,0.00033631685073487461,0.0075291604734957218,0.97878628969192505,0.92340439558029175,1.0540831089019775,1.1083544492721558,0.90668165683746338,-9.9238519668579102,0,0,0,0
9,270,76560,1.5316499471664429,0.00012589733523782343,0.00056245090672746301,42.586498260498047,26.734846115112305,0,44.625263214111328,10.684403419494629,0.0003390702186152339,0.04942711815237999,1.0534565448760986,0.9317290186882019,1.0540831089019775,1.1083544492721558,0.90668165683746338,-9.9238519668579102,0,0,0,0
9,285,76920,-2.0642623901367188,7.6748190622311085E-05,0.0011555616511031985,42.848300933837891,26.694150924682617,0,44.451152801513672,10.003401756286621,0.00033982942113652825,0.12752366065979004,1.1221094131469727,0.93938279151916504,1.0540831089019775,1.1083544492721558,1.7218718528747559,-9.9238519668579102,0,0,1,0
9,300,77280,-5.0647058486938477,5.8895169786410406E-05,0.0017843073001131415,43.141704559326172,26.653059005737305,0,42.987339019775391,10.53014087677002,0.00033142283791676164,0.23925113677978516,1.1683340072631836,0.94453614950180054,1.0540831089019775,1.1083544492721558,0.90668165683746338,-9.9238519668579102,0,0,0,0
9,315,77640,-7.3049173355102539,0.00010020873742178082,0.0029653736855834723,43.479721069335938,26.611740112304688,0.035651862621307373,39.266716003417969,13.162753105163574,0.00032521106186322868,0.36428588628768921,1.180235743522644,0.94568610191345215,1.0540831089019775,1.1083544492721558,0.90668165683746338,-9.9238519668579102,0,0,0,0
9,330,78000,-8.6398200988769531,0.0027189375832676888,0.01980186440050602,43.680160522460938,26.569612503051758,0.21024438738822937,34.718009948730469,16.347188949584961,0.00032412604195997119,0.47328117489814758,1.2013008594512939,0.94577568769454956,1.0540831089019775,1.1083544492721558,0.90668165683746338,-9.9238519668579102,0,0,0,0
9,345,78360,-9.0391883850097656,0.0044743325561285019,0.023444445803761482,43.708549499511719,26.524229049682617,0.69284754991531372,30.47523307800293,18.959230422973633,0.00032302798354066908,0.56186521053314209,1.2368699312210083,0.94592690467834473,1.0540831089019775,1.1083544492721558,0.90668165683746338,-9.9238519668579102,0,0,0,0
9,360,78720,-8.7199153900146484,0.005791280884295702,0.014874274842441082,43.707027435302734,26.478471755981445,1.4779072999954224,26.737886428833008,20.863910675048828,0.00032198670669458807,0.79728215932846069,1.1905050277709961,1.153491735458374,1.1395138502120972,1.0442808866500854,1.0436723232269287,-8.059051513671875,0,0,0,0
9,365,78840,-8.4081974029541016,0.0064236870966851711,0.013599671423435211,43.712932586669922,26.463350296020508,1.9279617071151733,25.601419448852539,21.355215072631836,0.00032165099401026964,0.87790000438690186,1.1931306123733521,1.1994891166687012,1.1553343534469604,1.0324153900146484,1.0690408945083618,-7.7137184143066406,0,0,0,0
10,15,79200,-6.7839570045471191,0.0064184223301708698,0.0047383899800479412,43.932529449462891,26.418649673461914,2.6710553169250488,22.61268424987793,22.339338302612305,0.00032072776230052114,0.84047853946685791,1.2452578544616699,1.1563259363174438,1.1334640979766846,1.0488182306289673,1.0339713096618652,-8.1911067962646484,0,0,0,0
10,30,79560,-4.5064477920532227,0.021498965099453926,0.007702783215790987,44.291965484619141,26.375265121459961,3.5704121589660645,20.488725662231445,22.407777786254883,0.00031637540087103844,0.90523618459701538,1.2239999771118164,1.2177205085754395,1.1553343534469604,1.0324153900146484,1.0690408945083618,-7.7137184143066406,0,0,0,0
10,45,79920,-1.4684188365936279,0.0086270710453391075,0.063942410051822662,45.194023132324219,26.387460708618164,3.3037495613098145,19.580520629882812,21.306417465209961,0.00030876882374286652,0.84193933010101318,1.1908881664276123,1.2286063432693481,1.1553343534469604,1.0324153900146484,1.0690408945083618,-7.7137184143066406,0,0,0,0
10,60,80280,2.2008039951324463,0.0019346059998497367,0.052226271480321884,45.867599487304688,27.495138168334961,0.055854350328445435,19.475818634033203,19.580284118652344,0.00030809530289843678,0.73976176977157593,1.1395974159240723,1.2454688549041748,1.1553343534469604,1.0324153900146484,1.0690408945083618,-7.7137184143066406,0,0,0,0
10,75,80640,6.1622428894042969,0.00099027645774185658,0.023620828986167908,45.681430816650391,27.815700531005859,0,20.07838249206543,17.963329315185547,0.00031137641053646803,0.60781502723693848,1.0798662900924683,1.265106201171875,1.1553343534469604,1.0324153900146484,1.0690408945083618,-7.7137184143066406,0,0,0,0
10,90,81000,11.194084167480469,0.00027966947527602315,0.013881065882742405,45.624530792236328,27.877182006835938,0,22.21562385559082,16.493118286132812,0.00031461616163142025,0.45597603917121887,1.0214337110519409,1.2843165397644043,1.1553343534469604,1.0324153900146484,1.0690408945083618,-7.7137184143066406,0,0,0,0
10,105,81360,15.187881469726562,0.00045808107824996114,0.045540850609540939,45.491218566894531,27.882303237915039,0,25.322719573974609,15.164397239685059,0.00031779659911990166,0.30707618594169617,0.97403848171234131,1.2998983860015869,1.1553343534469604,1.0324153900146484,1.0690408945083618,-7.7137184143066406,0,0,0,0
10,120,81720,18.824748992919922,9.2699192464351654E-06,0.00033035886008292437,45.238479614257812,27.835870742797852,0,28.382139205932617,14.051224708557129,0.0003209143178537488,0.1734137088060379,0.94741916656494141,1.3086497783660889,1.1553343534469604,1.0324153900146484,1.0690408945083618,-7.7137184143066406,0,0,0,0
10,135,82080,21.651714324951172,0,0.00016484592924825847,44.903297424316406,27.773242950439453,0,29.790744781494141,13.668109893798828,0.00032398485927842557,0.069974660873413086,0.92313694953918457,1.3055046796798706,1.1553343534469604,1.0324153900146484,1.0690408945083618,-7.7137184143066406,0,0,0,0
10,150,82440,23.37129020690918,0,0.00014186800399329513,44.512142181396484,27.710283279418945,0,30.080312728881836,13.824365615844727,0.00032703025499358773,0.015813695266842842,0.808616042137146,1.2842448949813843,1.1553343534469604,1.0324153900146484,1.0690408945083618,-7.7137184143066406,0,0,0,0
10,165,82800,23.858945846557617,0,0.0001267033803742379,44.089622497558594,27.648124694824219,0,30.228984832763672,14.083782196044922,0.00033005719888024032,0.0016557708149775863,0.63193047046661377,1.2514448165893555,1.1553343534469604,1.0324153900146484,1.0690408945083618,-7.7137184143066406,0,0,0,0
10,180,83160,23.017213821411133,0,0.00030428986065089703,43.670299530029297,27.587821960449219,0,30.460168838500977,14.31382942199707,0.00033306633122265339,1.7703123376122676E-05,0.43452334403991699,1.2147979736328125,1.1553343534469604,1.0324153900146484,1.0690408945083618,-7.7137184143066406,0,0,0,0
10,195,83520,20.998340606689453,0.00033719968632794917,0.0026913434267044067,43.420223236083984,27.53070068359375,0,31.137378692626953,14.33360481262207,0.00033605116186663508,1.1096229002305336E-07,0.25783783197402954,1.1819978952407837,1.1553343534469604,1.0324153900146484,1.0690408945083618,-7.7137184143066406,0,0,0,0
10,210,83880,18.047943115234375,0,9.6347946964669973E-05,43.360515594482422,27.477251052856445,0,33.004955291748047,13.866094589233398,0.00033898837864398956,4.1899428371294789E-10,0.14331680536270142,1.1607381105422974,1.1553343534469604,1.0324153900146484,1.0690408945083618,-7.7137184143066406,0,0,0,0
10,225,84240,14.397171020507812,1.4600605879877548E-07,9.807488095248118E-05,43.4586181640625,27.426719665527344,0,36.210891723632812,12.925763130187988,0.00034184908145107329,0.00059431506088003516,0.13281357288360596,1.1563248634338379,1.1553343534469604,1.0324153900146484,1.0690408945083618,-7.7137184143066406,0,0,0,0
10,240,84600,10.382402420043945,0.00012329776654951274,0.00015011944924481213,43.687267303466797,27.379905700683594,0,39.440372467041016,11.983784675598145,0.00034462273470126092,0.0093993470072746277,0.24235492944717407,1.1524145603179932,1.1553343534469604,1.0324153900146484,1.0690408945083618,-7.7137184143066406,0,0,0,0
10,255,84960,6.3303875923156738,0.00011732302664313465,0.0006478666327893734,43.993797302246094,27.339365005493164,0,41.83050537109375,11.133672714233398,0.00034731789492070675,0.043510708957910538,0.43025442957878113,1.1457072496414185,1.1553343534469604,1.0324153900146484,1.0690408945083618,-7.7137184143066406,0,0,0,0
10,270,85320,1.5501415729522705,0.00010436688899062574,0.0051122936420142651,44.395339965820312,27.306230545043945,0,42.697898864746094,10.357704162597656,0.00034995662281289697,0.12632858753204346,0.64853757619857788,1.1379153728485107,1.1553343534469604,1.0324153900146484,1.0690408945083618,-7.7137184143066406,0,0,0,0
10,285,85680,-1.9339102506637573,0.0015192021382972598,0.0052406527101993561,44.728878021240234,27.273681640625,0.00099472957663238049,42.571701049804688,9.6605243682861328,0.00035081440000794828,0.28333753347396851,0.84923022985458374,1.130751371383667,1.2925050258636475,1.0324153900146484,1.0690408945083618,-7.7137184143066406,0,0,0,1
10,300,86040,-4.9176583290100098,6.6058855736628175E-05,0.0032074856571853161,45.102642059326172,27.240203857421875,0.0037618516944348812,41.286998748779297,10.044050216674805,0.00034204786061309278,0.38079968094825745,0.98435795307159424,1.1259278059005737,1.1553343534469604,1.0324153900146484,1.0690408945083618,-7.7137184143066406,0,0,0,0
10,315,86400,-7.2345471382141113,0.00025980896316468716,0.0057447371073067188,45.499553680419922,27.204559326171875,0.15693081915378571,37.824958801269531,12.471426963806152,0.0003351327613927424,0.52472144365310669,1.0170897245407104,1.1260111331939697,1.1553343534469604,1.0324153900146484,1.0690408945083618,-7.7137184143066406,0,0,0,0
10,330,86760,-8.6632108688354492,0.0036592574324458838,0.02126074954867363,45.717441558837891,27.165643692016602,0.53225278854370117,33.475166320800781,15.526185989379883,0.00033395164064131677,0.66106313467025757,1.0523622035980225,1.1407335996627808,1.1553343534469604,1.0324153900146484,1.0690408945083618,-7.7137184143066406,0,0,0,0
10,345,87120,-9.1594371795654297,0.0064318072982132435,0.023830017074942589,45.730888366699219,27.119779586791992,1.3366044759750366,29.398723602294922,18.050548553466797,0.00033274645102210343,0.76810258626937866,1.1119204759597778,1.1655926704406738,1.1553343534469604,1.0324153900146484,1.0690408945083618,-7.7137184143066406,0,0,0,0
10,360,87480,-10.230241775512695,0.018312966451048851,0.030650407075881958,45.719879150390625,27.072952270507812,2.7989761829376221,25.799125671386719,19.900213241577148,0.00033159807207994163,0.52751713991165161,0.002098768949508667,1.4605716466903687,1.0002858638763428,1.1667056083679199,1.2553031444549561,-0.66729354858398438,0,0,0,0
10,365,87600,-10.146917343139648,0.010561590082943439,0.031107151880860329,45.716178894042969,27.057348251342773,3.1567683219909668,24.699159622192383,20.3836669921875,0.00033122661989182234,0.4591183066368103,-0.11949026584625244,1.5233907699584961,0.97157317399978638,1.1915740966796875,1.2897961139678955,0.63759994506835938,0,0,0,0
11,15,87960,-8.5172624588012695,0.013881441205739975,0.032903958112001419,45.746723175048828,27.010524749755859,4.3617801666259766,21.707275390625,21.451793670654297,0.00033014247310347855,0.62229186296463013,0.31706127524375916,1.4764788150787354,1.0112656354904175,1.1571958065032959,1.2421129941940308,-1.1662850379943848,0,0,0,0
11,30,88320,-6.8843493461608887,0.015049890615046024,0.017187342047691345,45.994972229003906,26.963815689086914,6.1857709884643555,19.144243240356445,22.014682769775391,0.00032913111499510705,0.48409375548362732,0.060348883271217346,1.5615088939666748,0.97157317399978638,1.1915740966796875,1.2897961139678955,0.63760042190551758,0,0,0,0
11,45,88680,-4.2117562294006348,0.037706732749938965,0.010199042037129402,46.456642150878906,26.924978256225586,8.0025300979614258,17.423572540283203,21.716697692871094,0.00032365502556785941,0.45210400223731995,-0.032783545553684235,1.6113561391830444,0.97157317399978638,1.1915740966796875,1.2897961139678955,0.63760042190551758,0,0,0,0
11,60,89040,-0.8833233118057251,0.025795277208089828,0.26114282011985779,47.432968139648438,27.167261123657227,7.4972825050354004,16.834009170532227,20.35997200012207,0.00031614780891686678,0.38887670636177063,-0.17704752087593079,1.688570499420166,0.97157317399978638,1.1915740966796875,1.2897961139678955,0.63760042190551758,0,0,0,0
11,75,89400,-1.1377887725830078,0.011534405872225761,0.19998408854007721,48.164081573486328,29.401247024536133,1.5350295305252075,16.824403762817383,18.65587043762207,0.00031799828866496682,0.30605751276016235,-3.6091530323028564,1.7784909009933472,0.97157317399978638,1.1915740966796875,1.2897961139678955,0.63760042190551758,0,1,0,0
11,90,89760,7.6774978637695312,0.0055356216616928577,0.3491511344909668,48.329689025878906,30.174293518066406,0.54826164245605469,16.981040954589844,17.129119873046875,0.00031750442576594651,0.20992587506771088,-1.2849138975143433,1.8664566278457642,0.97157317399978638,1.1915740966796875,1.2897961139678955,0.63760042190551758,0,0,0,0
11,105,90120,12.009183883666992,0.003901332151144743,0.072113014757633209,48.243724822998047,30.287881851196289,0,19.924140930175781,15.702691078186035,0.00032067729625850916,0.10910783708095551,-0.64270955324172974,1.9378063678741455,0.97157317399978638,1.1915740966796875,1.2897961139678955,0.63760042190551758,0,0,0,0
11,120,90480,15.769839286804199,0.0021117941942065954,0.038410447537899017,48.133266448974609,30.343133926391602,0,23.424581527709961,14.416873931884766,0.00032378395553678274,0.036204840987920761,-0.71758073568344116,1.9778797626495361,0.97157317399978638,1.1915740966796875,1.2897961139678955,0.63760042190551758,0,0,0,0
11,135,90840,18.974514007568359,0.00087137991795316339,0.014618628658354282,47.928558349609375,30.367717742919922,0,26.307416915893555,13.446492195129395,0.00032682990422472358,0.0044814902357757092,-0.71897250413894653,1.9728209972381592,0.97157317399978638,1.1915740966796875,1.2897961139678955,0.63760042190551758,0,0,0,0
11,150,91200,21.254255294799805,0.00010717799887061119,0.0022101111244410276,47.646602630615234,30.367364883422852,0,27.793153762817383,13.096515655517578,0.00032983446726575494,3.820508936769329E-05,-0.68689829111099243,1.9249320030212402,0.97157317399978638,1.1915740966796875,1.2897961139678955,0.63760042190551758,0,0,0,0
11,165,91560,22.395303726196289,0,0.00039262606878764927,47.308559417724609,30.339784622192383,0,28.515710830688477,13.128026962280273,0.00033281208015978336,2.4404457121818268E-07,-0.63741344213485718,1.8510477542877197,0.97157317399978638,1.1915740966796875,1.2897961139678955,0.63760042190551758,0,0,0,0
11,180,91920,22.174102783203125,0,0.0003327748563606292,47.028598785400391,30.314109802246094,0,29.166614532470703,13.227014541625977,0.00033576591522432864,1.1488359152878047E-09,-0.58212506771087646,1.7684983015060425,0.97157317399978638,1.1915740966796875,1.2897961139678955,0.63760042190551758,0,0,0,0
11,195,92280,20.694175720214844,0.0071350531652569771,0.044150620698928833,47.010482788085938,30.259382247924805,0,30.380668640136719,13.122296333312988,0.00033868098398670554,3.5255247072402129E-12,-0.53264021873474121,1.6946139335632324,0.97157317399978638,1.1915740966796875,1.2897961139678955,0.63760042190551758,0,0,0,0
11,210,92640,18.238943099975586,6.1433706832758617E-06,0.024478618055582047,47.418724060058594,30.197977066040039,0,32.755943298339844,12.589271545410156,0.00034152521402575076,6.3514375914707974E-15,-0.50056600570678711,1.646725058555603,0.97157317399978638,1.1915740966796875,1.2897961139678955,0.63760042190551758,0,0,0,0
11,225,93000,14.987733840942383,1.0729913668683366E-07,0.0067348484881222248,48.067672729492188,30.13892936706543,0,36.235664367675781,11.703876495361328,0.00034427581704221666,6.6009037697149985E-18,-0.50155389308929443,1.6346516609191895,0.97157317399978638,1.1915740966796875,1.2897961139678955,0.63760042190551758,0,0,0,0
11,240,93360,11.080594062805176,0.0002547719341237098,0.0029136165976524353,48.846916198730469,30.088344573974609,0,39.724937438964844,10.81537914276123,0.000346925895428285,1.7358898103340297E-21,-0.57090771198272705,1.6048599481582642,0.97157317399978638,1.1915740966796875,1.2897961139678955,0.63760042190551758,0,0,0,0
11,255,93720,6.8638043403625488,0.00025009852834045887,0.0031716916710138321,49.618793487548828,30.049478530883789,0,42.446609497070312,10.006420135498047,0.00034948345273733139,1.1193218874700472E-25,-0.68987226486206055,1.5537575483322144,0.97157317399978638,1.1915740966796875,1.2897961139678955,0.63760042190551758,0,0,0,0
11,270,94080,1.7613620758056641,0.00020109143224544823,0.0042202887125313282,50.378265380859375,30.025890350341797,0,43.564762115478516,9.2647552490234375,0.00035197078250348568,0.064931407570838928,-0.82807368040084839,1.494391918182373,0.97157317399978638,1.1915740966796875,1.2897961139678955,0.63760042190551758,0,0,0,0
11,285,94440,-2.1800005435943604,0.00016120872169267386,0.0056801619939506054,50.978103637695312,30.010374069213867,5.1943385415142984E-07,43.511825561523438,8.6059455871582031,0.00035230166395194829,0.011703007854521275,-0.95513790845870972,1.4398101568222046,0.97157317399978638,1.1915740966796875,1.2897961139678955,0.63760042190551758,0,0,0,0
11,300,94800,-5.6030969619750977,0.00018363914568908513,0.013952339999377728,51.506649017333984,29.997238159179688,0.0961574986577034,41.938705444335938,9.3614053726196289,0.00034312345087528229,0.24674412608146667,-1.0406911373138428,1.4030599594116211,1.2897989749908447,1.1915740966796875,1.2897961139678955,0.63760042190551758,0,0,0,1
11,315,95160,-8.2676830291748047,0.00072374823503196239,0.011423411779105663,51.948207855224609,29.978496551513672,0.41761907935142517,37.896209716796875,12.401628494262695,0.00033846552832983434,0.1529587060213089,-1.0451388359069824,1.3968945741653442,0.97157317399978638,1.1915740966796875,1.2897961139678955,0.63760042190551758,0,0,0,0
11,330,95520,-9.9171533584594727,0.013238055631518364,0.12425361573696136,51.978546142578125,29.930280685424805,1.0610766410827637,33.356647491455078,15.638236045837402,0.0003370288759469986,0.2243187427520752,-0.85967129468917847,1.4222400188446045,0.97157317399978638,1.1915740966796875,1.2897961139678955,0.63760042190551758,0,0,0,0
11,345,95880,-10.58233642578125,0.021892759948968887,0.075007185339927673,51.957656860351562,29.852039337158203,2.4133565425872803,29.311918258666992,18.119096755981445,0.00033565622288733721,0.3168865442276001,-0.54650485515594482,1.4650362730026245,0.97157317399978638,1.1915740966796875,1.2897961139678955,0.63760042190551758,0,0,0,0
11,360,96240,-8.2894296646118164,0.0052366126328706741,0.025338174775242805,51.941230773925781,29.77122688293457,3.1368594169616699,25.759458541870117,19.916975021362305,0.00033434198121540248,0.34724938869476318,1.7505085468292236,1.050956130027771,0.9402318000793457,1.1038742065429688,1.0978142023086548,0.58383125066757202,0,0,0,0
11,365,96360,-7.7589263916015625,0.0049460534937679768,0.018417524173855782,51.960697174072266,29.744562149047852,3.1246044635772705,24.691484451293945,20.368324279785156,0.00033391566830687225,0.34828516840934753,2.1953024864196777,0.96186822652816772,0.93442785739898682,1.087633490562439,1.0622619390487671,0.57387399673461914,0,0,0,0
12,15,96720,-6.8788547515869141,0.00743864756077528,0.017961857840418816,52.017036437988281,29.666875839233398,4.4323596954345703,21.731706619262695,21.402767181396484,0.00033266947139054537,0.39949506521224976,1.8582464456558228,1.0825183391571045,0.94245123863220215,1.1100846529006958,1.1114093065261841,0.58763891458511353,0,0,0,0
12,30,97080,-4.5466351509094238,0.0076891640201210976,0.011245366185903549,52.309928894042969,29.675312042236328,4.5495190620422363,19.732938766479492,21.431259155273438,0.00032731809187680483,0.3808782696723938,2.3022563457489014,0.95467990636825562,0.93442785739898682,1.087633490562439,1.0622619390487671,0.57387399673461914,0,0,0,0
12,45,97440,-2.0495457649230957,0.0067999814637005329,0.048015028238296509,52.560653686523438,29.775156021118164,4.3446907997131348,18.805524826049805,20.436834335327148,0.00031900822068564594,0.35727742314338684,2.015514612197876,0.96031719446182251,0.93442785739898682,1.087633490562439,1.0622619390487671,0.57387399673461914,0,0,0,0
12,60,97800,1.0193347930908203,0.0021169411484152079,0.17052215337753296,53.178192138671875,30.413314819335938,1.0538234710693359,18.655797958374023,18.803953170776367,0.00031566811958327889,0.30049872398376465,1.5713460445404053,0.96904951333999634,0.93442785739898682,1.087633490562439,1.0622619390487671,0.57387399673461914,0,0,0,0
12,75,98160,1.3990401029586792,0.0014270545216277242,0.031576421111822128,53.188423156738281,30.757341384887695,0,18.960378646850586,17.217788696289062,0.00031872844556346536,0.22414349019527435,-1.4320898056030273,0.97921872138977051,0.93442785739898682,1.087633490562439,1.0622619390487671,0.57387399673461914,0,1,0,0
12,90,98520,9.2142677307128906,1.6362857422791421E-05,0.0067049958743155003,53.318130493164062,30.804086685180664,0,19.779205322265625,15.767786026000977,0.00032175399246625602,0.14443135261535645,0.40563312172889709,0.98916691541671753,0.93442785739898682,1.087633490562439,1.0622619390487671,0.57387399673461914,0,0,0,0
12,105,98880,12.984969139099121,7.4619583756430075E-07,0.0030848789028823376,53.128353118896484,30.7591552734375,0,23.184303283691406,14.45101261138916,0.00032472875318489969,0.067762956023216248,0.13763725757598877,0.99723601341247559,1.2935519218444824,1.087633490562439,1.0622619390487671,0.57387399673461914,0,0,0,1
12,120,99240,16.665931701660156,0,0.0034598696511238813,52.830101013183594,30.697004318237305,0,26.950687408447266,13.264708518981934,0.00032763599301688373,0.014782390557229519,-0.092880606651306152,1.0017679929733276,0.93442785739898682,1.087633490562439,1.0622619390487671,0.57387399673461914,0,0,0,0
12,135,99600,19.888742446899414,0,0.0045069968327879906,52.430130004882812,30.629623413085938,0,29.612483978271484,12.554224967956543,0.00033048211480490863,0.00048508468898944557,-0.080194592475891113,0.99915915727615356,0.93442785739898682,1.087633490562439,1.0622619390487671,0.57387399673461914,0,0,0,0
12,150,99960,22.326078414916992,0.00031935243168845773,0.0038357095327228308,51.958641052246094,30.561565399169922,0,30.616249084472656,12.583036422729492,0.00033328929566778243,3.4165796023444273E-06,0.10839736461639404,0.98296183347702026,0.93442785739898682,1.087633490562439,1.0622619390487671,0.57387399673461914,0,0,0,0
12,165,100320,23.727926254272461,2.5238982743758243E-06,0.00021831222693435848,51.451526641845703,30.493057250976562,0,31.070156097412109,12.892142295837402,0.00033607351360842586,2.1555299767328506E-08,0.399361252784729,0.95797228813171387,0.93442785739898682,1.087633490562439,1.0622619390487671,0.57387399673461914,0,0,0,0
12,180,100680,23.931846618652344,0,0.00014496647054329515,50.936798095703125,30.424131393432617,0,31.49888801574707,13.236404418945312,0.00033883797004818916,9.0365902261080322E-11,0.72444921731948853,0.93005192279815674,0.93442785739898682,1.087633490562439,1.0622619390487671,0.57387399673461914,0,0,0,0
12,195,101040,22.858732223510742,0,0.00013433801359497011,50.43499755859375,30.355899810791016,0,31.975303649902344,13.539520263671875,0.00034158187918365002,2.7031033119316594E-13,1.0154131650924683,0.90506231784820557,0.93442785739898682,1.087633490562439,1.0622619390487671,0.57387399673461914,0,0,0,0
12,210,101400,20.513751983642578,0,0.0001422646309947595,50.061325073242188,30.288324356079102,0,33.154941558837891,13.535863876342773,0.0003443004097789526,9.212744321690741E-16,1.2040051221847534,0.88886499404907227,1.3153630495071411,1.087633490562439,1.0622619390487671,0.57387399673461914,0,0,0,1
12,225,101760,19.764621734619141,9.779693755262997E-06,0.0001218718389282003,49.657470703125,30.221250534057617,0,34.295085906982422,13.535702705383301,0.00034698142553679645,1.3090584007085504E-18,4.5262227058410645,0.88724654912948608,0.93442785739898682,1.087633490562439,1.0622619390487671,0.57387399673461914,1,0,0,0
12,240,102120,13.224532127380371,0.0001176816804218106,0.00014952977653592825,49.929393768310547,30.154975891113281,0,38.349815368652344,12.489911079406738,0.00034959538606926799,5.1730882932720966E-22,1.2614169120788574,0.90143132209777832,0.93442785739898682,1.087633490562439,1.0622619390487671,0.57387399673461914,0,0,0,0
12,255,102480,9.0625076293945312,0.00012196567695355043,0.00026267120847478509,50.090042114257812,30.091039657592773,0,41.815509796142578,11.52127742767334,0.00035211641807109118,5.1787966544709136E-26,1.2953407764434814,0.9257628321647644,0.93442785739898682,1.087633490562439,1.0622619390487671,0.57387399673461914,0,0,0,0
12,270,102840,4.0433182716369629,0.00012298558431211859,0.00083360337885096669,50.384178161621094,30.032808303833008,0,43.800807952880859,10.643486976623535,0.00035456148907542229,4.4401156300615552E-30,1.3347501754760742,0.95402878522872925,0.93442785739898682,1.087633490562439,1.0622619390487671,0.57387399673461914,0,0,0,0
12,285,103200,0.21297717094421387,0.00010484080848982558,0.0019953884184360504,50.697662353515625,29.978281021118164,0,44.139629364013672,9.8424386978149414,0.00035695769474841654,0.0032852417789399624,1.3709838390350342,0.98001694679260254,0.93442785739898682,1.087633490562439,1.0622619390487671,0.57387399673461914,0,0,0,0
12,300,103560,-3.1338455677032471,8.1913560279645026E-05,0.0067452988587319851,51.029109954833984,29.929300308227539,0.00040844437899067998,43.758602142333984,9.350193977355957,0.00035257320269010961,0.029230128973722458,1.3953801393508911,0.99751496315002441,0.93442785739898682,1.087633490562439,1.0622619390487671,0.57387399673461914,0,0,0,0
12,315,103920,-5.7975707054138184,0.00014015859051141888,0.0059772180393338203,51.347225189208984,29.882562637329102,0.071931779384613037,41.429244995117188,10.760396003723145,0.00034284958383068442,0.094805315136909485,1.4130667448043823,1.0007849931716919,0.93442785739898682,1.087633490562439,1.0622619390487671,0.57387399673461914,0,0,0,0
12,330,104280,-7.4961519241333008,0.0021501858718693256,0.0061438120901584625,51.639259338378906,29.834650039672852,0.21111780405044556,37.35894775390625,13.701613426208496,0.0003391605569049716,0.17621621489524841,1.5697994232177734,0.99298739433288574,0.93442785739898682,1.087633490562439,1.0622619390487671,0.57387399673461914,0,0,0,0
12,345,104640,-8.21368408203125,0.0075787920504808426,0.012965627945959568,51.761871337890625,29.779794692993164,0.43204772472381592,33.034370422363281,16.623788833618164,0.00033773118047975004,0.25270044803619385,1.8344461917877197,0.97982108592987061,0.93442785739898682,1.087633490562439,1.0622619390487671,0.57387399673461914,0,0,0,0
12,360,105000,-8.9047603607177734,0.008260275237262249,0.020299786701798439,51.796688079833984,29.717761993408203,1.0363116264343262,29.074377059936523,18.942584991455078,0.00033634915598668158,0.92413115501403809,1.1358959674835205,1.0780012607574463,1.2660061120986938,1.2564272880554199,0.95847892761230469,-3.197777271270752,0,0,0,0
12,365,105120,-8.6279315948486328,0.0075646243058145046,0.019930044189095497,51.796123504638672,29.69679069519043,1.4998035430908203,27.853668212890625,19.572744369506836,0.00033590124803595245,1.1489509344100952,1.0976543426513672,1.1173005104064941,1.3274095058441162,1.2876853942871094,0.93925988674163818,-3.8962311744689941,0,0,0,0
13,15,105480,-6.9237446784973145,0.0057914764620363712,0.0078818844631314278,52.038791656494141,29.63532829284668,1.9733797311782837,24.659420013427734,20.904930114746094,0.00033463645377196372,0.94464147090911865,1.5860644578933716,1.1102367639541626,1.2425254583358765,1.2444741725921631,0.9658282995223999,-2.9306883811950684,0,0,0,0
13,30,105840,-7.001183032989502,0.016618944704532623,0.0066039729863405228,52.375297546386719,29.58482551574707,3.4361894130706787,22.262397766113281,21.355062484741211,0.00033069041091948748,1.2507188320159912,0.047275781631469727,1.1512579917907715,1.3274095058441162,1.2876853942871094,0.93925988674163818,-3.8962314128875732,0,1,0,0
13,45,106200,-2.02901291847229,0.014729934744536877,0.054388433694839478,53.399559020996094,29.60943603515625,4.4061689376831055,20.116205215454102,21.515811920166016,0.00032708956860005856,1.1927070617675781,1.1370464563369751,1.1289819478988647,1.3274095058441162,1.2876853942871094,0.93925988674163818,-3.8962314128875732,0,0,0,0
13,60,106560,1.1771340370178223,0.0034121435601264238,0.21798253059387207,54.230892181396484,30.319553375244141,0.5444297194480896,19.943685531616211,19.805181503295898,0.00032405054662376642,1.0849020481109619,0.80632245540618896,1.0944756269454956,1.3274095058441162,1.2876853942871094,0.93925988674163818,-3.8962314128875732,0,0,0,0
13,75,106920,4.7775411605834961,0.0011694708373397589,0.022716531530022621,54.0693359375,30.650945663452148,0,20.384904861450195,18.133707046508789,0.0003269966400694102,0.95022070407867432,0.42117556929588318,1.0542911291122437,1.3274095058441162,1.2876853942871094,0.93925988674163818,-3.8962314128875732,0,0,0,0
13,90,107280,9.5161561965942383,3.3404270652681589E-05,0.018998065963387489,53.989704132080078,30.694309234619141,0,22.510538101196289,16.610744476318359,0.0003299055970273912,0.7822452187538147,0.044401258230209351,1.0149801969528198,1.3274095058441162,1.2876853942871094,0.93925988674163818,-3.8962314128875732,0,0,0,0
13,105,107640,13.38306999206543,6.3488441810477525E-06,0.0009939646115526557,53.795181274414062,30.686672210693359,0,26.214376449584961,15.228610992431641,0.0003327532613184303,1.5105850696563721,-0.26120427250862122,0.98309469223022461,1.4968587160110474,1.2876853942871094,0.93925988674163818,-3.8962314128875732,0,0,0,1
13,120,108000,17.03288459777832,0,0.00023222199524752796,53.464042663574219,30.633001327514648,0,30.256193161010742,13.989886283874512,0.00033552933018654585,0.43542471528053284,-0.43284597992897034,0.96518635749816895,1.3274095058441162,1.2876853942871094,0.93925988674163818,-3.8962314128875732,0,0,0,0
13,135,108360,20.051656723022461,0.00065847230143845081,0.0020903912372887135,53.046627044677734,30.573410034179688,0,33.007217407226562,13.301356315612793,0.00033824416459538043,0.27276819944381714,-0.42986825108528137,0.96337920427322388,1.3274095058441162,1.2876853942871094,0.93925988674163818,-3.8962314128875732,0,0,0,0
13,150,108720,22.196710586547852,0,0.00015416176756843925,52.523567199707031,30.514507293701172,0,34.039695739746094,13.389042854309082,0.00034092276473529637,0.14898118376731873,-0.32368579506874084,0.96324652433395386,1.3274095058441162,1.2876853942871094,0.93925988674163818,-3.8962314128875732,0,0,0,0
13,165,109080,23.227914810180664,0,0.0001126969073084183,51.960979461669922,30.456588745117188,0,34.498130798339844,13.764270782470703,0.00034358212724328041,0.072374790906906128,-0.15986517071723938,0.96304172277450562,1.3274095058441162,1.2876853942871094,0.93925988674163818,-3.8962314128875732,0,0,0,0
13,180,109440,23.049709320068359,0,0.00010674959048628807,51.388458251953125,30.399330139160156,0,34.93072509765625,14.16182804107666,0.00034622466773726046,0.033761881291866302,0.023168265819549561,0.96281290054321289,1.3274095058441162,1.2876853942871094,0.93925988674163818,-3.8962314128875732,0,0,0,0
13,195,109800,21.597686767578125,0,0.0001847086678026244,50.842754364013672,30.34271240234375,0,35.580223083496094,14.447720527648926,0.00034884925116784871,0.017351377755403519,0.18698891997337341,0.96260815858840942,1.3274095058441162,1.2876853942871094,0.93925988674163818,-3.8962314128875732,0,0,0,0
13,210,110160,19.018461227416992,0,0.00010436977026984096,50.40911865234375,30.286653518676758,0,37.374092102050781,14.256749153137207,0.00035144554567523301,0.0168613251298666,0.29317137598991394,0.96247541904449463,1.3274095058441162,1.2876853942871094,0.93925988674163818,-3.8962314128875732,0,0,0,0
13,225,110520,15.48528003692627,1.5903512462500657E-07,0.00010854256834136322,50.134792327880859,30.231121063232422,0,41.113460540771484,13.346410751342773,0.00035398485488258302,0.035036500543355942,0.30547821521759033,0.96210819482803345,1.3274095058441162,1.2876853942871094,0.93925988674163818,-3.8962314128875732,0,0,0,0
13,240,110880,11.324786186218262,8.6960521002765745E-05,0.00012876867549493909,50.042293548583984,30.176370620727539,0,45.246425628662109,12.311515808105469,0.00035643900628201663,0.078216180205345154,0.22919058799743652,0.95873993635177612,1.3274095058441162,1.2876853942871094,0.93925988674163818,-3.8962314128875732,0,0,0,0
13,255,111240,6.9237794876098633,8.8019878603518009E-05,0.00054462015395984054,50.09991455078125,30.123559951782227,0,48.453815460205078,11.379060745239258,0.0003588062827475369,0.22697988152503967,0.098332196474075317,0.95296233892440796,1.3274095058441162,1.2876853942871094,0.93925988674163818,-3.8962314128875732,0,0,0,0
13,270,111600,1.7234454154968262,9.0518209617584944E-05,0.00084044586401432753,50.331558227539062,30.074033737182617,0,49.733516693115234,10.534024238586426,0.00036110688233748078,0.27694672346115112,-0.053686171770095825,0.94625037908554077,1.3274095058441162,1.2876853942871094,0.93925988674163818,-3.8962314128875732,0,0,0,0
13,285,111960,-2.2124118804931641,7.8872493759263307E-05,0.0015034184325486422,50.604827880859375,30.028312683105469,0,49.660614013671875,9.7944421768188477,0.00036109142820350826,0.43217569589614868,-0.19345405697822571,0.94007939100265503,1.3274095058441162,1.2876853942871094,0.93925988674163818,-3.8962314128875732,0,0,0,0
13,300,112320,-5.5477709770202637,0.0030754494946449995,0.0037383597809821367,50.930850982666016,29.986621856689453,0.016180647537112236,47.841083526611328,10.683751106262207,0.00035147907328791916,0.59947663545608521,-0.28756067156791687,0.93592435121536255,1.3274095058441162,1.2876853942871094,0.93925988674163818,-3.8962314128875732,0,0,0,0
13,315,112680,-8.0472555160522461,0.00030100802541710436,0.0046911640092730522,51.301853179931641,29.946170806884766,0.09714798629283905,43.291858673095703,14.095541000366211,0.00034639640944078565,0.7748141884803772,-0.28670665621757507,0.93781954050064087,1.3274095058441162,1.2876853942871094,0.93925988674163818,-3.8962314128875732,0,0,0,0
13,330,113040,-9.4043006896972656,0.0062855016440153122,0.05441674217581749,51.394443511962891,29.900470733642578,0.36692485213279724,38.142478942871094,17.770183563232422,0.00034482081537134945,0.92980259656906128,-0.0093291699886322021,0.9737812876701355,1.3274095058441162,1.2876853942871094,0.93925988674163818,-3.8962314128875732,0,0,0,0
13,345,113400,-9.6882705688476562,0.0063408650457859039,0.029775701463222504,51.376113891601562,29.850763320922852,1.0224094390869141,33.516994476318359,20.624053955078125,0.00034332097857259214,1.0727683305740356,0.45902934670448303,1.0345034599304199,1.3274095058441162,1.2876853942871094,0.93925988674163818,-3.8962314128875732,0,0,0,0
13,360,113760,-8.9950962066650391,0.00930826086550951,0.019203091040253639,51.356716156005859,29.801233291625977,2.0715768337249756,29.450061798095703,22.697668075561523,0.00034188866266049445,0.66766375303268433,1.0100798606872559,1.2070469856262207,1.0536284446716309,1.0405848026275635,1.020089864730835,-3.6552488803863525,0,0,0,0
13,365,113880,-8.637202262878418,0.0062379268929362297,0.019023802131414413,51.351676940917969,29.784826278686523,2.2795801162719727,28.209712982177734,23.236162185668945,0.00034142471849918365,0.52811962366104126,1.1247137784957886,1.2277356386184692,1.0029282569885254,0.99482548236846924,1.0350583791732788,-3.6106224060058594,0,0,0,0
14,15,114240,-7.1005702018737793,0.0079216752201318741,0.0095111075788736343,51.456111907958984,29.736021041870117,3.419224739074707,24.872787475585938,24.382795333862305,0.00034007648355327547,0.76902860403060913,1.3375236988067627,1.2126168012619019,1.0730161666870117,1.0580832958221436,1.0143659114837646,-3.672313928604126,0,0,0,0
14,30,114600,-4.9853320121765137,0.0089488066732883453,0.0056617967784404755,51.916519165039062,29.689704895019531,4.3288788795471191,22.40766716003418,24.595401763916016,0.00033639377215877175,0.52128446102142334,1.2902177572250366,1.2242332696914673,1.0029282569885254,0.99482548236846924,1.0350583791732788,-3.6106224060058594,0,0,0,0
14,45,114960,-2.3030936717987061,0.010772147215902805,0.060772612690925598,52.381908416748047,29.706186294555664,4.7089667320251465,21.178426742553711,23.607009887695312,0.00032754545100033283,0.47795233130455017,1.0460958480834961,1.2019006013870239,1.0029282569885254,0.99482548236846924,1.0350583791732788,-3.6106224060058594,0,0,0,0
14,60,115320,0.92786198854446411,0.0034928265959024429,0.26410362124443054,53.359424591064453,30.189487457275391,1.0904988050460815,20.959079742431641,21.755014419555664,0.00032348907552659512,0.40455806255340576,0.66794615983963013,1.1673071384429932,1.0029282569885254,0.99482548236846924,1.0350583791732788,-3.6106224060058594,0,0,0,0
14,75,115680,4.4914627075195312,0.00087703141616657376,0.027284687384963036,53.255928039550781,30.478843688964844,0,21.323402404785156,19.921194076538086,0.00032645801547914743,0.46720686554908752,0.22756952047348022,1.1270210742950439,1.0029282569885254,0.99482548236846924,1.0350583791732788,-3.6106224060058594,0,0,0,0
14,90,116040,9.2142515182495117,0.00019287112809251994,0.011461199261248112,53.161579132080078,30.508722305297852,0,23.327384948730469,18.249837875366211,0.00032939118682406843,0.21784654259681702,-0.20323401689529419,1.0876107215881348,1.0029282569885254,0.99482548236846924,1.0350583791732788,-3.6106224060058594,0,0,0,0
14,105,116400,13.01469898223877,7.263284260261571E-06,0.01891695149242878,52.966217041015625,30.50398063659668,0,26.960424423217773,16.732343673706055,0.0003322637639939785,0.11288578808307648,-0.55266326665878296,1.0556446313858032,1.0029282569885254,0.99482548236846924,1.0350583791732788,-3.6106224060058594,0,0,0,0
14,120,116760,16.637561798095703,0,0.0006563237402588129,52.636020660400391,30.458736419677734,0,30.970668792724609,15.365262031555176,0.00033506445470266044,0.036366503685712814,-0.74891811609268188,1.0376911163330078,1.0029282569885254,0.99482548236846924,1.0350583791732788,-3.6106224060058594,0,0,0,0
14,135,117120,19.727884292602539,0,0.00039903941797092557,52.196189880371094,30.400938034057617,0,33.826320648193359,14.517870903015137,0.00033780199009925127,0.0045111803337931633,-0.71660131216049194,1.0379596948623657,1.0029282569885254,0.99482548236846924,1.0350583791732788,-3.6106224060058594,0,0,0,0
14,150,117480,22.052797317504883,0,0.00024375179782509804,51.673679351806641,30.343572616577148,0,34.882946014404297,14.496820449829102,0.00034050122485496104,5.8632267609937117E-05,-0.44213837385177612,1.0488393306732178,1.0029282569885254,0.99482548236846924,1.0350583791732788,-3.6106224060058594,0,0,0,0
14,165,117840,23.35835075378418,0,0.0006616602186113596,51.109737396240234,30.286626815795898,0,35.259090423583984,14.817099571228027,0.0003431794757489115,4.2770068375830306E-07,-0.018690824508666992,1.0656247138977051,1.0029282569885254,0.99482548236846924,1.0350583791732788,-3.6106224060058594,0,0,0,0
14,180,118200,23.488813400268555,0,0.0001374552957713604,50.534046173095703,30.230180740356445,0,35.576889038085938,15.176267623901367,0.00034584198147058487,2.6435760247522921E-09,0.4544183611869812,1.084378719329834,1.0029282569885254,0.99482548236846924,1.0350583791732788,-3.6106224060058594,0,0,0,0
14,195,118560,22.27696418762207,0,0.0001146540162153542,49.997165679931641,30.174552917480469,0,36.045330047607422,15.445366859436035,0.00034848792711272836,9.8159761569016624E-12,0.87786597013473511,1.1011641025543213,1.0029282569885254,0.99482548236846924,1.0350583791732788,-3.6106224060058594,0,0,0,0
14,210,118920,19.835580825805664,0,0.00010832271800609306,49.656597137451172,30.120687484741211,0,37.510341644287109,15.278935432434082,0.00035110409953631461,2.0606658198384087E-14,1.1523289680480957,1.1120438575744629,1.0029282569885254,0.99482548236846924,1.0350583791732788,-3.6106224060058594,0,0,0,0
14,225,119280,16.32470703125,1.1152902601452297E-07,0.00021495184046216309,49.571392059326172,30.069316864013672,0,40.911396026611328,14.372702598571777,0.00035365310031920671,2.8116570469836856E-17,1.1903870105743408,1.1154379844665527,1.0029282569885254,0.99482548236846924,1.0350583791732788,-3.6106224060058594,0,0,0,0
14,240,119640,15.955881118774414,0,0.00011128878395538777,49.500942230224609,30.021205902099609,0,44.947418212890625,13.257963180541992,0.00035610675695352256,1.8719822256801351E-21,4.2896475791931152,1.1286152601242065,1.0029282569885254,0.99482548236846924,1.0350583791732788,-3.6106224060058594,1,0,0,0
14,255,120000,7.609588623046875,0.00030419352697208524,0.00030439643887802958,49.993450164794922,29.980148315429688,0,48.248241424560547,12.248799324035645,0.00035847094841301441,1.2340639248057393E-25,0.82190024852752686,1.1512187719345093,1.309262752532959,0.99482548236846924,1.0350583791732788,-3.6106224060058594,0,0,0,1
14,270,120360,2.3246996402740479,0.00017406516417395324,0.001124004484154284,50.602008819580078,29.948999404907227,0,49.698074340820312,11.327603340148926,0.00036075167008675635,0.0053484262898564339,0.55147850513458252,1.1774774789810181,1.0029282569885254,0.99482548236846924,1.0350583791732788,-3.6106224060058594,0,0,0,0
14,285,120720,-1.6950440406799316,0.00013103285164106637,0.0042170672677457333,51.122211456298828,29.924610137939453,0,49.717365264892578,10.488394737243652,0.00036211792030371726,0.037615194916725159,0.30284899473190308,1.2016199827194214,1.0029282569885254,0.99482548236846924,1.0350583791732788,-3.6106224060058594,0,0,0,0
14,300,121080,-5.0891513824462891,0.0026829764246940613,0.003723968518897891,51.583873748779297,29.903448104858398,0.014658502303063869,48.272525787353516,10.958439826965332,0.000352698058122769,0.11282549798488617,0.13544505834579468,1.2178752422332764,1.0029282569885254,0.99482548236846924,1.0350583791732788,-3.6106224060058594,0,0,0,0
14,315,121440,-12.839963912963867,0.01341097429394722,0.14344745874404907,52.450881958007812,29.894340515136719,0.35786104202270508,43.592796325683594,14.48039722442627,0.00034695904469117522,0.20164243876934052,-5.0062932968139648,1.2215769290924072,1.0029282569885254,0.99482548236846924,1.0350583791732788,-3.6106224060058594,0,1,0,0
14,330,121800,-9.0633926391601562,0.0030906221363693476,0.043700344860553741,52.424690246582031,29.858745574951172,0.90913820266723633,38.318561553955078,18.237882614135742,0.00034532340941950679,0.30364006757736206,0.31665265560150146,1.2228109836578369,1.0029282569885254,0.99482548236846924,1.0350583791732788,-3.6106224060058594,0,0,0,0
14,345,122160,-9.4843997955322266,0.0053242114372551441,0.033906120806932449,52.405246734619141,29.816356658935547,1.6584364175796509,33.685771942138672,21.058862686157227,0.00034376580151729286,0.39371612668037415,0.65853875875473022,1.2248945236206055,1.0029282569885254,0.99482548236846924,1.0350583791732788,-3.6106224060058594,0,0,0,0
14,360,122520,-9.7579307556152344,0.011246839538216591,0.024198662489652634,52.383853912353516,29.773710250854492,2.2668368816375732,29.605976104736328,23.107498168945312,0.00034227874130010605,0.5542265772819519,0.19165655970573425,0.75898849964141846,1.0513981580734253,0.92068839073181152,0.98568093776702881,-5.8866701126098633,0,0,0,0
14,365,122640,-9.5725517272949219,0.006311225239187479,0.023105766624212265,52.3768310546875,29.759403228759766,2.4130396842956543,28.3582763671875,23.640892028808594,0.00034179753856733441,0.60092443227767944,0.030503749847412109,0.68169373273849487,1.0603740215301514,0.90695929527282715,0.97653692960739136,-6.3081607818603516,0,0,0,0
15,15,123000,-7.9484233856201172,0.0073823444545269012,0.020026786252856255,52.422470092773438,29.716091156005859,3.2628846168518066,24.961784362792969,24.812162399291992,0.0003403938899282366,0.59231072664260864,0.29888790845870972,0.8141903281211853,1.0479657649993896,0.92593836784362793,0.98917758464813232,-5.7254924774169922,0,0,0,0
15,30,123360,-5.8385062217712402,0.0057891714386641979,0.0055525260977447033,52.774551391601562,29.675369262695312,3.2641952037811279,22.205924987792969,25.271434783935547,0.00033923101727850735,0.62981361150741577,0.013744890689849854,0.69826740026473999,1.0603740215301514,0.90695929527282715,0.97653692960739136,-6.3081607818603516,0,0,0,0
15,45,123720,-2.8152332305908203,0.0053237541578710079,0.011889223009347916,53.081745147705078,29.682428359985352,3.2356510162353516,20.689096450805664,24.507377624511719,0.00033039215486496687,0.5850030779838562,0.010665059089660645,0.68406283855438232,1.0603740215301514,0.90695929527282715,0.97653692960739136,-6.3081607818603516,0,0,0,0
15,60,124080,0.89279013872146606,0.0031180046498775482,0.17840254306793213,54.027248382568359,29.943885803222656,0.87050735950469971,20.408197402954102,22.641807556152344,0.00032541464315727353,0.50016182661056519,0.0058943629264831543,0.66205954551696777,1.0603740215301514,0.90695929527282715,0.97653692960739136,-6.3081607818603516,0,0,0,0
15,75,124440,4.9902591705322266,3.6970811834180495E-06,0.0035638993140310049,53.903778076171875,30.109739303588867,0,20.856044769287109,20.727846145629883,0.00032833253499120474,0.61184436082839966,0.00033861398696899414,0.63643544912338257,1.2646818161010742,0.90695929527282715,0.97653692960739136,-6.3081607818603516,0,0,0,1
15,90,124800,10.123092651367188,1.298472707134124E-08,0.0017937645316123962,53.721214294433594,30.069208145141602,0,23.174005508422852,18.982769012451172,0.00033121366868726909,0.28057301044464111,-0.0050963759422302246,0.61136841773986816,1.0603740215301514,0.90695929527282715,0.97653692960739136,-6.3081607818603516,0,0,0,0
15,105,125160,14.198604583740234,0,0.00061945209745317698,53.456634521484375,30.023357391357422,0,27.018957138061523,17.397268295288086,0.00033403220004402101,0.16586874425411224,-0.0095047354698181152,0.59103626012802124,1.0603740215301514,0.90695929527282715,0.97653692960739136,-6.3081607818603516,0,0,0,0
15,120,125520,17.828214645385742,0,0.00043416040716692805,53.089588165283203,29.981645584106445,0,31.00140380859375,15.993033409118652,0.00033677919418551028,0.069341033697128296,-0.011980652809143066,0.57961684465408325,1.0603740215301514,0.90695929527282715,0.97653692960739136,-6.3081607818603516,0,0,0,0
15,135,125880,20.725669860839844,0,0.00030379960662685335,52.623115539550781,29.94166374206543,0,33.391597747802734,15.272233009338379,0.00033946603070944548,0.013848138973116875,-0.0068863034248352051,0.57466858625411987,1.0603740215301514,0.90695929527282715,0.97653692960739136,-6.3081607818603516,0,0,0,0
15,150,126240,22.6519775390625,0,0.00010115766053786501,52.089248657226562,29.902305603027344,0,34.219440460205078,15.2813720703125,0.00034211872844025493,0.00062915141461417079,0.021386086940765381,0.55448925495147705,1.0603740215301514,0.90695929527282715,0.97653692960739136,-6.3081607818603516,0,0,0,0
15,165,126600,23.434158325195312,0,6.010607467032969E-05,51.521137237548828,29.8631591796875,0,34.644920349121094,15.518638610839844,0.00034474965650588274,4.5187616706243716E-06,0.065005481243133545,0.52335619926452637,1.0603740215301514,0.90695929527282715,0.97653692960739136,-6.3081607818603516,0,0,0,0
15,180,126960,22.996606826782227,0,5.7805213145911694E-05,50.943550109863281,29.824186325073242,0,35.085674285888672,15.773831367492676,0.00034736181260086596,0.29482182860374451,0.11374050378799438,0.48857185244560242,1.0603740215301514,0.90695929527282715,0.97653692960739136,-6.3081607818603516,0,0,0,0
15,195,127320,21.363378524780273,0,5.8156121667707339E-05,50.379047393798828,29.785146713256836,0,35.73724365234375,15.933318138122559,0.00034995435271412134,0.0021490196231752634,0.15735986828804016,0.45743879675865173,1.0603740215301514,0.90695929527282715,0.97653692960739136,-6.3081607818603516,0,0,0,0
15,210,127680,21.486101150512695,0,6.8342895247042179E-05,49.846454620361328,29.746047973632812,0,36.192420959472656,16.151559829711914,0.00035252369707450271,1.4821319382463116E-05,3.9740321636199951,0.43725946545600891,1.0603740215301514,0.90695929527282715,0.97653692960739136,-6.3081607818603516,1,0,0,0
15,225,128040,15.017748832702637,7.8486294796675793E-08,6.7139553721062839E-05,49.460662841796875,29.706893920898438,0,40.000438690185547,15.08278751373291,0.000355051044607535,9.008444834535112E-08,0.18991547822952271,0.43539118766784668,1.0603740215301514,0.90695929527282715,0.97653692960739136,-6.3081607818603516,0,0,0,0
15,240,128400,10.886859893798828,4.2164650949416682E-05,7.5949268648400903E-05,49.178550720214844,29.667808532714844,0,44.244819641113281,13.898078918457031,0.00035749777453020215,3.0921912252956929E-10,0.17950686812400818,0.45452034473419189,1.0603740215301514,0.90695929527282715,0.97653692960739136,-6.3081607818603516,0,0,0,0
15,255,128760,6.5839262008666992,5.3169282182352617E-05,0.00010453373397467658,49.033710479736328,29.628686904907227,0,47.497814178466797,12.82948112487793,0.00035986668081022799,0.0030757165513932705,0.16165265440940857,0.48733311891555786,1.0603740215301514,0.90695929527282715,0.97653692960739136,-6.3081607818603516,0,0,0,0
15,270,129120,1.4994646310806274,6.2120692746248096E-05,0.0003062993346247822,49.022274017333984,29.589553833007812,0,48.730255126953125,11.862252235412598,0.00036217906745150685,0.034195438027381897,0.14091143012046814,0.52545177936553955,1.0603740215301514,0.90695929527282715,0.97653692960739136,-6.3081607818603516,0,0,0,0
15,285,129480,-2.3057689666748047,0.00011145960161229596,0.00071247067535296082,49.093246459960938,29.550636291503906,5.8067911595571786E-05,48.628608703613281,11.021841049194336,0.00036190624814480543,0.10208766162395477,0.12184160947799683,0.56049859523773193,1.0603740215301514,0.90695929527282715,0.97653692960739136,-6.3081607818603516,0,0,0,0
15,300,129840,-5.5090456008911133,4.6967994421720505E-05,0.0012757696676999331,49.265506744384766,29.512012481689453,1.1546322120636887E-08,46.804958343505859,11.80809497833252,0.00035229342756792903,0.19979080557823181,0.10900181531906128,0.58409583568572998,1.0603740215301514,0.90695929527282715,0.97653692960739136,-6.3081607818603516,0,0,0,0
15,315,130200,-7.933258056640625,8.942196291172877E-05,0.0024708209093660116,49.469535827636719,29.473638534545898,0.022477421909570694,42.394680023193359,14.989865303039551,0.00034699551179073751,0.32029631733894348,0.10498526692390442,0.59075641632080078,1.0603740215301514,0.90695929527282715,0.97653692960739136,-6.3081607818603516,0,0,0,0
15,330,130560,-9.4825239181518555,0.0042881607078015804,0.047885015606880188,49.531761169433594,29.434803009033203,0.067533016204833984,37.361446380615234,18.477701187133789,0.00034544605296105146,0.43108069896697998,0.090061783790588379,0.60897707939147949,1.0603740215301514,0.90695929527282715,0.97653692960739136,-6.3081607818603516,0,0,0,0
15,345,130920,-10.131611824035645,0.0047428510151803493,0.039759859442710876,49.515007019042969,29.394197463989258,0.40414682030677795,32.822666168212891,21.189327239990234,0.00034396821865811944,0.52332913875579834,0.064863115549087524,0.63974308967590332,1.0603740215301514,0.90695929527282715,0.97653692960739136,-6.3081607818603516,0,0,0,0
15,360,131280,-8.1703376770019531,0.0099503938108682632,0.012786797247827053,49.510360717773438,29.353179931640625,0.85071510076522827,28.838212966918945,23.138162612915039,0.00034255874925293028,0.42093363404273987,1.7557265758514404,1.1981165409088135,0.95996057987213135,0.80830585956573486,0.79911446571350098,-4.5598011016845703,0,0,0,0
15,365,131400,-7.7217106819152832,0.0036931694485247135,0.0092655709013342857,49.545867919921875,29.33955192565918,1.178719162940979,27.644514083862305,23.618207931518555,0.00034210251760669053,0.38409176468849182,2.0340065956115723,1.3148351907730103,0.94136548042297363,0.79003673791885376,0.76625841856002808,-4.2360310554504395,0,0,0,0
16,15,131760,-6.7261285781860352,0.0051204292103648186,0.0063130776397883892,49.661338806152344,29.299118041992188,1.726049542427063,24.345743179321289,24.700870513916016,0.00034077814780175686,0.4841097891330719,1.5375232696533203,1.2114348411560059,0.9670712947845459,0.81529200077056885,0.81167858839035034,-4.6836109161376953,0,0,0,0
16,30,132120,-4.2319631576538086,0.0062941187061369419,0.0064645218662917614,50.048671722412109,29.261970520019531,2.8256092071533203,22.164360046386719,24.616170883178711,0.00033480738056823611,0.38959333300590515,1.9439932107925415,1.3485839366912842,0.94136548042297363,0.79003673791885376,0.76625841856002808,-4.2360310554504395,0,0,0,0
16,45,132480,-1.2877618074417114,0.0059356219135224819,0.073762908577919006,50.789710998535156,29.260679244995117,2.5954647064208984,21.296499252319336,23.285785675048828,0.00032647102489136159,0.34891071915626526,1.9125881195068359,1.3175350427627563,0.94136548042297363,0.79003673791885376,0.76625841856002808,-4.2360310554504395,0,0,0,0
16,60,132840,2.3094837665557861,0.0035964958369731903,0.12858644127845764,51.22344970703125,29.386772155761719,0.056957490742206573,21.229726791381836,21.359912872314453,0.00032567905145697296,0.28903669118881226,1.8639411926269531,1.269439697265625,0.94136548042297363,0.79003673791885376,0.76625841856002808,-4.2360310554504395,0,0,0,0
16,75,133200,6.2706303596496582,0.00064885051688179374,0.020881034433841705,51.235294342041016,29.381587982177734,0,21.983234405517578,19.567998886108398,0.000328645488480106,0.21086511015892029,1.8072891235351562,1.2134300470352173,0.94136548042297363,0.79003673791885376,0.76625841856002808,-4.2360310554504395,0,0,0,0
16,90,133560,11.343311309814453,4.150835593463853E-05,0.0045560849830508232,51.166355133056641,29.355630874633789,0,24.550176620483398,17.936586380004883,0.00033156649442389607,0.2108149528503418,1.7518684864044189,1.1586378812789917,0.94136548042297363,0.79003673791885376,0.76625841856002808,-4.2360310554504395,0,0,0,0
16,105,133920,15.450751304626465,3.0286548735602992E-07,0.0017211859812960029,50.949382781982422,29.32087516784668,0,28.271200180053711,16.457103729248047,0.00033442000858485699,0.046839281916618347,1.7069162130355835,1.1141954660415649,0.94136548042297363,0.79003673791885376,0.76625841856002808,-4.2360310554504395,0,0,0,0
16,120,134280,19.172910690307617,0,0.00060763966757804155,50.600982666015625,29.268655776977539,0,31.882837295532227,15.225574493408203,0.00033720003557391465,0.0081654833629727364,1.6816689968109131,1.0892345905303955,0.94136548042297363,0.79003673791885376,0.76625841856002808,-4.2360310554504395,0,0,0,0
16,135,134640,22.154691696166992,1.5486639313166961E-06,0.0023154942318797112,50.155746459960938,29.215089797973633,0,33.480018615722656,14.855690956115723,0.00033992476528510451,0.0011112460633739829,1.683598518371582,1.0846735239028931,0.94136548042297363,0.79003673791885376,0.76625841856002808,-4.2360310554504395,0,0,0,0
16,150,135000,24.185724258422852,0,0.00023367509129457176,49.651264190673828,29.164287567138672,0,33.841434478759766,15.071845054626465,0.00034262094413861632,9.4934521257528104E-06,1.7071127891540527,1.0736777782440186,0.94136548042297363,0.79003673791885376,0.76625841856002808,-4.2360310554504395,0,0,0,0
16,165,135360,25.069051742553711,0,8.147691551130265E-05,49.116981506347656,29.118503570556641,0,34.079780578613281,15.402644157409668,0.00034529832191765308,7.696036874449419E-08,1.7433911561965942,1.0567132234573364,0.94136548042297363,0.79003673791885376,0.76625841856002808,-4.2360310554504395,0,0,0,0
16,180,135720,24.732856750488281,0,7.6912314398214221E-05,48.575614929199219,29.077138900756836,0,34.33026123046875,15.741589546203613,0.0003479588485788554,5.2103438230588495E-10,1.7839242219924927,1.0377591848373413,0.94136548042297363,0.79003673791885376,0.76625841856002808,-4.2360310554504395,0,0,0,0
16,195,136080,23.139549255371094,0,7.4757248512469232E-05,48.059318542480469,29.038217544555664,0,34.681900024414062,15.992521286010742,0.00035060185473412275,2.6037763525138535E-12,1.8202025890350342,1.0207946300506592,0.94136548042297363,0.79003673791885376,0.76625841856002808,-4.2360310554504395,0,0,0,0
16,210,136440,20.432418823242188,0,0.00010848606325453147,47.723102569580078,29.000612258911133,0,35.823532104492188,15.885172843933105,0.00035321703762747347,8.4890599121056377E-15,1.8437168598175049,1.0097988843917847,0.94136548042297363,0.79003673791885376,0.76625841856002808,-4.2360310554504395,0,0,0,0
16,225,136800,16.905803680419922,4.4914205687973663E-08,7.9982935858424753E-05,47.604652404785156,28.963460922241211,0,38.959980010986328,15.017616271972656,0.00035576996742747724,1.1062791267261772E-17,1.855353832244873,1.0091789960861206,0.94136548042297363,0.79003673791885376,0.76625841856002808,-4.2360310554504395,0,0,0,0
16,240,137160,12.921626091003418,0.00012301771494094282,8.6694839410483837E-05,47.650402069091797,28.927953720092773,0,42.954868316650391,13.861696243286133,0.00035822746576741338,1.108765535035401E-21,1.9261670112609863,1.0235210657119751,0.94136548042297363,0.79003673791885376,0.76625841856002808,-4.2360310554504395,0,0,0,0
16,255,137520,8.7883453369140625,0.00012432881339918822,0.00019067201355937868,47.78753662109375,28.896903991699219,0,46.263751983642578,12.813695907592773,0.00036059223930351436,8.7475460740156261E-26,2.0476350784301758,1.0481224060058594,0.94136548042297363,0.79003673791885376,0.76625841856002808,-4.2360310554504395,0,0,0,0
16,270,137880,3.8868746757507324,0.00011696885485434905,0.00043452344834804535,48.066249847412109,28.869468688964844,0,48.087001800537109,11.86328125,0.00036288320552557707,4.2306874092901126E-05,2.1887445449829102,1.0767017602920532,0.94136548042297363,0.79003673791885376,0.76625841856002808,-4.2360310554504395,0,0,0,0
16,285,138240,0.23483115434646606,0.001005156897008419,0.0043943519704043865,48.340705871582031,28.843149185180664,0,48.358177185058594,10.992810249328613,0.00036512882797978818,0.010525249876081944,2.3184828758239746,1.102977991104126,0.94136548042297363,0.79003673791885376,0.76625841856002808,-4.2360310554504395,0,0,0,0
16,300,138600,-2.9161980152130127,7.7521239290945232E-05,0.0019995043985545635,48.633831024169922,28.818405151367188,3.3634626106504584E-07,47.954010009765625,10.423778533935547,0.00036075845127925277,0.054353196173906326,2.4058363437652588,1.1206700801849365,0.94136548042297363,0.79003673791885376,0.76625841856002808,-4.2360310554504395,0,0,0,0
16,315,138960,-5.3988504409790039,6.5057705796789378E-05,0.0029419143684208393,48.935665130615234,28.793008804321289,0.0053564254194498062,45.630096435546875,11.736682891845703,0.0003508218505885452,0.12119606882333755,2.4191656112670898,1.1275333166122437,0.94136548042297363,0.79003673791885376,0.76625841856002808,-4.2360310554504395,0,0,0,0
16,330,139320,-7.1239700317382812,0.00038714255788363516,0.0032660197466611862,49.263423919677734,28.766267776489258,0.19728519022464752,41.410205841064453,14.738435745239258,0.00034518673783168197,0.206138014793396,2.3419930934906006,1.1650619506835938,0.94136548042297363,0.79003673791885376,0.76625841856002808,-4.2360310554504395,0,0,0,0
16,345,139680,-7.993980884552002,0.002075941301882267,0.0068241050466895103,49.460525512695312,28.736825942993164,0.48231542110443115,36.719219207763672,17.922082901000977,0.0003437139093875885,0.28930380940437317,2.2116856575012207,1.2284301519393921,0.94136548042297363,0.79003673791885376,0.76625841856002808,-4.2360310554504395,0,0,0,0
16,360,140040,-9.3088388442993164,0.02140284888446331,0.021309312433004379,49.518203735351562,28.701520919799805,1.4768128395080566,32.321327209472656,20.546066284179688,0.00034223077818751335,1.1140384674072266,0.66962772607803345,1.1931896209716797,1.357738733291626,0.78389978408813477,0.88996988534927368,-6.6253013610839844,0,0,0,0
16,365,140160,-9.2573575973510742,0.012377827428281307,0.021971940994262695,49.511409759521484,28.688955307006836,2.0748412609100342,30.955587387084961,21.270109176635742,0.00034175210748799145,1.386508584022522,0.33313745260238647,1.1937294006347656,1.4348448514938354,0.78276330232620239,0.91287940740585327,-7.0677590370178223,0,0,0,0
17,15,140520,-7.6466412544250488,0.013014346361160278,0.015226982533931732,49.679946899414062,28.652587890625,3.0245184898376465,27.328617095947266,22.865089416503906,0.00034035983844660223,1.1110583543777466,0.56756657361984253,1.257628321647644,1.3282532691955566,0.78433436155319214,0.88120925426483154,-6.4561057090759277,0,0,0,0
17,30,140880,-5.5660529136657715,0.018865060061216354,0.004075195174664259,50.050289154052734,28.620689392089844,4.8682103157043457,24.386394500732422,23.657405853271484,0.00033884603180922568,1.5032312870025635,0.20106333494186401,1.2281641960144043,1.4348448514938354,0.78276330232620239,0.91287940740585327,-7.0677590370178223,0,0,0,0
17,45,141240,-2.4018514156341553,0.020776621997356415,0.049556907266378403,50.648563385009766,28.638589859008789,5.5485744476318359,22.84832763671875,23.031742095947266,0.00032969526364468038,1.428450345993042,0.32985430955886841,1.1989427804946899,1.4348448514938354,0.78276330232620239,0.91287940740585327,-7.0677590370178223,0,0,0,0
17,60,141600,1.50074303150177,0.01416487991809845,0.34710696339607239,51.8514404296875,29.534452438354492,0.62836694717407227,22.607883453369141,21.249446868896484,0.00032609974732622504,1.2926584482192993,0.52935409545898438,1.1536779403686523,1.4348448514938354,0.78276330232620239,0.91287940740585327,-7.0677590370178223,0,0,0,0
17,75,141960,5.792961597442627,0.0008126277825795114,0.026067158207297325,51.539741516113281,30.120735168457031,0,23.173343658447266,19.46875,0.00032900195219554007,1.1454313993453979,0.76168286800384521,1.1009645462036133,1.4348448514938354,0.78276330232620239,0.91287940740585327,-7.0677590370178223,0,0,0,0
17,90,142320,11.132002830505371,6.3388119997398462E-06,0.0026031231973320246,51.419452667236328,30.165695190429688,0,25.595460891723633,17.848232269287109,0.00033187482040375471,0.96144193410873413,0.98896110057830811,1.0493971109390259,1.4348448514938354,0.78276330232620239,0.91287940740585327,-7.0677590370178223,0,0,0,0
17,105,142680,15.437810897827148,1.7846475941496465E-07,0.0080325361341238022,51.178573608398438,30.122522354125977,0,29.274234771728516,16.3785400390625,0.0003346822049934417,0.75599116086959839,1.1733088493347168,1.0075701475143433,1.4348448514938354,0.78276330232620239,0.91287940740585327,-7.0677590370178223,0,0,0,0
17,120,143040,19.174617767333984,0,0.00015340720710810274,50.822444915771484,30.059108734130859,0,32.842247009277344,15.158929824829102,0.00033741752849891782,0.5569949746131897,1.2768468856811523,0.98407828807830811,1.4348448514938354,0.78276330232620239,0.91287940740585327,-7.0677590370178223,0,0,0,0
17,135,143400,22.037748336791992,0,0.00012480544683057815,50.355636596679688,30.000322341918945,0,34.420940399169922,14.808759689331055,0.00034009965020231903,0.38836199045181274,1.2724008560180664,0.9863927960395813,1.4348448514938354,0.78276330232620239,0.91287940740585327,-7.0677590370178223,0,0,0,0
17,150,143760,23.817100524902344,0,0.00011523096327437088,49.830753326416016,29.944599151611328,0,34.769847869873047,15.050537109375,0.0003427569754421711,0.25194600224494934,1.1943217515945435,1.0110205411911011,1.4348448514938354,0.78276330232620239,0.91287940740585327,-7.0677590370178223,0,0,0,0
17,165,144120,24.392179489135742,0,0.00010850928083527833,49.274314880371094,29.890438079833984,0,34.991741180419922,15.398475646972656,0.00034539811895228922,0.15047268569469452,1.0738595724105835,1.0490165948867798,1.4348448514938354,0.78276330232620239,0.91287940740585327,-7.0677590370178223,0,0,0,0
17,180,144480,23.728603363037109,0.00019773624080698937,0.0010989545844495296,48.712806701660156,29.837482452392578,0,35.259544372558594,15.733310699462891,0.00034802252775989473,0.092378541827201843,0.93926966190338135,1.0914688110351562,1.4348448514938354,0.78276330232620239,0.91287940740585327,-7.0677590370178223,0,0,0,0
17,195,144840,21.869220733642578,0,0.00010126229608431458,48.170562744140625,29.786005020141602,0,35.690162658691406,15.963778495788574,0.00035062970709986985,0.074681058526039124,0.81880748271942139,1.1294649839401245,1.4348448514938354,0.78276330232620239,0.91287940740585327,-7.0677590370178223,0,0,0,0
17,210,145200,18.934768676757812,0,9.4632421678397804E-05,47.742202758789062,29.736930847167969,0,37.327789306640625,15.681198120117188,0.00035320737515576184,0.082568295300006866,0.74072837829589844,1.1540926694869995,1.4348448514938354,0.78276330232620239,0.91287940740585327,-7.0677590370178223,0,0,0,0
17,225,145560,15.308708190917969,1.2628686363314046E-07,0.00017021139501594007,47.459690093994141,29.691577911376953,0,40.942218780517578,14.653146743774414,0.00035572017077356577,0.28966400027275085,0.73045623302459717,1.1567920446395874,1.4348448514938354,0.78276330232620239,0.91287940740585327,-7.0677590370178223,0,0,0,0
17,240,145920,11.208514213562012,6.60530204186216E-05,0.00010364207264501601,47.359130859375,29.649614334106445,0,44.867488861083984,13.531493186950684,0.0003581478085834533,0.19278007745742798,0.77451938390731812,1.1375718116760254,1.4348448514938354,0.78276330232620239,0.91287940740585327,-7.0677590370178223,0,0,0,0
17,255,146280,6.9969429969787598,8.6422733147628605E-05,0.00019852534751407802,47.427932739257812,29.610591888427734,0,47.895175933837891,12.519826889038086,0.00036049002665095031,0.31247124075889587,0.85010218620300293,1.1046030521392822,1.4348448514938354,0.78276330232620239,0.91287940740585327,-7.0677590370178223,0,0,0,0
17,270,146640,2.050917387008667,8.0367863120045513E-05,0.00088234932627528906,47.671005249023438,29.574686050415039,0,49.136070251464844,11.601737022399902,0.00036276713944971561,0.46387419104576111,0.93790692090988159,1.0663031339645386,1.4348448514938354,0.78276330232620239,0.91287940740585327,-7.0677590370178223,0,0,0,0
17,285,147000,-1.5924781560897827,6.385777669493109E-05,0.001326848054304719,47.895240783691406,29.540559768676758,0,49.100135803222656,10.768898010253906,0.00036422396078705788,0.64377981424331665,1.0186358690261841,1.0310895442962646,1.4348448514938354,0.78276330232620239,0.91287940740585327,-7.0677590370178223,0,0,0,0
17,300,147360,-4.6964731216430664,0.0012274648761376739,0.0039498014375567436,48.159671783447266,29.507308959960938,0.051526438444852829,47.825584411621094,11.048947334289551,0.00035487773129716516,0.84292644262313843,1.0729911327362061,1.0073801279067993,1.4348448514938354,0.78276330232620239,0.91287940740585327,-7.0677590370178223,0,0,0,0
17,315,147720,-7.0728068351745605,0.00016293172666337341,0.0038560293614864349,48.515243530273438,29.475238800048828,0.089812934398651123,43.988677978515625,13.75102424621582,0.00034672228503040969,1.0389119386672974,1.0734285116195679,1.0050822496414185,1.4348448514938354,0.78276330232620239,0.91287940740585327,-7.0677590370178223,0,0,0,0
17,330,148080,-8.7286043167114258,0.0044132713228464127,0.017061201855540276,48.753837585449219,29.442926406860352,0.31946021318435669,38.996288299560547,17.310409545898438,0.00034525833325460553,1.2069330215454102,0.92510008811950684,1.0428805351257324,1.4348448514938354,0.78276330232620239,0.91287940740585327,-7.0677590370178223,0,0,0,0
17,345,148440,-9.5787544250488281,0.0089310277253389359,0.02024543471634388,48.759761810302734,29.407039642333984,1.4002745151519775,34.270366668701172,20.299173355102539,0.00034373655216768384,1.3446501493453979,0.67464405298233032,1.1067037582397461,1.4348448514938354,0.78276330232620239,0.91287940740585327,-7.0677590370178223,0,0,0,0
17,360,148800,-10.399483680725098,0.010515852831304073,0.025923678651452065,48.736614227294922,29.370529174804688,2.6272625923156738,30.096599578857422,22.500986099243164,0.00034228683216497302,0.71053832769393921,-0.40844827890396118,1.3260077238082886,1.0481264591217041,1.0176568031311035,0.99597173929214478,-6.2077884674072266,0,0,0,0
17,365,148920,-10.23540210723877,0.018355717882514,0.026326453313231468,48.729019165039062,29.358278274536133,3.3275408744812012,28.8209228515625,23.078287124633789,0.00034181808587163687,0.50366318225860596,-0.56790679693222046,1.3774088621139526,0.97651195526123047,1.0611555576324463,1.0113592147827148,-6.0485343933105469,0,0,0,0
18,15,149280,-8.6519279479980469,0.016730757430195808,0.028382066637277603,48.709236145019531,29.321226119995117,4.6857447624206543,25.31538200378418,24.397356033325195,0.00034045163192786276,0.81914567947387695,-0.41743928194046021,1.3813307285308838,1.0755119323730469,1.0010228157043457,0.99008756875991821,-6.2686867713928223,0,0,0,0
18,30,149640,-6.5323333740234375,0.014838681556284428,0.010580709204077721,48.999603271484375,29.284162521362305,6.2825069427490234,22.353330612182617,25.079874038696289,0.00033920732676051557,0.46112391352653503,-0.57766890525817871,1.4243160486221313,0.97651195526123047,1.0611555576324463,1.0113592147827148,-6.0485343933105469,0,0,0,0
18,45,150000,-3.4939379692077637,0.017385216429829597,0.015337227843701839,49.499046325683594,29.265260696411133,7.5344305038452148,20.522544860839844,24.616804122924805,0.00033221498597413301,0.42331209778785706,-0.54575413465499878,1.4158749580383301,0.97651195526123047,1.0611555576324463,1.0113592147827148,-6.0485343933105469,0,0,0,0
18,60,150360,0.20439447462558746,0.010128773748874664,0.29820474982261658,50.841468811035156,29.617177963256836,4.8407821655273438,20.068031311035156,22.886465072631836,0.00032566423760727048,0.35408905148506165,-0.49631756544113159,1.4027994871139526,0.97651195526123047,1.0611555576324463,1.0113592147827148,-6.0485343933105469,0,0,0,0
18,75,150720,4.3720612525939941,0.0023592128418385983,0.065102599561214447,50.803272247314453,30.575889587402344,0.0096437511965632439,20.331987380981445,20.958620071411133,0.00032857671612873673,0.26207584142684937,-0.4387458860874176,1.3875725269317627,0.97651195526123047,1.0611555576324463,1.0113592147827148,-6.0485343933105469,0,0,0,0
18,90,151080,9.4942646026611328,0.0010031145066022873,0.032579444348812103,50.667530059814453,30.6923828125,0,22.277645111083984,19.201539993286133,0.00033149358932860196,0.16385823488235474,-0.38242572546005249,1.3726764917373657,0.97651195526123047,1.0611555576324463,1.0113592147827148,-6.0485343933105469,0,0,0,0
18,105,151440,13.601305961608887,0.00028759616543538868,0.032973945140838623,50.531764984130859,30.721345901489258,0,25.786190032958984,17.607563018798828,0.00033434759825468063,0.94611895084381104,-0.33674389123916626,1.3605940341949463,1.3135542869567871,1.0611555576324463,1.0113592147827148,-6.0485343933105469,0,0,0,1
18,120,151800,17.324666976928711,0.005696082953363657,0.055684607475996017,50.263229370117188,30.707639694213867,0,29.578159332275391,16.183389663696289,0.00033712791628204286,0.02730109728872776,-0.31108692288398743,1.3538081645965576,0.97651195526123047,1.0611555576324463,1.0113592147827148,-6.0485343933105469,0,0,0,0
18,135,152160,20.300210952758789,0,0.00056253018556162715,49.870441436767578,30.646209716796875,0,32.077781677246094,15.339395523071289,0.0003398456028662622,0.00077209185110405087,-0.30453747510910034,1.349998950958252,0.97651195526123047,1.0611555576324463,1.0113592147827148,-6.0485343933105469,0,0,0,0
18,150,152520,22.265285491943359,0,0.00033171236282214522,49.402198791503906,30.573337554931641,0,32.974185943603516,15.241450309753418,0.00034252635668963194,5.3494313760893419E-06,-0.28338229656219482,1.3334096670150757,0.97651195526123047,1.0611555576324463,1.0113592147827148,-6.0485343933105469,0,0,0,0
18,165,152880,23.045372009277344,0,0.0002202494943048805,48.895751953125,30.499706268310547,0,33.361763000488281,15.417136192321777,0.00034518507891334593,3.3074936567345503E-08,-0.25074362754821777,1.3078151941299438,0.97651195526123047,1.0611555576324463,1.0113592147827148,-6.0485343933105469,0,0,0,0
18,180,153240,22.467435836791992,0,0.00020701051107607782,48.406093597412109,30.426950454711914,0,33.855598449707031,15.57249641418457,0.00034782401053234935,1.4585518903764694E-10,-0.21427708864212036,1.2792190313339233,0.97651195526123047,1.0611555576324463,1.0113592147827148,-6.0485343933105469,0,0,0,0
18,195,153600,20.721220016479492,0,0.00019661163969431072,48.178794860839844,30.355117797851562,0,34.9942626953125,15.461063385009766,0.00035042280796915293,3.7989262343524066E-13,-0.18163840472698212,1.2536245584487915,0.97651195526123047,1.0611555576324463,1.0113592147827148,-6.0485343933105469,0,0,0,0
18,210,153960,19.876611709594727,5.8017167248181067E-06,0.00018657592590898275,47.750526428222656,30.284738540649414,0,35.595272064208984,15.565059661865234,0.0003529783571138978,6.8948455436720446E-16,2.2593002319335938,1.2370351552963257,0.97651195526123047,1.0611555576324463,1.0113592147827148,-6.0485343933105469,1,0,0,0
18,225,154320,14.336377143859863,1.1839777158684228E-07,0.0014917639782652259,48.375244140625,30.217222213745117,0,39.378494262695312,14.44086742401123,0.00035544985439628363,3.3017402703603389E-19,-0.16063974797725677,1.2328341007232666,0.97651195526123047,1.0611555576324463,1.0113592147827148,-6.0485343933105469,0,0,0,0
18,240,154680,10.229937553405762,0.0013520949287340045,0.0061331172473728657,48.832298278808594,30.155519485473633,0,43.150901794433594,13.320674896240234,0.00035781500628218055,2.0901049544117098E-23,-0.20151135325431824,1.2223306894302368,0.97651195526123047,1.0611555576324463,1.0113592147827148,-6.0485343933105469,0,0,0,0
18,255,155040,5.9581942558288574,0.00019674838404171169,0.00040868969517759979,49.361274719238281,30.104049682617188,0,45.892673492431641,12.301414489746094,0.0003600877826102078,1.8610524905016241E-27,-0.27161961793899536,1.2043136358261108,0.97651195526123047,1.0611555576324463,1.0113592147827148,-6.0485343933105469,0,0,0,0
18,270,155400,0.90977972745895386,0.00016788198263384402,0.0015792076010257006,49.958808898925781,30.063848495483398,0,46.819568634033203,11.367562294006348,0.0003622953372541815,0.0030030135530978441,-0.35306447744369507,1.1833833456039429,0.97651195526123047,1.0611555576324463,1.0113592147827148,-6.0485343933105469,0,0,0,0
18,285,155760,-2.8837952613830566,0.00013267106260173023,0.0035728509537875652,50.443317413330078,30.02961540222168,9.059453631721226E-09,46.626697540283203,10.610071182250977,0.00036032361094839871,0.033616922795772552,-0.4279460608959198,1.1641396284103394,0.97651195526123047,1.0611555576324463,1.0113592147827148,-6.0485343933105469,0,0,0,0
18,300,156120,-6.0905380249023438,0.0001041499781422317,0.0096843484789133072,50.905845642089844,29.997652053833008,0.04247843474149704,44.448066711425781,11.771958351135254,0.00035038086934946477,0.095513194799423218,-0.47836431860923767,1.1511827707290649,0.97651195526123047,1.0611555576324463,1.0113592147827148,-6.0485343933105469,0,0,0,0
18,315,156480,-8.5118875503540039,0.00078053912147879601,0.0095224818214774132,51.282939910888672,29.964485168457031,0.2626020610332489,39.915481567382812,15.070187568664551,0.00034662947291508317,0.18706312775611877,-0.49075701832771301,1.1518489122390747,0.97651195526123047,1.0611555576324463,1.0113592147827148,-6.0485343933105469,0,0,0,0
18,330,156840,-10.05754566192627,0.0083758886903524399,0.12799307703971863,51.306423187255859,29.915653228759766,0.774910569190979,35.118782043457031,18.321672439575195,0.00034498376771807671,0.27707824110984802,-0.50621509552001953,1.1970431804656982,0.97651195526123047,1.0611555576324463,1.0113592147827148,-6.0485343933105469,0,0,0,0
18,345,157200,-10.738019943237305,0.010118637233972549,0.07186424732208252,51.281982421875,29.863214492797852,1.7690794467926025,30.861564636230469,20.774639129638672,0.00034341443097218871,0.37683877348899841,-0.53231650590896606,1.2733548879623413,0.97651195526123047,1.0611555576324463,1.0113592147827148,-6.0485343933105469,0,0,0,0
18,360,157560,-12.048467636108398,0.026243414729833603,0.043628901243209839,51.258010864257812,29.811212539672852,3.2715559005737305,27.119163513183594,22.523019790649414,0.00034191447775810957,0.37875205278396606,-2.1655821800231934,1.3304094076156616,0.94991153478622437,0.99306577444076538,1.1757019758224487,-8.2264404296875,0,0,0,0
18,365,157680,-11.896379470825195,0.013350561261177063,0.04196818545460701,51.250095367431641,29.794044494628906,3.836012601852417,25.975013732910156,22.97004508972168,0.00034142853110097349,0.378834068775177,-2.4384968280792236,1.335620641708374,0.94498550891876221,0.98045653104782104,1.2061358690261841,-8.6297569274902344,0,0,0,0
19,15,158040,-10.016855239868164,0.016784757375717163,0.053333930671215057,51.226512908935547,29.74310302734375,5.4137144088745117,22.823396682739258,23.960760116577148,0.00034000843879766762,0.42158806324005127,-2.0006375312805176,1.369010329246521,0.95179522037506104,0.99788749217987061,1.1640641689300537,-8.0722122192382812,0,0,0,0
19,30,158400,-7.8526725769042969,0.023111157119274139,0.13311780989170074,51.237678527832031,29.692892074584961,7.1558456420898438,20.06239128112793,24.490036010742188,0.00033864041324704885,0.38415759801864624,-2.3513524532318115,1.353914737701416,0.94498550891876221,0.98045653104782104,1.2061358690261841,-8.6297569274902344,0,0,0,0
19,45,158760,-4.6195030212402344,0.019041519612073898,0.0078198444098234177,51.810245513916016,29.670598983764648,8.2325038909912109,18.03892707824707,24.264862060546875,0.00033465024898760021,0.34697473049163818,-2.1847877502441406,1.3456482887268066,0.94498550891876221,0.98045653104782104,1.2061358690261841,-8.6297569274902344,0,0,0,0
19,60,159120,-0.66655457019805908,0.015898596495389938,0.17473213374614716,52.717903137207031,29.774621963500977,7.5982189178466797,17.378957748413086,22.759244918823242,0.0003264297847636044,0.28006377816200256,-1.9267756938934326,1.3328431844711304,0.94498550891876221,0.98045653104782104,1.2061358690261841,-8.6297569274902344,0,0,0,0
19,75,159480,3.7652833461761475,0.0025560138747096062,0.15482835471630096,53.150352478027344,30.715160369873047,0.28241920471191406,17.531248092651367,20.828170776367188,0.00032840180210769176,0.19913840293884277,-1.6263058185577393,1.3179309368133545,0.94498550891876221,0.98045653104782104,1.2061358690261841,-8.6297569274902344,0,0,0,0
19,90,159840,1.3047498464584351,0.020920855924487114,0.19403503835201263,53.640666961669922,30.989925384521484,0.013037271797657013,18.768564224243164,19.060920715332031,0.0003312629705760628,0.10865358263254166,-8.6249408721923828,1.3033429384231567,0.94498550891876221,0.98045653104782104,1.2061358690261841,-8.6297569274902344,0,1,0,0
19,105,160200,13.438653945922852,0.00015073585382197052,0.0056580319069325924,53.463043212890625,31.016035079956055,0,21.319734573364258,17.450885772705078,0.00033407312002964318,0.036990150809288025,-1.0939517021179199,1.2915104627609253,0.94498550891876221,0.98045653104782104,1.2061358690261841,-8.6297569274902344,0,0,0,0
19,120,160560,17.0361328125,0,0.0016849932726472616,53.255958557128906,30.978641510009766,0,25.335573196411133,16.000553131103516,0.00033681141212582588,1.7097291946411133,-0.96004670858383179,1.2848647832870483,1.1694824695587158,0.98045653104782104,1.2061358690261841,-8.6297569274902344,0,0,0,1
19,135,160920,19.943920135498047,0,0.0074171922169625759,52.888069152832031,30.917634963989258,0,28.232969284057617,15.026347160339355,0.00033948110649362206,0.013148567639291286,-0.9568135142326355,1.2841235399246216,0.94498550891876221,0.98045653104782104,1.2061358690261841,-8.6297569274902344,0,0,0,0
19,150,161280,21.703159332275391,0,0.00054863304831087589,52.432853698730469,30.852224349975586,0,29.595470428466797,14.728288650512695,0.00034210633020848036,8.8758351921569556E-05,-1.0102381706237793,1.2837004661560059,0.94498550891876221,0.98045653104782104,1.2061358690261841,-8.6297569274902344,0,0,0,0
19,165,161640,22.19938850402832,0,0.00036571151576936245,51.942523956298828,30.788169860839844,0,30.443729400634766,14.715680122375488,0.00034470384707674384,5.483233849190583E-07,-1.092663049697876,1.2830479145050049,0.94498550891876221,0.98045653104782104,1.2061358690261841,-8.6297569274902344,0,0,0,0
19,180,162000,21.302745819091797,0,0.00024115121050272137,51.521625518798828,30.723979949951172,0,31.567560195922852,14.652224540710449,0.00034727313322946429,2.7130162560951021E-09,-1.1847546100616455,1.2823187112808228,0.94498550891876221,0.98045653104782104,1.2061358690261841,-8.6297569274902344,0,0,0,0
19,195,162360,19.282709121704102,0,0.0072308355011045933,51.424282073974609,30.657951354980469,0,33.606861114501953,14.27824592590332,0.00034978645271621644,8.2950157159755733E-12,-1.2671793699264526,1.2816661596298218,0.94498550891876221,0.98045653104782104,1.2061358690261841,-8.6297569274902344,0,0,0,0
19,210,162720,16.332746505737305,0,0.0002382863312959671,51.610652923583984,30.590879440307617,0,37.0478515625,13.436397552490234,0.00035221321741119027,1.7678905756858543E-14,-1.3206040859222412,1.2812430858612061,0.94498550891876221,0.98045653104782104,1.2061358690261841,-8.6297569274902344,0,0,0,0
19,225,163080,12.634909629821777,2.7985024075860565E-07,0.00027548195794224739,52.052242279052734,30.528366088867188,0,41.243717193603516,12.385370254516602,0.00035453354939818382,2.0146528103572049E-17,-1.3475039005279541,1.2806650400161743,0.94498550891876221,0.98045653104782104,1.2061358690261841,-8.6297569274902344,0,0,0,0
19,240,163440,8.375248908996582,0.00025541277136653662,0.0012392059434205294,52.663295745849609,30.496219635009766,0,45.061347961425781,11.412590026855469,0.00035674870014190674,3.5183368028990103E-21,-1.5129261016845703,1.2757620811462402,0.94498550891876221,0.98045653104782104,1.2061358690261841,-8.6297569274902344,0,0,0,0
19,255,163800,3.8801515102386475,0.0048003639094531536,0.042819768190383911,53.279590606689453,30.496150970458984,0,47.336387634277344,10.525660514831543,0.000358876510290429,3.4733745337297784E-25,-1.7966793775558472,1.2673519849777222,0.94498550891876221,0.98045653104782104,1.2061358690261841,-8.6297569274902344,0,0,0,0
19,270,164160,-1.3789962530136108,0.00020147734903730452,0.0034429389052093029,53.946090698242188,30.506446838378906,0,47.75030517578125,9.7119712829589844,0.00036094931419938803,0.00088327506091445684,-2.1263160705566406,1.2575819492340088,0.94498550891876221,0.98045653104782104,1.2061358690261841,-8.6297569274902344,0,0,0,0
19,285,164520,-5.3404431343078613,0.00015323760453611612,0.012864062562584877,54.503780364990234,30.510351181030273,0.044153317809104919,46.674430847167969,9.8987960815429688,0.00035270483931526542,0.021341076120734215,-2.4293889999389648,1.2485991716384888,0.94498550891876221,0.98045653104782104,1.2061358690261841,-8.6297569274902344,0,0,0,0
19,300,164880,-8.6093368530273438,0.00049629173008725047,0.011447090655565262,54.989063262939453,30.505998611450195,0.38045907020568848,42.466049194335938,13.057456970214844,0.00034651311580091715,0.078850902616977692,-2.6334497928619385,1.2425512075424194,0.94498550891876221,0.98045653104782104,1.2061358690261841,-8.6297569274902344,0,0,0,0
19,315,165240,-10.909668922424316,0.014444036409258842,0.17493283748626709,55.029495239257812,30.457405090332031,0.71214509010314941,37.389907836914062,16.749998092651367,0.00034472352126613259,0.1473175585269928,-2.6749956607818604,1.2426685094833374,0.94498550891876221,0.98045653104782104,1.2061358690261841,-8.6297569274902344,0,0,0,0
19,330,165600,-12.248050689697266,0.012715237215161324,0.35029515624046326,55.002815246582031,30.390100479125977,1.5385761260986328,32.879665374755859,19.579732894897461,0.0003430176293477416,0.21637788414955139,-2.6276097297668457,1.2612929344177246,0.94498550891876221,0.98045653104782104,1.2061358690261841,-8.6297569274902344,0,0,0,0
19,345,165960,-12.691766738891602,0.013798764906823635,0.18746508657932281,54.977272033691406,30.323783874511719,2.9702253341674805,28.911394119262695,21.646083831787109,0.00034138592309318483,0.29434886574745178,-2.5475969314575195,1.2927404642105103,0.94498550891876221,0.98045653104782104,1.2061358690261841,-8.6297569274902344,0,0,0,0
19,360,166320,-12.321863174438477,0.014423137530684471,0.05297599732875824,54.952098846435547,30.259538650512695,4.3349213600158691,25.42137336730957,23.076848983764648,0.0003398199041839689,0.56467849016189575,-2.3672983646392822,1.0481703281402588,1.0763357877731323,0.99256086349487305,1.3061221837997437,-4.2699985504150391,0,0,0,0
19,365,166440,-12.013948440551758,0.014556087553501129,0.049069583415985107,54.943798065185547,30.238519668579102,4.4539923667907715,24.354175567626953,23.432504653930664,0.00033931131474673748,0.65604233741760254,-2.277848482131958,0.99214953184127808,1.100659966468811,0.99480241537094116,1.3246381282806396,-3.4626359939575195,0,0,0,0
20,15,166800,-10.506608009338379,0.018781673163175583,0.056804053485393524,54.919132232666016,30.176422119140625,5.9649319648742676,21.413969039916992,24.182239532470703,0.00033782198443077505,0.5954555869102478,-2.1932010650634766,1.0634158849716187,1.0670342445373535,0.99170368909835815,1.2990416288375854,-4.5787343978881836,0,0,0,0
20,30,167160,-8.3495197296142578,0.019549624994397163,0.14953441917896271,54.900222778320312,30.115495681762695,6.888587474822998,18.829202651977539,24.525302886962891,0.00033638192689977586,0.70496809482574463,-2.1017310619354248,0.98597985506057739,1.100659966468811,0.99480241537094116,1.3246381282806396,-3.4626357555389404,0,0,0,0
20,45,167520,-5.3393850326538086,0.029977129772305489,0.0093693146482110023,55.383762359619141,30.102764129638672,7.5431652069091797,16.797250747680664,24.309284210205078,0.00033391115721315145,0.68086981773376465,-1.9813910722732544,1.0016177892684937,1.100659966468811,0.99480241537094116,1.3246381282806396,-3.4626357555389404,0,0,0,0
20,60,167880,-1.5995283126831055,0.017769521102309227,0.064661175012588501,55.914768218994141,30.211435317993164,7.5687508583068848,15.949326515197754,22.982387542724609,0.00032526470022276044,0.59804761409759521,-1.7949819564819336,1.0258413553237915,1.100659966468811,0.99480241537094116,1.3246381282806396,-3.4626357555389404,0,0,0,0
20,75,168240,2.7584443092346191,0.0021147492807358503,0.34604039788246155,57.028366088867188,31.482118606567383,0.54327058792114258,15.973489761352539,21.049900054931641,0.00032493460457772017,0.48712044954299927,-1.5778981447219849,1.0540510416030884,1.100659966468811,0.99480241537094116,1.3246381282806396,-3.4626357555389404,0,0,0,0
20,90,168600,8.0821170806884766,0.00043524795910343528,0.026370016857981682,56.653057098388672,31.888816833496094,0,17.493314743041992,19.254966735839844,0.00032771972473710775,0.3724457323551178,-1.3655333518981934,1.0816473960876465,1.100659966468811,0.99480241537094116,1.3246381282806396,-3.4626357555389404,0,0,0,0
20,105,168960,12.408949851989746,0.010262489318847656,0.075932376086711884,56.499519348144531,31.894933700561523,0,21.027633666992188,17.62237548828125,0.00033044698648154736,0.24352638423442841,-1.1932821273803711,1.1040310859680176,1.100659966468811,0.99480241537094116,1.3246381282806396,-3.4626357555389404,0,0,0,0
20,120,169320,16.297266006469727,0,0.0010421100305393338,56.234672546386719,31.850967407226562,0,25.123517990112305,16.142173767089844,0.00033310143044218421,0.12416357547044754,-1.0965381860733032,1.1166027784347534,1.100659966468811,0.99480241537094116,1.3246381282806396,-3.4626357555389404,0,0,0,0
20,135,169680,19.348735809326172,0,0.00072741456096991897,55.853427886962891,31.778953552246094,0,28.336877822875977,15.06199836730957,0.0003356875095050782,0.043071404099464417,-1.1029024124145508,1.1161377429962158,1.100659966468811,0.99480241537094116,1.3246381282806396,-3.4626357555389404,0,0,0,0
20,150,170040,21.3226318359375,0,0.0011376809561625123,55.388004302978516,31.705434799194336,0,29.964813232421875,14.67863655090332,0.00033822815748862922,0.0071613732725381851,-1.1875574588775635,1.1070530414581299,1.100659966468811,0.99480241537094116,1.3246381282806396,-3.4626357555389404,0,0,0,0
20,165,170400,22.061008453369141,0.0019060889026150107,0.017548397183418274,54.8695068359375,31.636142730712891,0,30.901033401489258,14.656347274780273,0.00034074124414473772,0.00018765313143376261,-1.3181650638580322,1.0930368900299072,1.100659966468811,0.99480241537094116,1.3246381282806396,-3.4626357555389404,0,0,0,0
20,180,170760,21.461071014404297,0,0.00020656961714848876,54.34613037109375,31.570968627929688,0,31.938634872436523,14.654900550842285,0.00034322950523346663,1.4644251677964348E-06,-1.4640902280807495,1.0773769617080688,1.100659966468811,0.99480241537094116,1.3246381282806396,-3.4626357555389404,0,0,0,0
20,195,171120,19.6832275390625,0,0.00020323392527643591,54.038482666015625,31.507747650146484,0,33.784671783447266,14.382808685302734,0.00034567085094749928,8.4698807967242828E-09,-1.5946977138519287,1.0633608102798462,1.100659966468811,0.99480241537094116,1.3246381282806396,-3.4626357555389404,0,0,0,0
20,210,171480,16.920770645141602,0,0.00025005833595059812,53.914382934570312,31.445497512817383,0,37.044914245605469,13.632485389709473,0.00034803804010152817,0.075198844075202942,-1.6793527603149414,1.0542761087417603,1.100659966468811,0.99480241537094116,1.3246381282806396,-3.4626357555389404,0,0,0,0
20,225,171840,13.362201690673828,0.00039767930866219103,0.0094046629965305328,54.010292053222656,31.384992599487305,0,41.346138000488281,12.570958137512207,0.00035030854633077979,0.00052271113963797688,-1.7114039659500122,1.0523667335510254,1.100659966468811,0.99480241537094116,1.3246381282806396,-3.4626357555389404,0,0,0,0
20,240,172200,12.64557933807373,0,0.00019492847786750644,54.123573303222656,31.33595085144043,0,45.398124694824219,11.572773933410645,0.00035247919731773436,3.6012730561196804E-05,0.6296999454498291,1.0504649877548218,1.100659966468811,0.99480241537094116,1.3246381282806396,-3.4626357555389404,1,0,0,0
20,255,172560,4.6684694290161133,0.00019381390302442014,0.00072664604522287846,54.651679992675781,31.312904357910156,0,48.61273193359375,10.66903018951416,0.00035456859041005373,0.0078291594982147217,-2.1405847072601318,1.0472028255462646,1.100659966468811,0.99480241537094116,1.3246381282806396,-3.4626357555389404,0,0,0,0
20,270,172920,-0.63200217485427856,0.00016841177421156317,0.003356303321197629,55.201133728027344,31.331689834594727,0,49.257682800292969,9.8419046401977539,0.00035658926935866475,0.045571636408567429,-2.4555480480194092,1.0434130430221558,1.100659966468811,0.99480241537094116,1.3246381282806396,-3.4626357555389404,0,0,0,0
20,285,173280,-4.696749210357666,0.0019040871411561966,0.015204446390271187,55.682674407958984,31.341241836547852,0.099151588976383209,48.524341583251953,9.6923513412475586,0.00035031515290029347,0.11743705719709396,-2.7451298236846924,1.0399287939071655,1.100659966468811,0.99480241537094116,1.3246381282806396,-3.4626357555389404,0,0,0,0
20,300,173640,-8.1114587783813477,0.0002283614594489336,0.010718232952058315,56.145309448242188,31.351123809814453,0.12788324058055878,44.617286682128906,12.584856986999512,0.00034282042179256678,0.22549319267272949,-2.9401071071624756,1.0375828742980957,1.100659966468811,0.99480241537094116,1.3246381282806396,-3.4626357555389404,0,0,0,0
20,315,174000,-10.634392738342285,0.008745427243411541,0.1391778439283371,56.244491577148438,31.322851181030273,0.53937608003616333,39.341377258300781,16.510761260986328,0.00034098114701919258,0.33956518769264221,-2.9724493026733398,1.0363686084747314,1.100659966468811,0.99480241537094116,1.3246381282806396,-3.4626357555389404,0,0,0,0
20,330,174360,-14.669120788574219,0.003483940614387393,0.50955212116241455,56.214908599853516,31.267953872680664,1.6867079734802246,34.598701477050781,19.582584381103516,0.00033921512658707798,0.41891166567802429,-6.2628879547119141,1.0275086164474487,1.100659966468811,0.99480241537094116,1.3246381282806396,-3.4626357555389404,0,1,0,0
20,345,174720,-12.687687873840332,0.015246139839291573,0.13605134189128876,56.186931610107422,31.212358474731445,2.6058158874511719,30.425546646118164,21.845636367797852,0.00033752797753550112,0.53978586196899414,-2.5982773303985596,1.0125483274459839,1.100659966468811,0.99480241537094116,1.3246381282806396,-3.4626357555389404,0,0,0,0
20,360,175080,-11.500319480895996,0.013667277060449123,0.047300945967435837,56.159538269042969,31.156742095947266,3.3818485736846924,26.75408935546875,23.433635711669922,0.00033591219107620418,0.97439628839492798,-1.4810614585876465,1.1330415010452271,1.2909058332443237,1.002646803855896,1.0332366228103638,-1.0869326591491699,0,0,0,0
20,365,175200,-11.193197250366211,0.015963546931743622,0.042517229914665222,56.150470733642578,31.138221740722656,3.9611167907714844,25.631284713745117,23.832080841064453,0.00033538811840116978,1.118025541305542,-1.320220947265625,1.1679407358169556,1.326136589050293,1.0040994882583618,0.97927337884902954,-0.6469876766204834,0,0,0,0
21,15,175560,-10.104966163635254,0.019203687086701393,0.045112535357475281,56.123737335205078,31.082536697387695,5.325688362121582,22.537191390991211,24.693881988525391,0.00033385533606633544,1.0283048152923584,-1.4970040321350098,1.1427386999130249,1.2774336338043213,1.0020912885665894,1.0538721084594727,-1.2551677227020264,0,0,0,0
21,30,175920,-7.9667196273803711,0.039632640779018402,0.093002252280712128,56.120582580566406,31.026676177978516,6.8863420486450195,19.822917938232422,25.11244010925293,0.0003323752898722887,1.1962846517562866,-1.3125724792480469,1.1887863874435425,1.326136589050293,1.0040994882583618,0.97927337884902954,-0.6469876766204834,0,0,0,0
21,45,176280,-5.1384801864624023,0.030228679999709129,0.0080196233466267586,56.641632080078125,31.012847900390625,8.3087081909179688,17.748409271240234,24.876699447631836,0.00032930402085185051,1.1742383241653442,-1.2772490978240967,1.1917939186096191,1.326136589050293,1.0040994882583618,0.97927337884902954,-0.6469876766204834,0,0,0,0
21,60,176640,-1.6179641485214233,0.029044527560472488,0.093271680176258087,57.438060760498047,31.106023788452148,8.7084865570068359,16.883769989013672,23.504215240478516,0.00032089656451717019,1.0797619819641113,-1.2225325107574463,1.1964528560638428,1.326136589050293,1.0040994882583618,0.97927337884902954,-0.6469876766204834,0,0,0,0
21,75,177000,2.5675804615020752,0.0038729060906916857,0.37111607193946838,59.033237457275391,32.961734771728516,0.46906512975692749,16.884244918823242,21.530677795410156,0.00032031998853199184,0.93524050712585449,-1.1588119268417358,1.2018783092498779,1.326136589050293,1.0040994882583618,0.97927337884902954,-0.6469876766204834,0,0,0,0
21,90,177360,7.7373447418212891,0.0060879322700202465,0.12425650656223297,58.38629150390625,33.757278442382812,0,18.325302124023438,19.693218231201172,0.00032306852517649531,0.7894890308380127,-1.0964765548706055,1.2071858644485474,1.326136589050293,1.0040994882583618,0.97927337884902954,-0.6469876766204834,0,0,0,0
21,105,177720,12.008857727050781,0.00026192254154011607,0.0077964239753782749,58.233791351318359,33.819427490234375,0,21.84259033203125,18.020532608032227,0.00032576121157035232,0.61927551031112671,-1.0459157228469849,1.2114908695220947,1.326136589050293,1.0040994882583618,0.97927337884902954,-0.6469876766204834,0,0,0,0
21,120,178080,15.89686107635498,1.2260915127626504E-07,0.0016380597371608019,57.976486206054688,33.815006256103516,0,26.038684844970703,16.502079010009766,0.00032837930484674871,0.44743895530700684,-1.0175185203552246,1.2139087915420532,1.326136589050293,1.0040994882583618,0.97927337884902954,-0.6469876766204834,0,0,0,0
21,135,178440,19.112550735473633,0,0.0011782837100327015,57.576324462890625,33.757575988769531,0,29.495143890380859,15.347896575927734,0.00033092626836150885,0.28909504413604736,-1.0129270553588867,1.2130526304244995,1.326136589050293,1.0040994882583618,0.97927337884902954,-0.6469876766204834,0,0,0,0
21,150,178800,21.32609748840332,0,0.0040856213308870792,57.087921142578125,33.685207366943359,0,31.248584747314453,14.936430931091309,0.00033342375536449254,0.16498866677284241,-1.0035808086395264,1.2072464227676392,1.326136589050293,1.0040994882583618,0.97927337884902954,-0.6469876766204834,0,0,0,0
21,165,179160,22.384527206420898,0,0.00057528336765244603,56.531883239746094,33.616874694824219,0,32.175552368164062,14.941324234008789,0.00033589298254810274,0.084968253970146179,-0.98916089534759521,1.1982884407043457,1.326136589050293,1.0040994882583618,0.97927337884902954,-0.6469876766204834,0,0,0,0
21,180,179520,22.109550476074219,0,0.00039195531280711293,55.975914001464844,33.552978515625,0,33.108932495117188,15.000092506408691,0.00033833796624094248,0.039733082056045532,-0.97304999828338623,1.1882799863815308,1.326136589050293,1.0040994882583618,0.97927337884902954,-0.6469876766204834,0,0,0,0
21,195,179880,20.64674186706543,0,0.00024870267952792346,55.571811676025391,33.491127014160156,0,34.605396270751953,14.870212554931641,0.00034074508585035801,0.018590440973639488,-0.95863020420074463,1.1793221235275269,1.326136589050293,1.0040994882583618,0.97927337884902954,-0.6469876766204834,0,0,0,0
21,210,180240,18.110385894775391,0,0.0002479471149854362,55.350021362304688,33.431411743164062,0,37.414237976074219,14.276275634765625,0.00034308931208215654,0.016378667205572128,-0.94928383827209473,1.1735159158706665,1.326136589050293,1.0040994882583618,0.97927337884902954,-0.6469876766204834,0,0,0,0
21,225,180600,14.684453010559082,0.00062851933762431145,0.0035894731990993023,55.328582763671875,33.375297546386719,0,41.676101684570312,13.213446617126465,0.00034534340375103056,0.030224699527025223,-0.95216560363769531,1.1711796522140503,1.326136589050293,1.0040994882583618,0.97927337884902954,-0.6469876766204834,0,0,0,0
21,240,180960,10.660704612731934,0.00015252413868438452,0.00022368246573023498,55.502914428710938,33.336849212646484,0,45.918254852294922,12.154373168945312,0.00034749816404655576,0.062108837068080902,-0.99790441989898682,1.1589798927307129,1.326136589050293,1.0040994882583618,0.97927337884902954,-0.6469876766204834,0,0,0,0
21,255,181320,6.3874201774597168,0.00014659718726761639,0.00047036568867042661,55.786308288574219,33.333465576171875,0,49.088748931884766,11.194195747375488,0.00034956511808559299,0.12503160536289215,-1.0763615369796753,1.1380534172058105,1.326136589050293,1.0040994882583618,0.97927337884902954,-0.6469876766204834,0,0,0,0
21,270,181680,1.2920733690261841,0.00012956617865711451,0.0024449899792671204,56.168476104736328,33.367202758789062,0,50.269523620605469,10.319492340087891,0.00035157147794961929,0.23279979825019836,-1.1675053834915161,1.1137430667877197,1.326136589050293,1.0040994882583618,0.97927337884902954,-0.6469876766204834,0,0,0,0
21,285,182040,-2.6230778694152832,0.00032750482205301523,0.021836616098880768,56.502418518066406,33.406116485595703,0.0053489906713366508,50.166938781738281,9.5925617218017578,0.00035034283064305782,0.37133008241653442,-1.2513042688369751,1.091391921043396,1.326136589050293,1.0040994882583618,0.97927337884902954,-0.6469876766204834,0,0,0,0
21,300,182400,-5.995997428894043,8.2643928180914372E-05,0.00615335488691926,56.847393035888672,33.444236755371094,0.0068539762869477272,47.989948272705078,10.843362808227539,0.00034060291363857687,0.52501976490020752,-1.3077266216278076,1.0763425827026367,1.326136589050293,1.0040994882583618,0.97927337884902954,-0.6469876766204834,0,0,0,0
21,315,182760,-8.6396150588989258,0.0010766417253762484,0.011265662498772144,57.18389892578125,33.467414855957031,0.17131748795509338,43.114707946777344,14.550789833068848,0.00033655628794804215,0.69292020797729492,-1.3202399015426636,1.0744717121124268,1.326136589050293,1.0040994882583618,0.97927337884902954,-0.6469876766204834,0,0,0,0
21,330,183120,-10.43620491027832,0.010029532015323639,0.11332342773675919,57.185615539550781,33.425949096679688,0.70220756530761719,37.949039459228516,18.199993133544922,0.00033474131487309933,0.83146911859512329,-1.3202360868453979,1.093199610710144,1.326136589050293,1.0040994882583618,0.97927337884902954,-0.6469876766204834,0,0,0,0
21,345,183480,-11.371331214904785,0.010906185954809189,0.047030091285705566,57.154586791992188,33.373012542724609,1.8087352514266968,33.375293731689453,20.966541290283203,0.00033301077201031148,0.97781223058700562,-1.3202296495437622,1.1248221397399902,1.326136589050293,1.0040994882583618,0.97927337884902954,-0.6469876766204834,0,0,0,0
21,360,183840,-12.627113342285156,0.01945614255964756,0.036241773515939713,57.124488830566406,33.319808959960938,2.9326803684234619,29.350921630859375,22.969017028808594,0.00033135531703010201,0.68876141309738159,-2.4534413814544678,1.1088364124298096,1.1057881116867065,0.84328675270080566,0.92471325397491455,0.74368476867675781,0,0,0,0
21,365,183960,-12.791318893432617,0.013730752281844616,0.0379897840321064,57.114646911621094,33.301982879638672,3.4008848667144775,28.120040893554688,23.489274978637695,0.0003308186715003103,0.5950237512588501,-2.8334281444549561,1.1215537786483765,1.0649828910827637,0.8135066032409668,0.91460955142974854,1.0012166500091553,0,0,0,0
22,15,184320,-11.660981178283691,0.028832461684942245,0.053331270813941956,57.085369110107422,33.248310089111328,4.8581137657165527,24.726963043212891,24.666677474975586,0.00032924997503869236,0.79834938049316406,-2.7653281688690186,1.1688882112503052,1.1213921308517456,0.85467469692230225,0.92857694625854492,0.64520442485809326,0,0,0,0
22,30,184680,-10.003749847412109,0.018076971173286438,0.187826007604599,57.056671142578125,33.194019317626953,6.2189640998840332,21.742477416992188,25.351242065429688,0.00032773849670775235,0.60764425992965698,-3.1526422500610352,1.1587791442871094,1.0649828910827637,0.8135066032409668,0.91460955142974854,1.0012166500091553,0,0,0,0
22,45,185040,-7.328702449798584,0.019217504188418388,0.035173933953046799,57.373001098632812,33.144920349121094,7.2154455184936523,19.154561996459961,25.595796585083008,0.00032629360794089735,0.57359033823013306,-2.983154296875,1.1193447113037109,1.0649828910827637,0.8135066032409668,0.91460955142974854,1.0012166500091553,0,0,0,0
22,60,185400,-3.3129947185516357,0.020330578088760376,0.012018900364637375,57.954212188720703,33.165397644042969,8.562281608581543,17.075355529785156,25.327430725097656,0.00032346800435334444,0.52725416421890259,-2.720613956451416,1.0582598447799683,1.0649828910827637,0.8135066032409668,0.91460955142974854,1.0012166500091553,0,0,0,0
22,75,185760,0.91148453950881958,0.0090633975341916084,0.37328687310218811,59.379108428955078,33.614967346191406,4.8786816596984863,16.797882080078125,23.385076522827148,0.00031931273406371474,0.44075271487236023,-2.4148707389831543,0.98712301254272461,1.0649828910827637,0.8135066032409668,0.91460955142974854,1.0012166500091553,0,0,0,0
22,90,186120,6.4561638832092285,0.00027913469239138067,0.026962267234921455,59.3048095703125,34.405929565429688,0.0013498495100066066,17.767791748046875,21.386821746826172,0.00032195838866755366,0.33472660183906555,-2.1157741546630859,0.91753262281417847,1.0649828910827637,0.8135066032409668,0.91460955142974854,1.0012166500091553,0,0,0,0
22,105,186480,10.964476585388184,3.5330747323314426E-06,0.0025389660149812698,59.104885101318359,34.410892486572266,0,21.130300521850586,19.56688117980957,0.00032462659873999655,0.21713007986545563,-1.8731738328933716,0.86108708381652832,1.0649828910827637,0.8135066032409668,0.91460955142974854,1.0012166500091553,0,0,0,0
22,120,186840,15.030673027038574,0.00054352497681975365,0.0098000345751643181,58.795730590820312,34.345890045166016,0,25.487798690795898,17.912574768066406,0.00032722129253670573,0.11329517513513565,-1.7369186878204346,0.82938486337661743,1.0649828910827637,0.8135066032409668,0.91460955142974854,1.0012166500091553,0,0,0,0
22,135,187200,18.257333755493164,0,0.00072237523272633553,58.369857788085938,34.272506713867188,0,29.306924819946289,16.557767868041992,0.00032974325586110353,0.040785327553749084,-1.7426064014434814,0.83031332492828369,1.0649828910827637,0.8135066032409668,0.91460955142974854,1.0012166500091553,0,0,0,0
22,150,187560,20.41374397277832,0,0.00060594355454668403,57.846057891845703,34.204113006591797,0,31.492116928100586,15.913016319274902,0.00033220977638848126,0.0017059653764590621,-1.8444938659667969,0.85192877054214478,1.1047829389572144,0.8135066032409668,0.91460955142974854,1.0012166500091553,0,0,0,0
22,165,187920,21.379186630249023,0,0.00045070881606079638,57.265937805175781,34.139324188232422,0,32.731609344482422,15.744536399841309,0.00033464134321548045,4.7411736886715516E-05,-2.0016884803771973,0.88527762889862061,1.0649828910827637,0.8135066032409668,0.91460955142974854,1.0012166500091553,0,0,0,0
22,180,188280,21.059043884277344,0,0.00031106907408684492,56.661979675292969,34.076694488525391,0,33.85150146484375,15.695372581481934,0.00033704712404869497,3.7380527828645427E-07,-2.1773183345794678,0.92253762483596802,1.0649828910827637,0.8135066032409668,0.91460955142974854,1.0012166500091553,0,0,0,0
22,195,188640,19.463037490844727,0,0.00020285212667658925,56.152683258056641,34.015239715576172,0,35.701778411865234,15.410248756408691,0.00033941853325814009,2.2612045569303518E-09,-2.3345129489898682,0.95588648319244385,1.0649828910827637,0.8135066032409668,0.91460955142974854,1.0012166500091553,0,0,0,0
22,210,189000,16.860950469970703,0,0.00018826458835974336,55.863609313964844,33.954463958740234,0,39.049583435058594,14.608600616455078,0.00034172533196397126,7.7972654374813821E-12,-2.4364004135131836,0.97750198841094971,1.0649828910827637,0.8135066032409668,0.91460955142974854,1.0012166500091553,0,0,0,0
22,225,189360,13.468873023986816,2.2859572368361114E-07,0.00068347872002050281,55.813011169433594,33.896701812744141,0,43.522331237792969,13.459981918334961,0.00034393754322081804,1.9993655372258466E-14,-2.4394969940185547,0.9806482195854187,1.0649828910827637,0.8135066032409668,0.91460955142974854,1.0012166500091553,0,0,0,0
22,240,189720,9.6878833770751953,0.0001788672961993143,0.00026386682293377817,55.983921051025391,33.847064971923828,0,47.722400665283203,12.380772590637207,0.00034604902612045407,2.7241249599994467E-17,-2.280545711517334,0.97142636775970459,1.0726563930511475,0.8135066032409668,0.91460955142974854,1.0012166500091553,0,0,0,0
22,255,190080,5.795628547668457,0.00022842249018140137,0.00056953646708279848,56.31317138671875,33.8173828125,0,50.654918670654297,11.401577949523926,0.00034807369229383767,0.00025127551634795964,-2.0078926086425781,0.95560795068740845,1.0649828910827637,0.8135066032409668,0.91460955142974854,1.0012166500091553,0,0,0,0
22,270,190440,1.1362705230712891,0.00014713061682414263,0.0014070364413782954,56.709789276123047,33.816444396972656,0,51.683841705322266,10.507942199707031,0.00035003948141820729,0.010353145189583302,-1.6911506652832031,0.93723171949386597,1.0649828910827637,0.8135066032409668,0.91460955142974854,1.0012166500091553,0,0,0,0
22,285,190800,-2.414623498916626,0.00011304516374366358,0.0027663153596222401,57.001129150390625,33.835166931152344,0,51.581756591796875,9.7544622421264648,0.00034888184745796025,0.05515902116894722,-1.3999336957931519,0.92033630609512329,1.0649828910827637,0.8135066032409668,0.91460955142974854,1.0012166500091553,0,0,0,0
22,300,191160,-5.6033215522766113,8.1170517660211772E-05,0.0062959739007055759,57.291996002197266,33.868679046630859,0.021303988993167877,49.599662780761719,10.803043365478516,0.00033927246113307774,0.1422111988067627,-1.2038553953170776,0.90896046161651611,1.0649828910827637,0.8135066032409668,0.91460955142974854,1.0012166500091553,0,0,0,0
22,315,191520,-8.2895822525024414,0.00034266634611412883,0.0074113146401941776,57.578964233398438,33.89739990234375,0.049525532871484756,44.837574005126953,14.408505439758301,0.0003341343835927546,0.24701911211013794,-1.1862188577651978,0.90976130962371826,1.0649828910827637,0.8135066032409668,0.91460955142974854,1.0012166500091553,0,0,0,0
22,330,191880,-10.509476661682129,0.0090583385899662971,0.12994115054607391,57.603557586669922,33.863929748535156,0.41887980699539185,39.495113372802734,18.239412307739258,0.00033229001564905047,0.34541547298431396,-1.5162619352340698,0.95219713449478149,1.0649828910827637,0.8135066032409668,0.91460955142974854,1.0012166500091553,0,0,0,0
22,345,192240,-12.088300704956055,0.0097352117300033569,0.071766003966331482,57.572509765625,33.810127258300781,1.1786882877349854,34.737079620361328,21.178890228271484,0.00033053089282475412,0.45249077677726746,-2.0735476016998291,1.0238509178161621,1.0649828910827637,0.8135066032409668,0.91460955142974854,1.0012166500091553,0,0,0,0
22,360,192600,-11.97257137298584,0.017105264589190483,0.040132742375135422,57.542457580566406,33.755722045898438,2.2113900184631348,30.550111770629883,23.318492889404297,0.00032884869142435491,0.50589513778686523,-2.1013221740722656,1.0311751365661621,1.0327013731002808,0.85580325126647949,0.93955457210540771,-5.3057928085327148,0,0,0,0
22,365,192720,-11.696404457092285,0.010145053267478943,0.040077205747365952,57.532604217529297,33.737525939941406,2.5381112098693848,29.269577026367188,23.877700805664062,0.00032830348936840892,0.50703209638595581,-2.1417045593261719,1.0319380760192871,1.0267232656478882,0.86363595724105835,0.94417405128479004,-6.4737567901611328,0,0,0,0
23,15,193080,-10.76148796081543,0.021585363894701004,0.054342370480298996,57.503387451171875,33.682910919189453,3.862210750579834,25.739160537719727,25.154605865478516,0.00032671092776581645,0.55070525407791138,-2.5821037292480469,1.0809155702590942,1.0349873304367065,0.85280799865722656,0.93778812885284424,-4.8591623306274414,0,0,0,0
23,30,193440,-8.1663618087768555,0.01312632393091917,0.13937146961688995,57.485416412353516,33.628124237060547,4.8135933876037598,22.637737274169922,25.912168502807617,0.00032517756335437298,0.51498430967330933,-2.4055931568145752,1.0570213794708252,1.0267232656478882,0.86363595724105835,0.94417405128479004,-6.4737567901611328,0,0,0,0
23,45,193800,-4.9883518218994141,0.017350785434246063,0.0077123926021158695,58.044460296630859,33.620967864990234,5.6174874305725098,20.264774322509766,25.902013778686523,0.00032197276595979929,0.4887499213218689,-2.2286784648895264,1.0429284572601318,1.0267232656478882,0.86363595724105835,0.94417405128479004,-6.4737567901611328,0,0,0,0
23,60,194160,-1.0708187818527222,0.0099384384229779243,0.085732340812683105,58.734111785888672,33.661537170410156,5.1651439666748047,19.398920059204102,24.452739715576172,0.00031375710386782885,0.41304713487625122,-1.954634428024292,1.0210980176925659,1.0267232656478882,0.86363595724105835,0.94417405128479004,-6.4737567901611328,0,0,0,0
23,75,194520,3.3931586742401123,0.001591766718775034,0.12660090625286102,59.302139282226562,34.002841949462891,0.11550600826740265,19.504615783691406,22.381223678588867,0.00031475399737246335,0.31968918442726135,-1.6354944705963135,0.99567538499832153,1.0267232656478882,0.86363595724105835,0.94417405128479004,-6.4737567901611328,0,0,0,0
23,90,194880,8.7965784072875977,6.5393011027481407E-05,0.0079957563430070877,59.164283752441406,34.028556823730469,0,21.309894561767578,20.475921630859375,0.00031748457695357502,0.21981468796730042,-1.3232922554016113,0.97080534696578979,1.0267232656478882,0.86363595724105835,0.94417405128479004,-6.4737567901611328,0,0,0,0
23,105,195240,13.155000686645508,2.9925007538622594E-07,0.0074488315731287003,58.935249328613281,33.9927978515625,0,25.10438346862793,18.741188049316406,0.00032015424221754074,0.12173236161470413,-1.0700616836547852,0.95063304901123047,1.0267232656478882,0.86363595724105835,0.94417405128479004,-6.4737567901611328,0,0,0,0
23,120,195600,16.99365234375,0,0.00090423930669203401,58.570274353027344,33.930065155029297,0,29.34063720703125,17.172870635986328,0.00032275010016746819,0.041819050908088684,-0.92783623933792114,0.93930339813232422,1.0267232656478882,0.86363595724105835,0.94417405128479004,-6.4737567901611328,0,0,0,0
23,135,195960,19.888360977172852,0,0.00094238214660435915,58.090724945068359,33.863258361816406,0,32.386436462402344,16.134799957275391,0.00032527872826904058,0.0052201226353645325,-0.93570894002914429,0.94120132923126221,1.0267232656478882,0.86363595724105835,0.94417405128479004,-6.4737567901611328,0,0,0,0
23,150,196320,21.665538787841797,0,0.0005254544666968286,57.5240478515625,33.798954010009766,0,33.797958374023438,15.854972839355469,0.00032776381704024971,7.0821806730236858E-05,-1.0523084402084351,0.95721715688705444,1.0267232656478882,0.86363595724105835,0.94417405128479004,-6.4737567901611328,0,0,0,0
23,165,196680,22.208234786987305,0,0.00038135249633342028,56.913177490234375,33.739395141601562,0,34.619457244873047,15.905680656433105,0.00033022183924913406,5.028119289818278E-07,-1.2322008609771729,0.98192667961120605,1.0267232656478882,0.86363595724105835,0.94417405128479004,-6.4737567901611328,0,0,0,0
23,180,197040,21.382970809936523,0,0.00024212055723182857,56.322822570800781,33.683265686035156,0,35.625457763671875,15.939672470092773,0.00033265459933318198,2.8343905000838276E-09,-1.4331909418106079,1.0095340013504028,1.0267232656478882,0.86363595724105835,0.94417405128479004,-6.4737567901611328,0,0,0,0
23,195,197400,19.414268493652344,0,0.00014824428944848478,55.939220428466797,33.629302978515625,0,37.544971466064453,15.652587890625,0.00033504315069876611,1.0083902463042804E-11,-1.6130833625793457,1.0342437028884888,1.0267232656478882,0.86363595724105835,0.94417405128479004,-6.4737567901611328,0,0,0,0
23,210,197760,16.454351425170898,0,0.00015161615738179535,55.792835235595703,33.576622009277344,0,41.105915069580078,14.786234855651855,0.00033735437318682671,0.007298528216779232,-1.7296829223632812,1.0502593517303467,1.0267232656478882,0.86363595724105835,0.94417405128479004,-6.4737567901611328,0,0,0,0
23,225,198120,19.660139083862305,0,0.00011028688459191471,55.305278778076172,33.524524688720703,0,44.450370788574219,14.044723510742188,0.00033957912819460034,5.4252072004601359E-05,4.9488821029663086,1.0513696670532227,1.0267232656478882,0.86363595724105835,0.94417405128479004,-6.4737567901611328,1,0,0,0
23,240,198480,8.8469104766845703,0.00020252044487278908,0.0002158704592147842,56.040870666503906,33.488597869873047,0,48.616802215576172,12.954006195068359,0.00034171572769992054,3.5675722642736218E-07,-1.6123969554901123,1.0325204133987427,1.0267232656478882,0.86363595724105835,0.94417405128479004,-6.4737567901611328,0,0,0,0
23,255,198840,4.8530192375183105,0.00017606212350074202,0.00062276300741359591,56.391532897949219,33.487224578857422,0,51.379253387451172,11.922077178955078,0.00034375337418168783,0.00018818842363543808,-1.3954720497131348,1.0001877546310425,1.0267232656478882,0.86363595724105835,0.94417405128479004,-6.4737567901611328,0,0,0,0
23,270,199200,0.16104814410209656,0.00015099204028956592,0.001129533164203167,56.769168853759766,33.518356323242188,0,52.149486541748047,10.979282379150391,0.00034573656739667058,0.014373592101037502,-1.1434699296951294,0.96262669563293457,1.0267232656478882,0.86363595724105835,0.94417405128479004,-6.4737567901611328,0,0,0,0
23,285,199560,-3.3344762325286865,0.00011194094986421987,0.0029781349003314972,57.073558807373047,33.552249908447266,1.4891189437093999E-07,51.821132659912109,10.355196952819824,0.00034207222051918507,0.060790151357650757,-0.91177564859390259,0.92809253931045532,1.0267232656478882,0.86363595724105835,0.94417405128479004,-6.4737567901611328,0,0,0,0
23,300,199920,-6.3325629234313965,0.0019109869608655572,0.0046601309441030025,57.348949432373047,33.584575653076172,0.012822797521948814,49.053565979003906,12.102475166320801,0.00033226291998289526,0.14151190221309662,-0.75577437877655029,0.90484052896499634,1.0267232656478882,0.86363595724105835,0.94417405128479004,-6.4737567901611328,0,0,0,0
23,315,200280,-8.733250617980957,0.0018453862285241485,0.016685428097844124,57.636226654052734,33.601497650146484,0.18515641987323761,43.915325164794922,15.950104713439941,0.0003292333276476711,1.7069761753082275,-0.74312436580657959,0.90172702074050903,1.170060396194458,0.86363595724105835,0.94417405128479004,-6.4737567901611328,0,0,0,1
23,330,200640,-10.538693428039551,0.014126007445156574,0.16191071271896362,57.635063171386719,33.557243347167969,0.52537798881530762,38.653182983398438,19.570056915283203,0.00032743753399699926,0.34186515212059021,-1.0233509540557861,0.92781674861907959,1.0267232656478882,0.86363595724105835,0.94417405128479004,-6.4737567901611328,0,0,0,0
23,345,201000,-18.354997634887695,0.010530702769756317,0.084230661392211914,57.604835510253906,33.505908966064453,2.5008232593536377,33.998889923095703,22.293661117553711,0.000325726781738922,0.41849401593208313,-8.5776500701904297,0.97186994552612305,1.0267232656478882,0.86363595724105835,0.94417405128479004,-6.4737567901611328,0,1,0,0
23,360,201360,-11.661125183105469,0.01425227802246809,0.040838845074176788,57.574840545654297,33.454719543457031,2.7747988700866699,29.902936935424805,24.250375747680664,0.00032409190316684544,0.44989550113677979,-1.6337605714797974,1.0508196353912354,1.0088086128234863,0.90946567058563232,0.94142872095108032,-1.565861701965332,0,0,0,0
23,365,201480,-11.490092277526855,0.010554865933954716,0.04112321138381958,57.564933776855469,33.43768310546875,2.9890909194946289,28.649951934814453,24.754795074462891,0.00032356232986785471,0.45138612389564514,-1.6277031898498535,1.0775902271270752,1.0054911375045776,0.91795265674591064,0.94092035293579102,-0.65699195861816406,0,0,0,0
24,15,201840,-10.436684608459473,0.012917041778564453,0.054549280554056168,57.535606384277344,33.386398315429688,4.2225437164306641,25.197027206420898,25.883113861083984,0.00032201551948674023,0.50221282243728638,-1.8924208879470825,1.1049745082855225,1.0100772380828857,0.90622025728225708,0.94162315130233765,-1.9134130477905273,0,0,0,0
24,30,202200,-8.3685770034790039,0.013698605820536613,0.15709492564201355,57.512237548828125,33.334724426269531,5.100438117980957,22.160200119018555,26.514976501464844,0.00032052592723630369,0.48102372884750366,-1.7542891502380371,1.1169168949127197,1.0054911375045776,0.91795265674591064,0.94092035293579102,-0.65699195861816406,0,0,0,0
24,45,202560,-5.5639967918395996,0.013830747455358505,0.0077593601308763027,58.065277099609375,33.320182800292969,5.9980807304382324,19.745508193969727,26.493213653564453,0.00031844456680119038,0.46518599987030029,-1.7471092939376831,1.0977417230606079,1.0054911375045776,0.91795265674591064,0.94092035293579102,-0.65699195861816406,0,0,0,0
24,60,202920,-2.0660576820373535,0.019463395699858665,0.056840185075998306,58.49176025390625,33.335739135742188,6.4378900527954102,18.648296356201172,25.21319580078125,0.00031000177841633558,0.40998157858848572,-1.7359875440597534,1.0680388212203979,1.0054911375045776,0.91795265674591064,0.94092035293579102,-0.65699195861816406,0,0,0,0
24,75,203280,2.0036115646362305,0.0030573555268347263,0.37929588556289673,59.524314880371094,33.689136505126953,1.3418666124343872,18.587343215942383,23.123662948608398,0.00030885869637131691,0.32377958297729492,-1.7230355739593506,1.0334481000900269,1.0054911375045776,0.91795265674591064,0.94092035293579102,-0.65699195861816406,0,0,0,0
24,90,203640,7.1829361915588379,0.00036478968104347587,0.018214602023363113,59.341499328613281,33.899967193603516,0,19.911909103393555,21.149868011474609,0.00031164463143795729,0.22527042031288147,-1.7103652954101562,0.99960941076278687,1.0054911375045776,0.91795265674591064,0.94092035293579102,-0.65699195861816406,0,0,0,0
24,105,204000,11.423694610595703,0.00012948233052156866,0.0034579171333462,59.15643310546875,33.881263732910156,0,23.527338027954102,19.352169036865234,0.0003143753856420517,0.12827958166599274,-1.7000882625579834,0.97216236591339111,1.0054911375045776,0.91795265674591064,0.94092035293579102,-0.65699195861816406,0,0,0,0
24,120,204360,15.312583923339844,3.8500598265045483E-08,0.0011176214320585132,58.830772399902344,33.828037261962891,0,27.968534469604492,17.717931747436523,0.00031703093554824591,0.051908310502767563,-1.6943161487579346,0.95674705505371094,1.0054911375045776,0.91795265674591064,0.94092035293579102,-0.65699195861816406,0,0,0,0
24,135,204720,18.494535446166992,0,0.0022846716456115246,58.3736572265625,33.757671356201172,0,31.782878875732422,16.415559768676758,0.00031961195054464042,0.0079213511198759079,-1.6868386268615723,0.95547002553939819,1.0054911375045776,0.91795265674591064,0.94092035293579102,-0.65699195861816406,0,0,0,0
24,150,205080,20.734188079833984,0,0.00058521359460428357,57.814502716064453,33.686866760253906,0,33.8349609375,15.890250205993652,0.00032213990925811231,0.00014711466792505234,-1.6502947807312012,0.95683085918426514,1.0054911375045776,0.91795265674591064,0.94092035293579102,-0.65699195861816406,0,0,0,0
24,165,205440,21.823520660400391,0,0.00042959873098880053,57.201515197753906,33.618125915527344,0,34.898971557617188,15.857850074768066,0.00032463698880746961,1.0969650929837371E-06,-1.593914270401001,0.95893043279647827,1.0054911375045776,0.91795265674591064,0.94092035293579102,-0.65699195861816406,0,0,0,0
24,180,205800,21.582782745361328,0.00018629472469910979,0.0012641607318073511,56.581508636474609,33.553417205810547,0,35.901905059814453,15.907848358154297,0.0003271096502430737,7.2610220058777486E-09,-1.5309213399887085,0.96127617359161377,1.0054911375045776,0.91795265674591064,0.94092035293579102,-0.65699195861816406,0,0,0,0
24,195,206160,20.154003143310547,0,0.00014651742822024971,56.135265350341797,33.492965698242188,0,37.569252014160156,15.724872589111328,0.00032954369089566171,3.1675845973966332E-11,-1.4745407104492188,0.9633757472038269,1.0054911375045776,0.91795265674591064,0.94092035293579102,-0.65699195861816406,0,0,0,0
24,210,206520,17.637990951538086,0,0.00015023686864878982,55.896827697753906,33.435737609863281,0,40.650913238525391,15.027642250061035,0.00033191018155775964,8.0626877516001144E-14,-1.4379969835281372,0.96473658084869385,1.0054911375045776,0.91795265674591064,0.94092035293579102,-0.65699195861816406,0,0,0,0
24,225,206880,14.232601165771484,5.547069577005459E-07,0.00015012195217423141,55.867877960205078,33.382530212402344,0,45.097797393798828,13.880022048950195,0.00033418298698961735,1.1940512284369545E-16,-1.4260343313217163,0.96384918689727783,1.0054911375045776,0.91795265674591064,0.94092035293579102,-0.65699195861816406,0,0,0,0
24,240,207240,10.292496681213379,0.00018449498747941107,0.00020421406952664256,56.034423828125,33.345710754394531,0,49.416709899902344,12.762847900390625,0.00033635352156125009,2.3000928232709007E-20,-1.3762390613555908,0.95258551836013794,1.0054911375045776,0.91795265674591064,0.94092035293579102,-0.65699195861816406,0,0,0,0
24,255,207600,6.1784367561340332,0.00018070881196763366,0.0014973756624385715,56.310977935791016,33.344989776611328,0,52.563526153564453,11.750547409057617,0.00033843336859717965,3.7295579957685732E-09,-1.2908238172531128,0.93326461315155029,1.0054911375045776,0.91795265674591064,0.94092035293579102,-0.65699195861816406,0,0,0,0
24,270,207960,1.2935059070587158,0.00015944379265420139,0.00097148318309336901,56.674873352050781,33.383335113525391,0,53.711940765380859,10.827427864074707,0.0003404524177312851,0.0016550931613892317,-1.1915967464447021,0.91081947088241577,1.0054911375045776,0.91795265674591064,0.94092035293579102,-0.65699195861816406,0,0,0,0
24,285,208320,-2.4452707767486572,0.00012037533451803029,0.0027079556602984667,56.968719482421875,33.434803009033203,2.5299855543892136E-09,53.620033264160156,10.046407699584961,0.00033959263237193227,0.028726805001497269,-1.1003659963607788,0.89018315076828003,1.0054911375045776,0.91795265674591064,0.94092035293579102,-0.65699195861816406,0,0,0,0
24,300,208680,-5.7108068466186523,0.0081113660708069801,0.0065857749432325363,57.233818054199219,33.486431121826172,0.059884626418352127,51.499614715576172,11.20323371887207,0.00033026153687387705,0.28598615527153015,-1.0389397144317627,0.87628859281539917,1.0054911375045776,0.91795265674591064,4.4303908348083496,-0.65699195861816406,0,0,1,0
24,315,209040,-8.3476905822753906,0.00027155809220857918,0.0066228783689439297,57.540695190429688,33.523307800292969,0.15224789083003998,46.464687347412109,15.034542083740234,0.00032563062268309295,0.077872961759567261,-1.0346238613128662,0.87636488676071167,1.2246218919754028,0.91795265674591064,0.94092035293579102,-0.65699195861816406,0,0,0,1
24,330,209400,-10.26435375213623,0.0079848216846585274,0.12401978671550751,57.554592132568359,33.491844177246094,0.41482433676719666,40.924350738525391,19.000484466552734,0.00032383555662818253,0.25857686996459961,-1.1534562110900879,0.91668343544006348,1.0054911375045776,0.91795265674591064,0.94092035293579102,-0.65699195861816406,0,0,0,0
24,345,209760,-11.390707015991211,0.0080355536192655563,0.075840823352336884,57.52392578125,33.441600799560547,1.0315481424331665,35.996910095214844,22.036350250244141,0.00032212835503742099,0.35772168636322021,-1.3541073799133301,0.98476219177246094,1.0054911375045776,0.91795265674591064,0.94092035293579102,-0.65699195861816406,0,0,0,0
24,360,210120,-10.418780326843262,0.0060421731323003769,0.036969941109418869,57.493999481201172,33.391571044921875,1.8157151937484741,31.660518646240234,24.245433807373047,0.00032049993751570582,0.4031965434551239,-0.32327273488044739,1.0375270843505859,1.0021147727966309,0.94640332460403442,1.1368110179901123,5.7557625770568848,0,0,0,0
24,365,210240,-10.192716598510742,0.015943357720971107,0.03556394949555397,57.484100341796875,33.374965667724609,2.0439190864562988,30.333992004394531,24.822874069213867,0.00031997315818443894,0.41519933938980103,-0.10373365879058838,1.0570027828216553,1.001489520072937,0.95167195796966553,1.1730871200561523,6.9433097839355469,0,0,0,0
25,15,210600,-9.5991020202636719,0.0094230324029922485,0.050338737666606903,57.454666137695312,33.325164794921875,3.1468005180358887,26.677316665649414,26.140316009521484,0.00031843670876696706,0.47176852822303772,-0.47481977939605713,1.1052091121673584,1.0023539066314697,0.94438856840133667,1.1229391098022461,5.3016443252563477,0,0,0,0
25,30,210960,-7.7243666648864746,0.0096933720633387566,0.099657788872718811,57.496860504150391,33.276206970214844,4.151705265045166,23.482892990112305,26.902063369750977,0.00031696155201643705,0.48427456617355347,-0.13397336006164551,1.1009297370910645,1.001489520072937,0.95167195796966553,1.1730871200561523,6.9433097839355469,0,0,0,0
25,45,211320,-5.2369699478149414,0.020785210654139519,0.0070175919681787491,58.040180206298828,33.280155181884766,4.8049612045288086,21.065586090087891,26.850521087646484,0.0003138307947665453,0.47812288999557495,-0.17048576474189758,1.0811430215835571,1.001489520072937,0.95167195796966553,1.1730871200561523,6.9433097839355469,0,0,0,0
25,60,211680,-2.0117571353912354,0.010588914155960083,0.037471137940883636,58.424694061279297,33.287834167480469,5.0707535743713379,19.991247177124023,25.518455505371094,0.00030564848566427827,0.42954769730567932,-0.22704425454139709,1.0504928827285767,1.001489520072937,0.95167195796966553,1.1730871200561523,6.9433097839355469,0,0,0,0
25,75,212040,1.8681060075759888,0.0025274415966123343,0.30868813395500183,59.229404449462891,33.512840270996094,0.95073807239532471,19.921829223632812,23.404384613037109,0.0003045078192371875,0.35778021812438965,-0.29290977120399475,1.0147991180419922,1.001489520072937,0.95167195796966553,1.1730871200561523,6.9433097839355469,0,0,0,0
25,90,212400,6.965939998626709,0.0036539561115205288,0.087931826710700989,59.09375,33.593639373779297,0,21.159921646118164,21.408769607543945,0.00030732614686712623,0.26996177434921265,-0.35734352469444275,0.97988128662109375,1.001489520072937,0.95167195796966553,1.1730871200561523,6.9433097839355469,0,0,0,0
25,105,212760,11.256190299987793,4.798820100404555E-06,0.002622116357088089,58.908409118652344,33.568222045898438,0,24.662765502929688,19.591079711914062,0.00031008996302261949,0.16716822981834412,-0.40960636734962463,0.95155900716781616,1.001489520072937,0.95167195796966553,1.1730871200561523,6.9433097839355469,0,0,0,0
25,120,213120,15.319619178771973,1.7057976364753813E-08,0.0011050626635551453,58.569271087646484,33.512866973876953,0,29.04106330871582,17.938625335693359,0.0003127807576674968,0.07641148567199707,-0.43895944952964783,0.93565201759338379,1.001489520072937,0.95167195796966553,1.1730871200561523,6.9433097839355469,0,0,0,0
25,135,213480,18.76698112487793,0,0.0083560040220618248,58.103916168212891,33.448017120361328,0,32.729568481445312,16.646312713623047,0.00031540033523924649,0.020691767334938049,-0.4339849054813385,0.93762379884719849,1.001489520072937,0.95167195796966553,1.1730871200561523,6.9433097839355469,0,0,0,0
25,150,213840,21.366373062133789,0,0.00051463401177898049,57.533241271972656,33.388134002685547,0,34.493797302246094,16.207904815673828,0.0003179701161570847,0.0011691414983943105,-0.39218786358833313,0.95644164085388184,1.001489520072937,0.95167195796966553,5.5,6.9433097839355469,0,0,1,0
25,165,214200,22.856220245361328,0,0.00037620103103108704,56.945045471191406,33.331756591796875,0,35.267669677734375,16.261344909667969,0.00032051198650151491,8.8225233412231319E-06,-0.32770237326622009,0.98547428846359253,1.001489520072937,0.95167195796966553,1.1730871200561523,6.9433097839355469,0,0,0,0
25,180,214560,23.133121490478516,0,0.0010863351635634899,56.311038970947266,33.276206970214844,0,35.856979370117188,16.435272216796875,0.00032303482294082642,5.8710355688162963E-08,-0.25565406680107117,1.0179117918014526,1.001489520072937,0.95167195796966553,1.1730871200561523,6.9433097839355469,0,0,0,0
25,195,214920,22.076150894165039,0,0.00013119503273628652,55.729606628417969,33.221443176269531,0,36.692558288574219,16.517377853393555,0.00032553751952946186,2.7154609116841755E-10,-0.19116851687431335,1.046944260597229,1.001489520072937,0.95167195796966553,1.1730871200561523,6.9433097839355469,0,0,0,0
25,210,215280,19.91102409362793,0,0.00013071350986137986,55.370372772216797,33.167316436767578,0,38.608665466308594,16.179420471191406,0.00032800051849335432,6.3688014280763316E-13,-0.14937147498130798,1.0657622814178467,1.001489520072937,0.95167195796966553,1.1730871200561523,6.9433097839355469,0,0,0,0
25,225,215640,16.778554916381836,2.9804914447595365E-07,0.00048107936163432896,55.2496337890625,33.114288330078125,0,42.426315307617188,15.16173267364502,0.00033038720721378922,6.370350566633565E-16,-0.13969597220420837,1.0663375854492188,1.001489520072937,0.95167195796966553,1.1730871200561523,6.9433097839355469,0,0,0,0
25,240,216000,13.013457298278809,0.00016668162425048649,0.00013655796647071838,55.361213684082031,33.066047668457031,0,46.887508392333984,13.93537712097168,0.00033267427352257073,4.4620722690161026E-19,-0.12217786908149719,1.0370151996612549,1.001489520072937,0.95167195796966553,1.1730871200561523,6.9433097839355469,0,0,0,0
25,255,216360,8.9482040405273438,0.00018013858061749488,0.00027801605756394565,55.654338836669922,33.034896850585938,0,50.578655242919922,12.819575309753418,0.00033486244501546025,6.067204952701703E-23,-0.092128604650497437,0.98671764135360718,1.001489520072937,0.95167195796966553,1.1730871200561523,6.9433097839355469,0,0,0,0
25,270,216720,3.998692512512207,0.00017273124831262976,0.001380711211822927,56.077907562255859,33.035152435302734,0,52.679096221923828,11.80494213104248,0.00033696985337883234,0.039404969662427902,-0.057220309972763062,0.9282868504524231,1.001489520072937,0.95167195796966553,1.1730871200561523,6.9433097839355469,0,0,0,0
25,285,217080,0.12367585301399231,0.00013054552255198359,0.0016055981395766139,56.396171569824219,33.063022613525391,0,53.058238983154297,10.876933097839355,0.00033902784343808889,0.0082103442400693893,-0.02512514591217041,0.8745647668838501,1.001489520072937,0.95167195796966553,1.1730871200561523,6.9433097839355469,0,0,0,0
25,300,217440,-3.3727169036865234,9.2467322247102857E-05,0.0028142959345132113,56.675380706787109,33.109848022460938,1.7130345213445253E-06,52.576457977294922,10.393345832824707,0.00033422574051655829,0.051473140716552734,-0.0035152435302734375,0.83839333057403564,1.001489520072937,0.95167195796966553,1.1730871200561523,6.9433097839355469,0,0,0,0
25,315,217800,-6.2817120552062988,6.9520727265626192E-05,0.0051346407271921635,56.9248046875,33.154964447021484,0.052432511001825333,49.467445373535156,12.463543891906738,0.00032458821078762412,0.12659095227718353,-0.00034505128860473633,0.83387279510498047,1.001489520072937,0.95167195796966553,1.1730871200561523,6.9433097839355469,0,0,0,0
25,330,218160,-8.4484786987304688,0.0022748727351427078,0.01047710794955492,57.132648468017578,33.180759429931641,0.10031110793352127,44.219913482666016,16.383264541625977,0.00032224718597717583,0.2150355726480484,-0.02106049656867981,0.87858015298843384,1.001489520072937,0.95167195796966553,1.1730871200561523,6.9433097839355469,0,0,0,0
25,345,218520,-9.7844619750976562,0.0057134097442030907,0.039308603852987289,57.139019012451172,33.145980834960938,0.58234822750091553,38.930278778076172,19.992612838745117,0.00032053366885520518,0.30480977892875671,-0.056039035320281982,0.95406979322433472,1.001489520072937,0.95167195796966553,1.1730871200561523,6.9433097839355469,0,0,0,0
25,360,218880,-8.880244255065918,0.003185994690284133,0.028476985171437263,57.108283996582031,33.102382659912109,1.0907293558120728,34.243614196777344,22.714200973510742,0.00031890301033854485,0.34331497550010681,1.1769980192184448,0.78508692979812622,0.9597022533416748,0.69708037376403809,1.1777467727661133,2.0974602699279785,0,0,0,0
25,365,219000,-8.6220760345458984,0.0034336315002292395,0.025404453277587891,57.102878570556641,33.087795257568359,1.1331969499588013,32.814994812011719,23.438211441040039,0.00031837599817663431,0.34865128993988037,1.3133468627929688,0.74965274333953857,0.95196390151977539,0.64993375539779663,1.1786097288131714,1.2000808715820312,0,0,0,0
26,15,219360,-8.0129280090332031,0.012315152212977409,0.032061159610748291,57.086750030517578,33.043907165527344,2.0575892925262451,28.866855621337891,25.155385971069336,0.00031684004352428019,0.4055173397064209,0.8524472713470459,0.84189915657043457,0.96266144514083862,0.71510922908782959,1.1774168014526367,2.4406185150146484,0,0,0,0
26,30,219720,-5.7673358917236328,0.0032086120918393135,0.006219909992069006,57.453903198242188,33.019741058349609,2.2382493019104004,25.741436004638672,25.93574333190918,0.00031543639488518238,0.38532769680023193,1.0941110849380493,0.77064216136932373,0.95196390151977539,0.64993375539779663,1.1786097288131714,1.2000808715820312,0,0,0,0
26,45,220080,-3.0508797168731689,0.003166980342939496,0.01289067417383194,57.665821075439453,33.020195007324219,2.3113629817962646,23.982803344726562,25.341358184814453,0.00030684625380672514,0.36446031928062439,1.0365263223648071,0.76465827226638794,0.95196390151977539,0.64993375539779663,1.1786097288131714,1.2000808715820312,0,0,0,0
26,60,220440,0.38125374913215637,0.0012646800605580211,0.13341914117336273,58.225376129150391,33.032321929931641,0.84338080883026123,23.604667663574219,23.48680305480957,0.00030124341719783843,0.31116205453872681,0.9473264217376709,0.75538915395736694,0.95196390151977539,0.64993375539779663,1.1786097288131714,1.2000808715820312,0,0,0,0
26,75,220800,4.2345881462097168,7.9458432082901709E-06,0.0056125074625015259,58.229236602783203,33.006370544433594,0,23.939638137817383,21.492326736450195,0.00030406549922190607,0.23550902307033539,0.84055733680725098,0.74459469318389893,0.95196390151977539,0.64993375539779663,1.1786097288131714,1.2000808715820312,0,0,0,0
26,90,221160,5.492464542388916,1.2244379831827246E-05,0.0044724671170115471,58.323513031005859,33.002407073974609,0,25.025369644165039,19.669824600219727,0.00030685387901030481,0.15316720306873322,-3.206214427947998,0.7340349555015564,0.95196390151977539,0.64993375539779663,1.1786097288131714,1.2000808715820312,0,1,0,0
26,105,221520,13.549372673034668,0,0.00079551042290404439,58.027256011962891,32.964210510253906,0,28.676546096801758,18.009321212768555,0.00030959275318309665,0.077848941087722778,0.65940272808074951,0.72546976804733276,0.95196390151977539,0.64993375539779663,1.1786097288131714,1.2000808715820312,0,0,0,0
26,120,221880,17.363330841064453,0.0002473305503372103,0.0045460504479706287,57.616294860839844,32.923107147216797,0,33.0821533203125,16.517215728759766,0.00031225485145114362,0.020730579271912575,0.61310911178588867,0.72065913677215576,0.95196390151977539,0.64993375539779663,1.1786097288131714,1.2000808715820312,0,0,0,0
26,135,222240,20.593482971191406,0,0.00041892321314662695,57.078998565673828,32.882675170898438,0,35.931362152099609,15.691704750061035,0.00031485073850490153,0.0011505945585668087,0.62263739109039307,0.72310525178909302,0.95196390151977539,0.64993375539779663,1.1786097288131714,1.2000808715820312,0,0,0,0
26,150,222600,22.930727005004883,0,0.00022489583352580667,56.459774017333984,32.84259033203125,0,36.902870178222656,15.724736213684082,0.00031740948907099664,1.066355162038235E-05,0.69746512174606323,0.73858845233917236,0.95196390151977539,0.64993375539779663,1.1786097288131714,1.2000808715820312,0,0,0,0
26,165,222960,24.177652359008789,0,7.1881113399285823E-05,55.800312042236328,32.802803039550781,0,37.360877990722656,16.037727355957031,0.00031994719756767154,7.8227188282653515E-08,0.81291103363037109,0.76247626543045044,0.95196390151977539,0.64993375539779663,1.1786097288131714,1.2000808715820312,0,0,0,0
26,180,223320,24.21619987487793,0,6.9582158175762743E-05,55.130329132080078,32.763126373291016,0,37.808933258056641,16.385808944702148,0.000322467036312446,4.9251241973635729E-10,0.94189643859863281,0.78916561603546143,0.95196390151977539,0.64993375539779663,1.1786097288131714,1.2000808715820312,0,0,0,0
26,195,223680,22.99241828918457,0,6.9571418862324208E-05,54.482078552246094,32.723682403564453,0,38.333866119384766,16.674463272094727,0.00032496851054020226,1.7724528442175647E-12,1.0573422908782959,0.81305336952209473,0.95196390151977539,0.64993375539779663,1.1786097288131714,1.2000808715820312,0,0,0,0
26,210,224040,20.58625602722168,0,8.2312893937341869E-05,53.970554351806641,32.684471130371094,0,39.689956665039062,16.600914001464844,0.00032744635245762765,2.9867902144326951E-15,1.1321700811386108,0.82853657007217407,0.95196390151977539,0.64993375539779663,1.1786097288131714,1.2000808715820312,0,0,0,0
26,225,224400,17.249198913574219,5.8624664234230295E-07,0.00021240502246655524,53.678897857666016,32.645606994628906,0,43.243232727050781,15.700662612915039,0.00032987006125040352,4.1937701368775105E-18,1.1605081558227539,0.82913511991500854,0.95196390151977539,0.64993375539779663,1.1786097288131714,1.2000808715820312,0,0,0,0
26,240,224760,14.624197959899902,0.00028784398455172777,7.8492317697964609E-05,53.339488983154297,32.607208251953125,0,47.146358489990234,14.694191932678223,0.000332213647197932,1.3106547558932012E-21,3.0982680320739746,0.8062402606010437,0.95196390151977539,0.64993375539779663,1.1786097288131714,1.2000808715820312,1,0,0,0
26,255,225120,9.4987850189208984,0.00012480908480938524,0.00014186940097715706,53.574619293212891,32.574287414550781,0,51.093223571777344,13.518796920776367,0.00033446031739003956,2.2806032864888001E-25,1.5400675535202026,0.76696813106536865,0.95196390151977539,0.64993375539779663,1.1786097288131714,1.2000808715820312,0,0,0,0
26,270,225480,4.7378315925598145,0.00011492258636280894,0.00029418355552479625,53.763301849365234,32.548328399658203,0,53.499889373779297,12.453204154968262,0.00033662357600405812,5.732339936059816E-09,1.818615198135376,0.72134560346603394,0.95196390151977539,0.64993375539779663,1.1786097288131714,1.2000808715820312,0,0,0,0
26,285,225840,1.1220343112945557,9.6015595772769302E-05,0.00078158359974622726,53.947280883789062,32.527851104736328,0,54.084270477294922,11.482765197753906,0.00033873546635732055,0.0049641490913927555,2.0747158527374268,0.67939954996109009,0.95196390151977539,0.64993375539779663,1.1786097288131714,1.2000808715820312,0,0,0,0
26,300,226200,-2.1013448238372803,6.4616775489412248E-05,0.0014423336833715439,54.108879089355469,32.515357971191406,4.1777605019888142E-07,53.908237457275391,10.677928924560547,0.00033724898821674287,0.032801944762468338,2.247150182723999,0.65115702152252197,0.95196390151977539,0.64993375539779663,1.1786097288131714,1.2000808715820312,0,0,0,0
26,315,226560,-4.802924633026123,0.0001493023446528241,0.0021743390243500471,54.25604248046875,32.504528045654297,0.00034760235575959086,52.023975372314453,11.550722122192383,0.00032821236527524889,0.096670947968959808,2.2703742980957031,0.64651197195053101,0.95196390151977539,0.64993375539779663,1.1786097288131714,1.2000808715820312,0,0,0,0
26,330,226920,-6.9138493537902832,0.00037148187402635813,0.0029452971648424864,54.427616119384766,32.491382598876953,0.073294065892696381,47.652172088623047,14.719121932983398,0.00032098751398734748,0.17950111627578735,2.0786194801330566,0.66717773675918579,0.95196390151977539,0.64993375539779663,1.1786097288131714,1.2000808715820312,0,0,0,0
26,345,227280,-8.2647609710693359,0.0015285086119547486,0.0067796017974615097,54.574520111083984,32.471141815185547,0.17349843680858612,42.319927215576172,18.519731521606445,0.00031943598878569901,0.25608295202255249,1.7548369169235229,0.70207244157791138,0.95196390151977539,0.64993375539779663,1.1786097288131714,1.2000808715820312,0,0,0,0
26,360,227640,-9.9466896057128906,0.0062504662200808525,0.03295024111866951,54.591739654541016,32.433998107910156,0.63059645891189575,37.253326416015625,21.732463836669922,0.00031783117447048426,0.35450661182403564,0.25691309571266174,0.78082799911499023,0.97902995347976685,0.62350046634674072,1.1042366027832031,2.9261298179626465,0,0,0,0
26,365,227760,-10.039199829101562,0.0055908164940774441,0.036442968994379044,54.583015441894531,32.420722961425781,0.74591594934463501,35.689739227294922,22.618085861206055,0.00031731373746879399,0.38736438751220703,-0.015993714332580566,0.79674476385116577,0.98404216766357422,0.61860543489456177,1.0904638767242432,3.2457683086395264,0,0,0,0
27,15,228120,-8.9111948013305664,0.006132849957793951,0.047861300408840179,54.583408355712891,32.380573272705078,1.1408488750457764,31.399660110473633,24.734468460083008,0.00031580947688780725,0.4152790904045105,0.1400429904460907,0.80346375703811646,0.97711324691772461,0.62537235021591187,1.1095033884048462,2.8038997650146484,0,0,0,0
27,30,228480,-12.432857513427734,0.026810673996806145,0.4693644642829895,54.613048553466797,32.340221405029297,2.0458984375,27.625436782836914,26.172920227050781,0.00031437023426406085,0.41732627153396606,-4.7789034843444824,0.81528562307357788,0.98404216766357422,0.61860543489456177,1.0904638767242432,3.2457683086395264,0,1,0,0
27,45,228840,-4.7722573280334473,0.010432645678520203,0.0059048198163509369,54.872791290283203,32.303276062011719,2.8023359775543213,24.356119155883789,27.00213623046875,0.00031297025270760059,0.41511833667755127,-0.4779755175113678,0.82197898626327515,0.98404216766357422,0.61860543489456177,1.0904638767242432,3.2457683086395264,0,0,0,0
27,60,229200,-1.3387922048568726,0.0041233943775296211,0.042778972536325455,55.445598602294922,32.291027069091797,2.4611437320709229,23.307315826416016,25.633895874023438,0.00030512679950334132,0.38456597924232483,-0.29771941900253296,0.83234721422195435,0.98404216766357422,0.61860543489456177,1.0904638767242432,3.2457683086395264,0,0,0,0
27,75,229560,2.5456137657165527,0.00044876756146550179,0.055735915899276733,55.884082794189453,32.319534301757812,0.0784197598695755,23.338018417358398,23.485391616821289,0.00030564592452719808,0.31050464510917664,-0.4010297954082489,0.84442150592803955,0.98404216766357422,0.61860543489456177,1.0904638767242432,3.2457683086395264,0,0,0,0
27,90,229920,7.5826148986816406,1.4821343938820064E-05,0.0046958457678556442,55.797637939453125,32.285430908203125,0,24.899951934814453,21.497425079345703,0.00030846125446259975,0.21686919033527374,-0.50209438800811768,0.85623335838317871,0.98404216766357422,0.61860543489456177,1.0904638767242432,3.2457683086395264,0,0,0,0
27,105,230280,11.790746688842773,3.1593974654242629E-06,0.0014064790448173881,55.569160461425781,32.248451232910156,0,28.744529724121094,19.687456130981445,0.00031121695064939559,0.12208975851535797,-0.5840688943862915,0.86581414937973022,0.98404216766357422,0.61860543489456177,1.0904638767242432,3.2457683086395264,0,0,0,0
27,120,230640,15.724140167236328,3.6252878476972228E-09,0.0006623435765504837,55.188392639160156,32.208927154541016,0,33.295413970947266,18.044654846191406,0.00031389365904033184,0.049397788941860199,-0.63010942935943604,0.87119501829147339,0.98404216766357422,0.61860543489456177,1.0904638767242432,3.2457683086395264,0,0,0,0
27,135,231000,19.018468856811523,0,0.00044820414041168988,54.675308227539062,32.170169830322266,0,36.908737182617188,16.843778610229492,0.00031649717129766941,0.0084014832973480225,-0.63447248935699463,0.87165182828903198,0.98404216766357422,0.61860543489456177,1.0904638767242432,3.2457683086395264,0,0,0,0
27,150,231360,21.387870788574219,0,0.00030359355150721967,54.063484191894531,32.132762908935547,0,38.492282867431641,16.568199157714844,0.00031905330251902342,0.00012721703387796879,-0.63331568241119385,0.87123501300811768,0.98404216766357422,0.61860543489456177,1.0904638767242432,3.2457683086395264,0,0,0,0
27,165,231720,22.625873565673828,0,0.00014727188681717962,53.402332305908203,32.095588684082031,0,39.101886749267578,16.777172088623047,0.00032158539397642016,8.6960642420308432E-07,-0.63153088092803955,0.87059205770492554,0.98404216766357422,0.61860543489456177,1.0904638767242432,3.2457683086395264,0,0,0,0
27,180,232080,22.586460113525391,0,7.7724333095829934E-05,52.732536315917969,32.058616638183594,0,39.596538543701172,17.058757781982422,0.00032410022686235607,5.3083692996835907E-09,-0.62953686714172363,0.8698737621307373,0.98404216766357422,0.61860543489456177,1.0904638767242432,3.2457683086395264,0,0,0,0
27,195,232440,21.303791046142578,0,0.000107678170024883,52.189422607421875,32.0213623046875,0,40.528652191162109,17.147504806518555,0.00032659407588653266,1.9550739499551995E-11,-0.62775206565856934,0.86923080682754517,0.98404216766357422,0.61860543489456177,1.0904638767242432,3.2457683086395264,0,0,0,0
27,210,232800,18.942264556884766,0,0.00044097565114498138,51.844577789306641,31.983997344970703,0,42.726905822753906,16.70948600769043,0.00032904645195230842,3.7567398600583599E-14,-0.62659525871276855,0.86881399154663086,0.98404216766357422,0.61860543489456177,1.0904638767242432,3.2457683086395264,0,0,0,0
27,225,233160,15.708550453186035,7.6523292591446079E-07,0.00010517298505874351,51.702045440673828,31.946990966796875,0,46.745952606201172,15.580307960510254,0.00033142018946819007,0.039416663348674774,-0.61153590679168701,0.8668358325958252,1.1033787727355957,0.61860543489456177,1.0904638767242432,3.2457683086395264,0,0,0,1
27,240,233520,12.016855239868164,0.00012804886500816792,0.00010985007975250483,51.630184173583984,31.91295051574707,0,51.073738098144531,14.346372604370117,0.00033369491575285792,0.032569166272878647,-0.46547338366508484,0.84814101457595825,0.98404216766357422,0.61860543489456177,1.0904638767242432,3.2457683086395264,0,0,0,0
27,255,233880,8.1120967864990234,0.0001264963939320296,0.00020165817113593221,51.696285247802734,31.889701843261719,0,54.554191589355469,13.231576919555664,0.00033587877987883985,0.00022604250989388674,-0.21492806077003479,0.81607341766357422,0.98404216766357422,0.61860543489456177,1.0904638767242432,3.2457683086395264,0,0,0,0
27,270,234240,3.3608834743499756,0.00012903843889944255,0.00048347588744945824,51.904979705810547,31.887056350708008,0,56.316020965576172,12.220074653625488,0.00033799355151131749,2.1853238649782725E-05,0.076130956411361694,0.7788204550743103,0.98404216766357422,0.61860543489456177,1.0904638767242432,3.2457683086395264,0,0,0,0
27,285,234600,-0.26323226094245911,0.00010464021761436015,0.0012150714173913002,52.117691040039062,31.89332389831543,0,56.524368286132812,11.295589447021484,0.00034006679197773337,0.0088312579318881035,0.34373471140861511,0.74456948041915894,0.98404216766357422,0.61860543489456177,1.0904638767242432,3.2457683086395264,0,0,0,0
27,300,234960,-3.5243697166442871,7.6241587521508336E-05,0.0019385156920179725,52.335067749023438,31.900083541870117,2.817717358993832E-06,55.874671936035156,10.93352222442627,0.00033454672666266561,0.05168808251619339,0.52391409873962402,0.72150808572769165,0.98404216766357422,0.61860543489456177,1.0904638767242432,3.2457683086395264,0,0,0,0
27,315,235320,-6.2839465141296387,5.3526684496318921E-05,0.0029156091623008251,52.562015533447266,31.901939392089844,0.0058150701224803925,52.459918975830078,13.249505996704102,0.00032488704891875386,0.12193596363067627,0.55491542816162109,0.71763497591018677,0.98404216766357422,0.61860543489456177,1.0904638767242432,3.2457683086395264,0,0,0,0
27,330,235680,-8.3935480117797852,0.0008646072237752378,0.007296775933355093,52.768447875976562,31.895559310913086,0.041973840445280075,46.886890411376953,17.412868499755859,0.0003225167456548661,0.21512265503406525,0.44052520394325256,0.73348581790924072,0.98404216766357422,0.61860543489456177,1.0904638767242432,3.2457683086395264,0,0,0,0
27,345,236040,-9.7112293243408203,0.0050429990515112877,0.033386040478944778,52.791191101074219,31.861686706542969,0.30965152382850647,41.262939453125,21.253421783447266,0.0003208346024621278,0.30613237619400024,0.24737459421157837,0.7602502703666687,0.98404216766357422,0.61860543489456177,1.0904638767242432,3.2457683086395264,0,0,0,0
27,360,236400,-10.252791404724121,0.0116763049736619,0.031330596655607224,52.768131256103516,31.82093620300293,0.93576443195343018,36.272850036621094,24.15540885925293,0.00031923977076075971,0.51223540306091309,-0.21424801647663116,0.90203720331192017,1.0529800653457642,0.66435927152633667,1.0519105195999146,-2.6981155872344971,0,0,0,0
27,365,236520,-10.046666145324707,0.0061448779888451099,0.031340673565864563,52.760654449462891,31.807109832763672,1.3011190891265869,34.746818542480469,24.931900024414062,0.00031872582621872425,0.5704880952835083,-0.30180838704109192,0.91418296098709106,1.0657463073730469,0.672832190990448,1.0447710752487183,-3.7988350391387939,0,0,0,0
28,15,236880,-8.8592243194580078,0.0062212501652538776,0.038626428693532944,52.738845825195312,31.765357971191406,1.875072717666626,30.542692184448242,26.765419006347656,0.0003172327415086329,0.55597567558288574,-0.32550573348999023,0.87875580787658691,1.0480982065200806,0.66111922264099121,1.0546407699584961,-2.27720046043396,0,0,0,0
28,30,237240,-6.6429710388183594,0.0047198771499097347,0.012023147195577621,53.004531860351562,31.727117538452148,2.4068920612335205,26.983598709106445,27.821697235107422,0.00031586422119289637,0.62621033191680908,-0.4172208309173584,0.89574849605560303,1.0657463073730469,0.672832190990448,1.0447710752487183,-3.798835277557373,0,0,0,0
28,45,237600,-3.8623676300048828,0.0057608890347182751,0.0060446271672844887,53.400413513183594,31.69940185546875,2.7687392234802246,24.714941024780273,27.549095153808594,0.00030952572706155479,0.58949154615402222,-0.56458002328872681,0.89626622200012207,1.0657463073730469,0.672832190990448,1.0447710752487183,-3.798835277557373,0,0,0,0
28,60,237960,-0.51024365425109863,0.0059717064723372459,0.14690178632736206,54.225124359130859,31.722862243652344,2.0105705261230469,24.05267333984375,25.766857147216797,0.0003023002645932138,0.51128166913986206,-0.7928423285484314,0.8970680832862854,1.0657463073730469,0.672832190990448,1.0447710752487183,-3.798835277557373,0,0,0,0
28,75,238320,3.304591178894043,0.00044996841461397707,0.029885102063417435,54.469936370849609,31.800502777099609,0.0023276209831237793,24.189146041870117,23.591892242431641,0.0003046095953322947,0.415090411901474,-1.0586667060852051,0.89800196886062622,1.0657463073730469,0.672832190990448,1.0447710752487183,-3.798835277557373,0,0,0,0
28,90,238680,8.162689208984375,2.3256627173395827E-05,0.00506235146895051,54.389965057373047,31.77801513671875,0,25.887161254882812,21.601675033569336,0.00030745498952455819,0.30576002597808838,-1.3187124729156494,0.89891546964645386,1.0657463073730469,0.672832190990448,1.0447710752487183,-3.798835277557373,0,0,0,0
28,105,239040,12.12508487701416,4.7843326456131763E-07,0.0013303036103025079,54.162063598632812,31.744955062866211,0,29.56187629699707,19.79078483581543,0.00031024066265672445,0.18720115721225739,-1.5296382904052734,0.89965647459030151,1.0657463073730469,0.672832190990448,1.0447710752487183,-3.798835277557373,0,0,0,0
28,120,239400,15.789989471435547,0,0.00066743919160217047,53.783458709716797,31.696952819824219,0,33.796218872070312,18.148157119750977,0.00031295130611397326,0.0839499831199646,-1.6481034755706787,0.90007269382476807,1.0657463073730469,0.672832190990448,1.0447710752487183,-3.798835277557373,0,0,0,0
28,135,239760,18.833675384521484,0.0010585610289126635,0.0073303463868796825,53.283000946044922,31.650520324707031,0,37.170520782470703,16.939922332763672,0.00031559154740534723,0.022930679842829704,-1.6219189167022705,0.90245693922042847,1.0657463073730469,0.672832190990448,1.0447710752487183,-3.798835277557373,0,0,0,0
28,150,240120,21.086053848266602,0,0.00030856017838232219,52.679191589355469,31.609090805053711,0,38.679790496826172,16.624004364013672,0.00031818618299439549,0.001758505473844707,-1.4208981990814209,0.91485941410064697,1.0657463073730469,0.672832190990448,1.0447710752487183,-3.798835277557373,0,0,0,0
28,165,240480,22.264171600341797,0,0.00013141203089617193,52.026943206787109,31.570106506347656,0,39.221817016601562,16.806777954101562,0.0003207565750926733,1.4911674952600151E-05,-1.1107586622238159,0.93399429321289062,1.0657463073730469,0.672832190990448,1.0447710752487183,-3.798835277557373,0,0,0,0
28,180,240840,29.39293098449707,0,5.262675040285103E-05,51.365238189697266,31.53204345703125,0,39.047924041748047,17.370016098022461,0.00032331180409528315,1.0706268938065477E-07,6.3970189094543457,0.95537328720092773,1.0657463073730469,0.672832190990448,1.0447710752487183,-3.798835277557373,1,0,0,0
28,195,241200,20.849477767944336,0,7.837232988094911E-05,50.875755310058594,31.494464874267578,0,39.481723785400391,17.590065002441406,0.00032585739973001182,6.518318107495702E-10,-0.45410674810409546,0.97450810670852661,1.0657463073730469,0.672832190990448,1.0447710752487183,-3.798835277557373,0,0,0,0
28,210,241560,18.366966247558594,0,0.00011047949374187738,50.584568023681641,31.457038879394531,0,41.839015960693359,16.980037689208984,0.0003283578553237021,1.7528132808045105E-12,-0.2530859112739563,0.98691070079803467,1.0657463073730469,0.672832190990448,1.0447710752487183,-3.798835277557373,0,0,0,0
28,225,241920,14.873980522155762,1.3457114391712821E-06,0.00016870546096470207,50.510242462158203,31.419727325439453,0,45.829620361328125,15.763503074645996,0.00033077489933930337,2.2878165087760784E-15,-0.21129794418811798,0.98940467834472656,1.0657463073730469,0.672832190990448,1.0447710752487183,-3.798835277557373,0,0,0,0
28,240,242280,10.855753898620605,0.00015462854935321957,0.00012990186223760247,50.638252258300781,31.385295867919922,0,49.879596710205078,14.524222373962402,0.00033308961428701878,4.9440461135202581E-19,-0.17375396192073822,0.99089151620864868,1.0657463073730469,0.672832190990448,1.0447710752487183,-3.798835277557373,0,0,0,0
28,255,242640,6.6799616813659668,0.00015430901839863509,0.00023362158390227705,50.892040252685547,31.362422943115234,0,52.924518585205078,13.402291297912598,0.00033531174995005131,0.0016788579523563385,-0.1093536913394928,0.99344193935394287,1.0657463073730469,0.672832190990448,1.0447710752487183,-3.798835277557373,0,0,0,0
28,270,243000,1.7525397539138794,0.00014003903197590262,0.00061247858684509993,51.266876220703125,31.35917854309082,0,54.113071441650391,12.380313873291016,0.0003374677908141166,0.023993441835045815,-0.034539788961410522,0.99640488624572754,1.0657463073730469,0.672832190990448,1.0447710752487183,-3.798835277557373,0,0,0,0
28,285,243360,-1.956385612487793,0.00013548041169997305,0.0017126071033999324,51.584587097167969,31.364927291870117,1.1127611287520267E-05,54.055061340332031,11.466978073120117,0.00033805140992626548,0.081261135637760162,0.034245193004608154,0.99912905693054199,1.0657463073730469,0.672832190990448,1.672349214553833,-3.798835277557373,0,0,1,0
28,300,243720,-5.1748309135437012,0.00094053155044093728,0.0090256156399846077,52.202816009521484,31.377819061279297,0.48431217670440674,52.317573547363281,12.132405281066895,0.00032914069015532732,0.17957520484924316,0.080558568239212036,1.0009632110595703,1.0657463073730469,0.672832190990448,1.0447710752487183,-3.798835277557373,0,0,0,0
28,315,244080,-7.6701974868774414,0.00028258954989723861,0.0062479549087584019,52.566715240478516,31.381340026855469,0.51982355117797852,47.639785766601562,15.544637680053711,0.00032296037534251809,0.23595461249351501,0.084763467311859131,1.0000230073928833,1.0657463073730469,0.672832190990448,1.0447710752487183,-3.798835277557373,0,0,0,0
28,330,244440,-15.800182342529297,0.011166456155478954,0.1866673082113266,52.679981231689453,31.363422393798828,1.6321029663085938,42.020759582519531,19.54319953918457,0.00032129776082001626,0.38759663701057434,-6.7256193161010742,0.98282355070114136,1.0657463073730469,0.672832190990448,1.0447710752487183,-3.798835277557373,0,1,0,0
28,345,244800,-10.275944709777832,0.0074486210942268372,0.049725163727998734,52.655086517333984,31.324558258056641,1.5193302631378174,36.937179565429688,22.681779861450195,0.00031969367410056293,0.49906843900680542,-0.12347739934921265,0.95378208160400391,1.0657463073730469,0.672832190990448,1.0447710752487183,-3.798835277557373,0,0,0,0
28,360,245160,-7.0188751220703125,0.0030242637731134892,0.0081868786364793777,52.659290313720703,31.285202026367188,1.7966557741165161,32.495029449462891,24.936603546142578,0.00031816909904591739,0.82670354843139648,2.8174397945404053,0.84342062473297119,1.1952095031738281,0.88207471370697021,0.92455363273620605,-4.042121410369873,0,0,0,0
28,365,245280,-6.2195224761962891,0.0029029019642621279,0.0049397405236959457,52.749576568603516,31.273984909057617,1.9052045345306396,31.268512725830078,25.395172119140625,0.00031774866511113942,0.92480713129043579,3.4951138496398926,0.8085482120513916,1.2191841602325439,0.92082333564758301,0.90229111909866333,-4.0871744155883789,0,0,0,0
29,15,245640,-5.358736515045166,0.0038164721336215734,0.0051401788368821144,53.125858306884766,31.255319595336914,2.2768862247467041,27.643415451049805,26.634666442871094,0.00031639976077713072,0.86294180154800415,2.8216381072998047,0.79703980684280396,1.1860415935516357,0.86725723743438721,0.93306678533554077,-4.0248932838439941,0,0,0,0
29,30,246000,-2.4497120380401611,0.0039525125175714493,0.020250121131539345,53.482761383056641,31.254894256591797,2.047511100769043,26.005765914916992,25.861173629760742,0.00030831192270852625,0.97501879930496216,3.6841773986816406,0.77155572175979614,1.2191841602325439,0.92082333564758301,0.90229111909866333,-4.0871744155883789,0,0,0,0
29,45,246360,0.38235455751419067,0.0017107827588915825,0.14023737609386444,54.281288146972656,31.34184455871582,0.31893542408943176,25.645168304443359,23.944177627563477,0.0003021842276211828,0.92094957828521729,3.5193748474121094,0.79516613483428955,1.2191841602325439,0.92082333564758301,0.90229111909866333,-4.0871744155883789,0,0,0,0
29,60,246720,3.7376775741577148,2.6124245778191835E-05,0.0086711235344409943,54.284122467041016,31.403940200805664,0,25.743316650390625,21.925827026367188,0.00030502572190016508,0.83379107713699341,3.2640924453735352,0.83173900842666626,1.2191841602325439,0.92082333564758301,0.90229111909866333,-4.0871744155883789,0,0,0,0
29,75,247080,7.4704365730285645,9.1527299446170218E-06,0.0032084730919450521,54.195442199707031,31.40301513671875,0,26.872869491577148,20.082046508789062,0.00030784745467826724,0.70789265632629395,2.966801643371582,0.87433028221130371,1.2191841602325439,0.92082333564758301,0.90229111909866333,-4.0871744155883789,0,0,0,0
29,90,247440,12.336635589599609,0.00083980691852048039,0.0044303112663328648,53.98089599609375,31.381093978881836,0,29.717517852783203,18.402715682983398,0.00031062238849699497,0.5611078143119812,2.675973653793335,0.91599559783935547,1.2191841602325439,0.92082333564758301,0.90229111909866333,-4.0871744155883789,0,0,0,0
29,105,247800,16.228891372680664,9.1797204504473484E-07,0.00068197661312296987,53.670497894287109,31.345617294311523,0,33.499771118164062,16.877431869506836,0.000313331198412925,0.41009104251861572,2.440079927444458,0.9497908353805542,1.2191841602325439,0.92082333564758301,0.90229111909866333,-4.0871744155883789,0,0,0,0
29,120,248160,19.819341659545898,0,0.00071135442703962326,53.225959777832031,31.309150695800781,0,36.977134704589844,15.672202110290527,0.00031597001361660659,0.26299506425857544,2.307591438293457,0.96877175569534302,1.2191841602325439,0.92082333564758301,0.90229111909866333,-4.0871744155883789,0,0,0,0
29,135,248520,22.860313415527344,0,0.00028023810591548681,52.672279357910156,31.272867202758789,0,38.228652954101562,15.48808765411377,0.00031856095301918685,1.1937021017074585,2.3492825031280518,0.97028160095214844,1.579835057258606,0.92082333564758301,0.90229111909866333,-4.0871744155883789,0,0,0,1
29,150,248880,25.163951873779297,0,0.00011669989180518314,52.058040618896484,31.236696243286133,0,38.336902618408203,15.885250091552734,0.00032113128690980375,0.062068834900856018,2.6397774219512939,0.96827584505081177,1.2191841602325439,0.92082333564758301,0.90229111909866333,-4.0871744155883789,0,0,0,0
29,165,249240,26.469366073608398,0,6.8859735620208085E-05,51.413642883300781,31.200523376464844,0,38.283523559570312,16.423986434936523,0.00032368896063417196,0.015113064087927341,3.0879592895507812,0.96518129110336304,1.2191841602325439,0.92082333564758301,0.90229111909866333,-4.0871744155883789,0,0,0,0
29,180,249600,26.598453521728516,0,5.8434659877093509E-05,50.768875122070312,31.164188385009766,0,38.131916046142578,17.001893997192383,0.00032623545848764479,0.0024273018352687359,3.5887041091918945,0.9617239236831665,1.2191841602325439,0.92082333564758301,0.90229111909866333,-4.0871744155883789,0,0,0,0
29,195,249960,25.473228454589844,0,5.6940523791126907E-05,50.149295806884766,31.127700805664062,0,38.134506225585938,17.4459228515625,0.00032877162448130548,0.00033567816717550159,4.0368862152099609,0.95862936973571777,1.2191841602325439,0.92082333564758301,0.90229111909866333,-4.0871744155883789,0,0,0,0
29,210,250320,23.088239669799805,0,8.6097948951646686E-05,49.579708099365234,31.09086799621582,0,38.394508361816406,17.674398422241211,0.00033129382063634694,0.00032575085060670972,4.3273811340332031,0.9566236138343811,1.2191841602325439,0.92082333564758301,0.90229111909866333,-4.0871744155883789,0,0,0,0
29,225,250680,19.56640625,5.5434219348171609E-07,6.1409751651808619E-05,49.163417816162109,31.053888320922852,0,40.243377685546875,17.218784332275391,0.00033378970692865551,0.0035022404044866562,4.3580222129821777,0.9568709135055542,1.2191841602325439,0.92082333564758301,0.90229111909866333,-4.0871744155883789,0,0,0,0
29,240,251040,15.245882987976074,5.2060073358006775E-05,6.7299995862413198E-05,48.930641174316406,31.016761779785156,0,44.335697174072266,15.938414573669434,0.00033621772308833897,0.017835795879364014,4.1195125579833984,0.96303445100784302,1.2191841602325439,0.92082333564758301,0.90229111909866333,-4.0871744155883789,0,0,0,0
29,255,251400,10.564180374145508,6.2730359786655754E-05,8.4783263446297497E-05,48.854217529296875,30.979507446289062,0,48.072437286376953,14.688048362731934,0.00033855796209536493,0.061144266277551651,3.7103900909423828,0.97360688447952271,1.2191841602325439,0.92082333564758301,0.90229111909866333,-4.0871744155883789,0,0,0,0
29,270,251760,5.0116791725158691,8.0722260463517159E-05,0.00027805243735201657,48.950691223144531,30.942998886108398,0,50.498405456542969,13.55626106262207,0.00034081743797287345,0.15264524519443512,3.2351114749908447,0.98588889837265015,1.2191841602325439,0.92082333564758301,0.90229111909866333,-4.0871744155883789,0,0,0,0
29,285,252120,0.76023310422897339,0.0001158087543444708,0.0046521262265741825,49.423069000244141,30.91008186340332,0,51.025527954101562,12.525094032287598,0.00034302141284570098,0.27593764662742615,2.7981338500976562,0.99718117713928223,1.2191841602325439,0.92082333564758301,0.90229111909866333,-4.0871744155883789,0,0,0,0
29,300,252480,-2.7772080898284912,5.9672758652595803E-05,0.0021528645884245634,49.644687652587891,30.877635955810547,0,50.696422576904297,11.764562606811523,0.00034011848038062453,0.41586041450500488,2.5039138793945312,1.0047843456268311,1.2191841602325439,0.92082333564758301,0.90229111909866333,-4.0871744155883789,0,0,0,0
29,315,252840,-5.3259730339050293,4.4510557927424088E-05,0.0061026634648442268,49.888824462890625,30.846635818481445,0.033865522593259811,48.323657989501953,13.009736061096191,0.000330771115841344,0.56819266080856323,2.4549837112426758,1.0034124851226807,1.2191841602325439,0.92082333564758301,0.90229111909866333,-4.0871744155883789,0,0,0,0
29,330,253200,-6.755866527557373,0.02884792722761631,0.0050492635928094387,50.134918212890625,30.816415786743164,0.30397337675094604,43.982856750488281,16.016633987426758,0.00032458524219691753,0.71638888120651245,2.6633894443511963,0.96436858177185059,1.2191841602325439,0.92082333564758301,4.1489734649658203,-4.0871744155883789,0,0,1,0
29,345,253560,-7.1591801643371582,0.0011954044457525015,0.0044481419026851654,50.356269836425781,30.783742904663086,0.96056914329528809,39.241558074951172,19.137481689453125,0.00032328936504200101,0.83891957998275757,3.0152873992919922,0.8984418511390686,1.2191841602325439,0.92082333564758301,0.90229111909866333,-4.0871744155883789,0,0,0,0
29,360,253920,-9.4595632553100586,0.0080741401761770248,0.023915864527225494,50.518791198730469,30.750032424926758,1.1809353828430176,34.694305419921875,21.805660247802734,0.00032183024450205266,0.86381661891937256,0.79971766471862793,0.48101082444190979,1.2010164260864258,0.72851866483688354,0.98829060792922974,-0.095167160034179688,0,0,0,0
29,365,254040,-9.6825284957885742,0.0057754926383495331,0.027787234634160995,50.511573791503906,30.737800598144531,1.2204653024673462,33.232254028320312,22.589599609375,0.00032133993227034807,0.87675958871841431,0.29533207416534424,0.40803128480911255,1.1976521015167236,0.69290667772293091,1.0042164325714111,0.64409351348876953,0,0,0,0
30,15,254400,-7.9273180961608887,0.0039096889086067677,0.0057416548952460289,50.822860717773438,30.70404052734375,1.159698486328125,29.607961654663086,24.07465934753418,0.00032018823549151421,0.96662813425064087,0.99327647686004639,0.47303369641304016,1.2023030519485474,0.74213671684265137,0.98220056295394897,-0.37786054611206055,0,0,0,0
30,30,254760,-6.6347684860229492,0.001471197116188705,0.009655296802520752,50.982753753662109,30.675220489501953,1.1351611614227295,26.223674774169922,25.201868057250977,0.0003188937553204596,0.956870436668396,0.21319723129272461,0.39308464527130127,1.1976521015167236,0.69290667772293091,1.0042164325714111,0.64409375190734863,0,0,0,0
30,45,255120,-3.9609596729278564,0.0011178511194884777,0.011084241792559624,51.183761596679688,30.665081024169922,0.89696598052978516,24.017908096313477,25.102163314819336,0.00031266221776604652,0.91944050788879395,0.076602816581726074,0.40712228417396545,1.1976521015167236,0.69290667772293091,1.0042164325714111,0.64409375190734863,0,0,0,0
30,60,255480,-0.64637124538421631,0.00042758270865306258,0.019677445292472839,51.479721069335938,30.70720100402832,0.3902764618396759,23.344350814819336,23.548023223876953,0.00030527418130077422,0.84146225452423096,-0.13498461246490479,0.42886683344841003,1.1976521015167236,0.69290667772293091,1.0042164325714111,0.64409375190734863,0,0,0,0
30,75,255840,3.144620418548584,7.7372732221192564E-08,0.0013589380541816354,51.501968383789062,30.785055160522461,0,23.466279983520508,21.575122833251953,0.00030712311854586005,0.73038578033447266,-0.38139015436172485,0.45418956875801086,1.1976521015167236,0.69290667772293091,1.0042164325714111,0.64409375190734863,0,0,0,0
30,90,256200,8.0676717758178711,1.7530464191395367E-08,0.00092777272220700979,51.303451538085938,30.761789321899414,0,25.178350448608398,19.767227172851562,0.00031002072500996292,0.58756816387176514,-0.62243914604187012,0.47896185517311096,1.1976521015167236,0.69290667772293091,1.0042164325714111,0.64409375190734863,0,0,0,0
30,105,256560,12.074894905090332,2.2418976897142784E-08,0.00014801794895902276,51.02496337890625,30.726913452148438,0,28.917037963867188,18.123558044433594,0.00031285686418414116,0.43017032742500305,-0.81795662641525269,0.49905496835708618,1.1976521015167236,0.69290667772293091,1.0042164325714111,0.64409375190734863,0,0,0,0
30,120,256920,15.819122314453125,0,7.4531089921947569E-05,50.638652801513672,30.691595077514648,0,33.119430541992188,16.636058807373047,0.00031561381183564663,0.28204244375228882,-0.92776781320571899,0.51034009456634521,1.1976521015167236,0.69290667772293091,1.0042164325714111,0.64409375190734863,0,0,0,0
30,135,257280,19.031234741210938,0,6.5814179833978415E-05,50.143798828125,30.655784606933594,0,36.333209991455078,15.603512763977051,0.00031829983345232904,0.15502975881099701,-0.89885538816452026,0.50608879327774048,1.1976521015167236,0.69290667772293091,1.0042164325714111,0.64409375190734863,0,0,0,0
30,150,257640,21.480073928833008,0,8.306019299197942E-05,49.569694519042969,30.619165420532227,0,37.603404998779297,15.473392486572266,0.00032094219932332635,0.061133570969104767,-0.68795281648635864,0.47763863205909729,1.1976521015167236,0.69290667772293091,1.0042164325714111,0.64409375190734863,0,0,0,0
30,165,258000,22.90907096862793,0,5.1931216148659587E-05,48.957653045654297,30.582069396972656,0,37.964199066162109,15.792634010314941,0.00032356317387893796,0.014333064667880535,-0.36256754398345947,0.43374508619308472,1.1976521015167236,0.69290667772293091,1.0042164325714111,0.64409375190734863,0,0,0,0
30,180,258360,23.153331756591797,0,4.891595381195657E-05,48.339672088623047,30.544422149658203,0,38.189907073974609,16.17633056640625,0.00032617046963423491,0.0019757410045713186,0.00097864866256713867,0.38470366597175598,1.1976521015167236,0.69290667772293091,1.0042164325714111,0.64409375190734863,0,0,0,0
30,195,258720,22.14702033996582,0,4.8110043280757964E-05,47.741352081298828,30.506032943725586,0,38.491901397705078,16.493438720703125,0.00032876382465474308,0.00011652282410068437,0.32636398077011108,0.34081012010574341,1.1976521015167236,0.69290667772293091,1.0042164325714111,0.64409375190734863,0,0,0,0
30,210,259080,19.912961959838867,0,4.9577705794945359E-05,47.182407379150391,30.466968536376953,0,39.550338745117188,16.448596954345703,0.00033133596298284829,3.0471861464320682E-05,0.53726655244827271,0.31235992908477783,1.1976521015167236,0.69290667772293091,1.0042164325714111,0.64409375190734863,0,0,0,0
30,225,259440,16.597740173339844,2.438166859519697E-07,5.4812397138448432E-05,46.702548980712891,30.427412033081055,0,42.628269195556641,15.569815635681152,0.0003338635724503547,0.00029527946026064456,0.57667487859725952,0.30929970741271973,1.1976521015167236,0.69290667772293091,1.0042164325714111,0.64409375190734863,0,0,0,0
30,240,259800,12.649398803710938,2.1999665477778763E-05,6.012342419126071E-05,46.332805633544922,30.387340545654297,0,46.640419006347656,14.370427131652832,0.0003363192081451416,0.007464288268238306,0.57242608070373535,0.33207467198371887,1.1976521015167236,0.69290667772293091,1.0042164325714111,0.64409375190734863,0,0,0,0
30,255,260160,8.4406852722167969,2.8041100449627265E-05,7.0117966970428824E-05,46.071334838867188,30.34678840637207,0,49.949176788330078,13.288233757019043,0.00033870170591399074,0.035668298602104187,0.56513798236846924,0.37114125490188599,1.1976521015167236,0.69290667772293091,1.0042164325714111,0.64409375190734863,0,0,0,0
30,270,260520,3.3614726066589355,2.5971583454520442E-05,0.00014950428158044815,45.903007507324219,30.305835723876953,0,51.662551879882812,12.312736511230469,0.00034102698555216193,0.60010558366775513,0.5566713809967041,0.41652494668960571,1.2285633087158203,0.69290667772293091,1.0042164325714111,0.64409375190734863,0,0,0,0
30,285,260880,-0.56350743770599365,3.0382847398868762E-05,0.00046559132169932127,45.797683715820312,30.264432907104492,0,51.809268951416016,11.425775527954102,0.00034332310315221548,0.21429099142551422,0.54888707399368286,0.45825135707855225,1.1976521015167236,0.69290667772293091,1.0042164325714111,0.64409375190734863,0,0,0,0
30,300,261240,-3.9914379119873047,3.1615749321645126E-05,0.00061344535788521171,45.829608917236328,30.222858428955078,5.6224450872832676E-07,50.991840362548828,11.211868286132812,0.00033709913259372115,0.34939852356910706,0.54364579916000366,0.486346036195755,1.1976521015167236,0.69290667772293091,1.0042164325714111,0.64409375190734863,0,0,0,0
30,315,261600,-6.7017307281494141,3.0112405511317775E-05,0.0012613646686077118,45.961811065673828,30.18122673034668,0.0016421332256868482,47.423133850097656,13.648459434509277,0.00032797243329696357,0.49522241950035095,0.53866463899612427,0.49127066135406494,1.1976521015167236,0.69290667772293091,1.0042164325714111,0.64409375190734863,0,0,0,0
30,330,261960,-8.6298255920410156,0.0010414820862933993,0.0061286627314984798,46.071533203125,30.139987945556641,0.012711343355476856,42.162197113037109,17.476272583007812,0.00032658889540471137,0.64407253265380859,0.48990935087203979,0.4745924174785614,1.1976521015167236,0.69290667772293091,1.0042164325714111,0.64409375190734863,0,0,0,0
30,345,262320,-9.7009735107421875,0.0035869451239705086,0.019403593614697456,46.075458526611328,30.098464965820312,0.12746497988700867,37.050701141357422,20.822294235229492,0.00032512671896256506,0.77471244335174561,0.40758472681045532,0.44643077254295349,1.1976521015167236,0.69290667772293091,1.0042164325714111,0.64409375190734863,0,0,0,0
30,360,262680,-9.8284206390380859,0.0048562805168330669,0.022262848913669586,46.060230255126953,30.056510925292969,0.62362360954284668,32.530551910400391,23.313617706298828,0.00032374591683037579,0.53347736597061157,0.34131616353988647,0.92784571647644043,1.008033275604248,0.89943921566009521,0.87761300802230835,-0.49331080913543701,0,0,0,0
30,365,262800,-9.6689033508300781,0.0044208378531038761,0.023623544722795486,46.055221557617188,30.042455673217773,0.77401882410049438,31.148880004882812,23.97352409362793,0.00032330199610441923,0.4548073410987854,0.29940289258956909,1.0095227956771851,0.97291874885559082,0.93768602609634399,0.85416793823242188,-0.70394134521484375,0,0,0,0
31,15,263160,-8.580113410949707,0.0043238038197159767,0.027716444805264473,46.04754638671875,30.000099182128906,1.13438880443573,27.350982666015625,25.503580093383789,0.00032201496651396155,0.63170343637466431,0.21837353706359863,0.85623753070831299,1.0214611291885376,0.88481366634368896,0.88657844066619873,-0.4127657413482666,0,0,0,0
31,30,263520,-6.5252728462219238,0.0033598714508116245,0.0086836656555533409,46.353855133056641,29.959840774536133,1.634344220161438,24.171455383300781,26.308864593505859,0.0003208644047845155,0.47045332193374634,0.20413759350776672,0.98423844575881958,0.97291874885559082,0.93768602609634399,0.85416793823242188,-0.70394134521484375,0,0,0,0
31,45,263880,-3.6918823719024658,0.0041085127741098404,0.0054353242740035057,46.706428527832031,29.926357269287109,2.2313857078552246,22.182798385620117,25.902994155883789,0.00031431103707291186,0.44039398431777954,0.20639942586421967,0.99299311637878418,0.97291874885559082,0.93768602609634399,0.85416793823242188,-0.70394134521484375,0,0,0,0
31,60,264240,-0.15227305889129639,0.0029838825576007366,0.11221727728843689,47.590118408203125,29.973018646240234,1.3381258249282837,21.641571044921875,24.151273727416992,0.00030748362769372761,0.37294438481330872,0.20990303158760071,1.0065542459487915,0.97291874885559082,0.93768602609634399,0.85416793823242188,-0.70394134521484375,0,0,0,0
31,75,264600,3.8884234428405762,0.00062689470360055566,0.017455946654081345,47.875812530517578,30.059713363647461,0,21.822700500488281,22.130796432495117,0.00031046514050103724,0.28650018572807312,0.2139832079410553,1.0223468542098999,0.97291874885559082,0.93768602609634399,0.85416793823242188,-0.70394134521484375,0,0,0,0
31,90,264960,9.0291662216186523,0.00010256797395413741,0.0055236215703189373,47.842411041259766,30.036643981933594,0,23.569265365600586,20.286300659179688,0.00031348463380709291,0.19265717267990112,0.21797466278076172,1.0377962589263916,0.97291874885559082,0.93768602609634399,0.85416793823242188,-0.70394134521484375,0,0,0,0
31,105,265320,13.218167304992676,7.2531562182120979E-05,0.017185388132929802,47.680660247802734,30.011985778808594,0,26.94200325012207,18.612270355224609,0.00031644233968108892,0.099084816873073578,0.22121217846870422,1.0503274202346802,0.97291874885559082,0.93768602609634399,0.85416793823242188,-0.70394134521484375,0,0,0,0
31,120,265680,17.098133087158203,0,0.00062952848384156823,47.375320434570312,29.981943130493164,0,30.600534439086914,17.112533569335938,0.00031932740239426494,0.54707819223403931,0.22303052246570587,1.0573654174804688,0.97291874885559082,0.93768602609634399,0.85416793823242188,-0.70394134521484375,0,0,0,0
31,135,266040,20.214797973632812,0,0.002686736173927784,47.011699676513672,29.949478149414062,0,32.926315307617188,16.218284606933594,0.00032215120154432952,0.0059832693077623844,0.20672403275966644,1.0599668025970459,0.97291874885559082,0.93768602609634399,0.85416793823242188,-0.70394134521484375,0,0,0,0
31,150,266400,22.298149108886719,5.4687675401510205E-06,0.0021534650586545467,46.533096313476562,29.913436889648438,0,33.628913879394531,16.1077880859375,0.0003249403671361506,0.34045693278312683,0.11944380402565002,1.0700300931930542,1.3756530284881592,0.93768602609634399,0.85416793823242188,-0.70394134521484375,0,0,0,1
31,165,266760,23.204669952392578,0,0.00013286237663123757,46.019161224365234,29.877695083618164,0,33.834590911865234,16.269250869750977,0.00032770991674624383,0.0048078875988721848,-0.015214085578918457,1.0855560302734375,0.97291874885559082,0.93768602609634399,0.85416793823242188,-0.70394134521484375,0,0,0,0
31,180,267120,22.858949661254883,0,8.1771773693617433E-05,45.501331329345703,29.841896057128906,0,34.032543182373047,16.451925277709961,0.00033046206226572394,3.4746313758660108E-05,-0.16566458344459534,1.1029025316238403,0.97291874885559082,0.93768602609634399,0.85416793823242188,-0.70394134521484375,0,0,0,0
31,195,267480,21.18745231628418,9.2096954176668078E-05,0.00080419896403327584,45.050304412841797,29.805896759033203,0,34.580146789550781,16.473085403442383,0.00033319502836093307,2.45600375592403E-07,-0.30032247304916382,1.1184283494949341,0.97291874885559082,0.93768602609634399,0.85416793823242188,-0.70394134521484375,0,0,0,0
31,210,267840,18.524616241455078,0,8.4589941252488643E-05,44.890697479248047,29.769775390625,0,36.456508636474609,15.930816650390625,0.000335886754328385,1.5849611623153237E-09,-0.38760274648666382,1.1284917593002319,0.97291874885559082,0.93768602609634399,0.85416793823242188,-0.70394134521484375,0,0,0,0
31,225,268200,17.285392761230469,0,8.2241684140171856E-05,44.876625061035156,29.733343124389648,0,39.786323547363281,14.842706680297852,0.00033849675673991442,5.1804905851215999E-12,0.80010318756103516,1.1304787397384644,0.97291874885559082,0.93768602609634399,0.85416793823242188,-0.70394134521484375,0,0,0,0
31,240,268560,11.277807235717773,0.00035974715137854218,0.00060329760890454054,45.107856750488281,29.696441650390625,0,42.674999237060547,13.931369781494141,0.00034102742210961878,4.3629489737272327E-15,-0.24813640117645264,1.131325364112854,0.97291874885559082,0.93768602609634399,0.85416793823242188,-0.70394134521484375,0,0,0,0
31,255,268920,7.3430643081665039,0.00016048672841861844,0.00025576530606485903,45.470748901367188,29.659826278686523,0,45.403026580810547,12.890190124511719,0.00034346024040132761,2.4175587968926469E-18,-0.005298227071762085,1.1327775716781616,0.97291874885559082,0.93768602609634399,0.85416793823242188,-0.70394134521484375,0,0,0,0
31,270,269280,2.6110074520111084,0.00014442599785979837,0.0010695402743294835,45.952415466308594,29.62401008605957,0,46.630100250244141,11.937307357788086,0.00034582076477818191,0.00074878789018839598,0.27680736780166626,1.1344645023345947,0.97291874885559082,0.93768602609634399,0.85416793823242188,-0.70394134521484375,0,0,0,0
31,285,269640,-0.9381181001663208,0.00049412378575652838,0.0027196221053600311,46.351673126220703,29.588886260986328,6.5947338043770287E-06,46.662338256835938,11.05989933013916,0.00034813393722288311,0.014518865384161472,0.53617918491363525,1.1360155344009399,0.97291874885559082,0.93768602609634399,0.85416793823242188,-0.70394134521484375,0,0,0,0
31,300,270000,-4.0901241302490234,9.0261812147218734E-05,0.0023260731250047684,46.759563446044922,29.554361343383789,1.6311594208673341E-07,45.822250366210938,10.896533966064453,0.00034062570193782449,0.065255001187324524,0.71081602573394775,1.1370599269866943,0.97291874885559082,0.93768602609634399,0.85416793823242188,-0.70394134521484375,0,0,0,0
31,315,270360,-6.6944193840026855,0.00012880016583949327,0.0036795565392822027,47.166538238525391,29.520463943481445,0.097645975649356842,42.591403961181641,13.034150123596191,0.00033136850106529891,0.15153799951076508,0.742592453956604,1.1353174448013306,0.97291874885559082,0.93768602609634399,0.85416793823242188,-0.70394134521484375,0,0,0,0
31,330,270720,-8.5844907760620117,0.0025615755002945662,0.011566660366952419,47.464733123779297,29.487771987915039,0.21751341223716736,37.891212463378906,16.378023147583008,0.00033000420080497861,0.24287666380405426,0.65379273891448975,1.1101126670837402,0.97291874885559082,0.93768602609634399,0.85416793823242188,-0.70394134521484375,0,0,0,0
31,345,271080,-9.652979850769043,0.0059481896460056305,0.035370569676160812,47.486492156982422,29.451570510864258,0.79530656337738037,33.310466766357422,19.310689926147461,0.00032853169250302017,0.32430568337440491,0.50385236740112305,1.0675536394119263,0.97291874885559082,0.93768602609634399,0.85416793823242188,-0.70394134521484375,0,0,0,0
31,360,271440,-10.189127922058105,0.0077147437259554863,0.029995085671544075,47.468296051025391,29.414072036743164,1.7079222202301025,29.257566452026367,21.484428405761719,0.00032713415566831827,0.52151894569396973,-0.22722452878952026,1.0145310163497925,1.0329265594482422,1.029118537902832,1.0076144933700562,-6.7490792274475098,0,0,0,0
31,365,271560,-10.047727584838867,0.0076661738567054272,0.030110698193311691,47.462261199951172,29.401552200317383,1.904762864112854,28.018651962280273,22.057306289672852,0.00032668365747667849,0.58475112915039062,-0.47806179523468018,1.0136696100234985,1.0440391302108765,1.0460505485534668,1.0360305309295654,-7.8685493469238281,0,0,0,0
32,15,271920,-8.7509260177612305,0.0083038695156574249,0.038335427641868591,47.444526672363281,29.363887786865234,2.734539270401001,24.61015510559082,23.378179550170898,0.00032537386869080365,0.56434756517410278,-0.54959344863891602,1.0082683563232422,1.0286771059036255,1.0226438045501709,0.99674820899963379,-6.3209939002990723,0,0,0,0
32,30,272280,-6.4521083831787109,0.0076265339739620686,0.0078762900084257126,47.759021759033203,29.32774543762207,3.5377774238586426,21.743764877319336,24.063371658325195,0.00032419897615909576,0.60759538412094116,-0.78016293048858643,1.0120958089828491,1.0440391302108765,1.0460505485534668,1.0360305309295654,-7.8685493469238281,0,0,0,0
32,45,272640,-3.3852202892303467,0.0086919981986284256,0.010598499327898026,48.188373565673828,29.311702728271484,4.0969972610473633,20.016279220581055,23.597089767456055,0.00031730043701827526,0.55941325426101685,-0.77609860897064209,0.99885767698287964,1.0440391302108765,1.0460505485534668,1.0360305309295654,-7.8685493469238281,0,0,0,0
32,60,273000,0.3118150532245636,0.003965490497648716,0.21727994084358215,49.239593505859375,29.460622787475586,2.0012829303741455,19.614482879638672,21.912307739257812,0.00031143252272158861,0.47678059339523315,-0.76980280876159668,0.9783516526222229,1.0440391302108765,1.0460505485534668,1.0360305309295654,-7.8685493469238281,0,0,0,0
32,75,273360,4.4240608215332031,0.0079993102699518204,0.072037294507026672,49.356258392333984,29.717948913574219,0,19.887685775756836,20.067436218261719,0.00031444139312952757,0.36861467361450195,-0.76247096061706543,0.95447123050689697,1.0440391302108765,1.0460505485534668,1.0360305309295654,-7.8685493469238281,0,0,0,0
32,90,273720,9.527766227722168,6.3795805544941686E-06,0.0036040144041180611,49.284408569335938,29.710058212280273,0,21.739522933959961,18.385427474975586,0.00031741434941068292,0.24896223843097687,-0.75529849529266357,0.93110984563827515,1.0440391302108765,1.0460505485534668,1.0360305309295654,-7.8685493469238281,0,0,0,0
32,105,274080,13.614425659179688,7.2766687253533746E-07,0.0010684628505259752,49.087112426757812,29.674964904785156,0,25.052839279174805,16.858755111694336,0.00032032732269726694,0.13951867818832397,-0.74948090314865112,0.91216129064559937,1.0440391302108765,1.0460505485534668,1.0360305309295654,-7.8685493469238281,0,0,0,0
32,120,274440,17.233680725097656,0,0.00063654640689492226,48.777061462402344,29.623926162719727,0,28.59954833984375,15.493334770202637,0.00032317233853973448,0.05485071986913681,-0.74621343612670898,0.90151888132095337,1.0440391302108765,1.0460505485534668,1.0360305309295654,-7.8685493469238281,0,0,0,0
32,135,274800,20.040664672851562,0,0.00044864602386951447,48.371070861816406,29.572013854980469,0,30.905052185058594,14.687548637390137,0.00032595859374850988,0.0084977401420474052,-0.76965618133544922,0.90239322185516357,1.0440391302108765,1.0460505485534668,1.0360305309295654,-7.8685493469238281,0,0,0,0
32,150,275160,21.729700088500977,0,0.00033041439019143581,47.900047302246094,29.520759582519531,0,31.788578033447266,14.56956958770752,0.00032870937138795853,0.00059670093469321728,-0.89547717571258545,0.91262805461883545,1.0440391302108765,1.0460505485534668,1.0360305309295654,-7.8685493469238281,0,0,0,0
32,165,275520,22.18290901184082,0,0.0010259622940793633,47.395427703857422,29.471200942993164,0,32.215503692626953,14.710826873779297,0.00033143800101242959,0.018165005370974541,-1.0895967483520508,0.92841863632202148,1.0440391302108765,1.0460505485534668,1.0360305309295654,-7.8685493469238281,0,0,0,0
32,180,275880,21.348176956176758,0,0.00011104722216259688,46.883163452148438,29.425382614135742,0,32.726436614990234,14.845648765563965,0.00033414657809771597,0.00013029645197093487,-1.3064825534820557,0.94606119394302368,1.0440391302108765,1.0460505485534668,1.0360305309295654,-7.8685493469238281,0,0,0,0
32,195,276240,19.315353393554688,0,8.3856102719437331E-05,46.506614685058594,29.384756088256836,0,34.010032653808594,14.667957305908203,0.00033682695357128978,9.015765272124554E-07,-1.5006020069122314,0.96185177564620972,1.0440391302108765,1.0460505485534668,1.0360305309295654,-7.8685493469238281,0,0,0,0
32,210,276600,16.2945556640625,0,8.5634877905249596E-05,46.322116851806641,29.3475341796875,0,36.7545166015625,13.923118591308594,0.0003394520899746567,5.0305000165451474E-09,-1.6264230012893677,0.97208660840988159,1.0440391302108765,1.0460505485534668,1.0360305309295654,-7.8685493469238281,0,0,0,0
32,225,276960,12.629851341247559,4.1038512677005201E-07,9.71213448792696E-05,46.3638916015625,29.312252044677734,0,40.413822174072266,12.871675491333008,0.00034198755747638643,1.3436600790339703E-11,-1.6178168058395386,0.97443866729736328,1.0440391302108765,1.0460505485534668,1.0360305309295654,-7.8685493469238281,0,0,0,0
32,240,277320,8.8225259780883789,0.00014392023149412125,0.00027095936820842326,46.565006256103516,29.280233383178711,0,43.754009246826172,11.899043083190918,0.00034442852484062314,2.0497514614998581E-14,-1.2991921901702881,0.97855949401855469,1.0440391302108765,1.0460505485534668,1.0360305309295654,-7.8685493469238281,0,0,0,0
32,255,277680,5.1386809349060059,0.00012986382353119552,0.0016189186135306954,46.831214904785156,29.251724243164062,0,45.916046142578125,11.016260147094727,0.0003467888745944947,0.0018581479089334607,-0.75264614820480347,0.98562800884246826,1.0440391302108765,1.0460505485534668,1.0360305309295654,-7.8685493469238281,0,0,0,0
32,270,278040,0.80866259336471558,0.001896137255243957,0.0076782684773206711,47.17138671875,29.227001190185547,0,46.5635986328125,10.209471702575684,0.00034909482928924263,0.027646154165267944,-0.11772263050079346,0.99383950233459473,1.0440391302108765,1.0460505485534668,1.0360305309295654,-7.8685493469238281,0,0,0,0
32,285,278400,-2.2973065376281738,8.7263251771219075E-05,0.0017195921391248703,47.456119537353516,29.203020095825195,0,46.393516540527344,9.5216779708862305,0.00034822945599444211,0.097284696996212006,0.46603500843048096,1.0013892650604248,1.0440391302108765,1.0460505485534668,1.0360305309295654,-7.8685493469238281,0,0,0,0
32,300,278760,-5.0226988792419434,6.6402637457940727E-05,0.0032280618324875832,47.773220062255859,29.179149627685547,0.0038092134054750204,44.841468811035156,10.173979759216309,0.00033911564969457686,0.19154036045074463,0.85908305644989014,1.0064725875854492,1.0440391302108765,1.0460505485534668,1.0360305309295654,-7.8685493469238281,0,0,0,0
32,315,279120,-7.3165755271911621,0.00016307878831867129,0.0039152763783931732,48.130962371826172,29.155160903930664,0.103689044713974,41.038509368896484,12.916849136352539,0.00033212668495252728,0.30412623286247253,0.9242476224899292,1.0076937675476074,1.0440391302108765,1.0460505485534668,1.0360305309295654,-7.8685493469238281,0,0,0,0
32,330,279480,-9.0692930221557617,0.004712314810603857,0.031502120196819305,48.330890655517578,29.129209518432617,0.40087404847145081,36.306461334228516,16.297676086425781,0.00033066270407289267,0.41583728790283203,0.64327383041381836,1.0088911056518555,1.0440391302108765,1.0460505485534668,1.0360305309295654,-7.8685493469238281,0,0,0,0
32,345,279840,-10.094097137451172,0.0071597271598875523,0.038922794163227081,48.319744110107422,29.096109390258789,1.1425821781158447,31.902030944824219,19.067314147949219,0.00032920244848355651,0.5056954026222229,0.16884297132492065,1.0109128952026367,1.0440391302108765,1.0460505485534668,1.0360305309295654,-7.8685493469238281,0,0,0,0
32,360,280200,-10.920470237731934,0.010192902758717537,0.031591087579727173,48.298309326171875,29.062160491943359,1.9385538101196289,28.023025512695312,21.095781326293945,0.00032781361369416118,0.54094225168228149,-0.73834699392318726,0.83026087284088135,1.0371018648147583,0.93182390928268433,0.90889769792556763,-1.5053682327270508,0,0,0,0
32,365,280320,-10.982693672180176,0.0082293078303337097,0.032757401466369629,48.291271209716797,29.050758361816406,2.073833703994751,26.837553024291992,21.627857208251953,0.00032736477442085743,0.55039620399475098,-0.99004685878753662,0.79275804758071899,1.0358171463012695,0.91067081689834595,0.88535457849502563,-0.32700109481811523,0,0,0,0
33,15,280680,-9.9164562225341797,0.0099897300824522972,0.047139603644609451,48.270503997802734,29.016216278076172,2.9616250991821289,23.573225021362305,22.848127365112305,0.00032605667365714908,0.60109806060791016,-1.2088577747344971,0.83517837524414062,1.0375931262969971,0.93991285562515259,0.91790056228637695,-1.9559755325317383,0,0,0,0
33,30,281040,-8.0723466873168945,0.0083576152101159096,0.13027133047580719,48.27691650390625,28.981229782104492,3.3269829750061035,20.712175369262695,23.57911491394043,0.00032480125082656741,0.59388828277587891,-1.3136547803878784,0.78641897439956665,1.0358171463012695,0.91067081689834595,0.88535457849502563,-0.32700109481811523,0,0,0,0
33,45,281400,-5.0587801933288574,0.0063850856386125088,0.0050008082762360573,48.895534515380859,28.954103469848633,3.5022947788238525,18.535715103149414,23.589740753173828,0.00032185035524889827,0.57136064767837524,-1.1011971235275269,0.79243379831314087,1.0358171463012695,0.91067081689834595,0.88535457849502563,-0.32700109481811523,0,0,0,0
33,60,281760,-1.2125518321990967,0.0057360096834599972,0.051970366388559341,49.50421142578125,28.988622665405273,3.1078543663024902,17.705854415893555,22.31317138671875,0.00031384421163238585,0.50330930948257446,-0.77209585905075073,0.80175089836120605,1.0358171463012695,0.91067081689834595,0.88535457849502563,-0.32700109481811523,0,0,0,0
33,75,282120,3.2857236862182617,0.00022968111443333328,0.035644110292196274,50.172492980957031,29.295087814331055,0.038888856768608093,17.769618988037109,20.445274353027344,0.00031483039492741227,0.41165795922279358,-0.38883882761001587,0.81260114908218384,1.0358171463012695,0.91067081689834595,0.88535457849502563,-0.32700109481811523,0,0,0,0
33,90,282480,8.8022394180297852,4.7612752496206667E-06,0.0034496847074478865,50.052894592285156,29.314599990844727,0,19.271503448486328,18.722736358642578,0.00031781056895852089,0.30139026045799255,-0.013913273811340332,0.8232155442237854,1.0358171463012695,0.91067081689834595,0.88535457849502563,-0.32700109481811523,0,0,0,0
33,105,282840,13.352779388427734,6.1586964875459671E-05,0.0011510949116200209,49.847957611083984,29.273843765258789,0,22.433111190795898,17.157909393310547,0.00032073396141640842,0.18255402147769928,0.29019272327423096,0.83182501792907715,1.0358171463012695,0.91067081689834595,0.88535457849502563,-0.32700109481811523,0,0,0,0
33,120,283200,17.347848892211914,0,0.00058069650549441576,49.555133819580078,29.22490119934082,0,25.86598014831543,15.755075454711914,0.00032359108445234597,0.084318064153194427,0.46099221706390381,0.83666044473648071,1.0358171463012695,0.91067081689834595,0.88535457849502563,-0.32700109481811523,0,0,0,0
33,135,283560,20.478670120239258,0,0.00052991800475865602,49.172721862792969,29.18065071105957,0,28.034662246704102,14.912788391113281,0.00032638962147757411,0.023846268653869629,0.45785999298095703,0.83719462156295776,1.0358171463012695,0.91067081689834595,0.88535457849502563,-0.32700109481811523,0,0,0,0
33,150,283920,22.556808471679688,0,0.00022741474094800651,48.730487823486328,29.142587661743164,0,28.796388626098633,14.738127708435059,0.00032915361225605011,0.0013627781299874187,0.35130345821380615,0.8374750018119812,1.0358171463012695,0.91067081689834595,0.88535457849502563,-0.32700109481811523,0,0,0,0
33,165,284280,23.443683624267578,0,7.0592388510704041E-05,48.258358001708984,29.108409881591797,0,29.189058303833008,14.788191795349121,0.00033189519308507442,1.057134704751661E-05,0.18690556287765503,0.83790761232376099,1.0358171463012695,0.91067081689834595,0.88535457849502563,-0.32700109481811523,0,0,0,0
33,180,284640,23.092935562133789,0,9.8951641120947897E-05,47.776538848876953,29.076042175292969,0,29.597524642944336,14.87241268157959,0.00033461663406342268,6.6687455557712383E-08,0.0032272040843963623,0.83839094638824463,1.0358171463012695,0.91067081689834595,0.88535457849502563,-0.32700109481811523,0,0,0,0
33,195,285000,21.543249130249023,0,6.9726855144836009E-05,47.304416656494141,29.044319152832031,0,30.169708251953125,14.898237228393555,0.00033731712028384209,3.2977739983230947E-10,-0.16117066144943237,0.83882349729537964,1.0358171463012695,0.91067081689834595,0.88535457849502563,-0.32700109481811523,0,0,0,0
33,210,285360,24.125747680664062,0,5.5101529142120853E-05,46.858692169189453,29.012691497802734,0,30.596281051635742,14.983642578125,0.00033999292645603418,9.8662798850984723E-13,5.6954245567321777,0.83910393714904785,1.0358171463012695,0.91067081689834595,0.88535457849502563,-0.32700109481811523,1,0,0,0
33,225,285720,15.480420112609863,0,5.1401144446572289E-05,46.691577911376953,28.981143951416016,0,33.656539916992188,14.081404685974121,0.00034262874396517873,0.64928019046783447,-0.27494797110557556,0.83902627229690552,1.3310788869857788,0.91067081689834595,0.88535457849502563,-0.32700109481811523,0,0,0,1
33,240,286080,11.641260147094727,6.2735576648265123E-05,8.4000006609130651E-05,46.518505096435547,28.949609756469727,0,37.378986358642578,12.979747772216797,0.00034517963649705052,0.035666260868310928,-0.1479077935218811,0.83774024248123169,1.0358171463012695,0.91067081689834595,0.88535457849502563,-0.32700109481811523,0,0,0,0
33,255,286440,7.642906665802002,8.1532656622584909E-05,0.00025707940221764147,46.541568756103516,28.918119430541992,0,40.320655822753906,11.985874176025391,0.00034764510928653181,0.00025405146880075336,0.070007920265197754,0.83553427457809448,1.0358171463012695,0.91067081689834595,0.88535457849502563,-0.32700109481811523,0,0,0,0
33,270,286800,2.814793586730957,9.2551163106691092E-05,0.00041137391235679388,46.706581115722656,28.886686325073242,0,41.694408416748047,11.084729194641113,0.00035004544770345092,0.0074789668433368206,0.32316097617149353,0.83297163248062134,1.0358171463012695,0.91067081689834595,0.88535457849502563,-0.32700109481811523,0,0,0,0
33,285,287160,-0.80828028917312622,7.854536670492962E-05,0.0011537963291630149,46.928916931152344,28.85521125793457,0,41.779026031494141,10.260335922241211,0.00035240541910752654,0.049830004572868347,0.55591356754302979,0.83061552047729492,1.0358171463012695,0.91067081689834595,0.88535457849502563,-0.32700109481811523,0,0,0,0
33,300,287520,-3.9981460571289062,6.3005863921716809E-05,0.0017886483110487461,47.170318603515625,28.824806213378906,0,41.079238891601562,10.032273292541504,0.00034526851959526539,0.1379532665014267,0.71262741088867188,0.8290291428565979,1.0358171463012695,0.91067081689834595,0.88535457849502563,-0.32700109481811523,0,0,0,0
33,315,287880,-6.6547222137451172,5.2978761232225224E-05,0.0028759699780493975,47.447315216064453,28.796527862548828,0.020751338452100754,38.249309539794922,11.860591888427734,0.00033576623536646366,0.24460689723491669,0.72053897380828857,0.82812231779098511,1.0358171463012695,0.91067081689834595,0.88535457849502563,-0.32700109481811523,0,0,0,0
33,330,288240,-8.8389301300048828,0.0044401488266885281,0.013901599682867527,47.677238464355469,28.769901275634766,0.12458047270774841,34.024692535400391,14.851276397705078,0.00033442530548200011,0.35556277632713318,0.3777974545955658,0.82103651762008667,1.0358171463012695,0.91067081689834595,0.88535457849502563,-0.32700109481811523,0,0,0,0
33,345,288600,-10.361774444580078,0.006198312621563673,0.035606116056442261,47.685653686523438,28.738336563110352,0.50166928768157959,29.898029327392578,17.482143402099609,0.00033298024209216237,0.45756489038467407,-0.20092982053756714,0.80907207727432251,1.0358171463012695,0.91067081689834595,0.88535457849502563,-0.32700109481811523,0,0,0,0
33,360,288960,-10.575530052185059,0.0053256964311003685,0.02996496856212616,47.664070129394531,28.705846786499023,1.1632293462753296,26.256671905517578,19.421916961669922,0.00033160203020088375,0.39242148399353027,-0.54677790403366089,0.87119871377944946,0.94256281852722168,0.96865218877792358,0.93766319751739502,-4.1089076995849609,0,0,0,0
33,365,289080,-10.289263725280762,0.0054237032309174538,0.029962653294205666,47.656959533691406,28.694944381713867,1.2854068279266357,25.144630432128906,19.932424545288086,0.00033115624682977796,0.35574474930763245,-0.54349988698959351,0.88487958908081055,0.92529350519180298,0.979389488697052,0.94734996557235718,-4.8092608451843262,0,0,0,0
34,15,289440,-9.1856508255004883,0.005808110348880291,0.040846142917871475,47.635765075683594,28.662164688110352,1.9544186592102051,22.081569671630859,21.109638214111328,0.00032985536381602287,0.44371172785758972,-0.78408592939376831,0.86319416761398315,0.94916659593582153,0.96454626321792603,0.93395894765853882,-3.841092586517334,0,0,0,0
34,30,289800,-6.7207112312316895,0.0043054111301898956,0.013452182523906231,47.88714599609375,28.630437850952148,2.523888111114502,19.473470687866211,21.747562408447266,0.00032863917294889688,0.36297643184661865,-0.59873557090759277,0.88653683662414551,0.92529350519180298,0.979389488697052,0.94734996557235718,-4.8092608451843262,0,0,0,0
34,45,290160,-3.5458841323852539,0.010333999991416931,0.010052965953946114,48.290271759033203,28.605230331420898,2.7696952819824219,17.853858947753906,21.385517120361328,0.00032231613295152783,0.3327849805355072,-0.40844836831092834,0.89582580327987671,0.92529350519180298,0.979389488697052,0.94734996557235718,-4.8092608451843262,0,0,0,0
34,60,290520,0.41694158315658569,0.0022654714994132519,0.15549482405185699,49.129585266113281,28.662271499633789,1.2858556509017944,17.478927612304688,19.871429443359375,0.00031631466117687523,0.26858028769493103,-0.11368978023529053,0.91021448373794556,0.92529350519180298,0.979389488697052,0.94734996557235718,-4.8092608451843262,0,0,0,0
34,75,290880,4.8383259773254395,0.00019221963884774595,0.012306131422519684,49.186317443847656,28.705568313598633,0,17.804292678833008,18.19890022277832,0.00031931587727740407,0.18780641257762909,0.22957324981689453,0.9269709587097168,0.92529350519180298,0.979389488697052,5.5,-4.8092608451843262,0,0,1,0
34,90,291240,10.27996826171875,2.5256626940972637E-06,0.0090881930664181709,49.106029510498047,28.678634643554688,0,19.792881011962891,16.674795150756836,0.00032227675546891987,0.10813731700181961,0.56537425518035889,0.94336318969726562,0.92529350519180298,0.979389488697052,0.94734996557235718,-4.8092608451843262,0,0,0,0
34,105,291600,14.706756591796875,2.6282759080231699E-08,0.00092476862482726574,48.903190612792969,28.644412994384766,0,23.107662200927734,15.292198181152344,0.00032517421641387045,0.041389476507902145,0.83774590492248535,0.95665907859802246,0.92529350519180298,0.979389488697052,0.94734996557235718,-4.8092608451843262,0,0,0,0
34,120,291960,18.550086975097656,0,0.00055692828027531505,48.608970642089844,28.608987808227539,0,26.448877334594727,14.097399711608887,0.00032800153712742031,0.0047182687558233738,0.9907219409942627,0.96412664651870728,0.92529350519180298,0.979389488697052,0.94734996557235718,-4.8092608451843262,0,0,0,0
34,135,292320,21.473602294921875,0,0.00039319903589785099,48.227729797363281,28.577171325683594,0,28.182397842407227,13.579211235046387,0.00033077312400564551,5.7609817304182798E-05,0.96708095073699951,0.9674757719039917,0.92529350519180298,0.979389488697052,0.94734996557235718,-4.8092608451843262,0,0,0,0
34,150,292680,23.225772857666016,0,0.0014048751909285784,47.791278839111328,28.546882629394531,0,28.735130310058594,13.617504119873047,0.00033351313322782516,3.9741811974636221E-07,0.76134496927261353,0.98127168416976929,0.92529350519180298,0.979389488697052,0.94734996557235718,-4.8092608451843262,0,0,0,0
34,165,293040,23.728004455566406,0,8.4410989074967802E-05,47.326087951660156,28.516883850097656,0,29.115034103393555,13.78721809387207,0.00033623157651163638,2.2859201198599521E-09,0.44393080472946167,1.0025560855865479,0.92529350519180298,0.979389488697052,0.94734996557235718,-4.8092608451843262,0,0,0,0
34,180,293400,22.968341827392578,0,7.6786542194895446E-05,46.852882385253906,28.486911773681641,0,29.547264099121094,13.962741851806641,0.00033892944338731468,9.4443801737509325E-12,0.0892905592918396,1.0263367891311646,0.92529350519180298,0.979389488697052,0.94734996557235718,-4.8092608451843262,0,0,0,0
34,195,293760,20.946660995483398,0,7.9239915066864341E-05,46.421455383300781,28.45698356628418,0,30.318523406982422,14.003965377807617,0.00034160318318754435,3.3926115768686399E-14,-0.22812354564666748,1.0476211309432983,0.92529350519180298,0.979389488697052,0.94734996557235718,-4.8092608451843262,0,0,0,0
34,210,294120,17.971075057983398,0.00010482072684681043,0.00030119527946226299,46.236171722412109,28.427000045776367,0,32.495296478271484,13.515522003173828,0.00034423102624714375,8.6926809151531776E-17,-0.43385958671569824,1.0614169836044312,0.92529350519180298,0.979389488697052,0.94734996557235718,-4.8092608451843262,0,0,0,0
34,225,294480,14.359850883483887,2.9189357064751675E-07,8.612446254119277E-05,46.276504516601562,28.396963119506836,0,36.091739654541016,12.544612884521484,0.00034677132498472929,7.0241909333667125E-20,-0.46795463562011719,1.0618100166320801,0.92529350519180298,0.979389488697052,0.94734996557235718,-4.8092608451843262,0,0,0,0
34,240,294840,10.314495086669922,0.00016764596512075514,0.0001484792010160163,46.524623870849609,28.368562698364258,0,39.636001586914062,11.582530975341797,0.00034920920734293759,1.3116279041722127E-23,-0.42101863026618958,1.0400301218032837,0.92529350519180298,0.979389488697052,0.94734996557235718,-4.8092608451843262,0,0,0,0
34,255,295200,6.1598262786865234,0.00016777422570157796,0.00099180708639323711,46.905185699462891,28.344320297241211,0,42.213436126708984,10.710292816162109,0.0003515585558488965,2.6000266101521567E-27,-0.34050798416137695,1.0026700496673584,0.92529350519180298,0.979389488697052,0.94734996557235718,-4.8092608451843262,0,0,0,0
34,270,295560,1.2657243013381958,0.00014934483624529094,0.00072653003735467792,47.383937835693359,28.326179504394531,0,43.132740020751953,9.9128313064575195,0.0003538451564963907,3.2351159461541101E-05,-0.24697861075401306,0.95926892757415771,0.92529350519180298,0.979389488697052,0.94734996557235718,-4.8092608451843262,0,0,0,0
34,285,295920,-2.3947932720184326,0.00011491977056721225,0.0016942735528573394,47.771083831787109,28.312755584716797,1.8741673102340428E-08,43.017982482910156,9.2228584289550781,0.00035328781814314425,0.0078968396410346031,-0.16098636388778687,0.91936534643173218,0.92529350519180298,0.979389488697052,0.94734996557235718,-4.8092608451843262,0,0,0,0
34,300,296280,-5.5396380424499512,7.9417142842430621E-05,0.0040390715003013611,48.135738372802734,28.299491882324219,0.0082924067974090576,41.390899658203125,9.9742069244384766,0.0003438746789470315,0.044309500604867935,-0.10308721661567688,0.8924979567527771,0.92529350519180298,0.979389488697052,0.94734996557235718,-4.8092608451843262,0,0,0,0
34,315,296640,-8.0102424621582031,0.0015495833940804005,0.0032995163928717375,48.471343994140625,28.284713745117188,0.68611997365951538,37.496574401855469,12.818663597106934,0.00033861590782180429,0.205036461353302,-0.097249343991279602,0.88651353120803833,0.92529350519180298,0.979389488697052,5.5,-4.8092608451843262,0,0,1,0
34,330,297000,-9.6987943649291992,0.0061009936034679413,0.079734653234481812,48.563667297363281,28.260526657104492,0.74506455659866333,33.030948638916016,15.950706481933594,0.00033703909139148891,0.19669564068317413,-0.18666233122348785,0.88618618249893188,0.92529350519180298,0.979389488697052,0.94734996557235718,-4.8092608451843262,0,0,0,0
34,345,297360,-10.563432693481445,0.0066466988064348698,0.05821596086025238,48.541728973388672,28.229476928710938,1.2849119901657104,29.020793914794922,18.374307632446289,0.00033553325920365751,0.26672515273094177,-0.33763831853866577,0.88563340902328491,0.92529350519180298,0.979389488697052,0.94734996557235718,-4.8092608451843262,0,0,0,0
34,360,297720,-11.830276489257812,0.00916306022554636,0.041865505278110504,48.520660400390625,28.197561264038086,2.0823943614959717,25.494838714599609,20.125480651855469,0.0003340948314871639,0.27765440940856934,-1.5566272735595703,0.86395925283432007,0.90658152103424072,0.89085555076599121,1.0979264974594116,2.4217681884765625,0,0,0,0
34,365,297840,-11.897086143493652,0.008572394959628582,0.041236083954572678,48.513771057128906,28.18681526184082,2.2298414707183838,24.416948318481445,20.580154418945312,0.00033362925751134753,0.27843919396400452,-1.7795408964157104,0.85683488845825195,0.90311634540557861,0.87446033954620361,1.1258111000061035,3.7608475685119629,0,0,0,0
35,15,298200,-10.652342796325684,0.010768454521894455,0.065773062407970428,48.493312835693359,28.154413223266602,2.9278225898742676,21.448972702026367,21.608331680297852,0.00033227010862901807,0.33328741788864136,-1.5725717544555664,0.8579261302947998,0.90790659189224243,0.8971250057220459,1.0872634649276733,1.9097042083740234,0,0,0,0
35,30,298560,-9.0649843215942383,0.011907334439456463,0.19469405710697174,48.473110198974609,28.121896743774414,3.444157600402832,18.841835021972656,22.204092025756836,0.00033096206607297063,0.31718891859054565,-1.7834962606430054,0.84880781173706055,0.90311634540557861,0.87446033954620361,1.1258111000061035,3.7608480453491211,0,0,0,0
35,45,298920,-6.1871447563171387,0.007000497542321682,0.0044892081059515476,48.967227935791016,28.093448638916016,4.2989554405212402,16.672479629516602,22.328458786010742,0.0003298230585642159,0.30793040990829468,-1.5430868864059448,0.84283089637756348,0.90311634540557861,0.87446033954620361,1.1258111000061035,3.7608480453491211,0,0,0,0
35,60,299280,-4.8864073753356934,0.01504996232688427,0.016537180170416832,49.707084655761719,28.086116790771484,5.2376880645751953,14.812718391418457,22.155078887939453,0.0003275170165579766,0.26682966947555542,-4.4629554748535156,0.8335726261138916,0.90311634540557861,0.87446033954620361,1.1258111000061035,3.7608480453491211,0,1,0,0
35,75,299640,2.097261905670166,0.0016511168796569109,0.29329118132591248,50.975944519042969,28.360197067260742,1.2271616458892822,14.538925170898438,20.526813507080078,0.00032557471422478557,0.20077462494373322,-0.73700869083404541,0.82279086112976074,0.90311634540557861,0.87446033954620361,1.1258111000061035,3.7608480453491211,0,0,0,0
35,90,300000,7.6637916564941406,2.9476666895789094E-05,0.023087160661816597,50.795398712158203,28.510324478149414,0,15.763238906860352,18.784355163574219,0.0003284592239651829,0.12049128860235214,-0.31275677680969238,0.81224346160888672,0.90311634540557861,0.87446033954620361,1.1258111000061035,3.7608480453491211,0,0,0,0
35,105,300360,12.316849708557129,4.3582105035966379E-08,0.0011882984545081854,50.628280639648438,28.468616485595703,0,18.954395294189453,17.200038909912109,0.00033128648647107184,0.051075194031000137,0.03135836124420166,0.80368828773498535,0.90311634540557861,0.87446033954620361,1.1258111000061035,3.7608480453491211,0,0,0,0
35,120,300720,16.45793342590332,0,0.0013993623433634639,50.374259948730469,28.415754318237305,0,22.636333465576172,15.766827583312988,0.0003340427647344768,0.010271943174302578,0.22462868690490723,0.79888337850570679,0.90311634540557861,0.87446033954620361,1.1258111000061035,3.7608480453491211,0,0,0,0
35,135,301080,19.688581466674805,0,0.00048178661381825805,50.029045104980469,28.364435195922852,0,25.320529937744141,14.757475852966309,0.00033673521829769015,0.00021512819512281567,0.16614413261413574,0.79848223924636841,0.90311634540557861,0.87446033954620361,1.1258111000061035,3.7608480453491211,0,0,0,0
35,150,301440,21.641607284545898,0,0.00033061800058931112,49.621734619140625,28.313804626464844,0,26.556770324707031,14.389976501464844,0.00033938526757992804,1.6432144320788211E-06,-0.24527096748352051,0.7988898754119873,0.90311634540557861,0.87446033954620361,1.1258111000061035,3.7608480453491211,0,0,0,0
35,165,301800,22.264825820922852,0,0.00016967899864539504,49.177635192871094,28.263708114624023,0,27.28369140625,14.307600021362305,0.00034200726076960564,1.1081114692501615E-08,-0.88001155853271484,0.79951876401901245,0.90311634540557861,0.87446033954620361,1.1258111000061035,3.7608480453491211,0,0,0,0
35,180,302160,22.313566207885742,0,0.00010788210784085095,48.719703674316406,28.214700698852539,0,28.016910552978516,14.280194282531738,0.00034460399183444679,4.8848081829477863E-11,-1.209259033203125,0.80022144317626953,0.90311634540557861,0.87446033954620361,1.1258111000061035,3.7608480453491211,0,0,0,0
35,195,302520,21.693584442138672,0,0.00010993830801453441,48.264934539794922,28.167501449584961,0,28.492610931396484,14.379498481750488,0.00034717831294983625,1.3954236258249125E-13,0.17934489250183105,0.80085033178329468,0.90311634540557861,0.87446033954620361,1.1258111000061035,3.7608480453491211,1,0,0,0
35,210,302880,16.939033508300781,0,9.5693656476214528E-05,48.035495758056641,28.123880386352539,0,31.165386199951172,13.689321517944336,0.00034971314016729593,2.7629709166644885E-16,-2.6353497505187988,0.80125796794891357,0.90311634540557861,0.87446033954620361,1.1258111000061035,3.7608480453491211,0,0,0,0
35,225,303240,13.62844181060791,4.5048571337247267E-05,0.00028337372350506485,47.988147735595703,28.084503173828125,0,35.029983520507812,12.63951301574707,0.00035216179094277322,2.930394594954791E-19,-2.698145866394043,0.8024216890335083,0.90311634540557861,0.87446033954620361,1.1258111000061035,3.7608480453491211,0,0,0,0
35,240,303600,9.9083518981933594,0.0001417257881257683,0.00013326617772690952,48.10382080078125,28.049087524414062,0,38.673370361328125,11.652320861816406,0.00035451189614832401,1.9659340196354706E-22,-2.5512914657592773,0.81311696767807007,0.90311634540557861,0.87446033954620361,1.1258111000061035,3.7608480453491211,0,0,0,0
35,255,303960,6.0096645355224609,0.00014675856800749898,0.0018847980536520481,48.358707427978516,28.020196914672852,0,41.260402679443359,10.759609222412109,0.00035677477717399597,8.9027100836919415E-26,-2.2993884086608887,0.83146291971206665,0.90311634540557861,0.87446033954620361,1.1258111000061035,3.7608480453491211,0,0,0,0
35,270,304320,1.2887517213821411,0.00014228922373149544,0.00086420378647744656,48.762592315673828,27.999839782714844,0,42.179180145263672,9.9455175399780273,0.00035897633642889559,1.7880255362787107E-29,-2.0067517757415771,0.85277539491653442,0.90311634540557861,0.87446033954620361,1.1258111000061035,3.7608480453491211,0,0,0,0
35,285,304680,-2.3267965316772461,0.00011803692177636549,0.0031810933724045753,49.142036437988281,27.987693786621094,1.5784053231104878E-10,42.083015441894531,9.2374410629272461,0.00035846818354912102,0.00018850532069336623,-1.7376976013183594,0.87237042188644409,0.90311634540557861,0.87446033954620361,1.1258111000061035,3.7608480453491211,0,0,0,0
35,300,305040,-5.580683708190918,9.2664071416947991E-05,0.0026084484998136759,49.519386291503906,27.980085372924805,0.0032159669790416956,40.513134002685547,9.9329633712768555,0.00034884415799751878,0.011780904605984688,-1.5565416812896729,0.88556391000747681,0.90311634540557861,0.87446033954620361,1.1258111000061035,3.7608480453491211,0,0,0,0
35,315,305400,-8.3463153839111328,0.00055387901375070214,0.0039263567887246609,49.904338836669922,27.971675872802734,0.13693398237228394,36.620960235595703,12.780271530151367,0.00034374391543678939,1.1054016351699829,-1.5204305648803711,0.88800090551376343,1.2257730960845947,0.87446033954620361,1.1258111000061035,3.7608480453491211,0,0,0,1
35,330,305760,-10.384418487548828,0.0073161209002137184,0.14211004972457886,49.951774597167969,27.947942733764648,0.29502600431442261,32.228965759277344,15.844028472900391,0.0003420812136027962,0.11456608772277832,-1.5723471641540527,0.8817562460899353,0.90311634540557861,0.87446033954620361,1.1258111000061035,3.7608480453491211,0,0,0,0
35,345,306120,-11.634821891784668,0.0076276352629065514,0.087521523237228394,49.928451538085938,27.9178466796875,1.0070450305938721,28.320291519165039,18.180351257324219,0.00034049520036205649,0.19086010754108429,-1.6600096225738525,0.87121224403381348,0.90311634540557861,0.87446033954620361,1.1258111000061035,3.7608480453491211,0,0,0,0
35,360,306480,-13.02670955657959,0.010994885116815567,0.045982677489519119,49.905967712402344,27.886945724487305,1.8475558757781982,24.883823394775391,19.863948822021484,0.00033897696994245052,0.29870367050170898,-2.8662636280059814,0.90684801340103149,0.9238542914390564,0.79850286245346069,0.967612624168396,-1.742530345916748,0,0,0,0
35,365,306600,-13.035730361938477,0.010291228070855141,0.044762756675481796,49.898605346679688,27.87652587890625,2.2823081016540527,23.833774566650391,20.299192428588867,0.00033848438761197031,0.33033180236816406,-3.1860358715057373,0.90399980545043945,0.92769467830657959,0.78443664312362671,0.93831664323806763,-2.7616744041442871,0,0,0,0
36,15,306960,-11.7900390625,0.011848446913063526,0.07160225510597229,49.876880645751953,27.844942092895508,2.888432502746582,20.940584182739258,21.281570434570312,0.00033704334055073559,0.34339067339897156,-3.0661780834197998,0.87495201826095581,0.92238575220108032,0.80388176441192627,0.97881543636322021,-1.3528094291687012,0,0,0,0
36,30,307320,-9.7467327117919922,0.0097215184941887856,0.21972818672657013,49.855548858642578,27.813043594360352,3.7515690326690674,18.39747428894043,21.843156814575195,0.00033565258490853012,0.35735413432121277,-3.3683528900146484,0.8867911696434021,0.92769467830657959,0.78443664312362671,0.93831664323806763,-2.7616744041442871,0,0,0,0
36,45,307680,-6.6259574890136719,0.0077186534181237221,0.0070750829763710499,50.2562255859375,27.784690856933594,4.3076868057250977,16.226303100585938,22.001951217651367,0.00033435990917496383,0.33294668793678284,-3.1130070686340332,0.91856676340103149,0.92769467830657959,0.78443664312362671,0.93831664323806763,-2.7616744041442871,0,0,0,0
36,60,308040,-2.6844322681427002,0.036384843289852142,0.038088079541921616,50.597114562988281,27.781589508056641,4.914947509765625,15.057721138000488,21.185888290405273,0.00032687530620023608,0.27629989385604858,-2.7174713611602783,0.96778780221939087,0.92769467830657959,0.78443664312362671,5.5,-2.7616744041442871,0,0,1,0
36,75,308400,1.8495049476623535,0.0032295670825988054,0.33201324939727783,51.58447265625,28.101882934570312,1.8576335906982422,14.94703483581543,19.474727630615234,0.00032458806526847184,0.20168702304363251,-2.256847620010376,1.0251085758209229,0.92769467830657959,0.78443664312362671,0.93831664323806763,-2.7616744041442871,0,0,0,0
36,90,308760,7.4767627716064453,0.00053679232951253653,0.015762144699692726,51.395679473876953,28.342571258544922,0,16.087865829467773,17.822834014892578,0.00032744649797677994,0.12103992700576782,-1.8062372207641602,1.0811833143234253,0.92769467830657959,0.78443664312362671,0.93831664323806763,-2.7616744041442871,0,0,0,0
36,105,309120,11.972091674804688,0.00045495081576518714,0.039011232554912567,51.293109893798828,28.318080902099609,0,19.188472747802734,16.320211410522461,0.00033024721778929234,0.045698598027229309,-1.4407423734664917,1.1266660690307617,0.92769467830657959,0.78443664312362671,0.93831664323806763,-2.7616744041442871,0,0,0,0
36,120,309480,15.973150253295898,2.8542354257865554E-08,0.0012343545677140355,51.073532104492188,28.274444580078125,0,22.86113166809082,14.959598541259766,0.00033297567279078066,0.0067936768755316734,-1.235464334487915,1.15221107006073,0.92769467830657959,0.78443664312362671,0.93831664323806763,-2.7616744041442871,0,0,0,0
36,135,309840,19.028797149658203,0,0.00065750285284593701,50.739551544189453,28.212284088134766,0,25.788951873779297,13.94504451751709,0.00033563701435923576,0.00011837556667160243,-1.2623633146286011,1.1509209871292114,0.92769467830657959,0.78443664312362671,0.93831664323806763,-2.7616744041442871,0,0,0,0
36,150,310200,20.857288360595703,0,0.00053878134349361062,50.335609436035156,28.151365280151367,0,27.323429107666016,13.551346778869629,0.00033825141144916415,1.002348085421545E-06,-1.5128977298736572,1.1306347846984863,0.98062640428543091,0.78443664312362671,0.93831664323806763,-2.7616744041442871,0,0,0,0
36,165,310560,21.371898651123047,0,0.00030240858905017376,49.885330200195312,28.095659255981445,0,28.261161804199219,13.481843948364258,0.00034083545324392617,6.2968803504759308E-09,-1.8994280099868774,1.0993367433547974,0.92769467830657959,0.78443664312362671,0.93831664323806763,-2.7616744041442871,0,0,0,0
36,180,310920,20.46455192565918,0.00029258278664201498,0.0028279919642955065,49.478885650634766,28.043462753295898,0,29.447423934936523,13.380382537841797,0.00034338864497840405,2.8162342249893335E-11,-2.3312902450561523,1.0643680095672607,0.92769467830657959,0.78443664312362671,0.93831664323806763,-2.7616744041442871,0,0,0,0
36,195,311280,18.464624404907227,0,0.00014652441313955933,49.339950561523438,27.993036270141602,0,31.583351135253906,12.961983680725098,0.00034588310518302023,8.2639739506801951E-14,-2.7178206443786621,1.0330698490142822,0.92769467830657959,0.78443664312362671,0.93831664323806763,-2.7616744041442871,0,0,0,0
36,210,311640,22.981903076171875,0,9.8903881735168397E-05,49.177162170410156,27.94365119934082,0,34.098396301269531,12.455894470214844,0.00034829441574402153,1.061233087410581E-16,3.6373395919799805,1.0127836465835571,0.92769467830657959,0.78443664312362671,0.93831664323806763,-2.7616744041442871,1,0,0,0
36,225,312000,12.075216293334961,2.9201339657447534E-07,0.00044529067235998809,49.621788024902344,27.897319793701172,0,37.236019134521484,11.74522876739502,0.00035063165705651045,8.1172635839460825E-20,-3.0038800239562988,1.0090546607971191,0.92769467830657959,0.78443664312362671,0.93831664323806763,-2.7616744041442871,0,0,0,0
36,240,312360,8.2099227905273438,0.00019526285177562386,0.00023979225079528987,50.022441864013672,27.863887786865234,0,40.738948822021484,10.826992988586426,0.00035286156344227493,6.6125918281353017E-23,-2.8877298831939697,1.0100699663162231,0.92769467830657959,0.78443664312362671,0.93831664323806763,-2.7616744041442871,0,0,0,0
36,255,312720,4.2456488609313965,0.00024318454961758107,0.00061400240520015359,50.448764801025391,27.856245040893555,0,42.831859588623047,9.99151611328125,0.00035500884405337274,2.9744752314408539E-26,-2.6884942054748535,1.0118116140365601,0.92769467830657959,0.78443664312362671,0.93831664323806763,-2.7616744041442871,0,0,0,0
36,270,313080,-0.51262223720550537,0.0001590966567164287,0.0017820035573095083,50.936908721923828,27.872371673583984,0,43.30615234375,9.2267255783081055,0.00035710385418497026,6.0986684502495336E-07,-2.4570415019989014,1.0138348340988159,0.92769467830657959,0.78443664312362671,0.93831664323806763,-2.7616744041442871,0,0,0,0
36,285,313440,-4.0711770057678223,0.00012367464660201222,0.0023569585755467415,51.338760375976562,27.891122817993164,1.9263875117303542E-07,42.805828094482422,8.9039268493652344,0.00035156976082362235,0.0044800862669944763,-2.2442407608032227,1.0156949758529663,0.92769467830657959,0.78443664312362671,0.93831664323806763,-2.7616744041442871,0,0,0,0
36,300,313800,-7.2001209259033203,0.00051076110685244203,0.005526774562895298,51.736263275146484,27.907558441162109,0.10269030183553696,39.923439025878906,10.883241653442383,0.00034218793734908104,0.04023752361536026,-2.1009604930877686,1.0169475078582764,0.92769467830657959,0.78443664312362671,0.93831664323806763,-2.7616744041442871,0,0,0,0
36,315,314160,-9.7262735366821289,0.0047487313859164715,0.04226081445813179,51.968818664550781,27.905729293823242,0.21619689464569092,35.395835876464844,14.24659538269043,0.00034053315175697207,0.10512509196996689,-2.0864396095275879,1.015475869178772,0.92769467830657959,0.78443664312362671,0.93831664323806763,-2.7616744041442871,0,0,0,0
36,330,314520,-11.629693984985352,0.0098870284855365753,0.2622009813785553,51.948589324951172,27.875043869018555,0.54359954595565796,31.118593215942383,17.072299957275391,0.00033882950083352625,0.17003104090690613,-2.306760311126709,0.99313998222351074,0.92769467830657959,0.78443664312362671,0.93831664323806763,-2.7616744041442871,0,0,0,0
36,345,314880,-12.818451881408691,0.010314169339835644,0.13670377433300018,51.925579071044922,27.843040466308594,1.5701913833618164,27.354393005371094,19.162990570068359,0.00033720192732289433,0.24662153422832489,-2.678776741027832,0.95542526245117188,0.92769467830657959,0.78443664312362671,0.93831664323806763,-2.7616744041442871,0,0,0,0
36,360,315240,-9.7110710144042969,0.0048373979516327381,0.03379228338599205,51.902610778808594,27.811277389526367,2.0934538841247559,24.044912338256836,20.641189575195312,0.00033563995384611189,0.31034940481185913,0.27411544322967529,1.1498494148254395,0.92542684078216553,0.88495481014251709,1.1156352758407593,-0.64766931533813477,0,0,0,0
36,365,315360,-9.238102912902832,0.0085857231169939041,0.027564134448766708,51.894985198974609,27.80070686340332,2.5796842575073242,23.033504486083984,21.015411376953125,0.00033513267408125103,0.32673352956771851,0.71549057960510254,1.1994459629058838,0.92500686645507812,0.90356928110122681,1.1484720706939697,-0.25618696212768555,0,0,0,0
37,15,315720,-9.0083103179931641,0.0080069806426763535,0.042102925479412079,51.872154235839844,27.769039154052734,3.5194730758666992,20.246364593505859,21.834238052368164,0.0003336485824547708,0.35421103239059448,-0.44610023498535156,1.1402361392974854,0.92558741569519043,0.87783664464950562,1.1030784845352173,-0.79737234115600586,0,0,0,0
37,30,316080,-6.312741756439209,0.0091287530958652496,0.0050538666546344757,52.183002471923828,27.744777679443359,4.5684232711791992,17.916988372802734,22.139444351196289,0.00033231530687771738,0.35754737257957458,0.41253113746643066,1.2106807231903076,0.92500686645507812,0.90356928110122681,1.1484720706939697,-0.25618696212768555,0,0,0,0
37,45,316440,-3.1517364978790283,0.010050066746771336,0.017280235886573792,52.504642486572266,27.769847869873047,5.1661763191223145,16.550949096679688,21.496355056762695,0.00032469347934238613,0.33411300182342529,0.73668754100799561,1.202654242515564,0.92500686645507812,0.90356928110122681,1.1484720706939697,-0.25618696212768555,0,0,0,0
37,60,316800,0.9159734845161438,0.004305597860366106,0.30606624484062195,53.426742553710938,28.017816543579102,2.3061113357543945,16.287403106689453,19.866878509521484,0.00031960642081685364,0.27850598096847534,1.2388122081756592,1.190220832824707,0.92500686645507812,0.90356928110122681,1.1484720706939697,-0.25618696212768555,0,0,0,0
37,75,317160,5.5450906753540039,0.0051744114607572556,0.12070529907941818,53.285709381103516,28.377975463867188,0,16.746978759765625,18.176279067993164,0.00032242800807580352,0.20196953415870667,1.8235650062561035,1.1757416725158691,0.92500686645507812,0.90356928110122681,1.1484720706939697,-0.25618696212768555,0,0,0,0
37,90,317520,11.251435279846191,2.1970707166474313E-05,0.0058143488131463528,53.185432434082031,28.389316558837891,0,18.984584808349609,16.636236190795898,0.00032520631793886423,0.12164933979511261,2.3956060409545898,1.1615771055221558,0.92500686645507812,0.90356928110122681,1.1484720706939697,-0.25618696212768555,0,0,0,0
37,105,317880,15.939175605773926,3.8994400597403001E-08,0.0037197188939899206,52.991230010986328,28.345512390136719,0,22.41551399230957,15.236996650695801,0.0003279204829595983,0.053389847278594971,2.8595943450927734,1.1500879526138306,0.92500686645507812,0.90356928110122681,1.1484720706939697,-0.25618696212768555,0,0,0,0
37,120,318240,20.04840087890625,0,0.00068429100792855024,52.690010070800781,28.276453018188477,0,25.633691787719727,14.098538398742676,0.00033056730171665549,0.0098149674013257027,3.1201908588409424,1.1436352729797363,0.92500686645507812,0.90356928110122681,1.1484720706939697,-0.25618696212768555,0,0,0,0
37,135,318600,23.233564376831055,0,0.00046375085366889834,52.308826446533203,28.210115432739258,0,26.948158264160156,13.736145973205566,0.00033316589542664587,0.00019100647477898747,3.1584572792053223,1.1425720453262329,0.92500686645507812,0.90356928110122681,1.1484720706939697,-0.25618696212768555,0,0,0,0
37,150,318960,25.482925415039062,0.00042931377538479865,0.0065408400259912014,51.871536254882812,28.149810791015625,0,27.424324035644531,13.795012474060059,0.00033573852851986885,1.3126513067618362E-06,3.223750114440918,1.140343189239502,0.92500686645507812,0.90356928110122681,1.1484720706939697,-0.25618696212768555,0,0,0,0
37,165,319320,26.652338027954102,0,0.00012728599540423602,51.40130615234375,28.094385147094727,0,27.790311813354492,13.994452476501465,0.00033829119638539851,8.1109385874356121E-09,3.3244848251342773,1.1369043588638306,0.92500686645507812,0.90356928110122681,1.1484720706939697,-0.25618696212768555,0,0,0,0
37,180,319680,26.600685119628906,0,0.00011403295502532274,50.922096252441406,28.041721343994141,0,28.100576400756836,14.248411178588867,0.00034082483034580946,3.3750821581968182E-11,3.4370336532592773,1.1330622434616089,0.92500686645507812,0.90356928110122681,1.1484720706939697,-0.25618696212768555,0,0,0,0
37,195,320040,25.327886581420898,0,0.00010813692642841488,50.451412200927734,27.990413665771484,0,28.564676284790039,14.42597484588623,0.00034333695657551289,0.26375001668930054,3.5377683639526367,1.1296234130859375,0.9381517767906189,0.90356928110122681,1.1484720706939697,-0.25618696212768555,0,0,0,0
37,210,320400,22.859054565429688,0,0.00010738739365478978,50.023990631103516,27.940048217773438,0,29.2757568359375,14.460342407226562,0.00034582542139105499,0.0020162123255431652,3.6030609607696533,1.127394437789917,0.92500686645507812,0.90356928110122681,1.1484720706939697,-0.25618696212768555,0,0,0,0
37,225,320760,19.476858139038086,0.00017913847113959491,0.0013650032924488187,49.824081420898438,27.890567779541016,0,31.529712677001953,13.956281661987305,0.00034827465424314141,1.4802059922658373E-05,3.601107120513916,1.1271166801452637,0.92500686645507812,0.90356928110122681,1.1484720706939697,-0.25618696212768555,0,0,0,0
37,240,321120,15.449225425720215,0.00028559981728903949,0.00010583245602902025,49.70550537109375,27.842388153076172,0,33.960220336914062,13.423555374145508,0.00035066239070147276,1.0199541833344483E-07,3.9990906715393066,1.1285269260406494,0.92500686645507812,0.90356928110122681,1.1484720706939697,-0.25618696212768555,0,0,0,0
37,255,321480,10.803812026977539,0.00013119490176904947,0.00066432921448722482,49.963222503662109,27.799064636230469,0,37.698719024658203,12.345986366271973,0.00035295638372190297,5.2606097256102657E-10,3.2192761898040771,1.1309459209442139,0.92500686645507812,0.90356928110122681,1.1484720706939697,-0.25618696212768555,0,0,0,0
37,270,321840,5.4634203910827637,0.00014122530410531908,0.00044739572331309319,50.353107452392578,27.767780303955078,0,40.216873168945312,11.369663238525391,0.00035515503259375691,8.1204883312438469E-13,2.9390616416931152,1.1337560415267944,0.92500686645507812,0.90356928110122681,1.1484720706939697,-0.25618696212768555,0,0,0,0
37,285,322200,1.3554869890213013,0.00011826683476101607,0.0017384432721883059,50.749710083007812,27.752010345458984,0,40.911674499511719,10.478740692138672,0.00035729299997910857,0.0028973221778869629,2.6814284324645996,1.1363396644592285,0.92500686645507812,0.90356928110122681,1.1484720706939697,-0.25618696212768555,0,0,0,0
37,300,322560,-2.1561839580535889,0.0040420833975076675,0.014173920266330242,51.097213745117188,27.748895645141602,0.0050310399383306503,40.783485412597656,9.7218561172485352,0.0003558540774974972,0.025904621928930283,2.5079622268676758,1.1380792856216431,0.92500686645507812,0.90356928110122681,1.1484720706939697,-0.25618696212768555,0,0,0,0
37,315,322920,-4.8791189193725586,7.0128684455994517E-05,0.0057361884973943233,51.438777923583984,27.744539260864258,0.03215988352894783,39.306938171386719,10.282630920410156,0.00034626194974407554,0.085490517318248749,2.4423892498016357,1.1394072771072388,0.92500686645507812,0.90356928110122681,1.1484720706939697,-0.25618696212768555,0,0,0,0
37,330,323280,-7.0747437477111816,0.00036296871257945895,0.0049881166778504848,51.787189483642578,27.737709045410156,0.32718175649642944,35.944122314453125,12.59235668182373,0.00033901853021234274,0.16488426923751831,2.096379280090332,1.1514369249343872,0.92500686645507812,0.90356928110122681,1.1484720706939697,-0.25618696212768555,0,0,0,0
37,345,323640,-8.6127471923828125,0.0039062956348061562,0.014287632890045643,51.985729217529297,27.723316192626953,0.65043401718139648,31.851617813110352,15.389973640441895,0.00033741697552613914,0.2221846878528595,1.5121328830718994,1.1717492341995239,0.92500686645507812,0.90356928110122681,1.1484720706939697,-0.25618696212768555,0,0,0,0
37,360,324000,-11.320279121398926,0.013799281790852547,0.035976655781269073,51.982406616210938,27.692071914672852,2.0303459167480469,28.011312484741211,17.699195861816406,0.00033579653245396912,0.64992684125900269,-1.045973539352417,1.2911794185638428,1.1399567127227783,1.0462535619735718,0.93490332365036011,2.2443385124206543,0,0,0,0
37,365,324120,-11.516841888427734,0.014023679308593273,0.037762332707643509,51.974674224853516,27.681236267089844,2.3952484130859375,26.832647323608398,18.324214935302734,0.00033527228515595198,0.79561907052993774,-1.4669594764709473,1.316240668296814,1.1797622442245483,1.0726765394210815,0.89535355567932129,2.7073988914489746,0,0,0,0
38,15,324480,-10.231679916381836,0.017767064273357391,0.064530014991760254,51.951732635498047,27.648780822753906,3.5577888488769531,23.586103439331055,19.810829162597656,0.00033374180202372372,0.69084560871124268,-1.1642175912857056,1.3041439056396484,1.1247351169586182,1.0361493825912476,0.95002716779708862,2.0672643184661865,0,0,0,0
38,30,324840,-8.6974725723266602,0.019531372934579849,0.14286999404430389,51.929069519042969,27.61651611328125,5.4845170974731445,20.731990814208984,20.785926818847656,0.00033226804225705564,1.2171477079391479,-1.5687072277069092,1.3320976495742798,1.1797622442245483,1.0726765394210815,0.89535355567932129,2.7073988914489746,0,0,0,0
38,45,325200,-5.8956413269042969,0.021965861320495605,0.0055817868560552597,52.485660552978516,27.594976425170898,6.8978891372680664,18.401699066162109,21.17425537109375,0.00033082976005971432,0.885142982006073,-1.4418948888778687,1.3384295701980591,1.1797622442245483,1.0726765394210815,0.89535355567932129,2.7073988914489746,0,0,0,0
38,60,325560,-2.3058061599731445,0.023953618481755257,0.043965034186840057,52.938251495361328,27.640417098999023,7.9432101249694824,17.267467498779297,20.382179260253906,0.00032204369199462235,0.81619685888290405,-1.245460033416748,1.3482375144958496,1.1797622442245483,1.0726765394210815,0.89535355567932129,2.7073988914489746,0,0,0,0
38,75,325920,1.9154157638549805,0.0067141554318368435,0.43393281102180481,54.381877899169922,28.811759948730469,1.7885074615478516,17.176458358764648,18.726274490356445,0.00032021009246818721,0.7033085823059082,-1.0167006254196167,1.3596596717834473,1.1797622442245483,1.0726765394210815,0.89535355567932129,2.7073988914489746,0,0,0,0
38,90,326280,7.3260107040405273,0.0018361735856160522,0.050242811441421509,53.841629028320312,29.865215301513672,0,18.493856430053711,17.134849548339844,0.00032296607969328761,0.57274913787841797,-0.79291415214538574,1.3708333969116211,1.1797622442245483,1.0726765394210815,0.89535355567932129,2.7073988914489746,0,0,0,0
38,105,326640,11.746420860290527,0.00088359287474304438,0.056849557906389236,53.700786590576172,29.947872161865234,0,22.050262451171875,15.687658309936523,0.0003256738418713212,0.42567211389541626,-0.61139851808547974,1.3798967599868774,1.1797622442245483,1.0726765394210815,0.89535355567932129,2.7073988914489746,0,0,0,0
38,120,327000,15.772955894470215,0.0061377771198749542,0.073460914194583893,53.475635528564453,29.958730697631836,0,26.321559906005859,14.376707077026367,0.00032829970587044954,0.28367131948471069,-0.50945138931274414,1.3849869966506958,1.1797622442245483,1.0726765394210815,0.89535355567932129,2.7073988914489746,0,0,0,0
38,135,327360,19.140169143676758,0.00039389554876834154,0.002093049930408597,53.116214752197266,29.923023223876953,0,29.803623199462891,13.415356636047363,0.00033084989991039038,0.15677566826343536,-0.48214787244796753,1.3870307207107544,1.1797622442245483,1.0726765394210815,0.89535355567932129,2.7073988914489746,0,0,0,0
38,150,327720,21.618631362915039,0,0.00055241317022591829,52.647365570068359,29.856245040893555,0,31.468774795532227,13.210752487182617,0.00033335000625811517,0.061774663627147675,-0.391315758228302,1.3951689004898071,1.1797622442245483,1.0726765394210815,0.89535355567932129,2.7073988914489746,0,0,0,0
38,165,328080,22.983150482177734,0,0.00037408375646919012,52.124347686767578,29.783145904541016,0,32.239822387695312,13.422399520874023,0.00033582485048100352,0.01485401950776577,-0.25117784738540649,1.4077246189117432,1.1797622442245483,1.0726765394210815,0.89535355567932129,2.7073988914489746,0,0,0,0
38,180,328440,23.033750534057617,0,0.00022091716527938843,51.595664978027344,29.710397720336914,0,32.95599365234375,13.685717582702637,0.00033827856532298028,0.0018626400269567966,-0.094604730606079102,1.4217528104782104,1.1797622442245483,1.0726765394210815,0.89535355567932129,2.7073988914489746,0,0,0,0
38,195,328800,21.825666427612305,0,0.00020639451395254582,51.245487213134766,29.638969421386719,0,34.091033935546875,13.783594131469727,0.00034069747198373079,3.0070987122599036E-05,0.045533120632171631,1.4343085289001465,1.1797622442245483,1.0726765394210815,0.89535355567932129,2.7073988914489746,0,0,0,0
38,210,329160,19.523193359375,0,0.00019813931430689991,51.139621734619141,29.570196151733398,0,36.290653228759766,13.469211578369141,0.0003430554352235049,3.6339193343337683E-07,0.13636529445648193,1.4424467086791992,1.1797622442245483,1.0726765394210815,0.89535355567932129,2.7073988914489746,0,0,0,0
38,225,329520,16.297218322753906,3.1082993245945545E-07,0.0003782343992497772,51.198833465576172,29.506250381469727,0,40.091312408447266,12.590102195739746,0.00034532224526628852,0.42608243227005005,0.14089107513427734,1.4415420293807983,1.1797622442245483,1.0726765394210815,0.89535355567932129,2.7073988914489746,0,0,0,0
38,240,329880,12.26948356628418,0.00015626483946107328,0.0014901614049449563,51.437202453613281,29.458866119384766,0,44.220157623291016,11.594087600708008,0.00034748486359603703,0.0058852937072515488,0.016561508178710938,1.4175087213516235,1.1797622442245483,1.0726765394210815,0.89535355567932129,2.7073988914489746,0,0,0,0
38,255,330240,7.8786892890930176,0.00027651831624098122,0.010011669248342514,51.851417541503906,29.446081161499023,0,47.533699035644531,10.68988037109375,0.00034954978036694229,0.018956597894430161,-0.19670456647872925,1.3762837648391724,1.1797622442245483,1.0726765394210815,0.89535355567932129,2.7073988914489746,0,0,0,0
38,270,330600,2.6386127471923828,0.0012007465120404959,0.0049133030697703362,52.412513732910156,29.473236083984375,0,49.117729187011719,9.8647623062133789,0.00035153713542968035,0.0677519291639328,-0.44445616006851196,1.3283926248550415,1.1797622442245483,1.0726765394210815,0.89535355567932129,2.7073988914489746,0,0,0,0
38,285,330960,-1.4492576122283936,0.00013993510219734162,0.0032632399816066027,52.880451202392578,29.512592315673828,0,49.218147277832031,9.1106357574462891,0.0003532448026817292,0.16510830819606781,-0.67224246263504028,1.2843607664108276,1.1797622442245483,1.0726765394210815,0.89535355567932129,2.7073988914489746,0,0,0,0
38,300,331320,-5.0050497055053711,0.00010108821152243763,0.0050582834519445896,53.317840576171875,29.548742294311523,0.0027628759853541851,47.940120697021484,9.5402650833129883,0.00034401388256810606,0.28960555791854858,-0.82561248540878296,1.254713773727417,1.1797622442245483,1.0726765394210815,0.89535355567932129,2.7073988914489746,0,0,0,0
38,315,331680,-7.811103343963623,0.00077525823144242167,0.0066476822830736637,53.744762420654297,29.572044372558594,1.0069794654846191,43.751415252685547,12.708572387695312,0.00033732003066688776,0.42694205045700073,-0.86901134252548218,1.2491909265518188,1.1797622442245483,1.0726765394210815,0.89535355567932129,2.7073988914489746,0,0,0,0
38,330,332040,-9.8795251846313477,0.010283360257744789,0.08581116795539856,53.855091094970703,29.547374725341797,1.3086016178131104,38.592208862304688,16.512340545654297,0.00033546355552971363,0.55743354558944702,-0.9888191819190979,1.2626253366470337,1.1797622442245483,1.0726765394210815,0.89535355567932129,2.7073988914489746,0,0,0,0
38,345,332400,-11.183698654174805,0.011593949981033802,0.048752762377262115,53.830314636230469,29.494773864746094,2.2474620342254639,33.939708709716797,19.498758316040039,0.00033368373988196254,0.68760359287261963,-1.1911176443099976,1.2853096723556519,1.1797622442245483,1.0726765394210815,0.89535355567932129,2.7073988914489746,0,0,0,0
38,360,332760,-12.36086368560791,0.012065003626048565,0.041280694305896759,53.806533813476562,29.441085815429688,3.5536208152770996,29.846315383911133,21.69273567199707,0.00033198797609657049,0.30364397168159485,-2.1331610679626465,1.3116965293884277,0.88974583148956299,1.0796105861663818,0.93171215057373047,3.7528359889984131,0,0,0,0
38,365,332880,-12.407975196838379,0.017746914178133011,0.043493133038282394,53.798671722412109,29.423131942749023,3.9291112422943115,28.593967437744141,22.271743774414062,0.00033143960172310472,0.18139500916004181,-2.3300552368164062,1.3328198194503784,0.83603906631469727,1.0808947086334229,0.93844521045684814,3.9464354515075684,0,0,0,0
39,15,333240,-11.406323432922363,0.016646828502416611,0.060136094689369202,53.775173187255859,29.369203567504883,5.3955440521240234,25.143264770507812,23.606222152709961,0.00032983990968205035,0.83228021860122681,-2.2639331817626953,1.3635964393615723,0.91028326749801636,1.0791195631027222,0.92913740873336792,3.6788034439086914,0,0,0,0
39,30,333600,-9.6552019119262695,0.014866264536976814,0.23449811339378357,53.751914978027344,29.315139770507812,6.9035806655883789,22.107666015625,24.431720733642578,0.00032830241252668202,0.18421341478824615,-2.400510311126709,1.3733110427856445,0.83603906631469727,1.0808947086334229,0.93844521045684814,3.9464354515075684,0,0,0,0
39,45,333960,-6.7605290412902832,0.014419758692383766,0.015725711360573769,54.126327514648438,29.270963668823242,8.3250818252563477,19.502773284912109,24.771839141845703,0.00032687012571841478,0.17137192189693451,-2.1259298324584961,1.36049485206604,0.83603906631469727,1.0808947086334229,0.93844521045684814,3.9464354515075684,0,0,0,0
39,60,334320,-2.9666998386383057,0.016561707481741905,0.020037839189171791,54.402873992919922,29.307712554931641,9.5419216156005859,18.021720886230469,24.002740859985352,0.00031971148564480245,0.13794353604316711,-1.7005994319915771,1.3406423330307007,0.83603906631469727,1.0808947086334229,0.93844521045684814,3.9464354515075684,0,0,0,0
39,75,334680,1.53045654296875,0.0082865813747048378,0.44909811019897461,55.582477569580078,29.885587692260742,5.2601466178894043,17.832319259643555,22.104572296142578,0.00031679501989856362,0.091951318085193634,-1.2052781581878662,1.3175228834152222,0.83603906631469727,1.0808947086334229,0.93844521045684814,3.9464354515075684,0,0,0,0
39,90,335040,7.2183928489685059,0.0012830315390601754,0.046934965997934341,55.393600463867188,30.753175735473633,0.028114840388298035,19.004858016967773,20.218435287475586,0.00031953959842212498,0.046534214168787003,-0.72072446346282959,1.2949059009552002,0.83603906631469727,1.0808947086334229,0.93844521045684814,3.9464354515075684,0,0,0,0
39,105,335400,11.872600555419922,0.00039451423799619079,0.014914860017597675,55.211677551269531,30.777187347412109,0,22.487024307250977,18.502296447753906,0.00032223082962445915,0.010021033696830273,-0.32769787311553955,1.2765611410140991,0.83603906631469727,1.0808947086334229,0.93844521045684814,3.9464354515075684,0,0,0,0
39,120,335760,16.04986572265625,5.4986594477668405E-07,0.0087554473429918289,54.935691833496094,30.748992919921875,0,26.684621810913086,16.945461273193359,0.00032484813709743321,0.00024451210629194975,-0.1069566011428833,1.2662578821182251,0.83603906631469727,1.0808947086334229,0.93844521045684814,3.9464354515075684,0,0,0,0
39,135,336120,19.392383575439453,0,0.013971765525639057,54.521194458007812,30.699874877929688,0,29.994915008544922,15.795559883117676,0.00032739658490754664,1.653767867537681E-06,-0.10955691337585449,1.2667553424835205,0.83603906631469727,1.0808947086334229,0.93844521045684814,3.9464354515075684,0,0,0,0
39,150,336480,21.686702728271484,0.0018424660665914416,0.018728312104940414,54.009757995605469,30.641674041748047,0,31.523340225219727,15.42460823059082,0.00032989896135404706,1.0666262539871241E-08,-0.23960685729980469,1.2748157978057861,0.83603906631469727,1.0808947086334229,0.93844521045684814,3.9464354515075684,0,0,0,0
39,165,336840,22.770750045776367,0,0.00046744375140406191,53.447677612304688,30.582695007324219,0,32.290523529052734,15.443410873413086,0.00033237499883398414,4.426839103621738E-11,-0.44025087356567383,1.2872515916824341,0.83603906631469727,1.0808947086334229,0.93844521045684814,3.9464354515075684,0,0,0,0
39,180,337200,22.468454360961914,0,0.0002745238016359508,52.900714874267578,30.522876739501953,0,33.101902008056641,15.496705055236816,0.0003348295867908746,1.3492398658835475E-13,-0.66442632675170898,1.3011460304260254,0.83603906631469727,1.0808947086334229,0.93844521045684814,3.9464354515075684,0,0,0,0
39,195,337560,20.963457107543945,0,0.00023962830891832709,52.610496520996094,30.461845397949219,0,34.558475494384766,15.323297500610352,0.0003372402279637754,2.7803380037589578E-16,-0.86507034301757812,1.3135818243026733,0.83603906631469727,1.0808947086334229,0.93844521045684814,3.9464354515075684,0,0,0,0
39,210,337920,18.472763061523438,0,0.00024071249936241657,52.638729095458984,30.399564743041992,0,37.361129760742188,14.664981842041016,0.0003395754611119628,7.5322880463440876E-19,-0.9951203465461731,1.3216423988342285,0.83603906631469727,1.0808947086334229,0.93844521045684814,3.9464354515075684,0,0,0,0
39,225,338280,15.191905975341797,5.6776366363919806E-07,0.00026576779782772064,52.946491241455078,30.340887069702148,0,41.517654418945312,13.572021484375,0.00034180667717009783,1.5325214184809549E-21,-1.0284126996994019,1.3207494020462036,0.83603906631469727,1.0808947086334229,0.93844521045684814,3.9464354515075684,0,0,0,0
39,240,338640,11.275500297546387,0.00028714342624880373,0.00040106929372996092,53.490375518798828,30.306041717529297,0,45.635154724121094,12.47987174987793,0.00034392514498904347,1.4472216355750563E-24,-1.114290714263916,1.2969752550125122,0.83603906631469727,1.0808947086334229,0.93844521045684814,3.9464354515075684,0,0,0,0
39,255,339000,7.0636334419250488,0.00026037011411972344,0.0011902417754754424,54.023128509521484,30.326955795288086,0,48.84490966796875,11.48493766784668,0.0003459458239376545,0.050465915352106094,-1.2615995407104492,1.2561947107315063,0.83603906631469727,1.0808947086334229,0.93844521045684814,3.9464354515075684,0,0,0,0
39,270,339360,1.9105017185211182,0.00023091344337444752,0.0034545394591987133,54.602214813232422,30.387765884399414,0,50.214763641357422,10.575535774230957,0.00034789636265486479,0.00036680907942354679,-1.4327285289764404,1.2088199853897095,0.83603906631469727,1.0808947086334229,0.93844521045684814,3.9464354515075684,0,0,0,0
39,285,339720,-2.1115376949310303,0.00017827059491537511,0.0097168823704123497,55.077045440673828,30.451442718505859,8.7802661141722638E-08,50.223560333251953,9.7665843963623047,0.0003480284649413079,2.6109662485396257E-06,-1.5900669097900391,1.1652629375457764,0.83603906631469727,1.0808947086334229,0.93844521045684814,3.9464354515075684,0,0,0,0
39,300,340080,-5.6487722396850586,0.00044842326315119863,0.0095141706988215446,55.495784759521484,30.501493453979492,0.068853870034217834,48.439479827880859,10.625682830810547,0.00033850947511382401,7.4499206675682217E-05,-1.6960039138793945,1.1359356641769409,0.83603906631469727,1.0808947086334229,0.93844521045684814,3.9464354515075684,0,0,0,0
39,315,340440,-8.4672718048095703,0.0062351925298571587,0.011029302142560482,55.852413177490234,30.527923583984375,0.16860009729862213,43.739284515380859,14.187271118164062,0.00033353216713294387,0.010342053137719631,-1.7289327383041382,1.1325739622116089,0.83603906631469727,1.0808947086334229,0.93844521045684814,3.9464354515075684,0,0,0,0
39,330,340800,-10.583407402038574,0.0095818070694804192,0.17929418385028839,55.864974975585938,30.478748321533203,0.45969688892364502,38.520439147949219,17.918746948242188,0.00033165098284371197,0.03846355527639389,-1.8493766784667969,1.1726962327957153,0.83603906631469727,1.0808947086334229,0.93844521045684814,3.9464354515075684,0,0,0,0
39,345,341160,-11.949256896972656,0.0098658222705125809,0.12152475118637085,55.83935546875,30.410831451416016,1.4012670516967773,33.886882781982422,20.766576766967773,0.00032986127189360559,0.081709995865821838,-2.0527491569519043,1.2404435873031616,0.83603906631469727,1.0808947086334229,0.93844521045684814,3.9464354515075684,0,0,0,0
39,360,341520,-11.227334976196289,0.012929178774356842,0.038208499550819397,55.814785003662109,30.343912124633789,2.5068240165710449,29.808429718017578,22.836816787719727,0.00032815246959216893,0.99469971656799316,-1.298923134803772,1.1431155204772949,1.3447189331054688,1.151975154876709,0.99124574661254883,-3.6692256927490234,0,0,0,0
39,365,341640,-10.876350402832031,0.01570836640894413,0.03326975554227829,55.806652069091797,30.321939468383789,3.0767064094543457,28.560556411743164,23.376014709472656,0.0003275988856330514,1.3225153684616089,-1.2210301160812378,1.1165851354598999,1.4389188289642334,1.1651381254196167,1.0010236501693726,-5.0795331001281738,0,0,0,0
40,15,342000,-10.00203800201416,0.018439110368490219,0.045696113258600235,55.782474517822266,30.257057189941406,4.5581450462341309,25.120847702026367,24.60704231262207,0.00032598283723928034,0.98466676473617554,-1.6410583257675171,1.1792128086090088,1.3086967468261719,1.1469415426254272,0.9875066876411438,-3.1299238204956055,0,0,0,0
40,30,342360,-7.3857450485229492,0.025830000638961792,0.064535938203334808,55.820400238037109,30.193601608276367,6.047269344329834,22.120124816894531,25.303628921508789,0.00032443046802654862,1.4397730827331543,-1.377827525138855,1.1269543170928955,1.4389188289642334,1.1651381254196167,1.0010236501693726,-5.079533576965332,0,0,0,0
40,45,342720,-4.1699628829956055,0.02903655543923378,0.0098704639822244644,56.371540069580078,30.21246337890625,7.3269786834716797,20.038299560546875,25.052003860473633,0.00031941299675963819,1.4005497694015503,-1.1206662654876709,1.128761887550354,1.4389188289642334,1.1651381254196167,1.0010236501693726,-5.079533576965332,0,0,0,0
40,60,343080,-0.15944677591323853,0.017491064965724945,0.29139828681945801,57.790145874023438,30.586141586303711,5.1654105186462402,19.443815231323242,23.40546989440918,0.00031181317172013223,1.2773009538650513,-0.72231853008270264,1.1315618753433228,1.4389188289642334,1.1651381254196167,1.0010236501693726,-5.079533576965332,0,0,0,0
40,75,343440,4.4550232887268066,0.0016766113694757223,0.064236506819725037,57.929630279541016,32.286373138427734,0.0011283817002549767,19.722618103027344,21.404825210571289,0.00031412130920216441,1.1258801221847534,-0.25842005014419556,1.1348224878311157,1.4389188289642334,1.1651381254196167,1.0010236501693726,-5.079533576965332,0,0,0,0
40,90,343800,9.9927902221679688,0.00028278559329919517,0.027883216738700867,57.73760986328125,32.442165374755859,0,21.90306282043457,19.578041076660156,0.00031679327366873622,0.95147901773452759,0.19539396464824677,1.1380122900009155,1.4389188289642334,1.1651381254196167,1.0010236501693726,-5.079533576965332,0,0,0,0
40,105,344160,14.509928703308105,2.4107803255901672E-06,0.014167977496981621,57.563434600830078,32.466377258300781,0,25.762432098388672,17.913980484008789,0.00031940141343511641,0.75791609287261963,0.56348723173141479,1.1405996084213257,1.4389188289642334,1.1651381254196167,5.5,-5.079533576965332,0,0,1,0
40,120,344520,18.462703704833984,0,0.0059944633394479752,57.202606201171875,32.411476135253906,0,29.822301864624023,16.45025634765625,0.00032193795777857304,0.56316637992858887,0.77022475004196167,1.1420526504516602,1.4389188289642334,1.1651381254196167,1.0010236501693726,-5.079533576965332,0,0,0,0
40,135,344880,21.452463150024414,0,0.00058680016081780195,56.727951049804688,32.342304229736328,0,32.157649993896484,15.712236404418945,0.00032441620714962482,0.38779452443122864,0.79795914888381958,1.1435317993164062,1.4389188289642334,1.1651381254196167,1.0010236501693726,-5.079533576965332,0,0,0,0
40,150,345240,23.46685791015625,0,0.00046114044380374253,56.169792175292969,32.276897430419922,0,32.997272491455078,15.668645858764648,0.00032686252961866558,0.25019264221191406,0.83587008714675903,1.1505962610244751,1.4389188289642334,1.1651381254196167,1.0010236501693726,-5.079533576965332,0,0,0,0
40,165,345600,24.330936431884766,0.00045889659668318927,0.0018234262242913246,55.570774078369141,32.212661743164062,0,33.560211181640625,15.821597099304199,0.00032928769360296428,0.15417924523353577,0.8943600058555603,1.1614956855773926,1.4389188289642334,1.1651381254196167,1.0010236501693726,-5.079533576965332,0,0,0,0
40,180,345960,23.943273544311523,0.00018054914835374802,0.0028280832339078188,54.959041595458984,32.149860382080078,0,34.165023803710938,16.004467010498047,0.00033169201924465597,0.093874074518680573,0.95970946550369263,1.1736733913421631,1.4389188289642334,1.1651381254196167,1.0010236501693726,-5.079533576965332,0,0,0,0
40,195,346320,22.305454254150391,0,0.001270472421310842,54.414306640625,32.089679718017578,0,35.023338317871094,16.08527946472168,0.00033407480805180967,0.066586829721927643,1.0181993246078491,1.1845728158950806,1.4389188289642334,1.1651381254196167,1.0010236501693726,-5.079533576965332,0,0,0,0
40,210,346680,19.602991104125977,0,0.00041040769428946078,54.032016754150391,32.031284332275391,0,37.027297973632812,15.736607551574707,0.00033642144990153611,0.072969786822795868,1.0561102628707886,1.1916372776031494,1.4389188289642334,1.1651381254196167,1.0010236501693726,-5.079533576965332,0,0,0,0
40,225,347040,16.004108428955078,2.6703915523285104E-07,0.00027670167037285864,53.843368530273438,31.974264144897461,0,41.089878082275391,14.682352066040039,0.00033869303297251463,0.10799714177846909,1.0472424030303955,1.1914345026016235,1.4389188289642334,1.1651381254196167,1.0010236501693726,-5.079533576965332,0,0,0,0
40,240,347400,11.729385375976562,0.00011433647887315601,0.00045687623787671328,53.877334594726562,31.921451568603516,0,45.613872528076172,13.487287521362305,0.00034085789229720831,0.17087274789810181,0.88948279619216919,1.1763044595718384,1.4389188289642334,1.1651381254196167,1.0010236501693726,-5.079533576965332,0,0,0,0
40,255,347760,7.1941962242126465,0.00011581458966247737,0.00067957292776554823,54.082355499267578,31.883363723754883,0,49.166210174560547,12.403945922851562,0.00034292085911147296,0.27542805671691895,0.61887317895889282,1.1503514051437378,1.4389188289642334,1.1651381254196167,1.0010236501693726,-5.079533576965332,0,0,0,0
40,270,348120,1.8663712739944458,0.00010663667490007356,0.0016833016416057944,54.422756195068359,31.86738395690918,0,50.662399291992188,11.418628692626953,0.00034490932011976838,0.421446293592453,0.30450540781021118,1.1202018260955811,1.4389188289642334,1.1651381254196167,1.0010236501693726,-5.079533576965332,0,0,0,0
40,285,348480,-2.1921439170837402,8.5219850006978959E-05,0.0032269612420350313,54.745159149169922,31.858758926391602,0,50.661945343017578,10.549840927124023,0.00034495870932005346,0.59115773439407349,0.015471145510673523,1.0924817323684692,1.4389188289642334,1.1651381254196167,1.0010236501693726,-5.079533576965332,0,0,0,0
40,300,348840,-5.5860323905944824,6.6609580244403332E-05,0.0077837277203798294,55.10821533203125,31.85002326965332,0.024721996858716011,48.820755004882812,11.39580249786377,0.00033554440597072244,0.77295511960983276,-0.17913742363452911,1.0738177299499512,1.4389188289642334,1.1651381254196167,1.0010236501693726,-5.079533576965332,0,0,0,0
40,315,349200,-8.1019058227539062,0.00064384081633761525,0.0075474889017641544,55.488876342773438,31.835184097290039,0.19085356593132019,44.173229217529297,14.839957237243652,0.00033032934879884124,0.96236580610275269,-0.23772981762886047,1.0704030990600586,1.4389188289642334,1.1651381254196167,1.0010236501693726,-5.079533576965332,0,0,0,0
40,330,349560,-9.9012699127197266,0.0095098484307527542,0.068983152508735657,55.551589965820312,31.794357299804688,0.74750638008117676,38.933876037597656,18.535396575927734,0.0003284868726041168,1.1111819744110107,-0.43474876880645752,1.0796563625335693,1.4389188289642334,1.1651381254196167,1.0010236501693726,-5.079533576965332,0,0,0,0
40,345,349920,-10.930126190185547,0.011685284785926342,0.03383520245552063,55.523937225341797,31.74077033996582,1.8752646446228027,34.244644165039062,21.382358551025391,0.00032672958332113922,1.2545899152755737,-0.76741999387741089,1.0952807664871216,1.4389188289642334,1.1651381254196167,1.0010236501693726,-5.079533576965332,0,0,0,0
40,360,350280,-9.1636199951171875,0.0066658435389399529,0.020597757771611214,55.497005462646484,31.686899185180664,2.8459835052490234,30.118175506591797,23.445838928222656,0.00032505224226042628,0.78386259078979492,0.54410946369171143,1.0130705833435059,1.1111602783203125,1.065401554107666,1.1336880922317505,-7.7422933578491211,0,0,0,0
40,365,350400,-8.4879150390625,0.0070327804423868656,0.019476527348160744,55.488700866699219,31.668951034545898,3.1462454795837402,28.858282089233398,23.980968475341797,0.00032450939761474729,0.62720000743865967,0.94560718536376953,0.99945688247680664,1.0504642724990845,1.0469317436218262,1.1582555770874023,-8.2353973388671875,0,0,0,0
41,15,350760,-7.2672419548034668,0.0099596008658409119,0.019829442724585533,55.479377746582031,31.615049362182617,4.585050106048584,25.388263702392578,25.188030242919922,0.00032292428659275174,0.89489495754241943,0.57715165615081787,1.0338613986968994,1.1343704462051392,1.0724643468856812,1.1242934465408325,-7.5537309646606445,0,0,0,0
41,30,351120,-4.3539466857910156,0.011106600984930992,0.012612101621925831,55.951930999755859,31.577236175537109,5.0044689178466797,22.996667861938477,25.258640289306641,0.00031773981754668057,0.59079301357269287,1.1649711132049561,1.0170302391052246,1.0504642724990845,1.0469317436218262,1.1582555770874023,-8.2353973388671875,0,0,0,0
41,45,351480,-1.1416832208633423,0.013156089000403881,0.11497920751571655,56.731529235839844,31.681097030639648,4.0970602035522461,22.081108093261719,23.914081573486328,0.00030966431950218976,0.53189074993133545,1.2755268812179565,1.0530707836151123,1.0504642724990845,1.0469317436218262,1.1582555770874023,-8.2353973388671875,0,0,0,0
41,60,351840,2.8055260181427002,0.0011285473592579365,0.070320934057235718,57.272930145263672,32.207237243652344,0.029133068397641182,22.064544677734375,21.90821647644043,0.00030938634881749749,0.45089492201805115,1.446779727935791,1.1088982820510864,1.0504642724990845,1.0469317436218262,1.1582555770874023,-8.2353973388671875,0,0,0,0
41,75,352200,7.0518035888671875,0.00045772924204356968,0.032930012792348862,57.170585632324219,32.288856506347656,0,23.085926055908203,20.045083999633789,0.00031210415181703866,0.35403367877006531,1.6462135314941406,1.1739126443862915,1.0504642724990845,1.0469317436218262,1.1582555770874023,-8.2353973388671875,0,0,0,0
41,90,352560,12.29865837097168,4.2590301745804027E-05,0.013678061775863171,57.032180786132812,32.314216613769531,0,26.081632614135742,18.346868515014648,0.00031477274023927748,0.23882684111595154,1.8413119316101074,1.2375136613845825,1.0504642724990845,1.0469317436218262,1.1582555770874023,-8.2353973388671875,0,0,0,0
41,105,352920,16.515344619750977,6.482960088760592E-07,0.0046483594924211502,56.765678405761719,32.307098388671875,0,30.146636962890625,16.803194046020508,0.00031737066456116736,0.12767393887042999,1.9995583295822144,1.2891010046005249,1.0504642724990845,1.0469317436218262,1.1582555770874023,-8.2353973388671875,0,0,0,0
41,120,353280,20.212461471557617,0,0.0071984860114753246,56.364593505859375,32.264575958251953,0,33.878406524658203,15.588788986206055,0.00031989489798434079,0.048048738390207291,2.0884363651275635,1.3180748224258423,1.0504642724990845,1.0469317436218262,1.1582555770874023,-8.2353973388671875,0,0,0,0
41,135,353640,23.03941535949707,0.0025652297772467136,0.025618545711040497,55.847908020019531,32.214412689208984,0,35.364269256591797,15.330720901489258,0.00032236770493909717,0.0080393515527248383,2.0931618213653564,1.3088333606719971,1.0504642724990845,1.0469317436218262,1.1582555770874023,-8.2353973388671875,0,0,0,0
41,150,354000,24.839616775512695,0,0.00040469164378009737,55.255832672119141,32.164363861083984,0,35.80426025390625,15.588702201843262,0.00032481443486176431,0.00019335679826326668,2.0713567733764648,1.2446486949920654,1.0504642724990845,1.0469317436218262,1.1582555770874023,-8.2353973388671875,0,0,0,0
41,165,354360,30.035028457641602,0,0.00020083872368559241,54.628330230712891,32.114730834960938,0,36.051609039306641,16.022363662719727,0.0003272449248470366,1.5610419268341502E-06,5.3782930374145508,1.1456229686737061,1.0504642724990845,1.0469317436218262,3.7799527645111084,-8.2353973388671875,1,0,1,0
41,180,354720,24.681610107421875,0,0.0001043120282702148,54.073265075683594,32.065700531005859,0,35.616432189941406,16.737062454223633,0.00032966953585855663,9.8059640407655024E-09,2.0001282691955566,1.0349835157394409,1.0504642724990845,1.0469317436218262,1.1582555770874023,-8.2353973388671875,0,0,0,0
41,195,355080,22.805170059204102,0,9.8803349828813225E-05,53.707416534423828,32.017093658447266,0,36.539558410644531,16.811939239501953,0.0003320686228107661,4.2977670033916837E-11,1.9664870500564575,0.93595772981643677,1.0504642724990845,1.0469317436218262,1.1582555770874023,-8.2353973388671875,0,0,0,0
41,210,355440,19.93214225769043,0,9.7257921879645437E-05,53.565845489501953,31.968915939331055,0,38.612430572509766,16.444366455078125,0.00033441561390645802,6.8969583191282047E-14,1.9446818828582764,0.8717728853225708,1.0504642724990845,1.0469317436218262,1.1582555770874023,-8.2353973388671875,0,0,0,0
41,225,355800,16.288633346557617,4.8247051154248766E-07,0.00011112452193628997,53.547584533691406,31.925067901611328,0,42.720596313476562,15.370077133178711,0.00033667028765194118,7.3477454578905484E-17,1.9167014360427856,0.86081862449645996,1.0504642724990845,1.0469317436218262,1.1582555770874023,-8.2353973388671875,0,0,0,0
41,240,356160,11.92125415802002,0.00013772000966127962,0.00017783451767172664,53.588027954101562,31.909915924072266,0,47.378360748291016,14.125249862670898,0.00033881302806548774,2.6842354827749659E-07,1.6818587779998779,0.8723369836807251,1.0504642724990845,1.0469317436218262,1.1582555770874023,-8.2353973388671875,0,0,0,0
41,255,356520,7.2158594131469727,0.0001375965221086517,0.00020967626187484711,53.676094055175781,31.938596725463867,0,51.060752868652344,12.996792793273926,0.00034085687366314232,0.0037011767271906137,1.2790262699127197,0.89209467172622681,1.0504642724990845,1.0469317436218262,1.1582555770874023,-8.2353973388671875,0,0,0,0
41,270,356880,1.7340105772018433,0.00013641102123074234,0.00076580554014071822,53.922443389892578,32.002315521240234,0,52.580154418945312,11.97087574005127,0.0003428311028983444,0.027684781700372696,0.81105494499206543,0.915047287940979,1.0504642724990845,1.0469317436218262,2.7350683212280273,-8.2353973388671875,0,0,1,0
41,285,357240,-2.4048748016357422,0.0001109220611397177,0.0023817867040634155,54.214042663574219,32.05517578125,5.10401108044789E-08,52.541370391845703,11.082184791564941,0.00034245764254592359,0.094835452735424042,0.38079547882080078,0.93615025281906128,1.0504642724990845,1.0469317436218262,1.1582555770874023,-8.2353973388671875,0,0,0,0
41,300,357600,-5.7933006286621094,7.9411547631025314E-05,0.0082118455320596695,54.550491333007812,32.089290618896484,0.037944868206977844,50.438919067382812,12.133910179138184,0.00033301542862318456,0.19138668477535248,0.091099023818969727,0.95035898685455322,1.0504642724990845,1.0469317436218262,1.1582555770874023,-8.2353973388671875,0,0,0,0
41,315,357960,-8.156707763671875,0.00044991643517278135,0.0071533722802996635,54.859085083007812,32.100780487060547,0.20074616372585297,45.506320953369141,15.785882949829102,0.00032836935133673251,0.29530975222587585,0.041044712066650391,0.95422017574310303,1.0504642724990845,1.0469317436218262,1.1582555770874023,-8.2353973388671875,0,0,0,0
41,330,358320,-9.3995256423950195,0.011177815496921539,0.072240777313709259,54.913101196289062,32.069492340087891,0.55585843324661255,40.109336853027344,19.55042839050293,0.00032653470407240093,0.39231505990028381,0.22228741645812988,0.96328401565551758,1.0504642724990845,1.0469317436218262,1.1582555770874023,-8.2353973388671875,0,0,0,0
41,345,358680,-9.6203689575195312,0.0060607646591961384,0.047846384346485138,54.885089874267578,32.023799896240234,1.0851619243621826,35.278831481933594,22.446601867675781,0.00032478949287906289,0.48605221509933472,0.52831995487213135,0.9785885214805603,1.0504642724990845,1.0469317436218262,1.1582555770874023,-8.2353973388671875,0,0,0,0
41,360,359040,-9.4094944000244141,0.0067479643039405346,0.027061287313699722,54.8575439453125,31.977678298950195,2.0001761913299561,31.026077270507812,24.54022216796875,0.00032312545226886868,0.53003275394439697,0.17204806208610535,1.0802900791168213,1.0328737497329712,1.095849871635437,1.1177244186401367,-11.649579048156738,0,0,0,0
41,365,359160,-9.0070619583129883,0.0070122606121003628,0.025757219642400742,54.848506927490234,31.962314605712891,2.4426419734954834,29.725761413574219,25.082298278808594,0.00032258708961308002,0.54103231430053711,0.11740207672119141,1.108109712600708,1.0296162366867065,1.10490882396698,1.1102186441421509,-12.281834602355957,0,0,0,0
42,15,359520,-7.0701045989990234,0.0072533278726041317,0.010312478058040142,54.984485626220703,31.917024612426758,3.2339687347412109,26.241134643554688,26.212350845336914,0.00032103530247695744,0.56811791658401489,0.44388991594314575,1.1048271656036377,1.0341193675994873,1.0923857688903809,1.1205946207046509,-11.407804489135742,0,0,0,0
42,30,359880,-4.5861525535583496,0.0088766878470778465,0.0071333860978484154,55.384757995605469,31.879571914672852,4.0872173309326172,23.72154426574707,26.317033767700195,0.00031662714900448918,0.53372347354888916,0.27870380878448486,1.1358827352523804,1.0296162366867065,1.10490882396698,1.1102186441421509,-12.281834602355957,0,0,0,0
42,45,360240,-1.3154479265213013,0.0074432045221328735,0.10160811245441437,56.034053802490234,31.889028549194336,3.7516219615936279,22.699102401733398,24.980911254882812,0.00030847883317619562,0.47635996341705322,0.33480954170227051,1.1483632326126099,1.0296162366867065,1.10490882396698,1.1102186441421509,-12.281834602355957,0,0,0,0
42,60,360600,2.582625150680542,0.0016031782142817974,0.11219899356365204,56.539981842041016,32.114608764648438,0.065295524895191193,22.658544540405273,22.893196105957031,0.00030785682611167431,0.38637211918830872,0.42171841859817505,1.1676961183547974,1.0296162366867065,1.10490882396698,1.1102186441421509,-12.281834602355957,0,0,0,0
42,75,360960,6.7261981964111328,0.0014922621194273233,0.088527821004390717,56.4892578125,32.134578704833984,0,23.629079818725586,20.947820663452148,0.00031060233595781028,0.28472894430160522,0.52292871475219727,1.1902101039886475,1.0296162366867065,1.10490882396698,1.1102186441421509,-12.281834602355957,0,0,0,0
42,90,361320,11.830039978027344,0.0041374489665031433,0.080673463642597198,56.364814758300781,32.134857177734375,0,26.63007926940918,19.175016403198242,0.00031329988269135356,0.18121978640556335,0.62193882465362549,1.2122347354888916,1.0296162366867065,1.10490882396698,1.1102186441421509,-12.281834602355957,0,0,0,0
42,105,361680,15.881382942199707,0.0062221097759902477,0.042104780673980713,56.101978302001953,32.117061614990234,0,30.79692268371582,17.563512802124023,0.00031592571758665144,0.086500763893127441,0.70224696397781372,1.2300993204116821,1.0296162366867065,1.10490882396698,1.1102186441421509,-12.281834602355957,0,0,0,0
42,120,362040,19.398761749267578,0.0012205768143758178,0.0042805634438991547,55.688625335693359,32.070598602294922,0,34.841270446777344,16.222354888916016,0.00031847436912357807,0.021554078906774521,0.74735158681869507,1.2401326894760132,1.0296162366867065,1.10490882396698,1.1102186441421509,-12.281834602355957,0,0,0,0
42,135,362400,22.068801879882812,0,0.0005102704162709415,55.158176422119141,32.017608642578125,0,36.786376953125,15.780644416809082,0.00032096559880301356,0.0014367169933393598,0.76549959182739258,1.2337830066680908,1.0296162366867065,1.10490882396698,1.1102186441421509,-12.281834602355957,0,0,0,0
42,150,362760,23.744379043579102,0,0.00034253991907462478,54.550891876220703,31.965032577514648,0,37.383548736572266,15.982082366943359,0.00032342830672860146,1.3742557712248527E-05,0.83780968189239502,1.1948834657669067,1.0296162366867065,1.10490882396698,1.1102186441421509,-12.281834602355957,0,0,0,0
42,165,363120,24.234916687011719,0,0.0001775341370375827,53.903079986572266,31.912887573242188,0,37.817722320556641,16.317642211914062,0.00032587526948191226,9.2947026075762551E-08,0.949371337890625,1.1348685026168823,1.0296162366867065,1.10490882396698,1.1102186441421509,-12.281834602355957,0,0,0,0
42,180,363480,29.586286544799805,0,7.8097662481013685E-05,53.265277862548828,31.861522674560547,0,37.636074066162109,16.982414245605469,0.00032830692362040281,5.0656950856264871E-10,8.1558246612548828,1.067814826965332,1.0296162366867065,1.10490882396698,1.1102186441421509,-12.281834602355957,1,0,0,0
42,195,363840,21.52018928527832,0,9.8797267128247768E-05,53.029933929443359,31.811824798583984,0,38.698455810546875,17.029752731323242,0.00033071637153625488,1.5143890915586544E-12,1.185578465461731,1.0077998638153076,1.0296162366867065,1.10490882396698,1.1102186441421509,-12.281834602355957,0,0,0,0
42,210,364200,18.584272384643555,0,9.1998277639504522E-05,52.902393341064453,31.765056610107422,0,41.374813079833984,16.448993682861328,0.00033305413671769202,1.6741290682708394E-15,1.2578885555267334,0.96890032291412354,1.0296162366867065,1.10490882396698,1.1102186441421509,-12.281834602355957,0,0,0,0
42,225,364560,14.806957244873047,1.6197431023101672E-06,9.2902788310311735E-05,52.922718048095703,31.7275390625,0,45.837955474853516,15.247602462768555,0.00033529024221934378,7.7113912605256005E-19,1.2484145164489746,0.96190989017486572,1.0296162366867065,1.10490882396698,1.1102186441421509,-12.281834602355957,0,0,0,0
42,240,364920,10.352866172790527,0.00017493779887445271,0.00012588474783115089,53.062049865722656,31.727628707885742,0,50.328022003173828,14.026101112365723,0.00033741601509973407,2.5545436569169596E-23,1.0207340717315674,0.96543115377426147,1.0296162366867065,1.10490882396698,1.1102186441421509,-12.281834602355957,0,0,0,0
42,255,365280,5.6566390991210938,0.00017072941409423947,0.00037961199996061623,53.300769805908203,31.775104522705078,0,53.526981353759766,12.91844367980957,0.00033944562892429531,0.0034235275816172361,0.63018745183944702,0.97147119045257568,1.0296162366867065,1.10490882396698,1.1102186441421509,-12.281834602355957,0,0,0,0
42,270,365640,0.25963753461837769,0.00015787578013259917,0.0012812969507649541,53.664279937744141,31.861621856689453,0,54.483959197998047,11.907936096191406,0.00034141514333896339,0.031572651118040085,0.17648869752883911,0.97848802804946899,1.0296162366867065,1.10490882396698,1.1102186441421509,-12.281834602355957,0,0,0,0
42,285,366000,-3.753211498260498,0.00012074229744030163,0.0026243256870657206,54.029182434082031,31.932294845581055,1.9126821371173719E-06,54.065292358398438,11.296009063720703,0.00033767393324524164,0.091347590088844299,-0.24064832925796509,0.9849393367767334,1.0296162366867065,1.10490882396698,1.1102186441421509,-12.281834602355957,0,0,0,0
42,300,366360,-6.9841222763061523,0.0001046590696205385,0.0057046790607273579,54.40655517578125,31.978952407836914,0.081525109708309174,50.670852661132812,13.564451217651367,0.00032813573488965631,0.18399259448051453,-0.52150946855545044,0.98928302526473999,1.0296162366867065,1.10490882396698,1.1102186441421509,-12.281834602355957,0,0,0,0
42,315,366720,-9.1656599044799805,0.0025819386355578899,0.021729376167058945,54.6474609375,31.991098403930664,0.29679408669471741,45.038883209228516,17.754247665405273,0.000326342269545421,0.29054880142211914,-0.57296568155288696,0.99206751585006714,1.0296162366867065,1.10490882396698,1.1102186441421509,-12.281834602355957,0,0,0,0
42,330,367080,-10.239893913269043,0.0080374935641884804,0.1506313681602478,54.633018493652344,31.954677581787109,0.78407573699951172,39.621337890625,21.365951538085938,0.00032454376923851669,0.3744659423828125,-0.43464010953903198,1.0153183937072754,1.0296162366867065,1.10490882396698,1.1102186441421509,-12.281834602355957,0,0,0,0
42,345,367440,-10.322512626647949,0.0075438558124005795,0.070335566997528076,54.605289459228516,31.914445877075195,1.6438894271850586,34.844963073730469,24.052585601806641,0.00032283455948345363,0.46973302960395813,-0.20107418298721313,1.0545778274536133,1.1920170783996582,1.10490882396698,1.1102186441421509,-12.281834602355957,0,0,0,1
42,360,367800,-9.6959667205810547,0.008332500234246254,0.02571420930325985,54.577949523925781,31.874179840087891,2.5583009719848633,30.642301559448242,25.958911895751953,0.00032120544346980751,0.71547615528106689,0.1128084659576416,1.0224266052246094,1.1427276134490967,1.1842997074127197,0.95357942581176758,-7.9060297012329102,0,0,0,0
42,365,367920,-9.4396743774414062,0.0084052551537752151,0.024515043944120407,54.568893432617188,31.860834121704102,2.715409517288208,29.356924057006836,26.444597244262695,0.00032067860593087971,0.79971116781234741,0.094946891069412231,1.0081920623779297,1.1636741161346436,1.199001669883728,0.9245721697807312,-7.0956954956054688,0,0,0,0
43,15,368280,-7.8537459373474121,0.01166892983019352,0.019915089011192322,54.599014282226562,31.820919036865234,3.7281992435455322,25.848682403564453,27.480018615722656,0.00031914265127852559,0.74435967206954956,0.083720743656158447,1.033903956413269,1.134717583656311,1.1786775588989258,0.964671790599823,-8.2159023284912109,0,0,0,0
43,30,368640,-5.6507039070129395,0.018473358824849129,0.0051493956707417965,55.02301025390625,31.786516189575195,4.4168915748596191,23.041271209716797,27.751094818115234,0.00031759426929056644,0.83582037687301636,0.062048137187957764,1.0110412836074829,1.1636741161346436,1.199001669883728,0.9245721697807312,-7.0956954956054688,0,0,0,0
43,45,369000,-2.4612603187561035,0.011467226780951023,0.037280097603797913,55.489822387695312,31.7906494140625,4.6782293319702148,21.571979522705078,26.716375350952148,0.00030895715462975204,0.78112369775772095,0.20209580659866333,1.0298794507980347,1.1636741161346436,1.199001669883728,0.9245721697807312,-7.0956954956054688,0,0,0,0
43,60,369360,1.4925402402877808,0.0023539664689451456,0.32894411683082581,56.680454254150391,32.108131408691406,0.59129565954208374,21.361526489257812,24.593036651611328,0.00030562913161702454,0.68359047174453735,0.41903239488601685,1.0590602159500122,1.1636741161346436,1.199001669883728,0.9245721697807312,-7.0956954956054688,0,0,0,0
43,75,369720,5.8065481185913086,0.00052432261873036623,0.026007404550909996,56.559539794921875,32.255016326904297,0,22.024181365966797,22.499217987060547,0.00030841430998407304,0.56623542308807373,0.67166739702224731,1.0930428504943848,1.1636741161346436,1.199001669883728,0.9245721697807312,-7.0956954956054688,0,0,0,0
43,90,370080,11.127538681030273,2.9023480237810872E-05,0.0061162295751273632,56.436546325683594,32.272548675537109,0,24.76392936706543,20.589874267578125,0.00031115632737055421,0.42883613705635071,0.91881036758422852,1.1262867450714111,1.1636741161346436,1.199001669883728,0.9245721697807312,-7.0956954956054688,0,0,0,0
43,105,370440,15.431047439575195,3.5509387998899911E-06,0.0014242528704926372,56.178646087646484,32.259105682373047,0,28.897550582885742,18.853588104248047,0.00031383050372824073,0.29847267270088196,1.1192706823348999,1.1532512903213501,1.1636741161346436,1.199001669883728,0.9245721697807312,-7.0956954956054688,0,0,0,0
43,120,370800,19.199323654174805,0,0.00069052306935191154,55.790275573730469,32.213027954101562,0,32.991607666015625,17.372316360473633,0.00031642898102290928,0.23434253036975861,1.2318580150604248,1.1683957576751709,1.1636741161346436,1.199001669883728,0.9245721697807312,-7.0956954956054688,0,0,0,0
43,135,371160,22.069719314575195,0,0.00048144932952709496,55.275707244873047,32.160400390625,0,35.00494384765625,16.768758773803711,0.00031897053122520447,0.071559444069862366,1.2295647859573364,1.162477970123291,1.1636741161346436,1.199001669883728,0.9245721697807312,-7.0956954956054688,0,0,0,0
43,150,371520,23.856239318847656,0.00012454325042199343,0.00048162721213884652,54.686763763427734,32.108074188232422,0,35.646087646484375,16.817794799804688,0.00032148216268979013,0.017331380397081375,1.1581144332885742,1.1231732368469238,1.1636741161346436,1.199001669883728,0.9245721697807312,-7.0956954956054688,0,0,0,0
43,165,371880,24.436216354370117,0,0.00094551843358203769,54.057941436767578,32.056106567382812,0,36.125144958496094,17.015254974365234,0.00032397606992162764,0.0022014148999005556,1.0478792190551758,1.0625327825546265,1.1636741161346436,1.199001669883728,0.9245721697807312,-7.0956954956054688,0,0,0,0
43,180,372240,23.687261581420898,0,0.00011684861965477467,53.443954467773438,32.004615783691406,0,36.712955474853516,17.202093124389648,0.00032645257306285203,2.4517146812286228E-05,0.92471563816070557,0.99478048086166382,1.1636741161346436,1.199001669883728,0.9245721697807312,-7.0956954956054688,0,0,0,0
43,195,372600,21.800256729125977,0,0.0001028019905788824,52.978054046630859,31.954046249389648,0,37.259502410888672,17.413183212280273,0.00032890989677980542,1.8005935942255746E-07,0.8677058219909668,0.93414014577865601,1.1636741161346436,1.199001669883728,0.9245721697807312,-7.0956954956054688,0,0,0,0
43,210,372960,18.962215423583984,0,9.744795534061268E-05,52.705711364746094,31.904951095581055,0,39.633888244628906,16.889150619506836,0.00033132496173493564,0.40249580144882202,0.74303007125854492,0.89483523368835449,1.1636741161346436,1.199001669883728,0.9245721697807312,-7.0956954956054688,0,0,0,0
43,225,373320,15.298480033874512,1.132385705204797E-06,9.6361029136460274E-05,52.483028411865234,31.858194351196289,0,43.921295166015625,15.702095031738281,0.00033365358831360936,0.0032030742149800062,0.72532540559768677,0.8889884352684021,1.1636741161346436,1.199001669883728,0.9245721697807312,-7.0956954956054688,0,0,0,0
43,240,373680,11.129624366760254,0.00011976456880802289,0.00010014191502705216,52.581867218017578,31.818574905395508,0,48.441410064697266,14.44061279296875,0.00033587848884053528,0.0068083042278885841,0.68391501903533936,0.90451842546463013,1.1636741161346436,1.199001669883728,0.9245721697807312,-7.0956954956054688,0,0,0,0
43,255,374040,6.7783446311950684,0.00012568378588184714,0.00021107157226651907,52.685371398925781,31.800361633300781,0,51.889286041259766,13.298815727233887,0.00033800804521888494,0.034486237913370132,0.61288255453109741,0.93115752935409546,1.1636741161346436,1.199001669883728,0.9245721697807312,-7.0956954956054688,0,0,0,0
43,270,374400,1.6872804164886475,0.00011543324217200279,0.00064527435461059213,52.920082092285156,31.808506011962891,0,53.248714447021484,12.261123657226562,0.00034006929490715265,0.10718096792697906,0.53036397695541382,0.9621042013168335,1.1636741161346436,1.199001669883728,0.9245721697807312,-7.0956954956054688,0,0,0,0
43,285,374760,-2.1184003353118896,0.0021473176311701536,0.0082713104784488678,53.167633056640625,31.825092315673828,0.0028368511702865362,53.208694458007812,11.344672203063965,0.00034019516897387803,0.21699637174606323,0.45449525117874146,0.99055701494216919,1.1636741161346436,1.199001669883728,0.9245721697807312,-7.0956954956054688,0,0,0,0
43,300,375120,-5.3192877769470215,0.00026982449344359338,0.0052848318591713905,53.459423065185547,31.841087341308594,0.038544412702322006,51.404964447021484,12.085381507873535,0.00033107356284745038,0.341778963804245,0.4034123420715332,1.0097144842147827,1.1636741161346436,1.199001669883728,0.9245721697807312,-7.0956954956054688,0,0,0,0
43,315,375480,-7.7068886756896973,0.00023973771021701396,0.0061802053824067116,53.785247802734375,31.84910774230957,0.12491334229707718,46.756259918212891,15.472783088684082,0.00032508213189430535,0.47867476940155029,0.38749194145202637,1.0138741731643677,1.1636741161346436,1.199001669883728,0.9245721697807312,-7.0956954956054688,0,0,0,0
43,330,375840,-9.2598514556884766,0.005775300320237875,0.051836404949426651,53.902980804443359,31.832887649536133,0.36773574352264404,41.287384033203125,19.335411071777344,0.00032333590206690133,0.47400945425033569,0.32887616753578186,1.0127356052398682,1.4903653860092163,1.199001669883728,0.9245721697807312,-7.0956954956054688,0,0,0,1
43,345,376200,-9.9430313110351562,0.0070292716845870018,0.040242105722427368,53.876579284667969,31.797563552856445,1.0467387437820435,36.310317993164062,22.390409469604492,0.00032165535958483815,0.71206265687942505,0.2299019992351532,1.0108132362365723,1.1636741161346436,1.199001669883728,0.9245721697807312,-7.0956954956054688,0,0,0,0
43,360,376560,-8.6086082458496094,0.0042356033809483051,0.02093173936009407,53.848426818847656,31.761331558227539,1.6686017513275146,31.929847717285156,24.612062454223633,0.00032005697721615434,0.57819479703903198,1.4604047536849976,1.0018428564071655,1.0542051792144775,1.1165710687637329,1.0782452821731567,0.80798959732055664,0,0,0,0
43,365,376680,-8.2625818252563477,0.0045629534870386124,0.016345277428627014,53.853221893310547,31.7491455078125,1.9196372032165527,30.599822998046875,25.182151794433594,0.00031954073347151279,0.5293431282043457,1.7411203384399414,1.0068187713623047,1.033933162689209,1.1013060808181763,1.1067032814025879,2.2716350555419922,0,0,0,0
44,15,377040,-7.3271269798278809,0.0057117976248264313,0.016193090006709099,53.890522003173828,31.712629318237305,2.7882990837097168,26.945827484130859,26.466678619384766,0.00031803778256289661,0.66072249412536621,1.423757791519165,1.0163909196853638,1.0619572401046753,1.122408390045166,1.0673630237579346,0.2482914924621582,0,0,0,0
44,30,377400,-5.2553920745849609,0.0057277847081422806,0.0052336961962282658,54.337837219238281,31.680097579956055,3.1985626220703125,24.215225219726562,26.754928588867188,0.00031498132739216089,0.57459330558776855,1.7971203327178955,1.019163966178894,1.033933162689209,1.1013060808181763,1.1067032814025879,2.2716352939605713,0,0,0,0
44,45,377760,-2.5934839248657227,0.0071800588630139828,0.039704632014036179,54.664562225341797,31.674003601074219,3.471325159072876,22.77740478515625,25.780467987060547,0.00030648714164271951,0.54368370771408081,1.7325682640075684,1.0156949758529663,1.033933162689209,1.1013060808181763,1.1067032814025879,2.2716352939605713,0,0,0,0
44,60,378120,0.79295849800109863,0.0067541119642555714,0.31384849548339844,55.535606384277344,31.764986038208008,0.82299065589904785,22.509267807006836,23.785017013549805,0.00030219610198400915,0.48073655366897583,1.6325758695602417,1.0103213787078857,1.033933162689209,1.1013060808181763,1.1067032814025879,2.2716352939605713,0,0,0,0
44,75,378480,4.621178150177002,0.0089443614706397057,0.080829322338104248,55.603481292724609,31.840972900390625,0,22.918088912963867,21.763542175292969,0.00030504126334562898,0.91306424140930176,1.5161290168762207,1.004063606262207,1.033933162689209,1.1013060808181763,1.1067032814025879,2.2716352939605713,0,0,0,0
44,90,378840,9.702728271484375,0.0021840925328433514,0.013596693985164165,55.47076416015625,31.857334136962891,0,25.188371658325195,19.92254638671875,0.00030784821137785912,0.30029690265655518,1.4022135734558105,0.99794185161590576,1.033933162689209,1.1013060808181763,1.1067032814025879,2.2716352939605713,0,0,0,0
44,105,379200,13.895984649658203,3.78640010012532E-07,0.0011599975405260921,55.209308624267578,31.837982177734375,0,29.197998046875,18.24848747253418,0.0003105898795183748,0.18396715819835663,1.3098154067993164,0.99297636747360229,1.033933162689209,1.1013060808181763,1.1067032814025879,2.2716352939605713,0,0,0,0
44,120,379560,17.787130355834961,0,0.00065271579660475254,54.813247680664062,31.791831970214844,0,33.455818176269531,16.757516860961914,0.00031325666350312531,0.087912321090698242,1.2579207420349121,0.99018764495849609,1.033933162689209,1.1013060808181763,1.1067032814025879,2.2716352939605713,0,0,0,0
44,135,379920,21.025337219238281,0,0.00044239257113076746,54.295513153076172,31.74835205078125,0,35.985622406005859,16.007114410400391,0.00031586011755280197,0.026528939604759216,1.2399001121520996,0.98575156927108765,1.033933162689209,1.1013060808181763,1.1067032814025879,2.2716352939605713,0,0,0,0
44,150,380280,23.263769149780273,0,0.00028458752785809338,53.695644378662109,31.710323333740234,0,36.742942810058594,16.079204559326172,0.00031842893804423511,0.0018777631921693683,1.1718413829803467,0.96373742818832397,1.033933162689209,1.1013060808181763,1.1067032814025879,2.2716352939605713,0,0,0,0
44,165,380640,24.342365264892578,0,0.00011737160093616694,53.055206298828125,31.675252914428711,0,37.115646362304688,16.379901885986328,0.00032097933581098914,1.5221150533761829E-05,1.0668389797210693,0.92977362871170044,1.033933162689209,1.1013060808181763,1.1067032814025879,2.2716352939605713,0,0,0,0
44,180,381000,24.181039810180664,0,7.1211965405382216E-05,52.404434204101562,31.641719818115234,0,37.498912811279297,16.703577041625977,0.00032351168920286,1.0376260206612642E-07,0.94952201843261719,0.89182645082473755,1.033933162689209,1.1013060808181763,4.3456382751464844,2.2716352939605713,0,0,1,0
44,195,381360,22.739110946655273,0,7.0580354076810181E-05,51.881175994873047,31.608861923217773,0,38.074901580810547,16.918212890625,0.00032602463033981621,5.6688520544412313E-10,0.84451961517333984,0.85786259174346924,1.033933162689209,1.1013060808181763,1.1067032814025879,2.2716352939605713,0,0,0,0
44,210,381720,20.27337646484375,0,7.1202543040271848E-05,51.496437072753906,31.576303482055664,0,39.610492706298828,16.722537994384766,0.00032850619754754007,1.7036635774000941E-12,0.77646100521087646,0.83584851026535034,1.033933162689209,1.1013060808181763,1.1067032814025879,2.2716352939605713,0,0,0,0
44,225,382080,16.965629577636719,1.0673070391931105E-06,7.4072755523957312E-05,51.29449462890625,31.544023513793945,0,43.192378997802734,15.751786231994629,0.00033092440571635962,1.6458971425014983E-15,0.77169156074523926,0.83310592174530029,1.033933162689209,1.1013060808181763,1.1067032814025879,2.2716352939605713,0,0,0,0
44,240,382440,13.168485641479492,0.00011694146814988926,8.0910642282105982E-05,51.252490997314453,31.51447868347168,0,47.592765808105469,14.500187873840332,0.0003332431660965085,8.329128191016553E-19,0.85128331184387207,0.84704214334487915,1.033933162689209,1.1013060808181763,1.1067032814025879,2.2716352939605713,0,0,0,0
44,255,382800,9.1307411193847656,0.00011920541146537289,0.00019765047181863338,51.289695739746094,31.493829727172852,0,51.244754791259766,13.362924575805664,0.00033546434133313596,3.4296309792125612E-08,0.98780924081802368,0.87094730138778687,1.033933162689209,1.1013060808181763,1.1067032814025879,2.2716352939605713,0,0,0,0
44,270,383160,4.231410026550293,0.00011600349535001442,0.0007540812948718667,51.459815979003906,31.491552352905273,0,53.346805572509766,12.332558631896973,0.00033760827500373125,0.0035058632493019104,1.146411657333374,0.89871793985366821,1.033933162689209,1.1013060808181763,1.1067032814025879,2.2716352939605713,0,0,0,0
44,285,383520,0.4831281304359436,9.7640753665473312E-05,0.0017918214434757829,51.667469024658203,31.498584747314453,0,53.741523742675781,11.392056465148926,0.00033970497315749526,0.032969586551189423,1.2922331094741821,0.92425066232681274,1.033933162689209,1.1013060808181763,1.1067032814025879,2.2716352939605713,0,0,0,0
44,300,383880,-2.8389747142791748,7.6650110713671893E-05,0.0065433294512331486,51.911830902099609,31.506921768188477,3.9722667679598089E-06,53.385932922363281,10.747593879699707,0.00033634749706834555,0.10737936198711395,1.3904155492782593,0.94144207239151001,1.033933162689209,1.1013060808181763,1.1067032814025879,2.2716352939605713,0,0,0,0
44,315,384240,-5.5631542205810547,0.00040498404996469617,0.00367156439460814,52.166641235351562,31.511552810668945,0.065720438957214355,50.824356079101562,12.262803077697754,0.00032697981805540621,0.20291732251644135,1.4172731637954712,0.94620603322982788,1.033933162689209,1.1013060808181763,1.1067032814025879,2.2716352939605713,0,0,0,0
44,330,384600,-7.4365372657775879,0.0038295097183436155,0.003964470699429512,52.446414947509766,31.508516311645508,0.18099953234195709,45.986103057861328,15.811275482177734,0.00032216063118539751,0.30833923816680908,1.4821608066558838,0.9583507776260376,1.033933162689209,1.1013060808181763,1.1067032814025879,2.2716352939605713,0,0,0,0
44,345,384960,-8.4002847671508789,0.0092003690078854561,0.011435031890869141,52.575298309326172,31.490230560302734,0.42484620213508606,40.677921295166016,19.491466522216797,0.00032050942536443472,0.41143488883972168,1.5917251110076904,0.97885721921920776,1.033933162689209,1.1013060808181763,1.1067032814025879,2.2716352939605713,0,0,0,0
44,360,385320,-10.302464485168457,0.010151066817343235,0.040049303323030472,52.582778930664062,31.456899642944336,1.1227035522460938,35.790336608886719,22.448232650756836,0.00031890804530121386,0.22946426272392273,-0.025742590427398682,0.94442367553710938,0.86867046356201172,1.0104544162750244,1.1482033729553223,4.0228090286254883,0,0,0,0
44,365,385440,-10.536594390869141,0.006853567436337471,0.046105686575174332,52.573410034179688,31.445371627807617,1.4496046304702759,34.285301208496094,23.254589080810547,0.00031839200528338552,0.16755878925323486,-0.44565415382385254,0.93461722135543823,0.8380662202835083,0.993630051612854,1.155888557434082,4.3471002578735352,0,0,0,0
45,15,385800,-9.3308572769165039,0.010024118237197399,0.07302190363407135,52.593288421630859,31.410388946533203,2.1183462142944336,30.163742065429688,25.15324592590332,0.00031689341994933784,0.29509037733078003,-0.10972613096237183,0.9537317156791687,0.88037347793579102,1.0168880224227905,1.1452645063400269,3.8987998962402344,0,0,0,0
45,30,386160,-7.9448771476745605,0.0078721679747104645,0.14075557887554169,52.633689880371094,31.375059127807617,2.8628242015838623,26.53166389465332,26.418800354003906,0.0003154613368678838,0.18218107521533966,-0.63511753082275391,0.93335527181625366,0.8380662202835083,0.993630051612854,1.155888557434082,4.3471002578735352,0,0,0,0
45,45,386520,-5.2446436882019043,0.012305409647524357,0.005341328214854002,53.1312255859375,31.349193572998047,3.173743724822998,23.767890930175781,26.740657806396484,0.00031255790963768959,1.1775351762771606,-0.55452358722686768,0.92183154821395874,1.1891237497329712,0.993630051612854,5.5,4.3471002578735352,0,0,1,1
45,60,386880,-1.7396856546401978,0.0051147537305951118,0.035434652119874954,53.499069213867188,31.337917327880859,4.059593677520752,22.608865737915039,25.498201370239258,0.00030450071790255606,0.152361199259758,-0.42968195676803589,0.90398114919662476,0.8380662202835083,0.993630051612854,1.155888557434082,4.3471002578735352,0,0,0,0
45,75,387240,2.424635648727417,0.0010034702718257904,0.17958153784275055,54.027591705322266,31.49665641784668,0.51525253057479858,22.584632873535156,23.383415222167969,0.00030427443562075496,0.093010805547237396,-0.28429678082466125,0.88319313526153564,0.8380662202835083,0.993630051612854,1.155888557434082,4.3471002578735352,0,0,0,0
45,90,387600,7.7214293479919434,0.00026635709218680859,0.034344803541898727,53.881656646728516,31.511249542236328,0,24.071828842163086,21.40641975402832,0.00030713493470102549,0.045908018946647644,-0.14207208156585693,0.8628571629524231,0.8380662202835083,0.993630051612854,1.155888557434082,4.3471002578735352,0,0,0,0
45,105,387960,12.150811195373535,2.2663290621949272E-07,0.0012635651510208845,53.638858795166016,31.471286773681641,0,27.756158828735352,19.607484817504883,0.00030993876862339675,0.011191545985639095,-0.026712119579315186,0.84636235237121582,0.8380662202835083,0.993630051612854,1.155888557434082,4.3471002578735352,0,0,0,0
45,120,388320,16.204309463500977,0,0.00069572444772347808,53.265110015869141,31.420970916748047,0,32.027675628662109,17.976861953735352,0.00031266908627003431,0.00029467264539562166,0.03807908296585083,0.83709818124771118,0.8380662202835083,0.993630051612854,1.155888557434082,4.3471002578735352,0,0,0,0
45,135,388680,19.530158996582031,0,0.00050410826224833727,52.76983642578125,31.369144439697266,0,35.192020416259766,16.851921081542969,0.00031533191213384271,2.2828428427601466E-06,0.037307709455490112,0.83425331115722656,0.8380662202835083,0.993630051612854,1.155888557434082,4.3471002578735352,0,0,0,0
45,150,389040,21.890348434448242,0,0.0012945163762196898,52.188468933105469,31.317691802978516,0,36.426109313964844,16.621974945068359,0.00031795105314813554,1.5680079457069951E-08,-0.00090742111206054688,0.82407355308532715,0.8380662202835083,0.993630051612854,1.155888557434082,4.3471002578735352,0,0,0,0
45,165,389400,23.125644683837891,0,0.00017454243788961321,51.563880920410156,31.266651153564453,0,36.885677337646484,16.793806076049805,0.00032054734765551984,7.2591981037373188E-11,-0.059866636991500854,0.8083680272102356,0.8380662202835083,0.993630051612854,1.155888557434082,4.3471002578735352,0,0,0,0
45,180,389760,23.128860473632812,0,0.00010383568587712944,50.93072509765625,31.216621398925781,0,37.269157409667969,17.026422500610352,0.00032312612165696919,2.4786021759343191E-13,-0.12574049830436707,0.79082047939300537,0.8380662202835083,0.993630051612854,1.155888557434082,4.3471002578735352,0,0,0,0
45,195,390120,21.829244613647461,0,8.9106542873196304E-05,50.377216339111328,31.169082641601562,0,37.947887420654297,17.127378463745117,0.00032568411552347243,6.7451891155731946E-16,-0.18469969928264618,0.77511495351791382,0.8380662202835083,0.993630051612854,1.155888557434082,4.3471002578735352,0,0,0,0
45,210,390480,19.480213165283203,0,8.6143591033760458E-05,50.035121917724609,31.125410079956055,0,39.766860961914062,16.753589630126953,0.00032820753403939307,1.2797060000696828E-18,-0.22291484475135803,0.76493513584136963,0.8380662202835083,0.993630051612854,1.155888557434082,4.3471002578735352,0,0,0,0
45,225,390840,20.946300506591797,0,6.5954147430602461E-05,49.65948486328125,31.085681915283203,0,42.760272979736328,15.93101692199707,0.00033066445030272007,2.3299444306406183E-21,4.0039887428283691,0.76507967710494995,0.8380662202835083,0.993630051612854,1.155888557434082,4.3471002578735352,1,0,0,0
45,240,391200,12.529447555541992,0.00014923636626917869,8.6999782070051879E-05,49.829978942871094,31.051055908203125,0,46.424453735351562,14.851786613464355,0.00033304744283668697,2.4374955918008415E-24,-0.12777996063232422,0.78542757034301758,0.8380662202835083,0.993630051612854,1.155888557434082,4.3471002578735352,0,0,0,0
45,255,391560,8.5462799072265625,0.00015119201270863414,0.000212434446439147,49.969528198242188,31.02763557434082,0,49.864055633544922,13.692203521728516,0.00033533040550537407,1.9812657635493699E-27,0.03159680962562561,0.82033097743988037,0.8380662202835083,0.993630051612854,1.155888557434082,4.3471002578735352,0,0,0,0
45,270,391920,3.6794528961181641,0.00015223039372358471,0.0011340240016579628,50.274135589599609,31.018335342407227,0,51.701625823974609,12.638584136962891,0.00033753679599612951,7.6759926869994876E-31,0.21674510836601257,0.8608783483505249,0.8380662202835083,0.993630051612854,1.155888557434082,4.3471002578735352,0,0,0,0
45,285,392280,-0.047577545046806335,0.00013399068848229945,0.0013602572726085782,50.586669921875,31.021797180175781,0,51.964176177978516,11.673712730407715,0.00033969516516663134,2.5381485818567846E-35,0.38697311282157898,0.89815813302993774,0.8380662202835083,0.993630051612854,1.155888557434082,4.3471002578735352,0,0,0,0
45,300,392640,-3.3934884071350098,0.00010298660345142707,0.0022743209265172482,50.924278259277344,31.029895782470703,3.427018327784026E-06,51.437686920166016,11.161412239074707,0.00033486983738839626,8.0216690548695624E-05,0.50158870220184326,0.92325884103775024,0.8380662202835083,0.993630051612854,1.155888557434082,4.3471002578735352,0,0,0,0
45,315,393000,-6.2088384628295898,7.8961296821944416E-05,0.0035586671438068151,51.265583038330078,31.035701751708984,0.055782578885555267,48.425361633300781,13.071934700012207,0.00032533088233321905,0.010082507506012917,0.51198005676269531,0.92891526222229004,0.8380662202835083,0.993630051612854,1.155888557434082,4.3471002578735352,0,0,0,0
45,330,393360,-8.4444417953491211,0.00098341424018144608,0.0076562166213989258,51.555374145507812,31.035057067871094,0.2240835428237915,43.323806762695312,16.800039291381836,0.00032271866803057492,0.043725211173295975,0.32010367512702942,0.9300578236579895,0.8380662202835083,0.993630051612854,1.155888557434082,4.3471002578735352,0,0,0,0
45,345,393720,-9.953883171081543,0.0063905552960932255,0.043201103806495667,51.569236755371094,31.006721496582031,0.58025819063186646,38.122390747070312,20.289548873901367,0.00032109461608342826,0.085422977805137634,-0.0038841664791107178,0.93198686838150024,0.8380662202835083,0.993630051612854,1.155888557434082,4.3471002578735352,0,0,0,0
45,360,394080,-13.316102981567383,0.011901947669684887,0.053758889436721802,51.543201446533203,30.971286773681641,1.7454643249511719,33.511280059814453,22.911933898925781,0.00031955362646840513,0.13848356902599335,-2.9809880256652832,0.93844372034072876,0.84186601638793945,1.1481668949127197,1.0725550651550293,3.484260082244873,0,0,0,0
45,365,394200,-13.684919357299805,0.010617822408676147,0.057583305984735489,51.5347900390625,30.959188461303711,2.2030456066131592,32.101119995117188,23.610565185546875,0.00031905679497867823,0.15678945183753967,-3.6011240482330322,0.92363929748535156,0.84256970882415771,1.1767847537994385,1.0571229457855225,3.3244748115539551,0,0,0,0
46,15,394560,-12.393879890441895,0.014542218297719955,0.1196683868765831,51.510105133056641,30.922309875488281,2.8373241424560547,28.215852737426758,25.252471923828125,0.00031761181890033185,0.18500334024429321,-3.1622238159179688,0.90249776840209961,0.84159696102142334,1.1372233629226685,1.0784562826156616,3.5453619956970215,0,0,0,0
46,30,394920,-10.990077018737793,0.010874714702367783,0.35902324318885803,51.485973358154297,30.884952545166016,3.5315775871276855,24.800144195556641,26.303373336791992,0.00031622889218851924,0.18506310880184174,-3.8269376754760742,0.89283573627471924,0.84256970882415771,1.1767847537994385,1.0571229457855225,3.3244748115539551,0,0,0,0
46,45,395280,-8.1021337509155273,0.0084493821486830711,0.18816168606281281,51.572105407714844,30.847991943359375,4.2354474067687988,21.803701400756836,26.863288879394531,0.00031489986577071249,0.17123694717884064,-3.5914185047149658,0.90150284767150879,0.84256970882415771,1.1767847537994385,1.0571229457855225,3.3244748115539551,0,0,0,0
46,60,395640,-4.4020905494689941,0.0070666247047483921,0.0068788188509643078,52.019725799560547,30.826436996459961,4.882652759552002,19.68958854675293,26.527698516845703,0.00031054273131303489,0.15177035331726074,-3.2265944480895996,0.91492843627929688,0.84256970882415771,1.1767847537994385,1.0571229457855225,3.3244748115539551,0,0,0,0
46,75,396000,0.0048055090010166168,0.0050152926705777645,0.11241728067398071,52.749969482421875,30.846105575561523,4.1259527206420898,19.174488067626953,24.697269439697266,0.00030466972384601831,0.10187990963459015,-2.8017363548278809,0.93056321144104004,0.84256970882415771,1.1767847537994385,1.0571229457855225,3.3244748115539551,0,0,0,0
46,90,396360,5.656531810760498,0.00052306579891592264,0.042077891528606415,52.896286010742188,31.124137878417969,0.077998176217079163,19.866304397583008,22.600847244262695,0.00030758345383219421,0.045501120388507843,-2.3861141204833984,0.9458581805229187,0.84256970882415771,1.1767847537994385,1.0571229457855225,3.3244748115539551,0,0,0,0
46,105,396720,10.250349044799805,2.2785017790738493E-05,0.0042145219631493092,52.743801116943359,31.089517593383789,0,22.922067642211914,20.689540863037109,0.00031044916249811649,0.010354534722864628,-2.0489983558654785,0.9582640528678894,0.84256970882415771,1.1767847537994385,1.0571229457855225,3.3244748115539551,0,0,0,0
46,120,397080,14.403908729553223,1.5298852462652945E-10,0.0010768602369353175,52.465869903564453,31.027992248535156,0,27.129730224609375,18.954099655151367,0.00031324304291047156,0.000295251578791067,-1.8596591949462891,0.96523177623748779,0.84256970882415771,1.1767847537994385,1.0571229457855225,3.3244748115539551,0,0,0,0
46,135,397440,17.728364944458008,3.3845553844003007E-05,0.00073253712616860867,52.055854797363281,30.964536666870117,0,30.918867111206055,17.49351692199707,0.00031596588087268174,2.068662979581859E-06,-1.8562878370285034,0.96260416507720947,0.84256970882415771,1.1767847537994385,2.2797605991363525,3.3244748115539551,0,0,1,0
46,150,397800,20.019044876098633,0.0010532216401770711,0.0062112654559314251,51.551216125488281,30.905698776245117,0,33.083332061767578,16.758171081542969,0.00031863508047536016,1.318394104998788E-08,-1.9381825923919678,0.94502389430999756,0.84256970882415771,1.1767847537994385,1.0571229457855225,3.3244748115539551,0,0,0,0
46,165,398160,21.73167610168457,0,0.0017188780475407839,50.987758636474609,30.850400924682617,0,34.166091918945312,16.567350387573242,0.00032127095619216561,5.7655231283648689E-11,-1.8077249526977539,0.91790086030960083,0.84256970882415771,1.1767847537994385,1.0571229457855225,3.3244748115539551,0,0,0,0
46,180,398520,20.955400466918945,0,0.00023344119836110622,50.40850830078125,30.796676635742188,0,34.599781036376953,16.703460693359375,0.00032388602267019451,1.9435756443923063E-13,-2.0267062187194824,0.8875967264175415,0.84256970882415771,1.1767847537994385,1.0571229457855225,3.3244748115539551,0,0,0,0
46,195,398880,19.474105834960938,0,0.00015145193901844323,50.072265625,30.743585586547852,0,36.408920288085938,16.298286437988281,0.00032646307954564691,4.8538873641316939E-16,-2.3320474624633789,0.86047357320785522,0.84256970882415771,1.1767847537994385,1.0571229457855225,3.3244748115539551,0,0,0,0
46,210,399240,17.04136848449707,0,0.00013085114187560976,49.942695617675781,30.691442489624023,0,39.477024078369141,15.43353271484375,0.00032896679476834834,8.9367549064705762E-19,-2.4139423370361328,0.84289342164993286,0.84256970882415771,1.1767847537994385,1.0571229457855225,3.3244748115539551,0,0,0,0
46,225,399600,13.781743049621582,2.5237318368453998E-06,0.00012781366240233183,49.997608184814453,30.641006469726562,0,43.511447906494141,14.25294303894043,0.0003313788038212806,1.9380975038055985E-21,-2.4277982711791992,0.84253615140914917,0.84256970882415771,1.1767847537994385,1.0571229457855225,3.3244748115539551,0,0,0,0
46,240,399960,9.9162530899047852,0.00020464725093916059,0.0024200479965656996,50.365955352783203,30.603511810302734,0,47.304111480712891,13.135027885437012,0.00033369427546858788,1.6958184294733615E-24,-2.4119129180908203,0.87170475721359253,0.84256970882415771,1.1767847537994385,4.6651167869567871,3.3244748115539551,0,0,1,0
46,255,400320,5.8059110641479492,0.00021188602840993553,0.00050971296150237322,50.739826202392578,30.595268249511719,0,49.969047546386719,12.120575904846191,0.00033592330873943865,1.0535355833918192E-27,-2.3846642971038818,0.92173850536346436,0.84256970882415771,1.1767847537994385,1.0571229457855225,3.3244748115539551,0,0,0,0
46,270,400680,0.83878952264785767,0.00019544412498362362,0.0015048012137413025,51.275691986083984,30.617637634277344,0,50.845127105712891,11.191971778869629,0.00033809035085141659,4.4953659334202602E-31,-2.3530094623565674,0.97986268997192383,0.84256970882415771,1.1767847537994385,1.0571229457855225,3.3244748115539551,0,0,0,0
46,285,401040,-2.9948079586029053,0.00016156812489498407,0.0025338800624012947,51.719081878662109,30.647928237915039,3.6104775062995031E-06,50.631038665771484,10.463440895080566,0.00033623445779085159,2.3559382044086025E-35,-2.3239054679870605,1.0333030223846436,0.84256970882415771,1.1767847537994385,1.0571229457855225,3.3244748115539551,0,0,0,0
46,300,401400,-6.3953061103820801,0.00012006327597191557,0.0055224304087460041,52.149368286132812,30.675874710083008,0.023395828902721405,48.111484527587891,11.966413497924805,0.00032686092890799046,0.00063134130323305726,-2.3043098449707031,1.0692847967147827,0.84256970882415771,1.1767847537994385,1.0571229457855225,3.3244748115539551,0,0,0,0
46,315,401760,-9.188389778137207,0.0019554821774363518,0.016579654067754745,52.463264465332031,30.690811157226562,0.1731933206319809,42.987571716308594,15.81246280670166,0.00032399321207776666,0.010687656700611115,-2.3200678825378418,1.074891209602356,0.84256970882415771,1.1767847537994385,1.0571229457855225,3.3244748115539551,0,0,0,0
46,330,402120,-11.406787872314453,0.011796302162110806,0.26021766662597656,52.451137542724609,30.65925407409668,0.56847339868545532,37.805328369140625,19.367193222045898,0.00032232777448371053,0.045029453933238983,-2.5767467021942139,1.0445855855941772,0.84256970882415771,1.1767847537994385,1.0571229457855225,3.3244748115539551,0,0,0,0
46,345,402480,-12.96821403503418,0.018462920561432838,0.16476765275001526,52.426383972167969,30.621734619140625,1.935999870300293,33.237812042236328,22.025842666625977,0.00032074551563709974,0.095884174108505249,-3.0101549625396729,0.99341392517089844,0.84256970882415771,1.1767847537994385,1.0571229457855225,3.3244748115539551,0,0,0,0
46,360,402840,-10.141701698303223,0.006052996963262558,0.047251809388399124,52.402267456054688,30.58372688293457,2.3880295753479004,29.220497131347656,23.931480407714844,0.00031923723872750998,0.22540096938610077,-0.10076302289962769,0.9017292857170105,0.9051436185836792,1.1954882144927979,1.109474778175354,4.6229476928710938,0,0,0,0
46,365,402960,-9.5391063690185547,0.0057163182646036148,0.038215704262256622,52.394371032714844,30.570930480957031,2.3871526718139648,27.992279052734375,24.422233581542969,0.00031874954584054649,0.27424749732017517,0.55421900749206543,0.88067859411239624,0.91673141717910767,1.1989518404006958,1.1191695928573608,4.863405704498291,0,0,0,0
47,15,403320,-9.323394775390625,0.006340323481708765,0.058969695121049881,52.371124267578125,30.532291412353516,3.1958551406860352,24.606412887573242,25.516159057617188,0.00031732776551507413,0.27359205484390259,-0.35121989250183105,0.86196684837341309,0.90071249008178711,1.1941637992858887,1.1057674884796143,4.5309963226318359,0,0,0,0
47,30,403680,-6.7883644104003906,0.012972821481525898,0.014855080284178257,52.636257171630859,30.499340057373047,3.4787619113922119,21.73402214050293,26.025966644287109,0.00031601302907802165,0.34155520796775818,0.60944664478302002,0.85053110122680664,0.91673141717910767,1.1989518404006958,1.1191695928573608,4.863405704498291,0,0,0,0
47,45,404040,-5.4890503883361816,0.0069988681934773922,0.00694290641695261,52.962383270263672,30.493198394775391,3.8658781051635742,19.824562072753906,25.571159362792969,0.00031022093025967479,0.32380327582359314,0.13604328036308289,0.84752088785171509,0.91673141717910767,1.1989518404006958,1.6304441690444946,4.863405704498291,0,0,1,0
47,60,404400,-0.75141626596450806,0.0052925758063793182,0.08200894296169281,54.17620849609375,30.584188461303711,3.5975301265716553,18.270233154296875,24.808639526367188,0.00030524205067194998,0.27491548657417297,0.48948991298675537,0.84285807609558105,0.91673141717910767,1.1989518404006958,1.1191695928573608,4.863405704498291,0,0,0,0
47,75,404760,3.0512690544128418,0.00031264233984984457,0.05803617462515831,54.533035278320312,30.805532455444336,0.097229182720184326,18.376829147338867,22.701084136962891,0.00030703647644259036,0.21271966397762299,0.40459746122360229,0.83742797374725342,0.91673141717910767,1.1989518404006958,1.1191695928573608,4.863405704498291,0,0,0,0
47,90,405120,8.090789794921875,6.1576715779665392E-06,0.0049164588563144207,54.424976348876953,30.778491973876953,0,19.935775756835938,20.770000457763672,0.00030990346567705274,0.13920924067497253,0.32155045866966248,0.83211588859558105,0.91673141717910767,1.1989518404006958,1.1191695928573608,4.863405704498291,0,0,0,0
47,105,405480,12.342753410339355,5.5793731235098676E-07,0.0013857482699677348,54.209095001220703,30.722967147827148,0,23.407430648803711,19.012042999267578,0.00031271358602680266,0.063034377992153168,0.25419017672538757,0.82780718803405762,0.91673141717910767,1.1989518404006958,1.1191695928573608,4.863405704498291,0,0,0,0
47,120,405840,16.310750961303711,0,0.00067548721563071012,53.883930206298828,30.66246223449707,0,27.375181198120117,17.417863845825195,0.00031545496312901378,0.013912845402956009,0.21635764837265015,0.82538723945617676,0.91673141717910767,1.1989518404006958,1.1191695928573608,4.863405704498291,0,0,0,0
47,135,406200,19.672458648681641,0,0.00046565764932893217,53.452381134033203,30.605390548706055,0,30.325315475463867,16.290000915527344,0.00031813335954211652,0.00058244523825123906,0.22918319702148438,0.82697492837905884,0.91673141717910767,1.1989518404006958,1.1191695928573608,4.863405704498291,0,0,0,0
47,150,406560,22.191539764404297,0,0.00034259422682225704,52.944297790527344,30.55052375793457,0,31.524534225463867,15.964344024658203,0.00032077106880024076,4.2026972550956998E-06,0.31700819730758667,0.8366544246673584,0.91673141717910767,1.1989518404006958,1.1191695928573608,4.863405704498291,0,0,0,0
47,165,406920,23.644800186157227,0,0.0010652843629941344,52.397315979003906,30.497549057006836,0,32.062580108642578,15.995938301086426,0.00032338613527826965,2.8363199788827842E-08,0.45250660181045532,0.85158812999725342,0.91673141717910767,1.1989518404006958,1.1191695928573608,4.863405704498291,0,0,0,0
47,180,407280,23.906843185424805,0,0.00011953184730373323,51.837562561035156,30.448202133178711,0,32.554676055908203,16.099861145019531,0.00032598283723928034,1.2663355086761641E-10,0.60389614105224609,0.86827331781387329,0.91673141717910767,1.1989518404006958,1.1191695928573608,4.863405704498291,0,0,0,0
47,195,407640,22.899538040161133,0,7.9192323028109968E-05,51.292667388916016,30.403383255004883,0,33.108909606933594,16.183895111083984,0.00032856035977602005,3.6053725651664925E-13,0.73939460515975952,0.88320708274841309,0.91673141717910767,1.1989518404006958,1.1191695928573608,4.863405704498291,0,0,0,0
47,210,408000,20.685188293457031,0,7.7295888331718743E-05,50.864891052246094,30.362171173095703,0,34.370304107666016,15.988507270812988,0.00033111474476754665,5.8455787157004517E-16,0.82721960544586182,0.89288657903671265,0.91673141717910767,1.1989518404006958,1.1191695928573608,4.863405704498291,0,0,0,0
47,225,408360,17.477825164794922,1.6449358781756018E-06,7.927088881842792E-05,50.634696960449219,30.323612213134766,0,37.527721405029297,15.113327026367188,0.00033361997338943183,9.0885580585105421E-19,0.83636504411697388,0.89626890420913696,0.91673141717910767,1.1989518404006958,1.1191695928573608,4.863405704498291,0,0,0,0
47,240,408720,13.554461479187012,0.00012418364349287003,9.2991540441289544E-05,50.617046356201172,30.288362503051758,0,41.709236145019531,13.909330368041992,0.00033603739575482905,6.5324200836643076E-22,0.7630922794342041,0.91156238317489624,0.91673141717910767,1.1989518404006958,1.1191695928573608,4.863405704498291,0,0,0,0
47,255,409080,9.2725505828857422,0.00014488860324490815,0.00020290342217776924,50.761428833007812,30.263265609741211,0,45.212989807128906,12.80958080291748,0.0003383568546269089,2.0667246061559176E-25,0.63740551471710205,0.93779575824737549,0.91673141717910767,1.1989518404006958,1.1191695928573608,4.863405704498291,0,0,0,0
47,270,409440,4.0627398490905762,0.00015224023081827909,0.00060900126118212938,51.104438781738281,30.250885009765625,0,47.226898193359375,11.812389373779297,0.00034059464815072715,2.683027750926995E-29,0.49139493703842163,0.96827089786529541,0.91673141717910767,1.1989518404006958,1.1191695928573608,4.863405704498291,0,0,0,0
47,285,409800,0.020295048132538795,0.001589952502399683,0.0059084789827466011,51.485763549804688,30.251626968383789,0,47.560420989990234,10.900402069091797,0.00034277988015674055,9.4951064966153353E-05,0.35715073347091675,0.99629032611846924,0.91673141717910767,1.1989518404006958,1.1191695928573608,4.863405704498291,0,0,0,0
47,300,410160,-3.5425748825073242,0.00038351095281541348,0.0083204861730337143,51.892227172851562,30.257915496826172,0.016022337600588799,47.061023712158203,10.430000305175781,0.00033790743327699602,0.011676262132823467,0.26676321029663086,1.0151559114456177,0.91673141717910767,1.1989518404006958,1.1191695928573608,4.863405704498291,0,0,0,0
47,315,410520,-6.3857598304748535,9.2382499133236706E-05,0.0044262032024562359,52.260585784912109,30.262151718139648,0.096258819103240967,44.153656005859375,12.301849365234375,0.0003282152465544641,0.055544272065162659,0.25146794319152832,1.0171976089477539,0.91673141717910767,1.1989518404006958,1.1191695928573608,4.863405704498291,0,0,0,0
47,330,410880,-8.3754825592041016,0.0010870284168049693,0.0084849167615175247,52.546115875244141,30.258312225341797,0.25516161322593689,39.438411712646484,15.72542667388916,0.00032619858393445611,0.11890831589698792,0.31212866306304932,0.98984402418136597,0.91673141717910767,1.1989518404006958,1.1191695928573608,4.863405704498291,0,0,0,0
47,345,411240,-9.4713687896728516,0.0050832615233957767,0.035536199808120728,52.565578460693359,30.228006362915039,0.67187166213989258,34.715049743652344,18.851181030273438,0.00032457671477459371,0.19199419021606445,0.41455575823783875,0.94365668296813965,0.91673141717910767,1.1989518404006958,1.1191695928573608,4.863405704498291,0,0,0,0
47,360,411600,-10.351827621459961,0.0058474713005125523,0.039186958223581314,52.541862487792969,30.191226959228516,1.2430247068405151,30.519414901733398,21.20167350769043,0.00032303112675435841,0.18384164571762085,-0.1968110203742981,0.74812585115432739,0.85335546731948853,1.1705334186553955,1.0718758106231689,0.45680856704711914,0,0,0,0
47,365,411720,-10.265043258666992,0.0052160769701004028,0.040425792336463928,52.534095764160156,30.178787231445312,1.4258327484130859,29.235860824584961,21.827192306518555,0.00032253129757009447,0.17394860088825226,-0.35076689720153809,0.71241742372512817,0.84161919355392456,1.1652706861495972,1.0631177425384521,-0.35922765731811523,0,0,0,0
48,15,412080,-9.0365476608276367,0.005296721588820219,0.054026857018470764,52.511371612548828,30.141180038452148,1.8554024696350098,25.701665878295898,23.289365768432617,0.00032107363222166896,0.23163947463035583,-0.17361941933631897,0.72984898090362549,0.85784345865249634,1.1725457906723022,1.0752249956130981,0.76886129379272461,0,0,0,0
48,30,412440,-7.0752110481262207,0.0027533657848834991,0.027265416458249092,52.707820892333984,30.10728645324707,2.0630738735198975,22.662563323974609,24.153352737426758,0.00031968709663487971,0.18849484622478485,-0.37549197673797607,0.69670367240905762,0.84161919355392456,1.1652706861495972,1.0631177425384521,-0.35922765731811523,0,0,0,0
48,45,412800,-4.1605362892150879,0.0023903262335807085,0.0059503619559109211,53.068756103515625,30.090269088745117,2.1126275062561035,20.624715805053711,23.984155654907227,0.00031440288876183331,0.17436008155345917,-0.28997385501861572,0.70674389600753784,0.84161919355392456,1.1652706861495972,1.0631177425384521,-0.35922765731811523,0,0,0,0
48,60,413160,-0.47243192791938782,0.0015705422265455127,0.077716797590255737,53.480457305908203,30.083513259887695,1.4744396209716797,20.022884368896484,22.459266662597656,0.00030693321605212986,0.13498854637145996,-0.15750455856323242,0.72229641675949097,0.84161919355392456,1.1652706861495972,1.0631177425384521,-0.35922765731811523,0,0,0,0
48,75,413520,3.7523527145385742,3.4302822314202785E-05,0.015375529415905476,53.649497985839844,30.074907302856445,0.0069795199669897556,20.221094131469727,20.558221817016602,0.00030924394377507269,0.11830747127532959,-0.003236621618270874,0.74040818214416504,1.0909571647644043,1.1652706861495972,1.0631177425384521,-0.35922765731811523,0,0,0,1
48,90,413880,9.0435972213745117,1.6018315136534511E-06,0.00203535589389503,53.504280090332031,30.051250457763672,0,22.132701873779297,18.820127487182617,0.00031209166627377272,0.035983763635158539,0.14767777919769287,0.75812625885009766,0.84161919355392456,1.1652706861495972,1.0631177425384521,-0.35922765731811523,0,0,0,0
48,105,414240,13.387857437133789,0,0.00090263609308749437,53.252269744873047,30.018562316894531,0,25.870153427124023,17.239280700683594,0.00031487640808336437,0.0060070818290114403,0.27008605003356934,0.77249753475189209,0.84161919355392456,1.1652706861495972,1.0631177425384521,-0.35922765731811523,0,0,0,0
48,120,414600,17.28502082824707,0,0.00055174028966575861,52.893863677978516,29.983465194702148,0,29.888044357299805,15.820250511169434,0.00031758780824020505,8.5736879555042833E-05,0.33883589506149292,0.78056907653808594,0.84161919355392456,1.1652706861495972,1.0631177425384521,-0.35922765731811523,0,0,0,0
48,135,414960,20.463251113891602,0,0.00038864146335981786,52.429500579833984,29.948480606079102,0,32.483261108398438,15.009803771972656,0.00032023648964241147,5.921374395256862E-07,0.37599301338195801,0.77724790573120117,0.84161919355392456,1.1652706861495972,1.0631177425384521,-0.35922765731811523,0,0,0,0
48,150,415320,22.814632415771484,0,0.00023460520606022328,51.893623352050781,29.913738250732422,0,33.378181457519531,14.981521606445312,0.00032284756889566779,3.3846958569228036E-09,0.53647613525390625,0.75541424751281738,0.84161919355392456,1.1652706861495972,1.0631177425384521,-0.35922765731811523,0,0,0,0
48,165,415680,24.114898681640625,0,7.3940420406870544E-05,51.321956634521484,29.87908935546875,0,33.805423736572266,15.215538024902344,0.00032543775159865618,1.6369001640259562E-11,0.78407323360443115,0.72172892093658447,1.1950585842132568,1.1652706861495972,1.0631177425384521,-0.35922765731811523,0,0,0,1
48,180,416040,24.220027923583984,0,7.7953809523023665E-05,50.740493774414062,29.844577789306641,0,34.224681854248047,15.488662719726562,0.00032800986082293093,6.5669386974716998E-14,1.0607082843780518,0.6840929388999939,0.84161919355392456,1.1652706861495972,1.0631177425384521,-0.35922765731811523,0,0,0,0
48,195,416400,23.048925399780273,0,9.2076625151094049E-05,50.180473327636719,29.810144424438477,0,34.709415435791016,15.71570873260498,0.00033056305255740881,1.567391852548924E-16,1.3083055019378662,0.65040761232376099,0.84161919355392456,1.1652706861495972,1.0631177425384521,-0.35922765731811523,0,0,0,0
48,210,416760,20.671575546264648,0,8.1680722360033542E-05,49.760208129882812,29.775909423828125,0,35.916549682617188,15.63200855255127,0.00033309118589386344,3.3506548204018379E-19,1.4687886238098145,0.6285739541053772,0.84161919355392456,1.1652706861495972,1.0631177425384521,-0.35922765731811523,0,0,0,0
48,225,417120,17.270561218261719,2.5384740638401126E-06,7.0867907197680324E-05,49.527854919433594,29.741641998291016,0,39.106246948242188,14.809329032897949,0.00033556701964698732,7.0111473290825169E-22,1.4785728454589844,0.62659484148025513,0.84161919355392456,1.1652706861495972,1.0631177425384521,-0.35922765731811523,0,0,0,0
48,240,417480,20.259851455688477,0,5.2763989515369758E-05,49.153423309326172,29.707557678222656,0,42.786090850830078,13.83006477355957,0.00033796197385527194,9.5553301499791762E-25,8.4690151214599609,0.64770841598510742,0.84161919355392456,1.1652706861495972,1.0631177425384521,-0.35922765731811523,1,0,0,0
48,255,417840,8.5161275863647461,0.00012294566840864718,0.00051520124543458223,49.456680297851562,29.68480110168457,0,46.352649688720703,12.757804870605469,0.00034027468063868582,1.077534789021823E-27,0.92989170551300049,0.68392515182495117,0.84161919355392456,1.1652706861495972,3.6855621337890625,-0.35922765731811523,0,0,1,0
48,270,418200,3.026648998260498,0.00013239197141956538,0.00059808825608342886,49.672115325927734,29.67320442199707,0,48.175472259521484,11.774418830871582,0.00034250336466357112,3.096333229176112E-31,0.52723056077957153,0.7259981632232666,0.84161919355392456,1.1652706861495972,1.0631177425384521,-0.35922765731811523,0,0,0,0
48,285,418560,-1.2116057872772217,0.00012339875684119761,0.0014617742272093892,49.963634490966797,29.66929817199707,6.3218699608569295E-08,48.314170837402344,10.878107070922852,0.00034467972000129521,6.045391523906697E-36,0.15701824426651001,0.76468074321746826,0.84161919355392456,1.1652706861495972,1.0631177425384521,-0.35922765731811523,0,0,0,0
48,300,418920,-4.797724723815918,9.3645001470576972E-05,0.0036337391939014196,50.2999267578125,29.66786003112793,0.00130028638523072,47.175693511962891,11.021190643310547,0.00033643702045083046,0.00073813583003357053,-0.092248260974884033,0.7907259464263916,0.84161919355392456,1.1652706861495972,1.0631177425384521,-0.35922765731811523,0,0,0,0
48,315,419280,-7.4940261840820312,6.9316236476879567E-05,0.0034561867360025644,50.618869781494141,29.66132926940918,0.039906211197376251,43.226020812988281,13.834914207458496,0.00032946671126410365,0.016605217009782791,-0.15067166090011597,0.79520320892333984,0.84161919355392456,1.1652706861495972,1.0631177425384521,-0.35922765731811523,0,0,0,0
48,330,419640,-9.353729248046875,0.0070360968820750713,0.027389625087380409,50.758712768554688,29.64141845703125,0.19899334013462067,38.197837829589844,17.419137954711914,0.00032785118673928082,1.6046371459960938,-0.19076371192932129,0.77861577272415161,1.1921451091766357,1.1652706861495972,1.0631177425384521,-0.35922765731811523,0,0,0,1
48,345,420000,-10.357072830200195,0.0051309149712324142,0.047023657709360123,50.743663787841797,29.604776382446289,0.59856140613555908,33.577922821044922,20.298749923706055,0.00032626700703985989,0.12836349010467529,-0.25846016407012939,0.75060760974884033,0.84161919355392456,1.1652706861495972,1.0631177425384521,-0.35922765731811523,0,0,0,0
48,360,420360,-10.24846363067627,0.0044751269742846489,0.032204821705818176,50.723415374755859,29.566659927368164,1.005548357963562,29.511096954345703,22.402151107788086,0.00032475878833793104,0.28922519087791443,-0.12881296873092651,0.6798708438873291,0.93532627820968628,1.0740259885787964,0.97974485158920288,-0.075742959976196289,0,0,0,0
48,365,420480,-10.012534141540527,0.0043744966387748718,0.031229786574840546,50.716823577880859,29.553798675537109,1.1513075828552246,28.267618179321289,22.952896118164062,0.00032427109545096755,0.35180878639221191,-0.069738566875457764,0.67100977897644043,0.95267945528030396,1.0571287870407104,0.96430540084838867,-0.023245811462402344,0,0,0,0
49,15,420840,-8.8720312118530273,0.0042257276363670826,0.041207175701856613,50.697681427001953,29.515096664428711,1.5596919059753418,24.842891693115234,24.214372634887695,0.00032284937333315611,0.32791292667388916,-0.10594630241394043,0.67446911334991455,0.92869043350219727,1.0804874897003174,0.98564887046813965,-0.095817893743515015,0,0,0,0
49,30,421200,-6.7682027816772461,0.0059612588956952095,0.014490650035440922,50.926239013671875,29.480037689208984,1.7155102491378784,21.93617057800293,24.87205696105957,0.00032152314088307321,0.41062599420547485,-0.0024471879005432129,0.66775631904602051,0.95267945528030396,1.0571287870407104,0.96430540084838867,-0.023245811462402344,0,0,0,0
49,45,421560,-3.8409757614135742,0.0025009636301547289,0.0052143405191600323,51.311527252197266,29.452182769775391,1.6257007122039795,20.071815490722656,24.475553512573242,0.00031548246624879539,0.38420811295509338,0.097780585289001465,0.66481012105941772,0.95267945528030396,1.0571287870407104,0.96430540084838867,-0.023245811462402344,0,0,0,0
49,60,421920,-0.12550868093967438,0.0011223767651244998,0.060323722660541534,51.897300720214844,29.456153869628906,0.84042960405349731,19.573154449462891,22.811174392700195,0.00030836847145110369,0.33166098594665527,0.25303539633750916,0.66024625301361084,0.95267945528030396,1.0571287870407104,0.96430540084838867,-0.023245811462402344,0,0,0,0
49,75,422280,4.1108198165893555,4.7967841965146363E-06,0.0031638080254197121,52.011009216308594,29.457855224609375,0,19.840164184570312,20.881172180175781,0.00031116403988562524,0.25679540634155273,0.43383845686912537,0.65493148565292358,0.95267945528030396,1.0571287870407104,0.96430540084838867,-0.023245811462402344,0,0,0,0
49,90,422640,9.4553508758544922,6.3434663388761692E-07,0.0014737995807081461,51.845943450927734,29.430570602416992,0,21.931158065795898,19.11854362487793,0.0003140354820061475,0.16437524557113647,0.61071103811264038,0.64973217248916626,0.95267945528030396,1.0571287870407104,0.96430540084838867,-0.023245811462402344,0,0,0,0
49,105,423000,13.798856735229492,0,0.00073737924685701728,51.593574523925781,29.395599365234375,0,25.774496078491211,17.516374588012695,0.00031684068380855024,0.078042879700660706,0.75417429208755493,0.64551496505737305,0.95267945528030396,1.0571287870407104,0.96430540084838867,-0.023245811462402344,0,0,0,0
49,120,423360,17.702825546264648,0,0.00051743874792009592,51.239955902099609,29.360506057739258,0,29.789888381958008,16.08989143371582,0.00031956940074451268,0.022493345662951469,0.83474957942962646,0.64314645528793335,0.95267945528030396,1.0571287870407104,0.96430540084838867,-0.023245811462402344,0,0,0,0
49,135,423720,20.890966415405273,0,0.00032871458097361028,50.788299560546875,29.325376510620117,0,32.190044403076172,15.336785316467285,0.00032223598100244999,0.0012235842877998948,0.87204378843307495,0.64335787296295166,0.95267945528030396,1.0571287870407104,0.96430540084838867,-0.023245811462402344,0,0,0,0
49,150,424080,23.252080917358398,0,0.00017726930673234165,50.270694732666016,29.290187835693359,0,32.952049255371094,15.331531524658203,0.00032486836425960064,9.7839165391633287E-06,1.0270230770111084,0.64572495222091675,0.95267945528030396,1.0571287870407104,2.7846465110778809,-0.023245811462402344,0,0,1,0
49,165,424440,24.561044692993164,0,5.9544890973484144E-05,49.720455169677734,29.25486946105957,0,33.356601715087891,15.544367790222168,0.0003274819755461067,6.6136180976172909E-08,1.2661285400390625,0.64937686920166016,0.95267945528030396,1.0571287870407104,0.96430540084838867,-0.023245811462402344,0,0,0,0
49,180,424800,24.675031661987305,0,5.8410827477928251E-05,49.161457061767578,29.219663619995117,0,33.749301910400391,15.800618171691895,0.00033007888123393059,4.5869749665250481E-10,1.5332763195037842,0.65345704555511475,0.95267945528030396,1.0571287870407104,0.96430540084838867,-0.023245811462402344,0,0,0,0
49,195,425160,23.549249649047852,0,5.8682308008428663E-05,48.616008758544922,29.1845703125,0,34.176338195800781,16.017566680908203,0.00033265855745412409,1.8964294110773716E-12,1.7723817825317383,0.65710896253585815,0.95267945528030396,1.0571287870407104,0.96430540084838867,-0.023245811462402344,0,0,0,0
49,210,425520,21.212043762207031,0,6.0089318139944226E-05,48.114147186279297,29.14967155456543,0,35.0316162109375,16.026552200317383,0.00033521803561598063,5.2013248207441205E-15,1.9273611307144165,0.65947598218917847,0.95267945528030396,1.0571287870407104,0.96430540084838867,-0.023245811462402344,0,0,0,0
49,225,425880,17.812122344970703,1.8453996517564519E-06,6.3906714785844088E-05,47.743438720703125,29.114849090576172,0,37.822189331054688,15.303654670715332,0.00033773769973777235,7.973767160563133E-18,1.928697943687439,0.66021466255187988,0.95267945528030396,1.0571287870407104,0.96430540084838867,-0.023245811462402344,0,0,0,0
49,240,426240,13.544875144958496,7.1998350904323161E-05,7.2784219810273498E-05,47.567787170410156,29.080028533935547,0,42.014472961425781,14.108999252319336,0.00034017997677437961,2.2719307161464512E-21,1.6537232398986816,0.66308426856994629,0.95267945528030396,1.0571287870407104,0.96430540084838867,-0.023245811462402344,0,0,0,0
49,255,426600,8.8399324417114258,9.6759024017956108E-05,0.00016494203009642661,47.566959381103516,29.04530143737793,0,45.533519744873047,13.013290405273438,0.00034253625199198723,3.8937141366961369E-25,1.1820513010025024,0.66800647974014282,0.95267945528030396,1.0571287870407104,0.96430540084838867,-0.023245811462402344,0,0,0,0
49,270,426960,3.2003474235534668,0.00010476200259290636,0.00027900686836801469,47.7314453125,29.014827728271484,0,47.383857727050781,12.022317886352539,0.00034481726470403373,6.1283508046017232E-08,0.6341090202331543,0.67372465133666992,0.95267945528030396,1.0571287870407104,0.96430540084838867,-0.023245811462402344,0,0,0,0
49,285,427320,-1.1862995624542236,9.6516763733234257E-05,0.00074722158024087548,47.968681335449219,28.987466812133789,0,47.524688720703125,11.119221687316895,0.0003470477822702378,0.0072418623603880405,0.13032317161560059,0.67898201942443848,0.95267945528030396,1.0571287870407104,0.96430540084838867,-0.023245811462402344,0,0,0,0
49,300,427680,-4.8762564659118652,7.2838425694499165E-05,0.0015670722350478172,48.264026641845703,28.960922241210938,9.8830480510514462E-07,46.372291564941406,11.254568099975586,0.00033887152676470578,0.048135209828615189,-0.20887911319732666,0.68252182006835938,0.95267945528030396,1.0571287870407104,0.96430540084838867,-0.023245811462402344,0,0,0,0
49,315,428040,-7.5978274345397949,5.1213821279816329E-05,0.0027536025736480951,48.544830322265625,28.934209823608398,0.014851460233330727,42.406024932861328,14.063352584838867,0.00033213986898772418,0.11650080978870392,-0.28079652786254883,0.68311691284179688,0.95267945528030396,1.0571287870407104,0.96430540084838867,-0.023245811462402344,0,0,0,0
49,330,428400,-9.3924198150634766,0.0043155727908015251,0.045897252857685089,48.661872863769531,28.904182434082031,0.30141937732696533,37.433204650878906,17.574405670166016,0.00033054754021577537,0.20439009368419647,-0.23850792646408081,0.68069100379943848,0.95267945528030396,1.0571287870407104,0.96430540084838867,-0.023245811462402344,0,0,0,0
49,345,428760,-10.274881362915039,0.0050297817215323448,0.046413790434598923,48.645355224609375,28.866870880126953,0.6235731840133667,32.891639709472656,20.366291046142578,0.00032900803489610553,0.29260021448135376,-0.16710257530212402,0.67659497261047363,0.95267945528030396,1.0571287870407104,0.96430540084838867,-0.023245811462402344,0,0,0,0
49,360,429120,-10.897607803344727,0.0096188411116600037,0.031328726559877396,48.627841949462891,28.828760147094727,1.2377110719680786,28.896537780761719,22.394870758056641,0.00032754350104369223,0.4381692111492157,-0.67150872945785522,0.91823881864547729,1.002593994140625,1.1200308799743652,1.0717780590057373,1.4669011831283569,0,0,0,0
49,365,429240,-10.873498916625977,0.0068680387921631336,0.031673289835453033,48.622104644775391,28.815982818603516,1.4142504930496216,27.675474166870117,22.923755645751953,0.00032707041827961802,0.47987118363380432,-0.82505941390991211,0.96701329946517944,1.0118374824523926,1.1316794157028198,1.0916804075241089,1.7428543567657471,0,0,0,0
50,15,429600,-9.7117519378662109,0.0074922414496541023,0.042294614017009735,48.605136871337891,28.777454376220703,1.8894975185394287,24.312267303466797,24.129016876220703,0.00032569255563430488,0.48915225267410278,-0.72296333312988281,0.90745419263839722,0.99905931949615479,1.1155765056610107,1.0641673803329468,1.3613766431808472,0,0,0,0
50,30,429960,-7.9180173873901367,0.0070203086361289024,0.10286066681146622,48.626205444335938,28.738780975341797,2.7651448249816895,21.369186401367188,24.828022003173828,0.00032436972833238542,0.54446762800216675,-0.88656055927276611,0.97421276569366455,1.0118374824523926,1.1316794157028198,1.0916804075241089,1.7428543567657471,0,0,0,0
50,45,430320,-5.025505542755127,0.0065006986260414124,0.0038407444953918457,49.212329864501953,28.705741882324219,3.3116097450256348,19.15550422668457,24.764926910400391,0.00032115151407197118,0.52978628873825073,-0.72466695308685303,0.97632771730422974,1.0118374824523926,1.1316794157028198,1.0916804075241089,1.7428543567657471,0,0,0,0
50,60,430680,-1.3190550804138184,0.0062533393502235413,0.032755527645349503,49.899284362792969,28.710542678833008,3.249661922454834,18.303733825683594,23.404773712158203,0.00031311242491938174,0.46577653288841248,-0.47389057278633118,0.97960364818572998,1.0118374824523926,1.1316794157028198,1.0916804075241089,1.7428543567657471,0,0,0,0
50,75,431040,3.0371613502502441,0.00079425174044445157,0.055646464228630066,50.613304138183594,28.947805404663086,0.06813417375087738,18.365779876708984,21.443147659301758,0.00031381784356199205,0.37936532497406006,-0.18184718489646912,0.98341876268386841,1.0118374824523926,1.1316794157028198,1.0916804075241089,1.7428543567657471,0,0,0,0
50,90,431400,8.4680032730102539,8.2780068623833358E-05,0.006086795125156641,50.567451477050781,28.970829010009766,0,20.019575119018555,19.631755828857422,0.00031674353522248566,0.27874180674552917,0.10384759306907654,0.98715090751647949,1.0118374824523926,1.1316794157028198,1.0916804075241089,1.7428543567657471,0,0,0,0
50,105,431760,12.947803497314453,1.4128896737020114E-06,0.0015858210390433669,50.410957336425781,28.947038650512695,0,23.617990493774414,17.986074447631836,0.00031960505293682218,0.24117074906826019,0.3355775773525238,0.99017810821533203,1.0118374824523926,1.1316794157028198,1.0916804075241089,1.7428543567657471,0,0,0,0
50,120,432120,17.01031494140625,1.827575757396005E-09,0.00072091136826202273,50.113983154296875,28.898330688476562,0,27.60588264465332,16.504537582397461,0.0003223909588996321,0.069984786212444305,0.46572741866111755,0.99187833070755005,1.0118374824523926,1.1316794157028198,1.0916804075241089,1.7428543567657471,0,0,0,0
50,135,432480,20.237510681152344,0,0.00047311215894296765,49.714031219482422,28.846855163574219,0,30.266611099243164,15.578263282775879,0.00032511158497072756,0.015757130458950996,0.46089053153991699,0.9879876971244812,1.0118374824523926,1.1316794157028198,1.0916804075241089,1.7428543567657471,0,0,0,0
50,150,432840,22.426061630249023,0,0.00029714018455706537,49.241291046142578,28.799623489379883,0,31.263626098632812,15.40053653717041,0.00032779347384348512,0.00051837065257132053,0.36672329902648926,0.96649593114852905,1.0118374824523926,1.1316794157028198,1.0916804075241089,1.7428543567657471,0,0,0,0
50,165,433200,30.574626922607422,0,8.7551801698282361E-05,48.729629516601562,28.758729934692383,0,31.096475601196289,15.815503120422363,0.00033045531017705798,3.7059701298858272E-06,7.9137029647827148,0.9333379864692688,1.0118374824523926,1.1316794157028198,1.0916804075241089,1.7428543567657471,1,0,0,0
50,180,433560,23.214017868041992,0,7.1931463025975972E-05,48.219234466552734,28.722185134887695,0,31.428197860717773,15.982110977172852,0.00033310710568912327,2.2076530825643204E-08,0.059117868542671204,0.89629125595092773,1.0118374824523926,1.1316794157028198,1.0916804075241089,1.7428543567657471,0,0,0,0
50,195,433920,21.706649780273438,0,7.1518305048812181E-05,47.759227752685547,28.687765121459961,0,32.231010437011719,15.955426216125488,0.00033573532709851861,9.7507911467342723E-11,-0.086165517568588257,0.86313331127166748,1.0118374824523926,1.1316794157028198,1.0916804075241089,1.7428543567657471,0,0,0,0
50,210,434280,19.187496185302734,0,7.2774710133671761E-05,47.481452941894531,28.654338836669922,0,34.157352447509766,15.510218620300293,0.00033832652843557298,2.4498201319118895E-13,-0.18033275008201599,0.84164160490036011,1.0118374824523926,1.1316794157028198,1.0916804075241089,1.7428543567657471,0,0,0,0
50,225,434640,15.840474128723145,1.2717692925434676E-06,7.5865769758820534E-05,47.381717681884766,28.621406555175781,0,37.780128479003906,14.47714900970459,0.00034084980143234134,5.8970883774097618E-16,-0.20027968287467957,0.83880037069320679,1.1080441474914551,1.1316794157028198,1.0916804075241089,1.7428543567657471,0,0,0,1
50,240,435000,11.911687850952148,0.00012226465332787484,8.2643760833889246E-05,47.45037841796875,28.591325759887695,0,41.724025726318359,13.34405517578125,0.00034327525645494461,3.2508965800340013E-19,-0.22152376174926758,0.85079437494277954,1.0118374824523926,1.1316794157028198,1.0916804075241089,1.7428543567657471,0,0,0,0
50,255,435360,7.6863031387329102,0.00012866537144873291,0.00021083015599288046,47.61285400390625,28.57048225402832,0,44.845062255859375,12.320337295532227,0.00034560856875032187,1.4531176017022008E-23,-0.25796434283256531,0.87136805057525635,1.0118374824523926,1.1316794157028198,1.0916804075241089,1.7428543567657471,0,0,0,0
50,270,435720,2.5839416980743408,0.000130205720779486,0.00068560650106519461,47.925525665283203,28.565690994262695,0,46.275470733642578,11.389992713928223,0.00034787060576491058,0.002980110002681613,-0.30029746890068054,0.89526855945587158,1.0118374824523926,1.1316794157028198,1.0916804075241089,1.7428543567657471,0,0,0,0
50,285,436080,-1.3247803449630737,0.0001097460844903253,0.0016448701499029994,48.256076812744141,28.564754486083984,5.7881976545104408E-08,46.329200744628906,10.539008140563965,0.00035002146614715457,0.026116978377103806,-0.33921912312507629,0.91724294424057007,1.0118374824523926,1.1316794157028198,1.0916804075241089,1.7428543567657471,0,0,0,0
50,300,436440,-4.7427563667297363,8.3328777691349387E-05,0.0028683268465101719,48.615226745605469,28.561922073364258,0.0011142147704958916,45.218490600585938,10.68285083770752,0.00034137521288357675,0.09513217955827713,-0.36542531847953796,0.93203848600387573,1.0118374824523926,1.1316794157028198,1.0916804075241089,1.7428543567657471,0,0,0,0
50,315,436800,-7.4785332679748535,8.6902124166954309E-05,0.0041041201911866665,48.982429504394531,28.554126739501953,0.064982160925865173,41.472846984863281,13.330253601074219,0.00033420859836041927,0.19400851428508759,-0.37824943661689758,0.93580961227416992,1.0118374824523926,1.1316794157028198,1.0916804075241089,1.7428543567657471,0,0,0,0
50,330,437160,-9.4829616546630859,0.0056557813659310341,0.052382215857505798,49.146080017089844,28.535043716430664,0.28274890780448914,36.638561248779297,16.773204803466797,0.00033262773649767041,0.29149335622787476,-0.46777448058128357,0.94206172227859497,1.0118374824523926,1.1316794157028198,1.0916804075241089,1.7428543567657471,0,0,0,0
50,345,437520,-10.679510116577148,0.0069086924195289612,0.046913180500268936,49.127944946289062,28.501489639282227,0.91459798812866211,32.195823669433594,19.53901481628418,0.00033107417402788997,0.38708043098449707,-0.61893975734710693,0.95261859893798828,1.0118374824523926,1.1316794157028198,1.0916804075241089,1.7428543567657471,0,0,0,0
50,360,437880,-10.352011680603027,0.0068681724369525909,0.025926729664206505,49.107814788818359,28.466882705688477,1.6291539669036865,28.287824630737305,21.555332183837891,0.00032959395321086049,0.70707118511199951,-0.20691025257110596,1.0173426866531372,1.1334563493728638,0.91201627254486084,0.98505425453186035,0.14516294002532959,0,0,0,0
50,365,438000,-10.151235580444336,0.0076356786303222179,0.025024749338626862,49.101203918457031,28.455249786376953,1.9665862321853638,27.092979431152344,22.082378387451172,0.00032911536982282996,0.80262875556945801,-0.17470765113830566,1.0143584012985229,1.1559783220291138,0.871337890625,0.96530866622924805,-0.15070581436157227,0,0,0,0
51,15,438360,-10.853696823120117,0.0071388124488294125,0.05897149071097374,49.081729888916016,28.420177459716797,3.3041057586669922,23.803171157836914,23.286045074462891,0.00032772010308690369,0.74938386678695679,-2.5393671989440918,0.98586064577102661,1.1248438358306885,0.92757165431976318,0.99260497093200684,0.25830316543579102,0,1,0,0
51,30,438720,-7.0496439933776855,0.0097388541325926781,0.025254581123590469,49.224479675292969,28.385744094848633,3.9332349300384521,20.965911865234375,23.953773498535156,0.00032639308483339846,0.87560188770294189,-0.26638305187225342,0.99137264490127563,1.1559783220291138,0.871337890625,0.96530866622924805,-0.15070587396621704,0,0,0,0
51,45,439080,-3.9473800659179688,0.011582916602492332,0.0063890502788126469,49.770198822021484,28.357820510864258,4.2256307601928711,19.088586807250977,23.642820358276367,0.0003208453708793968,0.84996688365936279,0.022625207901000977,1.0098658800125122,1.1559783220291138,0.871337890625,0.96530866622924805,-0.15070587396621704,0,0,0,0
51,60,439440,0.035054661333560944,0.005788720678538084,0.18066209554672241,50.9346923828125,28.527572631835938,2.5794355869293213,18.582242965698242,22.051170349121094,0.00031384057365357876,0.76656472682952881,0.47030460834503174,1.0385122299194336,1.1559783220291138,0.871337890625,0.96530866622924805,-0.15070587396621704,0,0,0,0
51,75,439800,4.6399140357971191,0.006778971292078495,0.063859939575195312,51.079471588134766,29.047868728637695,0,18.880109786987305,20.18598747253418,0.00031674510682933033,0.42044165730476379,0.99165260791778564,1.0718724727630615,1.4385049343109131,0.871337890625,0.96530866622924805,-0.15070587396621704,0,0,0,1
51,90,440160,10.275039672851562,5.4912212362978607E-05,0.0055114105343818665,50.986862182617188,29.0650634765625,0,20.988611221313477,18.483936309814453,0.00031962283537723124,0.50257539749145508,1.5016672611236572,1.1045075654983521,1.1559783220291138,0.871337890625,0.96530866622924805,-0.15070587396621704,0,0,0,0
51,105,440520,14.903286933898926,0.001066359574906528,0.034371305257081985,50.797626495361328,29.041328430175781,0,24.560159683227539,16.938217163085938,0.00032243624445982277,0.36881366372108459,1.9153454303741455,1.1309781074523926,1.1559783220291138,0.871337890625,0.96530866622924805,-0.15070587396621704,0,0,0,0
51,120,440880,19.006128311157227,0,0.00054407247807830572,50.490795135498047,28.991361618041992,0,28.124940872192383,15.613187789916992,0.00032517864019609988,0.22754420340061188,2.1476855278015137,1.1458452939987183,1.1559783220291138,0.871337890625,0.96530866622924805,-0.15070587396621704,0,0,0,0
51,135,441240,22.126768112182617,0,0.0021244646050035954,50.086013793945312,28.938947677612305,0,29.831480026245117,15.063309669494629,0.00032786699011921883,0.10797484964132309,2.1293621063232422,1.1403743028640747,1.1559783220291138,0.871337890625,0.96530866622924805,-0.15070587396621704,0,0,0,0
51,150,441600,24.10890007019043,0,0.00016769104695413262,49.614322662353516,28.887338638305664,0,30.340494155883789,15.082718849182129,0.00033052748767659068,0.034832671284675598,1.9099681377410889,1.103580117225647,1.1559783220291138,0.871337890625,0.96530866622924805,-0.15070587396621704,0,0,0,0
51,165,441960,24.828174591064453,0,0.00010826793732121587,49.112937927246094,28.837003707885742,0,30.745908737182617,15.22718334197998,0.00033316822373308241,0.0058415071107447147,1.5714820623397827,1.0468134880065918,1.1559783220291138,0.871337890625,0.96530866622924805,-0.15070587396621704,0,0,0,0
51,180,442320,24.287988662719727,0,8.5620842583011836E-05,48.598762512207031,28.789138793945312,0,31.193084716796875,15.390629768371582,0.00033578922739252448,0.0002274299185955897,1.1932985782623291,0.98338913917541504,1.1559783220291138,0.871337890625,0.96530866622924805,-0.15070587396621704,0,0,0,0
51,195,442680,22.497646331787109,0,7.4261915870010853E-05,48.139533996582031,28.745731353759766,0,31.832338333129883,15.463187217712402,0.00033838814124464989,1.8487546640244545E-06,0.85481250286102295,0.92662245035171509,1.1559783220291138,0.871337890625,0.96530866622924805,-0.15070587396621704,0,0,0,0
51,210,443040,23.916910171508789,0,5.670842801919207E-05,47.776187896728516,28.7069091796875,0,33.030601501464844,15.312968254089355,0.00034095410956069827,1.111480329996084E-08,4.2504701614379883,0.8898283839225769,1.1559783220291138,0.871337890625,0.96530866622924805,-0.15070587396621704,1,0,0,0
51,225,443400,16.375026702880859,1.2002923313048086E-06,7.4611256422940642E-05,47.671665191650391,28.671175003051758,0,35.883274078369141,14.567563056945801,0.00034347150358371437,1.5345010979217477E-05,0.59342974424362183,0.88609910011291504,1.1559783220291138,0.871337890625,0.96530866622924805,-0.15070587396621704,0,0,0,0
51,240,443760,12.414237022399902,8.2260856288485229E-05,8.522362622898072E-05,47.628498077392578,28.639593124389648,0,39.930805206298828,13.420270919799805,0.00034589547431096435,0.0023699232842773199,0.58806824684143066,0.91780287027359009,1.1559783220291138,0.871337890625,0.96530866622924805,-0.15070587396621704,0,0,0,0
51,255,444120,8.1802120208740234,8.9893816038966179E-05,0.00020345939265098423,47.672866821289062,28.617406845092773,0,43.196994781494141,12.384202003479004,0.00034822805901058018,0.018204106017947197,0.57887160778045654,0.97218519449234009,1.1559783220291138,0.871337890625,0.96530866622924805,-0.15070587396621704,0,0,0,0
51,270,444480,3.0988624095916748,0.00061891489895060658,0.0021982446778565645,47.876865386962891,28.610404968261719,0,44.819004058837891,11.444756507873535,0.0003504888154566288,0.077650755643844604,0.56818783283233643,1.0353612899780273,1.1559783220291138,0.871337890625,0.96530866622924805,-0.15070587396621704,0,0,0,0
51,285,444840,-0.77893728017807007,9.1537054686341435E-05,0.0016175805358216166,48.143409729003906,28.611185073852539,0,44.956703186035156,10.585753440856934,0.00035270696389488876,0.17519930005073547,0.55836498737335205,1.0934462547302246,1.1559783220291138,0.871337890625,0.96530866622924805,-0.15070587396621704,0,0,0,0
51,300,445200,-4.1446475982666016,0.0022555135656148195,0.0060095097869634628,48.468677520751953,28.611505508422852,0.052338417619466782,44.184249877929688,10.400168418884277,0.00034546220558695495,0.29662775993347168,0.55175119638442993,1.1325552463531494,1.1559783220291138,0.871337890625,0.96530866622924805,-0.15070587396621704,0,0,0,0
51,315,445560,-6.8087210655212402,0.00015925956540741026,0.004071798175573349,48.857913970947266,28.606685638427734,0.095783509314060211,41.01788330078125,12.519336700439453,0.00033631359110586345,0.43848723173141479,0.53908258676528931,1.1392686367034912,1.1559783220291138,0.871337890625,0.96530866622924805,-0.15070587396621704,0,0,0,0
51,330,445920,-8.7891197204589844,0.0037199629005044699,0.016603941097855568,49.12762451171875,28.594419479370117,0.43340811133384705,36.449039459228516,15.781255722045898,0.00033483837614767253,0.5778576135635376,0.39606398344039917,1.1142408847808838,1.1559783220291138,0.871337890625,0.96530866622924805,-0.15070587396621704,0,0,0,0
51,345,446280,-9.9802722930908203,0.0073967501521110535,0.031340856105089188,49.129463195800781,28.564207077026367,1.0044547319412231,32.041046142578125,18.599922180175781,0.00033327745040878654,0.6893317699432373,0.15457367897033691,1.0719811916351318,1.1559783220291138,0.871337890625,0.96530866622924805,-0.15070587396621704,0,0,0,0
51,360,446640,-10.676614761352539,0.011599660851061344,0.026420816779136658,49.107139587402344,28.531387329101562,2.3898677825927734,28.151288986206055,20.679109573364258,0.00033179137972183526,0.79198539257049561,-0.50625556707382202,1.5102388858795166,1.1606166362762451,0.89860540628433228,0.94793605804443359,0.028149276971817017,0,0,0,0
51,365,446760,-12.223050117492676,0.023787828162312508,0.038781806826591492,49.099788665771484,28.520381927490234,3.0056610107421875,26.9620361328125,21.225944519042969,0.00033131081727333367,0.82266795635223389,-1.7785720825195312,1.5936172008514404,1.1614755392074585,0.90365493297576904,0.94471889734268188,0.061270594596862793,0,1,0,0
52,15,447120,-9.1213903427124023,0.014573922380805016,0.032585587352514267,49.0780029296875,28.487236022949219,4.0664291381835938,23.687383651733398,22.488832473754883,0.00032990917679853737,0.88281291723251343,-0.29695379734039307,1.4538713693618774,1.1602880954742432,0.89667445421218872,0.94916629791259766,0.015483677387237549,0,0,0,0
52,30,447480,-7.0929408073425293,0.019724557176232338,0.026395590975880623,49.234882354736328,28.454153060913086,5.7597193717956543,20.8702392578125,23.199628829956055,0.00032857546466402709,0.89229762554168701,-0.26496890187263489,1.5876671075820923,1.1614755392074585,0.90365493297576904,0.94471889734268188,0.061270594596862793,0,0,0,0
52,45,447840,-4.250821590423584,0.025079809129238129,0.0053648245520889759,49.799762725830078,28.430021286010742,7.5610365867614746,18.950763702392578,22.980350494384766,0.00032322632614523172,0.85813581943511963,-0.212892085313797,1.6187715530395508,1.1614755392074585,0.90365493297576904,0.94471889734268188,0.061270594596862793,0,0,0,0
52,60,448200,-0.68085396289825439,0.024694295600056648,0.30864399671554565,51.001781463623047,28.658937454223633,6.5297541618347168,18.330657958984375,21.540653228759766,0.00031549617415294051,0.77484226226806641,-0.13222408294677734,1.6669526100158691,1.1614755392074585,0.90365493297576904,0.94471889734268188,0.061270594596862793,0,0,0,0
52,75,448560,3.4922366142272949,0.0061317291110754013,0.12738697230815887,51.398685455322266,30.117250442504883,0.06650572270154953,18.457574844360352,19.719482421875,0.00031745931482873857,0.66230171918869019,-0.038281619548797607,1.72306227684021,1.1614755392074585,0.90365493297576904,0.94471889734268188,0.061270594596862793,0,0,0,0
52,90,448920,8.670048713684082,0.0042613265104591846,0.082537204027175903,51.209457397460938,30.450738906860352,0,20.153238296508789,18.052150726318359,0.00032034257310442626,0.52447491884231567,0.053618639707565308,1.7779521942138672,1.1614755392074585,0.90365493297576904,0.94471889734268188,0.061270594596862793,0,0,0,0
52,105,449280,12.926080703735352,0.0027903474401682615,0.040774974972009659,51.115463256835938,30.544334411621094,0,23.596090316772461,16.539083480834961,0.00032316279248334467,0.37358424067497253,0.12815994024276733,1.8224740028381348,1.1614755392074585,0.90365493297576904,0.94471889734268188,0.061270594596862793,0,0,0,0
52,120,449640,16.808691024780273,0.0010980250081047416,0.018527934327721596,50.955539703369141,30.596014022827148,0,27.437408447265625,15.174895286560059,0.00032590952469035983,0.23451487720012665,0.17002561688423157,1.8474794626235962,1.1614755392074585,0.90365493297576904,0.94471889734268188,0.061270594596862793,0,0,0,0
52,135,450000,19.894954681396484,0.0043160966597497463,0.10613898932933807,50.666984558105469,30.611978530883789,0,30.292478561401367,14.261537551879883,0.00032859051134437323,0.11930402368307114,0.13113449513912201,1.8337734937667847,1.1614755392074585,0.90365493297576904,0.94471889734268188,0.061270594596862793,0,0,0,0
52,150,450360,21.911664962768555,0,0.00041624956065788865,50.269493103027344,30.602142333984375,0,31.615959167480469,14.048490524291992,0.00033122822060249746,0.039283491671085358,-0.096799641847610474,1.7480449676513672,1.1614755392074585,0.90365493297576904,0.94471889734268188,0.061270594596862793,0,0,0,0
52,165,450720,22.542205810546875,0,0.0014667769428342581,49.825740814208984,30.555332183837891,0,32.3631591796875,14.148959159851074,0.0003338387468829751,0.006015431135892868,-0.44846165180206299,1.6157808303833008,1.1614755392074585,0.90365493297576904,0.94471889734268188,0.061270594596862793,0,0,0,0
52,180,451080,21.813003540039062,0,0.00024438172113150358,49.568336486816406,30.492525100708008,0,33.415378570556641,14.170805931091309,0.00033641658956184983,0.00032127904705703259,-0.8413662314414978,1.4680051803588867,1.1614755392074585,0.90365493297576904,0.94471889734268188,0.061270594596862793,0,0,0,0
52,195,451440,20.077102661132812,0,0.00023018111824057996,49.651630401611328,30.424909591674805,0,35.214347839355469,13.917316436767578,0.00033893651561811566,2.7185988074052148E-06,-1.1930283308029175,1.3357412815093994,1.1614755392074585,0.90365493297576904,0.94471889734268188,0.061270594596862793,0,0,0,0
52,210,451800,17.404703140258789,0.00026338547468185425,0.0049224481917917728,49.906070709228516,30.355813980102539,0,38.227031707763672,13.216196060180664,0.00034137634793296456,1.6832350624440551E-08,-1.4209624528884888,1.2500126361846924,1.1614755392074585,0.90365493297576904,0.94471889734268188,0.061270594596862793,0,0,0,0
52,225,452160,14.086069107055664,1.5663124486309243E-06,0.00023577465617563576,50.246025085449219,30.291763305664062,0,42.151058197021484,12.219609260559082,0.00034371690708212554,6.2556609918829054E-06,-1.4638814926147461,1.2390478849411011,1.1614755392074585,0.90365493297576904,0.94471889734268188,0.061270594596862793,0,0,0,0
52,240,452520,10.194901466369629,0.00018646828539203852,0.00094031961634755135,50.664894104003906,30.249698638916016,0,45.864078521728516,11.267340660095215,0.00034595708712004125,0.0029807446990162134,-1.4625200033187866,1.2905166149139404,1.1614755392074585,0.90365493297576904,0.94471889734268188,0.061270594596862793,0,0,0,0
52,255,452880,6.0507392883300781,0.00019098952179774642,0.00060424284311011434,51.117321014404297,30.240392684936523,0,48.547332763671875,10.400982856750488,0.00034810969373211265,0.021087625995278358,-1.4601848125457764,1.3788024187088013,1.1614755392074585,0.90365493297576904,0.94471889734268188,0.061270594596862793,0,0,0,0
52,270,453240,1.0451704263687134,0.00017338956240564585,0.0029817114118486643,51.697341918945312,30.252353668212891,0,49.483993530273438,9.6074790954589844,0.00035019908682443202,0.1907438188791275,-1.4574719667434692,1.4813642501831055,1.6489806175231934,0.90365493297576904,0.94471889734268188,0.061270594596862793,0,0,0,1
52,285,453600,-2.7716081142425537,0.0083103161305189133,0.043129608035087585,52.216098785400391,30.264453887939453,0.037686485797166824,49.333675384521484,8.9645700454711914,0.00034864101326093078,0.16842401027679443,-1.4549777507781982,1.5756610631942749,1.1614755392074585,0.90365493297576904,0.94471889734268188,0.061270594596862793,0,0,0,0
52,300,453960,-6.1046972274780273,0.00038240777212195098,0.011988028883934021,52.766677856445312,30.275306701660156,0.17125906050205231,47.112651824951172,10.310303688049316,0.00033895374508574605,0.29262861609458923,-1.4532983303070068,1.6391515731811523,1.1614755392074585,0.90365493297576904,0.94471889734268188,0.061270594596862793,0,0,0,0
52,315,454320,-8.7296657562255859,0.0019497007597237825,0.013055874966084957,53.179309844970703,30.277124404907227,0.74009948968887329,42.277267456054688,14.02445125579834,0.0003351708292029798,0.42532756924629211,-1.4379340410232544,1.6523115634918213,1.1614755392074585,0.90365493297576904,0.94471889734268188,0.061270594596862793,0,0,0,0
52,330,454680,-10.338274955749512,0.012024287134408951,0.15458756685256958,53.183254241943359,30.225622177124023,1.3978022336959839,37.201549530029297,17.632022857666016,0.00033343190443702042,0.52341586351394653,-1.2465262413024902,1.6405514478683472,1.1614755392074585,0.90365493297576904,0.94471889734268188,0.061270594596862793,0,0,0,0
52,345,455040,-10.975569725036621,0.012702589854598045,0.061673574149608612,53.158283233642578,30.163318634033203,2.8742191791534424,32.713626861572266,20.363616943359375,0.00033177848672494292,0.67323720455169678,-0.92332965135574341,1.6206938028335571,1.1614755392074585,0.90365493297576904,0.94471889734268188,0.061270594596862793,0,0,0,0
52,360,455400,-9.9232568740844727,0.016828848049044609,0.026026448234915733,53.133739471435547,30.102870941162109,3.8221893310546875,28.764316558837891,22.343568801879883,0.0003301992837805301,0.70538032054901123,0.045479536056518555,1.0675342082977295,1.1140314340591431,0.92443364858627319,0.8443373441696167,-3.904691219329834,0,0,0,0
52,365,455520,-9.5895185470581055,0.010333376005291939,0.025286357849836349,53.125564575195312,30.08308219909668,4.0195884704589844,27.556358337402344,22.859100341796875,0.00032968784216791391,0.70766478776931763,0.12024092674255371,0.96342962980270386,1.1052454710006714,0.92828154563903809,0.82574814558029175,-4.6391286849975586,0,0,0,0
53,15,455880,-8.4275732040405273,0.014664399437606335,0.031149864196777344,53.10137939453125,30.024639129638672,5.5180058479309082,24.229133605957031,24.024639129638672,0.00032819501939229667,0.77467554807662964,-0.031465530395507812,1.088554859161377,1.1173911094665527,0.92296218872070312,0.85144585371017456,-3.6238422393798828,0,0,0,0
53,30,456240,-6.0530061721801758,0.012814442627131939,0.0085887257009744644,53.457443237304688,29.989944458007812,5.741706371307373,21.501113891601562,24.51765251159668,0.00032690394436940551,0.73402202129364014,0.058453798294067383,0.95010966062545776,1.1052454710006714,0.92828154563903809,0.82574814558029175,-4.6391286849975586,0,0,0,0
53,45,456600,-2.9774727821350098,0.012698396109044552,0.020852768793702126,53.753131866455078,30.067510604858398,6.013939380645752,19.95286750793457,23.836652755737305,0.00031876561115495861,0.68700128793716431,0.17225587368011475,0.94229716062545776,1.1052454710006714,0.92828154563903809,0.82574814558029175,-4.6391286849975586,0,0,0,0
53,60,456960,-7.2182655334472656,0.017739608883857727,0.022275334224104881,54.991165161132812,30.338323593139648,6.0983638763427734,19.034687042236328,22.638832092285156,0.00031170816509984434,0.59075522422790527,-8.0624179840087891,0.93019527196884155,1.1052454710006714,0.92828154563903809,0.82574814558029175,-4.6391286849975586,0,1,0,0
53,75,457320,5.2483148574829102,0.00013546846457757056,0.025207027792930603,55.620498657226562,31.603200912475586,0.00052308931481093168,18.905511856079102,21.113677978515625,0.00031112722354009748,0.48602780699729919,0.55382746458053589,0.91610193252563477,1.1052454710006714,0.92828154563903809,0.82574814558029175,-4.6391286849975586,0,0,0,0
53,90,457680,10.499941825866699,3.3886858545884024E-06,0.0038430399727076292,55.329490661621094,31.743246078491211,0,21.161548614501953,19.317934036254883,0.00031393545214086771,0.36802002787590027,0.75465470552444458,0.90231496095657349,1.1052454710006714,0.92828154563903809,0.82574814558029175,-4.6391286849975586,0,0,0,0
53,105,458040,14.838141441345215,0.00060929165920242667,0.0034325236920267344,55.079860687255859,31.680334091186523,0,24.795270919799805,17.684783935546875,0.000316682766424492,0.23919044435024261,0.91754776239395142,0.89113223552703857,1.1052454710006714,0.92828154563903809,0.82574814558029175,-4.6391286849975586,0,0,0,0
53,120,458400,18.629770278930664,0,0.00064311799360439181,54.727264404296875,31.607231140136719,0,28.490280151367188,16.257200241088867,0.00031936255982145667,0.12142930179834366,1.0090357065200806,0.88485157489776611,1.1052454710006714,0.92828154563903809,0.82574814558029175,-4.6391286849975586,0,0,0,0
53,135,458760,21.593292236328125,0,0.0004596040234901011,54.275016784667969,31.538244247436523,0,30.494537353515625,15.5576171875,0.00032198734697885811,0.042504496872425079,1.0091813802719116,0.88543462753295898,1.1052454710006714,0.92828154563903809,0.82574814558029175,-4.6391286849975586,0,0,0,0
53,150,459120,23.525060653686523,0,0.00028044468490406871,53.756999969482422,31.475286483764648,0,31.188390731811523,15.489667892456055,0.00032458140049129725,0.0077506713569164276,0.9617573618888855,0.89182960987091064,1.1052454710006714,0.92828154563903809,0.82574814558029175,-4.6391286849975586,0,0,0,0
53,165,459480,24.278604507446289,0,0.00012553705892059952,53.20477294921875,31.41651725769043,0,31.687643051147461,15.589681625366211,0.00032715461566112936,0.00014801580982748419,0.88859045505523682,0.90169590711593628,1.1052454710006714,0.92828154563903809,0.82574814558029175,-4.6391286849975586,0,0,0,0
53,180,459840,23.799289703369141,0,0.00011978813563473523,52.640960693359375,31.36046028137207,0,32.240077972412109,15.717532157897949,0.00032970748725347221,1.0612251344355172E-06,0.80684256553649902,0.91271936893463135,1.1052454710006714,0.92828154563903809,0.82574814558029175,-4.6391286849975586,0,0,0,0
53,195,460200,22.086517333984375,0,0.00011984171578660607,52.096904754638672,31.306146621704102,0,32.972053527832031,15.778559684753418,0.00033223794889636338,5.7781051054917043E-09,0.73367565870285034,0.92258566617965698,1.1052454710006714,0.92828154563903809,0.82574814558029175,-4.6391286849975586,0,0,0,0
53,210,460560,19.312850952148438,0,0.00012352762860246003,51.686893463134766,31.252513885498047,0,34.850227355957031,15.414837837219238,0.00033473625080659986,1.8315087293996335E-11,0.68625158071517944,0.92898064851760864,1.1052454710006714,0.92828154563903809,0.82574814558029175,-4.6391286849975586,0,0,0,0
53,225,460920,15.735723495483398,1.467559854972933E-06,0.00014725468645337969,51.460971832275391,31.199264526367188,0,38.720867156982422,14.371709823608398,0.00033716950565576553,3.5865373984502597E-14,0.67541265487670898,0.93128484487533569,1.1052454710006714,0.92828154563903809,0.82574814558029175,-4.6391286849975586,0,0,0,0
53,240,461280,11.625329971313477,0.0001050995197147131,0.00013630137254949659,51.416801452636719,31.147781372070312,0,42.980800628662109,13.216311454772949,0.00033950863871723413,0.00016257820243481547,0.65690553188323975,0.94207274913787842,1.1052454710006714,0.92828154563903809,0.82574814558029175,-4.6391286849975586,0,0,0,0
53,255,461640,7.2988734245300293,0.0001584300771355629,0.00025890616234391928,51.511405944824219,31.101951599121094,0,46.31884765625,12.170976638793945,0.00034175461041741073,0.105263352394104,0.62515980005264282,0.96057754755020142,1.5667152404785156,0.92828154563903809,0.82574814558029175,-4.6391286849975586,0,0,0,1
53,270,462000,2.2276692390441895,0.00068588514113798738,0.0024052651133388281,51.818637847900391,31.061016082763672,0,47.772064208984375,11.220459938049316,0.00034392997622489929,0.054480172693729401,0.58828067779541016,0.98207461833953857,1.1052454710006714,0.92828154563903809,0.82574814558029175,-4.6391286849975586,0,0,0,0
53,285,462360,-1.5799274444580078,0.00010121359082404524,0.001876476570032537,52.116359710693359,31.031686782836914,5.9464500878902982E-08,47.823585510253906,10.357447624206543,0.00034533906728029251,0.13187742233276367,0.55437356233596802,1.001839280128479,1.1052454710006714,0.92828154563903809,0.82574814558029175,-4.6391286849975586,0,0,0,0
53,300,462720,-4.8255300521850586,7.1330403443425894E-05,0.0054621431045234203,52.442722320556641,31.006673812866211,0.010000807233154774,46.587825775146484,10.637308120727539,0.00033651012927293777,0.24449291825294495,0.53154361248016357,1.0151469707489014,1.1052454710006714,0.92828154563903809,0.82574814558029175,-4.6391286849975586,0,0,0,0
53,315,463080,-7.3095870018005371,0.00046325856237672269,0.0055443118326365948,52.770294189453125,30.979558944702148,0.030394300818443298,42.747112274169922,13.378701210021973,0.00032921062665991485,0.37380942702293396,0.52020353078842163,1.0172538757324219,1.1052454710006714,0.92828154563903809,0.82574814558029175,-4.6391286849975586,0,0,0,0
53,330,463440,-9.0121116638183594,0.0045526702888309956,0.031299211084842682,52.959003448486328,30.943613052368164,0.25598904490470886,37.848850250244141,16.878866195678711,0.00032759684836491942,0.48895531892776489,0.44006502628326416,1.0064692497253418,1.1052454710006714,0.92828154563903809,0.82574814558029175,-4.6391286849975586,0,0,0,0
53,345,463800,-9.8630247116088867,0.0065431250259280205,0.037850119173526764,52.945396423339844,30.893142700195312,0.89169442653656006,33.289741516113281,19.747020721435547,0.00032598053803667426,0.58850234746932983,0.3047492504119873,0.98825943470001221,1.1052454710006714,0.92828154563903809,0.82574814558029175,-4.6391286849975586,0,0,0,0
53,360,464160,-9.2500343322753906,0.0047797146253287792,0.023920217528939247,52.920524597167969,30.841398239135742,1.3781734704971313,29.269357681274414,21.853822708129883,0.00032443582313135266,0.72973525524139404,0.55487525463104248,0.81287527084350586,1.1288187503814697,0.78166913986206055,0.76898694038391113,-7.6032533645629883,0,0,0,0
53,365,464280,-8.8790683746337891,0.0048144054599106312,0.022677864879369736,52.912788391113281,30.824115753173828,1.5662961006164551,28.042034149169922,22.405275344848633,0.0003239354700781405,0.76623475551605225,0.59414410591125488,0.76267552375793457,1.1331841945648193,0.75451868772506714,0.75847560167312622,-8.152165412902832,0,0,0,0
54,15,464640,-8.3632240295410156,0.0039218575693666935,0.04641525074839592,52.888877868652344,30.772361755371094,2.7417910099029541,24.652708053588867,23.675949096679688,0.00032247445778921247,0.77087855339050293,-1.2907522916793823,0.77132916450500488,1.1271494626998901,0.79205143451690674,0.77300649881362915,-7.3933496475219727,0,1,0,0
54,30,465000,-5.0297222137451172,0.0075620594434440136,0.0064078965224325657,53.301082611083984,30.723123550415039,2.6929728984832764,22.073646545410156,24.059415817260742,0.00031931334524415433,0.84121823310852051,0.52255344390869141,0.72361612319946289,1.1331841945648193,0.75451868772506714,0.75847560167312622,-8.152165412902832,0,0,0,0
54,45,465360,-1.941956639289856,0.0042846947908401489,0.022157920524477959,53.8197021484375,30.715505599975586,2.302187442779541,20.922262191772461,23.048233032226562,0.00031091290293261409,0.7262454628944397,0.51623165607452393,0.74892038106918335,1.1331841945648193,0.75451868772506714,0.75847560167312622,-8.152165412902832,0,0,0,0
54,60,465720,1.8119134902954102,0.00037912896368652582,0.054062306880950928,54.559299468994141,30.796527862548828,0.069894447922706604,20.799293518066406,21.177925109863281,0.00030863386928103864,0.94438135623931885,0.50643908977508545,0.78811728954315186,1.4920902252197266,0.75451868772506714,0.75847560167312622,-8.152165412902832,0,0,0,1
54,75,466080,5.841005802154541,0.0016052410937845707,0.030145641416311264,54.495376586914062,30.813371658325195,0,21.45796012878418,19.383626937866211,0.0003114852006547153,0.51700913906097412,0.49503505229949951,0.83376419544219971,1.1331841945648193,0.75451868772506714,0.75847560167312622,-8.152165412902832,0,0,0,0
54,90,466440,10.930009841918945,5.530851922230795E-06,0.0018682359950616956,54.333717346191406,30.800514221191406,0,23.975019454956055,17.747512817382812,0.00031429453520104289,0.38007351756095886,0.48387885093688965,0.87841892242431641,1.1331841945648193,0.75451868772506714,0.75847560167312622,-8.152165412902832,0,0,0,0
54,105,466800,14.993669509887695,3.2264370730672454E-08,0.00071402342291548848,54.060409545898438,30.761911392211914,0,27.774724960327148,16.260461807250977,0.00031703893910162151,0.24942392110824585,0.47482991218566895,0.91463875770568848,1.1331841945648193,0.75451868772506714,0.75847560167312622,-8.152165412902832,0,0,0,0
54,120,467160,18.564311981201172,8.8881060946732759E-05,0.0021210173144936562,53.675777435302734,30.719730377197266,0,31.592901229858398,14.975435256958008,0.00031971285352483392,0.13403598964214325,0.46974766254425049,0.93498134613037109,1.1331841945648193,0.75451868772506714,0.75847560167312622,-8.152165412902832,0,0,0,0
54,135,467520,21.449363708496094,0,0.00027267463156022131,53.185531616210938,30.678733825683594,0,33.637470245361328,14.455286026000977,0.00032233030651696026,0.047681853175163269,0.5199286937713623,0.93569976091384888,1.1331841945648193,0.75451868772506714,0.75847560167312622,-8.152165412902832,0,0,0,0
54,150,467880,23.531826019287109,0,0.00010974533506669104,52.628513336181641,30.638616561889648,0,34.252056121826172,14.613892555236816,0.00032491720048710704,0.0079161496832966805,0.78825139999389648,0.92878603935241699,1.1331841945648193,0.75451868772506714,0.75847560167312622,-8.152165412902832,0,0,0,0
54,165,468240,24.589784622192383,0,0.00011344244558131322,52.037410736083984,30.599147796630859,0,34.620254516601562,14.942663192749023,0.00032748412922956049,0.00035250693326815963,1.2022256851196289,0.91811937093734741,1.1331841945648193,0.75451868772506714,0.75847560167312622,-8.152165412902832,0,0,0,0
54,180,468600,24.4688720703125,0,7.3531417001504451E-05,51.437423706054688,30.560262680053711,0,35.008197784423828,15.292564392089844,0.00033003115095198154,2.7776877686847001E-06,1.6647504568099976,0.90620177984237671,1.1331841945648193,0.75451868772506714,0.75847560167312622,-8.152165412902832,0,0,0,0
54,195,468960,23.087667465209961,0,7.0212379796430469E-05,50.854095458984375,30.521791458129883,0,35.475696563720703,15.578427314758301,0.00033255809103138745,1.6750163922552019E-08,2.0787248611450195,0.89553505182266235,1.1331841945648193,0.75451868772506714,0.75847560167312622,-8.152165412902832,0,0,0,0
54,210,469320,20.477827072143555,0,0.00010535471665207297,50.373325347900391,30.483989715576172,0,36.699264526367188,15.530962944030762,0.00033505819737911224,6.4508218211578594E-11,2.3470473289489746,0.88862133026123047,1.1331841945648193,0.75451868772506714,0.75847560167312622,-8.152165412902832,0,0,0,0
54,225,469680,16.831769943237305,1.5480217143704067E-06,7.4949508416466415E-05,50.069103240966797,30.446859359741211,0,40.069248199462891,14.680091857910156,0.0003375049855094403,4.822773291834892E-08,2.3793621063232422,0.88837170600891113,1.1331841945648193,0.75451868772506714,0.75847560167312622,-8.152165412902832,0,0,0,0
54,240,470040,12.482008934020996,8.7223314039874822E-05,8.0473997513763607E-05,49.936069488525391,30.410482406616211,0,44.385826110839844,13.513960838317871,0.00033986524795182049,0.0034086066298186779,2.1985435485839844,0.89876854419708252,1.1331841945648193,0.75451868772506714,0.75847560167312622,-8.152165412902832,0,0,0,0
54,255,470400,7.8634352684020996,9.4258139142766595E-05,0.00023580358538310975,49.949302673339844,30.376874923706055,0,47.880844116210938,12.456377983093262,0.0003421358997002244,0.024690449237823486,1.888380765914917,0.91660243272781372,1.1331841945648193,0.75451868772506714,0.75847560167312622,-8.152165412902832,0,0,0,0
54,270,470760,2.4617311954498291,9.6768097137100995E-05,0.00046590168494731188,50.1324462890625,30.348062515258789,0,49.497989654541016,11.497539520263672,0.0003443349851295352,0.090804576873779297,1.5280640125274658,0.93732017278671265,1.1331841945648193,0.75451868772506714,0.75847560167312622,-8.152165412902832,0,0,0,0
54,285,471120,-1.5908640623092651,8.773050649324432E-05,0.0010960897197946906,50.372550964355469,30.324001312255859,0,49.559005737304688,10.628222465515137,0.00034596910700201988,0.19627805054187775,1.1967836618423462,0.95636826753616333,1.1331841945648193,0.75451868772506714,0.75847560167312622,-8.152165412902832,0,0,0,0
54,300,471480,-4.9265437126159668,0.0022005257196724415,0.0036153867840766907,50.650669097900391,30.304229736328125,0.018665354698896408,48.221576690673828,10.983498573303223,0.00033713676384650171,0.31799915432929993,0.97373044490814209,0.96919357776641846,1.1331841945648193,0.75451868772506714,0.75847560167312622,-8.152165412902832,0,0,0,0
54,315,471840,-7.3072237968444824,0.0001316812849836424,0.0031669235322624445,50.988670349121094,30.285341262817383,0.06111450120806694,44.170074462890625,13.895941734313965,0.00032997914240695536,0.37083345651626587,0.91916018724441528,0.96880310773849487,1.1331841945648193,0.75451868772506714,0.75847560167312622,-8.152165412902832,0,0,0,0
54,330,472200,-8.8197317123413086,0.0035673484671860933,0.023315794765949249,51.1771240234375,30.261262893676758,0.18176715075969696,39.114616394042969,17.501972198486328,0.00032839606865309179,0.57840240001678467,0.8540382981300354,0.9275023341178894,1.1331841945648193,0.75451868772506714,0.75847560167312622,-8.152165412902832,0,0,0,0
54,345,472560,-9.4575748443603516,0.0095451287925243378,0.028975220397114754,51.180343627929688,30.226493835449219,0.65202617645263672,34.403358459472656,20.46197509765625,0.00032680574804544449,0.67957180738449097,0.74407851696014404,0.85776501893997192,1.1331841945648193,0.75451868772506714,0.75847560167312622,-8.152165412902832,0,0,0,0
54,360,472920,-8.8192129135131836,0.0036346698179841042,0.018908876925706863,51.160423278808594,30.190509796142578,1.0967510938644409,30.248363494873047,22.636211395263672,0.00032529127201996744,0.62164419889450073,1.2156045436859131,0.75722002983093262,1.0667957067489624,0.88342344760894775,0.95666855573654175,-2.983062744140625,0,0,0,0
54,365,473040,-8.6158666610717773,0.0036635398864746094,0.017722105607390404,51.159511566162109,30.17848014831543,1.1646990776062012,28.982330322265625,23.202703475952148,0.00032480168738402426,0.59441429376602173,1.2452285289764404,0.73984158039093018,1.0545015335083008,0.90729469060897827,0.99337095022201538,-2.0258216857910156,0,0,0,0
55,15,473400,-7.4964103698730469,0.0034368247725069523,0.015495572239160538,51.213024139404297,30.142616271972656,1.6046211719512939,25.534444808959961,24.46430778503418,0.00032337551238015294,0.68833053112030029,0.97000420093536377,0.71695452928543091,1.0714969635009766,0.87429505586624146,0.94263356924057007,-3.3491120338439941,0,0,0,0
55,30,473760,-5.3894319534301758,0.0068006860092282295,0.0046384287998080254,51.632503509521484,30.10954475402832,1.6218651533126831,22.881109237670898,24.856868743896484,0.00032108899904415011,0.63160145282745361,1.0868498086929321,0.71803265810012817,1.0545015335083008,0.90729469060897827,0.99337095022201538,-2.0258216857910156,0,0,0,0
55,45,474120,-2.4534487724304199,0.0025625436101108789,0.012353323400020599,51.972892761230469,30.092973709106445,1.5883297920227051,21.51661491394043,23.982170104980469,0.00031243107514455914,0.58970963954925537,1.1210033893585205,0.7373659610748291,1.0545015335083008,0.90729469060897827,0.99337095022201538,-2.0258216857910156,0,0,0,0
55,60,474480,1.2195547819137573,0.00040467214421369135,0.068629398941993713,52.626495361328125,30.105131149291992,0.11964624375104904,21.303306579589844,22.101818084716797,0.00030873055220581591,0.51581066846847534,1.1739081144332886,0.76731365919113159,1.0545015335083008,0.90729469060897827,0.99337095022201538,-2.0258216857910156,0,0,0,0
55,75,474840,5.3104877471923828,7.3761279963946436E-06,0.005177060142159462,52.602287292480469,30.102781295776367,0,21.825597763061523,20.234092712402344,0.00031162472441792488,0.42429167032241821,1.2355186939239502,0.80218935012817383,1.0545015335083008,0.90729469060897827,0.99337095022201538,-2.0258216857910156,0,0,0,0
55,90,475200,10.507868766784668,2.7356354621588252E-06,0.0018093024846166372,52.448184967041016,30.090486526489258,0,24.226226806640625,18.530895233154297,0.00031447916990146041,0.30954012274742126,1.2957898378372192,0.83630692958831787,1.0545015335083008,0.90729469060897827,0.99337095022201538,-2.0258216857910156,0,0,0,0
55,105,475560,14.751644134521484,0.0011250637471675873,0.0049244607798755169,52.183403015136719,30.061752319335938,0,28.044279098510742,16.983358383178711,0.00031726760789752007,0.18762068450450897,1.3446764945983887,0.86398005485534668,1.0545015335083008,0.90729469060897827,0.99337095022201538,-2.0258216857910156,0,0,0,0
55,120,475920,18.555294036865234,0,0.00049708638107404113,51.810176849365234,30.029863357543945,0,31.874359130859375,15.64387035369873,0.00031998349004425108,0.08718997985124588,1.3721333742141724,0.87952250242233276,1.0545015335083008,0.90729469060897827,0.99337095022201538,-2.0258216857910156,0,0,0,0
55,135,476280,21.689586639404297,0,0.00050036364700645208,51.332683563232422,29.997888565063477,0,33.825469970703125,15.109167098999023,0.00032264218316413462,0.025266632437705994,1.4256768226623535,0.88067924976348877,1.0545015335083008,0.90729469060897827,0.99337095022201538,-2.0258216857910156,0,0,0,0
55,150,476640,24.072273254394531,0,0.00018124643247574568,50.78997802734375,29.965827941894531,0,34.313285827636719,15.265756607055664,0.00032527075381949544,0.0016883907373994589,1.6946576833724976,0.87861514091491699,1.0545015335083008,0.90729469060897827,0.99337095022201538,-2.0258216857910156,0,0,0,0
55,165,477000,25.454107284545898,0,6.4438208937644958E-05,50.216358184814453,29.933578491210938,0,34.583789825439453,15.590400695800781,0.00032788098906166852,1.314708060817793E-05,2.1096477508544922,0.87543058395385742,1.0545015335083008,0.90729469060897827,0.99337095022201538,-2.0258216857910156,0,0,0,0
55,180,477360,25.657289505004883,0,9.5165858510881662E-05,49.635768890380859,29.901195526123047,0,34.806774139404297,15.963726997375488,0.00033047259785234928,8.8108386364638136E-08,2.5733072757720947,0.87187254428863525,1.0545015335083008,0.90729469060897827,0.99337095022201538,-2.0258216857910156,0,0,0,0
55,195,477720,24.604192733764648,0,6.003737507853657E-05,49.071956634521484,29.868734359741211,0,35.098030090332031,16.269580841064453,0.00033304526004940271,4.3425227302940073E-10,2.9882972240447998,0.86868798732757568,1.0545015335083008,0.90729469060897827,0.99337095022201538,-2.0258216857910156,0,0,0,0
55,210,478080,22.286752700805664,0,6.1152779380790889E-05,48.549331665039062,29.836238861083984,0,35.634971618652344,16.403963088989258,0.00033559699659235775,1.162583701183606E-12,3.2572784423828125,0.86662387847900391,1.0545015335083008,0.90729469060897827,0.99337095022201538,-2.0258216857910156,0,0,0,0
55,225,478440,18.839761734008789,1.1468189313745825E-06,6.3103630964178592E-05,48.171627044677734,29.803678512573242,0,37.922321319580078,15.846033096313477,0.00033811441971920431,9.2519068900070436E-16,3.2920849323272705,0.86618161201477051,1.0545015335083008,0.90729469060897827,0.99337095022201538,-2.0258216857910156,0,0,0,0
55,240,478800,14.643699645996094,6.544907228089869E-05,6.9547204475384206E-05,47.987155914306641,29.771144866943359,0,42.068767547607422,14.636262893676758,0.00034055655123665929,2.3856920256855595E-19,3.1345703601837158,0.86566621065139771,1.0545015335083008,0.90729469060897827,0.99337095022201538,-2.0258216857910156,0,0,0,0
55,255,479160,10.120217323303223,8.9242712419945747E-05,0.00016275804955512285,47.968315124511719,29.738603591918945,0,45.701267242431641,13.492069244384766,0.00034291014890186489,0.0010152147151529789,2.8643808364868164,0.86478221416473389,1.0545015335083008,0.90729469060897827,0.99337095022201538,-2.0258216857910156,0,0,0,0
55,270,479520,4.7275261878967285,9.3387665401678532E-05,0.00025292264763265848,48.111442565917969,29.707540512084961,0,47.97406005859375,12.456335067749023,0.00034518248867243528,0.015973679721355438,2.5505013465881348,0.86375528573989868,1.0545015335083008,0.90729469060897827,0.99337095022201538,-2.0258216857910156,0,0,0,0
55,285,479880,0.59524774551391602,7.9838478995952755E-05,0.00096491258591413498,48.318881988525391,29.679534912109375,0,48.440872192382812,11.512784957885742,0.00034740191767923534,0.071573786437511444,2.261915922164917,0.86281108856201172,1.0545015335083008,0.90729469060897827,0.99337095022201538,-2.0258216857910156,0,0,0,0
55,300,480240,-2.8987941741943359,6.2658553360961378E-05,0.0015145826619118452,48.548675537109375,29.653654098510742,0,48.101146697998047,10.846070289611816,0.00034419423900544643,0.15753594040870667,2.0676095485687256,0.8621753454208374,1.0545015335083008,0.90729469060897827,0.99337095022201538,-2.0258216857910156,0,0,0,0
55,315,480600,-5.5435390472412109,4.5744112867396325E-05,0.0027679032646119595,48.798377990722656,29.627935409545898,0.02225189097225666,45.749797821044922,12.150347709655762,0.00033472632640041411,0.27786216139793396,2.0124747753143311,0.86014640331268311,1.0545015335083008,0.90729469060897827,0.99337095022201538,-2.0258216857910156,0,0,0,0
55,330,480960,-7.4522604942321777,0.0041777011938393116,0.0030137544963508844,49.057170867919922,29.603017807006836,0.086970806121826172,41.398223876953125,15.242835998535156,0.00032983996788971126,0.39090347290039062,1.8587454557418823,0.83604156970977783,1.0545015335083008,0.90729469060897827,0.99337095022201538,-2.0258216857910156,0,0,0,0
55,345,481320,-8.5830593109130859,0.0031474549323320389,0.011710952967405319,49.196056365966797,29.575626373291016,0.26199436187744141,36.593528747558594,18.491851806640625,0.00032829295378178358,0.49449273943901062,1.5991698503494263,0.79533982276916504,1.0545015335083008,0.90729469060897827,0.99337095022201538,-2.0258216857910156,0,0,0,0
55,360,481680,-13.088823318481445,0.017881371080875397,0.040214706212282181,49.196979522705078,29.541891098022461,2.0973529815673828,32.168830871582031,21.091592788696289,0.00032678092247806489,0.52303999662399292,-2.8841967582702637,1.610811710357666,1.0253782272338867,1.0595138072967529,1.1474068164825439,-5.0873503684997559,0,0,0,0
55,365,481800,-13.58665943145752,0.016874967142939568,0.044539429247379303,49.189769744873047,29.530336380004883,2.8585696220397949,30.811574935913086,21.79176139831543,0.00032629305496811867,0.52373260259628296,-3.8781628608703613,1.7676721811294556,1.0199850797653198,1.0877025127410889,1.1759319305419922,-5.6543002128601074,0,0,0,0
56,15,482160,-11.684515953063965,0.023470127955079079,0.090164721012115479,49.168514251708984,29.49543571472168,3.7365071773529053,27.073570251464844,23.449325561523438,0.00032487281714566052,0.56466150283813477,-3.1310758590698242,1.5372159481048584,1.0274406671524048,1.0487344264984131,1.1364986896514893,-4.8705487251281738,0,0,0,0
56,30,482520,-10.260811805725098,0.02565724216401577,0.27811992168426514,49.147670745849609,29.460134506225586,6.5479040145874023,23.787956237792969,24.521722793579102,0.00032351035042665899,0.521381676197052,-4.3004536628723145,1.7721004486083984,1.0199850797653198,1.0877025127410889,1.1759319305419922,-5.6543002128601074,0,0,0,0
56,45,482880,-7.2027883529663086,0.028889793902635574,0.02710622176527977,49.463348388671875,29.425968170166016,9.2638015747070312,20.934551239013672,25.079118728637695,0.00032221473520621657,0.49507978558540344,-4.177588939666748,1.8131418228149414,1.0199850797653198,1.0877025127410889,1.1759319305419922,-5.6543002128601074,0,0,0,0
56,60,483240,-3.4463441371917725,0.035447757691144943,0.0078059406951069832,49.831985473632812,29.403179168701172,12.005203247070312,19.185338973999023,24.521697998046875,0.0003160376800224185,0.43654769659042358,-3.987269401550293,1.876716136932373,1.0199850797653198,1.0877025127410889,1.1759319305419922,-5.6543002128601074,0,0,0,0
56,75,483600,0.83443421125411987,0.025807857513427734,0.47883808612823486,51.641902923583984,29.784088134765625,8.6617488861083984,18.874263763427734,22.658121109008789,0.00031218264484778047,0.33514809608459473,-3.7656311988830566,1.9507516622543335,1.0199850797653198,1.0877025127410889,1.1759319305419922,-5.6543002128601074,0,0,0,0
56,90,483960,6.2250609397888184,0.0091112786903977394,0.21527013182640076,51.789520263671875,31.195215225219727,0.086655877530574799,19.737985610961914,20.730039596557617,0.00031510027474723756,0.23087887465953827,-3.5488114356994629,2.0231778621673584,1.0199850797653198,1.0877025127410889,1.1759319305419922,-5.6543002128601074,0,0,0,0
56,105,484320,10.445352554321289,0.0070235300809144974,0.17959423363208771,51.746101379394531,31.247896194458008,0,22.85053825378418,18.978643417358398,0.00031796353869140148,0.12770210206508636,-3.3729462623596191,2.0819234848022461,1.0199850797653198,1.0877025127410889,1.1759319305419922,-5.6543002128601074,0,0,0,0
56,120,484680,14.125832557678223,0.010120988823473454,0.24911703169345856,51.63690185546875,31.263181686401367,0,26.942756652832031,17.391921997070312,0.00032075017224997282,0.043041259050369263,-3.2741727828979492,2.1149177551269531,1.0199850797653198,1.0877025127410889,1.1759319305419922,-5.6543002128601074,0,0,0,0
56,135,485040,17.061347961425781,0.025400204584002495,0.21645165979862213,51.415534973144531,31.274372100830078,0,30.805469512939453,16.02031135559082,0.00032346023363061249,0.0055470331571996212,-3.2394461631774902,2.108466625213623,1.0199850797653198,1.0877025127410889,1.1759319305419922,-5.6543002128601074,0,0,0,0
56,150,485400,19.150852203369141,0.0057872417382895947,0.031806770712137222,51.102230072021484,31.288225173950195,0,33.546607971191406,15.172420501708984,0.00032610751804895699,8.0330159107688814E-05,-3.1076455116271973,2.0569353103637695,1.0199850797653198,1.0877025127410889,1.1759319305419922,-5.6543002128601074,0,0,0,0
56,165,485760,20.019439697265625,0.00014238229778129607,0.0027422844432294369,50.745159149169922,31.307373046875,0,35.412391662597656,14.783746719360352,0.00032870855648070574,5.5754128425178351E-07,-2.9043006896972656,1.9774317741394043,1.0199850797653198,1.0877025127410889,1.1759319305419922,-5.6543002128601074,0,0,0,0
56,180,486120,19.559770584106445,2.1379109682584385E-07,0.00075228087371215224,50.533775329589844,31.321662902832031,0,37.412082672119141,14.419471740722656,0.00033125968184322119,3.2464373411755787E-09,-2.6771073341369629,1.8886040449142456,1.0199850797653198,1.0877025127410889,1.1759319305419922,-5.6543002128601074,0,0,0,0
56,195,486480,21.582490921020508,0,0.00035835499875247478,50.559360504150391,31.317562103271484,0,39.944000244140625,13.889448165893555,0.0003337369707878679,1.0536633197888445E-11,-0.53749394416809082,1.8091005086898804,1.0199850797653198,1.0877025127410889,1.1759319305419922,-5.6543002128601074,1,0,0,0
56,210,486840,15.464556694030762,1.0071603639971727E-07,0.00043634843314066529,51.215000152587891,31.286373138427734,0,41.360626220703125,13.875473976135254,0.00033616161090321839,2.0465574696623516E-14,-2.3419616222381592,1.7575691938400269,1.0199850797653198,1.0877025127410889,1.1759319305419922,-5.6543002128601074,0,0,0,0
56,225,487200,12.056396484375,6.5139424805238377E-06,0.00091139663709327579,51.966865539550781,31.274978637695312,0,45.443492889404297,12.777193069458008,0.00033847117447294295,2.0325483666014221E-17,-2.3102178573608398,1.7483431100845337,1.0199850797653198,1.0877025127410889,1.1759319305419922,-5.6543002128601074,0,0,0,0
56,240,487560,8.1623306274414062,0.00027465634047985077,0.00273174699395895,52.757976531982422,31.27940559387207,0,49.059883117675781,11.767139434814453,0.00034067203523591161,7.0115189141233122E-22,-2.2428352832794189,1.7533468008041382,1.0199850797653198,1.0877025127410889,1.1759319305419922,-5.6543002128601074,0,0,0,0
56,255,487920,4.1241421699523926,0.00024988342192955315,0.0064534945413470268,53.479724884033203,31.307367324829102,0,51.195182800292969,10.842549324035645,0.0003427848860155791,0.0001770318194758147,-2.1272521018981934,1.7619298696517944,1.0199850797653198,1.0877025127410889,1.1759319305419922,-5.6543002128601074,0,0,0,0
56,270,488280,-0.66420930624008179,0.00020675394625868648,0.013170112855732441,54.209861755371094,31.355905532836914,3.3824306910901214E-07,51.664684295654297,9.9915475845336914,0.00034484127536416054,0.013434702530503273,-1.9929788112640381,1.7719007730484009,1.0199850797653198,1.0877025127410889,1.1759319305419922,-5.6543002128601074,0,0,0,0
56,285,488640,-4.2540788650512695,0.00036587912472896278,0.02115689218044281,54.790317535400391,31.40812873840332,0.22388476133346558,51.029518127441406,9.730443000793457,0.00033907953184098005,0.056748531758785248,-1.8695261478424072,1.7810683250427246,1.0199850797653198,1.0877025127410889,1.1759319305419922,-5.6543002128601074,0,0,0,0
56,300,489000,-7.3209443092346191,0.0014651840319857001,0.015176758170127869,55.273025512695312,31.455158233642578,0.67086678743362427,47.448993682861328,12.308184623718262,0.00033025472657755017,0.13600541651248932,-1.7864046096801758,1.787240743637085,1.0199850797653198,1.0877025127410889,1.1759319305419922,-5.6543002128601074,0,0,0,0
56,315,489360,-9.7507457733154297,0.019540175795555115,0.061955586075782776,55.485877990722656,31.470952987670898,1.4273205995559692,42.042995452880859,16.386360168457031,0.00032853885204531252,0.23743061721324921,-1.8005740642547607,1.7882862091064453,1.0199850797653198,1.0877025127410889,1.1759319305419922,-5.6543002128601074,0,0,0,0
56,330,489720,-11.708624839782715,0.028111541643738747,0.31887823343276978,55.436775207519531,31.42082405090332,2.4873194694519043,36.988071441650391,19.766733169555664,0.00032681346056051552,0.31890076398849487,-2.2168502807617188,1.7841559648513794,1.0199850797653198,1.0877025127410889,1.1759319305419922,-5.6543002128601074,0,0,0,0
56,345,490080,-13.08521842956543,0.020027864724397659,0.1406746506690979,55.392787933349609,31.363710403442383,4.4442353248596191,32.538471221923828,22.274312973022461,0.00032517046201974154,0.40777391195297241,-2.9197421073913574,1.7771817445755005,1.0199850797653198,1.0877025127410889,1.1759319305419922,-5.6543002128601074,0,0,0,0
56,360,490440,-9.3159933090209961,0.011542746797204018,0.036799080669879913,55.351593017578125,31.303609848022461,5.6634273529052734,28.622026443481445,24.054548263549805,0.00032360065961256623,0.37840366363525391,0.48935627937316895,1.3940426111221313,0.95501303672790527,0.88734191656112671,1.2210171222686768,-3.9051227569580078,0,0,0,0
56,365,490560,-8.6092281341552734,0.013491841033101082,0.031271696090698242,55.338565826416016,31.282907485961914,6.056767463684082,27.425348281860352,24.507049560546875,0.00032309212838299572,0.36296755075454712,1.1424834728240967,1.3503910303115845,0.94298118352890015,0.85023808479309082,1.2293661832809448,-3.5812010765075684,0,0,0,0
57,15,490920,-8.3546581268310547,0.026229590177536011,0.04259895533323288,55.3017578125,31.218681335449219,8.0904340744018555,24.122888565063477,25.501453399658203,0.0003216069599147886,0.43185019493103027,-0.20821738243103027,1.4790737628936768,0.95961403846740723,0.90153038501739502,1.2178243398666382,-4.0289907455444336,0,0,0,0
57,30,491280,-5.3765621185302734,0.020531723275780678,0.013666915707290173,55.611412048339844,31.228229522705078,9.2492942810058594,21.55963134765625,25.700370788574219,0.0003191856958437711,0.37563276290893555,0.86259394884109497,1.3980400562286377,0.94298118352890015,0.85023808479309082,1.2293661832809448,-3.5812010765075684,0,0,0,0
57,45,491640,-2.6275513172149658,0.030998639762401581,0.079821974039077759,55.837520599365234,31.31165885925293,9.8543720245361328,20.240406036376953,24.693681716918945,0.00031054648570716381,0.34118273854255676,0.68992030620574951,1.3675417900085449,0.94298118352890015,0.85023808479309082,1.2293661832809448,-3.5812010765075684,0,0,0,0
57,60,492000,0.68951570987701416,0.0093880873173475266,0.43835389614105225,56.732307434082031,31.825212478637695,4.9807329177856445,19.99589729309082,22.760402679443359,0.00030609156237915158,0.28453272581100464,0.42244547605514526,1.3202997446060181,0.94298118352890015,0.85023808479309082,1.2293661832809448,-3.5812010765075684,0,0,0,0
57,75,492360,4.4606232643127441,0.009122408926486969,0.10019208490848541,56.745033264160156,32.319553375244141,0.017227882519364357,20.334133148193359,20.815385818481445,0.00030891961068846285,0.20837704837322235,0.11095583438873291,1.2652835845947266,0.94298118352890015,0.85023808479309082,1.2293661832809448,-3.5812010765075684,0,0,0,0
57,90,492720,9.183192253112793,0.0009591850102879107,0.022753389552235603,56.688613891601562,32.372104644775391,0,22.264335632324219,19.040742874145508,0.00031172353192232549,1.9318640232086182,-0.19376242160797119,1.2114632129669189,1.2444672584533691,0.85023808479309082,1.2293661832809448,-3.5812010765075684,0,0,0,1
57,105,493080,13.166207313537598,0.0034020051825791597,0.019441846758127213,56.485832214355469,32.399814605712891,0,25.740386962890625,17.427352905273438,0.0003144674701616168,0.064250960946083069,-0.44092261791229248,1.1678091287612915,0.94298118352890015,0.85023808479309082,1.2293661832809448,-3.5812010765075684,0,0,0,0
57,120,493440,16.815792083740234,2.0456882054986636E-07,0.0014465191634371877,56.161163330078125,32.364761352539062,0,29.623891830444336,15.968338012695312,0.0003171432763338089,0.0092355385422706604,-0.57973861694335938,1.1432911157608032,0.94298118352890015,0.85023808479309082,1.2293661832809448,-3.5812010765075684,0,0,0,0
57,135,493800,19.931507110595703,0.0008034610073082149,0.0030126012861728668,55.696498870849609,32.308525085449219,0,32.439220428466797,15.016014099121094,0.00031975732417777181,0.00019990785222034901,-0.54663515090942383,1.1440147161483765,0.94298118352890015,0.85023808479309082,1.2293661832809448,-3.5812010765075684,0,0,0,0
57,150,494160,22.244220733642578,0,0.0006369986804202199,55.148635864257812,32.253189086914062,0,33.561801910400391,14.865480422973633,0.00032233077217824757,1.4562880323865102E-06,-0.29826605319976807,1.1607617139816284,0.94298118352890015,0.85023808479309082,1.2293661832809448,-3.5812010765075684,0,0,0,0
57,165,494520,28.622219085693359,0,0.00051339570200070739,54.548389434814453,32.201362609863281,0,33.778697967529297,15.202334403991699,0.00032487770658917725,9.190713079476609E-09,5.0760726928710938,1.1865992546081543,0.94298118352890015,0.85023808479309082,1.2293661832809448,-3.5812010765075684,1,0,0,0
57,180,494880,23.580760955810547,0,0.00034074042923748493,53.944564819335938,32.153251647949219,0,33.971176147460938,15.561936378479004,0.00032740776077844203,4.1310625059631789E-11,0.51305317878723145,1.2154669761657715,0.94298118352890015,0.85023808479309082,1.2293661832809448,-3.5812010765075684,0,0,0,0
57,195,495240,22.267021179199219,0.0001291094085900113,0.00039729580748826265,53.421985626220703,32.108833312988281,0,34.774215698242188,15.646026611328125,0.00032991563784889877,1.0744960558242353E-13,0.89624261856079102,1.2413046360015869,0.94298118352890015,0.85023808479309082,1.2293661832809448,-3.5812010765075684,0,0,0,0
57,210,495600,19.792129516601562,0,0.00021890398056712002,53.193592071533203,32.066295623779297,0,36.717475891113281,15.288891792297363,0.00033237686147913337,1.5444508916148274E-16,1.1446118354797363,1.2580516338348389,0.94298118352890015,0.85023808479309082,1.2293661832809448,-3.5812010765075684,0,0,0,0
57,225,495960,16.305662155151367,2.2484178771264851E-05,0.00034379903809167445,53.254096984863281,32.023170471191406,0,40.522789001464844,14.276629447937012,0.00033474952215328813,1.3129972279903748E-19,1.2051331996917725,1.2591472864151001,0.94298118352890015,0.85023808479309082,1.2293661832809448,-3.5812010765075684,0,0,0,0
57,240,496320,12.387618064880371,0.0002019644743995741,0.00030180142493918538,53.561317443847656,31.981111526489258,0,44.756202697753906,13.122056007385254,0.00033701403299346566,3.597948834780532E-23,1.3390220403671265,1.2387948036193848,0.94298118352890015,0.85023808479309082,5.5,-3.5812010765075684,0,0,1,0
57,255,496680,8.4221553802490234,0.00046013234532438219,0.0012660555075854063,53.953090667724609,31.950860977172852,0,48.202533721923828,12.071210861206055,0.00033918023109436035,5.4192128775819033E-27,1.5686855316162109,1.2038836479187012,0.94298118352890015,0.85023808479309082,1.2293661832809448,-3.5812010765075684,0,0,0,0
57,270,497040,3.7120902538299561,0.00015589097165502608,0.0018236642936244607,54.411369323730469,31.941028594970703,0,50.065391540527344,11.11302661895752,0.00034127116668969393,6.0190664953552186E-05,1.8354859352111816,1.1633272171020508,0.94298118352890015,0.85023808479309082,1.2293661832809448,-3.5812010765075684,0,0,0,0
57,285,497400,0.18777640163898468,0.0009759945678524673,0.0068269097246229649,54.730030059814453,31.940374374389648,0,50.389915466308594,10.235934257507324,0.000343316700309515,0.010200903750956059,2.0807859897613525,1.1260391473770142,0.94298118352890015,0.85023808479309082,1.2293661832809448,-3.5812010765075684,0,0,0,0
57,300,497760,-2.902153491973877,8.7709602667018771E-05,0.0060670701786875725,55.019012451171875,31.93775749206543,8.6589653847113368E-07,50.038970947265625,9.6823244094848633,0.00033908689511008561,0.048463370651006699,2.245948314666748,1.1009328365325928,0.94298118352890015,0.85023808479309082,1.2293661832809448,-3.5812010765075684,0,0,0,0
57,315,498120,-5.4106764793395996,0.0034084673970937729,0.0089914081618189812,55.28076171875,31.928853988647461,0.04302510991692543,47.674427032470703,11.100371360778809,0.00032962358091026545,0.11086699366569519,2.264962911605835,1.0993050336837769,0.94298118352890015,0.85023808479309082,1.2293661832809448,-3.5812010765075684,0,0,0,0
57,330,498480,-7.3240189552307129,0.00045915748341940343,0.0094609260559082031,55.583873748779297,31.913396835327148,0.35118651390075684,43.254238128662109,14.34995174407959,0.00032418602495454252,0.19284109771251678,2.0400574207305908,1.1496138572692871,0.94298118352890015,0.85023808479309082,1.2293661832809448,-3.5812010765075684,0,0,0,0
57,345,498840,-8.474766731262207,0.011022417806088924,0.018436947837471962,55.718185424804688,31.870803833007812,0.83461195230484009,38.295188903808594,17.822635650634766,0.00032252160599455237,0.26782515645027161,1.6602990627288818,1.2345614433288574,0.94298118352890015,0.85023808479309082,1.2293661832809448,-3.5812010765075684,0,0,0,0
57,360,499200,-9.4240961074829102,0.0036210138350725174,0.045503459870815277,55.71038818359375,31.805139541625977,2.5683724880218506,33.696510314941406,20.646238327026367,0.00032086946885101497,0.14113335311412811,-0.10816454887390137,1.3948602676391602,0.8140074610710144,0.98367136716842651,1.2077895402908325,-2.6023128032684326,0,1,0,0
57,365,499320,-8.4578266143798828,0.016000648960471153,0.035244166851043701,55.70074462890625,31.781455993652344,2.7137665748596191,32.2880859375,21.411697387695312,0.00032033529714681208,0.10254093259572983,1.3307673931121826,1.4425094127655029,0.79012346267700195,1.0083812475204468,1.2037938833236694,-2.4210371971130371,0,0,0,0
58,15,499680,-7.3237795829772949,0.0083166202530264854,0.024528954178094864,55.800594329833984,31.711015701293945,4.0483417510986328,28.482730865478516,23.166318893432617,0.00031878415029495955,0.1893012672662735,1.1489856243133545,1.4861195087432861,0.82314074039459229,0.97422230243682861,1.2093174457550049,-2.6716327667236328,0,0,0,0
58,30,500040,-5.1925420761108398,0.0092536136507987976,0.010904527269303799,56.054073333740234,31.680610656738281,5.6000852584838867,25.611209869384766,23.872926712036133,0.00031569780549034476,0.10862693190574646,1.1868419647216797,1.5042812824249268,0.79012346267700195,1.0083812475204468,1.2037938833236694,-2.4210371971130371,0,0,0,0
58,45,500400,-2.3640003204345703,0.010268265381455421,0.059679619967937469,56.297653198242188,31.667657852172852,6.5570988655090332,24.16777229309082,23.14967155456543,0.00030719148344360292,0.087767235934734344,1.1098849773406982,1.4551560878753662,0.79012346267700195,1.0083812475204468,1.2037938833236694,-2.4210371971130371,0,0,0,0
58,60,500760,1.0958986282348633,0.011640650220215321,0.41916960477828979,56.886474609375,31.864381790161133,3.0485212802886963,23.950286865234375,21.335290908813477,0.00030364288249984384,0.054424799978733063,0.99067717790603638,1.3790602684020996,0.79012346267700195,1.0083812475204468,1.2037938833236694,-2.4210371971130371,0,0,0,0
58,75,501120,5.0029897689819336,0.0013050256529822946,0.048863265663385391,56.898963928222656,32.004814147949219,0.038662973791360855,24.415271759033203,19.521995544433594,0.00030642881756648421,0.024976469576358795,0.85185301303863525,1.2904423475265503,0.79012346267700195,1.0083812475204468,1.2037938833236694,-2.4210371971130371,0,0,0,0
58,90,501480,9.9803657531738281,0.00029601561254821718,0.012524208053946495,56.796161651611328,31.986167907714844,0,26.681249618530273,17.868255615234375,0.00030917595722712576,0.0047539584338665009,0.71604663133621216,1.2037508487701416,0.79012346267700195,1.0083812475204468,1.2037938833236694,-2.4210371971130371,0,0,0,0
58,105,501840,14.049878120422363,5.7570159697206691E-06,0.0039840950630605221,56.553119659423828,31.959741592407227,0,30.46571159362793,16.364730834960938,0.00031185982516035438,7.5955169450026006E-05,0.60589265823364258,1.1334344148635864,0.79012346267700195,1.0083812475204468,1.2037938833236694,-2.4210371971130371,0,0,0,0
58,120,502200,17.809202194213867,0,0.0059712622314691544,56.133182525634766,31.920278549194336,0,34.493183135986328,15.029179573059082,0.00031447398941963911,5.3304103175833006E-07,0.54402530193328857,1.0939416885375977,0.79012346267700195,1.0083812475204468,1.2037938833236694,-2.4210371971130371,0,0,0,0
58,135,502560,20.909519195556641,0.0013199301902204752,0.0047036558389663696,55.582504272460938,31.868928909301758,0,36.904388427734375,14.421175003051758,0.00031702878186479211,3.4586067343411742E-09,0.54376959800720215,1.0933027267456055,0.79012346267700195,1.0083812475204468,1.2037938833236694,-2.4210371971130371,0,0,0,0
58,150,502920,23.035541534423828,0,0.00043570011621341109,54.957248687744141,31.816127777099609,0,37.621051788330078,14.628081321716309,0.0003195487370248884,1.7583070416327118E-11,0.57500725984573364,1.1107243299484253,0.79012346267700195,1.0083812475204468,1.2037938833236694,-2.4210371971130371,0,0,0,0
58,165,503280,24.025251388549805,0,0.00028308539185672998,54.295066833496094,31.76286506652832,0,37.947254180908203,15.06377124786377,0.00032204863964579999,5.9002119596335278E-14,0.62320137023925781,1.1376028060913086,0.79012346267700195,1.0083812475204468,1.2037938833236694,-2.4210371971130371,0,0,0,0
58,180,503640,23.761281967163086,0,0.00021048408234491944,53.628704071044922,31.708477020263672,0,38.327678680419922,15.496946334838867,0.00032453282619826496,1.3981782277913603E-16,0.67704766988754272,1.1676337718963623,0.79012346267700195,1.0083812475204468,1.2037938833236694,-2.4210371971130371,0,0,0,0
58,195,504000,27.688209533691406,0,0.00023662658350076526,52.975372314453125,31.652902603149414,0,37.907936096191406,16.303413391113281,0.00032700269366614521,3.0294024274106771E-19,6.6090788841247559,1.1945122480392456,0.79012346267700195,1.0083812475204468,1.2037938833236694,-2.4210371971130371,1,0,0,0
58,210,504360,19.511146545410156,0,0.00021008250769227743,52.968574523925781,31.594995498657227,0,39.697452545166016,16.069299697875977,0.0003294368798378855,8.2259527334445278E-22,0.75647944211959839,1.211933970451355,0.79012346267700195,1.0083812475204468,1.2037938833236694,-2.4210371971130371,0,0,0,0
58,225,504720,16.035896301269531,1.741192136250902E-06,0.00021247366385068744,53.145694732666016,31.531455993652344,0,43.821868896484375,14.975170135498047,0.00033176704891957343,1.3771649693422545E-24,0.77692735195159912,1.2138148546218872,0.79012346267700195,1.0083812475204468,1.2037938833236694,-2.4210371971130371,0,0,0,0
58,240,505080,12.167363166809082,0.00024757333449088037,0.00029038541833870113,53.558860778808594,31.46660041809082,0,48.241863250732422,13.765291213989258,0.0003339818213135004,1.9806606363608434E-27,0.92009854316711426,1.1999378204345703,0.79012346267700195,1.0083812475204468,1.2037938833236694,-2.4210371971130371,0,0,0,0
58,255,505440,8.2607154846191406,0.00011840654042316601,0.0015486696502193809,54.023551940917969,31.416133880615234,0,51.805511474609375,12.664480209350586,0.00033609441015869379,0.77320003509521484,1.1656842231750488,1.1761339902877808,1.0490225553512573,1.0083812475204468,1.2037938833236694,-2.4210371971130371,0,0,0,1
58,270,505800,3.5703532695770264,0.002173352288082242,0.0093772010877728462,54.447784423828125,31.398136138916016,0,53.696903228759766,11.661654472351074,0.00033813409390859306,0.0066436184570193291,1.450981616973877,1.1484808921813965,0.79012346267700195,1.0083812475204468,1.2037938833236694,-2.4210371971130371,0,0,0,0
58,285,506160,0.024724556133151054,0.0001486229884903878,0.003440819913521409,54.785869598388672,31.402257919311523,0,53.996593475341797,10.742555618286133,0.0003401341091375798,4.8176818381762132E-05,1.7132879495620728,1.1230562925338745,0.79012346267700195,1.0083812475204468,1.2037938833236694,-2.4210371971130371,0,0,0,0
58,300,506520,-3.0799648761749268,0.00011045091378036886,0.0055240942165255547,55.111438751220703,31.409139633178711,3.4500503716117237E-06,53.561607360839844,10.222592353820801,0.00033544149482622743,3.1472134764953807E-07,1.8899006843566895,1.1059378385543823,0.79012346267700195,1.0083812475204468,1.2037938833236694,-2.4210371971130371,0,0,0,0
58,315,506880,-5.6246294975280762,8.74504548846744E-05,0.0093045644462108612,55.413978576660156,31.409194946289062,0.11503290385007858,50.839744567871094,11.934876441955566,0.00032591234776191413,0.0026735616847872734,1.9198260307312012,1.1074001789093018,0.79012346267700195,1.0083812475204468,1.2037938833236694,-2.4210371971130371,0,0,0,0
58,330,507240,-7.4743185043334961,0.0012469325447455049,0.0086601674556732178,55.700515747070312,31.399106979370117,0.42943903803825378,45.971866607666016,15.538965225219727,0.00032123073469847441,0.017011916264891624,1.8017992973327637,1.1745443344116211,0.79012346267700195,1.0083812475204468,1.2037938833236694,-2.4210371971130371,0,0,0,0
58,345,507600,-8.4986753463745117,0.00375941745005548,0.020154202356934547,55.821224212646484,31.355422973632812,0.80694949626922607,40.662372589111328,19.243263244628906,0.00031950042466633022,0.045772381126880646,1.6025083065032959,1.2879189252853394,0.79012346267700195,1.0083812475204468,1.2037938833236694,-2.4210371971130371,0,0,0,0
58,360,507960,-8.5407009124755859,0.0059623243287205696,0.027679620310664177,55.848106384277344,31.291263580322266,1.8359664678573608,35.816757202148438,22.179662704467773,0.00031782957375980914,0.16809180378913879,1.3952796459197998,1.3294146060943604,0.86599379777908325,1.0767499208450317,1.2663520574569702,-4.8317947387695312,0,0,0,0
58,365,508080,-8.4231595993041992,0.0065417434088885784,0.027895644307136536,55.857738494873047,31.269033432006836,2.3914711475372314,34.333133697509766,22.971988677978516,0.00031729054171591997,0.21592727303504944,1.2191311120986938,1.3211163282394409,0.88004386425018311,1.0894107818603516,1.2779369354248047,-5.2782316207885742,0,0,0,0
59,15,508440,-7.3255419731140137,0.0080086123198270798,0.022842880338430405,55.97186279296875,31.203027725219727,3.8146848678588867,30.306507110595703,24.800416946411133,0.0003157265018671751,0.18990221619606018,0.94881165027618408,1.3713244199752808,0.86062103509902954,1.0719083547592163,1.2619220018386841,-4.6610774993896484,0,0,0,0
59,30,508800,-5.1379494667053223,0.012735228054225445,0.0097676189616322517,56.225345611572266,31.179346084594727,5.0208091735839844,27.256929397583008,25.53178596496582,0.00031260491232387722,0.24009278416633606,0.82169163227081299,1.3297253847122192,0.88004386425018311,1.0894107818603516,1.2779369354248047,-5.2782316207885742,0,0,0,0
59,45,509160,-2.2682454586029053,0.024930268526077271,0.11036480963230133,56.512741088867188,31.165084838867188,5.5396418571472168,25.757469177246094,24.715030670166016,0.00030420534312725067,0.21510711312294006,0.69444966316223145,1.309229850769043,0.88004386425018311,1.0894107818603516,1.2779369354248047,-5.2782316207885742,0,0,0,0
59,60,509520,1.1681680679321289,0.011425371281802654,0.31614458560943604,57.060848236083984,31.39630126953125,1.9716204404830933,25.542123794555664,22.762248992919922,0.00030088901985436678,0.16578458249568939,0.49734938144683838,1.2774820327758789,0.88004386425018311,1.0894107818603516,1.2779369354248047,-5.2782316207885742,0,0,0,0
59,75,509880,4.9948134422302246,0.0012603101786226034,0.031051218509674072,57.016490936279297,31.553129196166992,0.00065238663228228688,26.036201477050781,20.826623916625977,0.00030367489671334624,0.10193915665149689,0.26781487464904785,1.2405099868774414,0.88004386425018311,1.0894107818603516,1.2779369354248047,-5.2782316207885742,0,0,0,0
59,90,510240,9.8643341064453125,0.00036071226350031793,0.012927455827593803,56.925266265869141,31.528961181640625,0,28.382379531860352,19.061384201049805,0.00030642282217741013,0.045327112078666687,0.043270230293273926,1.2043414115905762,0.88004386425018311,1.0894107818603516,1.2779369354248047,-5.2782316207885742,0,0,0,0
59,105,510600,13.800142288208008,8.008690201677382E-06,0.0028573866002261639,56.698173522949219,31.497413635253906,0,32.313945770263672,17.455665588378906,0.00030910593341104686,0.010175697505474091,-0.13886034488677979,1.1750048398971558,0.88004386425018311,1.0894107818603516,1.2779369354248047,-5.2782316207885742,0,0,0,0
59,120,510960,17.424909591674805,1.2197244814160513E-07,0.00096126110292971134,56.28106689453125,31.453422546386719,0,36.544540405273438,16.017131805419922,0.00031171567388810217,0.00021278581698425114,-0.24115288257598877,1.1585280895233154,0.88004386425018311,1.0894107818603516,1.2779369354248047,-5.2782316207885742,0,0,0,0
59,135,511320,20.45820426940918,0,0.00062635389622300863,55.719226837158203,31.394529342651367,0,39.293636322021484,15.262333869934082,0.00031426319037564099,1.5039755680845701E-06,-0.20484519004821777,1.1577334403991699,0.88004386425018311,1.0894107818603516,1.2779369354248047,-5.2782316207885742,0,0,0,0
59,150,511680,22.677938461303711,0,0.00043085336801595986,55.069717407226562,31.331089019775391,0,40.162925720214844,15.415307998657227,0.00031677665538154542,9.0544993724961387E-09,0.041245102882385254,1.1622064113616943,0.88004386425018311,1.0894107818603516,1.2779369354248047,-5.2782316207885742,0,0,0,0
59,165,512040,23.847780227661133,0,0.00026899768272414804,54.379402160644531,31.265249252319336,0,40.463775634765625,15.8758544921875,0.00031927318195812404,3.8911471267333297E-11,0.42091894149780273,1.1691075563430786,0.88004386425018311,1.0894107818603516,1.2779369354248047,-5.2782316207885742,0,0,0,0
59,180,512400,23.687820434570312,0,0.00017816979379858822,53.701114654541016,31.198863983154297,0,40.841453552246094,16.320913314819336,0.00032175457454286516,3.1757688248035265E-06,0.84512066841125488,1.1768180131912231,0.88004386425018311,1.0894107818603516,1.2779369354248047,-5.2782316207885742,0,0,0,0
59,195,512760,22.335786819458008,0,0.00027683426742441952,53.304275512695312,31.13359260559082,0,41.669677734375,16.547466278076172,0.00032420599018223584,3.9853031097436542E-08,1.2247945070266724,1.1837191581726074,0.88004386425018311,1.0894107818603516,1.2779369354248047,-5.2782316207885742,0,0,0,0
59,210,513120,20.857692718505859,4.4966149289393798E-05,0.00058881862787529826,52.850753784179688,31.069597244262695,0,42.176136016845703,16.881206512451172,0.0003266218991484493,3.3859792747392703E-10,3.0235953330993652,1.1881922483444214,0.88004386425018311,1.0894107818603516,1.2779369354248047,-5.2782316207885742,1,0,0,0
59,225,513480,16.304637908935547,2.209265403507743E-06,0.0031331258360296488,53.259067535400391,31.006536483764648,0,46.220558166503906,15.782909393310547,0.00032895393087528646,2.3385321457070063E-12,1.5353353023529053,1.1899194717407227,0.88004386425018311,1.0894107818603516,1.2779369354248047,-5.2782316207885742,0,0,0,0
59,240,513840,12.424318313598633,0.0015280005754902959,0.0076657719910144806,53.602867126464844,30.951713562011719,0,50.725013732910156,14.507591247558594,0.00033117365092039108,9.9249001893472397E-15,1.7121288776397705,1.1986024379730225,0.88004386425018311,1.0894107818603516,1.2779369354248047,-5.2782316207885742,0,0,0,0
59,255,514200,8.5182905197143555,0.00020219990983605385,0.00037928027450107038,53.990215301513672,30.922895431518555,0,54.378047943115234,13.348069190979004,0.00033329628058709204,9.9046573459875032E-18,2.0153882503509521,1.2134966850280762,0.88004386425018311,1.0894107818603516,1.2779369354248047,-5.2782316207885742,0,0,0,0
59,270,514560,3.9018344879150391,0.00017345856758765876,0.00083429663209244609,54.436538696289062,30.927976608276367,0,56.372875213623047,12.291863441467285,0.00033534731483086944,1.1903040157345704E-21,2.367685079574585,1.2307993173599243,0.88004386425018311,1.0894107818603516,1.2779369354248047,-5.2782316207885742,0,0,0,0
59,285,514920,0.48252812027931213,0.00013428628153633326,0.0027667998801916838,54.769886016845703,30.94890022277832,0,56.747325897216797,11.324465751647949,0.00033735862234607339,0.00054980453569442034,2.691591739654541,1.2467076778411865,0.88004386425018311,1.0894107818603516,1.2779369354248047,-5.2782316207885742,0,0,0,0
59,300,515280,-2.498903751373291,9.9486409453675151E-05,0.0045694033615291119,55.072383880615234,30.973140716552734,6.7352942778597935E-07,56.461360931396484,10.617809295654297,0.00033411890035495162,0.011140745133161545,2.9096803665161133,1.2574188709259033,0.88004386425018311,1.0894107818603516,1.2779369354248047,-5.2782316207885742,0,0,0,0
59,315,515640,-4.9444046020507812,9.5589071861468256E-05,0.011379904113709927,55.380855560302734,30.991291046142578,0.081386886537075043,54.222404479980469,11.83444881439209,0.0003249492438044399,0.051141481846570969,2.9311809539794922,1.2607419490814209,0.88004386425018311,1.0894107818603516,1.2779369354248047,-5.2782316207885742,0,0,0,0
59,330,516000,-6.8967828750610352,0.00051856925711035728,0.0077146096155047417,55.699443817138672,31.001531600952148,0.4456445574760437,49.6007080078125,15.215568542480469,0.00031780754216015339,0.11097969859838486,2.5881459712982178,1.272838830947876,0.88004386425018311,1.0894107818603516,1.2779369354248047,-5.2782316207885742,0,0,0,0
59,345,516360,-8.1634807586669922,0.002990345936268568,0.011574581265449524,55.910060882568359,30.987226486206055,1.0905941724777222,44.080093383789062,19.151826858520508,0.00031619935180060565,0.16594071686267853,2.0089235305786133,1.2932647466659546,0.88004386425018311,1.0894107818603516,1.2779369354248047,-5.2782316207885742,0,0,0,0
59,360,516720,-8.8292169570922852,0.0077532581053674221,0.032488789409399033,55.9434814453125,30.93144416809082,2.1734044551849365,38.836414337158203,22.476558685302734,0.00031454209238290787,0.27442869544029236,0.93920540809631348,1.2411984205245972,0.92122280597686768,1.0050280094146729,1.2089120149612427,-8.2744846343994141,0,0,0,0
59,365,516840,-8.5247011184692383,0.017988314852118492,0.030637608841061592,55.941257476806641,30.911033630371094,2.5989110469818115,37.220813751220703,23.390295028686523,0.00031400818261317909,0.3056316077709198,0.85865557193756104,1.2331677675247192,0.9288485050201416,0.98940157890319824,1.1961296796798706,-8.8293466567993164,0,0,0,0
60,15,517200,-7.0064144134521484,0.007256173063069582,0.014021999202668667,56.075794219970703,30.852094650268555,3.6578302383422852,32.8642578125,25.497186660766602,0.00031246757134795189,0.33341914415359497,0.86855864524841309,1.2633165121078491,0.91830670833587646,1.0110036134719849,1.2138000726699829,-8.0623054504394531,0,0,0,0
60,30,517560,-4.597407341003418,0.0092100389301776886,0.008884885348379612,56.321743011474609,30.83917236328125,4.8050069808959961,29.764976501464844,26.214099884033203,0.00030787306604906917,0.32541221380233765,0.82197833061218262,1.2411915063858032,0.9288485050201416,0.98940157890319824,1.1961296796798706,-8.8293466567993164,0,0,0,0
60,45,517920,-1.7044649124145508,0.0094795217737555504,0.081581845879554749,56.797035217285156,30.843057632446289,4.8880467414855957,28.425832748413086,25.185501098632812,0.00029991898918524384,0.2840169370174408,0.61350321769714355,1.2239985466003418,0.9288485050201416,0.98940157890319824,1.1961296796798706,-8.8293466567993164,0,0,0,0
60,60,518280,1.6920644044876099,0.024153392761945724,0.46557334065437317,57.409275054931641,31.213403701782227,0.48669275641441345,28.288885116577148,23.131917953491211,0.00029810509295202792,1.291694164276123,0.2905711829662323,1.1973663568496704,1.3153458833694458,0.98940157890319824,1.1961296796798706,-8.8293466567993164,0,0,0,1
60,75,518640,5.3578958511352539,0.00083690660540014505,0.026650816202163696,57.284564971923828,31.326152801513672,0,28.904014587402344,21.1690673828125,0.0003009005740750581,0.16238278150558472,-0.08550146222114563,1.1663515567779541,0.9288485050201416,0.98940157890319824,1.1961296796798706,-8.8293466567993164,0,0,0,0
60,90,519000,10.06352424621582,0.00018329793238081038,0.010216984897851944,57.164596557617188,31.305118560791016,0,31.385684967041016,19.378499984741211,0.00030365533893927932,0.077160298824310303,-0.45339870452880859,1.1360111236572266,0.9288485050201416,0.98940157890319824,1.1961296796798706,-8.8293466567993164,0,0,0,0
60,105,519360,13.797892570495605,4.7686476136732381E-06,0.0060218549333512783,56.89483642578125,31.267734527587891,0,35.391181945800781,17.74957275390625,0.00030634409631602466,0.021100666373968124,-0.75180411338806152,1.1114016771316528,0.9288485050201416,0.98940157890319824,1.1961296796798706,-8.8293466567993164,0,0,0,0
60,120,519720,17.244367599487305,0.0045429388992488384,0.02994501031935215,56.443302154541016,31.208242416381836,0,39.697097778320312,16.288131713867188,0.00030895957024767995,0.0015782838454470038,-0.91940176486968994,1.0975798368453979,0.9288485050201416,0.98940157890319824,1.1961296796798706,-8.8293466567993164,0,0,0,0
60,135,520080,20.111301422119141,0,0.00057016167556867003,55.840576171875,31.134441375732422,0,42.579425811767578,15.506401062011719,0.00031151206349022686,1.2615985724551138E-05,-0.89317381381988525,1.1013237237930298,0.9288485050201416,0.98940157890319824,1.1961296796798706,-8.8293466567993164,0,0,0,0
60,150,520440,22.128400802612305,0,0.00041656577377580106,55.147781372070312,31.059148788452148,0,43.555877685546875,15.671476364135742,0.0003140285552944988,9.0696012478019838E-08,-0.66604030132293701,1.1284245252609253,0.9288485050201416,0.98940157890319824,1.1961296796798706,-8.8293466567993164,0,0,0,0
60,165,520800,22.990787506103516,0,0.00039369324804283679,54.415687561035156,30.985162734985352,0,43.918571472167969,16.169586181640625,0.00031652743928134441,5.4227122792127602E-10,-0.3156135082244873,1.1702362298965454,0.9288485050201416,0.98940157890319824,1.1961296796798706,-8.8293466567993164,0,0,0,0
60,180,521160,22.65202522277832,0.0012215866008773446,0.0034234849736094475,53.827133178710938,30.912227630615234,0,44.506351470947266,16.5753173828125,0.00031900603789836168,1.8502948739146374E-12,0.075911045074462891,1.2169516086578369,0.9288485050201416,0.98940157890319824,1.1961296796798706,-8.8293466567993164,0,0,0,0
60,195,521520,21.125698089599609,0,0.00017678939912002534,53.464988708496094,30.840963363647461,0,45.636943817138672,16.723011016845703,0.00032144415308721364,3.6685043532395847E-15,0.4263378381729126,1.2587631940841675,0.9288485050201416,0.98940157890319824,1.1961296796798706,-8.8293466567993164,0,0,0,0
60,210,521880,18.423112869262695,3.7732387880851093E-08,0.0028794656973332167,53.502079010009766,30.774513244628906,0,48.314807891845703,16.189687728881836,0.00032381483470089734,5.4992021777806285E-18,0.65347135066986084,1.285863995552063,0.9288485050201416,0.98940157890319824,1.1961296796798706,-8.8293466567993164,0,0,0,0
60,225,522240,14.746838569641113,3.161159611408948E-06,0.00055202055955305696,53.769363403320312,30.71467399597168,0,52.680812835693359,15.001943588256836,0.00032608522451482713,2.3312607302579573E-21,0.69790613651275635,1.289574146270752,0.9288485050201416,0.98940157890319824,1.1961296796798706,-8.8293466567993164,0,0,0,0
60,240,522600,10.64301586151123,0.0012548200320452452,0.0038074932526797056,54.251613616943359,30.682130813598633,0,56.981922149658203,13.800406455993652,0.00032824536901898682,5.3187718869742971E-25,0.71295166015625,1.275704026222229,0.9288485050201416,0.98940157890319824,1.1961296796798706,-8.8293466567993164,0,0,0,0
60,255,522960,6.4520053863525391,0.00023826066171750426,0.00040532884304411709,54.761020660400391,30.688493728637695,0,60.168537139892578,12.706751823425293,0.00033031171187758446,1.2281453032713242E-28,0.73875969648361206,1.2519122362136841,0.9288485050201416,0.98940157890319824,1.1961296796798706,-8.8293466567993164,0,0,0,0
60,270,523320,1.5541112422943115,0.00019115595205221325,0.0017311645206063986,55.270725250244141,30.741914749145508,0,61.387405395507812,11.706191062927246,0.00033231545239686966,4.6913308324292302E-05,0.76874089241027832,1.2242732048034668,0.9288485050201416,0.98940157890319824,1.1961296796798706,-8.8293466567993164,0,0,0,0
60,285,523680,-2.0846621990203857,0.00014124636072665453,0.010644016787409782,55.645851135253906,30.806573867797852,4.6297940571093932E-05,61.339988708496094,10.826861381530762,0.00033234679722227156,0.011330567300319672,0.7963060736656189,1.1988614797592163,0.9288485050201416,0.98940157890319824,1.1961296796798706,-8.8293466567993164,0,0,0,0
60,300,524040,-5.130864143371582,0.0035445310641080141,0.0065571144223213196,55.966297149658203,30.862422943115234,0.028742583468556404,59.3812255859375,11.763553619384766,0.00032342501799575984,0.053362198173999786,0.81486588716506958,1.1817516088485718,0.9288485050201416,0.98940157890319824,1.1961296796798706,-8.8293466567993164,0,0,0,0
60,315,524400,-7.4272537231445312,0.00032586799352429807,0.0089596612378954887,56.290554046630859,30.900230407714844,0.2515011727809906,54.220165252685547,15.670811653137207,0.00031693800701759756,0.11494310945272446,0.81959515810012817,1.1788100004196167,0.9288485050201416,0.98940157890319824,1.1961296796798706,-8.8293466567993164,0,0,0,0
60,330,524760,-8.8280162811279297,0.0042711035348474979,0.034049086272716522,56.430305480957031,30.887763977050781,0.75315529108047485,47.990802764892578,20.244085311889648,0.00031519890762865543,0.18873418867588043,0.82742148637771606,1.1897015571594238,0.9288485050201416,0.98940157890319824,1.1961296796798706,-8.8293466567993164,0,0,0,0
60,345,525120,-9.3124465942382812,0.006782962940633297,0.047115262597799301,56.41741943359375,30.834310531616211,1.6239713430404663,42.244243621826172,23.954669952392578,0.00031350020435638726,0.25771898031234741,0.8406364917755127,1.2080918550491333,0.9288485050201416,0.98940157890319824,1.1961296796798706,-8.8293466567993164,0,0,0,0
60,360,525480,-10.818647384643555,0.014104954898357391,0.047559164464473724,56.392757415771484,30.778530120849609,2.5687539577484131,37.168777465820312,26.703201293945312,0.00031188930734060705,0.34191831946372986,-0.854988694190979,0.94575464725494385,0.95872277021408081,1.1145539283752441,1.0887802839279175,-5.597935676574707,0,0,0,0
60,365,525600,-10.757593154907227,0.018691694363951683,0.029035171493887901,56.384658813476562,30.759855270385742,2.8879680633544922,35.615036010742188,27.429540634155273,0.0003113702405244112,1.4168593883514404,-1.1227347850799561,0.89003652334213257,1.3120357990264893,1.1377302408218384,1.0689007043838501,-4.9995265007019043,0,0,0,1
61,15,525960,-8.8635997772216797,0.011449518613517284,0.056902304291725159,56.382591247558594,30.703950881958008,3.7502586841583252,31.352502822875977,29.101005554199219,0.00030986109049990773,0.35552734136581421,-0.61877012252807617,0.9611319899559021,0.95660722255706787,1.1056911945343018,1.0963821411132812,-5.8267679214477539,0,0,0,0
61,30,526320,-7.0824408531188965,0.0078828083351254463,0.034025490283966064,56.574237823486328,30.653017044067383,4.3306798934936523,27.656986236572266,30.084335327148438,0.00030842784326523542,0.39949265122413635,-1.0642274618148804,0.88661986589431763,0.96425503492355347,1.1377302408218384,1.0689007043838501,-4.9995265007019043,0,0,0,0
61,45,526680,-4.3302879333496094,0.0079852640628814697,0.0085097029805183411,56.963642120361328,30.685657501220703,4.6885247230529785,25.130855560302734,29.859128952026367,0.00030332393362186849,0.37134239077568054,-1.26605224609375,0.90498334169387817,0.96425503492355347,1.1377302408218384,1.0689007043838501,-4.9995265007019043,0,0,0,0
61,60,527040,-1.048572301864624,0.0071882819756865501,0.076345384120941162,57.542827606201172,30.759506225585938,4.1602230072021484,24.271196365356445,28.062131881713867,0.00029596936656162143,0.30588400363922119,-1.5786828994750977,0.93342888355255127,0.96425503492355347,1.1377302408218384,1.0689007043838501,-4.9995265007019043,0,0,0,0
61,75,527400,2.6960062980651855,0.0010615343926474452,0.10198114067316055,58.058040618896484,31.069042205810547,0.17801657319068909,24.32933235168457,25.684152603149414,0.00029710901435464621,0.2262418270111084,-1.9427589178085327,0.96655523777008057,0.96425503492355347,1.1377302408218384,1.0689007043838501,-4.9995265007019043,0,0,0,0
61,90,527760,7.4355697631835938,0.00033767841523513198,0.014024654403328896,57.920932769775391,31.095790863037109,0,25.838973999023438,23.493896484375,0.00029994535725563765,0.1427520364522934,-2.2989203929901123,0.99896138906478882,0.96425503492355347,1.1377302408218384,1.0689007043838501,-4.9995265007019043,0,0,0,0
61,105,528120,11.262820243835449,2.9817703762091696E-05,0.0041528576985001564,57.733203887939453,31.119846343994141,0,29.452266693115234,21.49571418762207,0.00030272669391706586,0.062543138861656189,-2.5878067016601562,1.0252465009689331,0.96425503492355347,1.1377302408218384,1.0689007043838501,-4.9995265007019043,0,0,0,0
61,120,528480,14.827741622924805,5.3375174502434675E-07,0.0013262521242722869,57.367015838623047,31.078575134277344,0,33.837745666503906,19.680341720581055,0.00030543826869688928,0.012082658708095551,-2.7500581741333008,1.0400092601776123,0.96425503492355347,1.1377302408218384,1.0689007043838501,-4.9995265007019043,0,0,0,0
61,135,528840,17.883722305297852,0,0.0006358317332342267,56.847442626953125,31.022487640380859,0,37.775100708007812,18.174013137817383,0.00030808118754066527,0.00040180733776651323,-2.7159256935119629,1.038976788520813,0.96425503492355347,1.1377302408218384,1.0689007043838501,-4.9995265007019043,0,0,0,0
61,150,529200,20.150163650512695,0,0.00042959267739206553,56.213092803955078,30.963340759277344,0,40.008087158203125,17.496713638305664,0.00031067119562067091,3.0730107027920894E-06,-2.4497652053833008,1.0257340669631958,0.96425503492355347,1.1377302408218384,1.0689007043838501,-4.9995265007019043,0,0,0,0
61,165,529560,21.278873443603516,0,0.00027438881807029247,55.519660949707031,30.905069351196289,0,41.165493011474609,17.399721145629883,0.00031322753056883812,1.7805625418532145E-08,-2.0391266345977783,1.005302906036377,0.96425503492355347,1.1377302408218384,1.0689007043838501,-4.9995265007019043,0,0,0,0
61,180,529920,21.220817565917969,0,0.00014040932001080364,54.942966461181641,30.847902297973633,0,42.346836090087891,17.352512359619141,0.0003157487662974745,8.4749957052210334E-11,-1.5803285837173462,0.9824756383895874,0.96425503492355347,1.1377302408218384,1.0689007043838501,-4.9995265007019043,0,0,0,0
61,195,530280,19.964511871337891,0,0.00013469687837641686,54.556144714355469,30.791133880615234,0,44.059841156005859,17.103353500366211,0.00031821971060708165,2.8142736079907194E-13,-1.1696900129318237,0.962044358253479,0.96425503492355347,1.1377302408218384,1.0689007043838501,-4.9995265007019043,0,0,0,0
61,210,530640,17.507287979125977,6.6389688413437398E-08,0.0001334080589003861,54.384311676025391,30.734899520874023,0,47.128089904785156,16.307920455932617,0.00032062025275081396,5.4819448244662204E-16,-0.90352928638458252,0.94880169630050659,0.96425503492355347,1.1377302408218384,1.0689007043838501,-4.9995265007019043,0,0,0,0
61,225,531000,13.987079620361328,3.3934295515791746E-06,0.00014157123223412782,54.437038421630859,30.685512542724609,0,51.467918395996094,15.053751945495605,0.00032292769174091518,5.4066634147027899E-19,-0.86260062456130981,0.94603174924850464,0.96425503492355347,1.1377302408218384,1.0689007043838501,-4.9995265007019043,0,0,0,0
61,240,531360,9.8328990936279297,0.00020247550855856389,0.00018351215112488717,54.624923706054688,30.659263610839844,0,55.625633239746094,13.843132972717285,0.00032513707992620766,0.17548602819442749,-0.9546196460723877,0.94339108467102051,0.96425503492355347,1.1377302408218384,1.0689007043838501,-4.9995265007019043,0,0,0,0
61,255,531720,5.4280605316162109,0.00019207024888601154,0.00044604955473914742,54.903839111328125,30.676048278808594,0,58.496444702148438,12.743697166442871,0.00032726419158279896,0.0012359063839539886,-1.1124625205993652,0.9388611912727356,0.96425503492355347,1.1377302408218384,1.0689007043838501,-4.9995265007019043,0,0,0,0
61,270,532080,0.25505048036575317,0.00018251530127599835,0.0013155628694221377,55.306774139404297,30.739334106445312,0,59.332191467285156,11.739753723144531,0.00032933786860667169,0.0014121331041678786,-1.2958288192749023,0.93359899520874023,0.96425503492355347,1.1377302408218384,1.0689007043838501,-4.9995265007019043,0,0,0,0
61,285,532440,-3.6600522994995117,0.00013861799379810691,0.002770677674561739,55.672538757324219,30.806751251220703,6.7890473474108148E-06,58.906902313232422,11.146004676818848,0.00032591348281130195,0.015958167612552643,-1.4644184112548828,0.92876088619232178,0.96425503492355347,1.1377302408218384,1.0689007043838501,-4.9995265007019043,0,0,0,0
61,300,532800,-6.9678120613098145,9.3932707386557013E-05,0.0062027843669056892,56.034000396728516,30.861845016479492,0.024879394099116325,55.286308288574219,13.646183967590332,0.00031670957105234265,0.068313494324684143,-1.5779309272766113,0.9255031943321228,0.96425503492355347,1.1377302408218384,1.0689007043838501,-4.9995265007019043,0,0,0,0
61,315,533160,-9.4454107284545898,0.0036957240663468838,0.029903549700975418,56.250129699707031,30.87986946105957,0.16076554358005524,49.131450653076172,18.329334259033203,0.00031502512865699828,0.14709733426570892,-1.5956840515136719,0.92424392700195312,0.96425503492355347,1.1377302408218384,1.0689007043838501,-4.9995265007019043,0,0,0,0
61,330,533520,-16.585014343261719,0.0071274992078542709,0.51337504386901855,56.228385925292969,30.835237503051758,1.2841335535049438,43.227443695068359,22.353759765625,0.00031332095386460423,0.20631267130374908,-7.8159751892089844,0.91738998889923096,0.96425503492355347,1.1377302408218384,1.0689007043838501,-4.9995265007019043,0,1,0,0
61,345,533880,-11.44980525970459,0.0091442735865712166,0.14759334921836853,56.201969146728516,30.787002563476562,1.5744307041168213,38.026588439941406,25.358989715576172,0.00031170522561296821,0.29020410776138306,-1.3409128189086914,0.90581691265106201,0.96425503492355347,1.1377302408218384,1.0689007043838501,-4.9995265007019043,0,0,0,0
61,360,534240,-10.099895477294922,0.0066210906952619553,0.050302647054195404,56.175823211669922,30.739221572875977,2.3112895488739014,33.450431823730469,27.508840560913086,0.00031016740831546485,0.41791176795959473,-0.48816299438476562,0.9949677586555481,0.99201607704162598,1.1629512310028076,1.0792224407196045,-9.9097995758056641,0,0,0,0
61,365,534360,-9.5512514114379883,0.0072158919647336006,0.043610982596874237,56.167186737060547,30.723361968994141,2.6630630493164062,32.050628662109375,28.060886383056641,0.0003096705477219075,0.45409345626831055,-0.32092821598052979,1.0132546424865723,0.99715703725814819,1.1676218509674072,1.0811338424682617,-10.819108963012695,0,0,0,0
62,15,534720,-8.0588254928588867,0.0078409565612673759,0.039362765848636627,56.148548126220703,30.676170349121094,3.4628992080688477,28.194778442382812,29.288995742797852,0.0003082233015447855,0.45172575116157532,-0.41178619861602783,0.98441308736801147,0.99005019664764404,1.1611652374267578,1.0784914493560791,-9.5620784759521484,0,0,0,0
62,30,535080,-5.3628120422363281,0.0081335697323083878,0.0060175596736371517,56.528327941894531,30.651586532592773,4.0659275054931641,25.189992904663086,29.592145919799805,0.00030613079434260726,0.46002620458602905,-0.26412445306777954,1.0124276876449585,0.99715703725814819,1.1676218509674072,1.0811338424682617,-10.819108963012695,0,0,0,0
62,45,535440,-2.3428199291229248,0.0081808678805828094,0.024418851360678673,56.920906066894531,30.651138305664062,4.3612747192382812,23.70989990234375,28.409984588623047,0.00029791949782520533,0.41308882832527161,-0.39482027292251587,1.0133470296859741,0.99715703725814819,1.1676218509674072,1.0811338424682617,-10.819108963012695,0,0,0,0
62,60,535800,-6.1900577545166016,0.009128401055932045,0.023073982447385788,58.381847381591797,30.810710906982422,4.3940720558166504,22.782085418701172,26.830142974853516,0.00029135998920537531,0.33334672451019287,-8.6333456039428711,1.0147711038589478,0.99715703725814819,1.1676218509674072,1.0811338424682617,-10.819108963012695,0,1,0,0
62,75,536160,5.1488385200500488,0.00048151382361538708,0.028245294466614723,58.707565307617188,31.13121223449707,0.00402494752779603,22.785785675048828,24.885599136352539,0.00029114237986505032,0.24106371402740479,-0.83303552865982056,1.0164295434951782,0.99715703725814819,1.1676218509674072,1.0811338424682617,-10.819108963012695,0,0,0,0
62,90,536520,9.8718376159667969,2.9273684049258009E-05,0.0064702676609158516,58.559375762939453,31.140998840332031,0,25.126323699951172,22.76264762878418,0.00029403754160739481,0.14296875894069672,-1.0636751651763916,1.0180518627166748,0.99715703725814819,1.1676218509674072,1.0811338424682617,-10.819108963012695,0,0,0,0
62,105,536880,13.691449165344238,2.5552817533025518E-06,0.0017169101629406214,58.302421569824219,31.109966278076172,0,29.007322311401367,20.8292236328125,0.00029686960624530911,0.06295178085565567,-1.2507495880126953,1.0193678140640259,0.99715703725814819,1.1676218509674072,1.0811338424682617,-10.819108963012695,0,0,0,0
62,120,537240,17.122257232666016,3.1233751141002131E-09,0.00074626144487410784,57.903594970703125,31.05491828918457,0,33.223789215087891,19.081855773925781,0.00029963132692500949,0.013090089894831181,-1.3558187484741211,1.0201069116592407,0.99715703725814819,1.1676218509674072,1.0811338424682617,-10.819108963012695,0,0,0,0
62,135,537600,19.88165283203125,0,0.00053762132301926613,57.378997802734375,30.995698928833008,0,36.225101470947266,17.922369003295898,0.00030232954304665327,0.00045231924741528928,-1.3302984237670898,1.0205363035202026,0.99715703725814819,1.1676218509674072,1.0811338424682617,-10.819108963012695,0,0,0,0
62,150,537960,21.752042770385742,0.026898697018623352,0.12404114007949829,56.775997161865234,30.938104629516602,0,37.535160064697266,17.60130500793457,0.00030498614069074392,0.82804626226425171,-1.1398507356643677,1.0224205255508423,1.1908959150314331,1.1676218509674072,5.2544307708740234,-10.819108963012695,0,0,1,1
62,165,538320,22.511499404907227,0.00016718258848413825,0.0029490138404071331,56.139488220214844,30.901008605957031,0,38.234447479248047,17.642967224121094,0.0003076173597946763,0.0061215194873511791,-0.8460237979888916,1.0253273248672485,0.99715703725814819,1.1676218509674072,1.0811338424682617,-10.819108963012695,0,0,0,0
62,180,538680,21.99626350402832,0,0.0011229697847738862,55.503227233886719,30.844837188720703,0,39.039661407470703,17.699977874755859,0.00031022474286146462,4.4501190131995827E-05,-0.51773691177368164,1.0285748243331909,0.99715703725814819,1.1676218509674072,1.0811338424682617,-10.819108963012695,0,0,0,0
62,195,539040,20.304208755493164,0,0.00025707323220558465,55.109378814697266,30.789203643798828,0,40.622123718261719,17.466793060302734,0.00031279670656658709,3.0703097309014993E-07,-0.22390997409820557,1.0314816236495972,0.99715703725814819,1.1676218509674072,1.0811338424682617,-10.819108963012695,0,0,0,0
62,210,539400,17.522140502929688,0,0.00016570342995692044,54.962268829345703,30.734573364257812,0,43.780441284179688,16.638404846191406,0.00031530216801911592,1.660218851284867E-09,-0.033462166786193848,1.0333658456802368,0.99715703725814819,1.1676218509674072,1.0811338424682617,-10.819108963012695,0,0,0,0
62,225,539760,13.796848297119141,3.0704950404469855E-06,0.0001926870463648811,55.031925201416016,30.686607360839844,0,48.316665649414062,15.342988967895508,0.00031770722125656903,4.0167686884973186E-12,-0.0065065622329711914,1.0335266590118408,0.99715703725814819,1.1676218509674072,1.0811338424682617,-10.819108963012695,0,0,0,0
62,240,540120,9.5036449432373047,0.00020773503638338298,0.00034633825998753309,55.292743682861328,30.664031982421875,0,52.619338989257812,14.100057601928711,0.00032000633655115962,4.3724852941638952E-15,-0.095284223556518555,1.031606912612915,0.99715703725814819,1.1676218509674072,1.0811338424682617,-10.819108963012695,0,0,0,0
62,255,540480,5.0828671455383301,0.00019438184972386807,0.00074104289524257183,55.648853302001953,30.684995651245117,0,55.48101806640625,12.971668243408203,0.00032221392029896379,0.00011716468725353479,-0.24756711721420288,1.0283138751983643,0.99715703725814819,1.1676218509674072,1.0811338424682617,-10.819108963012695,0,0,0,0
62,270,540840,-0.025065198540687561,0.00016833962581586093,0.0017074609640985727,56.109375,30.751991271972656,0,56.253395080566406,11.940577507019043,0.00032436291803605855,0.012704243883490562,-0.42447441816329956,1.0244884490966797,0.99715703725814819,1.1676218509674072,1.0811338424682617,-10.819108963012695,0,0,0,0
62,285,541200,-3.8126635551452637,0.00012740740203298628,0.0034837005659937859,56.456489562988281,30.829034805297852,2.0731526092276908E-05,55.770160675048828,11.374903678894043,0.00032045456464402378,0.058508235961198807,-0.58712553977966309,1.0209712982177734,0.99715703725814819,1.1676218509674072,1.0811338424682617,-10.819108963012695,0,0,0,0
62,300,541560,-6.9250035285949707,0.00011193247337359935,0.007574133574962616,56.802379608154297,30.895402908325195,0.055115390568971634,52.249309539794922,13.756399154663086,0.00031146363471634686,0.1296754777431488,-0.69663959741592407,1.0186030864715576,0.99715703725814819,1.1676218509674072,1.0811338424682617,-10.819108963012695,0,0,0,0
62,315,541920,-9.1460695266723633,0.0026201347354799509,0.022654404863715172,57.026039123535156,30.924430847167969,0.2488580048084259,46.468860626220703,18.071159362792969,0.00030985596822574735,0.22066567838191986,-0.71474766731262207,1.0180033445358276,0.99715703725814819,1.1676218509674072,1.0811338424682617,-10.819108963012695,0,0,0,0
62,330,542280,-10.355749130249023,0.0083509264513850212,0.1651238352060318,57.010768890380859,30.886152267456055,0.69014894962310791,40.890800476074219,21.808385848999023,0.00030821523978374898,0.30382648110389709,-0.63583999872207642,1.0170519351959229,0.99715703725814819,1.1676218509674072,1.0811338424682617,-10.819108963012695,0,0,0,0
62,345,542640,-10.625967979431152,0.0079154539853334427,0.08290649950504303,56.983940124511719,30.842889785766602,1.4944051504135132,35.972103118896484,24.592849731445312,0.00030665876693092287,0.38073483109474182,-0.50260257720947266,1.015445351600647,0.99715703725814819,1.1676218509674072,1.0811338424682617,-10.819108963012695,0,0,0,0
62,360,543000,-11.763123512268066,0.013804217800498009,0.038121532648801804,56.957019805908203,30.80010986328125,2.4964234828948975,31.643213272094727,26.572805404663086,0.00030517741106450558,0.93365824222564697,-1.5834692716598511,0.92823928594589233,1.3073809146881104,1.0967841148376465,0.92116618156433105,2.0831060409545898,0,0,0,0
62,365,543120,-11.802225112915039,0.013883795589208603,0.036134660243988037,56.948089599609375,30.785896301269531,2.897519588470459,30.318666458129883,27.077714920043945,0.00030469894409179688,1.1293981075286865,-1.7617249488830566,0.91804802417755127,1.3648297786712646,1.0836659669876099,0.89154255390167236,4.4724054336547852,0,0,0,0
63,15,543480,-10.324605941772461,0.018341004848480225,0.053708065301179886,56.921642303466797,30.743227005004883,3.8198416233062744,26.667343139648438,28.193986892700195,0.00030330559820868075,0.97685796022415161,-1.3604414463043213,0.94698995351791382,1.2854124307632446,1.1018004417419434,0.93249428272247314,1.169438362121582,0,0,0,0
63,30,543840,-8.9991426467895508,0.018717231228947639,0.12805469334125519,56.895687103271484,30.700689315795898,4.9882822036743164,23.455137252807617,28.789680480957031,0.00030196949956007302,1.2566715478897095,-1.6822543144226074,0.93465995788574219,1.3648297786712646,1.0836659669876099,0.89154255390167236,4.4724054336547852,0,0,0,0
63,45,544200,-6.5047225952148438,0.020015954971313477,0.0081134280189871788,57.356174468994141,30.675107955932617,6.0145764350891113,20.749738693237305,28.845502853393555,0.00030077924020588398,1.249417781829834,-1.7791633605957031,0.95687216520309448,1.3648297786712646,1.0836659669876099,0.89154255390167236,4.4724054336547852,0,0,0,0
63,60,544560,-3.3503854274749756,0.023108620196580887,0.012441356666386127,57.810867309570312,30.708412170410156,6.9450497627258301,19.179977416992188,27.804740905761719,0.00029415544122457504,1.1816564798355103,-1.9292771816253662,0.99127936363220215,1.3648297786712646,1.0836659669876099,0.89154255390167236,4.4724054336547852,0,0,0,0
63,75,544920,0.37569528818130493,0.016069002449512482,0.33761346340179443,59.41290283203125,31.197486877441406,4.1637468338012695,18.858503341674805,25.676198959350586,0.00028993029263801873,1.0531073808670044,-2.104093074798584,1.0313484668731689,1.3648297786712646,1.0836659669876099,0.89154255390167236,4.4724054336547852,0,0,0,0
63,90,545280,5.4858570098876953,0.010871384292840958,0.09749671071767807,59.436122894287109,32.759170532226562,0,19.594902038574219,23.479965209960938,0.00029256541165523231,0.90198832750320435,-2.2751090526580811,1.0705463886260986,1.3648297786712646,1.0836659669876099,0.89154255390167236,4.4724054336547852,0,0,0,0
63,105,545640,9.6228933334350586,0.00096471933647990227,0.017977755516767502,59.2060546875,32.911636352539062,0,22.587366104125977,21.4757080078125,0.00029543341952376068,0.73008310794830322,-2.4138216972351074,1.1023403406143188,1.3648297786712646,1.0836659669876099,0.89154255390167236,4.4724054336547852,0,0,0,0
63,120,546000,13.531927108764648,2.9046026611467823E-05,0.0025664595887064934,58.949481964111328,32.936893463134766,0,26.933813095092773,19.651657104492188,0.00029823236400261521,0.55258834362030029,-2.4917290210723877,1.1201972961425781,1.3648297786712646,1.0836659669876099,0.89154255390167236,4.4724054336547852,0,0,0,0
63,135,546360,16.983591079711914,0,0.00093218532856553793,58.544307708740234,32.913440704345703,0,31.165388107299805,18.043521881103516,0.00030096128466539085,0.38577085733413696,-2.4585521221160889,1.1192812919616699,1.3648297786712646,1.0836659669876099,0.89154255390167236,4.4724054336547852,0,0,0,0
63,150,546720,19.695644378662109,0,0.00067265209509059787,58.00982666015625,32.860080718994141,0,33.943202972412109,17.092832565307617,0.00030363013502210379,0.24045252799987793,-2.2418813705444336,1.1050260066986084,1.3648297786712646,1.0836659669876099,0.89154255390167236,4.4724054336547852,0,0,0,0
63,165,547080,21.343862533569336,0,0.00051367387641221285,57.400836944580078,32.803127288818359,0,35.360530853271484,16.808187484741211,0.00030625826912000775,0.13348563015460968,-1.9075969457626343,1.0830326080322266,1.3648297786712646,1.0836659669876099,0.89154255390167236,4.4724054336547852,0,0,0,0
63,180,547440,21.714590072631836,0,0.00036735559115186334,56.801994323730469,32.746898651123047,0,36.454463958740234,16.734697341918945,0.00030885459273122251,0.071168333292007446,-1.5341079235076904,1.0584596395492554,1.3648297786712646,1.0836659669876099,5.5,4.4724054336547852,0,0,1,0
63,195,547800,20.866296768188477,0,0.00022310961503535509,56.294780731201172,32.691238403320312,0,37.900012969970703,16.560859680175781,0.00031141666113398969,0.039999295026063919,-1.1998233795166016,1.0364662408828735,1.3648297786712646,1.0836659669876099,0.89154255390167236,4.4724054336547852,0,0,0,0
63,210,548160,18.785421371459961,0,0.00012141290790168568,55.936805725097656,32.636348724365234,0,40.442897796630859,15.982455253601074,0.00031392945675179362,0.027775930240750313,-0.98315262794494629,1.0222107172012329,1.3648297786712646,1.0836659669876099,0.89154255390167236,4.4724054336547852,0,0,0,0
63,225,548520,15.603489875793457,1.3518283594748937E-06,0.00013377348659560084,55.762027740478516,32.583492279052734,0,44.592525482177734,14.84566593170166,0.00031636439962312579,0.035582128912210464,-0.95832854509353638,1.0175608396530151,1.3648297786712646,1.0836659669876099,0.89154255390167236,4.4724054336547852,0,0,0,0
63,240,548880,11.581769943237305,0.00012547103688120842,0.00041584123391658068,55.754966735839844,32.545337677001953,0,48.976856231689453,13.638400077819824,0.00031870394013822079,0.068368479609489441,-1.1168386936187744,0.9982987642288208,1.3648297786712646,1.0836659669876099,0.89154255390167236,4.4724054336547852,0,0,0,0
63,255,549240,7.1637678146362305,0.00039168877992779016,0.0023399265483021736,55.905410766601562,32.539669036865234,0,52.400981903076172,12.544807434082031,0.00032095154165290296,0.1279308944940567,-1.3887355327606201,0.96525800228118896,1.3648297786712646,1.0836659669876099,0.89154255390167236,4.4724054336547852,0,0,0,0
63,270,549600,1.8339412212371826,0.00013222631241660565,0.00075916229980066419,56.208019256591797,32.570030212402344,0,53.827232360839844,11.549299240112305,0.00032313051633536816,0.22410623729228973,-1.7045986652374268,0.92687445878982544,1.3648297786712646,1.0836659669876099,0.89154255390167236,4.4724054336547852,0,0,0,0
63,285,549960,-2.3601763248443604,0.00010521570220589638,0.001930409693159163,56.503086090087891,32.612735748291016,2.4284749997605104E-06,53.798133850097656,10.684429168701172,0.00032313686097040772,0.36200308799743652,-1.9950077533721924,0.89158415794372559,1.3648297786712646,1.0836659669876099,0.89154255390167236,4.4724054336547852,0,0,0,0
63,300,550320,-6.016139030456543,7.7421653259079903E-05,0.0031740712001919746,56.8187255859375,32.656955718994141,0.00080292881466448307,51.588157653808594,11.872283935546875,0.00031437276629731059,0.52316749095916748,-2.1905419826507568,0.86782294511795044,1.3648297786712646,1.0836659669876099,0.89154255390167236,4.4724054336547852,0,0,0,0
63,315,550680,-8.8646078109741211,0.0013265550369396806,0.011221155524253845,57.103603363037109,32.687091827392578,0.052557986229658127,46.301643371582031,15.885499000549316,0.00031072349520400167,0.69345122575759888,-2.2266125679016113,0.86341053247451782,1.3648297786712646,1.0836659669876099,0.89154255390167236,4.4724054336547852,0,0,0,0
63,330,551040,-10.798227310180664,0.0093590673059225082,0.10905400663614273,57.1019287109375,32.654399871826172,0.45658382773399353,40.750701904296875,19.787363052368164,0.00030905715539120138,0.92011505365371704,-2.1334652900695801,0.87435799837112427,1.3648297786712646,1.0836659669876099,0.89154255390167236,4.4724054336547852,0,0,0,0
63,345,551400,-11.815380096435547,0.0091397939249873161,0.046996738761663437,57.073883056640625,32.612407684326172,1.2272775173187256,35.845046997070312,22.734498977661133,0.00030747611890546978,1.0057018995285034,-1.9761841297149658,0.89284294843673706,1.3648297786712646,1.0836659669876099,0.89154255390167236,4.4724054336547852,0,0,0,0
63,360,551760,-8.1218757629394531,0.0025767881888896227,0.01813310943543911,57.047092437744141,32.570697784423828,1.6101188659667969,31.529815673828125,24.865013122558594,0.00030597002478316426,0.55482172966003418,1.8568121194839478,0.99815094470977783,1.0324490070343018,1.1098248958587646,0.97803974151611328,7.9745326042175293,0,0,0,0
63,365,551880,-7.5049190521240234,0.0076317847706377506,0.010313634760677814,57.066703796386719,32.556953430175781,1.7717397212982178,30.23798942565918,25.390926361083984,0.00030548303038813174,0.4072546660900116,2.6041300296783447,1.0302841663360596,0.97089707851409912,1.1146690845489502,0.99405777454376221,8.6230745315551758,0,0,0,0
64,15,552240,-11.827632904052734,0.031415123492479324,0.07629142701625824,57.095527648925781,32.519062042236328,3.1162312030792236,26.597614288330078,26.644266128540039,0.00030406250152736902,0.66958951950073242,-1.8643801212310791,1.0331268310546875,1.0559865236282349,1.1079723834991455,0.97191447019577026,7.7265300750732422,0,1,0,0
64,30,552600,-6.8830990791320801,0.015077786520123482,0.12314388155937195,57.06817626953125,32.478160858154297,4.1062111854553223,23.390903472900391,27.373645782470703,0.00030269907438196242,0.4123595654964447,0.21987795829772949,1.0706596374511719,0.97089707851409912,1.1146690845489502,0.99405777454376221,8.6230745315551758,0,1,0,0
64,45,552960,-2.4764101505279541,0.01136629655957222,0.029104506596922874,57.751430511474609,32.495750427246094,3.8692855834960938,21.79937744140625,26.489248275756836,0.00029634416569024324,0.41923385858535767,2.801140308380127,1.1001116037368774,0.97089707851409912,1.1146690845489502,0.99405777454376221,8.6230745315551758,0,0,0,0
64,60,553320,0.89722949266433716,0.0040530604310333729,0.26413628458976746,58.639781951904297,32.684215545654297,0.9076685905456543,21.568080902099609,24.400051116943359,0.00029255589470267296,0.37212842702865601,2.8700060844421387,1.1457334756851196,0.97089707851409912,1.1146690845489502,0.99405777454376221,8.6230745315551758,0,0,0,0
64,75,553680,4.8650083541870117,0.0010119254002347589,0.027952706441283226,58.552780151367188,32.789695739746094,0,22.005773544311523,22.31999397277832,0.00029544072458520532,0.3078082799911499,2.9502043724060059,1.1988629102706909,0.97089707851409912,1.1146690845489502,0.99405777454376221,8.6230745315551758,0,0,0,0
64,90,554040,10.054043769836426,0.00034590062568895519,0.012654500082135201,58.426826477050781,32.823558807373047,0,24.303655624389648,20.421743392944336,0.00029828672995790839,0.22846636176109314,3.0286593437194824,1.2508372068405151,0.97089707851409912,1.1146690845489502,0.99405777454376221,8.6230745315551758,0,0,0,0
64,105,554400,14.438995361328125,8.1131884144269861E-06,0.0027423277497291565,58.202144622802734,32.83331298828125,0,28.204891204833984,18.693981170654297,0.00030106850317679346,0.13897337019443512,3.0922949314117432,1.2929940223693848,0.97089707851409912,1.1146690845489502,0.99405777454376221,8.6230745315551758,0,0,0,0
64,120,554760,18.590093612670898,2.5632687083998462E-09,0.00099460629280656576,57.83056640625,32.805118560791016,0,32.282676696777344,17.175155639648438,0.00030377827351912856,0.065621964633464813,3.128035306930542,1.3166712522506714,0.97089707851409912,1.1146690845489502,0.99405777454376221,8.6230745315551758,0,0,0,0
64,135,555120,22.169628143310547,0,0.00066935474751517177,57.339012145996094,32.754055023193359,0,34.411808013916016,16.499660491943359,0.00030642846832051873,0.1333470493555069,3.1826934814453125,1.3107374906539917,0.97089707851409912,1.1146690845489502,0.99405777454376221,8.6230745315551758,0,0,0,0
64,150,555480,25.050142288208008,0,0.00049485452473163605,56.762157440185547,32.700386047363281,0,34.943950653076172,16.579063415527344,0.00030904760933481157,0.00117339170537889,3.4532113075256348,1.2668526172637939,0.97089707851409912,1.1146690845489502,0.99405777454376221,8.6230745315551758,0,0,0,0
64,165,555840,26.979206085205078,0,0.00032683319295756519,56.142784118652344,32.65008544921875,0,35.198299407958984,16.88871955871582,0.00031164733809418976,7.968568752403371E-06,3.870572566986084,1.1991461515426636,0.97089707851409912,1.1146690845489502,0.99405777454376221,8.6230745315551758,0,0,0,0
64,180,556200,27.74928092956543,0,0.00016319258429575711,55.513446807861328,32.604644775390625,0,35.183376312255859,17.348230361938477,0.00031423053587786853,4.5473164789200382E-08,4.3368816375732422,1.1234990358352661,0.97089707851409912,1.1146690845489502,0.99405777454376221,8.6230745315551758,0,0,0,0
64,195,556560,27.245513916015625,0,6.3779742049518973E-05,54.904731750488281,32.563228607177734,0,35.208370208740234,17.754386901855469,0.00031679807580076158,1.8323283168530935E-10,4.7542428970336914,1.0557925701141357,0.97089707851409912,1.1146690845489502,0.99405777454376221,8.6230745315551758,0,0,0,0
64,210,556920,25.385124206542969,0,6.4011452195700258E-05,54.433387756347656,32.524120330810547,0,35.589828491210938,17.932968139648438,0.0003193471347913146,4.9851274367199161E-13,5.0247607231140137,1.011907696723938,0.97089707851409912,1.1146690845489502,1.1303861141204834,8.6230745315551758,0,0,0,0
64,225,557280,22.328521728515625,1.5148981447055121E-06,6.3792045693844557E-05,54.120792388916016,32.486103057861328,0,36.815963745117188,17.725557327270508,0.000321867351885885,7.5312251027133447E-16,5.0366649627685547,1.0019571781158447,0.97089707851409912,1.1146690845489502,0.99405777454376221,8.6230745315551758,0,0,0,0
64,240,557640,18.206846237182617,9.8276002972852439E-05,6.7654029408004135E-05,54.028247833251953,32.449016571044922,0,40.625003814697266,16.624204635620117,0.00032432487932965159,3.0055951354056353E-19,4.6508893966674805,0.98561441898345947,0.97089707851409912,1.1146690845489502,0.99405777454376221,8.6230745315551758,0,0,0,0
64,255,558000,13.457877159118652,0.00013525494432542473,9.5810777565930039E-05,54.134956359863281,32.422012329101562,0,44.987064361572266,15.266237258911133,0.0003266832500230521,5.1012996789775774E-23,3.98915696144104,0.95758110284805298,0.97089707851409912,1.1146690845489502,0.99405777454376221,8.6230745315551758,0,0,0,0
64,270,558360,7.6617937088012695,0.00014294649008661509,0.00029510952299460769,54.377170562744141,32.426734924316406,0,48.354530334472656,14.033361434936523,0.00032894144533202052,6.6048342254601407E-27,3.220421314239502,0.92501485347747803,0.97089707851409912,1.1146690845489502,0.99405777454376221,8.6230745315551758,0,0,0,0
64,285,558720,2.9869952201843262,0.00012049562064930797,0.0011134020751342177,54.631847381591797,32.455287933349609,0,49.777919769287109,12.911803245544434,0.0003311253385618329,0.0016633101040497422,2.5136346817016602,0.89507293701171875,0.97089707851409912,1.1146690845489502,0.99405777454376221,8.6230745315551758,0,0,0,0
64,300,559080,-1.0456660985946655,9.1487898316700011E-05,0.0022863219492137432,54.895023345947266,32.486656188964844,2.7229461352362705E-07,49.838459014892578,11.890488624572754,0.00033303766394965351,0.023088645190000534,2.0377507209777832,0.87491285800933838,0.97089707851409912,1.1146690845489502,0.99405777454376221,8.6230745315551758,0,0,0,0
64,315,559440,-4.0911436080932617,5.9910922573180869E-05,0.0044160271063446999,55.120109558105469,32.506027221679688,0.00095881993183866143,48.742130279541016,11.899127960205078,0.00032471647136844695,0.085223071277141571,1.9425890445709229,0.87291133403778076,0.97089707851409912,1.1146690845489502,0.99405777454376221,8.6230745315551758,0,0,0,0
64,330,559800,-6.1772394180297852,5.2071845857426524E-05,0.0044509945437312126,55.316013336181641,32.510452270507812,0.054792724549770355,45.263580322265625,14.181511878967285,0.00031524509540759027,0.16595050692558289,2.0751385688781738,0.90444332361221313,0.97089707851409912,1.1146690845489502,0.99405777454376221,8.6230745315551758,0,0,0,0
64,345,560160,-7.3497347831726074,0.00039386888965964317,0.0048935324884951115,55.519794464111328,32.502170562744141,0.18481525778770447,40.610427856445312,17.378683090209961,0.00031359455897472799,0.25228103995323181,2.2989518642425537,0.95768588781356812,0.97089707851409912,1.1146690845489502,0.99405777454376221,8.6230745315551758,0,0,0,0
64,360,560520,-10.152858734130859,0.008734503760933876,0.032688528299331665,55.626476287841797,32.481193542480469,0.75590837001800537,35.858848571777344,20.38905143737793,0.00031202458194456995,0.50618290901184082,0.075916111469268799,0.96805387735366821,1.0912836790084839,1.1542158126831055,0.93114131689071655,11.406740188598633,0,0,0,0
64,365,560640,-10.465936660766602,0.008577580563724041,0.03929697722196579,55.616634368896484,32.468807220458984,0.93306916952133179,34.355167388916016,21.255126953125,0.00031150798895396292,0.59063392877578735,-0.33032384514808655,0.97320276498794556,1.1135774850845337,1.1615393161773682,0.91949009895324707,11.922234535217285,0,0,0,0
65,15,561000,-9.2898731231689453,0.017019564285874367,0.059372130781412125,55.7188720703125,32.430629730224609,1.5701068639755249,30.280046463012695,23.282333374023438,0.00031000649323686957,0.74768602848052979,0.40712153911590576,1.0131233930587769,1.0827585458755493,1.1514153480529785,0.93559670448303223,11.209615707397461,0,0,0,0
65,30,561360,-8.3452224731445312,0.016639325767755508,0.16368332505226135,55.713706970214844,32.391082763671875,2.4184591770172119,26.635295867919922,24.721469879150391,0.00030856960802339017,0.69879144430160522,-0.21317499876022339,1.0052162408828735,1.1135774850845337,1.1615393161773682,0.91949009895324707,11.922234535217285,0,0,0,0
65,45,561720,-5.9758071899414062,0.011800656095147133,0.0063559371046721935,56.198921203613281,32.361347198486328,3.1319217681884766,23.694646835327148,25.361518859863281,0.00030722387600690126,0.72668975591659546,-0.14834228157997131,1.0210754871368408,1.1135774850845337,1.1615393161773682,0.91949009895324707,11.922234535217285,0,0,0,0
65,60,562080,-2.7603840827941895,0.0094369789585471153,0.027732826769351959,56.465732574462891,32.35308837890625,3.7341973781585693,22.168041229248047,24.591812133789062,0.00029907509451732039,0.68917226791381836,-0.047915160655975342,1.0456420183181763,1.1135774850845337,1.1615393161773682,0.91949009895324707,11.922234535217285,0,0,0,0
65,75,562440,1.1770241260528564,0.0034369342029094696,0.31260234117507935,57.172676086425781,32.478328704833984,1.1083838939666748,21.962615966796875,22.658267974853516,0.00029637798434123397,0.60478883981704712,0.069037914276123047,1.0742509365081787,1.1135774850845337,1.1615393161773682,0.91949009895324707,11.922234535217285,0,0,0,0
65,90,562800,6.4368147850036621,0.00074178026989102364,0.033307928591966629,57.092655181884766,32.550662994384766,0,23.119100570678711,20.733213424682617,0.00029924730188213289,0.50076496601104736,0.18344861268997192,1.1022379398345947,1.1135774850845337,1.1615393161773682,0.91949009895324707,11.922234535217285,0,0,0,0
65,105,563160,10.877765655517578,0.00020572738139890134,0.011183894239366055,56.93695068359375,32.559455871582031,0,26.870321273803711,18.979682922363281,0.00030205707298591733,0.38057973980903625,0.27624830603599548,1.1249384880065918,1.1135774850845337,1.1615393161773682,0.91949009895324707,11.922234535217285,0,0,0,0
65,120,563520,15.096481323242188,1.3796544351407647E-07,0.002346742432564497,56.621845245361328,32.545547485351562,0,31.688680648803711,17.387380599975586,0.00030478206463158131,0.25388866662979126,0.32836875319480896,1.1376882791519165,1.1135774850845337,1.1615393161773682,0.91949009895324707,11.922234535217285,0,0,0,0
65,135,563880,18.760087966918945,0,0.00091465871082618833,56.138809204101562,32.503097534179688,0,35.749198913574219,16.156623840332031,0.00030742713715881109,0.13506974279880524,0.32583850622177124,1.1309312582015991,1.1135774850845337,1.1615393161773682,0.91949009895324707,11.922234535217285,0,0,0,0
65,150,564240,21.490577697753906,0,0.00051777873886749148,55.53997802734375,32.448513031005859,0,37.616054534912109,15.862077713012695,0.00031001953175291419,0.049363717436790466,0.28498747944831848,1.0884454250335693,1.1135774850845337,1.1615393161773682,0.91949009895324707,11.922234535217285,0,0,0,0
65,165,564600,23.10267448425293,0,0.00034131109714508057,54.8795166015625,32.394943237304688,0,38.334663391113281,16.109447479248047,0.00031258427770808339,0.32757532596588135,0.22196163237094879,1.022897481918335,1.437099814414978,1.1615393161773682,0.91949009895324707,11.922234535217285,0,0,0,1
65,180,564960,23.467914581298828,0,0.00017837813356891274,54.204463958740234,32.34478759765625,0,38.895915985107422,16.449861526489258,0.00031512940768152475,0.0025848892983049154,0.15154415369033813,0.9496619701385498,1.1135774850845337,1.1615393161773682,0.91949009895324707,11.922234535217285,0,0,0,0
65,195,565320,22.559717178344727,0,7.7195312769617885E-05,53.616493225097656,32.299858093261719,0,39.695533752441406,16.680036544799805,0.0003176530881319195,1.7651025700615719E-05,0.088518291711807251,0.88411396741867065,1.1135774850845337,1.1615393161773682,0.91949009895324707,11.922234535217285,0,0,0,0
65,210,565680,20.606201171875,0,7.3606563091743737E-05,53.214790344238281,32.259170532226562,0,41.349014282226562,16.543788909912109,0.00032014338648878038,1.0475399392362306E-07,0.047667264938354492,0.84162819385528564,1.1135774850845337,1.1615393161773682,0.91949009895324707,11.922234535217285,0,0,0,0
65,225,566040,17.711505889892578,2.1888729406782659E-06,7.5245501648169011E-05,52.97113037109375,32.220859527587891,0,44.886421203613281,15.683327674865723,0.00032257431303150952,3.2831135032829195E-10,0.029289295896887779,0.8336678147315979,1.1135774850845337,1.1615393161773682,0.91949009895324707,11.922234535217285,0,0,0,0
65,240,566400,19.670101165771484,0,5.8278914366383106E-05,52.599945068359375,32.184162139892578,0,49.382099151611328,14.481563568115234,0.00032491731690242887,1.5430957564250419E-13,5.0703296661376953,0.83431082963943481,1.1135774850845337,1.1615393161773682,0.91949009895324707,11.922234535217285,1,0,0,0
65,255,566760,9.8305683135986328,0.00027864403091371059,0.00014223773905541748,52.752391815185547,32.156295776367188,0,53.309700012207031,13.361175537109375,0.00032717711292207241,6.1711398302577436E-06,-0.22719739377498627,0.83541369438171387,1.5268466472625732,1.1615393161773682,0.91949009895324707,11.922234535217285,0,0,0,1
65,270,567120,4.6022100448608398,0.00014214633847586811,0.00055094622075557709,53.096267700195312,32.162860870361328,0,55.748813629150391,12.321013450622559,0.00032934252521954477,0.0071795559488236904,-0.46470648050308228,0.83669489622116089,1.1135774850845337,1.1615393161773682,0.91949009895324707,11.922234535217285,0,0,0,0
65,285,567480,0.45332464575767517,0.00011966077727265656,0.0013430039398372173,53.381790161132812,32.185661315917969,0,56.245365142822266,11.371855735778809,0.00033145278575830162,0.048908248543739319,-0.65694361925125122,0.83787292242050171,1.1135774850845337,1.1615393161773682,0.91949009895324707,11.922234535217285,0,0,0,0
65,300,567840,-3.2880935668945312,9.2569855041801929E-05,0.002516827080398798,53.670150756835938,32.211048126220703,7.8195307651185431E-06,55.792877197265625,10.824177742004395,0.00032765063224360347,0.12485115230083466,-0.78637814521789551,0.83866602182388306,1.1135774850845337,1.1615393161773682,0.91949009895324707,11.922234535217285,0,0,0,0
65,315,568200,-6.3653521537780762,0.00091652368428185582,0.0040233335457742214,53.954509735107422,32.227935791015625,0.0070947436615824699,52.510448455810547,13.02558708190918,0.00031825146288610995,0.2347036600112915,-0.80759459733963013,0.84091794490814209,1.1135774850845337,1.1615393161773682,0.91949009895324707,11.922234535217285,0,0,0,0
65,330,568560,-8.6193027496337891,0.0055196541361510754,0.01127452589571476,54.183597564697266,32.229953765869141,0.091008543968200684,46.875389099121094,17.267253875732422,0.00031607988057658076,0.36484858393669128,-0.71196627616882324,0.86742323637008667,1.1135774850845337,1.1615393161773682,0.91949009895324707,11.922234535217285,0,0,0,0
65,345,568920,-10.006834983825684,0.0085905175656080246,0.035876885056495667,54.186473846435547,32.198162078857422,0.5000302791595459,41.25054931640625,21.120611190795898,0.00031440428574569523,0.4811541736125946,-0.55049556493759155,0.9121779203414917,1.1135774850845337,1.1615393161773682,0.91949009895324707,11.922234535217285,0,0,0,0
65,360,569280,-10.719195365905762,0.0072129475884139538,0.033358357846736908,54.157817840576172,32.160907745361328,1.1460754871368408,36.273799896240234,24.021854400634766,0.00031281774863600731,0.58487629890441895,-0.5490492582321167,0.89749908447265625,1.0953735113143921,1.0925437211990356,0.96113252639770508,5.3795557022094727,0,0,0,0
65,365,569400,-10.51233959197998,0.0064454744569957256,0.033798679709434509,54.148357391357422,32.148403167724609,1.270268440246582,34.751426696777344,24.79911994934082,0.00031230694730766118,0.60618960857391357,-0.46970105171203613,0.89964312314987183,1.0920023918151855,1.0797667503356934,0.96884411573410034,4.1679487228393555,0,0,0,0
66,15,569760,-9.4664373397827148,0.0073304595425724983,0.043044555932283401,54.120159149169922,32.110786437988281,1.9929326772689819,30.556772232055664,26.636068344116211,0.00031082416535355151,0.67458021640777588,-0.25053873658180237,0.94199186563491821,1.0966626405715942,1.097429633140564,0.9581836462020874,5.8428745269775391,0,0,0,0
66,30,570120,-7.5426063537597656,0.0066594821400940418,0.084526404738426208,54.181018829345703,32.073204040527344,2.6702613830566406,26.905706405639648,27.7938232421875,0.00030941038858145475,0.68222790956497192,-0.25153526663780212,0.93005156517028809,1.0920023918151855,1.0797667503356934,0.96884411573410034,4.1679487228393555,0,0,0,0
66,45,570480,-4.9707307815551758,0.0067194299772381783,0.0050281849689781666,54.761157989501953,32.044368743896484,3.0900559425354004,24.224224090576172,27.919851303100586,0.00030574252014048398,0.67019104957580566,-0.31371045112609863,0.93878304958343506,1.0920023918151855,1.0797667503356934,0.96884411573410034,4.1679487228393555,0,0,0,0
66,60,570840,-1.703666090965271,0.0068908073008060455,0.037003591656684875,55.228233337402344,32.046169281005859,3.1671617031097412,23.123416900634766,26.523195266723633,0.00029802086646668613,0.60993707180023193,-0.41002100706100464,0.95230841636657715,1.0920023918151855,1.0797667503356934,0.96884411573410034,4.1679487228393555,0,0,0,0
66,75,571200,2.1939399242401123,0.001094781793653965,0.10028328001499176,55.871150970458984,32.158042907714844,0.14471641182899475,23.092769622802734,24.318302154541016,0.00029772409470751882,0.5201568603515625,-0.52218008041381836,0.9680594801902771,1.0920023918151855,1.0797667503356934,0.96884411573410034,4.1679487228393555,0,0,0,0
66,90,571560,7.2146039009094238,0.00027386474539525807,0.018417870625853539,55.799907684326172,32.162979125976562,0,24.521610260009766,22.255826950073242,0.00030059972777962685,0.46590131521224976,-0.63190102577209473,0.98346811532974243,1.0920023918151855,1.0797667503356934,0.96884411573410034,4.1679487228393555,0,0,0,0
66,105,571920,11.402462959289551,2.2241789338295348E-05,0.020761271938681602,55.607547760009766,32.156585693359375,0,28.263456344604492,20.377660751342773,0.00030341729870997369,0.2809525728225708,-0.72089684009552002,0.99596625566482544,1.0920023918151855,1.0797667503356934,0.96884411573410034,4.1679487228393555,0,0,0,0
66,120,572280,15.375969886779785,0.0018668104894459248,0.022836955264210701,55.248970031738281,32.126262664794922,0,32.804847717285156,18.67236328125,0.00030615730793215334,0.16187402606010437,-0.77088081836700439,1.0029855966567993,1.0920023918151855,1.0797667503356934,0.96884411573410034,4.1679487228393555,0,0,0,0
66,135,572640,18.760826110839844,1.8347352579439757E-06,0.00062868447275832295,54.751338958740234,32.077774047851562,0,36.55572509765625,17.362281799316406,0.00030882342252880335,0.52402502298355103,-0.75396615266799927,1.0017067193984985,1.0920023918151855,1.0797667503356934,0.96884411573410034,4.1679487228393555,0,0,0,0
66,150,573000,21.310697555541992,0,0.00043904397170990705,54.146396636962891,32.033409118652344,0,38.259414672851562,16.983301162719727,0.00031143848900683224,0.018702834844589233,-0.63809341192245483,0.99123823642730713,1.0920023918151855,1.0797667503356934,0.96884411573410034,4.1679487228393555,0,0,0,0
66,165,573360,22.766885757446289,0,0.00029244835604913533,53.485595703125,31.994441986083984,0,38.891422271728516,17.140764236450195,0.00031402651802636683,0.00088927557226270437,-0.45932233333587646,0.97508710622787476,1.0920023918151855,1.0797667503356934,0.96884411573410034,4.1679487228393555,0,0,0,0
66,180,573720,22.975566864013672,0,0.00014539077528752387,52.824924468994141,31.958168029785156,0,39.405082702636719,17.381938934326172,0.00031659560045227408,7.4674467214208562E-06,-0.25958511233329773,0.95704197883605957,1.0920023918151855,1.0797667503356934,0.96884411573410034,4.1679487228393555,0,0,0,0
66,195,574080,21.937202453613281,0,7.5899602961726487E-05,52.267543792724609,31.923107147216797,0,40.205318450927734,17.49785041809082,0.00031914468854665756,5.5424848710572405E-08,-0.08081403374671936,0.94089090824127197,1.0920023918151855,1.0797667503356934,0.96884411573410034,4.1679487228393555,0,0,0,0
66,210,574440,19.74327278137207,0,7.5603478762786835E-05,51.888423919677734,31.888689041137695,0,42.062595367431641,17.169233322143555,0.00032165946322493255,2.6698110389133944E-10,0.035058736801147461,0.93042242527008057,1.0920023918151855,1.0797667503356934,0.96884411573410034,4.1679487228393555,0,0,0,0
66,225,574800,16.518253326416016,2.5165063561871648E-06,7.7701144618913531E-05,51.701309204101562,31.855655670166016,0,45.838848114013672,16.103034973144531,0.00032410546555183828,4.1127791818897086E-13,0.036804318428039551,0.9264141321182251,1.0920023918151855,1.0797667503356934,0.96884411573410034,4.1679487228393555,0,0,0,0
66,240,575160,12.458009719848633,0.00014112636563368142,9.1590016381815076E-05,51.708454132080078,31.829093933105469,0,50.215953826904297,14.822826385498047,0.00032645239843986928,1.8064368587116024E-16,-0.16144329309463501,0.90642756223678589,1.0920023918151855,1.0797667503356934,0.96884411573410034,4.1679487228393555,0,0,0,0
66,255,575520,7.9359860420227051,0.00015557075676042587,0.0090963989496231079,52.013729095458984,31.820371627807617,0,53.72711181640625,13.661730766296387,0.0003287021245341748,0.001237153192050755,-0.5015031099319458,0.87214404344558716,1.0920023918151855,1.0797667503356934,4.8603348731994629,4.1679487228393555,0,0,1,0
66,270,575880,2.5128624439239502,0.00015792509657330811,0.002059348626062274,52.391426086425781,31.837238311767578,0,55.363208770751953,12.605705261230469,0.00033087481278926134,0.01464299950748682,-0.89655119180679321,0.83231675624847412,1.0920023918151855,1.0797667503356934,0.96884411573410034,4.1679487228393555,0,0,0,0
66,285,576240,-1.734465479850769,0.0010026717791333795,0.0051224506460130215,52.739612579345703,31.863422393798828,0.00043183323577977717,55.417896270751953,11.647636413574219,0.00033223273931071162,0.06638297438621521,-1.2597639560699463,0.79569900035858154,1.0920023918151855,1.0797667503356934,0.96884411573410034,4.1679487228393555,0,0,0,0
66,300,576600,-5.4219279289245605,8.8984001195058227E-05,0.0028518196195363998,53.072551727294922,31.88682746887207,1.2615749255928677E-05,53.684181213378906,12.298145294189453,0.00032355851726606488,0.16097983717918396,-1.5043177604675293,0.77104401588439941,1.0920023918151855,1.0797667503356934,0.96884411573410034,4.1679487228393555,0,0,0,0
66,315,576960,-8.2550897598266602,0.00021304891561158001,0.0049902037717401981,53.378974914550781,31.899087905883789,0.019743390381336212,48.6202392578125,16.066461563110352,0.00031849631341174245,0.27427136898040771,-1.5417318344116211,0.767647385597229,1.0920023918151855,1.0797667503356934,0.96884411573410034,4.1679487228393555,0,0,0,0
66,330,577320,-10.045883178710938,0.0067494921386241913,0.096631757915019989,53.408012390136719,31.878259658813477,0.17884472012519836,42.826095581054688,20.186775207519531,0.00031679999665357172,0.38431647419929504,-1.3269343376159668,0.7940947413444519,1.0920023918151855,1.0797667503356934,0.96884411573410034,4.1679487228393555,0,0,0,0
66,345,577680,-14.337893486022949,0.020683847367763519,0.069945015013217926,53.378932952880859,31.843196868896484,1.0715885162353516,37.655055999755859,23.352972030639648,0.0003151942219119519,0.49471309781074524,-3.4769711494445801,0.83875167369842529,1.0920023918151855,1.0797667503356934,0.96884411573410034,4.1679487228393555,0,1,0,0
66,360,578040,-11.19054126739502,0.0069408100098371506,0.033140078186988831,53.350719451904297,31.807146072387695,1.4891829490661621,33.107139587402344,25.652584075927734,0.00031367046176455915,0.61526656150817871,-0.99512386322021484,0.81010955572128296,1.1034030914306641,1.0413010120391846,1.0801013708114624,4.8740053176879883,0,0,0,0
66,365,578160,-11.062195777893066,0.0070504900068044662,0.033041667193174362,53.341434478759766,31.794963836669922,1.7382086515426636,31.715911865234375,26.252023696899414,0.00031317889806814492,0.64542317390441895,-0.98069870471954346,0.78495490550994873,1.1055142879486084,1.0341776609420776,1.100704550743103,5.0047564506530762,0,0,0,0
67,15,578520,-9.8894824981689453,0.014380712062120438,0.041070956736803055,53.314121246337891,31.75799560546875,2.2865381240844727,27.882289886474609,27.618154525756836,0.00031174835748970509,0.69189172983169556,-0.68518829345703125,0.79855966567993164,1.1025956869125366,1.0440249443054199,1.0722227096557617,4.8240060806274414,0,0,0,0
67,30,578880,-8.2055063247680664,0.007337130606174469,0.11257750540971756,53.302177429199219,31.720748901367188,2.7462105751037598,24.517345428466797,28.417644500732422,0.00031037771259434521,0.71756291389465332,-0.79960149526596069,0.76900804042816162,1.1055142879486084,1.0341776609420776,1.100704550743103,5.0047564506530762,0,0,0,0
67,45,579240,-5.6543221473693848,0.0057051214389503002,0.0051507535390555859,53.889339447021484,31.691913604736328,2.9939863681793213,21.86182975769043,28.468273162841797,0.00030846445588395,0.71448266506195068,-0.84454357624053955,0.80260515213012695,1.1055142879486084,1.0341776609420776,1.100704550743103,5.0047564506530762,0,0,0,0
67,60,579600,-2.3931207656860352,0.0063191773369908333,0.018169360235333443,54.228569030761719,31.704034805297852,3.2328875064849854,20.588577270507812,27.192546844482422,0.00030035054078325629,0.6518172025680542,-0.91415965557098389,0.85464775562286377,1.1055142879486084,1.0341776609420776,1.100704550743103,5.0047564506530762,0,0,0,0
67,75,579960,1.519055962562561,0.0016830181702971458,0.21655398607254028,55.187400817871094,31.852209091186523,0.45487692952156067,20.454647064208984,24.983303070068359,0.00029853874002583325,0.55175244808197021,-0.9952315092086792,0.91525441408157349,1.1055142879486084,1.0341776609420776,1.100704550743103,5.0047564506530762,0,0,0,0
67,90,580320,6.5852642059326172,0.00083267770241945982,0.058498375117778778,55.116050720214844,31.896890640258789,0,21.575836181640625,22.860021591186523,0.00030145185883156955,0.44278892874717712,-1.0745409727096558,0.97454339265823364,1.1055142879486084,1.0341776609420776,1.100704550743103,5.0047564506530762,0,0,0,0
67,105,580680,10.813920021057129,0.0013557312777265906,0.009021061472594738,54.953723907470703,31.907770156860352,0,24.950294494628906,20.926321029663086,0.00030431064078584313,0.31674209237098694,-1.1388697624206543,1.02263343334198,1.1055142879486084,1.0341776609420776,1.100704550743103,5.0047564506530762,0,0,0,0
67,120,581040,14.791485786437988,1.988386202356196E-07,0.00095761078409850597,54.661670684814453,31.892511367797852,0,29.252508163452148,19.169836044311523,0.00030709573184140027,0.73878633975982666,-1.1749995946884155,1.04964280128479,1.4660282135009766,1.0341776609420776,1.100704550743103,5.0047564506530762,0,0,0,1
67,135,581400,18.200979232788086,0,0.00063748640241101384,54.224063873291016,31.853128433227539,0,33.025356292724609,17.729337692260742,0.00030981111922301352,0.087773114442825317,-1.1812012195587158,1.0528233051300049,1.1055142879486084,1.0341776609420776,1.100704550743103,5.0047564506530762,0,0,0,0
67,150,581760,20.654939651489258,0,0.00045555154792964458,53.687526702880859,31.813549041748047,0,35.003265380859375,17.103002548217773,0.00031247464357875288,0.023845108225941658,-1.1949976682662964,1.0554312467575073,1.1055142879486084,1.0341776609420776,1.100704550743103,5.0047564506530762,0,0,0,0
67,165,582120,21.959661483764648,0,0.00050619390094652772,53.092063903808594,31.777257919311523,0,35.888454437255859,17.031919479370117,0.00031510688131675124,0.0022190671879798174,-1.2162832021713257,1.0594547986984253,1.1055142879486084,1.0341776609420776,1.100704550743103,5.0047564506530762,0,0,0,0
67,180,582480,24.768253326416016,0,0.001985934330150485,52.469955444335938,31.742448806762695,0,36.1513671875,17.294794082641602,0.00031771778594702482,2.068552203127183E-05,1.9800366163253784,1.0639500617980957,1.1055142879486084,1.0341776609420776,1.100704550743103,5.0047564506530762,1,0,0,0
67,195,582840,20.733518600463867,0,8.7759945017751306E-05,52.060718536376953,31.708410263061523,0,37.391281127929688,17.13817024230957,0.00032030281727202237,1.3726868530739011E-07,-1.2613505125045776,1.0679736137390137,1.1055142879486084,1.0341776609420776,1.100704550743103,5.0047564506530762,0,0,0,0
67,210,583200,18.433935165405273,0,8.5841340478509665E-05,51.827884674072266,31.674720764160156,0,40.008895874023438,16.458063125610352,0.00032283019390888512,6.5256772208144298E-10,-1.2751469612121582,1.0705815553665161,1.1055142879486084,1.0341776609420776,1.100704550743103,5.0047564506530762,0,0,0,0
67,225,583560,15.227739334106445,2.5358285711263306E-06,9.2303540441207588E-05,51.81390380859375,31.642091751098633,0,44.090801239013672,15.264442443847656,0.00032526854192838073,1.3445712642237706E-12,-1.2852344512939453,1.068867564201355,1.1055142879486084,1.0341776609420776,1.100704550743103,5.0047564506530762,0,0,0,0
67,240,583920,11.314094543457031,0.00017541680426802486,0.00022380055452231318,52.021560668945312,31.619009017944336,0,48.204883575439453,14.051506042480469,0.0003276036586612463,6.0550409131110428E-10,-1.3588647842407227,1.0471502542495728,1.1055142879486084,1.0341776609420776,1.100704550743103,5.0047564506530762,0,0,0,0
67,255,584280,7.0753979682922363,0.00018182476924266666,0.0014446526765823364,52.383560180664062,31.623210906982422,0,51.366237640380859,12.951983451843262,0.0003298472729511559,0.001457841950468719,-1.4851651191711426,1.0098979473114014,1.1055142879486084,1.0341776609420776,1.100704550743103,5.0047564506530762,0,0,0,0
67,270,584640,1.945160984992981,0.0018659005872905254,0.009313538670539856,52.860214233398438,31.658374786376953,0,52.687969207763672,11.947832107543945,0.00033202307531610131,0.022135121747851372,-1.6318883895874023,0.96662181615829468,1.1055142879486084,1.0341776609420776,1.100704550743103,5.0047564506530762,0,0,0,0
67,285,585000,-2.0761196613311768,0.00013283672160468996,0.0020256410352885723,53.254817962646484,31.701766967773438,9.9802196018572431E-07,52.668708801269531,11.050905227661133,0.00033252939465455711,0.075324304401874542,-1.7667878866195679,0.92683309316635132,1.1055142879486084,1.0341776609420776,1.100704550743103,5.0047564506530762,0,0,0,0
67,300,585360,-5.6303877830505371,9.7465141152497381E-05,0.0043030721135437489,53.638641357421875,31.742946624755859,0.005398633424192667,50.804191589355469,11.877449035644531,0.00032366087543778121,0.16672271490097046,-1.857616662979126,0.90004312992095947,1.1055142879486084,1.0341776609420776,1.100704550743103,5.0047564506530762,0,0,0,0
67,315,585720,-8.4653406143188477,0.00042291486170142889,0.0061554461717605591,53.988807678222656,31.77220344543457,0.10030470043420792,45.867145538330078,15.559171676635742,0.0003190147690474987,0.28978550434112549,-1.8639004230499268,0.89241516590118408,1.1055142879486084,1.0341776609420776,1.100704550743103,5.0047564506530762,0,0,0,0
67,330,586080,-10.327215194702148,0.0078819114714860916,0.12115481495857239,54.006481170654297,31.752092361450195,0.38848453760147095,40.380226135253906,19.429035186767578,0.00031732852221466601,0.40202862024307251,-1.6869378089904785,0.87088382244110107,1.1055142879486084,1.0341776609420776,1.100704550743103,5.0047564506530762,0,0,0,0
67,345,586440,-11.233614921569824,0.0074345390312373638,0.062512420117855072,53.977436065673828,31.717195510864258,1.0307110548019409,35.506843566894531,22.37632942199707,0.00031572827720083296,0.51598620414733887,-1.3881319761276245,0.83452779054641724,1.1055142879486084,1.0341776609420776,1.100704550743103,5.0047564506530762,0,0,0,0
67,360,586800,-9.2646064758300781,0.01272923219949007,0.01928006112575531,53.948738098144531,31.681890487670898,1.4279078245162964,31.220041275024414,24.510276794433594,0.00031420422601513565,1.311078667640686,0.80102431774139404,0.88302844762802124,1.4735258817672729,1.1686528921127319,1.086783766746521,3.0643091201782227,0,0,0,0
67,365,586920,-8.7941246032714844,0.006844306830316782,0.01626133918762207,53.939483642578125,31.670066833496094,1.7060613632202148,29.91063117980957,25.062738418579102,0.00031371158547699451,1.5603348016738892,1.2179708480834961,0.89313465356826782,1.5416761636734009,1.1935557126998901,1.0842058658599854,2.7049670219421387,0,0,0,0
68,15,587280,-8.0553426742553711,0.0076544261537492275,0.021415028721094131,53.913799285888672,31.633979797363281,2.4306962490081787,26.299978256225586,26.317159652709961,0.0003122748457826674,1.3524858951568604,0.88790524005889893,0.85599136352539062,1.447465181350708,1.1591300964355469,1.087769627571106,3.2017216682434082,0,0,0,0
68,30,587640,-5.7789702415466309,0.0089198388159275055,0.0045677870512008667,54.327701568603516,31.608377456665039,2.9896931648254395,23.447116851806641,26.733652114868164,0.00031090329866856337,1.7188690900802612,1.3415789604187012,0.88803887367248535,1.5416761636734009,1.1935557126998901,1.0842058658599854,2.7049670219421387,0,0,0,0
68,45,588000,-3.2011749744415283,0.013773439452052116,0.014213562943041325,54.782203674316406,31.62769889831543,4.1192951202392578,21.801559448242188,25.956476211547852,0.00030244456138461828,1.6785728931427002,1.2351028919219971,0.92249077558517456,1.5416761636734009,1.1935557126998901,1.0842058658599854,2.7049670219421387,0,0,0,0
68,60,588360,0.060816515237092972,0.019649762660264969,0.30671879649162292,55.984600067138672,31.980798721313477,1.7544535398483276,21.386985778808594,24.077781677246094,0.00029640403226949275,1.5694504976272583,1.07016921043396,0.97585725784301758,1.5416761636734009,1.1935557126998901,1.0842058658599854,2.7049670219421387,0,0,0,0
68,75,588720,3.8752329349517822,0.0026826129760593176,0.13525030016899109,55.991218566894531,32.574775695800781,0,21.620071411132812,22.031270980834961,0.00029917366919107735,1.4268345832824707,0.87809473276138306,1.0380057096481323,1.5416761636734009,1.1935557126998901,1.0842058658599854,2.7049670219421387,0,0,0,0
68,90,589080,8.7387027740478516,0.0004466143436729908,0.05300266295671463,55.959285736083984,32.691593170166016,0,23.442556381225586,20.161752700805664,0.00030202491325326264,2.1804249286651611,0.69019556045532227,1.0988030433654785,1.5431604385375977,1.1935557126998901,1.0842058658599854,2.7049670219421387,0,0,0,0
68,105,589440,12.920451164245605,1.0133067007700447E-05,0.018103707581758499,55.785179138183594,32.747013092041016,0,27.039026260375977,18.461381912231445,0.00030481506837531924,1.045788049697876,0.53778862953186035,1.1481165885925293,1.5416761636734009,1.1935557126998901,1.0842058658599854,2.7049670219421387,0,0,0,0
68,120,589800,16.816411972045898,7.2779914717102656E-07,0.019373631104826927,55.501182556152344,32.762599945068359,0,31.114770889282227,16.922245025634766,0.00030753313330933452,0.8292003870010376,0.452190101146698,1.1758131980895996,1.5416761636734009,1.1935557126998901,1.0842058658599854,2.7049670219421387,0,0,0,0
68,135,590160,20.152965545654297,0,0.00073377648368477821,55.032432556152344,32.730018615722656,0,33.997047424316406,15.93842887878418,0.00031018647132441401,0.62368887662887573,0.44782355427742004,1.1788657903671265,1.5416761636734009,1.1935557126998901,1.0842058658599854,2.7049670219421387,0,0,0,0
68,150,590520,22.526432037353516,0,0.00055511161917820573,54.482166290283203,32.685897827148438,0,35.056205749511719,15.81010913848877,0.00031280121766030788,0.4466208815574646,0.46980103850364685,1.1804356575012207,1.5416761636734009,1.1935557126998901,1.0842058658599854,2.7049670219421387,0,0,0,0
68,165,590880,23.778945922851562,0,0.00040572384023107588,53.87823486328125,32.646404266357422,0,35.514377593994141,16.013992309570312,0.00031539329211227596,0.31226113438606262,0.50370842218399048,1.1828577518463135,1.5416761636734009,1.1935557126998901,1.0842058658599854,2.7049670219421387,0,0,0,0
68,180,591240,23.783187866210938,0,0.00025395595002919436,53.262184143066406,32.609115600585938,0,35.961544036865234,16.263708114624023,0.00031796461553312838,0.21822285652160645,0.54159241914749146,1.1855640411376953,1.5416761636734009,1.1935557126998901,1.0842058658599854,2.7049670219421387,0,0,0,0
68,195,591600,22.524530410766602,2.2011294277035631E-05,0.0001389064418617636,52.705047607421875,32.573028564453125,0,36.629123687744141,16.417474746704102,0.00032051352900452912,0.16133169829845428,0.5754997730255127,1.1879860162734985,1.5416761636734009,1.1935557126998901,1.0842058658599854,2.7049670219421387,0,0,0,0
68,210,591960,20.176544189453125,1.5790867109899409E-05,0.0031506372615695,52.291439056396484,32.537818908691406,0,38.247127532958984,16.185686111450195,0.00032302664476446807,1.3563354015350342,0.5974772572517395,1.1895560026168823,2.1707127094268799,1.1935557126998901,1.0842058658599854,2.7049670219421387,0,0,0,1
68,225,592320,16.8798828125,1.5815569440746913E-06,0.00059773150132969022,51.987094879150391,32.503269195556641,0,41.7867431640625,15.240333557128906,0.00032547677983529866,0.18382184207439423,0.60071778297424316,1.186888575553894,1.5416761636734009,1.1935557126998901,1.0842058658599854,2.7049670219421387,0,0,0,0
68,240,592680,12.958481788635254,8.0472687841393054E-05,0.00040124004590325058,51.901020050048828,32.471824645996094,0,46.122421264648438,14.024017333984375,0.0003278353251516819,0.23340727388858795,0.59175145626068115,1.1577175855636597,1.5416761636734009,1.1935557126998901,1.0842058658599854,2.7049670219421387,0,0,0,0
68,255,593040,8.7725648880004883,9.9337579740677029E-05,0.00041077219066210091,52.013526916503906,32.449409484863281,0,49.678184509277344,12.91888427734375,0.00033010059269145131,0.33221089839935303,0.57637125253677368,1.1076794862747192,1.5416761636734009,1.1935557126998901,1.0842058658599854,2.7049670219421387,0,0,0,0
68,270,593400,3.7302587032318115,9.1157373390160501E-05,0.0007653434295207262,52.260932922363281,32.440746307373047,0,51.621311187744141,11.91519832611084,0.00033228940446861088,0.47829616069793701,0.55850404500961304,1.0495502948760986,1.5416761636734009,1.1935557126998901,1.0842058658599854,2.7049670219421387,0,0,0,0
68,285,593760,-0.17420007288455963,7.1205053245648742E-05,0.0015286373673006892,52.476470947265625,32.438835144042969,0,51.906658172607422,10.997982978820801,0.00033443115535192192,0.66100388765335083,0.5420767068862915,0.99610549211502075,1.5416761636734009,1.1935557126998901,1.0842058658599854,2.7049670219421387,0,0,0,0
68,300,594120,-3.6149928569793701,5.4437226935988292E-05,0.0022806779015809298,52.701152801513672,32.43768310546875,1.6083303080449696E-06,51.312850952148438,10.608443260192871,0.00032925492268987,0.85896259546279907,0.53101605176925659,0.9601207971572876,1.5416761636734009,1.1935557126998901,1.0842058658599854,2.7049670219421387,0,0,0,0
68,315,594480,-6.3708467483520508,5.2581057389033958E-05,0.0042597469873726368,52.988334655761719,32.432453155517578,0.051211059093475342,48.096363067626953,12.762030601501465,0.00031977484468370676,1.066413402557373,0.53921496868133545,0.95122826099395752,1.5416761636734009,1.1935557126998901,1.0842058658599854,2.7049670219421387,0,0,0,0
68,330,594840,-8.1942214965820312,0.0018386992160230875,0.0068154078908264637,53.273052215576172,32.419502258300781,0.23239520192146301,42.986942291259766,16.523466110229492,0.00031771959038451314,1.2706093788146973,0.67521387338638306,0.93958830833435059,1.5416761636734009,1.1935557126998901,1.0842058658599854,2.7049670219421387,0,0,0,0
68,345,595200,-9.0601310729980469,0.01604013703763485,0.016027059406042099,53.313495635986328,32.388916015625,0.87380093336105347,37.862716674804688,19.965185165405273,0.00031608177232556045,1.4320207834243774,0.90485137701034546,0.91993403434753418,1.5416761636734009,1.1935557126998901,1.0842058658599854,2.7049670219421387,0,0,0,0
68,360,595560,-9.7412519454956055,0.0084063084796071053,0.020793281495571136,53.287002563476562,32.353866577148438,1.7848336696624756,33.293514251708984,22.576025009155273,0.00031452320399694145,0.99954396486282349,0.46759882569313049,0.97800064086914062,1.2357048988342285,1.0147427320480347,1.1166462898254395,3.3326730728149414,0,0,0,0
68,365,595680,-9.7087993621826172,0.007295660674571991,0.022595815360546112,53.277641296386719,32.342105865478516,1.941460132598877,31.894260406494141,23.275117874145508,0.00031401979504153132,0.85160541534423828,0.34602934122085571,0.98872834444046021,1.1790435314178467,0.98162925243377686,1.1226538419723511,3.4489150047302246,0,0,0,0
69,15,596040,-12.267189979553223,0.031166469678282738,0.075113639235496521,53.262943267822266,32.306697845458984,3.3508107662200928,28.051963806152344,24.903299331665039,0.00031255313660949469,1.1195046901702881,-2.1682872772216797,0.95966929197311401,1.2573721408843994,1.0274053812026978,1.1143491268157959,3.2882223129272461,0,1,0,0
69,30,596400,-6.9391694068908691,0.012061147950589657,0.1081426665186882,53.235580444335938,32.271312713623047,5.4287967681884766,24.659635543823242,25.955484390258789,0.00031114634475670755,0.87033849954605103,0.021060377359390259,0.98399561643600464,1.1790435314178467,0.98162925243377686,2.2210090160369873,3.4489150047302246,0,0,1,0
69,45,596760,-4.2350797653198242,0.023623473942279816,0.0064268955029547215,53.878456115722656,32.256553649902344,5.5309901237487793,22.369997024536133,25.857599258422852,0.00030583649640902877,0.86301136016845703,0.33123117685317993,0.99960267543792725,1.1790435314178467,0.98162925243377686,1.1226538419723511,3.4489150047302246,0,0,0,0
69,60,597120,-0.88123500347137451,0.0104432487860322,0.12743979692459106,54.814571380615234,32.412654876708984,4.3667745590209961,21.623281478881836,24.301660537719727,0.00029855006141588092,0.78835815191268921,0.30065003037452698,1.0237782001495361,1.1790435314178467,0.98162925243377686,1.1226538419723511,3.4489150047302246,0,0,0,0
69,75,597480,3.1373183727264404,0.0010400228202342987,0.071892738342285156,55.215038299560547,33.088066101074219,0.030365843325853348,21.717466354370117,22.253793716430664,0.00030012358911335468,0.68634188175201416,0.26503658294677734,1.0519318580627441,1.1790435314178467,0.98162925243377686,1.1226538419723511,3.4489150047302246,0,0,0,0
69,90,597840,8.2237710952758789,0.00034117969335056841,0.041992943733930588,55.069923400878906,33.179111480712891,0,23.36915397644043,20.370372772216797,0.00030296228942461312,0.56185060739517212,0.23019731044769287,1.0794737339019775,1.1790435314178467,0.98162925243377686,1.1226538419723511,3.4489150047302246,0,0,0,0
69,105,598200,12.474920272827148,0.0024861921556293964,0.024671122431755066,54.877231597900391,33.192272186279297,0,26.987781524658203,18.657035827636719,0.00030573803815059364,0.41542202234268188,0.20193879306316376,1.1018130779266357,1.1790435314178467,0.98162925243377686,1.1226538419723511,3.4489150047302246,0,0,0,0
69,120,598560,16.449651718139648,1.7004761332373164E-07,0.0060884333215653896,54.550006866455078,33.160808563232422,0,31.115695953369141,17.105253219604492,0.00030843736021779478,0.27333691716194153,0.18606756627559662,1.1143598556518555,1.1790435314178467,0.98162925243377686,1.1226538419723511,3.4489150047302246,0,0,0,0
69,135,598920,19.82542610168457,0,0.00074382004095241427,54.086677551269531,33.106678009033203,0,34.141056060791016,16.064287185668945,0.00031106674578040838,0.15419083833694458,0.21267318725585938,1.1158174276351929,1.1790435314178467,0.98162925243377686,1.1226538419723511,3.4489150047302246,0,0,0,0
69,150,599280,22.353971481323242,0,0.0032454687170684338,53.534496307373047,33.052276611328125,0,35.263053894042969,15.906129837036133,0.00031365279573947191,0.06547439843416214,0.36187726259231567,1.1169239282608032,1.1790435314178467,0.98162925243377686,1.1226538419723511,3.4489150047302246,0,0,0,0
69,165,599640,23.849090576171875,0,0.00041312779649160802,52.927845001220703,32.999225616455078,0,35.681930541992188,16.120157241821289,0.0003162155335303396,0.015016083605587482,0.59207266569137573,1.1186310052871704,1.1790435314178467,0.98162925243377686,1.1226538419723511,3.4489150047302246,0,0,0,0
69,180,600000,24.12785530090332,0,0.00025421346072107553,52.313617706298828,32.946971893310547,0,36.060684204101562,16.390630722045898,0.00031875885906629264,0.0017631710506975651,0.84926533699035645,1.1205382347106934,1.1790435314178467,0.98162925243377686,1.1226538419723511,3.4489150047302246,0,0,0,0
69,195,600360,23.082971572875977,0,0.00010926204413408414,51.748703002929688,32.895725250244141,0,36.577259063720703,16.589683532714844,0.0003212817246094346,3.4705604775808752E-05,1.0794608592987061,1.1222454309463501,1.1790435314178467,0.98162925243377686,1.1226538419723511,3.4489150047302246,0,0,0,0
69,210,600720,20.866493225097656,0,0.0017300614854320884,51.361202239990234,32.846134185791016,0,37.862983703613281,16.456697463989258,0.0003237727505620569,2.9158104553062003E-07,1.2286648750305176,1.1233519315719604,1.1790435314178467,0.98162925243377686,1.1226538419723511,3.4489150047302246,0,0,0,0
69,225,601080,17.621509552001953,2.0509924070211127E-06,8.9289205789100379E-05,51.179862976074219,32.799861907958984,0,41.0833740234375,15.587506294250488,0.00032620065030641854,1.9709346815943718E-05,1.244952917098999,1.1223551034927368,1.1790435314178467,0.98162925243377686,1.1226538419723511,3.4489150047302246,0,0,0,0
69,240,601440,13.607765197753906,0.00012493394024204463,0.00010481669596629217,51.213836669921875,32.760379791259766,0,45.327713012695312,14.356828689575195,0.00032853122684173286,0.002074910793453455,1.1278641223907471,1.110487699508667,1.1790435314178467,0.98162925243377686,1.1226538419723511,3.4489150047302246,0,0,0,0
69,255,601800,9.2326164245605469,0.0001426377275492996,0.00055327190784737468,51.433448791503906,32.735446929931641,0,48.867755889892578,13.229331016540527,0.00033076229738071561,0.018919268622994423,0.92701822519302368,1.0901312828063965,1.1790435314178467,0.98162925243377686,1.1226538419723511,3.4489150047302246,0,0,0,0
69,270,602160,3.9731428623199463,0.0017697428120300174,0.0077119423076510429,51.823646545410156,32.734634399414062,0,50.892223358154297,12.203812599182129,0.00033291109139099717,0.065340973436832428,0.693695068359375,1.0664832592010498,1.1790435314178467,0.98162925243377686,1.1226538419723511,3.4489150047302246,0,0,0,0
69,285,602520,-0.1271960586309433,0.00011459700181148946,0.0015821618726477027,52.187156677246094,32.743965148925781,0,51.208095550537109,11.264984130859375,0.00033501224243082106,0.15294827520847321,0.47917449474334717,1.0447409152984619,1.1790435314178467,0.98162925243377686,1.1226538419723511,3.4489150047302246,0,0,0,0
69,300,602880,-3.7078924179077148,8.2231716078240424E-05,0.0025925405789166689,52.550186157226562,32.753456115722656,3.0997903195384424E-06,50.605369567871094,10.861348152160645,0.00032980053219944239,0.27885311841964722,0.3347364068031311,1.0301015377044678,1.1790435314178467,0.98162925243377686,1.1226538419723511,3.4489150047302246,0,0,0,0
69,315,603240,-6.5242524147033691,9.9103548564016819E-05,0.0047731557860970497,52.900184631347656,32.756534576416016,0.12868542969226837,47.331184387207031,13.046585083007812,0.00032026928965933621,0.41685912013053894,0.3033718466758728,1.0262657403945923,1.1790435314178467,0.98162925243377686,1.1226538419723511,3.4489150047302246,0,0,0,0
69,330,603600,-8.5036172866821289,0.003482478903606534,0.010343659669160843,53.175216674804688,32.750682830810547,0.23901821672916412,42.204605102539062,16.798393249511719,0.0003184645320288837,0.55350226163864136,0.31191891431808472,1.0187445878982544,1.1790435314178467,0.98162925243377686,1.1226538419723511,3.4489150047302246,0,0,0,0
69,345,603960,-9.627842903137207,0.0064503215253353119,0.030131928622722626,53.187896728515625,32.719554901123047,0.80586475133895874,37.13958740234375,20.157461166381836,0.00031679161475040019,0.67598456144332886,0.3263508677482605,1.006044864654541,1.1790435314178467,0.98162925243377686,1.1226538419723511,3.4489150047302246,0,0,0,0
69,360,604320,-11.047743797302246,0.0083464430645108223,0.035598624497652054,53.159091949462891,32.684185028076172,1.6586822271347046,32.652137756347656,22.673828125,0.00031519992626272142,0.58364403247833252,-1.1381938457489014,0.70741057395935059,1.5397526025772095,0.85983538627624512,1.1334748268127441,-6.9286026954650879,0,0,0,1
69,365,604440,-10.888182640075684,0.012088974937796593,0.034266948699951172,53.149600982666016,32.672298431396484,1.8111519813537598,31.279624938964844,23.343399047851562,0.00031468577799387276,0.64276158809661865,-1.4621105194091797,0.65565413236618042,1.0939033031463623,0.8372809886932373,1.1354787349700928,-8.8503646850585938,0,0,0,0
70,15,604800,-9.3130292892456055,0.0077801663428544998,0.040020152926445007,53.121437072753906,32.636402130126953,2.4839763641357422,27.497501373291016,24.910200119018555,0.00031318821129389107,0.74825060367584229,-1.1455632448196411,0.72758191823959351,1.1122936010360718,0.86846023797988892,1.1327085494995117,-6.1937203407287598,0,0,0,0
70,30,605160,-6.9840846061706543,0.0065258294343948364,0.025247696787118912,53.28240966796875,32.601303100585938,2.7150497436523438,24.235116958618164,25.845394134521484,0.0003117657033726573,0.6738390326499939,-1.5341150760650635,0.65573006868362427,1.0939033031463623,0.8372809886932373,1.1354787349700928,-8.8503646850585938,0,0,0,0
70,45,605520,-3.7392146587371826,0.0043602366931736469,0.0081855878233909607,53.788009643554688,32.597885131835938,2.7447547912597656,22.124935150146484,25.592098236083984,0.00030603658524341881,0.68620008230209351,-1.3847227096557617,0.64585930109024048,1.0939033031463623,0.8372809886932373,1.1354787349700928,-8.8503646850585938,0,0,0,0
70,60,605880,0.24867889285087585,0.0018219252815470099,0.13749425113201141,54.628250122070312,32.672370910644531,1.2086286544799805,21.612691879272461,23.842197418212891,0.00029989544418640435,0.54285275936126709,-1.153311014175415,0.63056927919387817,1.0939033031463623,0.8372809886932373,1.1354787349700928,-8.8503646850585938,0,0,0,0
70,75,606240,4.6504979133605957,6.9283810262277257E-06,0.0042361496016383171,54.687717437744141,32.701984405517578,0,21.96406364440918,21.822334289550781,0.00030273332959040999,0.43065899610519409,-0.88381880521774292,0.61276310682296753,1.0939033031463623,0.8372809886932373,1.1354787349700928,-8.8503646850585938,0,0,0,0
70,90,606600,10.033859252929688,9.9647472495689726E-09,0.0011241196189075708,54.490676879882812,32.671173095703125,0,24.242710113525391,19.979192733764648,0.00030553532997146249,0.31045681238174438,-0.62018513679504395,0.59534406661987305,1.0939033031463623,0.8372809886932373,1.1354787349700928,-8.8503646850585938,0,0,0,0
70,105,606960,14.256162643432617,0,0.00072298664599657059,54.201576232910156,32.635448455810547,0,28.1192626953125,18.30284309387207,0.00030827111913822591,0.19168928265571594,-0.40634900331497192,0.5812152624130249,1.0939033031463623,0.8372809886932373,1.1354787349700928,-8.8503646850585938,0,0,0,0
70,120,607320,17.916891098022461,0,0.00052656087791547179,53.800579071044922,32.601612091064453,0,32.116294860839844,16.815746307373047,0.0003109332756139338,0.087748132646083832,-0.28624922037124634,0.5732799768447876,1.0939033031463623,0.8372809886932373,1.1354787349700928,-8.8503646850585938,0,0,0,0
70,135,607680,20.704442977905273,0,0.00038818243774585426,53.294151306152344,32.568408966064453,0,34.530586242675781,16.026321411132812,0.00031353574013337493,0.021855609491467476,-0.27619174122810364,0.5698508620262146,1.0939033031463623,0.8372809886932373,1.1354787349700928,-8.8503646850585938,0,0,0,0
70,150,608040,22.463851928710938,0,0.0002267681120429188,52.714859008789062,32.535274505615234,0,35.415382385253906,15.97789478302002,0.00031610348378308117,0.078714169561862946,-0.28621804714202881,0.55587822198867798,1.0939033031463623,0.8372809886932373,1.1354787349700928,-8.8503646850585938,0,0,0,0
70,165,608400,23.051092147827148,0,6.0591279179789126E-05,52.09844970703125,32.502059936523438,0,35.888385772705078,16.177824020385742,0.00031865030177868903,0.0005366690456867218,-0.30168682336807251,0.5343208909034729,1.0939033031463623,0.8372809886932373,1.1354787349700928,-8.8503646850585938,0,0,0,0
70,180,608760,26.637397766113281,0,4.5902910642325878E-05,51.471218109130859,32.468822479248047,0,36.333465576171875,16.431510925292969,0.0003211790753994137,3.4555068850750104E-06,2.9604952335357666,0.51023536920547485,1.0939033031463623,0.8372809886932373,1.1354787349700928,-8.8503646850585938,1,0,0,0
70,195,609120,20.568216323852539,0,5.8755194913828745E-05,50.865631103515625,32.435539245605469,0,36.704975128173828,16.727060317993164,0.00032369175460189581,1.7343106506473305E-08,-0.33443859219551086,0.48867806792259216,1.0939033031463623,0.8372809886932373,1.1354787349700928,-8.8503646850585938,0,0,0,0
70,210,609480,17.657419204711914,0,6.2144601542968303E-05,50.365940093994141,32.402153015136719,0,39.259746551513672,16.126632690429688,0.00032616811222396791,3.3485266642818701E-11,-0.34446489810943604,0.47470545768737793,1.0939033031463623,0.8372809886932373,1.1354787349700928,-8.8503646850585938,0,0,0,0
70,225,609840,13.965002059936523,2.5845909021882107E-06,6.9105502916499972E-05,50.032962799072266,32.368816375732422,0,43.530796051025391,14.920876502990723,0.0003285700804553926,2.8169793361561106E-14,-0.35415518283843994,0.47422540187835693,1.0939033031463623,0.8372809886932373,1.1354787349700928,-8.8503646850585938,0,0,0,0
70,240,610200,9.7222194671630859,7.310328510357067E-05,7.604222628287971E-05,49.844081878662109,32.335788726806641,0,47.687465667724609,13.744436264038086,0.00033088200143538415,0.0003702823887579143,-0.43088579177856445,0.49547842144966125,1.0939033031463623,0.8372809886932373,1.1354787349700928,-8.8503646850585938,0,0,0,0
70,255,610560,5.2942953109741211,6.7267610575072467E-05,0.00020472063624765724,49.725448608398438,32.304515838623047,0,50.553325653076172,12.682699203491211,0.00033311572042293847,0.059345003217458725,-0.56250399351119995,0.53193432092666626,1.0939033031463623,0.8372809886932373,1.1354787349700928,-8.8503646850585938,0,0,0,0
70,270,610920,0.090056352317333221,8.175545372068882E-05,0.00039160842425189912,49.784900665283203,32.276496887207031,0,51.335884094238281,11.718890190124512,0.00033529926440678537,0.063270062208175659,-0.71540510654449463,0.57428520917892456,1.0939033031463623,0.8372809886932373,1.1354787349700928,-8.8503646850585938,0,0,0,0
70,285,611280,-3.773064136505127,0.00055287423310801387,0.0030444350559264421,49.967700958251953,32.250335693359375,0.0043912823311984539,50.884254455566406,11.148969650268555,0.00033164708293043077,0.14934262633323669,-0.85598462820053101,0.61322319507598877,1.0939033031463623,0.8372809886932373,1.1354787349700928,-8.8503646850585938,0,0,0,0
70,300,611640,-6.9551792144775391,5.78316867176909E-05,0.0024917419068515301,50.243644714355469,32.225223541259766,0.0082113035023212433,47.684642791748047,13.242551803588867,0.00032238484709523618,0.26202639937400818,-0.95063769817352295,0.63944041728973389,1.0939033031463623,0.8372809886932373,1.1354787349700928,-8.8503646850585938,0,0,0,0
70,315,612000,-9.2835063934326172,0.0059068487025797367,0.017844622954726219,50.435272216796875,32.199977874755859,0.068471692502498627,42.373191833496094,17.153999328613281,0.00032074103364720941,0.39021125435829163,-0.97920858860015869,0.64541566371917725,1.0939033031463623,0.8372809886932373,1.1354787349700928,-8.8503646850585938,0,0,0,0
70,330,612360,-15.186540603637695,0.019884062930941582,0.18353858590126038,50.43109130859375,32.166210174560547,0.74206691980361938,37.247665405273438,20.538742065429688,0.00031912134727463126,0.48647359013557434,-4.6262507438659668,0.64746701717376709,1.0939033031463623,0.8372809886932373,1.1354787349700928,-8.8503646850585938,0,1,0,0
70,345,612720,-11.45717716217041,0.010034880600869656,0.06200394406914711,50.404693603515625,32.130882263183594,1.0035955905914307,32.732589721679688,23.048749923706055,0.000317583471769467,0.59719914197921753,-1.239341139793396,0.65093094110488892,1.0939033031463623,0.8372809886932373,1.1354787349700928,-8.8503646850585938,0,0,0,0
70,360,613080,-11.313971519470215,0.0088594751432538033,0.031670507043600082,50.378719329833984,32.095184326171875,1.942155122756958,28.764152526855469,24.820375442504883,0.00031611844315193594,0.58208119869232178,-1.3548107147216797,1.1291811466217041,1.0491478443145752,0.93167769908905029,1.1934797763824463,-5.8433361053466797,0,0,0,0
70,365,613200,-11.132207870483398,0.013457470573484898,0.031748522073030472,50.370140075683594,32.083240509033203,2.2877113819122314,27.550857543945312,25.269203186035156,0.00031564477831125259,0.57058382034301758,-1.4308722019195557,1.2178671360015869,1.0408598184585571,0.94915854930877686,1.2042206525802612,-5.2864789962768555,0,0,0,0
71,15,613560,-9.8040647506713867,0.010422425344586372,0.039177358150482178,50.344772338867188,32.047187805175781,3.1110823154449463,24.208745956420898,26.250181198120117,0.00031426362693309784,0.63848459720611572,-1.5903745889663696,1.0980887413024902,1.0523172616958618,0.92499297857284546,1.1893724203109741,-6.0562782287597656,0,0,0,0
71,30,613920,-7.5928540229797363,0.012407140806317329,0.088558904826641083,50.373645782470703,32.01092529296875,4.7573518753051758,21.290678024291992,26.738712310791016,0.0003129374235868454,0.5860065221786499,-1.5631155967712402,1.2127896547317505,1.0408598184585571,0.94915854930877686,1.2042206525802612,-5.2864789962768555,0,0,0,0
71,45,614280,-4.3889994621276855,0.021360334008932114,0.0039056555833667517,50.990314483642578,31.979324340820312,5.5595126152038574,19.216972351074219,26.373693466186523,0.00030862438143230975,0.5514952540397644,-1.3361760377883911,1.1815962791442871,1.0408598184585571,0.94915854930877686,1.2042206525802612,-5.2864789962768555,0,0,0,0
71,60,614640,-0.40049433708190918,0.0094454009085893631,0.14000478386878967,52.241718292236328,32.040168762207031,4.5563831329345703,18.587245941162109,24.662515640258789,0.00030144857009872794,0.47437605261802673,-0.98464226722717285,1.1332769393920898,1.0408598184585571,0.94915854930877686,1.2042206525802612,-5.2864789962768555,0,0,0,0
71,75,615000,4.1299343109130859,0.00086864939657971263,0.051010340452194214,52.679847717285156,32.524799346923828,0.016704851761460304,18.801702499389648,22.572231292724609,0.00030404626158997416,0.38004398345947266,-0.57526129484176636,1.0770063400268555,1.0408598184585571,0.94915854930877686,1.2042206525802612,-5.2864789962768555,0,0,0,0
71,90,615360,9.6390180587768555,0.0067587592639029026,0.043973401188850403,52.578399658203125,32.537818908691406,0,20.784210205078125,20.663570404052734,0.00030694363522343338,0.26337361335754395,-0.17477971315383911,1.0219589471817017,1.0408598184585571,0.94915854930877686,1.2042206525802612,-5.2864789962768555,0,0,0,0
71,105,615720,14.107139587402344,1.8840756865756703E-06,0.0014028112636879086,52.391319274902344,32.485923767089844,0,24.413368225097656,18.92877197265625,0.00030977564165368676,0.14940552413463593,0.15005511045455933,0.9773094654083252,1.0408598184585571,0.94915854930877686,1.2042206525802612,-5.2864789962768555,0,0,0,0
71,120,616080,17.992292404174805,0,0.00094880361575633287,52.070140838623047,32.416988372802734,0,28.229522705078125,17.386821746826172,0.00031253506313078105,0.062588304281234741,0.33249670267105103,0.95223236083984375,1.0408598184585571,0.94915854930877686,1.2042206525802612,-5.2864789962768555,0,0,0,0
71,135,616440,20.936130523681641,0.0014472018228843808,0.0079596862196922302,51.647823333740234,32.349098205566406,0,30.502214431762695,16.508337020874023,0.00031523421057499945,0.011950560845434666,0.3389735221862793,0.95812106132507324,1.0408598184585571,0.94915854930877686,1.2042206525802612,-5.2864789962768555,0,0,0,0
71,150,616800,22.826692581176758,0,0.00033689368865452707,51.158439636230469,32.28778076171875,0,31.335521697998047,16.314226150512695,0.00031789852073416114,0.00035493692848831415,0.27715128660202026,1.0025045871734619,1.0408598184585571,0.94915854930877686,1.2042206525802612,-5.2864789962768555,0,0,0,0
71,165,617160,23.523475646972656,0,0.0001828562089940533,50.636241912841797,32.231952667236328,0,31.840078353881836,16.339876174926758,0.00032054129405878484,2.7208354822505498E-06,0.1817704439163208,1.0709805488586426,1.0408598184585571,0.94915854930877686,1.2042206525802612,-5.2864789962768555,0,0,0,0
71,180,617520,22.957065582275391,0.0006008869968354702,0.0063705733045935631,50.103069305419922,32.178966522216797,0,32.386993408203125,16.397706985473633,0.00032316206488758326,1.8785716093816518E-08,0.075203418731689453,1.1474871635437012,1.0408598184585571,0.94915854930877686,1.2042206525802612,-5.2864789962768555,0,0,0,0
71,195,617880,21.133102416992188,0,0.00013543838576879352,49.655818939208984,32.127166748046875,0,33.372859954833984,16.303640365600586,0.00032575588556937873,8.2774814780250949E-11,-0.02017742395401001,1.2159631252288818,1.0408598184585571,0.94915854930877686,1.2042206525802612,-5.2864789962768555,0,0,0,0
71,210,618240,19.336767196655273,0,0.00013165565906092525,49.416408538818359,32.076061248779297,0,35.781654357910156,15.687996864318848,0.00032829472911544144,1.3515465060055104E-13,0.55142492055892944,1.2603466510772705,1.0408598184585571,0.94915854930877686,1.2042206525802612,-5.2864789962768555,0,0,0,0
71,225,618600,17.115337371826172,0.0002851453609764576,0.0040517039597034454,49.0721435546875,32.025466918945312,0,37.755512237548828,15.254661560058594,0.00033077361877076328,1.6423050345908705E-16,2.7840721607208252,1.2679985761642456,1.0408598184585571,0.94915854930877686,1.2042206525802612,-5.2864789962768555,1,0,0,0
71,240,618960,10.446913719177246,0.00019876570149790496,0.0002024694113060832,49.862766265869141,31.982019424438477,0,41.819843292236328,14.042903900146484,0.00033314668689854443,1.3467868774665698E-20,-0.15919351577758789,1.260791540145874,1.0408598184585571,0.94915854930877686,1.2042206525802612,-5.2864789962768555,0,0,0,0
71,255,619320,6.1320681571960449,0.00019247908494435251,0.00078267283970490098,50.401679992675781,31.952018737792969,0,44.784252166748047,12.938261985778809,0.00033541960874572396,0.0013058632612228394,-0.26120868325233459,1.2484290599822998,1.0408598184585571,0.94915854930877686,1.2042206525802612,-5.2864789962768555,0,0,0,0
71,270,619680,1.0304933786392212,0.00068721763091161847,0.026804178953170776,51.012168884277344,31.935928344726562,0,45.826526641845703,11.926599502563477,0.00033762311795726418,0.11657861620187759,-0.37971988320350647,1.2340675592422485,1.3177332878112793,0.94915854930877686,1.2042206525802612,-5.2864789962768555,0,0,0,1
71,285,620040,-2.8004987239837646,0.00013269575720187277,0.002608107402920723,51.504810333251953,31.923614501953125,5.5949520572085021E-08,45.681320190429688,11.083643913269043,0.00033629656536504626,0.083817042410373688,-0.48868077993392944,1.2208633422851562,1.0408598184585571,0.94915854930877686,1.2042206525802612,-5.2864789962768555,0,0,0,0
71,300,620400,-6.0559077262878418,0.0001230205234605819,0.0075817867182195187,52.011203765869141,31.91502571105957,0.1232849508523941,43.604202270507812,12.107402801513672,0.00032708747312426567,0.17140305042266846,-0.56204485893249512,1.2119729518890381,1.0408598184585571,0.94915854930877686,1.2042206525802612,-5.2864789962768555,0,0,0,0
71,315,620760,-8.5260152816772461,0.0018692158628255129,0.0089790280908346176,52.400238037109375,31.90623664855957,0.48785853385925293,39.173862457275391,15.279264450073242,0.00032327385270036757,0.27587324380874634,-0.59148865938186646,1.2101227045059204,1.0408598184585571,0.94915854930877686,1.2042206525802612,-5.2864789962768555,0,0,0,0
71,330,621120,-10.263664245605469,0.0098939007148146629,0.1401764452457428,52.421363830566406,31.876720428466797,0.91632485389709473,34.475639343261719,18.419736862182617,0.00032162221032194793,0.37374606728553772,-0.75967174768447876,1.2116744518280029,1.0408598184585571,0.94915854930877686,1.2042206525802612,-5.2864789962768555,0,0,0,0
71,345,621480,-11.241367340087891,0.010529684834182262,0.069770671427249908,52.392364501953125,31.841623306274414,2.1276428699493408,30.309032440185547,20.777750015258789,0.0003200475184712559,0.47317799925804138,-1.0436530113220215,1.21429443359375,1.0408598184585571,0.94915854930877686,1.2042206525802612,-5.2864789962768555,0,0,0,0
71,360,621840,-11.511096000671387,0.0099585596472024918,0.035561129450798035,52.363842010498047,31.806982040405273,3.0650346279144287,26.643728256225586,22.45281982421875,0.00031854055123403668,0.54915809631347656,-1.6609234809875488,0.75756627321243286,1.0404506921768188,0.76568090915679932,0.92557340860366821,-7.7916460037231445,0,0,0,0
71,365,621960,-11.274287223815918,0.0091896671801805496,0.03512934222817421,52.354396820068359,31.795486450195312,3.1297690868377686,25.523075103759766,22.880620956420898,0.00031805186881683767,0.56795787811279297,-1.7880973815917969,0.6737678050994873,1.0403749942779541,0.73170357942581177,0.87397205829620361,-8.2555656433105469,0,0,0,0
72,15,622320,-9.8496580123901367,0.016908423975110054,0.044828854501247406,52.326267242431641,31.761091232299805,4.216090202331543,22.435583114624023,23.821832656860352,0.00031662301626056433,0.59278243780136108,-1.8514721393585205,0.79359698295593262,1.0404796600341797,0.77867388725280762,0.94530576467514038,-7.6142425537109375,0,0,0,0
72,30,622680,-7.4418549537658691,0.0087309684604406357,0.092350497841835022,52.380973815917969,31.727117538452148,4.465507984161377,19.742696762084961,24.307229995727539,0.00031524841324426234,0.58061528205871582,-1.8881238698959351,0.67469954490661621,1.0403749942779541,0.73170357942581177,0.87397205829620361,-8.2555656433105469,0,0,0,0
72,45,623040,-4.1711516380310059,0.0070667252875864506,0.0073261866346001625,52.953254699707031,31.726339340209961,4.2853331565856934,17.879770278930664,23.957942962646484,0.00031051214318722486,0.54019325971603394,-1.6880325078964233,0.66649371385574341,1.0403749942779541,0.73170357942581177,0.87397205829620361,-8.2555656433105469,0,0,0,0
72,60,623400,-0.13181070983409882,0.0042635314166545868,0.14203916490077972,53.833690643310547,31.857765197753906,2.6835851669311523,17.359897613525391,22.359872817993164,0.00030352995963767171,0.45281523466110229,-1.378087043762207,0.65378266572952271,1.0403749942779541,0.73170357942581177,0.87397205829620361,-8.2555656433105469,0,0,0,0
72,75,623760,4.3810515403747559,7.9870105764712207E-06,0.012102918699383736,53.988067626953125,32.102127075195312,2.125612081727013E-05,17.654941558837891,20.460678100585938,0.00030629706452600658,0.35223668813705444,-1.017137885093689,0.63897997140884399,1.0403749942779541,0.73170357942581177,0.87397205829620361,-8.2555656433105469,0,0,0,0
72,90,624120,9.8596992492675781,2.4185119400499389E-06,0.0015265379333868623,53.825534820556641,32.069625854492188,0,19.825590133666992,18.726469039916992,0.00030913105001673102,0.24200747907161713,-0.66403543949127197,0.62449914216995239,1.0403749942779541,0.73170357942581177,0.87397205829620361,-8.2555656433105469,0,0,0,0
72,105,624480,14.179779052734375,0,0.00071821751771494746,53.581958770751953,32.017322540283203,0,23.62873649597168,17.149877548217773,0.00031189780565910041,0.13018305599689484,-0.37763023376464844,0.61275351047515869,1.0403749942779541,0.73170357942581177,0.87397205829620361,-8.2555656433105469,0,0,0,0
72,120,624840,17.899911880493164,0,0.00056941737420856953,53.2420654296875,31.966453552246094,0,27.558656692504883,15.747988700866699,0.00031458958983421326,0.044416189193725586,-0.21677231788635254,0.60615664720535278,1.0403749942779541,0.73170357942581177,0.87397205829620361,-8.2555656433105469,0,0,0,0
72,135,625200,20.725637435913086,0,0.00035490546724759042,52.806583404541016,31.916889190673828,0,29.992652893066406,14.965324401855469,0.00031721754930913448,0.0068380995653569698,-0.19715088605880737,0.60103535652160645,1.0403749942779541,0.73170357942581177,0.87397205829620361,-8.2555656433105469,0,0,0,0
72,150,625560,22.546730041503906,0,0.00017816710169427097,52.303668975830078,31.869606018066406,0,30.991071701049805,14.847503662109375,0.00031980755738914013,0.00012255088950041682,-0.1780189573764801,0.5773998498916626,1.0403749942779541,0.73170357942581177,0.87397205829620361,-8.2555656433105469,0,0,0,0
72,165,625920,23.212785720825195,0,7.0294794568326324E-05,51.763782501220703,31.825860977172852,0,31.612483978271484,14.960680961608887,0.00032237297273240983,8.3808703266186058E-07,-0.14850175380706787,0.54093438386917114,1.0403749942779541,0.73170357942581177,0.87397205829620361,-8.2555656433105469,0,0,0,0
72,180,626280,26.209922790527344,0,5.0000795454252511E-05,51.210102081298828,31.786231994628906,0,32.221576690673828,15.128588676452637,0.00032491402816958725,0.26198282837867737,2.4593775272369385,0.50019228458404541,1.0604199171066284,0.73170357942581177,0.87397205829620361,-8.2555656433105469,1,0,0,0
72,195,626640,20.908103942871094,0,5.929479084443301E-05,50.670242309570312,31.750144958496094,0,32.581634521484375,15.420509338378906,0.00032743430347181857,0.0020022417884320021,-0.086005628108978271,0.46372684836387634,1.0403749942779541,0.73170357942581177,0.87397205829620361,-8.2555656433105469,0,0,0,0
72,210,627000,18.051090240478516,0,6.1595492297783494E-05,50.201095581054688,31.71623420715332,0,34.975482940673828,14.920834541320801,0.00032991735497489572,1.4126180758466944E-05,-0.066873669624328613,0.44009131193161011,1.0403749942779541,0.73170357942581177,0.87397205829620361,-8.2555656433105469,0,0,0,0
72,225,627360,14.384459495544434,1.6561982647544937E-06,7.8172131907194853E-05,49.873565673828125,31.683513641357422,0,39.149715423583984,13.828690528869629,0.00033232863643206656,8.8283449883874709E-08,-0.076364725828170776,0.43843710422515869,1.0403749942779541,0.73170357942581177,0.87397205829620361,-8.2555656433105469,0,0,0,0
72,240,627720,10.086638450622559,6.265612319111824E-05,7.4916890298482031E-05,49.663745880126953,31.651838302612305,0,43.325473785400391,12.736391067504883,0.000334651063894853,3.3273928057298008E-10,-0.20534473657608032,0.46609881520271301,1.0403749942779541,0.73170357942581177,0.87397205829620361,-8.2555656433105469,0,0,0,0
72,255,628080,5.5585269927978516,7.3702110967133194E-05,0.00012853936641477048,49.586280822753906,31.621927261352539,0,46.284927368164062,11.751237869262695,0.00033689348492771387,0.0032043398823589087,-0.42658782005310059,0.51354771852493286,1.0403749942779541,0.73170357942581177,0.87397205829620361,-8.2555656433105469,0,0,0,0
72,270,628440,0.24407185614109039,8.5413295892067254E-05,0.00037418463034555316,49.654251098632812,31.596456527709961,0,47.146144866943359,10.857471466064453,0.00033908162731677294,0.028917901217937469,-0.68360632658004761,0.56866925954818726,1.0403749942779541,0.73170357942581177,0.87397205829620361,-8.2555656433105469,0,0,0,0
72,285,628800,-3.7363817691802979,7.5116215157322586E-05,0.0010158760705962777,49.829456329345703,31.574752807617188,1.2224734557975125E-09,46.759685516357422,10.304205894470215,0.00033567124046385288,0.090287007391452789,-0.91991281509399414,0.61934876441955566,1.0403749942779541,0.73170357942581177,0.87397205829620361,-8.2555656433105469,0,0,0,0
72,300,629160,-7.0008459091186523,5.9632267948472872E-05,0.0019470137776806951,50.093154907226562,31.554693222045898,0.0011969489278271794,43.828102111816406,12.213565826416016,0.0003263649414293468,0.19056844711303711,-1.0790195465087891,0.65347152948379517,1.0403749942779541,0.73170357942581177,0.87397205829620361,-8.2555656433105469,0,0,0,0
72,315,629520,-9.3687992095947266,0.00258675217628479,0.020502982661128044,50.266536712646484,31.533159255981445,0.022096076980233192,38.928791046142578,15.81972599029541,0.00032472683233208954,0.30225804448127747,-1.1247174739837646,0.66123616695404053,1.0403749942779541,0.73170357942581177,1.5372337102890015,-8.2555656433105469,0,0,1,0
72,330,629880,-10.936497688293457,0.0081026805564761162,0.1638810932636261,50.251434326171875,31.502397537231445,0.25412195920944214,34.217620849609375,18.924509048461914,0.00032309885136783123,0.39140841364860535,-1.2576355934143066,0.66374707221984863,1.0403749942779541,0.73170357942581177,0.87397205829620361,-8.2555656433105469,0,0,0,0
72,345,630240,-18.327764511108398,0.010383542627096176,0.084066145122051239,50.223884582519531,31.470033645629883,1.7206375598907471,30.067729949951172,21.223237991333008,0.00032154674408957362,0.48085382580757141,-8.3612127304077148,0.66798681020736694,1.0403749942779541,0.73170357942581177,0.87397205829620361,-8.2555656433105469,0,1,0,0
72,360,630600,-11.051721572875977,0.0068580955266952515,0.0309285968542099,50.196861267089844,31.437225341796875,1.6159816980361938,26.420154571533203,22.846870422363281,0.00032006346737034619,0.62507611513137817,-0.88817203044891357,1.0731179714202881,1.0945703983306885,0.87799549102783203,0.8451310396194458,2.7607955932617188,0,0,0,0
72,365,630720,-10.785001754760742,0.0086542265489697456,0.029869724065065384,50.187946319580078,31.426219940185547,2.0676560401916504,25.305505752563477,23.257242202758789,0.00031958296312950552,0.67581009864807129,-0.66937243938446045,1.1554399728775024,1.1046066284179688,0.90508657693862915,0.83979010581970215,4.8008623123168945,0,0,0,0
73,15,631080,-9.8131847381591797,0.0092723192647099495,0.039235413074493408,50.161617279052734,31.392969131469727,2.7028024196624756,22.234886169433594,24.154584884643555,0.00031817954732105136,0.69275134801864624,-0.84111928939819336,1.0643041133880615,1.0907325744628906,0.86763584613800049,0.84717339277267456,1.9806737899780273,0,0,0,0
73,30,631440,-7.9228272438049316,0.011465099640190601,0.097740307450294495,50.175357818603516,31.359628677368164,3.8904917240142822,19.549551010131836,24.606029510498047,0.00031682857661508024,0.74551784992218018,-0.50774312019348145,1.1674422025680542,1.1046066284179688,0.90508657693862915,0.83979010581970215,4.8008623123168945,0,0,0,0
73,45,631800,-5.1918473243713379,0.012222756631672382,0.0038645591121166945,50.7933349609375,31.330516815185547,4.5059537887573242,17.505283355712891,24.403209686279297,0.00031376670813187957,0.73933529853820801,-0.38759082555770874,1.1443278789520264,1.1046066284179688,0.90508657693862915,0.83979010581970215,4.8008623123168945,0,0,0,0
73,60,632160,-1.6537755727767944,0.010408509522676468,0.036882109940052032,51.485008239746094,31.3468017578125,4.744499683380127,16.653345108032227,23.079280853271484,0.00030584100750274956,0.63615185022354126,-0.20147252082824707,1.1085237264633179,1.4830136299133301,0.90508657693862915,0.83979010581970215,4.8008623123168945,0,0,0,1
73,75,632520,2.5916941165924072,0.0025807328056544065,0.18572995066642761,52.420616149902344,31.738237380981445,0.18383805453777313,16.659883499145508,21.152936935424805,0.00030595899443142116,0.57018822431564331,0.015272796154022217,1.066827654838562,1.1046066284179688,0.90508657693862915,0.83979010581970215,4.8008623123168945,0,0,0,0
73,90,632880,7.9526247978210449,0.00023125951702240855,0.011450056917965412,52.319766998291016,31.80131721496582,0,18.095537185668945,19.36199951171875,0.00030884600710123777,0.45384639501571655,0.22730636596679688,1.0260379314422607,1.1046066284179688,0.90508657693862915,0.83979010581970215,4.8008623123168945,0,0,0,0
73,105,633240,12.413681983947754,2.4977630346256774E-06,0.0028256282676011324,52.181663513183594,31.771873474121094,0,21.505853652954102,17.732946395874023,0.0003116693114861846,0.32553532719612122,0.39928901195526123,0.99295300245285034,1.1046066284179688,0.90508657693862915,0.83979010581970215,4.8008623123168945,0,0,0,0
73,120,633600,16.555585861206055,0,0.00075957673834636807,51.8988037109375,31.718429565429688,0,25.410581588745117,16.260288238525391,0.00031441851751878858,0.19645802676677704,0.49588203430175781,0.97437101602554321,1.1046066284179688,0.90508657693862915,0.83979010581970215,4.8008623123168945,0,0,0,0
73,135,633960,19.897903442382812,0,0.00050825148355215788,51.512298583984375,31.662481307983398,0,28.213470458984375,15.257509231567383,0.00031710381153970957,0.08727051317691803,0.48481333255767822,0.97844958305358887,1.1046066284179688,0.90508657693862915,0.83979010581970215,4.8008623123168945,0,0,0,0
73,150,634320,22.204128265380859,0,0.0017734314315021038,51.053627014160156,31.610757827758789,0,29.365957260131836,14.987772941589355,0.00031974801095202565,0.023818721994757652,0.37533414363861084,1.0098291635513306,1.1046066284179688,0.90508657693862915,0.83979010581970215,4.8008623123168945,0,0,0,0
73,165,634680,23.360040664672852,0,0.00019392695685382932,50.556713104248047,31.560853958129883,0,29.961708068847656,15.023027420043945,0.00032236555125564337,0.0025530315469950438,0.20642703771591187,1.0582423210144043,1.1046066284179688,0.90508657693862915,0.83979010581970215,4.8008623123168945,0,0,0,0
73,180,635040,23.276403427124023,0,0.00012587092351168394,50.048797607421875,31.511713027954102,0,30.537195205688477,15.116274833679199,0.00032495835330337286,2.2641528630629182E-05,0.017710685729980469,1.1123334169387817,1.1046066284179688,0.90508657693862915,0.83979010581970215,4.8008623123168945,0,0,0,0
73,195,635400,21.947870254516602,0,0.0001215966185554862,49.550678253173828,31.463443756103516,0,31.262737274169922,15.164392471313477,0.00032752487459219992,1.4919039870164852E-07,-0.15119642019271851,1.1607464551925659,1.1046066284179688,0.90508657693862915,0.83979010581970215,4.8008623123168945,0,0,0,0
73,210,635760,19.499849319458008,0,0.00011604756582528353,49.199249267578125,31.416748046875,0,33.059539794921875,14.82017707824707,0.00033005146542564034,6.2714711202005446E-10,-0.26067572832107544,1.1921261548995972,1.1046066284179688,0.90508657693862915,0.83979010581970215,4.8008623123168945,0,0,0,0
73,225,636120,16.204853057861328,1.0452881724631879E-06,0.00061184813966974616,49.095588684082031,31.372613906860352,0,36.637523651123047,13.86040210723877,0.00033249842817895114,1.1534181812780653E-12,-0.29414442181587219,1.1965258121490479,1.1046066284179688,0.90508657693862915,0.83979010581970215,4.8008623123168945,0,0,0,0
73,240,636480,12.215358734130859,0.00015674741007387638,0.00013440256589092314,49.267974853515625,31.333444595336914,0,40.602561950683594,12.770516395568848,0.00033483919105492532,1.2427385763660133E-15,-0.42000153660774231,1.1814868450164795,1.1046066284179688,0.90508657693862915,5.0097661018371582,4.8008623123168945,0,0,1,0
73,255,636840,7.8632550239562988,0.00017103074060287327,0.00067202199716120958,49.655864715576172,31.304611206054688,0,43.76275634765625,11.781042098999023,0.00033708117553032935,0.0013371646637097001,-0.63588786125183105,1.15569007396698,1.1046066284179688,0.90508657693862915,0.83979010581970215,4.8008623123168945,0,0,0,0
73,270,637200,2.6113038063049316,0.0001657218235777691,0.00072969391476362944,50.205654144287109,31.293567657470703,0,45.260963439941406,10.877386093139648,0.00033924545277841389,0.022991640493273735,-0.88668346405029297,1.1257219314575195,1.1046066284179688,0.90508657693862915,0.83979010581970215,4.8008623123168945,0,0,0,0
73,285,637560,-1.5088427066802979,0.00013328524073585868,0.0019296674290671945,50.687393188476562,31.29210090637207,0,45.336799621582031,10.051082611083984,0.00034103341749869287,0.083103783428668976,-1.117268443107605,1.0981689691543579,1.1046066284179688,0.90508657693862915,0.83979010581970215,4.8008623123168945,0,0,0,0
73,300,637920,-5.1207385063171387,0.0016740069258958101,0.004171391949057579,51.132656097412109,31.290904998779297,0.04572485014796257,44.100856781005859,10.358787536621094,0.00033233454450964928,0.17463849484920502,-1.2725228071212769,1.0796172618865967,1.1046066284179688,0.90508657693862915,0.83979010581970215,4.8008623123168945,0,0,0,0
73,315,638280,-7.9560446739196777,0.00023916750797070563,0.0046003209426999092,51.567619323730469,31.286857604980469,0.07565346360206604,40.158668518066406,13.220847129821777,0.0003262123791500926,0.29707103967666626,-1.2971043586730957,1.0767378807067871,1.1046066284179688,0.90508657693862915,0.83979010581970215,4.8008623123168945,0,0,0,0
73,330,638640,-9.8673524856567383,0.0075034885667264462,0.083578996360301971,51.663394927978516,31.267673492431641,0.41302299499511719,35.402866363525391,16.595485687255859,0.00032450098660774529,0.41869834065437317,-1.1713289022445679,1.0925071239471436,1.1046066284179688,0.90508657693862915,0.83979010581970215,4.8008623123168945,0,0,0,0
73,345,639000,-10.849802017211914,0.0077581997029483318,0.05214112251996994,51.633785247802734,31.237966537475586,1.0336660146713257,31.120502471923828,19.223628997802734,0.00032285484485328197,0.53384387493133545,-0.958953857421875,1.1191335916519165,1.1046066284179688,0.90508657693862915,0.83979010581970215,4.8008623123168945,0,0,0,0
73,360,639360,-9.8825845718383789,0.012028368189930916,0.021347988396883011,51.604835510253906,31.207574844360352,2.3876986503601074,27.354198455810547,21.130342483520508,0.00032128114253282547,1.1034395694732666,0.2588132917881012,1.8075028657913208,1.3706318140029907,1.0329227447509766,1.1463451385498047,9.5197563171386719,0,0,0,0
73,365,639480,-9.5896711349487305,0.039091978222131729,0.020009666681289673,51.595310211181641,31.19734001159668,3.140181303024292,26.202651977539062,21.625869750976562,0.00032077162177301943,1.2995278835296631,0.59034192562103271,1.9339895248413086,1.4198957681655884,1.0565961599349976,1.2031146287918091,10.393625259399414,0,0,0,0
74,15,639840,-8.8902864456176758,0.020754624158143997,0.028034767135977745,51.567295074462891,31.166313171386719,4.6319198608398438,23.032358169555664,22.753883361816406,0.00031928429962135851,1.1930716037750244,0.56995117664337158,1.7756608724594116,1.3517932891845703,1.0238701105117798,1.1246365308761597,9.1855888366699219,0,0,0,0
74,30,640200,-7.1945414543151855,0.035713959485292435,0.024271177127957344,51.724014282226562,31.135591506958008,7.7196407318115234,20.311285018920898,23.338150024414062,0.00031787180341780186,1.473388671875,0.87862229347229004,1.9471418857574463,1.4198957681655884,1.0565961599349976,1.2031146287918091,10.393625259399414,0,0,0,0
74,45,640560,-4.9174075126647949,0.054871402680873871,0.0050312443636357784,52.322643280029297,31.128164291381836,10.813464164733887,18.335748672485352,23.141946792602539,0.00031336356187239289,1.4668517112731934,0.78364086151123047,1.9670380353927612,1.4198957681655884,1.0565961599349976,1.2031146287918091,10.393625259399414,0,0,0,0
74,60,640920,-1.9423733949661255,0.063992097973823547,0.17964565753936768,53.533843994140625,31.281639099121094,12.59220027923584,17.452524185180664,21.889875411987305,0.00030540445004589856,1.923195481300354,0.6365128755569458,1.9978576898574829,1.5380997657775879,1.0565961599349976,1.2031146287918091,10.393625259399414,0,0,0,0
74,75,641280,1.7039057016372681,0.020455839112401009,0.76675945520401001,55.398712158203125,33.563011169433594,2.9482383728027344,17.362127304077148,20.067670822143555,0.00030406401492655277,1.2621365785598755,0.46517398953437805,2.0337488651275635,1.4198957681655884,1.0565961599349976,1.2031146287918091,10.393625259399414,0,0,0,0
74,90,641640,6.7607407569885254,0.010079347528517246,0.35286232829093933,54.772251129150391,35.668281555175781,0,18.430932998657227,18.352912902832031,0.0003068361256737262,1.1211775541305542,0.2975597083568573,2.0688598155975342,1.4198957681655884,1.0565961599349976,1.2031146287918091,10.393625259399414,0,0,0,0
74,105,642000,10.902814865112305,0.034890219569206238,0.47456353902816772,54.698192596435547,35.875999450683594,0,21.513999938964844,16.795974731445312,0.00030959121068008244,0.93987268209457397,0.16160604357719421,2.0973389148712158,1.4198957681655884,1.0565961599349976,1.2031146287918091,10.393625259399414,0,0,0,0
74,120,642360,14.913469314575195,0.0056338976137340069,0.16482853889465332,54.566749572753906,35.994434356689453,0,25.438905715942383,15.386063575744629,0.00031227307044900954,0.74603188037872314,0.085248440504074097,2.1133339405059814,1.4198957681655884,1.0565961599349976,1.2031146287918091,10.393625259399414,0,0,0,0
74,135,642720,18.478939056396484,0.0018653739243745804,0.11822585761547089,54.331741333007812,36.069381713867188,0,28.963239669799805,14.231634140014648,0.00031488403328694403,0.55420500040054321,0.098293662071228027,2.1148276329040527,1.4198957681655884,1.0565961599349976,1.2031146287918091,10.393625259399414,0,0,0,0
74,150,643080,21.298982620239258,0.00073285686085000634,0.093873649835586548,53.993419647216797,36.117256164550781,0,30.971132278442383,13.746076583862305,0.00031744188163429499,0.37953877449035645,0.20757636427879333,2.1143085956573486,1.4198957681655884,1.0565961599349976,1.2031146287918091,10.393625259399414,0,0,0,0
74,165,643440,23.061038970947266,5.7125886087305844E-05,0.077687501907348633,53.589134216308594,36.146015167236328,0,31.928272247314453,13.772576332092285,0.00031996468896977603,0.24119222164154053,0.37618020176887512,2.1135079860687256,1.4198957681655884,1.0565961599349976,1.2031146287918091,10.393625259399414,0,0,0,0
74,180,643800,23.557502746582031,0,0.069622620940208435,53.181846618652344,36.150794982910156,0,32.641632080078125,13.953975677490234,0.00032245789770968258,0.14699482917785645,0.56455779075622559,2.1126136779785156,1.4198957681655884,1.0565961599349976,1.2031146287918091,10.393625259399414,0,0,0,0
74,195,644160,22.724784851074219,0,0.068539559841156006,52.997615814208984,36.128643035888672,0,33.656196594238281,14.031711578369141,0.00032491446472704411,0.088756546378135681,0.7331615686416626,2.1118130683898926,1.4198957681655884,1.0565961599349976,1.2031146287918091,10.393625259399414,0,0,0,0
74,210,644520,20.809993743896484,0.0013359213480725884,0.12083254754543304,53.199077606201172,36.104446411132812,0,35.556118011474609,13.769063949584961,0.00032730965176597238,0.059999715536832809,0.84244430065155029,2.1112940311431885,1.4198957681655884,1.0565961599349976,1.2031146287918091,10.393625259399414,0,0,0,0
74,225,644880,18.626308441162109,0.0018013839144259691,0.042506139725446701,53.294384002685547,36.090206146240234,0,37.228801727294922,13.605413436889648,0.00032963984995149076,0.06208512932062149,2.0090465545654297,2.1084680557250977,1.4198957681655884,1.0565961599349976,1.2031146287918091,10.393625259399414,1,0,0,0
74,240,645240,14.129708290100098,0.00025649720919318497,0.032852426171302795,54.513153076171875,36.111030578613281,0,41.392375946044922,12.51479434967041,0.00033185759093612432,0.092930801212787628,0.62995100021362305,2.0816185474395752,1.4198957681655884,1.0565961599349976,1.2031146287918091,10.393625259399414,0,0,0,0
74,255,645600,9.8383560180664062,0.00026494250050745904,0.028337039053440094,55.393241882324219,36.153274536132812,0,44.929180145263672,11.507205963134766,0.00033395897480659187,0.14966423809528351,0.26692941784858704,2.0355627536773682,1.4198957681655884,1.0565961599349976,1.2031146287918091,10.393625259399414,0,0,0,0
74,270,645960,4.49346923828125,0.00025258224923163652,0.026807414367794991,56.340583801269531,36.245887756347656,0,47.149406433105469,10.583666801452637,0.0003359626280143857,0.043804742395877838,-0.15479335188865662,1.9820599555969238,1.5959820747375488,1.0565961599349976,1.2031146287918091,10.393625259399414,0,0,0,1
74,285,646320,0.2127954363822937,0.00018850958440452814,0.029811695218086243,57.067653656005859,36.362575531005859,0,47.610774993896484,9.7347612380981445,0.0003379054251126945,0.38155668973922729,-0.54253137111663818,1.9328685998916626,1.4198957681655884,1.0565961599349976,1.2031146287918091,10.393625259399414,0,0,0,0
74,300,646680,-3.6005797386169434,0.00038841663626953959,0.049854189157485962,57.672599792480469,36.474475860595703,0.14370174705982208,47.170360565185547,9.3104753494262695,0.00033345475094392896,0.5461617112159729,-0.80359792709350586,1.8997477293014526,1.4198957681655884,1.0565961599349976,1.2031146287918091,10.393625259399414,0,0,0,0
74,315,647040,-6.6220674514770508,0.0020100604742765427,0.029582476243376732,58.153541564941406,36.571498870849609,0.79639351367950439,44.160800933837891,11.377264022827148,0.00032391247805207968,0.72235327959060669,-0.83906590938568115,1.8930444717407227,1.4198957681655884,1.0565961599349976,1.2031146287918091,10.393625259399414,0,0,0,0
74,330,647400,-8.5992288589477539,0.025774579495191574,0.035885415971279144,58.415981292724609,36.628841400146484,1.5089168548583984,39.343742370605469,14.975348472595215,0.0003217757330276072,0.90325784683227539,-0.55266261100769043,1.901248574256897,1.4198957681655884,1.0565961599349976,1.2031146287918091,10.393625259399414,0,0,0,0
74,345,647760,-9.5753631591796875,0.014413313008844852,0.044865518808364868,58.378726959228516,36.587577819824219,2.828883171081543,34.642189025878906,18.141119003295898,0.00031994422897696495,1.0619754791259766,-0.069063812494277954,1.9151010513305664,1.4198957681655884,1.0565961599349976,1.2031146287918091,10.393625259399414,0,0,0,0
74,360,648120,-9.1838655471801758,0.011238269507884979,0.03702162578701973,58.327194213867188,36.531639099121094,4.2971401214599609,30.483184814453125,20.512603759765625,0.00031817535636946559,0.72741943597793579,0.93809652328491211,1.3065081834793091,1.1274843215942383,0.79002523422241211,1.0062193870544434,5.6381878852844238,0,0,0,0
74,365,648240,-9.0049753189086914,0.011547300964593887,0.037407055497169495,58.310451507568359,36.512504577636719,4.6532387733459473,29.211765289306641,21.145055770874023,0.00031760614365339279,0.60385119915008545,1.035504937171936,1.2112687826156616,1.0733339786529541,0.74066025018692017,0.9697573184967041,4.7575511932373047,0,0,0,0
75,15,648600,-8.1903543472290039,0.019589439034461975,0.042100086808204651,58.266471862792969,36.453987121582031,6.6681437492370605,25.712434768676758,22.62285041809082,0.00031594900065101683,0.86011910438537598,1.0098356008529663,1.3998368978500366,1.1481913328170776,0.80890238285064697,1.0201624631881714,5.9749431610107422,0,0,0,0
75,30,648960,-6.2859382629394531,0.026058120653033257,0.022792104631662369,58.583045959472656,36.446903228759766,7.4391379356384277,22.826175689697266,23.387605667114258,0.00031432026298716664,0.63622885942459106,1.0555144548416138,1.247353196144104,1.0733339786529541,0.74066025018692017,0.9697573184967041,4.7575511932373047,0,0,0,0
75,45,649320,-3.6328980922698975,0.019973691552877426,0.033302132040262222,58.712131500244141,36.600135803222656,8.4256057739257812,21.0166015625,23.053243637084961,0.00030685222009196877,0.6147041916847229,1.0931718349456787,1.2190513610839844,1.0733339786529541,0.74066025018692017,0.9697573184967041,4.7575511932373047,0,0,0,0
75,60,649680,-0.20393699407577515,0.01314658485352993,0.3617195188999176,59.475250244140625,36.952239990234375,5.8928227424621582,20.508163452148438,21.507965087890625,0.00029998988611623645,0.55093997716903687,1.1515039205551147,1.1752111911773682,1.0733339786529541,0.74066025018692017,0.9697573184967041,4.7575511932373047,0,0,0,0
75,75,650040,3.917304515838623,0.0011516731465235353,0.14579600095748901,59.575996398925781,37.79046630859375,0.015509954653680325,20.741506576538086,19.672508239746094,0.00030244758818298578,0.46990114450454712,1.2194348573684692,1.1241570711135864,1.0733339786529541,0.74066025018692017,0.9697573184967041,4.7575511932373047,0,0,0,0
75,90,650400,9.0905961990356445,0.00015548564260825515,0.1045103445649147,59.428169250488281,37.843273162841797,0,22.740596771240234,17.994184494018555,0.00030510284705087543,0.37107318639755249,1.2858890295028687,1.0742125511169434,1.0733339786529541,0.74066025018692017,0.9697573184967041,4.7575511932373047,0,0,0,0
75,105,650760,13.472345352172852,8.6241543613141403E-06,0.08228003978729248,59.205253601074219,37.818107604980469,0,26.603784561157227,16.467334747314453,0.00030769230215810239,0.25464016199111938,1.3397908210754395,1.0337021350860596,1.0733339786529541,0.74066025018692017,0.9697573184967041,4.7575511932373047,0,0,0,0
75,120,651120,17.543745040893555,4.8474035452272801E-08,0.073708929121494293,58.815925598144531,37.755653381347656,0,30.827911376953125,15.097271919250488,0.00031020821188576519,0.063812270760536194,1.370064377784729,1.0109497308731079,1.0780634880065918,0.74066025018692017,5.5,4.7575511932373047,0,0,1,0
75,135,651480,20.866710662841797,0,0.065891340374946594,58.311321258544922,37.688724517822266,0,33.537055969238281,14.366435050964355,0.00031266346923075616,0.055899355560541153,1.3491744995117188,1.0143300294876099,1.0733339786529541,0.74066025018692017,0.9697573184967041,4.7575511932373047,0,0,0,0
75,150,651840,23.180597305297852,0,0.052708413451910019,57.710659027099609,37.627826690673828,0,34.484901428222656,14.437707901000977,0.00031508281244896352,0.012235519476234913,1.2226403951644897,1.0442104339599609,1.0733339786529541,0.74066025018692017,0.9697573184967041,4.7575511932373047,0,0,0,0
75,165,652200,24.296777725219727,0,0.041067671030759811,57.065227508544922,37.571556091308594,0,35.030055999755859,14.751703262329102,0.00031748073524795473,0.0003205311659257859,1.0274208784103394,1.0903104543685913,1.0733339786529541,0.74066025018692017,0.9697573184967041,4.7575511932373047,0,0,0,0
75,180,652560,24.163915634155273,0.00026130271726287901,0.03267388790845871,56.407814025878906,37.516952514648438,0,35.6031494140625,15.095554351806641,0.00031985819805413485,2.4990583824546775E-06,0.80930614471435547,1.1418172121047974,1.0733339786529541,0.74066025018692017,0.9697573184967041,4.7575511932373047,0,0,0,0
75,195,652920,22.760934829711914,0,0.017819508910179138,55.801624298095703,37.462779998779297,0,36.374954223632812,15.346660614013672,0.00032221412402577698,2.258547304734293E-08,0.61408650875091553,1.1879172325134277,1.0733339786529541,0.74066025018692017,0.9697573184967041,4.7575511932373047,0,0,0,0
75,210,653280,20.291963577270508,0,0.0077414042316377163,55.414634704589844,37.407630920410156,0,38.211601257324219,15.177060127258301,0.00032453107996843755,1.3735144965831836E-10,0.48755249381065369,1.2177976369857788,1.0733339786529541,0.74066025018692017,0.9697573184967041,4.7575511932373047,0,0,0,0
75,225,653640,22.996500015258789,0,0.0002226788637926802,55.026016235351562,37.350959777832031,0,40.414192199707031,14.894001007080078,0.00032677792478352785,1.7357294800676021E-13,7.2215843200683594,1.2208162546157837,1.0733339786529541,0.74066025018692017,0.9697573184967041,4.7575511932373047,1,0,0,0
75,240,654000,13.248629570007324,0.00016846455400809646,0.00030825333669781685,55.4302978515625,37.293197631835938,0,44.911769866943359,13.758325576782227,0.00032893987372517586,6.4696310336834456E-17,0.53341877460479736,1.1949722766876221,1.0733339786529541,0.74066025018692017,0.9697573184967041,4.7575511932373047,0,0,0,0
75,255,654360,9.240595817565918,0.00017285266949329525,0.00035491964081302285,55.750556945800781,37.239910125732422,0,48.859783172607422,12.640590667724609,0.00033098889980465174,3.894649853464216E-05,0.64205694198608398,1.1506415605545044,1.0733339786529541,0.74066025018692017,0.9697573184967041,4.7575511932373047,0,0,0,0
75,270,654720,4.3871884346008301,0.00015603634528815746,0.00066868733847513795,56.190952301025391,37.2005615234375,0,51.197849273681641,11.62251091003418,0.00033295180764980614,0.0088927764445543289,0.76826214790344238,1.0991424322128296,1.0733339786529541,0.74066025018692017,0.9697573184967041,4.7575511932373047,0,0,0,0
75,285,655080,0.6012347936630249,0.00011952531349379569,0.0033050652127712965,56.547092437744141,37.177154541015625,0,51.712963104248047,10.69174861907959,0.00033486186293885112,0.045680578798055649,0.88429701328277588,1.0517934560775757,1.0733339786529541,0.74066025018692017,0.9697573184967041,4.7575511932373047,0,0,0,0
75,300,655440,-2.7865362167358398,8.9873559772968292E-05,0.0044366475194692612,56.852512359619141,37.165908813476562,4.3302676999701362E-07,51.434928894042969,10.035577774047852,0.00033167374203912914,0.12423032522201538,0.96242403984069824,1.0199130773544312,1.0733339786529541,0.74066025018692017,0.9697573184967041,4.7575511932373047,0,0,0,0
75,315,655800,-5.6027646064758301,6.5319436544086784E-05,0.0062561333179473877,57.126113891601562,37.160045623779297,0.0060985502786934376,49.003395080566406,11.488053321838379,0.00032229188946075737,0.23168942332267761,0.98061275482177734,1.0159083604812622,1.0733339786529541,0.74066025018692017,0.9697573184967041,4.7575511932373047,0,0,0,0
75,330,656160,-7.6517801284790039,0.00089193857274949551,0.0081317424774169922,57.409568786621094,37.147106170654297,0.23085126280784607,44.289344787597656,14.984424591064453,0.00031750139896757901,0.34264901280403137,0.99161124229431152,1.0550516843795776,1.0733339786529541,0.74066025018692017,0.9697573184967041,4.7575511932373047,0,0,0,0
75,345,656520,-8.8265590667724609,0.0077242120169103146,0.017256636172533035,57.506992340087891,37.096450805664062,0.59446960687637329,39.126419067382812,18.596456527709961,0.00031566957477480173,1.0401897430419922,1.0101824998855591,1.1211463212966919,1.3140342235565186,0.74066025018692017,0.9697573184967041,4.7575511932373047,0,0,0,1
75,360,656880,-8.9770479202270508,0.0069178496487438679,0.023892063647508621,57.483108520507812,37.028919219970703,1.3053828477859497,34.442844390869141,21.435535430908203,0.0003139016916975379,1.1876747608184814,1.1469060182571411,1.0621587038040161,1.4383974075317383,0.93375569581985474,0.89942634105682373,9.0594968795776367,0,0,0,0
75,365,657000,-8.8708343505859375,0.0081108575686812401,0.023837694898247719,57.473476409912109,37.005680084228516,1.7845512628555298,33.008125305175781,22.202266693115234,0.00031332953949458897,1.3843927383422852,1.2436330318450928,1.0415427684783936,1.5060017108917236,0.96951413154602051,0.88640207052230835,9.8561534881591797,0,0,0,0
76,15,657360,-8.0943317413330078,0.010053196921944618,0.028061741963028908,57.472152709960938,36.936088562011719,2.640019416809082,29.065502166748047,24.021341323852539,0.00031166084227152169,1.2103269100189209,1.315192699432373,1.0916174650192261,1.4125454425811768,0.92008167505264282,0.90440678596496582,8.7548551559448242,0,0,0,0
76,30,657720,-6.5361294746398926,0.011927582323551178,0.012000882998108864,57.852653503417969,36.877483367919922,3.5355076789855957,25.783498764038086,25.046760559082031,0.00031017267610877752,1.5783815383911133,1.3943221569061279,1.0438994169235229,1.5060017108917236,0.96951413154602051,0.88640207052230835,9.8561534881591797,0,0,0,0
76,45,658080,-4.1616125106811523,0.015702176839113235,0.011922165751457214,58.216621398925781,36.891460418701172,4.4600701332092285,23.587480545043945,24.940048217773438,0.00030347981373779476,1.5706270933151245,1.3652104139328003,1.0232722759246826,1.5060017108917236,0.96951413154602051,0.88640207052230835,9.8561534881591797,0,0,0,0
76,60,658440,-1.0229369401931763,0.022267876192927361,0.18456050753593445,59.081523895263672,37.006015777587891,3.7017238140106201,22.806356430053711,23.492347717285156,0.00029608383192680776,1.4950523376464844,1.3201156854629517,0.99132061004638672,1.5060017108917236,0.96951413154602051,0.88640207052230835,9.8561534881591797,0,0,0,0
76,75,658800,2.8651158809661865,0.00099257985129952431,0.11970002949237823,59.758941650390625,37.304500579833984,0.030081789940595627,22.882318496704102,21.508811950683594,0.00029699600418098271,1.3651505708694458,1.267600417137146,0.95411098003387451,1.5060017108917236,0.96951413154602051,0.88640207052230835,9.8561534881591797,0,0,0,0
76,90,659160,7.9244341850280762,4.1135848732665181E-05,0.07508503645658493,59.661552429199219,37.351814270019531,0,24.552549362182617,19.677389144897461,0.00029968281160108745,1.2184591293334961,1.2162266969680786,0.91771024465560913,1.5060017108917236,0.96951413154602051,0.88640207052230835,9.8561534881591797,0,0,0,0
76,105,659520,12.279824256896973,1.3469900750351371E-07,0.071568824350833893,59.406517028808594,37.3472900390625,0,28.466665267944336,18.010078430175781,0.00030230605625547469,1.036421537399292,1.1745568513870239,0.88818526268005371,1.5060017108917236,0.96951413154602051,0.88640207052230835,9.8561534881591797,0,0,0,0
76,120,659880,16.435430526733398,0,0.053542044013738632,59.007526397705078,37.296306610107422,0,33.017673492431641,16.497646331787109,0.00030485232127830386,0.83393567800521851,1.1511533260345459,0.87160271406173706,1.5060017108917236,0.96951413154602051,0.88640207052230835,9.8561534881591797,0,0,0,0
76,135,660240,19.933435440063477,0,0.042706191539764404,58.464035034179688,37.240249633789062,0,36.342781066894531,15.519922256469727,0.00030732966843061149,0.63208597898483276,1.1156095266342163,0.87175482511520386,1.5060017108917236,0.96951413154602051,0.88640207052230835,9.8561534881591797,0,0,0,0
76,150,660600,22.406299591064453,0,0.029956156387925148,57.824363708496094,37.184658050537109,0,37.611801147460938,15.471987724304199,0.00030976405832916498,0.45531553030014038,0.93977886438369751,0.88129574060440063,1.5060017108917236,0.96951413154602051,0.88640207052230835,9.8561534881591797,0,0,0,0
76,165,660960,23.699621200561523,6.9823568082938436E-07,0.016562940552830696,57.136913299560547,37.129283905029297,0,38.160861968994141,15.797036170959473,0.00031217571813613176,0.31388378143310547,0.6685032844543457,0.89601558446884155,1.5060017108917236,0.96951413154602051,0.88640207052230835,9.8561534881591797,0,0,0,0
76,180,661320,23.763439178466797,0,0.003010476240888238,56.437652587890625,37.074394226074219,0,38.677799224853516,16.16978645324707,0.00031456953729502857,0.20581521093845367,0.36541271209716797,0.91246175765991211,1.5060017108917236,0.96951413154602051,0.88640207052230835,9.8561534881591797,0,0,0,0
76,195,661680,22.634576797485352,0,0.00077242625411599874,55.752811431884766,37.019859313964844,0,39.295936584472656,16.484642028808594,0.00031694342033006251,0.13559949398040771,0.094137191772460938,0.92718160152435303,1.5060017108917236,0.96951413154602051,0.88640207052230835,9.8561534881591797,0,0,0,0
76,210,662040,20.407590866088867,0,0.00044309365330263972,55.131462097167969,36.965774536132812,0,40.787502288818359,16.428998947143555,0.00031929099350236356,0.10801980644464493,-0.081693530082702637,0.93672245740890503,1.5060017108917236,0.96951413154602051,0.88640207052230835,9.8561534881591797,0,0,0,0
76,225,662400,17.379531860351562,8.7401531345676631E-07,0.00011282829655101523,54.661529541015625,36.912326812744141,0,44.454010009765625,15.549849510192871,0.00032158454996533692,0.11559238284826279,-0.10717120766639709,0.93940949440002441,1.5060017108917236,0.96951413154602051,0.88640207052230835,9.8561534881591797,0,0,0,0
76,240,662760,17.359060287475586,0,9.4025876023806632E-05,54.219921112060547,36.859668731689453,0,49.236873626708984,14.29572582244873,0.00032379158074036241,0.14996479451656342,3.1780304908752441,0.9481167197227478,1.5060017108917236,0.96951413154602051,0.88640207052230835,9.8561534881591797,1,0,0,0
76,255,663120,9.8292055130004883,9.5690411399118602E-05,0.00019103311933577061,54.131053924560547,36.807941436767578,0,53.330371856689453,13.149053573608398,0.00032591310446150601,0.2219713032245636,0.10116652399301529,0.96305251121520996,1.5060017108917236,0.96951413154602051,0.88640207052230835,9.8561534881591797,0,0,0,0
76,270,663480,4.9745688438415527,7.9395176726393402E-05,0.00040622224332764745,54.212242126464844,36.757637023925781,0,55.875602722167969,12.10845947265625,0.00032795127481222153,0.34231793880462646,0.25134077668190002,0.98040348291397095,1.5060017108917236,0.96951413154602051,0.88640207052230835,9.8561534881591797,0,0,0,0
76,285,663840,1.141395092010498,7.4858435255009681E-05,0.0010715002426877618,54.361423492431641,36.709434509277344,0,56.520523071289062,11.159636497497559,0.00032993874629028141,0.49738124012947083,0.39085477590560913,0.99635612964630127,1.5060017108917236,0.96951413154602051,0.88640207052230835,9.8561534881591797,0,0,0,0
76,300,664200,-2.3676958084106445,5.612475797533989E-05,0.0019642615225166082,54.571765899658203,36.66387939453125,6.1140985962993E-07,56.320503234863281,10.406209945678711,0.00032826169626787305,0.67487615346908569,0.48479044437408447,1.0070972442626953,1.5060017108917236,0.96951413154602051,0.88640207052230835,9.8561534881591797,0,0,0,0
76,315,664560,-5.3480720520019531,0.00087206630269065499,0.0035855139140039682,54.837326049804688,36.621150970458984,0.060588326305150986,54.000839233398438,11.721491813659668,0.00031918124295771122,0.87175017595291138,0.51702684164047241,1.0099748373031616,1.5060017108917236,0.96951413154602051,0.88640207052230835,9.8561534881591797,0,0,0,0
76,330,664920,-7.4640045166015625,0.00028944341465830803,0.0048917043022811413,55.169460296630859,36.580608367919922,0.093300022184848785,48.980232238769531,15.49334716796875,0.00031373216188512743,1.073255181312561,0.66261327266693115,1.0162999629974365,1.5060017108917236,0.96951413154602051,0.88640207052230835,9.8561534881591797,0,0,0,0
76,345,665280,-8.691096305847168,0.0053073829039931297,0.014035565778613091,55.317234039306641,36.537357330322266,0.50640362501144409,43.3092041015625,19.547348022460938,0.00031195717747323215,1.243033766746521,0.9084395170211792,1.0269800424575806,1.5060017108917236,0.96951413154602051,0.88640207052230835,9.8561534881591797,0,0,0,0
76,360,665640,-14.776484489440918,0.015698343515396118,0.047386668622493744,55.295028686523438,36.489170074462891,2.1784267425537109,38.101814270019531,22.801950454711914,0.00031024284544400871,0.51688909530639648,-4.3459434509277344,1.0009933710098267,0.98806387186050415,0.83235430717468262,0.95019274950027466,3.3547611236572266,0,0,0,0
76,365,665760,-15.554268836975098,0.012990649789571762,0.053964972496032715,55.283790588378906,36.473133087158203,2.6073224544525146,36.505508422851562,23.687154769897461,0.00030969080398790538,0.29251635074615479,-5.5361728668212891,0.99408638477325439,0.89214944839477539,0.80695432424545288,0.9620058536529541,2.1507997512817383,0,0,0,0
77,15,666120,-13.679768562316895,0.020582119002938271,0.098479010164737701,55.250553131103516,36.425205230712891,3.6310000419616699,32.105064392089844,25.810428619384766,0.00030808718292973936,0.66060876846313477,-4.2973513603210449,1.0057007074356079,1.024741530418396,0.84206724166870117,0.94567543268203735,3.8151564598083496,0,0,0,0
77,30,666480,-12.799802780151367,0.016242783516645432,0.45317363739013672,55.217884063720703,36.377994537353516,4.6239495277404785,28.233081817626953,27.244178771972656,0.00030655559385195374,0.25197458267211914,-5.827728271484375,0.98979657888412476,0.89214944839477539,0.80695432424545288,0.9620058536529541,2.1507999897003174,0,0,0,0
77,45,666840,-9.8028669357299805,0.01874106377363205,0.43518754839897156,55.185707092285156,36.331851959228516,5.694920539855957,24.826694488525391,28.108104705810547,0.00030508745112456381,0.22317039966583252,-5.5411767959594727,0.96998971700668335,0.89214944839477539,0.80695432424545288,0.9620058536529541,2.1507999897003174,0,0,0,0
77,60,667200,-6.0538830757141113,0.011666502803564072,0.014346415176987648,55.635524749755859,36.295570373535156,6.5585570335388184,21.991979598999023,28.349843978881836,0.00030345458071678877,0.20547638833522797,-5.0973038673400879,0.93930858373641968,0.89214944839477539,0.80695432424545288,0.9620058536529541,2.1507999897003174,0,0,0,0
77,75,667560,-1.5805150270462036,0.0014818727504462004,0.026394428685307503,56.074626922607422,36.271282196044922,6.7474327087402344,20.828855514526367,26.970523834228516,0.00029566354351118207,0.089656136929988861,-4.580388069152832,0.90357863903045654,1.1232669353485107,0.80695432424545288,0.9620058536529541,2.1507999897003174,0,0,0,1
77,90,667920,4.1785688400268555,0.0013685793383046985,0.2750612199306488,57.139884948730469,36.676406860351562,0.87938719987869263,21.132583618164062,24.702531814575195,0.0002970486821141094,0.089842282235622406,-4.0747098922729492,0.86862540245056152,0.89214944839477539,0.80695432424545288,0.9620058536529541,2.1507999897003174,0,0,0,0
77,105,668280,8.8886489868164062,1.2378566680126823E-05,0.0090747904032468796,56.843128204345703,36.803028106689453,0,23.844856262207031,22.601995468139648,0.00029981712577864528,0.031329713761806488,-3.664548397064209,0.8402743935585022,0.89214944839477539,0.80695432424545288,0.9620058536529541,2.1507999897003174,0,0,0,0
77,120,668640,13.052607536315918,0,0.0072976294904947281,56.542743682861328,36.739017486572266,0,28.356542587280273,20.690977096557617,0.00030251286807470024,0.0040847198106348515,-3.4341838359832764,0.82435125112533569,0.89214944839477539,0.80695432424545288,0.9620058536529541,2.1507999897003174,0,0,0,0
77,135,669000,16.285943984985352,0,0.0036871291231364012,56.094509124755859,36.668979644775391,0,32.806991577148438,18.987199783325195,0.0003051319217775017,4.935446850140579E-05,-3.4811825752258301,0.82782679796218872,0.89214944839477539,0.80695432424545288,0.9620058536529541,2.1507999897003174,0,0,0,0
77,150,669360,18.202156066894531,0.00053770554950460792,0.0070736040361225605,55.538352966308594,36.597625732421875,0,36.080631256103516,17.828971862792969,0.00030768814031034708,3.5289161814944237E-07,-3.8513357639312744,0.85461348295211792,0.89214944839477539,0.80695432424545288,0.9620058536529541,2.1507999897003174,0,0,0,0
77,165,669720,18.705354690551758,0,0.001690947450697422,54.915657043457031,36.527263641357422,0,38.487453460693359,17.156133651733398,0.00031019642483443022,2.1986783504956975E-09,-4.4224166870117188,0.89594066143035889,0.89214944839477539,0.80695432424545288,0.9620058536529541,2.1507999897003174,0,0,0,0
77,180,670080,18.115423202514648,0,0.00088511273497715592,54.447120666503906,36.45953369140625,0,41.212051391601562,16.458883285522461,0.00031264629797078669,8.7760371886291821E-12,-5.0140438079833984,0.94211459159851074,0.89214944839477539,0.80695432424545288,0.9620058536529541,2.1507999897003174,0,0,0,0
77,195,670440,15.858917236328125,0,0.00034319396945647895,54.279018402099609,36.397029876708984,0,43.494403839111328,16.017677307128906,0.00031503781792707741,2.5028239639753209E-14,-5.6315546035766602,0.98344177007675171,0.89214944839477539,0.80695432424545288,0.9620058536529541,2.1507999897003174,0,0,0,0
77,210,670800,13.053483009338379,9.5937558342029661E-08,0.00024383218260481954,54.459148406982422,36.340877532958984,0,47.881027221679688,14.76722526550293,0.00031733250943943858,6.1480291672232388E-17,-6.0017080307006836,1.0102285146713257,0.89214944839477539,0.80695432424545288,0.9620058536529541,2.1507999897003174,0,0,0,0
77,225,671160,9.7630043029785156,3.1077818221092457E-06,0.0018633645959198475,54.855800628662109,36.293601989746094,0,52.118061065673828,13.579615592956543,0.00031952618155628443,7.8695843827975386E-20,-6.0442299842834473,1.0150244235992432,0.89214944839477539,0.80695432424545288,0.9620058536529541,2.1507999897003174,0,0,0,0
77,240,671520,6.2368683815002441,0.00026503225672058761,0.00047420372720807791,55.488250732421875,36.257854461669922,0,55.446586608886719,12.496419906616211,0.00032162849674932659,8.6801583953961231E-23,-5.7745513916015625,1.0124245882034302,0.89214944839477539,0.80695432424545288,0.9620058536529541,2.1507999897003174,0,0,0,0
77,255,671880,2.6395502090454102,0.0021650816779583693,0.011529919691383839,55.963993072509766,36.238201141357422,0,57.004650115966797,11.506431579589844,0.00032366233062930405,3.1041097300719543E-26,-5.3119640350341797,1.0079648494720459,0.89214944839477539,0.80695432424545288,0.9620058536529541,2.1507999897003174,0,0,0,0
77,270,672240,-1.7690850496292114,0.00019475893350318074,0.0030007974710315466,56.485546112060547,36.234897613525391,2.02564834239638E-07,57.190986633300781,10.602781295776367,0.00032548929448239505,2.4742378737350709E-30,-4.7745757102966309,1.0027840137481689,0.89214944839477539,0.80695432424545288,0.9620058536529541,2.1507999897003174,0,0,0,0
77,285,672600,-5.1114563941955566,0.00013783373287878931,0.004666453693062067,56.902656555175781,36.238494873046875,0.00041726673953235149,55.853832244873047,10.9613037109375,0.00031726976158097386,3.1229981686919928E-05,-4.2804932594299316,0.9980207085609436,0.89214944839477539,0.80695432424545288,0.9620058536529541,2.1507999897003174,0,0,0,0
77,300,672960,-8.1815528869628906,0.00019188933947589248,0.01048993319272995,57.321651458740234,36.243831634521484,0.11438556015491486,51.103759765625,14.549313545227051,0.0003107188967987895,0.0082160718739032745,-3.9478240013122559,0.99481350183486938,0.89214944839477539,0.80695432424545288,0.9620058536529541,2.1507999897003174,0,0,0,0
77,315,673320,-10.854156494140625,0.008352307602763176,0.16203910112380981,57.4019775390625,36.213451385498047,0.26603317260742188,45.072113037109375,19.027900695800781,0.00030890523339621723,0.03974449634552002,-3.8997249603271484,0.99410200119018555,0.89214944839477539,0.80695432424545288,0.9620058536529541,2.1507999897003174,0,0,0,0
77,330,673680,-13.092974662780762,0.011991579085588455,0.41721251606941223,57.367946624755859,36.163120269775391,0.81078892946243286,39.656681060791016,22.526529312133789,0.00030716988840140402,0.084470264613628387,-4.2276115417480469,0.99409890174865723,0.89214944839477539,0.80695432424545288,0.9620058536529541,2.1507999897003174,0,0,0,0
77,345,674040,-14.71515941619873,0.01265282928943634,0.26932606101036072,57.335002899169922,36.112606048583984,1.8010361194610596,34.890464782714844,25.103631973266602,0.00030551769305020571,0.14684109389781952,-4.7812566757202148,0.99409365653991699,0.89214944839477539,0.80695432424545288,0.9620058536529541,2.1507999897003174,0,0,0,0
77,360,674400,-10.059656143188477,0.012366520240902901,0.069912709295749664,57.302341461181641,36.062858581542969,2.3511171340942383,30.695816040039062,26.913942337036133,0.00030394157511182129,0.34684336185455322,-0.22775709629058838,1.1617728471755981,0.9808686375617981,0.98105895519256592,1.0633567571640015,0.20170795917510986,0,0,0,0
77,365,674520,-9.1333656311035156,0.007632330060005188,0.055123317986726761,57.291667938232422,36.046596527099609,2.7024796009063721,29.412130355834961,27.369466781616211,0.00030343155958689749,0.4132513701915741,0.73541355133056641,1.2072175741195679,0.99729812145233154,1.0133005380630493,1.0821254253387451,-0.15923500061035156,0,0,0,0
78,15,674880,-9.1272706985473633,0.0092946328222751617,0.072377532720565796,57.259677886962891,35.998737335205078,4.0676665306091309,25.871833801269531,28.352788925170898,0.00030194339342415333,0.38477155566215515,-0.67268788814544678,1.1830692291259766,0.97458600997924805,0.96872973442077637,1.0561796426773071,0.33973264694213867,0,0,0,0
78,30,675240,-5.9242000579833984,0.023439088836312294,0.009154176339507103,57.598964691162109,35.978233337402344,4.8334026336669922,22.9852294921875,28.622625350952148,0.00030056457035243511,0.4717632532119751,0.7600100040435791,1.2296198606491089,0.99729812145233154,1.0133005380630493,1.0821254253387451,-0.15923500061035156,0,0,0,0
78,45,675600,-3.1093401908874512,0.011699743568897247,0.021474186331033707,57.845027923583984,35.992389678955078,5.5388383865356445,21.351404190063477,27.668430328369141,0.0002926920133177191,0.44618445634841919,0.76317530870437622,1.194022536277771,0.99729812145233154,1.0133005380630493,1.0821254253387451,-0.15923500061035156,0,0,0,0
78,60,675960,0.41366305947303772,0.0057866508141160011,0.28468617796897888,58.773384094238281,36.162220001220703,2.9647059440612793,20.997922897338867,25.580127716064453,0.00028765649767592549,0.3819599449634552,0.7680785059928894,1.1388815641403198,0.99729812145233154,1.0133005380630493,1.0821254253387451,-0.15923500061035156,0,0,0,0
78,75,676320,2.1389577388763428,0.0019539119675755501,0.26449775695800781,59.440593719482422,36.486743927001953,1.0417320728302002,20.834999084472656,23.5244140625,0.00028618137002922595,0.29733321070671082,-2.4632842540740967,1.0746669769287109,0.99729812145233154,1.0133005380630493,1.0821254253387451,-0.15923500061035156,0,1,0,0
78,90,676680,9.6212444305419922,2.3316953956964426E-05,0.024406339973211288,59.303348541259766,36.510555267333984,0,22.655134201049805,21.515058517456055,0.00028904483770020306,0.20868243277072906,0.77937442064285278,1.0118480920791626,0.99729812145233154,1.0133005380630493,1.0821254253387451,-0.15923500061035156,0,0,0,0
78,105,677040,13.881211280822754,0.00061554770218208432,0.0037152643781155348,59.067836761474609,36.456737518310547,0,26.30950927734375,19.685031890869141,0.0002918524551205337,0.11721701174974442,0.78390520811080933,0.96089518070220947,0.99729812145233154,1.0133005380630493,1.0821254253387451,-0.15923500061035156,0,0,0,0
78,120,677400,17.765716552734375,0,0.00089513481361791492,58.693511962890625,36.385986328125,0,30.268993377685547,18.042388916015625,0.00029459485085681081,0.041085861623287201,0.78644990921020508,0.93227773904800415,0.99729812145233154,1.0133005380630493,1.0821254253387451,-0.15923500061035156,0,0,0,0
78,135,677760,20.879308700561523,0,0.00070913549279794097,58.205368041992188,36.312744140625,0,32.771541595458984,17.070816040039062,0.00029728110530413687,0.005528109148144722,0.74286043643951416,0.93072545528411865,0.99729812145233154,1.0133005380630493,1.0821254253387451,-0.15923500061035156,0,0,0,0
78,150,678120,22.837900161743164,0,0.0005624837358482182,57.639785766601562,36.241737365722656,0,33.720439910888672,16.862758636474609,0.00029993173666298389,9.8837699624709785E-05,0.51076865196228027,0.93758344650268555,0.99729812145233154,1.0133005380630493,1.0821254253387451,-0.15923500061035156,0,0,0,0
78,165,678480,23.533727645874023,0,0.0015087005449458957,57.032566070556641,36.175518035888672,0,34.309001922607422,16.906532287597656,0.00030255920137278736,7.728409059382102E-07,0.15269213914871216,0.94816404581069946,0.99729812145233154,1.0133005380630493,1.0821254253387451,-0.15923500061035156,0,0,0,0
78,180,678840,22.935508728027344,0,0.00027173099806532264,56.410354614257812,36.114025115966797,0,34.979343414306641,16.98222541809082,0.00030516530387103558,5.1447810456295429E-09,-0.24737930297851562,0.95998555421829224,0.99729812145233154,1.0133005380630493,1.0821254253387451,-0.15923500061035156,0,0,0,0
78,195,679200,21.079864501953125,0,0.00013783421309199184,55.9224853515625,36.055999755859375,0,36.23358154296875,16.866937637329102,0.00030774291371926665,1.809149184628378E-11,-0.60545575618743896,0.97056615352630615,0.99729812145233154,1.0133005380630493,1.0821254253387451,-0.15923500061035156,0,0,0,0
78,210,679560,18.309432983398438,0,0.00013636818039231002,55.675956726074219,35.999885559082031,0,39.034427642822266,16.203533172607422,0.00031026272336021066,2.7638093839910637E-14,-0.8375476598739624,0.97742420434951782,0.99729812145233154,1.0133005380630493,1.0821254253387451,-0.15923500061035156,0,0,0,0
78,225,679920,14.885762214660645,1.4728682344866684E-06,0.00018708256538957357,55.640048980712891,35.946678161621094,0,43.514816284179688,14.982827186584473,0.00031268893508240581,2.8595124232700834E-17,-0.86263251304626465,0.97980409860610962,0.99729812145233154,1.0133005380630493,1.0821254253387451,-0.15923500061035156,0,0,0,0
78,240,680280,11.094690322875977,0.00022352756059262902,0.0024074835237115622,55.787174224853516,35.905651092529297,0,47.979404449462891,13.759523391723633,0.00031501310877501965,7.6196162177976956E-21,-0.67801952362060547,0.99047654867172241,0.99729812145233154,1.0133005380630493,1.0821254253387451,-0.15923500061035156,0,0,0,0
78,255,680640,7.2335095405578613,0.00016512478759977967,0.00030077106202952564,56.036605834960938,35.889297485351562,0,51.40655517578125,12.648998260498047,0.00031724770087748766,2.5311609913822584E-24,-0.36134755611419678,1.0087833404541016,0.99729812145233154,1.0133005380630493,1.0821254253387451,-0.15923500061035156,0,0,0,0
78,270,681000,2.6089274883270264,0.00015009057824499905,0.00098718982189893723,56.401512145996094,35.895740509033203,0,52.958320617675781,11.636496543884277,0.00031941727502271533,0.0015894933603703976,0.0065308213233947754,1.0300502777099609,0.99729812145233154,1.0133005380630493,1.0821254253387451,-0.15923500061035156,0,0,0,0
78,285,681360,-0.89009362459182739,0.00012008212070213631,0.0027064660098403692,56.712894439697266,35.910991668701172,0,53.097663879394531,10.710659027099609,0.00032154665677808225,0.019762748852372169,0.34476345777511597,1.0496035814285278,0.99729812145233154,1.0133005380630493,1.0821254253387451,-0.15923500061035156,0,0,0,0
78,300,681720,-4.0146842002868652,8.9775494416244328E-05,0.012893187813460827,57.023239135742188,35.930976867675781,0.020649904385209084,52.236438751220703,10.600255966186523,0.00031459596357308328,0.071064956486225128,0.5724976658821106,1.062768816947937,0.99729812145233154,1.0133005380630493,1.0821254253387451,-0.15923500061035156,0,0,0,0
78,315,682080,-6.6168460845947266,0.0054123080335557461,0.0068586422130465508,57.332283020019531,35.9486083984375,0.087834328413009644,48.635837554931641,13.119322776794434,0.00030576242716051638,0.15607859194278717,0.62474226951599121,1.0678755044937134,0.99729812145233154,1.0133005380630493,1.0821254253387451,-0.15923500061035156,0,0,0,0
78,330,682440,-8.4266529083251953,0.0017234409460797906,0.012737161479890347,57.578586578369141,35.949054718017578,0.29699045419692993,43.344474792480469,17.02189826965332,0.00030419151880778372,0.24778728187084198,0.64691692590713501,1.095794677734375,0.99729812145233154,1.0133005380630493,1.0821254253387451,-0.15923500061035156,0,0,0,0
78,345,682800,-9.3557662963867188,0.0063781491480767727,0.038917794823646545,57.590324401855469,35.904621124267578,0.91205072402954102,38.172920227050781,20.464105606079102,0.00030257011530920863,0.32616353034973145,0.68435931205749512,1.1429370641708374,0.99729812145233154,1.0133005380630493,1.0821254253387451,-0.15923500061035156,0,0,0,0
78,360,683160,-14.927070617675781,0.017663538455963135,0.052740924060344696,57.558933258056641,35.856704711914062,2.8320722579956055,33.584358215332031,23.049356460571289,0.00030102542950771749,0.34468057751655579,-4.5912933349609375,1.1969045400619507,0.96503448486328125,0.90871536731719971,0.98592424392700195,-0.40991801023483276,0,0,0,0
78,365,683280,-15.706603050231934,0.020761700347065926,0.056519001722335815,57.548614501953125,35.840904235839844,3.3948853015899658,32.180141448974609,23.738151550292969,0.00030052589136175811,0.35020396113395691,-5.8073477745056152,1.2172566652297974,0.95905971527099609,0.88934773206710815,0.96810925006866455,-0.45634078979492188,0,0,0,0
79,15,683640,-13.746423721313477,0.023584524169564247,0.11300335824489594,57.518020629882812,35.793991088867188,4.6082644462585449,28.30865478515625,25.353359222412109,0.00029907000134699047,0.39842838048934937,-4.7417821884155273,1.2509235143661499,0.96731919050216675,0.91612154245376587,0.99273675680160522,-0.39216592907905579,0,0,0,0
79,30,684000,-12.836239814758301,0.026282792910933495,0.45478662848472595,57.488040924072266,35.747459411621094,6.2876296043395996,24.902297973632812,26.380645751953125,0.00029767348314635456,0.35266512632369995,-6.2404413223266602,1.2515387535095215,0.95905971527099609,0.88934773206710815,0.96810925006866455,-0.45634078979492188,0,0,0,0
79,45,684360,-9.7961673736572266,0.02407865971326828,0.42732307314872742,57.458553314208984,35.701118469238281,8.4530525207519531,21.90431022644043,26.923044204711914,0.00029632897349074483,0.32385000586509705,-6.0016107559204102,1.2205246686935425,0.95905971527099609,0.88934773206710815,0.96810925006866455,-0.45634078979492188,0,0,0,0
79,60,684720,-6.0569372177124023,0.021672926843166351,0.021930251270532608,57.882778167724609,35.689247131347656,9.8085031509399414,19.410465240478516,26.937541961669922,0.00029490247834473848,0.31067463755607605,-5.631657600402832,1.1724834442138672,0.95905971527099609,0.88934773206710815,0.96810925006866455,-0.45634078979492188,0,0,0,0
79,75,685080,-1.6507768630981445,0.019333606585860252,0.050878956913948059,58.331729888916016,35.683399200439453,10.278181076049805,18.380681991577148,25.550359725952148,0.00028749048942700028,0.24067147076129913,-5.2008266448974609,1.1165364980697632,0.95905971527099609,0.88934773206710815,0.96810925006866455,-0.45634078979492188,0,0,0,0
79,90,685440,3.94612717628479,0.00439090421423316,0.51960861682891846,59.458721160888672,36.389537811279297,2.5405848026275635,18.640651702880859,23.388996124267578,0.00028883077902719378,0.15314783155918121,-4.7793607711791992,1.0618058443069458,0.95905971527099609,0.88934773206710815,0.96810925006866455,-0.45634078979492188,0,0,0,0
79,105,685800,8.5944480895996094,0.0020011253654956818,0.027215924113988876,59.160346984863281,36.880111694335938,0,21.084911346435547,21.391965866088867,0.00029169104527682066,0.075537286698818207,-4.4375057220458984,1.0174132585525513,0.95905971527099609,0.88934773206710815,0.96810925006866455,-0.45634078979492188,0,0,0,0
79,120,686160,12.623470306396484,1.7249051325052278E-06,0.0081755407154560089,58.938385009765625,36.827091217041016,0,25.347503662109375,19.574148178100586,0.00029448023997247219,0.021975772455334663,-4.2455048561096191,0.99248045682907104,0.95905971527099609,0.88934773206710815,0.96810925006866455,-0.45634078979492188,0,0,0,0
79,135,686520,15.796286582946777,0.00039659434696659446,0.024759175255894661,58.553535461425781,36.762729644775391,0,29.699111938476562,17.936681747436523,0.00029719472513534129,0.1563299149274826,-4.2502145767211914,0.99640160799026489,0.96223336458206177,0.88934773206710815,0.96810925006866455,-0.45634078979492188,0,0,0,0
79,150,686880,17.878881454467773,0,0.0024105166085064411,58.039230346679688,36.689373016357422,0,33.168479919433594,16.732915878295898,0.00029984299908392131,0.00111251266207546,-4.3762927055358887,1.0302939414978027,0.95905971527099609,0.88934773206710815,0.96810925006866455,-0.45634078979492188,0,0,0,0
79,165,687240,18.575563430786133,0,0.0019503625808283687,57.481063842773438,36.613807678222656,0,35.850181579589844,15.977391242980957,0.00030243699438869953,7.8239881986519322E-06,-4.5708084106445312,1.0825837850570679,0.95905971527099609,0.88934773206710815,0.96810925006866455,-0.45634078979492188,0,0,0,0
79,180,687600,17.980323791503906,0,0.00060133170336484909,57.104587554931641,36.541656494140625,0,38.769393920898438,15.248232841491699,0.00030497211264446378,5.1907861120525922E-08,-4.7881369590759277,1.1410062313079834,0.95905971527099609,0.88934773206710815,0.96810925006866455,-0.45634078979492188,0,0,0,0
79,195,687960,16.283332824707031,0,0.00053318223217502236,57.058444976806641,36.479194641113281,0,42.444179534912109,14.304282188415527,0.0003074254491366446,2.4701241052582645E-10,-4.9826526641845703,1.1932960748672485,0.95905971527099609,0.88934773206710815,0.96810925006866455,-0.45634078979492188,0,0,0,0
79,210,688320,13.628635406494141,8.6463430193362001E-08,0.00047725118929520249,57.297653198242188,36.441581726074219,0,46.711772918701172,13.19498348236084,0.00030978361610323191,5.7679382103881238E-13,-5.1087307929992676,1.2271883487701416,0.95905971527099609,0.88934773206710815,0.96810925006866455,-0.45634078979492188,0,0,0,0
79,225,688680,10.284811973571777,7.7156164479674771E-06,0.00054287520470097661,57.739986419677734,36.4415283203125,0,50.913818359375,12.126346588134766,0.00031204076367430389,9.4610192076516331E-16,-5.1125454902648926,1.2309843301773071,0.95905971527099609,0.88934773206710815,0.96810925006866455,-0.45634078979492188,0,0,0,0
79,240,689040,6.617645263671875,0.0010749740758910775,0.023015554994344711,58.236461639404297,36.488983154296875,0,54.337314605712891,11.152214050292969,0.00031420623417943716,7.9425541205339039E-19,-4.9156904220581055,1.2053309679031372,0.95905971527099609,0.88934773206710815,0.96810925006866455,-0.45634078979492188,0,0,0,0
79,255,689400,2.8587279319763184,0.00024292098532896489,0.0022028319071978331,58.681556701660156,36.564739227294922,0,56.001838684082031,10.261103630065918,0.00031630662851966918,1.3468012713381908E-22,-4.5780200958251953,1.1613268852233887,0.95905971527099609,0.88934773206710815,0.96810925006866455,-0.45634078979492188,0,0,0,0
79,270,689760,-1.689452052116394,0.00018479528080206364,0.010586465708911419,59.115364074707031,36.650352478027344,4.7371318032674026E-06,56.233489990234375,9.4467258453369141,0.00031831572414375842,0.14387445151805878,-4.1857471466064453,1.1102074384689331,0.95905971527099609,0.88934773206710815,0.96810925006866455,-0.45634078979492188,0,0,0,0
79,285,690120,-5.1291089057922363,0.00014984446170274168,0.0081451516598463058,59.481224060058594,36.718605041503906,0.0049917814321815968,54.935329437255859,9.8658523559570312,0.00031049994868226349,0.0080069843679666519,-3.8250861167907715,1.0632075071334839,0.95905971527099609,0.88934773206710815,0.96810925006866455,-0.45634078979492188,0,0,0,0
79,300,690480,-8.2190465927124023,0.00024180315085686743,0.014606784097850323,59.842769622802734,36.769058227539062,0.12395570427179337,50.221614837646484,13.512472152709961,0.00030421491828747094,0.041896145790815353,-3.5822505950927734,1.0315620899200439,0.95905971527099609,0.88934773206710815,0.96810925006866455,-0.45634078979492188,0,0,0,0
79,315,690840,-10.824939727783203,0.0091372039169073105,0.16863644123077393,59.895004272460938,36.735557556152344,0.28679102659225464,44.293193817138672,17.981578826904297,0.0003024506731890142,0.10130752623081207,-3.563605785369873,1.0275213718414307,0.95905971527099609,0.88934773206710815,0.96810925006866455,-0.45634078979492188,0,0,0,0
79,330,691200,-13.074870109558105,0.01230431254953146,0.41799366474151611,59.860767364501953,36.658355712890625,0.86335712671279907,38.979175567626953,21.473367691040039,0.00030076294206082821,0.1705479770898819,-4.0131731033325195,1.0655375719070435,0.95905971527099609,0.88934773206710815,0.96810925006866455,-0.45634078979492188,0,0,0,0
79,345,691560,-14.774556159973145,0.020337842404842377,0.24281370639801025,59.828620910644531,36.580032348632812,2.2359473705291748,34.300758361816406,24.055889129638672,0.00029915515915490687,0.24932962656021118,-4.7722783088684082,1.129729151725769,0.95905971527099609,0.88934773206710815,0.96810925006866455,-0.45634078979492188,0,0,0,0
79,360,691920,-10.123714447021484,0.0041825519874691963,0.07793872058391571,59.797161102294922,36.502162933349609,2.7187449932098389,30.181690216064453,25.882928848266602,0.00029761786572635174,0.13570140302181244,-0.22982573509216309,1.0612796545028687,0.82635706663131714,1.0381302833557129,0.9460340142250061,4.7932572364807129,0,0,0,0
79,365,692040,-9.4327573776245117,0.006139012984931469,0.066430121660232544,59.786899566650391,36.476249694824219,2.9544525146484375,28.921318054199219,26.346744537353516,0.00029711969546042383,0.095727220177650452,0.62055528163909912,1.0365030765533447,0.80178248882293701,1.0656825304031372,0.94194602966308594,5.7654051780700684,0,0,0,0
80,15,692400,-9.8853750228881836,0.015959911048412323,0.097416579723358154,59.756614685058594,36.399330139160156,4.4125070571899414,25.446514129638672,27.357406616210938,0.00029566395096480846,0.1900651752948761,-1.0772629976272583,1.0844858884811401,0.83575439453125,1.0275942087173462,0.94759726524353027,4.4215078353881836,0,0,0,0
80,30,692760,-7.0668201446533203,0.0067118443548679352,0.03359830379486084,59.988197326660156,36.334262847900391,4.7484908103942871,22.451156616210938,27.826452255249023,0.00029425168759189546,0.11888179183006287,0.35102123022079468,1.0334316492080688,0.80178248882293701,1.0656825304031372,0.94194602966308594,5.7654051780700684,0,0,0,0
80,45,693120,-4.369664192199707,0.0066552185453474522,0.016910644248127937,60.235691070556641,36.359004974365234,5.1872806549072266,20.390701293945312,27.358781814575195,0.00028940790798515081,0.10978889465332031,0.45473557710647583,1.0146090984344482,0.80178248882293701,1.0656825304031372,0.94194602966308594,5.7654051780700684,0,0,0,0
80,60,693480,-0.85241031646728516,0.0061159385368227959,0.10062960535287857,60.710090637207031,36.364707946777344,4.6682281494140625,19.700719833374023,25.622138977050781,0.0002825151605065912,0.082595221698284149,0.61539113521575928,0.98545277118682861,0.80178248882293701,1.0656825304031372,0.94194602966308594,5.7654051780700684,0,0,0,0
80,75,693840,3.3450350761413574,0.00063861784292384982,0.10225509852170944,61.001216888427734,36.603172302246094,0.24751468002796173,19.814138412475586,23.436935424804688,0.00028421924798749387,0.051379524171352386,0.80248361825942993,0.95149838924407959,0.80178248882293701,1.0656825304031372,0.94194602966308594,5.7654051780700684,0,0,0,0
80,90,694200,8.6476860046386719,1.0229677172901575E-05,0.0077648218721151352,60.869258880615234,36.588859558105469,0,21.443227767944336,21.432743072509766,0.00028707119054161012,0.055398702621459961,0.98550897836685181,0.91828221082687378,0.80178248882293701,1.0656825304031372,0.94194602966308594,5.7654051780700684,0,0,0,0
80,105,694560,13.138669013977051,9.0804455510351545E-08,0.0025833689142018557,60.620506286621094,36.529518127441406,0,24.947097778320312,19.606512069702148,0.00028986568213440478,0.0025530902203172445,1.1339627504348755,0.89134025573730469,0.80178248882293701,1.0656825304031372,0.94194602966308594,5.7654051780700684,0,0,0,0
80,120,694920,17.251823425292969,0,0.0019156577764078975,60.246692657470703,36.458179473876953,0,28.890508651733398,17.953008651733398,0.00029259335133247077,2.5275392545154318E-05,1.2173409461975098,0.87620836496353149,0.80178248882293701,1.0656825304031372,0.94194602966308594,5.7654051780700684,0,0,0,0
80,135,695280,20.611520767211914,1.0902665962930769E-05,0.00267620082013309,59.761371612548828,36.388004302978516,0,31.561782836914062,16.897466659545898,0.00029526290018111467,1.6963429061433999E-07,1.2031183242797852,0.88306766748428345,0.80178248882293701,1.0656825304031372,0.94194602966308594,5.7654051780700684,0,0,0,0
80,150,695640,22.967832565307617,0,0.00061081512831151485,59.198947906494141,36.321640014648438,0,32.584426879882812,16.639627456665039,0.00029789493419229984,0.13750261068344116,1.0839037895202637,0.92735010385513306,0.80178248882293701,1.0656825304031372,0.94194602966308594,5.7654051780700684,0,0,0,0
80,165,696000,24.148181915283203,0,0.00044058493222109973,58.596992492675781,36.257640838623047,0,33.185909271240234,16.663995742797852,0.00030050307395868003,0.001236268668435514,0.89997702836990356,0.99567008018493652,0.80178248882293701,1.0656825304031372,0.94194602966308594,5.7654051780700684,0,0,0,0
80,180,696360,24.095966339111328,0,0.00031158802448771894,57.980907440185547,36.194629669189453,0,33.828330993652344,16.747625350952148,0.00030308868736028671,1.0227572602161672E-05,0.69447946548461914,1.072002649307251,0.80178248882293701,1.0656825304031372,0.94194602966308594,5.7654051780700684,0,0,0,0
80,195,696720,25.983745574951172,0,0.00015435223758686334,57.377323150634766,36.132064819335938,0,33.816238403320312,17.156633377075195,0.00030565419001504779,8.8666467945586191E-08,4.6650400161743164,1.1403225660324097,0.80178248882293701,1.0656825304031372,0.94194602966308594,5.7654051780700684,1,0,0,0
80,210,697080,20.334833145141602,0,0.000154475899762474,57.192852020263672,36.079425811767578,0,35.7032470703125,16.781696319580078,0.00030818968662060797,7.3070421935383933E-10,0.39133816957473755,1.1846050024032593,0.80178248882293701,1.0656825304031372,0.94194602966308594,5.7654051780700684,0,0,0,0
80,225,697440,17.117807388305664,1.8205120113634621E-06,0.00019368038920219988,57.160800933837891,36.018768310546875,0,39.740276336669922,15.706233024597168,0.00031063961796462536,5.3160366733639997E-12,0.38907152414321899,1.1909602880477905,0.80178248882293701,1.0656825304031372,0.94194602966308594,5.7654051780700684,0,0,0,0
80,240,697800,13.505932807922363,0.00021597732848022133,0.00044680541031993926,57.414066314697266,35.966350555419922,0,44.477104187011719,14.410273551940918,0.00031297528767026961,2.927431924258303E-14,0.58840292692184448,1.171181321144104,0.80178248882293701,1.0656825304031372,0.94194602966308594,5.7654051780700684,0,0,0,0
80,255,698160,9.7506828308105469,0.00021691578149329871,0.0015320125967264175,57.785385131835938,35.937629699707031,0,48.427165985107422,13.226696968078613,0.00031520528136752546,9.3528008224725456E-17,0.93032187223434448,1.1372538805007935,0.80178248882293701,1.0656825304031372,0.94194602966308594,5.7654051780700684,0,0,0,0
80,270,698520,5.1833157539367676,0.00059723114827647805,0.0024395347572863102,58.248435974121094,35.952827453613281,0,50.934398651123047,12.148961067199707,0.00031734872027300298,1.236264335454776E-19,1.3275297880172729,1.0978403091430664,0.80178248882293701,1.0656825304031372,0.94194602966308594,5.7654051780700684,0,0,0,0
80,285,698880,1.6468760967254639,0.00015528523363173008,0.0020348301623016596,58.576324462890625,36.006278991699219,0,51.66375732421875,11.164710998535156,0.00031943799695000052,9.1687914618645013E-23,1.6927282810211182,1.0616027116775513,0.80178248882293701,1.0656825304031372,0.94194602966308594,5.7654051780700684,0,0,0,0
80,300,699240,-1.5993920564651489,0.00011287259985692799,0.0036888087633997202,58.842185974121094,36.077495574951172,8.7998876097117318E-07,51.608448028564453,10.294373512268066,0.00031955950544215739,0.082537084817886353,1.9386188983917236,1.0372039079666138,0.80178248882293701,1.0656825304031372,0.94194602966308594,5.7654051780700684,0,0,0,0
80,315,699600,-4.449364185333252,8.8012406195048243E-05,0.0053313784301280975,59.068111419677734,36.145870208740234,0.00081556598888710141,50.177402496337891,10.762654304504395,0.00031120452331379056,0.0013528480194509029,1.9719455242156982,1.0318653583526611,0.80178248882293701,1.0656825304031372,0.94194602966308594,5.7654051780700684,0,0,0,0
80,330,699960,-6.8357334136962891,0.00014570713392458856,0.007270673755556345,59.32550048828125,36.200607299804688,0.094679117202758789,46.197471618652344,13.624622344970703,0.00030358394724316895,0.0099361147731542587,1.701174259185791,1.0327945947647095,0.80178248882293701,1.0656825304031372,0.94194602966308594,5.7654051780700684,0,0,0,0
80,345,700320,-8.5529727935791016,0.003134832950308919,0.015756156295537949,59.497909545898438,36.211238861083984,0.34328430891036987,41.033798217773438,17.358564376831055,0.00030197168234735727,0.036723557859659195,1.2439703941345215,1.0343636274337769,0.80178248882293701,1.0656825304031372,0.94194602966308594,5.7654051780700684,0,0,0,0
80,360,700680,-10.92112922668457,0.0093208262696862221,0.056379411369562149,59.489025115966797,36.153636932373047,1.280861496925354,36.124042510986328,20.51970100402832,0.00030031907954253256,0.10538656264543533,-0.75457435846328735,1.09354567527771,0.82781130075454712,0.99878144264221191,0.98859667778015137,2.2405471801757812,0,0,0,0
80,365,700800,-11.091708183288574,0.0092217009514570236,0.062545299530029297,59.479423522949219,36.1328125,1.5330905914306641,34.616035461425781,21.386123657226562,0.00029978540260344744,0.12427548319101334,-1.1649539470672607,1.1111873388290405,0.83263146877288818,0.9863923192024231,0.99723565578460693,1.5877957344055176,0,0,0,0
81,15,701160,-10.005293846130371,0.010871567763388157,0.11327289044857025,59.451065063476562,36.070125579833984,2.2951529026031494,30.458112716674805,23.480422973632812,0.00029823105433024466,0.13111251592636108,-1.0353026390075684,1.1058864593505859,0.82596808671951294,1.0035190582275391,0.98529309034347534,2.4901595115661621,0,0,0,0
81,30,701520,-8.2764806747436523,0.0086786495521664619,0.21197648346424103,59.451999664306641,36.007270812988281,3.4062354564666748,26.803018569946289,24.912265777587891,0.0002967418113257736,0.1507597416639328,-1.4157501459121704,1.1220955848693848,0.83263146877288818,0.9863923192024231,0.99723565578460693,1.5877959728240967,0,0,0,0
81,45,701880,-5.461298942565918,0.0080194855108857155,0.010982883162796497,59.900989532470703,36.012958526611328,4.3828530311584473,23.929347991943359,25.468856811523438,0.00029447302222251892,0.14804433286190033,-1.3192102909088135,1.1049402952194214,0.83263146877288818,0.9863923192024231,0.99723565578460693,1.5877959728240967,0,0,0,0
81,60,702240,-1.8571013212203979,0.0068438323214650154,0.041516046971082687,60.140457153320312,35.992282867431641,4.7077846527099609,22.68541145324707,24.417840957641602,0.00028676690999418497,0.11649728566408157,-1.1696679592132568,1.0783662796020508,0.83263146877288818,0.9863923192024231,0.99723565578460693,1.5877959728240967,0,0,0,0
81,75,702600,2.341484546661377,0.0022563047241419554,0.24148030579090118,60.577220916748047,36.205574035644531,1.1269820928573608,22.659826278686523,22.38609504699707,0.00028634467162191868,0.069756552577018738,-0.99551767110824585,1.0474194288253784,0.83263146877288818,0.9863923192024231,0.99723565578460693,1.5877959728240967,0,0,0,0
81,90,702960,7.663421630859375,0.00028519579791463912,0.014253793284296989,60.403430938720703,36.245704650878906,0,24.188070297241211,20.474775314331055,0.00028914265567436814,0.028649415820837021,-0.82515305280685425,1.0171453952789307,0.83263146877288818,0.9863923192024231,0.99723565578460693,1.5877959728240967,0,0,0,0
81,105,703320,12.038838386535645,0.00056935218162834644,0.032884072512388229,60.188102722167969,36.181961059570312,0,28.060871124267578,18.733392715454102,0.00029187969630584121,0.0050738421268761158,-0.68696856498718262,0.99258977174758911,0.83263146877288818,0.9863923192024231,0.99723565578460693,1.5877959728240967,0,0,0,0
81,120,703680,16.075910568237305,8.3297031494566909E-08,0.0010183572303503752,59.797649383544922,36.110130310058594,0,32.621929168701172,17.150117874145508,0.00029454068862833083,6.2214356148615479E-05,-0.60935801267623901,0.97879815101623535,0.83263146877288818,0.9863923192024231,0.99723565578460693,1.5877959728240967,0,0,0,0
81,135,704040,19.366630554199219,0,0.00074011727701872587,59.267215728759766,36.03314208984375,0,36.206336975097656,16.024444580078125,0.00029713413096033037,4.5718834940089437E-07,-0.57960367202758789,0.98814421892166138,0.83263146877288818,0.9863923192024231,0.99723565578460693,1.5877959728240967,0,0,0,0
81,150,704400,21.776744842529297,0,0.00062225625151768327,58.635440826416016,35.961002349853516,0,37.795803070068359,15.812583923339844,0.00029968310263939202,2.8725268830243067E-09,-0.46297675371170044,1.0448848009109497,0.83263146877288818,0.9863923192024231,0.99723565578460693,1.5877959728240967,0,0,0,0
81,165,704760,23.082796096801758,0.00025193789042532444,0.0049043633043766022,57.95318603515625,35.893733978271484,0,38.500926971435547,16.056493759155273,0.00030220861663110554,1.1014906868556107E-11,-0.28304201364517212,1.1324255466461182,0.83263146877288818,0.9863923192024231,0.99723565578460693,1.5877959728240967,0,0,0,0
81,180,705120,23.097223281860352,0,0.00034143755328841507,57.289691925048828,35.828453063964844,0,39.233497619628906,16.333690643310547,0.00030471495119854808,2.5848689304990881E-14,-0.082004666328430176,1.2302329540252686,0.83263146877288818,0.9863923192024231,0.99723565578460693,1.5877959728240967,0,0,0,0
81,195,705480,21.907608032226562,0,0.00023041792155709118,56.846302032470703,35.764076232910156,0,40.411788940429688,16.440313339233398,0.00030718874768353999,5.0537109067184558E-17,0.097930014133453369,1.317773699760437,0.83263146877288818,0.9863923192024231,0.99723565578460693,1.5877959728240967,0,0,0,0
81,210,705840,19.529071807861328,5.3695412560728073E-09,0.00027444347506389022,56.681468963623047,35.700443267822266,0,42.875339508056641,16.044399261474609,0.00030959935975261033,1.2300321757740425E-19,0.21455705165863037,1.374514102935791,0.83263146877288818,0.9863923192024231,0.99723565578460693,1.5877959728240967,0,0,0,0
81,225,706200,16.16541862487793,0.0012371806660667062,0.0060962717980146408,56.889236450195312,35.643337249755859,0,47.298664093017578,14.942290306091309,0.00031191232847049832,2.1923719355314755E-22,0.23503786325454712,1.3809586763381958,0.83263146877288818,0.9863923192024231,0.99723565578460693,1.5877959728240967,0,0,0,0
81,240,706560,12.241246223449707,0.00029966735746711493,0.00025112731964327395,57.389995574951172,35.618255615234375,0,51.998508453369141,13.718152046203613,0.00031411153031513095,2.0193848167145718E-25,0.21978062391281128,1.3388943672180176,0.83263146877288818,0.9863923192024231,0.99723565578460693,1.5877959728240967,0,0,0,0
81,255,706920,8.0876588821411133,0.00028371624648571014,0.00063432811293751001,57.954219818115234,35.659786224365234,0,55.764781951904297,12.602670669555664,0.00031620796653442085,1.6454089794493776E-28,0.19360941648483276,1.2667402029037476,0.83263146877288818,0.9863923192024231,0.99723565578460693,1.5877959728240967,0,0,0,0
81,270,707280,3.099440336227417,0.00023787390091456473,0.0027270130813121796,58.496166229248047,35.793201446533203,0,57.660861968994141,11.584087371826172,0.00031822914024814963,4.4056811217265334E-32,0.16320621967315674,1.1829186677932739,0.83263146877288818,0.9863923192024231,0.99723565578460693,1.5877959728240967,0,0,0,0
81,285,707640,-0.76410979032516479,0.0014090407639741898,0.0070504355244338512,58.851699829101562,35.942153930664062,2.5635896236053668E-05,57.888107299804688,10.651086807250977,0.00032021303195506334,1.1729818787276917E-36,0.13525313138961792,1.1058518886566162,0.83263146877288818,0.9863923192024231,0.99723565578460693,1.5877959728240967,0,0,0,0
81,300,708000,-4.1643257141113281,9.4310431450139731E-05,0.0041025932878255844,59.155353546142578,36.071186065673828,9.84873349807458E-06,56.939579010009766,10.631027221679688,0.00031347997719421983,0.20003217458724976,0.1164320707321167,1.0539623498916626,0.92863798141479492,0.9863923192024231,0.99723565578460693,1.5877959728240967,0,0,0,1
81,315,708360,-6.9110274314880371,0.00011536419333424419,0.0072556706145405769,59.420612335205078,36.165836334228516,0.088669463992118835,52.803108215332031,13.66126537322998,0.00030510590295307338,0.018999610096216202,0.092523753643035889,1.0435160398483276,0.83263146877288818,0.9863923192024231,0.99723565578460693,1.5877959728240967,0,0,0,0
81,330,708720,-9.0847082138061523,0.0045172441750764847,0.035267185419797897,59.59454345703125,36.199649810791016,0.34147229790687561,46.883346557617188,18.115806579589844,0.00030340635566972196,0.038269557058811188,-0.15943077206611633,1.057075023651123,0.83263146877288818,0.9863923192024231,0.99723565578460693,1.5877959728240967,0,0,0,0
81,345,709080,-10.520859718322754,0.0093577811494469643,0.072751179337501526,59.574085235595703,36.144355773925781,0.89249181747436523,41.269279479980469,21.884153366088867,0.00030166952637955546,0.075685136020183563,-0.58486199378967285,1.0799696445465088,0.83263146877288818,0.9863923192024231,0.99723565578460693,1.5877959728240967,0,0,0,0
81,360,709440,-5.4624052047729492,0.00084007263649255037,0.0067579085007309914,59.647758483886719,36.087917327880859,1.1770341396331787,36.445236206054688,24.570159912109375,0.00030006174347363412,0.098802432417869568,4.38189697265625,1.0132292509078979,0.8173142671585083,1.0074485540390015,1.0929903984069824,2.4769017696380615,0,0,0,0
81,365,709560,-4.6128520965576172,0.0009755697101354599,0.0071036466397345066,59.70147705078125,36.085186004638672,1.2526824474334717,35.367382049560547,24.893583297729492,0.00029783733771182597,0.10393443703651428,5.328829288482666,0.99816471338272095,0.81447774171829224,1.0113478899002075,1.1107227802276611,2.6415510177612305,0,0,0,0
82,15,709920,-4.802070140838623,0.0083419084548950195,0.0081205284222960472,60.148548126220703,36.156185150146484,1.9694327116012573,31.336389541625977,26.566045761108398,0.00029592387727461755,0.14048439264297485,3.7862582206726074,1.0282156467437744,0.81839895248413086,1.0059574842453003,1.0862095355987549,2.4139399528503418,0,0,0,0
82,30,710280,-1.7592953443527222,0.0016519653145223856,0.035573139786720276,60.60540771484375,36.137615203857422,1.4414647817611694,29.905532836914062,25.598808288574219,0.00028832591488026083,0.26479876041412354,5.1937618255615234,0.99968105554580688,0.81447774171829224,1.0113478899002075,1.1107227802276611,2.6415510177612305,0,0,0,0
82,45,710640,0.9162861704826355,0.00054286111844703555,0.054622739553451538,60.892852783203125,36.117954254150391,0.1233619749546051,29.693744659423828,23.56825065612793,0.00028452239348553121,0.1176968514919281,5.1129837036132812,0.9894682765007019,0.81447774171829224,1.0113478899002075,1.1107227802276611,2.6415510177612305,0,0,0,0
82,60,711000,4.2458362579345703,6.1984508647583425E-05,0.012424664571881294,60.865421295166016,36.082035064697266,0,29.90089225769043,21.558567047119141,0.00028726624441333115,0.089908838272094727,4.987856388092041,0.97364848852157593,0.81447774171829224,1.0113478899002075,1.1107227802276611,2.6415510177612305,0,0,0,0
82,75,711360,6.4452219009399414,7.7181204687803984E-05,0.016100695356726646,60.766498565673828,36.046699523925781,0,31.358972549438477,19.723146438598633,0.00028997877961955965,0.054120112210512161,3.8746984004974365,0.95522540807723999,0.81447774171829224,1.0113478899002075,1.1107227802276611,2.6415510177612305,0,0,0,0
82,90,711720,13.125655174255371,0.00080762256402522326,0.0044951308518648148,61.039955139160156,36.066150665283203,0,33.443305969238281,18.046215057373047,0.00029263572650961578,0.017723867669701576,4.528928279876709,0.93720293045043945,0.81447774171829224,1.0113478899002075,1.1107227802276611,2.6415510177612305,0,0,0,0
82,105,712080,17.244577407836914,0,0.00086158508202061057,60.642604827880859,36.008827209472656,0,37.800937652587891,16.519668579101562,0.00029522849945351481,0.0017982856370508671,4.5839653015136719,0.92258459329605103,0.81447774171829224,1.0113478899002075,1.1107227802276611,2.6415510177612305,0,0,0,0
82,120,712440,21.093460083007812,0,0.00066443224204704165,60.099021911621094,35.95294189453125,0,41.411594390869141,15.47496509552002,0.0002977514814119786,1.4770847883482929E-05,4.5190258026123047,0.91437435150146484,0.81447774171829224,1.0113478899002075,1.1107227802276611,2.6415510177612305,0,0,0,0
82,135,712800,24.415700912475586,0,0.00053602940170094371,59.436038970947266,35.897789001464844,0,42.355430603027344,15.636692047119141,0.00030023365980014205,1.0629262447992005E-07,4.5765819549560547,0.91818839311599731,0.81447774171829224,1.0113478899002075,1.1107227802276611,2.6415510177612305,0,0,0,0
82,150,713160,27.089153289794922,0,0.00044983671978116035,58.703010559082031,35.843231201171875,0,42.420604705810547,16.293567657470703,0.00030270274146459997,6.0469118601247374E-10,4.9154791831970215,0.94270420074462891,0.81447774171829224,1.0113478899002075,1.1107227802276611,2.6415510177612305,0,0,0,0
82,165,713520,28.818719863891602,0,0.00023373586009256542,57.938079833984375,35.7890625,0,41.977382659912109,17.248245239257812,0.00030516405240632594,2.196853593136594E-12,5.4383368492126465,0.98052775859832764,0.81447774171829224,1.0113478899002075,1.1107227802276611,2.6415510177612305,0,0,0,0
82,180,713880,29.3841552734375,0,7.3332084866706282E-05,57.183162689208984,35.73480224609375,0,41.137042999267578,18.335817337036133,0.00030762376263737679,5.4297780769480778E-15,6.0225152969360352,1.0227872133255005,0.81447774171829224,1.0113478899002075,1.1107227802276611,2.6415510177612305,0,0,0,0
82,195,714240,28.910139083862305,0,6.5074622398242354E-05,56.470230102539062,35.680580139160156,0,40.486053466796875,19.22364616394043,0.00031008248333819211,1.1577793916637287E-17,6.6438322067260742,1.0606107711791992,0.81447774171829224,1.0113478899002075,1.1107227802276611,2.6415510177612305,0,0,0,0
82,210,714600,29.64332389831543,0,5.7558256230549887E-05,55.823001861572266,35.626338958740234,0,39.340038299560547,20.196996688842773,0.00031253870110958815,1.9065251345795718E-20,10.195931434631348,1.085126519203186,0.81447774171829224,1.0113478899002075,1.1107227802276611,2.6415510177612305,1,0,0,0
82,225,714960,23.338964462280273,2.429722371743992E-06,0.00011627306957961991,55.528228759765625,35.572368621826172,0,40.237552642822266,20.124971389770508,0.00031498316093347967,3.8053592994248613E-23,6.9349889755249023,1.0883971452713013,0.81447774171829224,1.0113478899002075,1.1107227802276611,2.6415510177612305,0,0,0,0
82,240,715320,19.290489196777344,0.00012774989590980113,8.6240404925774783E-05,55.432453155517578,35.518886566162109,0,44.091667175292969,19.000551223754883,0.00031736685195937753,3.6978582163381929E-26,6.8040895462036133,1.075007438659668,0.81447774171829224,1.0113478899002075,1.1107227802276611,2.6415510177612305,0,0,0,0
82,255,715680,14.876968383789062,0.00015322696708608419,0.00012755705392919481,55.531570434570312,35.473796844482422,0,49.071617126464844,17.423519134521484,0.00031963991932570934,3.6850469712741403E-29,6.579554557800293,1.0520397424697876,0.81447774171829224,1.0113478899002075,1.1107227802276611,2.6415510177612305,0,0,0,0
82,270,716040,9.5767316818237305,0.00015362507838290185,0.00029311157413758337,55.796470642089844,35.448108673095703,0,53.077003479003906,15.983058929443359,0.00032180189737118781,1.2371340419699435E-32,6.3187112808227539,1.0253580808639526,0.81447774171829224,1.0113478899002075,1.1107227802276611,2.6415510177612305,0,0,0,0
82,285,716400,5.4257335662841797,0.00012718657671939582,0.00091902073472738266,56.053726196289062,35.439655303955078,0,55.412502288818359,14.672097206115723,0.00032387496321462095,5.1151905007872178E-37,6.0788888931274414,1.0008265972137451,0.81447774171829224,1.0113478899002075,1.1107227802276611,2.6415510177612305,0,0,0,0
82,300,716760,1.8330727815628052,9.2866910563316196E-05,0.0019038040190935135,56.296176910400391,35.442378997802734,0,55.983913421630859,13.476081848144531,0.00032590123009867966,3.984618217600655E-07,5.917414665222168,0.98430931568145752,0.81447774171829224,1.0113478899002075,1.1107227802276611,2.6415510177612305,0,0,0,0
82,315,717120,-0.97655099630355835,6.2494676967617124E-05,0.002525480929762125,56.480804443359375,35.441616058349609,2.344176266433351E-07,55.914676666259766,12.400698661804199,0.00032642233418300748,0.0024634832516312599,5.8730611801147461,0.98091679811477661,0.81447774171829224,1.0113478899002075,1.1107227802276611,2.6415510177612305,0,0,0,0
82,330,717480,-3.05975341796875,4.5913020585430786E-05,0.0032403224613517523,56.653724670410156,35.432533264160156,1.5712501408415847E-05,54.943161010742188,12.243068695068359,0.00031814209069125354,0.01887788251042366,5.7640161514282227,0.98437261581420898,0.81447774171829224,1.0113478899002075,1.1107227802276611,2.6415510177612305,0,0,0,0
82,345,717840,-4.3617691993713379,5.781025902251713E-05,0.004398855846375227,56.830837249755859,35.414791107177734,0.061510160565376282,52.277374267578125,13.716472625732422,0.00030923698795959353,0.053497146815061569,5.5798912048339844,0.9902079701423645,0.81447774171829224,1.0113478899002075,1.1107227802276611,2.6415510177612305,0,0,0,0
82,360,718200,-8.5635461807250977,0.0025137115735560656,0.005270129069685936,57.431533813476562,35.432621002197266,0.33923959732055664,47.593421936035156,17.002826690673828,0.00030341962701641023,0.12775406241416931,1.5287308692932129,0.84868240356445312,0.84262233972549438,1.0500963926315308,0.96312952041625977,-3.8722867965698242,0,0,0,0
82,365,718320,-8.7628660202026367,0.0027931972872465849,0.014134748838841915,57.453895568847656,35.431098937988281,0.41763597726821899,45.631332397460938,18.420915603637695,0.00030284980311989784,0.15295577049255371,0.83643341064453125,0.82507491111755371,0.84783428907394409,1.0572720766067505,0.93579739332199097,-5.0785531997680664,0,0,0,0
83,15,718680,-6.6958422660827637,0.0013486433308571577,0.0038583471905440092,57.649410247802734,35.385078430175781,0.76845157146453857,41.470722198486328,20.774738311767578,0.00029668060597032309,0.15564195811748505,1.8164446353912354,0.8689037561416626,0.84062927961349487,1.0473524332046509,0.97358131408691406,-3.4110107421875,0,0,0,0
83,30,719040,-5.0990071296691895,0.0017186306649819016,0.0040746442973613739,57.818595886230469,35.335781097412109,1.2183401584625244,37.463386535644531,22.776050567626953,0.00029359187465161085,0.17573611438274384,0.85045558214187622,0.8298410177230835,0.84783428907394409,1.0572720766067505,0.93579739332199097,-5.0785531997680664,0,0,0,0
83,45,719400,-2.256289005279541,0.0016917990287765861,0.0150491613894701,58.023101806640625,35.290122985839844,1.3652195930480957,35.440879821777344,22.700700759887695,0.00028571605798788369,0.15131795406341553,0.70419883728027344,0.81566929817199707,0.84783428907394409,1.0572720766067505,0.93579739332199097,-5.0785531997680664,0,0,0,0
83,60,719760,1.1749265193939209,0.00057167070917785168,0.077703088521957397,58.294834136962891,35.256484985351562,0.19207099080085754,35.163181304931641,20.988525390625,0.0002826322743203491,0.10565833002328873,0.4776441752910614,0.79371708631515503,0.84783428907394409,1.0572720766067505,0.93579739332199097,-5.0785531997680664,0,0,0,0
83,75,720120,4.968017578125,0.0027840645052492619,0.022097097709774971,58.195770263671875,35.216705322265625,0,35.77716064453125,19.213926315307617,0.00028540333732962608,0.057771645486354828,0.21380847692489624,0.76815247535705566,0.84783428907394409,1.0572720766067505,0.93579739332199097,-5.0785531997680664,0,0,0,0
83,90,720480,9.8114986419677734,1.8994589368048764E-07,0.00072192557854577899,57.932331085205078,35.174304962158203,0,38.681632995605469,17.595293045043945,0.00028813112294301391,0.54640728235244751,-0.044291794300079346,0.74314367771148682,0.84783428907394409,1.0572720766067505,0.93579739332199097,-5.0785531997680664,0,0,0,0
83,105,720840,13.763650894165039,3.8730942897302612E-09,0.00022422765323426574,57.498073577880859,35.123531341552734,0,43.56439208984375,16.123020172119141,0.00029078521765768528,0.0056500299833714962,-0.2536395788192749,0.72285878658294678,0.84783428907394409,1.0572720766067505,0.93579739332199097,-5.0785531997680664,0,0,0,0
83,120,721200,17.349386215209961,0,9.7048563475254923E-05,56.894523620605469,35.072265625,0,48.695388793945312,14.812721252441406,0.00029335712315514684,4.2928451875923201E-05,-0.37121856212615967,0.71146583557128906,0.84783428907394409,1.0572720766067505,0.93579739332199097,-5.0785531997680664,0,0,0,0
83,135,721560,20.339427947998047,0,8.4885927208233625E-05,56.136337280273438,35.020973205566406,0,51.87872314453125,14.361413955688477,0.00029586188611574471,2.7954018833042937E-07,-0.3355553150177002,0.71429061889648438,0.84783428907394409,1.0572720766067505,0.93579739332199097,-5.0785531997680664,0,0,0,0
83,150,721920,22.525030136108398,0,7.9194956924766302E-05,55.278419494628906,34.969615936279297,0,52.741115570068359,15.026518821716309,0.00029833163716830313,1.3731187298304803E-09,-0.084822893142700195,0.73524570465087891,0.84783428907394409,1.0572720766067505,0.93579739332199097,-5.0785531997680664,0,0,0,0
83,165,722280,26.494663238525391,0,6.399583799066022E-05,54.393943786621094,34.918071746826172,0,52.875129699707031,16.04985237121582,0.00030079067801125348,4.7604598214789906E-12,2.3714661598205566,0.76757574081420898,0.84783428907394409,1.0572720766067505,0.93579739332199097,-5.0785531997680664,1,0,0,0
83,180,722640,23.659124374389648,0,8.7249332864303142E-05,53.611759185791016,34.866489410400391,0,51.862464904785156,17.617385864257812,0.00030325213447213173,1.2394922802440138E-14,0.97866100072860718,0.80369746685028076,0.84783428907394409,1.0572720766067505,0.93579739332199097,-5.0785531997680664,0,0,0,0
83,195,723000,22.327096939086914,0,8.8037493696901947E-05,53.033729553222656,34.814662933349609,0,52.492576599121094,18.214508056640625,0.00030570360831916332,1.8562407747361546E-17,1.1210516691207886,0.83602744340896606,0.84783428907394409,1.0572720766067505,0.93579739332199097,-5.0785531997680664,0,0,0,0
83,210,723360,19.840158462524414,2.4474067572555214E-07,8.7970976892393082E-05,52.660602569580078,34.762687683105469,0,54.400356292724609,18.179819107055664,0.00030811203760094941,1.4151123191808766E-20,1.3717840909957886,0.85698258876800537,0.84783428907394409,1.0572720766067505,0.93579739332199097,-5.0785531997680664,0,0,0,0
83,225,723720,16.301342010498047,6.4144214775296859E-06,0.00010766868945211172,52.552577972412109,34.716205596923828,0,58.732952117919922,17.099246978759766,0.00031043111812323332,1.4604658410343345E-23,1.4092050790786743,0.86003470420837402,0.84783428907394409,1.0572720766067505,0.93579739332199097,-5.0785531997680664,0,0,0,0
83,240,724080,12.109495162963867,0.00022426366922445595,0.00018654005543794483,52.676799774169922,34.683567047119141,0,63.697978973388672,15.730846405029297,0.00031263264827430248,1.3799326570133433E-26,1.3113481998443604,0.85111463069915771,0.84783428907394409,1.0572720766067505,0.93579739332199097,-5.0785531997680664,0,0,0,0
83,255,724440,7.683619499206543,0.00021850990015082061,0.00039683200884610415,53.219242095947266,34.669624328613281,0,67.604385375976562,14.489716529846191,0.00031473164563067257,1.0169921219585409E-29,1.1434913873672485,0.83581376075744629,0.84783428907394409,1.0572720766067505,0.93579739332199097,-5.0785531997680664,0,0,0,0
83,270,724800,2.4922678470611572,0.00020086397125851363,0.0011810139985755086,53.646675109863281,34.676464080810547,0,69.376411437988281,13.361207008361816,0.00031675261561758816,1.9125746755229638E-33,0.94849181175231934,0.81803858280181885,0.84783428907394409,1.0572720766067505,0.93579739332199097,-5.0785531997680664,0,0,0,0
83,285,725160,-1.4378973245620728,0.00015264992543961853,0.0034900326281785965,53.999603271484375,34.687541961669922,7.0802360596644576E-07,69.454048156738281,12.333992958068848,0.0003184537636116147,3.4022423989199524E-08,0.76920640468597412,0.80169588327407837,0.84783428907394409,1.0572720766067505,0.93579739332199097,-5.0785531997680664,0,0,0,0
83,300,725520,-4.747279167175293,0.0015226515242829919,0.0045218225568532944,54.313014984130859,34.695541381835938,0.0073247598484158516,67.741813659667969,12.903916358947754,0.00031027648947201669,0.0026590207125991583,0.64849233627319336,0.79069232940673828,0.84783428907394409,1.0572720766067505,0.93579739332199097,-5.0785531997680664,0,0,0,0
83,315,725880,-7.2237644195556641,7.248806650750339E-05,0.004713734146207571,54.596492767333984,34.693073272705078,0.011707862839102745,62.190059661865234,17.089004516601562,0.00030318862991407514,0.024231204763054848,0.6250375509262085,0.78882080316543579,0.84783428907394409,1.0572720766067505,0.93579739332199097,-5.0785531997680664,0,0,0,0
83,330,726240,-8.7770481109619141,0.0026632817462086678,0.026771053671836853,54.753070831298828,34.668792724609375,0.096735604107379913,55.105995178222656,22.356590270996094,0.00030147470533847809,0.061945389956235886,0.66739386320114136,0.79608482122421265,0.84783428907394409,1.0572720766067505,0.93579739332199097,-5.0785531997680664,0,0,0,0
83,345,726600,-9.3958044052124023,0.0043662097305059433,0.051945876330137253,54.760562896728516,34.613594055175781,0.43468776345252991,48.501144409179688,26.703975677490234,0.00029977434314787388,0.1062135249376297,0.73891359567642212,0.80835044384002686,0.84783428907394409,1.0572720766067505,0.93579739332199097,-5.0785531997680664,0,0,0,0
83,360,726960,-9.2368125915527344,0.0066932495683431625,0.028887216001749039,54.746761322021484,34.555877685546875,1.1163798570632935,42.667327880859375,29.938421249389648,0.00029817051836289465,1.052112340927124,0.61768364906311035,0.8967815637588501,1.3925096988677979,0.95299357175827026,1.0926436185836792,-6.4007606506347656,0,0,0,0
83,365,727080,-8.870305061340332,0.010574775747954845,0.024698352441191673,54.742221832275391,34.536655426025391,1.566426157951355,40.883644104003906,30.795669555664062,0.00029765511862933636,1.395733118057251,0.66805106401443481,0.90434068441390991,1.4933755397796631,0.93368273973464966,1.1216892004013062,-6.6456136703491211,0,0,0,0
84,15,727440,-7.2532176971435547,0.0062478422187268734,0.012021920643746853,54.809616088867188,34.480300903320312,2.0202732086181641,36.045639038085938,32.726810455322266,0.00029616488609462976,1.0428260564804077,0.84563589096069336,0.87903445959091187,1.3539385795593262,0.96037805080413818,1.0815365314483643,-6.3071284294128418,0,0,0,0
84,30,727800,-4.9504642486572266,0.008885284885764122,0.0045491880737245083,55.254489898681641,34.438346862792969,2.7832677364349365,32.462932586669922,33.282600402832031,0.00029274349799379706,1.5248277187347412,0.82575732469558716,0.89000952243804932,1.4933755397796631,0.93368273973464966,1.1216892004013062,-6.6456136703491211,0,0,0,0
84,45,728160,-2.0358479022979736,0.020481593906879425,0.09154742956161499,55.878528594970703,34.418537139892578,2.9022436141967773,30.770784378051758,31.980913162231445,0.00028509978437796235,1.4586156606674194,0.71514362096786499,0.88577896356582642,1.4933755397796631,0.93368273973464966,1.1216892004013062,-6.6456136703491211,0,0,0,0
84,60,728520,1.491269588470459,0.0012944327900186181,0.068983733654022217,57.346042633056641,34.739887237548828,0.14270478487014771,30.550987243652344,29.415500640869141,0.00028268835740163922,1.3259875774383545,0.54380083084106445,0.87922561168670654,1.4933755397796631,0.93368273973464966,1.1216892004013062,-6.6456136703491211,0,0,0,0
84,75,728880,5.3258709907531738,7.3874020017683506E-05,0.010331081226468086,57.294143676757812,34.879299163818359,0,31.165517807006836,26.916536331176758,0.00028552644653245807,1.1698424816131592,0.34426236152648926,0.87159401178359985,1.4933755397796631,0.93368273973464966,1.1216892004013062,-6.6456136703491211,0,0,0,0
84,90,729240,10.252263069152832,0.0036504219751805067,0.01595025509595871,57.113063812255859,34.866363525390625,0,33.875514984130859,24.637355804443359,0.00028832093812525272,0.98671180009841919,0.14906167984008789,0.8641282320022583,1.4933755397796631,0.93368273973464966,1.1216892004013062,-6.6456136703491211,0,0,0,0
84,105,729600,14.232479095458984,3.9149659869508469E-07,0.00082269747508689761,56.780685424804688,34.826900482177734,0,38.293849945068359,22.562423706054688,0.00029104590066708624,0.7873612642288208,-0.0092676877975463867,0.85807269811630249,1.4933755397796631,0.93368273973464966,1.1216892004013062,-6.6456136703491211,0,0,0,0
84,120,729960,17.797334671020508,3.1216185192306511E-08,0.00072131224442273378,56.279342651367188,34.779743194580078,0,42.932346343994141,20.712039947509766,0.00029369309777393937,0.58917480707168579,-0.098192453384399414,0.85467171669006348,1.4933755397796631,0.93368273973464966,1.1216892004013062,-6.6456136703491211,0,0,0,0
84,135,730320,20.716081619262695,0,0.00046139335609041154,55.625236511230469,34.732551574707031,0,45.709804534912109,19.740415573120117,0.00029627530602738261,0.41296127438545227,-0.074275791645050049,0.85318601131439209,1.4933755397796631,0.93368273973464966,1.1216892004013062,-6.6456136703491211,0,0,0,0
84,150,730680,22.780805587768555,0,0.00029817191534675658,54.8768310546875,34.685276031494141,0,46.472854614257812,19.78416633605957,0.00029882424860261381,0.27659642696380615,0.099177777767181396,0.84711301326751709,1.4933755397796631,0.93368273973464966,1.1216892004013062,-6.6456136703491211,0,0,0,0
84,165,731040,23.766286849975586,0,0.00013231506454758346,54.085018157958984,34.637870788574219,0,46.673942565917969,20.152294158935547,0.00030135922133922577,0.18142284452915192,0.36678594350814819,0.83774340152740479,1.4933755397796631,0.93368273973464966,1.1216892004013062,-6.6456136703491211,0,0,0,0
84,180,731400,23.500438690185547,0,6.3946004956960678E-05,53.413211822509766,34.590694427490234,0,46.928428649902344,20.516363143920898,0.00030388653976842761,0.056236803531646729,0.6657789945602417,0.82727479934692383,1.7485783100128174,0.93368273973464966,1.1216892004013062,-6.6456136703491211,0,0,0,1
84,195,731760,22.215749740600586,0,6.1616541643161327E-05,52.722919464111328,34.543033599853516,0,47.491992950439453,20.719411849975586,0.00030640276963822544,0.094699352979660034,0.9608149528503418,0.8179052472114563,1.4933755397796631,0.93368273973464966,1.1216892004013062,-6.6456136703491211,0,0,0,0
84,210,732120,23.113805770874023,0,5.3100535296835005E-05,52.00341796875,34.495319366455078,0,47.513587951660156,21.127708435058594,0.00030890587368048728,0.10613463819026947,5.3271121978759766,0.81183212995529175,1.4933755397796631,0.93368273973464966,1.1216892004013062,-6.6456136703491211,1,0,0,0
84,225,732480,15.823640823364258,2.6211450858681928E-06,6.8407651269808412E-05,51.823192596435547,34.447612762451172,0,51.546798706054688,19.835981369018555,0.00031136473990045488,0.14809629321098328,1.123079776763916,0.81263905763626099,1.4933755397796631,0.93368273973464966,1.1216892004013062,-6.6456136703491211,0,0,0,0
84,240,732840,11.535440444946289,7.9659766925033182E-05,7.6120632002130151E-05,51.615615844726562,34.400611877441406,0,56.420711517333984,18.235525131225586,0.00031372366356663406,0.220071941614151,0.96042406558990479,0.83187150955200195,1.4933755397796631,0.93368273973464966,1.1216892004013062,-6.6456136703491211,0,0,0,0
84,255,733200,6.9407100677490234,0.0011292356066405773,0.06762222945690155,51.728534698486328,34.357044219970703,0,60.165336608886719,16.786348342895508,0.00031598782516084611,0.33401316404342651,0.68141591548919678,0.86486136913299561,1.4933755397796631,0.93368273973464966,3.3389625549316406,-6.6456136703491211,0,0,1,0
84,270,733560,1.6086443662643433,9.4427123258356005E-05,0.00050071853911504149,51.928600311279297,34.319736480712891,0,61.621383666992188,15.46981143951416,0.00031818225397728384,0.48870903253555298,0.35729169845581055,0.90318578481674194,1.4933755397796631,0.93368273973464966,1.1216892004013062,-6.6456136703491211,0,0,0,0
84,285,733920,-2.4532895088195801,7.8371645940933377E-05,0.0020142749417573214,52.171688079833984,34.286125183105469,2.9536590773204807E-06,61.5142822265625,14.331719398498535,0.00031797689734958112,0.6665002703666687,0.059287309646606445,0.93842178583145142,1.4933755397796631,0.93368273973464966,1.1216892004013062,-6.6456136703491211,0,0,0,0
84,300,734280,-5.8145027160644531,0.004552887286990881,0.0050430451519787312,52.484840393066406,34.253902435302734,0.092017568647861481,58.983200073242188,15.513405799865723,0.00030940875876694918,0.85621798038482666,-0.14136099815368652,0.96214646100997925,1.4933755397796631,0.93368273973464966,1.1216892004013062,-6.6456136703491211,0,0,0,0
84,315,734640,-8.227360725402832,0.00070380256511271,0.0085930321365594864,52.872299194335938,34.221828460693359,0.18610794842243195,53.147537231445312,19.737825393676758,0.00030524074099957943,1.0539951324462891,-0.17266786098480225,0.96643370389938354,1.4933755397796631,0.93368273973464966,1.1216892004013062,-6.6456136703491211,0,0,0,0
84,330,735000,-9.5710849761962891,0.0077889100648462772,0.060221701860427856,52.921531677246094,34.179603576660156,0.78169327974319458,46.809185028076172,24.059019088745117,0.0003036007983610034,1.2147841453552246,-0.0042171478271484375,0.95399242639541626,1.4933755397796631,0.93368273973464966,1.1216892004013062,-6.6456136703491211,0,0,0,0
84,345,735360,-9.8919916152954102,0.018269654363393784,0.026562267914414406,52.900936126708984,34.131080627441406,1.582891583442688,41.157093048095703,27.349296569824219,0.00030205474467948079,1.3695244789123535,0.28021574020385742,0.93298512697219849,1.4933755397796631,0.93368273973464966,1.1216892004013062,-6.6456136703491211,0,0,0,0
84,360,735720,-8.8515920639038086,0.0071708085015416145,0.019174735993146896,52.880771636962891,34.082427978515625,2.7135756015777588,36.187191009521484,29.70355224609375,0.00030059236451052129,0.52172589302062988,1.1515510082244873,1.537868857383728,0.95963996648788452,1.158414363861084,1.1766074895858765,-3.4250226020812988,0,0,0,0
84,365,735840,-8.57208251953125,0.0082057798281311989,0.020373526960611343,52.874809265136719,34.066188812255859,3.5220406055450439,34.671783447265625,30.303569793701172,0.00030012166826054454,0.26842769980430603,1.2390170097351074,1.6591432094573975,0.86080002784729004,1.2000312805175781,1.1867775917053223,-2.8286168575286865,0,0,0,0
85,15,736200,-7.3115139007568359,0.010816917754709721,0.014675642363727093,52.926090240478516,34.017555236816406,4.6963300704956055,30.553411483764648,31.584239959716797,0.00029875917243771255,0.65920984745025635,1.1244673728942871,1.5012390613555908,0.99743634462356567,1.1424999237060547,1.1727185249328613,-3.6530883312225342,0,0,0,0
85,30,736560,-5.1740512847900391,0.025000749155879021,0.0045566270127892494,53.415309906005859,33.973075866699219,6.5212540626525879,27.432544708251953,31.790658950805664,0.00029597675893455744,1.5144485235214233,1.2063283920288086,1.6696542501449585,1.1424012184143066,1.2000312805175781,1.1867775917053223,-2.8286168575286865,0,0,0,1
85,45,736920,-2.2370731830596924,0.015539068728685379,0.066474385559558868,53.983840942382812,33.951004028320312,7.6867380142211914,25.869331359863281,30.491863250732422,0.00028824969194829464,0.19434742629528046,1.2307331562042236,1.6685211658477783,0.86080002784729004,1.2000312805175781,1.1867775917053223,-2.8286168575286865,0,0,0,0
85,60,737280,1.423532247543335,0.0074293883517384529,0.4237363338470459,55.545391082763672,34.526943206787109,2.3474085330963135,25.641925811767578,28.054653167724609,0.00028566908440552652,0.14100559055805206,1.2685368061065674,1.6667661666870117,0.86080002784729004,1.2000312805175781,1.1867775917053223,-2.8286168575286865,0,0,0,0
85,75,737640,5.5220036506652832,0.0034910694230347872,0.062864534556865692,55.330074310302734,35.139572143554688,0,26.26612663269043,25.671476364135742,0.00028860574821010232,0.090890981256961823,1.3125612735748291,1.6647223234176636,0.86080002784729004,1.2000312805175781,1.1867775917053223,-2.8286168575286865,0,0,0,0
85,90,738000,10.637805938720703,0.0021346912253648043,0.036592844873666763,55.216014862060547,35.207565307617188,0,28.981863021850586,23.49921989440918,0.0002914969518315047,0.03795049712061882,1.3556286096572876,1.6627228260040283,0.86080002784729004,1.2000312805175781,1.1867775917053223,-2.8286168575286865,0,0,0,0
85,105,738360,14.801205635070801,0.085204645991325378,0.52798420190811157,55.066368103027344,35.220363616943359,0,33.189720153808594,21.522825241088867,0.00029431650182232261,0.0055783973075449467,1.3905609846115112,1.6611011028289795,0.86080002784729004,1.2000312805175781,5.5,-2.8286168575286865,0,0,1,0
85,120,738720,18.566535949707031,0.00059255497762933373,0.066694818437099457,54.758403778076172,35.289779663085938,0,37.505390167236328,19.790790557861328,0.00029705977067351341,0.69043934345245361,1.4101805686950684,1.6601901054382324,1.2218694686889648,1.2000312805175781,1.1867775917053223,-2.8286168575286865,0,0,0,1
85,135,739080,21.707309722900391,0,0.010743391700088978,54.265613555908203,35.258834838867188,0,39.87847900390625,18.945825576782227,0.00029974209610372782,0.0060424464754760265,1.4308123588562012,1.6571922302246094,0.86080002784729004,1.2000312805175781,1.1867775917053223,-2.8286168575286865,0,0,0,0
85,150,739440,23.922500610351562,0,0.0022476364392787218,53.668872833251953,35.186779022216797,0,40.488315582275391,18.961334228515625,0.00030239328043535352,4.2940526327583939E-05,1.5296967029571533,1.6418015956878662,0.86080002784729004,1.2000312805175781,1.1867775917053223,-2.8286168575286865,0,0,0,0
85,165,739800,24.961906433105469,0,0.00073223700746893883,53.031810760498047,35.105796813964844,0,40.783771514892578,19.204566955566406,0.00030502618756145239,3.0355838021023374E-07,1.6822574138641357,1.6180564165115356,0.86080002784729004,1.2000312805175781,1.1867775917053223,-2.8286168575286865,0,0,0,0
85,180,740160,24.631065368652344,0,0.00039079200359992683,52.513847351074219,35.023227691650391,0,41.19183349609375,19.434633255004883,0.00030763802351430058,2.0719073123842691E-09,1.852710485458374,1.5915263891220093,0.86080002784729004,1.2000312805175781,1.1867775917053223,-2.8286168575286865,0,0,0,0
85,195,740520,23.168731689453125,0,0.00025875624851323664,52.324672698974609,34.940666198730469,0,42.001853942871094,19.475662231445312,0.00031020850292406976,0.031557381153106689,2.0052714347839355,1.5677812099456787,0.86080002784729004,1.2000312805175781,1.1867775917053223,-2.8286168575286865,0,0,0,0
85,210,740880,20.644664764404297,2.1103577552139541E-08,0.00021319650113582611,52.510601043701172,34.858959197998047,0,43.930759429931641,19.042850494384766,0.0003127135569229722,0.00024438474792987108,2.1041555404663086,1.5523905754089355,0.86080002784729004,1.2000312805175781,1.1867775917053223,-2.8286168575286865,0,0,0,0
85,225,741240,17.176746368408203,4.020971118734451E-06,0.00029793227440677583,53.030139923095703,34.781520843505859,0,47.938880920410156,17.824501037597656,0.00031511770794168115,1.8250759694637964E-06,2.1140406131744385,1.5502200126647949,0.86080002784729004,1.2000312805175781,1.1867775917053223,-2.8286168575286865,0,0,0,0
85,240,741600,13.105351448059082,0.0010263650910928845,0.020142529159784317,53.752071380615234,34.723106384277344,0,52.526561737060547,16.391605377197266,0.0003173950535710901,1.3341919569143101E-08,2.0274868011474609,1.5574718713760376,0.86080002784729004,1.2000312805175781,1.1867775917053223,-2.8286168575286865,0,0,0,0
85,255,741960,8.7988557815551758,0.00029720767633989453,0.0099600637331604958,54.478775024414062,34.70074462890625,0,56.306354522705078,15.078130722045898,0.00031956029124557972,8.616510283054879E-11,1.8790186643600464,1.5699111223220825,0.86080002784729004,1.2000312805175781,1.1867775917053223,-2.8286168575286865,0,0,0,0
85,270,742320,3.6734039783477783,0.00024799557286314666,0.0059597194194793701,55.218441009521484,34.714328765869141,0,58.388618469238281,13.875821113586426,0.00032163818832486868,2.2395010379570174E-13,1.7065428495407104,1.5843617916107178,0.86080002784729004,1.2000312805175781,1.1867775917053223,-2.8286168575286865,0,0,0,0
85,285,742680,-0.25799360871315002,0.00018883806478697807,0.0069729690439999104,55.778579711914062,34.7386474609375,0,58.696395874023438,12.76998233795166,0.00032366515370085835,8.477427115849423E-08,1.5479661226272583,1.5976479053497314,0.86080002784729004,1.2000312805175781,1.1867775917053223,-2.8286168575286865,0,0,0,0
85,300,743040,-5.7725763320922852,0.0042766183614730835,0.013453557156026363,56.446102142333984,34.764514923095703,0.039162099361419678,57.992870330810547,12.332479476928711,0.00031830044463276863,0.0043266480788588524,0.37867021560668945,1.6065934896469116,0.86080002784729004,1.2000312805175781,1.1867775917053223,-2.8286168575286865,0,0,0,0
85,315,743400,-6.107295036315918,0.00043295248178765178,0.009049844928085804,57.606403350830078,34.887203216552734,0.60160064697265625,51.904991149902344,17.058420181274414,0.00031482431222684681,0.028152940794825554,1.414757251739502,1.6093586683273315,0.86080002784729004,1.2000312805175781,1.1867775917053223,-2.8286168575286865,0,0,0,0
85,330,743760,-7.8794441223144531,0.0016150318551808596,0.0089718000963330269,57.788978576660156,34.841205596923828,1.1336758136749268,46.547618865966797,20.684650421142578,0.00031247147126123309,0.072422608733177185,1.3795450925827026,1.6193337440490723,0.86080002784729004,1.2000312805175781,1.1867775917053223,-2.8286168575286865,0,0,0,0
85,345,744120,-8.7556161880493164,0.0064826854504644871,0.027644019573926926,57.859169006347656,34.784343719482422,2.0322532653808594,41.078273773193359,24.0947265625,0.00031069459510035813,0.12870216369628906,1.3200883865356445,1.6361769437789917,0.86080002784729004,1.2000312805175781,1.1867775917053223,-2.8286168575286865,0,0,0,0
85,360,744480,-8.5438966751098633,0.012977874837815762,0.028651546686887741,57.853481292724609,34.717105865478516,2.9813222885131836,36.174633026123047,26.666650772094727,0.00030900337151251733,0.16315396130084991,1.5462205410003662,0.95524799823760986,0.85778242349624634,1.0960983037948608,1.2249085903167725,1.5018765926361084,0,0,0,0
85,365,744600,-8.4225931167602539,0.0052287555299699306,0.028416689485311508,57.856868743896484,34.694770812988281,3.0568540096282959,34.677345275878906,27.340463638305664,0.00030845747096464038,0.16771860420703888,1.5445821285247803,0.81638938188552856,0.85722362995147705,1.076851487159729,1.2319698333740234,2.3038198947906494,0,0,0,0
86,15,744960,-7.4483437538146973,0.0070258565247058868,0.025836007669568062,57.958442687988281,34.630821228027344,4.2561235427856445,30.606136322021484,28.834268569946289,0.00030687105027027428,0.19655522704124451,1.387070894241333,0.9861912727355957,0.85799610614776611,1.1034582853317261,1.2222082614898682,1.1952135562896729,0,0,0,0
86,30,745320,-5.5415863990783691,0.0058030206710100174,0.010096132755279541,58.235309600830078,34.613792419433594,4.3192172050476074,27.413293838500977,29.360441207885742,0.00030489981872960925,0.20467656850814819,1.4568789005279541,0.79277783632278442,0.85722362995147705,1.076851487159729,1.2319698333740234,2.3038196563720703,0,0,0,0
86,45,745680,-2.6764638423919678,0.0051987394690513611,0.025443257763981819,58.368370056152344,34.621479034423828,4.3464655876159668,25.678926467895508,28.444442749023438,0.00029648473719134927,0.19120512902736664,1.5848680734634399,0.77511441707611084,0.85722362995147705,1.076851487159729,1.2319698333740234,2.3038196563720703,0,0,0,0
86,60,746040,1.035165548324585,0.0017700642347335815,0.23571875691413879,58.869968414306641,34.768596649169922,1.566425085067749,25.385503768920898,26.244400024414062,0.00029247617931105196,0.15135860443115234,1.7831258773803711,0.74775350093841553,0.85722362995147705,1.076851487159729,1.2319698333740234,2.3038196563720703,0,0,0,0
86,75,746400,5.3021163940429688,3.2797959192976123E-06,0.010301888920366764,58.721599578857422,34.842353820800781,0,25.955879211425781,24.00532341003418,0.00029524622368626297,0.1004156693816185,2.0140082836151123,0.71589010953903198,0.85722362995147705,1.076851487159729,1.2319698333740234,2.3038196563720703,0,0,0,0
86,90,746760,10.686540603637695,1.3602926856037811E-06,0.0075836754404008389,58.491844177246094,34.776241302490234,0,28.73199462890625,21.962484359741211,0.00029797368915751576,0.051721140742301941,2.2398715019226074,0.68471932411193848,0.85722362995147705,1.076851487159729,1.2319698333740234,2.3038196563720703,0,0,0,0
86,105,747120,15.116217613220215,0.00036271539283916354,0.0029844043310731649,58.14813232421875,34.705249786376953,0,33.123218536376953,20.102592468261719,0.00030063060694374144,0.013394346460700035,2.4230716228485107,0.65943640470504761,0.85722362995147705,1.076851487159729,1.2319698333740234,2.3038196563720703,0,0,0,0
86,120,747480,19.111297607421875,0,0.00061954982811585069,57.674961090087891,34.639072418212891,0,37.434726715087891,18.509494781494141,0.00030321261147037148,0.00040137217729352415,2.5259649753570557,0.64523643255233765,0.85722362995147705,1.076851487159729,1.2319698333740234,2.3038196563720703,0,0,0,0
86,135,747840,22.327831268310547,0,0.000465289136627689,57.083194732666016,34.574958801269531,0,39.431003570556641,17.927207946777344,0.00030573914409615099,2.9521738724724855E-06,2.5089201927185059,0.64701992273330688,0.85722362995147705,1.076851487159729,1.2319698333740234,2.3038196563720703,0,0,0,0
86,150,748200,24.487087249755859,0,0.00030990160303190351,56.416751861572266,34.512073516845703,0,39.925254821777344,18.085456848144531,0.0003082412586081773,2.0057621341607046E-08,2.3644866943359375,0.66394197940826416,0.85722362995147705,1.076851487159729,1.2319698333740234,2.3038196563720703,0,0,0,0
86,165,748560,25.44755744934082,0,0.00014765234664082527,55.71270751953125,34.450080871582031,0,40.2769775390625,18.405632019042969,0.00031072815181687474,9.2039494081763706E-11,2.1416516304016113,0.69004964828491211,0.85722362995147705,1.076851487159729,1.2319698333740234,2.3038196563720703,0,0,0,0
86,180,748920,25.161333084106445,0,9.3406182713806629E-05,55.000282287597656,34.389049530029297,0,40.659732818603516,18.751359939575195,0.00031320020207203925,2.8195891801918727E-13,1.8926825523376465,0.71921926736831665,0.85722362995147705,1.076851487159729,1.2319698333740234,2.3038196563720703,0,0,0,0
86,195,749280,23.669355392456055,0,9.3624061264563352E-05,54.350677490234375,34.328929901123047,0,41.211006164550781,18.987861633300781,0.00031565490644425154,5.7358831844706915E-16,1.6698473691940308,0.7453269362449646,0.85722362995147705,1.076851487159729,1.2319698333740234,2.3038196563720703,0,0,0,0
86,210,749640,21.970279693603516,9.3827475211583078E-06,9.2500355094671249E-05,53.781589508056641,34.269618988037109,0,41.718837738037109,19.202486038208008,0.00031809211941435933,1.113530584886608E-18,2.8236775398254395,0.7622489333152771,0.85722362995147705,1.076851487159729,1.2319698333740234,2.3038196563720703,1,0,0,0
86,225,750000,17.765113830566406,3.721823986779782E-06,9.8965043434873223E-05,53.610275268554688,34.211193084716797,0,45.401920318603516,18.187482833862305,0.00032048250432126224,2.0903595229812683E-21,1.5054736137390137,0.76724076271057129,0.85722362995147705,1.076851487159729,1.2319698333740234,2.3038196563720703,0,0,0,0
86,240,750360,13.929380416870117,0.00014036445645615458,0.00012500851880759001,53.544330596923828,34.158061981201172,0,50.415019989013672,16.717254638671875,0.00032276741694658995,1.8507668829073252E-24,1.5777478218078613,0.78490835428237915,0.85722362995147705,1.076851487159729,1.2319698333740234,2.3038196563720703,0,0,0,0
86,255,750720,9.8770418167114258,0.00019251542107667774,0.0004005027876701206,53.615768432617188,34.116046905517578,0,54.632484436035156,15.367034912109375,0.00032494179322384298,1.2304351376787034E-27,1.7017217874526978,0.81521403789520264,0.85722362995147705,1.076851487159729,1.2319698333740234,2.3038196563720703,0,0,0,0
86,270,751080,4.9680309295654297,0.00014994808589108288,0.00058403401635587215,54.058120727539062,34.084705352783203,0,57.256847381591797,14.141265869140625,0.00032702944008633494,3.2670152440143783E-31,1.8457425832748413,0.85042029619216919,0.85722362995147705,1.076851487159729,1.2319698333740234,2.3038196563720703,0,0,0,0
86,285,751440,1.2076849937438965,0.0001282631274079904,0.0016761623555794358,54.334220886230469,34.061431884765625,0,57.912677764892578,13.024251937866211,0.00032906481646932662,6.5069122447783093E-36,1.9781574010848999,0.88278943300247192,0.85722362995147705,1.076851487159729,1.2319698333740234,2.3038196563720703,0,0,0,0
86,300,751800,-2.1204144954681396,9.9525532277766615E-05,0.0032436014153063297,54.622554779052734,34.045207977294922,5.4193924370338209E-06,57.734111785888672,12.091169357299805,0.00032766125514172018,0.00059094646712765098,2.0673131942749023,0.90458381175994873,0.85722362995147705,1.076851487159729,1.2319698333740234,2.3038196563720703,0,0,0,0
86,315,752160,-4.8608698844909668,7.5281845056451857E-05,0.0062659299001097679,54.905471801757812,34.030368804931641,0.0091520901769399643,55.673191070556641,13.011368751525879,0.00031878158915787935,0.017977224662899971,2.0787043571472168,0.90797996520996094,0.85722362995147705,1.076851487159729,1.2319698333740234,2.3038196563720703,0,0,0,0
86,330,752520,-6.9215550422668457,8.9466746430844069E-05,0.006854277104139328,55.177562713623047,34.012569427490234,0.11976351588964462,50.951286315917969,16.387907028198242,0.00031172463786788285,0.057319790124893188,1.9716849327087402,0.88962846994400024,0.85722362995147705,1.076851487159729,1.2319698333740234,2.3038196563720703,0,0,0,0
86,345,752880,-8.1807212829589844,0.0016200431855395436,0.010267595760524273,55.354930877685547,33.986404418945312,0.3389592170715332,45.262126922607422,20.384851455688477,0.00031010078964754939,0.10555034875869751,1.7909801006317139,0.85864138603210449,0.85722362995147705,1.076851487159729,1.2319698333740234,2.3038196563720703,0,0,0,0
86,360,753240,-9.4556970596313477,0.0055608320981264114,0.037071887403726578,55.374324798583984,33.940570831298828,0.85899263620376587,39.865383148193359,23.751688003540039,0.00030843354761600494,0.19849887490272522,0.67131561040878296,0.79747515916824341,0.88678646087646484,0.99393999576568604,1.1934475898742676,-0.037797927856445312,0,0,0,0
86,365,753360,-9.4559745788574219,0.0076449201442301273,0.040555384010076523,55.3663330078125,33.924236297607422,0.9681132435798645,38.197292327880859,24.680545806884766,0.00030789655284024775,0.22535073757171631,0.42352306842803955,0.77324831485748291,0.89226102828979492,0.97858601808547974,1.1863138675689697,-0.47143077850341797,0,0,0,0
87,15,753720,-8.2581233978271484,0.0042386059649288654,0.040039755403995514,55.412628173828125,33.87548828125,1.3585165739059448,33.643245697021484,26.870500564575195,0.00030633708229288459,0.23799915611743927,0.52717900276184082,0.74974751472473145,0.8846929669380188,0.99981135129928589,1.1961755752563477,0.12802338600158691,0,0,0,0
87,30,754080,-6.3416609764099121,0.0022495118901133537,0.0070659429766237736,55.706806182861328,33.837245941162109,1.6564396619796753,29.832372665405273,28.158926010131836,0.00030495802639052272,0.26517161726951599,0.29983395338058472,0.73540443181991577,0.89226102828979492,0.97858601808547974,1.1863138675689697,-0.47143071889877319,0,0,0,0
87,45,754440,-3.3419816493988037,0.0027030978817492723,0.014894369058310986,55.886951446533203,33.804660797119141,1.894286036491394,27.542324066162109,27.878728866577148,0.0002980343415401876,0.24586735665798187,0.46156951785087585,0.74392575025558472,0.89226102828979492,0.97858601808547974,1.1863138675689697,-0.47143071889877319,0,0,0,0
87,60,754800,0.48981389403343201,0.0010150263551622629,0.10090182721614838,56.333061218261719,33.782669067382812,0.72828090190887451,27.049179077148438,25.913969039916992,0.00029258435824885964,0.20396092534065247,0.7121010422706604,0.75712549686431885,0.89226102828979492,0.97858601808547974,3.710808277130127,-0.47143071889877319,0,0,1,0
87,75,755160,4.8273630142211914,7.8379989645327441E-06,0.0042126071639358997,56.334800720214844,33.754627227783203,0,27.484951019287109,23.716794967651367,0.00029538944363594055,0.14096644520759583,1.003859281539917,0.77249729633331299,0.89226102828979492,0.97858601808547974,1.1863138675689697,-0.47143071889877319,0,0,0,0
87,90,755520,10.24876594543457,3.3448966973992356E-07,0.0020429326687008142,56.128395080566406,33.717864990234375,0,30.101139068603516,21.712074279785156,0.0002981560246553272,0.072107359766960144,1.2892749309539795,0.78753489255905151,0.89226102828979492,0.97858601808547974,1.1863138675689697,-0.47143071889877319,0,0,0,0
87,105,755880,14.685641288757324,0.00087865878595039248,0.011510950513184071,55.795055389404297,33.675067901611328,0,34.480968475341797,19.88829231262207,0.00030085336766205728,0.022788502275943756,1.5207786560058594,0.79973208904266357,0.89226102828979492,0.97858601808547974,1.1863138675689697,-0.47143071889877319,0,0,0,0
87,120,756240,18.644664764404297,0,0.00051446468569338322,55.323112487792969,33.631492614746094,0,38.86883544921875,18.307165145874023,0.00030347565189003944,0.0017519672401249409,1.650801420211792,0.80658257007598877,0.89226102828979492,0.97858601808547974,1.1863138675689697,-0.47143071889877319,0,0,0,0
87,135,756600,21.76673698425293,0,0.00037364623858593404,54.729396820068359,33.588386535644531,0,41.043048858642578,17.701509475708008,0.00030603917548432946,1.4095354345045052E-05,1.6467810869216919,0.8100091814994812,0.89226102828979492,0.97858601808547974,1.1863138675689697,-0.47143071889877319,0,0,0,0
87,150,756960,23.851055145263672,0,0.00022770871873944998,54.05889892578125,33.545394897460938,0,41.550086975097656,17.909929275512695,0.00030857571982778609,1.0337306122210066E-07,1.5570030212402344,0.82454043626785278,0.89226102828979492,0.97858601808547974,1.1863138675689697,-0.47143071889877319,0,0,0,0
87,165,757320,24.752294540405273,0,9.5490664534736425E-05,53.350704193115234,33.502426147460938,0,41.835662841796875,18.29277229309082,0.00031109797419048846,6.7444222429102751E-10,1.4184913635253906,0.84695947170257568,0.89226102828979492,0.97858601808547974,1.1863138675689697,-0.47143071889877319,0,0,0,0
87,180,757680,24.3748779296875,0,7.2841881774365902E-05,52.641101837158203,33.459526062011719,0,42.173000335693359,18.67890739440918,0.00031360454158857465,2.736203841627316E-12,1.263735294342041,0.87200778722763062,0.89226102828979492,0.97858601808547974,1.1863138675689697,-0.47143071889877319,0,0,0,0
87,195,758040,22.775760650634766,0,7.3927018092945218E-05,52.080131530761719,33.416671752929688,0,42.786178588867188,18.910131454467773,0.00031609466532245278,6.2271643055814355E-15,1.1252236366271973,0.89442688226699829,0.89226102828979492,0.97858601808547974,1.1863138675689697,-0.47143071889877319,0,0,0,0
87,210,758400,20.146211624145508,0,0.00018703767273109406,51.728809356689453,33.373958587646484,0,44.504043579101562,18.6636962890625,0.00031855303677730262,6.9392272576940872E-18,1.0354456901550293,0.9089580774307251,0.89226102828979492,0.97858601808547974,1.1863138675689697,-0.47143071889877319,0,0,0,0
87,225,758760,16.727645874023438,4.3239151636953466E-06,8.0066412920132279E-05,51.601139068603516,33.332786560058594,0,48.483287811279297,17.538906097412109,0.00032093175104819238,1.245540293607506E-20,1.0203697681427002,0.91230303049087524,0.89226102828979492,0.97858601808547974,1.1863138675689697,-0.47143071889877319,0,0,0,0
87,240,759120,12.767477989196777,0.00018066806660499424,0.00010918253974523395,51.669498443603516,33.301425933837891,0,53.196102142333984,16.137142181396484,0.00032319480669684708,7.6926031496725689E-24,1.038905143737793,0.91820794343948364,0.89226102828979492,0.97858601808547974,1.1863138675689697,-0.47143071889877319,0,0,0,0
87,255,759480,8.5809793472290039,0.00017770285194274038,0.00042957213008776307,51.888275146484375,33.284671783447266,0,57.008701324462891,14.864476203918457,0.00032535119680687785,5.3072158142699079E-27,1.0706995725631714,0.92833685874938965,0.89226102828979492,0.97858601808547974,1.1863138675689697,-0.47143071889877319,0,0,0,0
87,270,759840,3.5895156860351562,0.00088913884246721864,0.0061659151688218117,52.267623901367188,33.287925720214844,0,59.019355773925781,13.707611083984375,0.00032743066549301147,1.3163805461129729E-30,1.1076351404190063,0.94010359048843384,0.89226102828979492,0.97858601808547974,1.1863138675689697,-0.47143071889877319,0,0,0,0
87,285,760200,-0.20565684139728546,0.00013777444837614894,0.001897314446978271,52.612548828125,33.299293518066406,0,59.287090301513672,12.649016380310059,0.00032946831197477877,0.00027699369820766151,1.1415942907333374,0.95092219114303589,0.89226102828979492,0.97858601808547974,1.1863138675689697,-0.47143071889877319,0,0,0,0
87,300,760560,-3.5185203552246094,0.00010315956023987383,0.0031489133834838867,52.964099884033203,33.309066772460938,2.4559265511925332E-05,58.625278472900391,12.182103157043457,0.00032417461625300348,0.01005155872553587,1.164459228515625,0.95820629596710205,0.89226102828979492,0.97858601808547974,1.1863138675689697,-0.47143071889877319,0,0,0,0
87,315,760920,-6.1736736297607422,8.5075531387701631E-05,0.0046049021184444427,53.295684814453125,33.311725616455078,0.098676502704620361,55.088813781738281,14.506351470947266,0.00031479512108489871,0.044279631227254868,1.1580036878585815,0.95693916082382202,0.89226102828979492,0.97858601808547974,1.1863138675689697,-0.47143071889877319,0,0,0,0
87,330,761280,-8.1389656066894531,0.0022031622938811779,0.0067084981128573418,53.594696044921875,33.306224822998047,0.17071333527565002,49.344554901123047,18.725021362304688,0.00031206593848764896,0.10663305222988129,1.0108394622802734,0.92013394832611084,0.89226102828979492,0.97858601808547974,1.1863138675689697,-0.47143071889877319,0,0,0,0
87,345,761640,-9.31396484375,0.0048392447642982006,0.035518396645784378,53.634548187255859,33.270217895507812,0.58875125646591187,43.466224670410156,22.695571899414062,0.0003103575436398387,0.16878004372119904,0.76234918832778931,0.85798746347427368,0.89226102828979492,0.97858601808547974,1.1863138675689697,-0.47143071889877319,0,0,0,0
87,360,762000,-8.7650060653686523,0.0032139788381755352,0.02901323139667511,53.615653991699219,33.223278045654297,1.0594984292984009,38.231437683105469,25.707305908203125,0.00030873875948600471,0.2048526257276535,1.3557388782501221,0.83560687303543091,0.88629192113876343,0.98539721965789795,1.1668932437896729,2.5607955455780029,0,0,0,0
87,365,762120,-8.5516586303710938,0.0080648381263017654,0.025909295305609703,53.618083953857422,33.207416534423828,1.1522955894470215,36.636127471923828,26.506664276123047,0.00030821727705188096,0.21640455722808838,1.4806411266326904,0.82727301120758057,0.88518655300140381,0.98665857315063477,1.1632968187332153,3.1223189830780029,0,0,0,0
88,15,762480,-7.7606596946716309,0.0032272199168801308,0.027624739333987236,53.638298034667969,33.159969329833984,1.6235032081604004,32.241508483886719,28.387001037597656,0.00030670262640342116,0.25793558359146118,1.1692889928817749,0.78275907039642334,0.8867146372795105,0.98491489887237549,1.1682684421539307,2.3460688591003418,0,0,0,0
88,30,762840,-5.7116246223449707,0.0021627447567880154,0.0047073955647647381,54.010200500488281,33.130935668945312,1.8115788698196411,28.792587280273438,29.199567794799805,0.00030520875588990748,0.26626110076904297,1.4310706853866577,0.79081672430038452,0.88518655300140381,0.98665857315063477,5.5,3.1223189830780029,0,0,1,0
88,45,763200,-2.9052414894104004,0.0024737273342907429,0.010724730789661407,54.229381561279297,33.106025695800781,1.9812048673629761,26.871559143066406,28.477495193481445,0.00029684859327971935,0.24525091052055359,1.5275906324386597,0.78057754039764404,0.88518655300140381,0.98665857315063477,1.1632968187332153,3.1223189830780029,0,0,0,0
88,60,763560,0.73554432392120361,0.0018235604511573911,0.10653278976678848,54.828125,33.104854583740234,0.55292749404907227,26.498235702514648,26.350797653198242,0.0002922582789324224,0.20186002552509308,1.6771019697189331,0.7647169828414917,0.88518655300140381,0.98665857315063477,1.1632968187332153,3.1223189830780029,0,0,0,0
88,75,763920,4.9113125801086426,4.8679007704777177E-06,0.0033562334720045328,54.799972534179688,33.086841583251953,0,26.949520111083984,24.120828628540039,0.00029510274180211127,0.1472780853509903,1.8512163162231445,0.74624639749526978,0.88518655300140381,0.98665857315063477,1.1632968187332153,3.1223189830780029,0,0,0,0
88,90,764280,10.240479469299316,5.6874034726206446E-07,0.0016022557392716408,54.590011596679688,33.051738739013672,0,29.471584320068359,22.086669921875,0.00029790596454404294,0.083437398076057434,2.0215456485748291,0.72817736864089966,0.88518655300140381,0.98665857315063477,1.1632968187332153,3.1223189830780029,0,0,0,0
88,105,764640,14.62949275970459,0,0.0017889852169901133,54.263027191162109,33.009033203125,0,33.65509033203125,20.23634147644043,0.00030063974554650486,0.026652108877897263,2.1597015857696533,0.71352136135101318,0.88518655300140381,0.98665857315063477,1.1632968187332153,3.1223189830780029,0,0,0,0
88,120,765000,18.628686904907227,0,0.00047987938160076737,53.805706024169922,32.965950012207031,0,37.840957641601562,18.630596160888672,0.00030330062145367265,0.0029025857802480459,2.2372961044311523,0.70528990030288696,0.88518655300140381,0.98665857315063477,1.1632968187332153,3.1223189830780029,0,0,0,0
88,135,765360,21.886526107788086,0,0.00032958830706775188,53.236057281494141,32.922767639160156,0,39.854618072509766,17.997688293457031,0.00030590480309911072,3.4483840863686055E-05,2.2313306331634521,0.70923316478729248,0.88518655300140381,0.98665857315063477,1.1632968187332153,3.1223189830780029,0,0,0,0
88,150,765720,24.155609130859375,0,0.00016861762560438365,52.595233917236328,32.879486083984375,0,40.256072998046875,18.162527084350586,0.0003084845666307956,2.5922091140273551E-07,2.1588740348815918,0.7344437837600708,0.88518655300140381,0.98665857315063477,1.1632968187332153,3.1223189830780029,0,0,0,0
88,165,766080,25.269380569458008,0,6.8520013883244246E-05,51.920261383056641,32.836215972900391,0,40.463100433349609,18.500490188598633,0.00031104913796298206,1.754322243030515E-09,2.0470867156982422,0.77333933115005493,0.88518655300140381,0.98665857315063477,1.1632968187332153,3.1223189830780029,0,0,0,0
88,180,766440,25.153459548950195,0,6.7175598815083504E-05,51.240207672119141,32.792709350585938,0,40.679115295410156,18.866865158081055,0.0003135985170956701,7.5537015878368585E-12,1.9221887588500977,0.81679654121398926,0.88518655300140381,0.98665857315063477,1.1632968187332153,3.1223189830780029,0,0,0,0
88,195,766800,23.779598236083984,0,6.9162029831204563E-05,50.6123046875,32.74908447265625,0,41.033645629882812,19.129051208496094,0.00031613133614882827,0.0012534345733001828,1.8104013204574585,0.85569214820861816,0.88518655300140381,0.98665857315063477,1.1632968187332153,3.1223189830780029,0,0,0,0
88,210,767160,21.336257934570312,0,7.1126880357041955E-05,50.172290802001953,32.705467224121094,0,42.061779022216797,19.062564849853516,0.00031864317134022713,9.436842447030358E-06,1.7379448413848877,0.88090282678604126,0.88518655300140381,0.98665857315063477,1.1632968187332153,3.1223189830780029,0,0,0,0
88,225,767520,18.054271697998047,3.4695196973189013E-06,0.00019290366617497057,49.952690124511719,32.661903381347656,0,45.240348815917969,18.147884368896484,0.00032110154279507697,7.4153241769181477E-08,1.725350022315979,0.88694411516189575,0.88518655300140381,0.98665857315063477,1.1632968187332153,3.1223189830780029,0,0,0,0
88,240,767880,14.185291290283203,0.00014136036043055356,8.2977865531574935E-05,49.940788269042969,32.619716644287109,0,49.803215026855469,16.724006652832031,0.00032345840008929372,5.9092097881574546E-10,1.7361011505126953,0.89953136444091797,0.88518655300140381,0.98665857315063477,1.1632968187332153,3.1223189830780029,0,0,0,0
88,255,768240,10.034222602844238,0.00015732120664324611,0.00020155035599600524,50.076786041259766,32.585952758789062,0,53.657184600830078,15.408435821533203,0.00032571304473094642,4.0687713614984133E-12,1.7545428276062012,0.92112272977828979,0.88518655300140381,0.98665857315063477,1.1632968187332153,3.1223189830780029,0,0,0,0
88,270,768600,5.0013785362243652,0.00010824847413459793,0.00051864533452317119,50.390697479248047,32.565433502197266,0,56.066249847412109,14.215336799621582,0.00032788139651529491,0.34041407704353333,1.7759665250778198,0.94620537757873535,1.1718714237213135,0.98665857315063477,1.1632968187332153,3.1223189830780029,0,0,0,1
88,285,768960,1.1299886703491211,0.00071758072590455413,0.0075922715477645397,50.695571899414062,32.547492980957031,0,56.635086059570312,13.12629508972168,0.00032999517861753702,0.0058367494493722916,1.7956638336181641,0.96926677227020264,0.88518655300140381,0.98665857315063477,1.1632968187332153,3.1223189830780029,0,0,0,0
88,300,769320,-2.2876448631286621,0.00010023937647929415,0.0023818500339984894,51.008998870849609,32.538093566894531,7.1717336140864063E-06,56.400688171386719,12.233421325683594,0.00032836454920470715,0.0051659480668604374,1.8089261054992676,0.98479419946670532,0.88518655300140381,0.98665857315063477,1.1632968187332153,3.1223189830780029,0,0,0,0
88,315,769680,-5.0684347152709961,7.8926394053269178E-05,0.0043214047327637672,51.3568115234375,32.527931213378906,0.024267882108688354,54.191875457763672,13.283166885375977,0.00031948211835697293,0.032346300780773163,1.806749701499939,0.98575085401535034,0.88518655300140381,0.98665857315063477,1.1632968187332153,3.1223189830780029,0,0,0,0
88,330,770040,-7.1204195022583008,0.00014723432832397521,0.004198046401143074,51.666397094726562,32.513137817382812,0.1755116730928421,49.391685485839844,16.710042953491211,0.00031316254171542823,0.080537430942058563,1.7414089441299438,0.95399743318557739,0.88518655300140381,0.98665857315063477,1.1632968187332153,3.1223189830780029,0,0,0,0
88,345,770400,-8.3424816131591797,0.0086262738332152367,0.011114053428173065,51.839847564697266,32.487972259521484,0.40781936049461365,43.772190093994141,20.611703872680664,0.00031156686600297689,0.14472457766532898,1.6310795545578003,0.90038108825683594,0.88518655300140381,0.98665857315063477,1.1632968187332153,3.1223189830780029,0,0,0,0
88,360,770760,-9.2501630783081055,0.0072123515419661999,0.034159138798713684,51.867744445800781,32.443820953369141,1.1679154634475708,38.523509979248047,23.816249847412109,0.00030996871646493673,0.1661398708820343,0.98932981491088867,1.5117197036743164,0.86187779903411865,1.0687872171401978,1.350717306137085,5.2867851257324219,0,0,0,0
88,365,770880,-9.3439464569091797,0.0082092368975281715,0.03974253311753273,51.862220764160156,32.428123474121094,1.9172147512435913,36.905353546142578,24.692174911499023,0.00030945421895012259,0.17227844893932343,0.7869880199432373,1.6273614168167114,0.85756134986877441,1.0839961767196655,1.3854247331619263,5.6876125335693359,0,0,0,0
89,15,771240,-8.4948434829711914,0.0092958910390734673,0.049753747880458832,51.894485473632812,32.381195068359375,2.7618145942687988,32.475296020507812,26.76130485534668,0.00030796040664426982,0.21662181615829468,0.76282477378845215,1.4354000091552734,0.86352837085723877,1.0629712343215942,1.3374451398849487,5.1335091590881348,0,0,0,0
89,30,771600,-6.9224696159362793,0.010751515626907349,0.017640745267271996,52.189453125,32.341888427734375,4.6822237968444824,28.682256698608398,28.035686492919922,0.00030656217131763697,0.21315060555934906,0.57318747043609619,1.6211199760437012,0.85756134986877441,1.0839961767196655,1.3854247331619263,5.6876125335693359,0,0,0,0
89,45,771960,-4.3118548393249512,0.022178143262863159,0.0047557163052260876,52.483909606933594,32.306964874267578,6.645571231842041,26.104055404663086,28.031003952026367,0.00030117656569927931,0.20712244510650635,0.60136890411376953,1.6703479290008545,0.85756134986877441,1.0839961767196655,1.3854247331619263,5.6876125335693359,0,0,0,0
89,60,772320,-0.91447943449020386,0.028830492869019508,0.21469026803970337,53.419754028320312,32.414833068847656,5.896634578704834,25.232936859130859,26.390373229980469,0.00029392121359705925,0.5376429557800293,0.64502245187759399,1.7466026544570923,1.1977497339248657,1.0839961767196655,1.3854247331619263,5.6876125335693359,0,0,0,1
89,75,772680,3.0924735069274902,0.015884518623352051,0.31499123573303223,53.772975921630859,33.084037780761719,0.52027624845504761,25.313953399658203,24.162807464599609,0.00029547666781581938,0.11843036860227585,0.69585949182510376,1.835405707359314,0.85756134986877441,1.0839961767196655,5.5,5.6876125335693359,0,0,1,0
89,90,773040,8.2580251693725586,0.0054599689319729805,0.083967670798301697,53.606979370117188,33.359470367431641,0,27.063743591308594,22.117645263671875,0.00029833364533260465,0.062475774437189102,0.74559140205383301,1.9222785234451294,0.85756134986877441,1.0839961767196655,1.3854247331619263,5.6876125335693359,0,0,0,0
89,105,773400,12.547703742980957,0.003625284181907773,0.056670479476451874,53.540599822998047,33.394275665283203,0,30.894771575927734,20.258171081542969,0.00030112784588709474,0.01982712559401989,0.78592944145202637,1.9927418231964111,0.85756134986877441,1.0839961767196655,1.3854247331619263,5.6876125335693359,0,0,0,0
89,120,773760,16.552267074584961,0.0018694221507757902,0.03061959519982338,53.344684600830078,33.397895812988281,0,35.222679138183594,18.57676887512207,0.00030384561978280544,0.0014077291125431657,0.80858510732650757,2.0323171615600586,0.85756134986877441,1.0839961767196655,1.3854247331619263,5.6876125335693359,0,0,0,0
89,135,774120,19.937839508056641,0.00077815219992771745,0.013861707411706448,53.001850128173828,33.387413024902344,0,38.436061859130859,17.433889389038086,0.00030649709515273571,1.1998674381175078E-05,0.80625039339065552,2.0292625427246094,0.85756134986877441,1.0839961767196655,1.3854247331619263,5.6876125335693359,0,0,0,0
89,150,774480,22.385797500610352,6.2870516558177769E-05,0.0048841671086847782,52.542949676513672,33.369224548339844,0,39.704807281494141,17.221109390258789,0.00030910779605619609,8.3735741895907267E-08,0.78195607662200928,1.9922451972961426,0.85756134986877441,1.0839961767196655,1.3854247331619263,5.6876125335693359,0,0,0,0
89,165,774840,23.693304061889648,0,0.0040463232435286045,52.000968933105469,33.339031219482422,0,40.175193786621094,17.443992614746094,0.00031169678550213575,4.9455839423728776E-10,0.74447423219680786,1.9351335763931274,0.85756134986877441,1.0839961767196655,1.3854247331619263,5.6876125335693359,0,0,0,0
89,180,775200,27.446781158447266,0,0.00080813211388885975,51.353015899658203,33.282363891601562,0,39.220661163330078,18.40156364440918,0.00031427564681507647,1.7910560187739399E-12,5.2438044548034668,1.8713241815567017,0.85756134986877441,1.0839961767196655,1.3854247331619263,5.6876125335693359,1,0,0,0
89,195,775560,22.312456130981445,0,0.0094285709783434868,51.496475219726562,33.22869873046875,0,40.315906524658203,18.327472686767578,0.00031682164990343153,4.2190380759887271E-15,0.66511470079421997,1.8142125606536865,0.85756134986877441,1.0839961767196655,1.3854247331619263,5.6876125335693359,0,0,0,0
89,210,775920,20.037988662719727,3.9733316725687473E-07,0.0287050511687994,51.885047912597656,33.174167633056641,0,42.724708557128906,17.731538772583008,0.00031928744283504784,8.8462334301116013E-18,0.64082038402557373,1.7771952152252197,0.85756134986877441,1.0839961767196655,1.3854247331619263,5.6876125335693359,0,0,0,0
89,225,776280,16.990703582763672,0.0060400338843464851,0.061223547905683517,52.553688049316406,33.127067565917969,0,46.842742919921875,16.518146514892578,0.00032164485310204327,1.6229393478215508E-20,0.65100032091140747,1.7694116830825806,0.85756134986877441,1.0839961767196655,1.3854247331619263,5.6876125335693359,0,0,0,0
89,240,776640,13.467952728271484,0.0012469482608139515,0.0032113608904182911,53.306987762451172,33.111854553222656,0,51.247459411621094,15.188822746276855,0.00032387851388193667,1.6286830137802062E-23,0.79635792970657349,1.7616293430328369,0.85756134986877441,1.0839961767196655,1.3854247331619263,5.6876125335693359,0,0,0,0
89,255,777000,9.7092905044555664,0.00029856755281798542,0.00079742347588762641,54.013542175292969,33.137466430664062,0,54.916450500488281,13.969839096069336,0.00032600341364741325,1.2139575551500068E-26,1.0456939935684204,1.7482799291610718,0.85756134986877441,1.0839961767196655,1.3854247331619263,5.6876125335693359,0,0,0,0
89,270,777360,5.071037769317627,0.00023461125965695828,0.0024173927959054708,54.660694122314453,33.199966430664062,0,57.253452301025391,12.854588508605957,0.00032804242800921202,0.042827267199754715,1.3353481292724609,1.7327719926834106,0.85756134986877441,1.0839961767196655,1.3854247331619263,5.6876125335693359,0,0,0,0
89,285,777720,1.4482359886169434,0.00019684684230014682,0.0049388650804758072,55.168403625488281,33.269359588623047,0,57.883575439453125,11.831554412841797,0.00033002934651449323,0.00030235626036301255,1.6016603708267212,1.7185139656066895,0.85756134986877441,1.0839961767196655,1.3854247331619263,5.6876125335693359,0,0,0,0
89,300,778080,-1.8481936454772949,0.0001548125728731975,0.0072453459724783897,55.627635955810547,33.332420349121094,1.1470132449176162E-05,57.769927978515625,10.94486141204834,0.00032935806666500866,0.00014886155258864164,1.7809700965881348,1.7089138031005859,0.85756134986877441,1.0839961767196655,5.5,5.6876125335693359,0,0,1,0
89,315,778440,-4.6905341148376465,0.00025767675833776593,0.014154938980937004,56.066646575927734,33.391246795654297,0.21470066905021667,55.962825775146484,11.719473838806152,0.00032054085750132799,0.01065710186958313,1.8047657012939453,1.7055573463439941,0.85756134986877441,1.0839961767196655,1.3854247331619263,5.6876125335693359,0,0,0,0
89,330,778800,-6.99053955078125,0.00086791289504617453,0.011442212387919426,56.450637817382812,33.430854797363281,0.84942466020584106,51.327381134033203,15.124577522277832,0.00031321559799835086,0.045763738453388214,1.6008386611938477,1.689889669418335,0.85756134986877441,1.0839961767196655,1.3854247331619263,5.6876125335693359,0,0,0,0
89,345,779160,-8.5807666778564453,0.0056190141476690769,0.022962478920817375,56.654914855957031,33.430263519287109,1.7999513149261475,45.538105010986328,19.324382781982422,0.00031152111478149891,0.090947777032852173,1.2565031051635742,1.6634343862533569,0.85756134986877441,1.0839961767196655,1.3854247331619263,5.6876125335693359,0,0,0,0
89,360,779520,-11.050446510314941,0.011452897451817989,0.056968502700328827,56.643177032470703,33.358489990234375,3.1735777854919434,40.085823059082031,22.831474304199219,0.00030980602605268359,0.12778638303279877,-0.81265795230865479,1.1206040382385254,0.84548181295394897,0.96384882926940918,1.2396098375320435,4.5554647445678711,0,0,0,0
89,365,779640,-11.249754905700684,0.010160811245441437,0.061665009707212448,56.635665893554688,33.332088470458984,3.3296864032745361,38.412029266357422,23.792179107666016,0.00030925421742722392,0.13976623117923737,-1.2032721042633057,1.006155252456665,0.84324485063552856,0.94159930944442749,1.2126070261001587,4.3458080291748047,0,0,0,0
90,15,780000,-10.132325172424316,0.013886217027902603,0.1103721410036087,56.613727569580078,33.254367828369141,4.6935338973999023,33.797332763671875,26.109903335571289,0.00030765161500312388,0.17603722214698792,-0.9313652515411377,1.1078882217407227,0.84633719921112061,0.97235703468322754,1.2499356269836426,4.6356377601623535,0,0,0,0
90,30,780360,-16.757278442382812,0.032458733767271042,0.56861418485641479,56.593685150146484,33.179126739501953,6.2124161720275879,29.73573112487793,27.698041915893555,0.00030612127739004791,0.16161297261714935,-8.3420505523681641,0.97009766101837158,0.84324485063552856,0.94159930944442749,1.2126070261001587,4.3458080291748047,0,1,0,0
90,45,780720,-6.0556268692016602,0.010157742537558079,0.029017023742198944,56.936180114746094,33.139724731445312,6.1437277793884277,26.30784797668457,28.544092178344727,0.00030472688376903534,0.16308268904685974,-1.4044344425201416,0.98819553852081299,0.84324485063552856,0.94159930944442749,1.2126070261001587,4.3458080291748047,0,0,0,0
90,60,781080,-2.753774881362915,0.0098508894443511963,0.036215189844369888,57.098396301269531,33.156166076660156,6.790163516998291,24.596841812133789,27.668485641479492,0.00029677391285076737,0.13850979506969452,-1.4610335826873779,1.0162292718887329,0.84324485063552856,0.94159930944442749,1.2126070261001587,4.3458080291748047,0,0,0,0
90,75,781440,1.1046363115310669,0.0050450777634978294,0.3234197199344635,57.766757965087891,33.43572998046875,3.9863908290863037,24.376466751098633,25.475883483886719,0.00029403314692899585,0.09394296258687973,-1.5269465446472168,1.0488762855529785,0.84324485063552856,0.94159930944442749,1.3438515663146973,4.3458080291748047,0,0,0,0
90,90,781800,6.2518534660339355,0.00081987224984914064,0.045488841831684113,57.718742370605469,33.751293182373047,0.032328464090824127,25.399431228637695,23.30078125,0.00029681078740395606,0.043072160333395004,-1.5914266109466553,1.0808136463165283,0.84324485063552856,0.94159930944442749,1.2126070261001587,4.3458080291748047,0,0,0,0
90,105,782160,10.476161003112793,0.00027027621399611235,0.016836244612932205,57.525794982910156,33.730449676513672,0,28.814590454101562,21.317787170410156,0.00029953668126836419,0.0096887145191431046,-1.6437270641326904,1.1067183017730713,0.84324485063552856,0.94159930944442749,1.2126070261001587,4.3458080291748047,0,0,0,0
90,120,782520,14.410279273986816,8.3718322230197373E-07,0.021569030359387398,57.192256927490234,33.690219879150391,0,33.290973663330078,19.514135360717773,0.00030219083419069648,0.00036484978045336902,-1.6731014251708984,1.121267557144165,0.84324485063552856,0.94159930944442749,1.2126070261001587,4.3458080291748047,0,0,0,0
90,135,782880,17.79527473449707,0,0.0062004281207919121,56.683151245117188,33.636745452880859,0,37.351860046386719,18.000970840454102,0.00030477691325359046,2.6977879770129221E-06,-1.6804066896438599,1.1222453117370605,0.84324485063552856,0.94159930944442749,1.2126070261001587,4.3458080291748047,0,0,0,0
90,150,783240,20.205228805541992,0,0.0047959107905626297,56.055587768554688,33.572422027587891,0,39.66156005859375,17.318756103515625,0.00030730999424122274,2.0122099542163596E-08,-1.7036048173904419,1.1197575330734253,0.84324485063552856,0.94159930944442749,1.2126070261001587,4.3458080291748047,0,0,0,0
90,165,783600,21.348545074462891,0,0.0058935009874403477,55.375064849853516,33.506309509277344,0,40.868839263916016,17.22673225402832,0.00030981024610809982,1.0559292329404002E-10,-1.7393953800201416,1.1159189939498901,0.84324485063552856,0.94159930944442749,1.2126070261001587,4.3458080291748047,0,0,0,0
90,180,783960,21.266819000244141,0,0.0025620525702834129,54.849597930908203,33.439830780029297,0,42.190872192382812,17.1519775390625,0.00031227472936734557,3.6017713876505819E-13,-1.779383659362793,1.1116303205490112,0.84324485063552856,0.94159930944442749,1.2126070261001587,4.3458080291748047,0,0,0,0
90,195,784320,20.014671325683594,0,0.0016870638355612755,54.561710357666016,33.373363494873047,0,44.099323272705078,16.859642028808594,0.00031468173256143928,6.9477316339206429E-16,-1.8151742219924927,1.1077919006347656,0.84324485063552856,0.94159930944442749,1.2126070261001587,4.3458080291748047,0,0,0,0
90,210,784680,17.675075531005859,3.1267711619875627E-07,0.0020978061947971582,54.552722930908203,33.307884216308594,0,47.369098663330078,16.028964996337891,0.0003170099516864866,1.5370708399563691E-18,-1.8383724689483643,1.1053041219711304,0.84324485063552856,0.94159930944442749,1.2126070261001587,4.3458080291748047,0,0,0,0
90,225,785040,14.486667633056641,7.1267713792622089E-06,0.00044278785935603082,54.794185638427734,33.256275177001953,0,51.788337707519531,14.795962333679199,0.00031923764618113637,3.9190104900400525E-21,-1.8255951404571533,1.1059467792510986,0.84324485063552856,0.94159930944442749,1.2126070261001587,4.3458080291748047,0,0,0,0
90,240,785400,10.863119125366211,0.00027809967286884785,0.00049393472727388144,55.202236175537109,33.236278533935547,0,56.006244659423828,13.600776672363281,0.00032136257505044341,4.4452162125632023E-24,-1.6567128896713257,1.1168979406356812,0.84324485063552856,0.94159930944442749,1.2126070261001587,4.3458080291748047,0,0,0,0
90,255,785760,7.0757503509521484,0.00025536422617733479,0.007027357816696167,55.635654449462891,33.266841888427734,0,59.204639434814453,12.51248836517334,0.00032339492463506758,4.2435339504485706E-27,-1.367024302482605,1.1356828212738037,0.84324485063552856,0.94159930944442749,1.2126070261001587,4.3458080291748047,0,0,0,0
90,270,786120,2.461094856262207,0.000217980079469271,0.0024229902774095535,56.097015380859375,33.350231170654297,0,60.619251251220703,11.518350601196289,0.00032535992795601487,2.3737244551013432E-30,-1.0304925441741943,1.1575051546096802,0.84324485063552856,0.94159930944442749,1.2126070261001587,4.3458080291748047,0,0,0,0
90,285,786480,-1.1122808456420898,0.00017413207388017327,0.0055721579119563103,56.472660064697266,33.435138702392578,3.0441984222306928E-07,60.713161468505859,10.608659744262695,0.00032727964571677148,7.392646090179201E-35,-0.721080482006073,1.1775689125061035,0.84324485063552856,0.94159930944442749,1.2126070261001587,4.3458080291748047,0,0,0,0
90,300,786840,-4.3641629219055176,0.00030147543293423951,0.018398011103272438,56.833797454833984,33.510147094726562,0.084913544356822968,59.542072296142578,10.805490493774414,0.0003193879674654454,0.00010208531602984294,-0.51275128126144409,1.1910780668258667,0.84324485063552856,0.94159930944442749,1.2126070261001587,4.3458080291748047,0,0,0,0
90,315,787200,-7.1424942016601562,0.0002058748941635713,0.012572746723890305,57.180828094482422,33.566677093505859,0.15918149054050446,55.011997222900391,14.197465896606445,0.0003113583370577544,0.0061617773026227951,-0.47793039679527283,1.1911706924438477,0.84324485063552856,0.94159930944442749,1.2126070261001587,4.3458080291748047,0,0,0,0
90,330,787560,-9.3210010528564453,0.0056374832056462765,0.059726595878601074,57.352939605712891,33.571178436279297,0.58235973119735718,48.744850158691406,18.935813903808594,0.00030959336436353624,0.035614456981420517,-0.62326347827911377,1.1540999412536621,0.84324485063552856,0.94159930944442749,1.2126070261001587,4.3458080291748047,0,0,0,0
90,345,787920,-10.756133079528809,0.0092892395332455635,0.080044709146022797,57.328651428222656,33.506603240966797,1.4501559734344482,42.897846221923828,22.854835510253906,0.00030781698296777904,0.083138033747673035,-0.86866188049316406,1.0915054082870483,0.84324485063552856,0.94159930944442749,1.2126070261001587,4.3458080291748047,0,0,0,0
90,360,788280,-14.97663402557373,0.015050210058689117,0.071258164942264557,57.306564331054688,33.436508178710938,2.8390469551086426,37.747470855712891,25.769617080688477,0.0003061292227357626,0.10668189823627472,-4.6412639617919922,1.2031241655349731,0.83564525842666626,0.9546208381652832,1.0737714767456055,9.2872753143310547,0,0,0,0
90,365,788400,-15.649459838867188,0.01432114839553833,0.075189054012298584,57.299278259277344,33.413120269775391,3.5389103889465332,36.171516418457031,26.546003341674805,0.00030558451544493437,0.11034196615219116,-5.4877738952636719,1.2435261011123657,0.83423793315887451,0.95703220367431641,1.0480612516403198,10.202362060546875,0,0,0,0
91,15,788760,-14.534064292907715,0.031065497547388077,0.14781394600868225,57.277637481689453,33.343074798583984,4.4970579147338867,31.826053619384766,28.371313095092773,0.00030399949173443019,0.14817197620868683,-4.8917675018310547,1.1956005096435547,0.83618342876434326,0.95369869470596313,1.0836031436920166,8.9373464584350586,0,0,0,0
91,30,789120,-13.774592399597168,0.019528556615114212,0.54731458425521851,57.256416320800781,33.273216247558594,5.7148032188415527,28.001266479492188,29.537776947021484,0.00030248163966462016,0.14916667342185974,-5.8785037994384766,1.2596406936645508,0.83423793315887451,0.95703220367431641,1.0480612516403198,10.202362060546875,0,0,0,0
91,45,789480,-11.288702964782715,0.019312672317028046,0.55584418773651123,57.235507965087891,33.203685760498047,7.1992278099060059,24.635498046875,30.162660598754883,0.00030102315940894186,0.13918288052082062,-5.789700984954834,1.2619446516036987,0.83423793315887451,0.95703220367431641,1.0480612516403198,10.202362060546875,0,0,0,0
91,60,789840,-8.081120491027832,0.023449767380952835,0.17477172613143921,57.400859832763672,33.143806457519531,8.9034004211425781,21.684854507446289,30.334848403930664,0.0002996192779392004,0.12519678473472595,-5.6521434783935547,1.2655134201049805,0.83423793315887451,0.95703220367431641,1.0480612516403198,10.202362060546875,0,0,0,0
91,75,790200,-4.2047514915466309,0.018394909799098969,0.047690622508525848,57.742610931396484,33.13726806640625,10.155975341796875,19.726705551147461,29.539041519165039,0.00029448006534948945,0.10228384286165237,-5.4919490814208984,1.2696695327758789,0.83423793315887451,0.95703220367431641,1.0480612516403198,10.202362060546875,0,0,0,0
91,90,790560,1.0838049650192261,0.014157305471599102,0.20908907055854797,58.535606384277344,33.285808563232422,9.7345056533813477,19.412078857421875,27.282808303833008,0.00029168024775572121,0.059329550713300705,-5.335237979888916,1.2737352848052979,0.83423793315887451,0.95703220367431641,1.0480612516403198,10.202362060546875,0,0,0,0
91,105,790920,5.6198091506958008,0.0031609605066478252,0.27287772297859192,58.86865234375,34.189384460449219,0.28531360626220703,20.529180526733398,24.934724807739258,0.00029447191627696157,0.19783231616020203,-5.2081279754638672,1.2770330905914307,0.83423793315887451,0.95703220367431641,1.0480612516403198,10.202362060546875,0,0,0,0
91,120,791280,9.8334951400756836,0.0013413425767794251,0.043760225176811218,58.604755401611328,34.236343383789062,0,24.043987274169922,22.804370880126953,0.00029720755992457271,0.0025905945803970098,-5.1367368698120117,1.2788852453231812,0.83423793315887451,0.95703220367431641,1.0480612516403198,10.202362060546875,0,0,0,0
91,135,791640,13.369369506835938,0.00057196518173441291,0.027405045926570892,58.320499420166016,34.196121215820312,0,28.43528938293457,20.865571975708008,0.00029987178277224302,1.7936983567778952E-05,-5.1474108695983887,1.2770051956176758,0.83423793315887451,0.95703220367431641,1.0480612516403198,10.202362060546875,0,0,0,0
91,150,792000,15.915807723999023,8.6469510279130191E-05,0.026455668732523918,57.910541534423828,34.148452758789062,0,32.579128265380859,19.166036605834961,0.00030246831011027098,1.0512579962096424E-07,-5.2415242195129395,1.2660768032073975,0.83423793315887451,0.95703220367431641,1.0480612516403198,10.202362060546875,0,0,0,0
91,165,792360,17.210914611816406,1.4246703358367085E-05,0.013948497362434864,57.409896850585938,34.101367950439453,0,36.070037841796875,17.853126525878906,0.00030500401044264436,4.602263570241405E-10,-5.3867244720458984,1.2492165565490723,0.83423793315887451,0.95703220367431641,1.0480612516403198,10.202362060546875,0,0,0,0
91,180,792720,17.26799201965332,1.8543712343443985E-08,0.012370225973427296,57.064990997314453,34.049026489257812,0,39.45465087890625,16.719058990478516,0.00030747774871997535,1.5457741423668958E-12,-5.5489540100097656,1.2303786277770996,0.83423793315887451,0.95703220367431641,1.0480612516403198,10.202362060546875,0,0,0,0
91,195,793080,16.216070175170898,1.0163232389004406E-07,0.01169108971953392,57.007373809814453,34.001766204833984,0,43.166835784912109,15.561886787414551,0.00030987377976998687,4.1579060141194897E-15,-5.6941537857055664,1.2135182619094849,0.83423793315887451,0.95703220367431641,1.0480612516403198,10.202362060546875,0,0,0,0
91,210,793440,14.134926795959473,0.0010886170202866197,0.014216775074601173,57.238395690917969,33.971355438232422,0,47.261627197265625,14.337749481201172,0.00031217900686897337,7.8304366127423946E-18,-5.7882671356201172,1.2025899887084961,0.83423793315887451,0.95703220367431641,1.0480612516403198,10.202362060546875,0,0,0,0
91,225,793800,11.27161693572998,1.057322970154928E-05,0.0094678290188312531,57.664390563964844,33.976005554199219,0,51.317268371582031,13.166668891906738,0.00031438845326192677,1.0826227098799256E-20,-5.778048038482666,1.2001463174819946,0.83423793315887451,0.95703220367431641,1.0480612516403198,10.202362060546875,0,0,0,0
91,240,794160,8.0162353515625,0.0002983185404445976,0.010368170216679573,58.133140563964844,34.029617309570312,0,54.829147338867188,12.099005699157715,0.0003165072703268379,1.503192440927277E-23,-5.5024971961975098,1.196414589881897,0.83423793315887451,0.95703220367431641,1.0480612516403198,10.202362060546875,0,0,0,0
91,255,794520,4.5703401565551758,0.00318160280585289,0.041654087603092194,58.562938690185547,34.121482849121094,0,56.934703826904297,11.123709678649902,0.00031855222187004983,1.6457310190102034E-26,-5.0298366546630859,1.1900131702423096,0.83423793315887451,0.95703220367431641,1.0480612516403198,10.202362060546875,0,0,0,0
91,270,794880,0.22755485773086548,0.0002305586967850104,0.014407041482627392,59.020198822021484,34.247135162353516,0,57.524940490722656,10.230281829833984,0.00032055212068371475,1.4405820567067309E-29,-4.4807462692260742,1.1825766563415527,0.83423793315887451,0.95703220367431641,1.0480612516403198,10.202362060546875,0,0,0,0
91,285,795240,-3.1858232021331787,0.00018917664419859648,0.019694013521075249,59.38385009765625,34.363792419433594,0.0014334176667034626,57.224761962890625,9.6372575759887695,0.00031763929291628301,1.9993434236869263E-33,-3.9759044647216797,1.1757394075393677,0.83423793315887451,0.95703220367431641,1.0480612516403198,10.202362060546875,0,0,0,0
91,300,795600,-6.4233269691467285,0.00081308989319950342,0.024583082646131516,59.731224060058594,34.46630859375,0.14396010339260101,54.259044647216797,11.639272689819336,0.00030859676189720631,1.3164074630367395E-07,-3.635991096496582,1.1711360216140747,0.83423793315887451,0.95703220367431641,1.0480612516403198,10.202362060546875,0,0,0,0
91,315,795960,-9.3853721618652344,0.0034040284808725119,0.041402220726013184,59.978256225585938,34.528095245361328,0.25247135758399963,48.459640502929688,16.158676147460938,0.00030570823582820594,0.0025397976860404015,-3.5903806686401367,1.1712492704391479,0.83423793315887451,0.95703220367431641,1.0480612516403198,10.202362060546875,0,0,0,0
91,330,796320,-19.627653121948242,0.018584918230772018,0.39015263319015503,59.946834564208984,34.454818725585938,1.7920262813568115,42.656982421875,20.273796081542969,0.00030392187181860209,0.017412291839718819,-10.95839786529541,1.1857309341430664,0.83423793315887451,0.95703220367431641,1.0480612516403198,10.202362060546875,0,1,0,0
91,345,796680,-14.13538932800293,0.013030912727117538,0.24570529162883759,59.920196533203125,34.366153717041016,2.2822530269622803,37.542720794677734,23.377429962158203,0.00030222279019653797,0.052363023161888123,-4.6124801635742188,1.21018385887146,0.83423793315887451,0.95703220367431641,1.0480612516403198,10.202362060546875,0,0,0,0
91,360,797040,-11.420322418212891,0.006624994333833456,0.097268633544445038,59.894645690917969,34.277126312255859,2.9440085887908936,33.039508819580078,25.629289627075195,0.00030060176504775882,0.15248070657253265,-1.6439555883407593,1.0810616016387939,0.8560444712638855,1.0340251922607422,1.1299183368682861,-2.7592191696166992,0,0,0,0
91,365,797160,-10.624137878417969,0.0085621308535337448,0.086203768849372864,59.886268615722656,34.24749755859375,3.2791938781738281,31.661964416503906,26.215723037719727,0.00030007716850377619,0.17730908095836639,-1.0323597192764282,1.0408098697662354,0.86008274555206299,1.0482832193374634,1.145077109336853,-5.1595125198364258,0,0,0,0
92,15,797520,-10.417940139770508,0.0090307174250483513,0.11857987195253372,59.861709594726562,34.158706665039062,4.7321500778198242,27.863157272338867,27.547996520996094,0.00029854619060643017,0.17948299646377563,-2.1740798950195312,1.0701611042022705,0.85450029373168945,1.0285730361938477,1.1241216659545898,-1.8413476943969727,0,0,0,0
92,30,797880,-7.0976486206054688,0.010417334735393524,0.060893706977367401,60.048213958740234,34.08319091796875,5.3162879943847656,24.571264266967773,28.282293319702148,0.00029708005604334176,0.19514191150665283,-1.1619110107421875,1.0181840658187866,0.86008274555206299,1.0482832193374634,1.145077109336853,-5.1595125198364258,0,0,0,0
92,45,798240,-4.1035332679748535,0.016501046717166901,0.032643057405948639,60.300518035888672,34.13897705078125,5.7434544563293457,22.361568450927734,27.913515090942383,0.00029200877179391682,0.17753101885318756,-1.1425719261169434,1.0252597332000732,0.86008274555206299,1.0482832193374634,1.145077109336853,-5.1595125198364258,0,0,0,0
92,60,798600,-0.45123928785324097,0.0066269375383853912,0.16275280714035034,60.814754486083984,34.204517364501953,4.8362207412719727,21.725967407226562,26.078453063964844,0.00028518211911432445,0.13430827856063843,-1.1126154661178589,1.0362200736999512,0.86008274555206299,1.0482832193374634,1.145077109336853,-5.1595125198364258,0,0,0,0
92,75,798960,3.6965761184692383,0.00098844151943922043,0.093682199716567993,61.006004333496094,34.523635864257812,0.16314159333705902,21.892009735107422,23.847072601318359,0.00028753490187227726,0.077858150005340576,-1.0777294635772705,1.0489840507507324,0.86008274555206299,1.0482832193374634,1.145077109336853,-5.1595125198364258,0,0,0,0
92,90,799320,8.8199043273925781,0.00023235208936966956,0.020183306187391281,60.866043090820312,34.519153594970703,0,23.571962356567383,21.806589126586914,0.00029030692530795932,0.030037557706236839,-1.0436018705368042,1.0614703893661499,0.86008274555206299,1.0482832193374634,1.145077109336853,-5.1595125198364258,0,0,0,0
92,105,799680,12.964852333068848,5.3630387810699176E-06,0.012439538724720478,60.630050659179688,34.482997894287109,0,26.971683502197266,19.947090148925781,0.00029302050825208426,0.0046240175142884254,-1.0159206390380859,1.0715982913970947,0.86008274555206299,1.0482832193374634,1.145077109336853,-5.1595125198364258,0,0,0,0
92,120,800040,16.710851669311523,0,0.011866085231304169,60.246803283691406,34.425895690917969,0,30.832515716552734,18.2572021484375,0.00029566753073595464,5.4682834161212668E-05,-1.0003736019134521,1.0772866010665894,0.86008274555206299,1.0482832193374634,1.145077109336853,-5.1595125198364258,0,0,0,0
92,135,800400,19.698675155639648,0.00029008410638198256,0.025331363081932068,59.737083435058594,34.355567932128906,0,33.762466430664062,17.07292366027832,0.00029825573437847197,3.978739187004976E-07,-0.98476952314376831,1.0830872058868408,0.86008274555206299,1.0482832193374634,1.145077109336853,-5.1595125198364258,0,0,0,0
92,150,800760,21.754444122314453,0,0.0047902967780828476,59.135761260986328,34.283912658691406,0,35.107089996337891,16.703964233398438,0.00030080444412305951,2.670301091356464E-09,-0.91035574674606323,1.1107978820800781,0.86008274555206299,1.0482832193374634,1.145077109336853,-5.1595125198364258,0,0,0,0
92,165,801120,22.571285247802734,0,0.0035990893375128508,58.506767272949219,34.212863922119141,0,35.908046722412109,16.689050674438477,0.00030332617461681366,1.0971130254278094E-11,-0.79554849863052368,1.1535502672195435,0.86008274555206299,1.0482832193374634,1.145077109336853,-5.1595125198364258,0,0,0,0
92,180,801480,22.170686721801758,0,0.0026060775853693485,58.022922515869141,34.143085479736328,0,36.958343505859375,16.655717849731445,0.0003058171714656055,2.5796469723792653E-14,-0.66727674007415771,1.2013168334960938,0.86008274555206299,1.0482832193374634,1.145077109336853,-5.1595125198364258,0,0,0,0
92,195,801840,20.573724746704102,8.2791736133458471E-08,0.0017559878760948777,57.749027252197266,34.074539184570312,0,38.653167724609375,16.414901733398438,0.00030825499561615288,4.1448988173627751E-17,-0.55246949195861816,1.2440693378448486,0.86008274555206299,1.0482832193374634,1.145077109336853,-5.1595125198364258,0,0,0,0
92,210,802200,17.87615966796875,1.1869913123518927E-06,0.0011636256240308285,57.755794525146484,34.015647888183594,0,41.883941650390625,15.623529434204102,0.00031061351182870567,8.9222589539764965E-20,-0.47805565595626831,1.2717800140380859,0.86008274555206299,1.0482832193374634,1.145077109336853,-5.1595125198364258,0,0,0,0
92,225,802560,14.289621353149414,9.4249453468364663E-06,0.0026093211490660906,58.043952941894531,33.995223999023438,0,46.470672607421875,14.395506858825684,0.00031286690500564873,1.2670696481434375E-22,-0.46324640512466431,1.2754853963851929,0.86008274555206299,1.0482832193374634,1.145077109336853,-5.1595125198364258,0,0,0,0
92,240,802920,10.247079849243164,0.0024426763411611319,0.014691656455397606,58.497329711914062,34.045677185058594,0,50.845813751220703,13.207455635070801,0.00031501104240305722,9.4120270337914081E-26,-0.45584219694137573,1.2604352235794067,0.86008274555206299,1.0482832193374634,1.145077109336853,-5.1595125198364258,0,0,0,0
92,255,803280,6.089942455291748,0.00012982705084141344,0.00087303563486784697,58.920768737792969,34.171401977539062,0,53.982456207275391,12.125795364379883,0.00031706661684438586,0.7408597469329834,-0.44314157962799072,1.2346194982528687,1.2140002250671387,1.0482832193374634,1.145077109336853,-5.1595125198364258,0,0,0,1
92,270,803640,1.1432160139083862,0.00020920777751598507,0.0042503555305302143,59.398647308349609,34.347232818603516,0,55.10693359375,11.136726379394531,0.00031906319782137871,0.0062386603094637394,-0.42838716506958008,1.2046291828155518,0.86008274555206299,1.0482832193374634,1.145077109336853,-5.1595125198364258,0,0,0,0
92,285,804000,-2.5910732746124268,0.00016771645459812135,0.0074327308684587479,59.713111877441406,34.494884490966797,1.7696054783300497E-05,55.005935668945312,10.319846153259277,0.00031800894066691399,0.00013766250049229711,-0.4148218035697937,1.1770557165145874,0.86008274555206299,1.0482832193374634,1.145077109336853,-5.1595125198364258,0,0,0,0
92,300,804360,-5.7727675437927246,0.00013009812391828746,0.01686490885913372,60.022609710693359,34.608566284179688,0.077256128191947937,52.722152709960938,11.608301162719727,0.00030922575388103724,0.0053643188439309597,-0.40568816661834717,1.1584903001785278,0.86008274555206299,1.0482832193374634,1.145077109336853,-5.1595125198364258,0,0,0,0
92,315,804720,-8.2342071533203125,0.00059401028556749225,0.015756024047732353,60.304840087890625,34.681911468505859,0.32819864153862,47.571937561035156,15.513082504272461,0.00030473340302705765,0.034714367240667343,-0.41337639093399048,1.1526180505752563,0.86008274555206299,1.0482832193374634,1.145077109336853,-5.1595125198364258,0,0,0,0
92,330,805080,-9.9369211196899414,0.0086500346660614014,0.14566157758235931,60.316108703613281,34.645038604736328,0.7911486029624939,41.933750152587891,19.530666351318359,0.00030292326118797064,0.082268394529819489,-0.53739899396896362,1.1302156448364258,0.86008274555206299,1.0482832193374634,1.145077109336853,-5.1595125198364258,0,0,0,0
92,345,805440,-10.841922760009766,0.015146061778068542,0.1135576143860817,60.290966033935547,34.569221496582031,1.5542327165603638,36.907054901123047,22.614442825317383,0.00030120005249045789,0.128676638007164,-0.7468140721321106,1.0923885107040405,0.86008274555206299,1.0482832193374634,1.145077109336853,-5.1595125198364258,0,0,0,0
92,360,805800,-11.453094482421875,0.011522638611495495,0.068716257810592651,60.267169952392578,34.493217468261719,2.7051877975463867,32.481082916259766,24.857944488525391,0.00029955591890029609,0.30618852376937866,-1.5365784168243408,1.1896268129348755,0.96107041835784912,1.1149235963821411,1.0362781286239624,-4.4855837821960449,0,0,0,0
92,365,805920,-11.277630805969238,0.011992492713034153,0.065782941877841949,60.25921630859375,34.468124389648438,3.2490487098693848,31.126686096191406,25.443401336669922,0.00029902384267188609,0.37120696902275085,-1.6459617614746094,1.2424277067184448,0.97977185249328613,1.1272643804550171,1.0161302089691162,-4.3607821464538574,0,0,0,0
93,15,806280,-9.8150787353515625,0.01891961507499218,0.07130788266658783,60.235435485839844,34.393459320068359,4.3104033470153809,27.392950057983398,26.781215667724609,0.00029747094959020615,0.71021914482116699,-1.5465552806854248,1.2356828451156616,1.3511794805526733,1.1102044582366943,1.0439827442169189,-4.5333080291748047,0,0,0,1
93,30,806640,-7.7170171737670898,0.015046861954033375,0.14639948308467865,60.268287658691406,34.319320678710938,5.8166408538818359,24.122652053833008,27.558448791503906,0.00029597707907669246,0.41226828098297119,-1.663588285446167,1.2943938970565796,0.97977185249328613,1.1272643804550171,1.0161302089691162,-4.3607821464538574,0,0,0,0
93,45,807000,-4.8290777206420898,0.016501480713486671,0.015091476030647755,60.794452667236328,34.381610870361328,6.919609546661377,21.708179473876953,27.443607330322266,0.00029230432119220495,0.38401132822036743,-1.7047253847122192,1.2698541879653931,0.97977185249328613,1.1272643804550171,1.0161302089691162,-4.3607821464538574,0,0,0,0
93,60,807360,-1.3164231777191162,0.015799084678292274,0.11512093245983124,61.302947998046875,34.470935821533203,7.5943570137023926,20.806816101074219,25.890037536621094,0.00028498639585450292,0.32545462250709534,-1.7684476375579834,1.2318418025970459,0.97977185249328613,1.1272643804550171,5.5,-4.3607821464538574,0,0,1,0
93,75,807720,2.6976349353790283,0.002940034493803978,0.35071638226509094,61.980846405029297,35.213146209716797,0.85591012239456177,20.850418090820312,23.692070007324219,0.00028562996885739267,0.24607329070568085,-1.8426558971405029,1.1875741481781006,0.97977185249328613,1.1272643804550171,1.0161302089691162,-4.3607821464538574,0,0,0,0
93,90,808080,7.7359395027160645,0.00070885481545701623,0.024490496143698692,61.784099578857422,35.374835968017578,0,22.389230728149414,21.661455154418945,0.000288397102849558,0.15546825528144836,-1.9152508974075317,1.1442688703536987,0.97977185249328613,1.1272643804550171,1.0161302089691162,-4.3607821464538574,0,0,0,0
93,105,808440,11.826340675354004,8.0862300819717348E-05,0.0075055756606161594,61.591140747070312,35.34918212890625,0,26.06553840637207,19.810342788696289,0.00029110442847013474,0.071421831846237183,-1.9741334915161133,1.1091434955596924,0.97977185249328613,1.1272643804550171,1.0161302089691162,-4.3607821464538574,0,0,0,0
93,120,808800,15.548764228820801,3.0239394277487008E-07,0.0026267457287758589,61.245029449462891,35.291435241699219,0,30.431680679321289,18.1251220703125,0.00029373978031799197,0.018843870609998703,-2.007204532623291,1.089415431022644,0.97977185249328613,1.1272643804550171,1.0161302089691162,-4.3607821464538574,0,0,0,0
93,135,809160,18.614229202270508,0,0.001231407979503274,60.752208709716797,35.205745697021484,0,34.202213287353516,16.786680221557617,0.00029630860080942512,0.00093186862068250775,-1.9864671230316162,1.0900201797485352,0.97977185249328613,1.1272643804550171,1.0161302089691162,-4.3607821464538574,0,0,0,0
93,150,809520,20.739664077758789,0,0.00068133336026221514,60.149089813232422,35.116992950439453,0,36.321365356445312,16.235433578491211,0.00029882579110562801,6.8648641899926588E-06,-1.8592667579650879,1.1036137342453003,0.97977185249328613,1.1272643804550171,1.0161302089691162,-4.3607821464538574,0,0,0,0
93,165,809880,21.650629043579102,0,0.00045200026943348348,59.550083160400391,35.034599304199219,0,37.686840057373047,16.120048522949219,0.00030130715458653867,4.4338754889849952E-08,-1.6630192995071411,1.1245861053466797,0.97977185249328613,1.1272643804550171,1.0161302089691162,-4.3607821464538574,0,0,0,0
93,180,810240,21.410770416259766,0,0.00028855167329311371,59.059421539306641,34.956657409667969,0,39.128498077392578,16.058025360107422,0.00030374762718565762,2.127308190713606E-10,-1.4437559843063354,1.1480180025100708,0.97977185249328613,1.1272643804550171,1.0161302089691162,-4.3607821464538574,0,0,0,0
93,195,810600,19.954734802246094,3.8556866144290325E-08,0.00027071012300439179,58.768093109130859,34.881912231445312,0,41.230342864990234,15.779125213623047,0.00030612904811277986,5.7506018176500806E-13,-1.2475085258483887,1.1689903736114502,0.97977185249328613,1.1272643804550171,1.0161302089691162,-4.3607821464538574,0,0,0,0
93,210,810960,17.367467880249023,1.018568582367152E-06,0.00038512866012752056,58.719379425048828,34.819839477539062,0,44.800994873046875,14.969025611877441,0.00030843060812912881,6.9144707676643347E-16,-1.1203081607818604,1.1825839281082153,0.97977185249328613,1.1272643804550171,1.0161302089691162,-4.3607821464538574,0,0,0,0
93,225,811320,13.826214790344238,9.4401457317871973E-06,0.00077858904842287302,58.914546966552734,34.800064086914062,0,49.54229736328125,13.778115272521973,0.00031062966445460916,3.8753559039655958E-19,-1.1026221513748169,1.1825084686279297,0.97977185249328613,1.1272643804550171,1.0161302089691162,-4.3607821464538574,0,0,0,0
93,240,811680,9.7173643112182617,0.00027015904197469354,0.0014583206502720714,59.276599884033203,34.853595733642578,0,53.981838226318359,12.642693519592285,0.00031272121123038232,1.0388447414160535E-22,-1.1650440692901611,1.1564947366714478,0.97977185249328613,1.1272643804550171,1.0161302089691162,-4.3607821464538574,0,0,0,0
93,255,812040,5.4123520851135254,0.00024188126553781331,0.0033760182559490204,59.642604827880859,34.992984771728516,0,57.00592041015625,11.609803199768066,0.00031472029513679445,7.6329581544243297E-10,-1.2721182107925415,1.1118727922439575,0.97977185249328613,1.1272643804550171,1.0161302089691162,-4.3607821464538574,0,0,0,0
93,270,812400,0.3341890275478363,0.0002000307576963678,0.0066903242841362953,60.014240264892578,35.186496734619141,0,57.920551300048828,10.66606616973877,0.00031666381983086467,0.00075712450779974461,-1.3965064287185669,1.060035228729248,0.97977185249328613,1.1272643804550171,1.0161302089691162,-4.3607821464538574,0,0,0,0
93,285,812760,-3.5375585556030273,0.00015552400145679712,0.0160062275826931,60.303279876708984,35.350650787353516,0.0038566819857805967,57.566692352294922,10.096104621887207,0.00031353897065855563,0.021008668467402458,-1.5108706951141357,1.0123749971389771,0.97977185249328613,1.1272643804550171,1.0161302089691162,-4.3607821464538574,0,0,0,0
93,300,813120,-6.8297786712646484,0.00012554056593216956,0.012813969515264034,60.588512420654297,35.476207733154297,0.067773185670375824,54.159385681152344,12.481841087341309,0.00030445252195931971,0.074945457279682159,-1.5878729820251465,0.9802851676940918,0.97977185249328613,1.1272643804550171,1.0161302089691162,-4.3607821464538574,0,0,0,0
93,315,813480,-9.3248786926269531,0.0035786028020083904,0.036813370883464813,60.772541046142578,35.527370452880859,0.2244131863117218,48.201095581054688,17.076896667480469,0.0003024612960871309,0.14734339714050293,-1.6055843830108643,0.97732847929000854,0.97977185249328613,1.1272643804550171,1.0161302089691162,-4.3607821464538574,0,0,0,0
93,330,813840,-10.937483787536621,0.0093590756878256798,0.23191820085048676,60.746696472167969,35.460601806640625,0.65282541513442993,42.433151245117188,21.080209732055664,0.00030063916346989572,0.22053228318691254,-1.6136746406555176,1.0304450988769531,0.97977185249328613,1.1272643804550171,1.0161302089691162,-4.3607821464538574,0,0,0,0
93,345,814200,-11.691706657409668,0.0099029270932078362,0.13488845527172089,60.720108032226562,35.384136199951172,1.6314001083374023,37.348560333251953,24.085405349731445,0.00029890701989643276,0.30112031102180481,-1.6273351907730103,1.1201337575912476,0.97977185249328613,1.1272643804550171,1.0161302089691162,-4.3607821464538574,0,0,0,0
93,360,814560,-10.656639099121094,0.0080731566995382309,0.069778971374034882,60.694316864013672,35.307304382324219,2.7725701332092285,32.871067047119141,26.251045227050781,0.00029725526110269129,0.23743264377117157,-1.1653106212615967,1.1745560169219971,0.8823249340057373,1.1617679595947266,1.0052014589309692,-11.300634384155273,0,0,0,0
93,365,814680,-10.174570083618164,0.0086387321352958679,0.066446073353290558,60.685855865478516,35.281646728515625,3.0255081653594971,31.501081466674805,26.811792373657227,0.00029672076925635338,0.21008129417896271,-1.1279008388519287,1.1833299398422241,0.86427921056747437,1.1681575775146484,1.0031776428222656,-12.585792541503906,0,0,0,0
94,15,815040,-8.7640342712402344,0.011634708382189274,0.07701081782579422,60.661407470703125,35.204345703125,4.4301571846008301,27.722610473632812,28.072101593017578,0.00029516161885112524,0.27492180466651917,-1.3188531398773193,1.2323169708251953,0.88922560214996338,1.1593246459960938,1.0059753656387329,-10.809189796447754,0,0,0,0
94,30,815400,-5.9687762260437012,0.016521632671356201,0.017420193180441856,61.01953125,35.184410095214844,5.4237604141235352,24.598403930664062,28.59431266784668,0.00029379318584688008,0.45010501146316528,-1.2147983312606812,1.208699107170105,0.86464375257492065,1.1681575775146484,1.0031776428222656,-12.585792541503906,0,0,0,0
94,45,815760,-2.6695027351379395,0.020476670935750008,0.064069367945194244,61.342807769775391,35.211086273193359,6.253687858581543,22.917436599731445,27.690053939819336,0.00028630258748307824,0.16211354732513428,-1.1250300407409668,1.1686341762542725,0.86427921056747437,1.1681575775146484,1.0031776428222656,-12.585792541503906,0,0,0,0
94,60,816120,1.2487248182296753,0.0073310099542140961,0.40795445442199707,62.232837677001953,35.481578826904297,2.4993095397949219,22.667875289916992,25.513690948486328,0.00028288684552535415,0.10573985427618027,-0.98597729206085205,1.1065726280212402,0.86427921056747437,1.1681575775146484,1.0031776428222656,-12.585792541503906,0,0,0,0
94,75,816480,5.5313210487365723,0.00052943418268114328,0.053059671074151993,62.124584197998047,35.723915100097656,0.00011860853555845097,23.254251480102539,23.326799392700195,0.00028564603417180479,0.052890703082084656,-0.82404243946075439,1.0342986583709717,0.86427921056747437,1.1681575775146484,1.0031776428222656,-12.585792541503906,0,0,0,0
94,90,816840,10.70026969909668,5.128850261826301E-06,0.01325436495244503,61.942153930664062,35.695072174072266,0,25.870624542236328,21.331630706787109,0.00028836162528023124,0.015185213647782803,-0.66562783718109131,0.96359580755233765,0.86427921056747437,1.1681575775146484,1.0031776428222656,-12.585792541503906,0,0,0,0
94,105,817200,14.812220573425293,5.2326836197380544E-08,0.0031306568998843431,61.620075225830078,35.628166198730469,0,29.98094367980957,19.513616561889648,0.00029101077234372497,0.00078240723814815283,-0.53713607788085938,0.90624803304672241,0.86427921056747437,1.1681575775146484,1.0031776428222656,-12.585792541503906,0,0,0,0
94,120,817560,18.331645965576172,0,0.00095586804673075676,61.164318084716797,35.546379089355469,0,34.254314422607422,17.904539108276367,0.00029358951724134386,5.9553703977144323E-06,-0.46496939659118652,0.8740389347076416,0.86427921056747437,1.1681575775146484,1.0031776428222656,-12.585792541503906,0,0,0,0
94,135,817920,20.990396499633789,0,0.00061614142032340169,60.586357116699219,35.463531494140625,0,36.853324890136719,17.057884216308594,0.00029610976343974471,3.9963367726159049E-08,-0.42852774262428284,0.87998223304748535,0.86427921056747437,1.1681575775146484,1.0031776428222656,-12.585792541503906,0,0,0,0
94,150,818280,22.715141296386719,0,0.00045857689110562205,59.926219940185547,35.3795166015625,0,37.915454864501953,16.978281021118164,0.00029859389178454876,2.0892546026551884E-10,-0.27363181114196777,0.92841231822967529,0.86427921056747437,1.1681575775146484,1.0031776428222656,-12.585792541503906,0,0,0,0
94,165,818640,23.273225784301758,0,0.00030495840474031866,59.269248962402344,35.293575286865234,0,38.693206787109375,17.119207382202148,0.0003010570362675935,6.9720433853309727E-13,-0.034654855728149414,1.0031312704086304,0.86427921056747437,1.1681575775146484,1.0031776428222656,-12.585792541503906,0,0,0,0
94,180,819000,22.673851013183594,0,0.00020579237025231123,58.718196868896484,35.207252502441406,0,39.660419464111328,17.245649337768555,0.0003034964029211551,1.3476407481472614E-15,0.2323492169380188,1.0866132974624634,0.86427921056747437,1.1681575775146484,1.0031776428222656,-12.585792541503906,0,0,0,0
94,195,819360,20.859966278076172,2.1470759747899137E-07,0.00023034858168102801,58.333255767822266,35.122638702392578,0,41.250980377197266,17.156295776367188,0.00030589711968787014,2.4933479797468993E-18,0.47132605314254761,1.161332368850708,0.86427921056747437,1.1681575775146484,1.0031776428222656,-12.585792541503906,0,0,0,0
94,210,819720,17.934803009033203,1.8856105725717498E-06,0.00035037036286666989,58.188064575195312,35.053207397460938,0,44.562343597412109,16.433128356933594,0.00030822391272522509,3.5298478612279953E-21,0.62622207403182983,1.2097623348236084,0.86427921056747437,1.1681575775146484,1.0031776428222656,-12.585792541503906,0,0,0,0
94,225,820080,14.111118316650391,1.4680840649816673E-05,0.00076726765837520361,58.322933197021484,35.023311614990234,0,49.541351318359375,15.149106025695801,0.00031044412753544748,2.8864229223267306E-24,0.63947814702987671,1.2164720296859741,0.86427921056747437,1.1681575775146484,1.0031776428222656,-12.585792541503906,0,0,0,0
94,240,820440,9.7133827209472656,0.00028270049369893968,0.0023957763332873583,58.711776733398438,35.043491363525391,0,54.285057067871094,13.896900177001953,0.00031255072099156678,2.3309874858378761E-27,0.48196643590927124,1.1924686431884766,0.86427921056747437,1.1681575775146484,1.0031776428222656,-12.585792541503906,0,0,0,0
94,255,820800,5.1873407363891602,0.00025768816703930497,0.0044988589361310005,59.183391571044922,35.108634948730469,0,57.463298797607422,12.7579345703125,0.00031455632415600121,6.8322073254538188E-31,0.21178203821182251,1.1512948274612427,0.86427921056747437,1.1681575775146484,1.0031776428222656,-12.585792541503906,0,0,0,0
94,270,821160,-0.008217519149184227,0.00039297362673096359,0.0078906239941716194,59.67620849609375,35.213706970214844,1.4223124900070161E-08,58.348762512207031,11.716997146606445,0.0003165010130032897,1.4336198894682184E-09,-0.10209172964096069,1.1034632921218872,0.86427921056747437,1.1681575775146484,1.0031776428222656,-12.585792541503906,0,0,0,0
94,285,821520,-3.877913236618042,0.0040442943572998047,0.016460362821817398,60.045639038085938,35.321308135986328,0.018265856429934502,57.853160858154297,11.183889389038086,0.00031253823544830084,0.0008455631323158741,-0.39067167043685913,1.0594862699508667,0.86427921056747437,1.1681575775146484,1.0031776428222656,-12.585792541503906,0,0,0,0
94,300,821880,-7.0147147178649902,0.0022243105340749025,0.015518145635724068,60.381263732910156,35.411670684814453,0.09825366735458374,54.114555358886719,13.790861129760742,0.00030370202148333192,0.016336120665073395,-0.58497446775436401,1.0298762321472168,0.86427921056747437,1.1681575775146484,1.0031776428222656,-12.585792541503906,0,0,0,0
94,315,822240,-9.1902837753295898,0.0032150638289749622,0.038753394037485123,60.573665618896484,35.440563201904297,0.29538527131080627,48.103046417236328,18.32249641418457,0.00030189284007064998,0.057917211204767227,-0.63579058647155762,1.0257816314697266,0.86427921056747437,1.1681575775146484,1.0031776428222656,-12.585792541503906,0,0,0,0
94,330,822600,-10.490242958068848,0.008755100890994072,0.22145777940750122,60.5555419921875,35.372325897216797,0.76811528205871582,42.348834991455078,22.205293655395508,0.00030007833265699446,0.10143332183361053,-0.73439222574234009,1.0573488473892212,0.86427921056747437,1.1681575775146484,1.0031776428222656,-12.585792541503906,0,0,0,0
94,345,822960,-10.966913223266602,0.0092465644702315331,0.15208795666694641,60.529899597167969,35.298065185546875,1.711115837097168,37.273334503173828,25.103681564331055,0.00029835250461474061,0.14650680124759674,-0.90088349580764771,1.1106507778167725,0.86427921056747437,1.1681575775146484,1.0031776428222656,-12.585792541503906,0,0,0,0
94,360,823320,-11.991176605224609,0.013232695870101452,0.085199497640132904,60.504611968994141,35.223926544189453,2.9091546535491943,32.804615020751953,27.1722412109375,0.00029670519870705903,0.45767971873283386,-2.0766603946685791,1.0137687921524048,1.3771003484725952,1.1885185241699219,1.0709550380706787,-5.4214606285095215,0,0,0,1
94,365,823440,-11.96799373626709,0.020745368674397469,0.08498469740152359,60.496311187744141,35.199188232421875,3.256744384765625,31.437337875366211,27.702390670776367,0.00029617187101393938,0.42121115326881409,-2.3157906532287598,0.98889267444610596,0.99852824211120605,1.1922891139984131,1.0835064649581909,-4.0947322845458984,0,0,0,0
95,15,823800,-10.345172882080078,0.017095724120736122,0.10527674853801727,60.471878051757812,35.124866485595703,4.5450596809387207,27.666942596435547,28.879306793212891,0.00029461493249982595,0.35455495119094849,-2.1626660823822021,1.0430489778518677,0.96953046321868896,1.1870766878128052,1.0661554336547852,-5.9288015365600586,0,0,0,0
95,30,824160,-8.4672231674194336,0.014303876087069511,0.23469717800617218,60.452285766601562,35.050689697265625,5.4337739944458008,24.349824905395508,29.520736694335938,0.00029311727848835289,0.42845630645751953,-2.3922834396362305,0.99586009979248047,0.99852824211120605,1.1922891139984131,1.0835064649581909,-4.0947327613830566,0,0,0,0
95,45,824520,-5.3841376304626465,0.012592678889632225,0.024320438504219055,61.020881652832031,35.076885223388672,6.021761417388916,21.719106674194336,29.446714401245117,0.00029080171952955425,0.41555240750312805,-2.2235608100891113,0.9941210150718689,0.99852824211120605,1.1922891139984131,1.0835064649581909,-4.0947327613830566,0,0,0,0
95,60,824880,-1.5465717315673828,0.011053569614887238,0.061137452721595764,61.504131317138672,35.104228973388672,6.0615959167480469,20.641618728637695,27.893627166748047,0.00028329732595011592,0.35575896501541138,-1.9622060060501099,0.99142724275588989,0.99852824211120605,1.1922891139984131,1.0835064649581909,-4.0947327613830566,0,0,0,0
95,75,825240,2.897801399230957,0.0014485979918390512,0.25128281116485596,62.338706970214844,35.720596313476562,0.45878699421882629,20.691404342651367,25.535730361938477,0.00028359045973047614,0.26887562870979309,-1.6578435897827148,0.98829019069671631,0.99852824211120605,1.1922891139984131,1.0835064649581909,-4.0947327613830566,0,0,0,0
95,90,825600,8.3085536956787109,0.00015326465654652566,0.012790976092219353,62.091766357421875,35.877555847167969,0,22.509775161743164,23.347124099731445,0.00028634123736992478,0.17758992314338684,-1.3600976467132568,0.985221266746521,0.99852824211120605,1.1922891139984131,1.0835064649581909,-4.0947327613830566,0,0,0,0
95,105,825960,12.709848403930664,3.0193011752999155E-06,0.0044350610114634037,61.853893280029297,35.826648712158203,0,26.63243293762207,21.351615905761719,0.00028902626945637167,0.093286119401454926,-1.1185927391052246,0.98273205757141113,0.99852824211120605,1.1922891139984131,1.0835064649581909,-4.0947327613830566,0,0,0,0
95,120,826320,16.616298675537109,0,0.001973035978153348,61.465484619140625,35.740024566650391,0,31.325725555419922,19.537124633789062,0.00029163598082959652,0.030028058215975761,-0.98295295238494873,0.98133403062820435,0.99852824211120605,1.1922891139984131,1.0835064649581909,-4.0947327613830566,0,0,0,0
95,135,826680,19.666311264038086,0,0.00071465567452833056,60.944484710693359,35.646575927734375,0,34.900905609130859,18.237148284912109,0.00029417741461656988,0.0024875295348465443,-0.95449423789978027,0.98622441291809082,0.99852824211120605,1.1922891139984131,1.0835064649581909,-4.0947327613830566,0,0,0,0
95,150,827040,21.748851776123047,0.00046495400601997972,0.0059347185306251049,60.323623657226562,35.559551239013672,0,36.613632202148438,17.801191329956055,0.00029667397029697895,2.5823994292295538E-05,-0.87529504299163818,1.0128493309020996,0.99852824211120605,1.1922891139984131,1.0835064649581909,-4.0947327613830566,0,0,0,0
95,165,827400,22.642539978027344,0,0.0014875453198328614,59.654838562011719,35.481170654296875,0,37.625228881835938,17.765602111816406,0.00029914345941506326,1.7709368194118724E-07,-0.7531048059463501,1.0539268255233765,0.99852824211120605,1.1922891139984131,1.0835064649581909,-4.0947327613830566,0,0,0,0
95,180,827760,22.337377548217773,0,0.0003122013877145946,59.088123321533203,35.408336639404297,0,38.788211822509766,17.747133255004883,0.00030158646404743195,1.0722355225922797E-09,-0.61658412218093872,1.0998220443725586,0.99852824211120605,1.1922891139984131,1.0835064649581909,-4.0947327613830566,0,0,0,0
95,195,828120,20.814163208007812,4.0035391890569372E-08,0.00017136138922069222,58.686470031738281,35.339073181152344,0,40.534233093261719,17.546384811401367,0.00030398671515285969,3.5475385649907931E-12,-0.49439382553100586,1.1408994197845459,0.99852824211120605,1.1922891139984131,1.0835064649581909,-4.0947327613830566,0,0,0,0
95,210,828480,18.221551895141602,2.1977085040703059E-08,0.00010118279897142202,58.498825073242188,35.279430389404297,0,43.839572906494141,16.790536880493164,0.00030631653498858213,0.96401244401931763,-0.41519463062286377,1.1675244569778442,1.4132041931152344,1.1922891139984131,1.0835064649581909,-4.0947327613830566,0,0,0,1
95,225,828840,14.684248924255371,1.1469413948361762E-05,0.00039279399788938463,58.407211303710938,35.250457763671875,0,48.741657257080078,15.506722450256348,0.00030855007935315371,0.02143188938498497,-0.41749423742294312,1.1698334217071533,0.99852824211120605,1.1922891139984131,1.0835064649581909,-4.0947327613830566,0,0,0,0
95,240,829200,10.405083656311035,0.0002270398399559781,0.00097250594990327954,58.572353363037109,35.272918701171875,0,53.570560455322266,14.223808288574219,0.00031067850068211555,0.00016264172154478729,-0.5873711109161377,1.1430588960647583,0.99852824211120605,1.1922891139984131,1.0835064649581909,-4.0947327613830566,0,0,0,0
95,255,829560,5.8605804443359375,0.0002311895223101601,0.0028930504340678453,58.964191436767578,35.347213745117188,0,57.001834869384766,13.057292938232422,0.00031271137413568795,1.1515148798935115E-06,-0.87876582145690918,1.0971314907073975,0.99852824211120605,1.1922891139984131,1.0835064649581909,-4.0947327613830566,0,0,0,0
95,270,829920,0.55687475204467773,0.00020725419744849205,0.0057499664835631847,59.433414459228516,35.468097686767578,0,58.105270385742188,11.99256420135498,0.00031468414817936718,0.0025153118185698986,-1.2172796726226807,1.0437777042388916,0.99852824211120605,1.1922891139984131,1.0835064649581909,-4.0947327613830566,0,0,0,0
95,285,830280,-3.5150394439697266,0.0024067938793450594,0.011231838725507259,59.804641723632812,35.581226348876953,0.0079016219824552536,57.785606384277344,11.286547660827637,0.00031195592600852251,0.028643069788813591,-1.52851402759552,0.99472337961196899,0.99852824211120605,1.1922891139984131,1.0835064649581909,-4.0947327613830566,0,0,0,0
95,300,830640,-6.9501709938049316,0.0013583595864474773,0.014151613228023052,60.15631103515625,35.670944213867188,0.089702203869819641,54.323818206787109,13.621066093444824,0.00030302410596050322,0.084553271532058716,-1.7380702495574951,0.96169477701187134,0.99852824211120605,1.1922891139984131,1.0835064649581909,-4.0947327613830566,0,0,0,0
95,315,831000,-13.442744255065918,0.017750486731529236,0.34798794984817505,60.376499176025391,35.699466705322266,0.46388420462608337,48.264846801757812,18.2115478515625,0.00030113701359368861,0.15949165821075439,-5.2662773132324219,0.9549030065536499,0.99852824211120605,1.1922891139984131,1.0835064649581909,-4.0947327613830566,0,1,0,0
95,330,831360,-11.216604232788086,0.0087404577061533928,0.25383350253105164,60.343677520751953,35.632667541503906,0.85165500640869141,42.48223876953125,22.131420135498047,0.00029932122561149299,0.24235755205154419,-1.8975527286529541,0.96171337366104126,0.99852824211120605,1.1922891139984131,1.0835064649581909,-4.0947327613830566,0,0,0,0
95,345,831720,-12.142336845397949,0.0099625522270798683,0.18052831292152405,60.317138671875,35.559494018554688,1.7393715381622314,37.390254974365234,25.052886962890625,0.00029759525205008686,0.32684078812599182,-2.0745069980621338,0.97321277856826782,0.99852824211120605,1.1922891139984131,1.0835064649581909,-4.0947327613830566,0,0,0,0
95,360,832080,-11.025297164916992,0.0085408696904778481,0.10993275791406631,60.291099548339844,35.486469268798828,2.5924623012542725,32.907032012939453,27.141407012939453,0.00029594937223009765,0.43538793921470642,-1.3601148128509521,0.99453693628311157,1.0173145532608032,1.0870808362960815,0.98796677589416504,-8.3211040496826172,0,0,0,0
95,365,832200,-10.618197441101074,0.0095266010612249374,0.10377120971679688,60.282478332519531,35.46221923828125,2.9464726448059082,31.535270690917969,27.677276611328125,0.00029541674302890897,0.46066167950630188,-1.2884125709533691,0.99805110692977905,1.0207934379577637,1.0675978660583496,0.97027420997619629,-9.1037654876708984,0,0,0,0
96,15,832560,-9.4637651443481445,0.013784845359623432,0.10813330113887787,60.2568359375,35.389705657958984,4.0376524925231934,27.753400802612305,28.869403839111328,0.00029386204550974071,0.4718487560749054,-1.6778607368469238,1.0003101825714111,1.0159841775894165,1.0945311784744263,0.99473237991333008,-8.0218143463134766,0,0,0,0
96,30,832920,-6.8153500556945801,0.01586226187646389,0.040953502058982849,60.485977172851562,35.329910278320312,4.6949663162231445,24.501707077026367,29.452432632446289,0.00029240245930850506,0.48040127754211426,-1.4807767868041992,0.99783247709274292,1.0207934379577637,1.0675978660583496,0.97027420997619629,-9.1037654876708984,0,0,0,0
96,45,833280,-3.6862003803253174,0.010806798003613949,0.029521798714995384,60.841472625732422,35.365325927734375,5.1633529663085938,22.433017730712891,28.84996223449707,0.00028666833532042801,0.43776124715805054,-1.4487514495849609,0.97924113273620605,1.0207934379577637,1.0675978660583496,0.97027420997619629,-9.1037654876708984,0,0,0,0
96,60,833640,0.065933451056480408,0.0062264367006719112,0.21791601181030273,61.801563262939453,35.526134490966797,3.3596851825714111,21.927087783813477,26.809459686279297,0.00028072501299902797,0.36528295278549194,-1.3991436958312988,0.95044279098510742,1.0207934379577637,1.0675978660583496,0.97027420997619629,-9.1037654876708984,0,0,0,0
96,75,834000,4.2687010765075684,0.00034305389272049069,0.038255795836448669,61.832550048828125,35.925121307373047,0.00019504388910718262,22.259040832519531,24.512855529785156,0.00028349118656478822,0.27901381254196167,-1.3413726091384888,0.91690552234649658,1.0207934379577637,1.0675978660583496,0.97027420997619629,-9.1037654876708984,0,0,0,0
96,90,834360,9.3827505111694336,9.0040120994672179E-06,0.012240550480782986,61.660205841064453,35.915473937988281,0,24.580432891845703,22.415258407592773,0.00028622604440897703,0.18012973666191101,-1.2848573923110962,0.88409727811813354,1.0207934379577637,1.0675978660583496,0.97027420997619629,-9.1037654876708984,0,0,0,0
96,105,834720,13.504441261291504,4.641254491843938E-08,0.0076391338370740414,61.366863250732422,35.848438262939453,0,28.864521026611328,20.503507614135742,0.00028889486566185951,0.086496166884899139,-1.2390172481536865,0.85748618841171265,1.0207934379577637,1.0675978660583496,0.97027420997619629,-9.1037654876708984,0,0,0,0
96,120,835080,17.113800048828125,0,0.0060332389548420906,60.939178466796875,35.768871307373047,0,33.530181884765625,18.772270202636719,0.00029148993780836463,0.025326419621706009,-1.2132714986801147,0.8425402045249939,1.0207934379577637,1.0675978660583496,0.97027420997619629,-9.1037654876708984,0,0,0,0
96,135,835440,19.964818954467773,0,0.004964721854776144,60.377780914306641,35.693965911865234,0,36.876201629638672,17.637180328369141,0.00029402086511254311,0.0021312015596777201,-1.1529581546783447,0.8487054705619812,1.0207934379577637,1.0675978660583496,0.97027420997619629,-9.1037654876708984,0,0,0,0
96,150,835800,22.040420532226562,8.6832587840035558E-05,0.0047553293406963348,59.721412658691406,35.621662139892578,0,38.371837615966797,17.378164291381836,0.0002965110179502517,1.7923079212778248E-05,-0.847237229347229,0.88921618461608887,1.0207934379577637,1.0675978660583496,0.97027420997619629,-9.1037654876708984,0,0,0,0
96,165,836160,23.050491333007812,0,0.0022098780609667301,59.021636962890625,35.550251007080078,0,39.191307067871094,17.501079559326172,0.00029897678177803755,1.3360093475967005E-07,-0.3755640983581543,0.95171719789505005,1.0207934379577637,1.0675978660583496,0.97027420997619629,-9.1037654876708984,0,0,0,0
96,180,836520,22.898397445678711,0,0.0012733389157801867,58.383033752441406,35.479373931884766,0,40.078845977783203,17.655851364135742,0.00030141932074911892,0.088069163262844086,0.15142643451690674,1.0215481519699097,1.1621514558792114,1.0675978660583496,0.97027420997619629,-9.1037654876708984,0,0,0,1
96,195,836880,26.498619079589844,0,0.00035250227665528655,57.744766235351562,35.409420013427734,0,41.019466400146484,17.814815521240234,0.00030383680132217705,0.033463913947343826,4.5041666030883789,1.0840491056442261,1.0207934379577637,1.0675978660583496,0.97027420997619629,-9.1037654876708984,1,0,0,0
96,210,837240,18.908035278320312,7.1250485689233756E-07,0.00016036354645621032,57.353107452392578,35.342849731445312,0,42.700771331787109,17.694631576538086,0.00030622692429460585,0.00026446921401657164,0.92882049083709717,1.1245598793029785,1.0207934379577637,1.0675978660583496,0.97027420997619629,-9.1037654876708984,0,0,0,0
96,225,837600,15.18657112121582,1.2011690159852151E-05,0.00036977059789933264,57.218608856201172,35.292774200439453,0,47.578952789306641,16.403209686279297,0.00030852973577566445,2.0216559732944006E-06,0.96988773345947266,1.1303166151046753,1.0207934379577637,1.0675978660583496,0.97027420997619629,-9.1037654876708984,0,0,0,0
96,240,837960,10.817328453063965,0.00020366114040371031,0.0010747343767434359,57.401203155517578,35.266551971435547,0,52.587081909179688,15.046806335449219,0.000310718227410689,1.2281223149557263E-08,0.80568218231201172,1.1116580963134766,1.0207934379577637,1.0675978660583496,0.97027420997619629,-9.1037654876708984,0,0,0,0
96,255,838320,6.2430253028869629,0.0002070494374493137,0.0036112004891037941,57.773422241210938,35.259658813476562,0,56.249298095703125,13.814647674560547,0.00031280296389013529,0.00049151881830766797,0.52401566505432129,1.0796523094177246,1.0207934379577637,1.0675978660583496,0.97027420997619629,-9.1037654876708984,0,0,0,0
96,270,838680,0.96879792213439941,0.00018628909310791641,0.0091113699600100517,58.262798309326172,35.270969390869141,0,57.527462005615234,12.690901756286621,0.00031481822952628136,0.012015988118946552,0.19680321216583252,1.0424712896347046,1.0207934379577637,1.0675978660583496,0.97027420997619629,-9.1037654876708984,0,0,0,0
96,285,839040,-2.9930069446563721,0.0027697072364389896,0.01246698759496212,58.657501220703125,35.291294097900391,0.0079826982691884041,57.346958160400391,11.812880516052246,0.0003131474950350821,0.059724561870098114,-0.10404062271118164,1.0082864761352539,1.0207934379577637,1.0675978660583496,0.97027420997619629,-9.1037654876708984,0,0,0,0
96,300,839400,-6.258455753326416,0.00011542369611561298,0.011443433351814747,59.033130645751953,35.317775726318359,0.0048110759817063808,54.506633758544922,13.506565093994141,0.00030430368497036397,0.14150127768516541,-0.30660080909729004,0.98526972532272339,1.0207934379577637,1.0675978660583496,0.97027420997619629,-9.1037654876708984,0,0,0,0
96,315,839760,-8.6041259765625,0.0010151383467018604,0.017643090337514877,59.332527160644531,35.330257415771484,0.11717065423727036,48.850849151611328,17.727424621582031,0.00030107158818282187,0.23424640297889709,-0.36600109934806824,0.98044127225875854,1.0207934379577637,1.0675978660583496,0.97027420997619629,-9.1037654876708984,0,0,0,0
96,330,840120,-10.182313919067383,0.0084383506327867508,0.15791064500808716,59.342327117919922,35.277561187744141,0.50415676832199097,43.025306701660156,21.731300354003906,0.00029927902505733073,0.31697756052017212,-0.55082011222839355,0.98396962881088257,1.0207934379577637,1.0675978660583496,0.97027420997619629,-9.1037654876708984,0,0,0,0
96,345,840480,-10.968081474304199,0.0083484994247555733,0.096619024872779846,59.315525054931641,35.213603973388672,1.3531547784805298,37.863563537597656,24.754549026489258,0.0002975770621560514,0.40283593535423279,-0.86289137601852417,0.98992741107940674,1.0207934379577637,1.0675978660583496,0.97027420997619629,-9.1037654876708984,0,0,0,0
96,360,840840,-6.9098916053771973,0.0029329597018659115,0.021358123049139977,59.325389862060547,35.14959716796875,1.7614048719406128,33.34478759765625,26.904081344604492,0.00029595536761917174,0.65596938133239746,2.7081890106201172,0.9071277379989624,1.1321852207183838,1.1650066375732422,0.88818484544754028,-7.2340793609619141,0,0,0,0
96,365,840960,-6.1869940757751465,0.0070018642581999302,0.01516574714332819,59.434623718261719,35.135250091552734,1.7964469194412231,32.1046142578125,27.31828498840332,0.00029552230262197554,0.73134678602218628,3.309565544128418,0.88603734970092773,1.1528133153915405,1.1830452680587769,0.87298309803009033,-6.8878412246704102,0,0,0,0
97,15,841320,-5.6469011306762695,0.0050132726319134235,0.013854380697011948,59.816543579101562,35.137489318847656,2.531566858291626,28.364360809326172,28.502992630004883,0.00029405610985122621,0.67712509632110596,2.0923120975494385,0.9040142297744751,1.124297022819519,1.1581085920333862,0.89399796724319458,-7.366480827331543,0,0,0,0
97,30,841680,-2.5831062793731689,0.004683994222432375,0.025299668312072754,60.179939270019531,35.113262176513672,2.399935245513916,26.57200813293457,27.716146469116211,0.00028675247449427843,0.76371151208877563,3.0526304244995117,0.87674236297607422,1.1528133153915405,1.1830452680587769,0.87298309803009033,-6.8878412246704102,0,0,0,0
97,45,842040,0.49341049790382385,0.0013115777401253581,0.16213864088058472,60.943000793457031,35.173534393310547,0.44594225287437439,26.205421447753906,25.647323608398438,0.00028130237478762865,0.70735371112823486,3.0358755588531494,0.87815529108047485,1.1528133153915405,1.1830452680587769,0.87298309803009033,-6.8878412246704102,0,0,0,0
97,60,842400,4.1455197334289551,5.2881139708915725E-05,0.014633573591709137,60.915824890136719,35.205314636230469,0,26.391519546508789,23.457380294799805,0.00028405067860148847,0.62177574634552002,3.0099217891693115,0.88034379482269287,1.1528133153915405,1.1830452680587769,0.87298309803009033,-6.8878412246704102,0,0,0,0
97,75,842760,8.186619758605957,6.2343538047571201E-06,0.0032182296272367239,60.785312652587891,35.20050048828125,0,27.926015853881836,21.457115173339844,0.00028676839428953826,0.51130139827728271,2.9796969890594482,0.88289248943328857,1.1528133153915405,1.1830452680587769,0.87298309803009033,-6.8878412246704102,0,0,0,0
97,90,843120,13.273971557617188,1.9113460894004675E-06,0.0012568274978548288,60.531929016113281,35.155124664306641,0,31.440710067749023,19.633188247680664,0.00028943063807673752,0.38679036498069763,2.950129508972168,0.88538569211959839,1.1528133153915405,1.1830452680587769,0.87298309803009033,-6.8878412246704102,0,0,0,0
97,105,843480,17.324289321899414,0,0.00064540340099483728,60.153572082519531,35.097007751464844,0,35.921955108642578,17.972127914428711,0.00029201997676864266,0.25660905241966248,2.9261469841003418,0.88740795850753784,1.1528133153915405,1.1830452680587769,0.87298309803009033,-6.8878412246704102,0,0,0,0
97,120,843840,20.931224822998047,0,0.00044183933641761541,59.635162353515625,35.039505004882812,0,39.678813934326172,16.781013488769531,0.00029453620663844049,0.13749462366104126,2.9126772880554199,0.88854384422302246,1.1528133153915405,1.1830452680587769,0.87298309803009033,-6.8878412246704102,0,0,0,0
97,135,844200,23.872947692871094,0,0.00028745314921252429,59.002426147460938,34.982765197753906,0,40.890594482421875,16.721393585205078,0.00029700738377869129,0.053718827664852142,2.9764211177825928,0.8989221453666687,1.1528133153915405,1.1830452680587769,0.87298309803009033,-6.8878412246704102,0,0,0,0
97,150,844560,26.096715927124023,0,0.00012563860218506306,58.298770904541016,34.927036285400391,0,41.193264007568359,17.158441543579102,0.00029945836286060512,0.012265478260815144,3.3209612369537354,0.95326405763626099,1.1528133153915405,1.1830452680587769,0.87298309803009033,-6.8878412246704102,0,0,0,0
97,165,844920,27.338665008544922,0,0.00010873247083509341,57.558494567871094,34.872028350830078,0,41.281692504882812,17.784008026123047,0.00030189449898898602,0.00070064514875411987,3.8525257110595703,1.0371038913726807,1.1528133153915405,1.1830452680587769,0.87298309803009033,-6.8878412246704102,0,0,0,0
97,180,845280,27.410482406616211,0,7.6165095379110426E-05,56.815536499023438,34.817974090576172,0,41.233730316162109,18.471494674682617,0.00030431800405494869,6.6332122514722869E-06,4.4464311599731445,1.1307765245437622,1.1528133153915405,1.1830452680587769,0.87298309803009033,-6.8878412246704102,0,0,0,0
97,195,845640,26.218048095703125,0,6.9357629399746656E-05,56.098850250244141,34.764884948730469,0,41.446266174316406,18.984336853027344,0.00030672681168653071,5.1697433889330568E-08,4.9779958724975586,1.2146164178848267,1.1528133153915405,1.1830452680587769,0.87298309803009033,-6.8878412246704102,0,0,0,0
97,210,846000,24.345380783081055,3.5342236515134573E-06,7.8341334301512688E-05,55.588516235351562,34.712528228759766,0,41.263053894042969,19.589570999145508,0.00030912258080206811,2.6651642004438258E-10,6.4632601737976074,1.2689583301544189,1.2426236867904663,1.1830452680587769,0.87298309803009033,-6.8878412246704102,1,0,0,0
97,225,846360,20.092597961425781,6.1448440646927338E-06,7.5940588430967182E-05,55.314632415771484,34.66094970703125,0,43.773700714111328,19.045810699462891,0.0003114862774964422,4.710042048827745E-05,5.3765578269958496,1.2748837471008301,1.1528133153915405,1.1830452680587769,0.87298309803009033,-6.8878412246704102,0,0,0,0
97,240,846720,15.82243537902832,0.00014109189214650542,0.00010363019100623205,55.3154296875,34.610385894775391,0,48.936958312988281,17.586246490478516,0.00031374901300296187,0.0025898513849824667,5.2676792144775391,1.2321722507476807,1.1528133153915405,1.1830452680587769,0.87298309803009033,-6.8878412246704102,0,0,0,0
97,255,847080,11.376742362976074,0.00012472346134018153,0.00017776770982891321,55.473583221435547,34.563003540039062,0,53.652591705322266,16.139028549194336,0.00031588788260705769,0.027639400213956833,5.0809159278869629,1.1589078903198242,1.1528133153915405,1.1830452680587769,0.87298309803009033,-6.8878412246704102,0,0,0,0
97,270,847440,6.1616635322570801,0.00010943098459392786,0.00050267798360437155,55.687541961669922,34.531394958496094,0,56.978233337402344,14.823561668395996,0.00031792942900210619,0.090032182633876801,4.8639531135559082,1.0737965106964111,1.1528133153915405,1.1830452680587769,0.87298309803009033,-6.8878412246704102,0,0,0,0
97,285,847800,2.2195937633514404,8.3018159784842283E-05,0.0014645224437117577,55.879138946533203,34.517768859863281,0,58.096572875976562,13.626217842102051,0.00031991041032597423,0.18297718465328217,4.6644744873046875,0.99554389715194702,1.1528133153915405,1.1830452680587769,0.87298309803009033,-6.8878412246704102,0,0,0,0
97,300,848160,-1.0710169076919556,5.9909503761446103E-05,0.0025982100050896406,56.013458251953125,34.510345458984375,1.6389083157264395E-07,58.101310729980469,12.541264533996582,0.00032134959474205971,0.30289611220359802,4.5301637649536133,0.94285589456558228,1.1528133153915405,1.1830452680587769,0.87298309803009033,-6.8878412246704102,0,0,0,0
97,315,848520,-3.520576000213623,4.5491146011045203E-05,0.0034853424876928329,56.126102447509766,34.500961303710938,2.7916377803194337E-05,57.040485382080078,12.459686279296875,0.0003133041609544307,0.4308164119720459,4.4819769859313965,0.93047314882278442,1.1528133153915405,1.1830452680587769,0.87298309803009033,-6.8878412246704102,0,0,0,0
97,330,848880,-5.291130542755127,0.0018758887890726328,0.0050575700588524342,56.290153503417969,34.486827850341797,0.022159956395626068,53.723220825195312,14.541608810424805,0.00030425318982452154,0.54823398590087891,4.2470664978027344,0.92156976461410522,1.1528133153915405,1.1830452680587769,0.87298309803009033,-6.8878412246704102,0,0,0,0
97,345,849240,-6.3113260269165039,0.002673386363312602,0.0050109555013477802,56.521095275878906,34.465667724609375,0.17735762894153595,48.982677459716797,17.794612884521484,0.00029729539528489113,0.649394690990448,3.8504152297973633,0.90653622150421143,1.1528133153915405,1.1830452680587769,0.87298309803009033,-6.8878412246704102,0,0,0,0
97,360,849600,-10.138854026794434,0.012483220547437668,0.035299018025398254,56.882472991943359,34.456108093261719,1.0246502161026001,43.55596923828125,21.422307968139648,0.00029572323546744883,0.50834143161773682,-0.035846918821334839,1.2487964630126953,1.0341033935546875,1.087538480758667,1.0935817956924438,-4.4122400283813477,0,0,0,0
97,365,849720,-10.51680850982666,0.010295424610376358,0.046193838119506836,56.871330261230469,34.442432403564453,1.4383680820465088,41.736114501953125,22.568336486816406,0.00029517660732381046,0.4598003625869751,-0.81640756130218506,1.3050320148468018,1.0121201276779175,1.0698519945144653,1.134433388710022,-3.9537954330444336,0,0,0,0
98,15,850080,-8.6489858627319336,0.0075211687944829464,0.009812953881919384,57.198143005371094,34.400047302246094,1.8981719017028809,37.06964111328125,25.048501968383789,0.0002937744720838964,0.58156239986419678,-0.1867583692073822,1.1972565650939941,1.042509913444519,1.094301700592041,1.0779601335525513,-4.5875492095947266,0,0,0,0
98,30,850440,-7.2550687789916992,0.010690896771848202,0.026147948578000069,57.305709838867188,34.355239868164062,3.677048921585083,32.693599700927734,27.030254364013672,0.00029226270271465182,0.8609081506729126,-1.1100596189498901,1.2932698726654053,1.0124180316925049,1.0698519945144653,1.134433388710022,-3.9537954330444336,0,0,0,0
98,45,850800,-4.3522462844848633,0.01381411962211132,0.0057507404126226902,57.549049377441406,34.3173828125,5.3214859962463379,29.656562805175781,27.551662445068359,0.00028753612423315644,0.44909527897834778,-1.1270949840545654,1.3364734649658203,1.0121201276779175,1.0698519945144653,1.134433388710022,-3.9537954330444336,0,0,0,0
98,60,851160,-0.79527151584625244,0.012271136045455933,0.15169671177864075,58.261669158935547,34.353824615478516,5.096336841583252,28.679576873779297,26.059823989868164,0.00028064046637155116,0.38487493991851807,-1.1534831523895264,1.4033966064453125,1.0121201276779175,1.0698519945144653,1.134433388710022,-3.9537954330444336,0,0,0,0
98,75,851520,3.2611284255981445,0.0041542872786521912,0.13836584985256195,58.56951904296875,34.849933624267578,0.12017272412776947,28.825443267822266,23.851062774658203,0.00028241157997399569,0.29667440056800842,-1.1842136383056641,1.4813324213027954,1.0121201276779175,1.0698519945144653,1.134433388710022,-3.9537954330444336,0,0,0,0
98,90,851880,8.2899894714355469,0.0028192396275699139,0.10026062279939651,58.417964935302734,34.969715118408203,0,30.914182662963867,21.822847366333008,0.00028517530881799757,0.19686178863048553,-1.2142760753631592,1.5575737953186035,1.0121201276779175,1.0698519945144653,1.134433388710022,-3.9537954330444336,0,0,0,0
98,105,852240,12.364057540893555,0.012190214358270168,0.17844557762145996,58.204902648925781,35.015705108642578,0,35.373634338378906,19.976194381713867,0.00028786997427232563,0.10432296246290207,-1.2386600971221924,1.619414210319519,1.0121201276779175,1.0698519945144653,1.134433388710022,-3.9537954330444336,0,0,0,0
98,120,852600,16.100257873535156,0.0065756365656852722,0.036521032452583313,57.840049743652344,35.039627075195312,0,40.431930541992188,18.30088996887207,0.00029048178112134337,0.035529550164937973,-1.2523552179336548,1.6541465520858765,1.0121201276779175,1.0698519945144653,1.134433388710022,-3.9537954330444336,0,0,0,0
98,135,852960,19.177324295043945,7.0812275225762278E-05,0.0022105339448899031,57.334053039550781,35.032993316650391,0,44.513111114501953,17.097675323486328,0.00029301567701622844,0.0036451837513595819,-1.1896865367889404,1.6559062004089355,1.0121201276779175,1.0698519945144653,1.134433388710022,-3.9537954330444336,0,0,0,0
98,150,853320,21.553506851196289,6.4120869724959562E-10,0.00063374126330018044,56.686817169189453,34.988662719726562,0,46.466079711914062,16.896415710449219,0.00029550059116445482,3.8644971937173977E-05,-0.85072040557861328,1.6469254493713379,1.0121201276779175,1.0698519945144653,1.134433388710022,-3.9537954330444336,0,0,0,0
98,165,853680,22.803117752075195,0,0.00041604833677411079,55.984584808349609,34.913646697998047,0,47.395618438720703,17.224355697631836,0.00029795963200740516,2.7837532456942427E-07,-0.32775568962097168,1.633069634437561,1.0121201276779175,1.0698519945144653,1.134433388710022,-3.9537954330444336,0,0,0,0
98,180,854040,22.93858528137207,0,0.00028822172316722572,55.513744354248047,34.831020355224609,0,48.365936279296875,17.56096076965332,0.00030038409749977291,1.7079396785746326E-09,0.25654184818267822,1.6175888776779175,1.0121201276779175,1.0698519945144653,1.134433388710022,-3.9537954330444336,0,0,0,0
98,195,854400,21.841396331787109,0,0.00022714299848303199,55.335346221923828,34.748626708984375,0,49.723293304443359,17.713945388793945,0.00030275990138761699,6.0952441011119518E-12,0.77950656414031982,1.6037331819534302,1.0121201276779175,1.0698519945144653,1.134433388710022,-3.9537954330444336,0,0,0,0
98,210,854760,19.506937026977539,9.0720995160609164E-09,0.00057109229965135455,55.48663330078125,34.674446105957031,0,52.410686492919922,17.271121978759766,0.00030506681650876999,9.7122237688188409E-15,1.1184729337692261,1.5947524309158325,1.0121201276779175,1.0698519945144653,1.134433388710022,-3.9537954330444336,0,0,0,0
98,225,855120,16.050836563110352,1.2073518519173376E-05,0.0045363153330981731,55.939571380615234,34.631694793701172,0,56.977043151855469,16.071565628051758,0.00030727186822332442,3.5205956651308307E-18,1.174576997756958,1.5907020568847656,1.0121201276779175,1.0698519945144653,1.134433388710022,-3.9537954330444336,0,0,0,0
98,240,855480,17.761575698852539,0.00013196865620557219,0.0051473844796419144,55.978042602539062,34.6177978515625,0,61.751781463623047,14.776481628417969,0.00030936050461605191,2.5857550332953376E-22,6.2070126533508301,1.5675362348556519,1.0121201276779175,1.0698519945144653,1.134433388710022,-3.9537954330444336,1,0,0,0
98,255,855840,7.688291072845459,0.00046966303489170969,0.0014613756211474538,57.000919342041016,34.712146759033203,0,65.602928161621094,13.59373664855957,0.00031134678283706307,3.5276045764476294E-06,0.96272659301757812,1.5277990102767944,1.0121201276779175,1.0698519945144653,1.134433388710022,-3.9537954330444336,0,0,0,0
98,270,856200,2.5836539268493652,0.00022796315897721797,0.0023358848411589861,57.575675964355469,34.845390319824219,0,67.352943420410156,12.510024070739746,0.00031325177405960858,0.0039379298686981201,0.80725574493408203,1.4816361665725708,1.0121201276779175,1.0698519945144653,1.134433388710022,-3.9537954330444336,0,0,0,0
98,285,856560,-1.3171309232711792,0.00017734761058818549,0.0049847206100821495,58.012092590332031,34.955856323242188,4.3622904399853724E-07,67.47503662109375,11.518677711486816,0.00031503330683335662,0.036508284509181976,0.6643136739730835,1.4391934871673584,1.0121201276779175,1.0698519945144653,1.134433388710022,-3.9537954330444336,0,0,0,0
98,300,856920,-4.6353249549865723,0.00014547801401931792,0.015106976963579655,58.410629272460938,35.044189453125,0.038708791136741638,65.945075988769531,11.984562873840332,0.00030704608070664108,0.097058787941932678,0.56806981563568115,1.4106165170669556,1.0121201276779175,1.0698519945144653,1.134433388710022,-3.9537954330444336,0,0,0,0
98,315,857280,-7.1836857795715332,0.00053561292588710785,0.012148312292993069,58.779571533203125,35.104969024658203,0.36897572875022888,60.673370361328125,15.982409477233887,0.00029952853219583631,0.18116599321365356,0.52566277980804443,1.4027451276779175,1.0121201276779175,1.0698519945144653,1.134433388710022,-3.9537954330444336,0,0,0,0
98,330,857640,-9.1061820983886719,0.0066733770072460175,0.050003040581941605,58.958309173583984,35.109035491943359,0.92749428749084473,53.765419006347656,21.177579879760742,0.00029772581183351576,0.27407544851303101,0.25675886869430542,1.3831667900085449,1.0121201276779175,1.0698519945144653,1.134433388710022,-3.9537954330444336,0,0,0,0
98,345,858000,-10.293910980224609,0.009821990504860878,0.064276635646820068,58.934101104736328,35.045394897460938,2.047013521194458,47.326839447021484,25.466197967529297,0.0002959238481707871,0.35334831476211548,-0.1972917914390564,1.3501083850860596,1.0121201276779175,1.0698519945144653,1.134433388710022,-3.9537954330444336,0,0,0,0
98,360,858360,-6.9362263679504395,0.002827546326443553,0.016980389133095741,58.952064514160156,34.980575561523438,2.5387680530548096,41.694568634033203,28.615074157714844,0.00029422054649330676,0.22551017999649048,3.0335993766784668,1.0313107967376709,0.88965678215026855,1.0784037113189697,1.0179276466369629,3.8996520042419434,0,0,0,0
98,365,858480,-6.4163699150085449,0.0025778969284147024,0.010951931588351727,59.056724548339844,34.96954345703125,2.4468314647674561,40.138088226318359,29.290327072143555,0.00029376198654063046,0.18585065007209778,3.632392406463623,0.98454380035400391,0.86697840690612793,1.0799874067306519,0.99635255336761475,5.3539943695068359,0,0,0,0
99,15,858840,-6.3486819267272949,0.0047447821125388145,0.011325488798320293,59.400783538818359,34.991539001464844,3.4965794086456299,35.416397094726562,31.238777160644531,0.00029220117721706629,0.29574882984161377,2.4787659645080566,1.0583479404449463,0.89832901954650879,1.0777981281280518,1.0261780023574829,3.3435115814208984,0,0,0,0
99,30,859200,-3.8808567523956299,0.0045758523046970367,0.010843636468052864,59.559917449951172,34.986293792724609,3.7193341255187988,32.561920166015625,31.228050231933594,0.00028559021302498877,0.21715947985649109,3.4677755832672119,0.99353152513504028,0.86697840690612793,1.0799874067306519,0.99635255336761475,5.3539943695068359,0,0,0,0
99,45,859560,-1.1536784172058105,0.0040270378813147545,0.082984119653701782,60.005302429199219,35.025249481201172,3.0676336288452148,31.479110717773438,29.528825759887695,0.00027859446709044278,0.1995871514081955,3.5625810623168945,0.97908496856689453,0.86697840690612793,1.0799874067306519,0.99635255336761475,5.3539943695068359,0,0,0,0
99,60,859920,2.4240360260009766,0.00041158008389174938,0.059951756149530411,60.222084045410156,35.159385681152344,0.09257972240447998,31.43653678894043,27.051013946533203,0.00027844184660352767,0.16319717466831207,3.7094366550445557,0.95670711994171143,0.86697840690612793,1.0799874067306519,0.99635255336761475,5.3539943695068359,0,0,0,0
99,75,860280,6.5457544326782227,9.5176501417881809E-06,0.0085888821631669998,60.074741363525391,35.143966674804688,0,32.393795013427734,24.744867324829102,0.00028118779300712049,0.11732134968042374,3.8804583549499512,0.93064683675765991,0.86697840690612793,1.0799874067306519,0.99635255336761475,5.3539943695068359,0,0,0,0
99,90,860640,11.86019229888916,2.3452822972558351E-07,0.0041218767873942852,59.802021026611328,35.095405578613281,0,35.543128967285156,22.641157150268555,0.00028388705686666071,0.063684448599815369,4.047762393951416,0.90515297651290894,0.86697840690612793,1.0799874067306519,0.99635255336761475,5.3539943695068359,0,0,0,0
99,105,861000,16.287502288818359,9.9960182353697746E-09,0.0036396929062902927,59.389259338378906,35.025051116943359,0,39.979843139648438,20.72520637512207,0.00028651815955527127,0.24536412954330444,4.1834640502929688,0.88447463512420654,1.2082217931747437,1.0799874067306519,0.99635255336761475,5.3539943695068359,0,0,0,1
99,120,861360,20.349044799804688,0.0002664031635504216,0.0031147543340921402,58.823383331298828,34.955513000488281,0,43.961029052734375,19.226112365722656,0.00028907976229675114,0.0050378507003188133,4.2596802711486816,0.87286084890365601,0.86697840690612793,1.0799874067306519,0.99635255336761475,5.3539943695068359,0,0,0,0
99,135,861720,23.79278564453125,0,0.0004380085738375783,58.132205963134766,34.888557434082031,0,45.156627655029297,19.025629043579102,0.00029159561381675303,5.3955871408106759E-05,4.3400402069091797,0.87816500663757324,0.86738336086273193,1.0799874067306519,0.99635255336761475,5.3539943695068359,0,0,0,0
99,150,862080,26.635885238647461,0,0.00022561570222023875,57.367465972900391,34.826263427734375,0,45.171337127685547,19.477764129638672,0.00029409449780359864,0.036159832030534744,4.7252936363220215,0.91236197948455811,0.86697840690612793,1.0799874067306519,0.99635255336761475,5.3539943695068359,0,0,0,0
99,165,862440,28.574502944946289,0,6.8870438553858548E-05,56.570587158203125,34.768924713134766,0,44.689666748046875,20.254541397094727,0.00029658325365744531,0.00028041074983775616,5.319671630859375,0.96512192487716675,0.86697840690612793,1.0799874067306519,0.99635255336761475,5.3539943695068359,0,0,0,0
99,180,862800,29.364120483398438,0,6.4757041400298476E-05,55.784233093261719,34.715038299560547,0,43.719852447509766,21.229925155639648,0.00029906822601333261,2.2307474409899442E-06,5.9837579727172852,1.0240693092346191,0.86697840690612793,1.0799874067306519,0.99635255336761475,5.3539943695068359,0,0,0,0
99,195,863160,28.860212326049805,0,6.3297091401182115E-05,55.042823791503906,34.663124084472656,0,42.852981567382812,22.048770904541016,0.00030155183048918843,1.6866618324229421E-08,6.5781354904174805,1.0768293142318726,0.86697840690612793,1.0799874067306519,0.99635255336761475,5.3539943695068359,0,0,0,0
99,210,863520,26.984857559204102,0,6.4463194576092064E-05,54.390247344970703,34.612312316894531,0,42.670337677001953,22.424249649047852,0.00030402600532397628,1.095174784193631E-10,6.9633893966674805,1.1110262870788574,0.86697840690612793,1.0799874067306519,0.99635255336761475,5.3539943695068359,0,0,0,0
99,225,863880,23.822498321533203,5.9434573813632596E-06,6.7686429247260094E-05,53.939155578613281,34.562446594238281,0,43.330196380615234,22.318796157836914,0.00030647945823147893,4.8596050144025793E-13,7.0045757293701172,1.1151183843612671,0.86697840690612793,1.0799874067306519,0.99635255336761475,5.3539943695068359,0,0,0,0
99,240,864240,19.661844253540039,0.00010668786126188934,8.8267966930288821E-05,53.762569427490234,34.513469696044922,0,46.746387481689453,21.172344207763672,0.00030887636239640415,1.2253647659475251E-15,6.6936817169189453,1.0918158292770386,0.86697840690612793,1.0799874067306519,0.99635255336761475,5.3539943695068359,0,0,0,0
99,255,864600,14.976958274841309,0.00015322018589358777,0.00015710016305092722,53.836536407470703,34.472553253173828,0,51.619594573974609,19.431198120117188,0.00031116683385334909,1.5249389955023601E-18,6.1603946685791016,1.0518442392349243,0.86697840690612793,1.0799874067306519,0.99635255336761475,5.3539943695068359,0,0,0,0
99,270,864960,9.3139324188232422,0.00015834240184631199,0.00042683645733632147,54.111251831054688,34.449371337890625,0,55.526981353759766,17.836719512939453,0.00031334668165072799,7.7231163841498263E-22,5.5408749580383301,1.0054092407226562,0.86697840690612793,1.0799874067306519,0.99635255336761475,5.3539943695068359,0,0,0,0
99,285,865320,4.8115091323852539,0.00024690947611816227,0.0012140007456764579,54.406414031982422,34.435787200927734,0,57.673259735107422,16.386234283447266,0.0003154408186674118,2.2066840614411967E-25,4.9712796211242676,0.96271610260009766,0.86697840690612793,1.0799874067306519,0.99635255336761475,5.3539943695068359,0,0,0,0
99,300,865680,0.93868571519851685,9.5213188615161926E-05,0.0019219039240851998,54.677757263183594,34.428287506103516,0,58.062862396240234,15.06214427947998,0.00031749103800393641,0.00076906161848455667,4.5877671241760254,0.93397057056427002,0.86697840690612793,1.0799874067306519,0.99635255336761475,5.3539943695068359,0,0,0,0
99,315,866040,-2.013446569442749,7.1072267019189894E-05,0.0034407798666507006,54.888603210449219,34.419166564941406,1.7941034457180649E-05,57.811206817626953,13.996479034423828,0.00031510464032180607,0.014497837983071804,4.4892630577087402,0.92847520112991333,0.86697840690612793,1.0799874067306519,0.99635255336761475,5.3539943695068359,0,0,0,0
99,330,866400,-4.2879509925842285,6.2447099480777979E-05,0.0058177225291728973,55.226150512695312,34.405311584472656,0.28836297988891602,55.838554382324219,14.663092613220215,0.00030668661929666996,0.047424145042896271,4.3175764083862305,0.9397093653678894,0.86697840690612793,1.0799874067306519,0.99635255336761475,5.3539943695068359,0,0,0,0
99,345,866760,-5.8249030113220215,0.00015818583779036999,0.0064850570634007454,55.443866729736328,34.385658264160156,0.34077033400535583,51.725994110107422,17.312082290649414,0.00029756117146462202,0.10053657740354538,4.0276789665222168,0.95867854356765747,0.86697840690612793,1.0799874067306519,0.99635255336761475,5.3539943695068359,0,0,0,0
99,360,867120,-9.8889780044555664,0.0083042886108160019,0.033862408250570297,55.864574432373047,34.376789093017578,0.70454287528991699,46.18499755859375,21.096267700195312,0.00029474389157257974,0.18069945275783539,0.4258953332901001,0.92648446559906006,0.89288228750228882,1.0797467231750488,1.0807474851608276,6.8598785400390625,0,0,0,0
99,365,867240,-10.331240653991699,0.0069651277735829353,0.049251798540353775,55.853225708007812,34.364524841308594,1.0482733249664307,44.254302978515625,22.361288070678711,0.00029419985366985202,0.20710812509059906,-0.2295072078704834,0.92268848419189453,0.89767932891845703,1.0797021389007568,1.0963761806488037,7.1387462615966797,0,0,0,0
100,15,867600,-8.9482946395874023,0.01075422577559948,0.025978695601224899,56.072872161865234,34.322284698486328,1.3839511871337891,39.206607818603516,25.224420547485352,0.00029271241510286927,0.23048274219036102,0.49880731105804443,0.94742363691329956,0.89104795455932617,1.0797637701034546,1.0747710466384888,6.753239631652832,0,0,0,0
100,30,867960,-7.889862060546875,0.011423136107623577,0.073302596807479858,56.119728088378906,34.275970458984375,2.0079019069671631,34.524826049804688,27.487281799316406,0.0002912097261287272,0.26206874847412109,-0.28892648220062256,0.93271642923355103,0.89767932891845703,1.0797021389007568,1.0963761806488037,7.1387462615966797,0,0,0,0
100,45,868320,-5.2078056335449219,0.004166983999311924,0.0070924218744039536,56.371849060058594,34.233390808105469,2.613844633102417,30.965778350830078,28.476715087890625,0.00028828546055592597,0.26263245940208435,-0.12641286849975586,0.92218512296676636,0.89767932891845703,1.0797021389007568,1.0963761806488037,7.1387462615966797,0,0,0,0
100,60,868680,-1.65263831615448,0.0039550489746034145,0.030687505379319191,56.684497833251953,34.202285766601562,2.7704875469207764,29.498048782348633,27.378284454345703,0.00028091625426895916,0.22666354477405548,0.12532377243041992,0.9058721661567688,0.89767932891845703,1.0797021389007568,1.0963761806488037,7.1387462615966797,0,0,0,0
100,75,869040,2.6178851127624512,0.00063573819352313876,0.088211134076118469,57.072246551513672,34.255455017089844,0.18605832755565643,29.504924774169922,25.106456756591797,0.00028101980569772422,0.16889587044715881,0.41848540306091309,0.8868747353553772,0.89767932891845703,1.0797021389007568,1.0963761806488037,7.1387462615966797,0,0,0,0
100,90,869400,8.0474987030029297,6.7570545070338994E-06,0.0038748339284211397,56.919525146484375,34.210105895996094,0,31.464399337768555,22.978551864624023,0.0002838236978277564,0.10662590712308884,0.70527410507202148,0.86829030513763428,0.89767932891845703,1.0797021389007568,1.0963761806488037,7.1387462615966797,0,0,0,0
100,105,869760,12.616487503051758,7.5561456469586119E-07,0.0012757307849824429,56.597618103027344,34.152496337890625,0,36.099998474121094,21.041101455688477,0.00028655794449150562,0.048271767795085907,0.93789148330688477,0.85321623086929321,0.89767932891845703,1.0797021389007568,1.0963761806488037,7.1387462615966797,0,0,0,0
100,120,870120,16.804512023925781,0,0.00064932042732834816,56.108684539794922,34.091041564941406,0,41.279438018798828,19.288753509521484,0.00028920575277879834,0.0090517010539770126,1.0685397386550903,0.84474992752075195,0.89767932891845703,1.0797021389007568,1.0963761806488037,7.1387462615966797,0,0,0,0
100,135,870480,20.267715454101562,0,0.00042531164945103228,55.468757629394531,34.036628723144531,0,44.732898712158203,18.271520614624023,0.00029178030672483146,0.00019628049631137401,1.1061089038848877,0.84467470645904541,0.89767932891845703,1.0797021389007568,1.0963761806488037,7.1387462615966797,0,0,0,0
100,150,870840,22.926321029663086,0,0.00028033583657816052,54.728832244873047,33.988578796386719,0,45.751640319824219,18.382570266723633,0.00029431629809550941,1.3788423984806286E-06,1.23616623878479,0.84873616695404053,0.89767932891845703,1.0797021389007568,1.0963761806488037,7.1387462615966797,0,0,0,0
100,165,871200,31.48707389831543,0,5.315772068570368E-05,53.945285797119141,33.943199157714844,0,45.551959991455078,19.135503768920898,0.00029683587490580976,9.5955945411674293E-09,8.1015291213989258,0.85500222444534302,0.89767932891845703,1.0797021389007568,1.0963761806488037,7.1387462615966797,1,0,0,0
100,180,871560,24.956321716308594,0,0.00012112093099858612,53.179100036621094,33.898689270019531,0,45.333423614501953,19.855022430419922,0.00029935274505987763,4.2588516047104008E-11,1.6610097885131836,0.86200326681137085,0.89767932891845703,1.0797021389007568,1.0963761806488037,7.1387462615966797,0,0,0,0
100,195,871920,24.109872817993164,0,8.2488775660749525E-05,52.525444030761719,33.854412078857422,0,45.765403747558594,20.207740783691406,0.00030185395735315979,1.128844535750774E-13,1.8616652488708496,0.86826932430267334,0.89767932891845703,1.0797021389007568,1.0963761806488037,7.1387462615966797,0,0,0,0
100,210,872280,22.070989608764648,0,7.1751434006728232E-05,52.042285919189453,33.810279846191406,0,46.708427429199219,20.275915145874023,0.00030432775383815169,1.6351809581088698E-16,1.991722583770752,0.87233084440231323,0.89767932891845703,1.0797021389007568,1.0963761806488037,7.1387462615966797,0,0,0,0
100,225,872640,18.964153289794922,8.8941023932420649E-06,8.9615881734061986E-05,51.779949188232422,33.767623901367188,0,49.714649200439453,19.490829467773438,0.00030674281879328191,2.674469049333947E-19,1.993833065032959,0.87299489974975586,0.89767932891845703,1.0797021389007568,5.5,7.1387462615966797,0,0,1,0
100,240,873000,14.974613189697266,0.00015919559518806636,0.0001548246800666675,51.748088836669922,33.7342529296875,0,54.616676330566406,17.980484008789062,0.00030905651510693133,2.2801061424020252E-22,1.77280592918396,0.87198066711425781,0.89767932891845703,1.0797021389007568,1.0963761806488037,7.1387462615966797,0,0,0,0
100,255,873360,10.487850189208984,0.00017479507368989289,0.0004510475555434823,51.888088226318359,33.720302581787109,0,58.879535675048828,16.54517936706543,0.00031126101384870708,9.5873698589042441E-26,1.3936715126037598,0.87024080753326416,0.89767932891845703,1.0797021389007568,1.0963761806488037,7.1387462615966797,0,0,0,0
100,270,873720,5.0077314376831055,0.00018053370877169073,0.0013174276100471616,52.236103057861328,33.726882934570312,0,61.6107177734375,15.242794990539551,0.00031337677501142025,4.1375135171994327E-29,0.95323050022125244,0.86821967363357544,0.89767932891845703,1.0797021389007568,1.0963761806488037,7.1387462615966797,0,0,0,0
100,285,874080,0.66994434595108032,0.00015474273823201656,0.0030651085544377565,52.618370056152344,33.741840362548828,0,62.214046478271484,14.053834915161133,0.00031543843215331435,1.0010860584941383E-08,0.54828274250030518,0.86636149883270264,0.89767932891845703,1.0797021389007568,1.0963761806488037,7.1387462615966797,0,0,0,0
100,300,874440,-3.1161830425262451,0.0001277546543860808,0.0059366701170802116,52.993038177490234,33.754383087158203,5.6639833928784356E-05,61.778736114501953,13.261397361755371,0.00031243241392076015,0.0016179758822545409,0.27562868595123291,0.86511021852493286,0.89767932891845703,1.0797021389007568,1.0963761806488037,7.1387462615966797,0,0,0,0
100,315,874800,-6.0893230438232422,0.00011441084643593058,0.0081438394263386726,53.325828552246094,33.758052825927734,0.046617284417152405,58.371227264404297,15.372706413269043,0.00030353665351867676,0.024797331541776657,0.20828795433044434,0.86572670936584473,0.89767932891845703,1.0797021389007568,1.0963761806488037,7.1387462615966797,0,0,0,0
100,330,875160,-8.3375930786132812,0.0035768039524555206,0.010131441988050938,53.615104675292969,33.751045227050781,0.21444566547870636,52.296077728271484,19.834022521972656,0.00030050540226511657,1.082749605178833,0.12056910991668701,0.87713974714279175,1.2644121646881104,1.0797021389007568,1.0963761806488037,7.1387462615966797,0,0,0,1
100,345,875520,-9.7969808578491211,0.010606369003653526,0.043697461485862732,53.639881134033203,33.711528778076172,0.54472070932388306,46.042812347412109,24.066104888916016,0.00029879988869652152,0.14620305597782135,-0.027546167373657227,0.89641112089157104,0.89767932891845703,1.0797021389007568,1.0963761806488037,7.1387462615966797,0,0,0,0
100,360,875880,-10.229653358459473,0.0054595177061855793,0.043649639934301376,53.616725921630859,33.663486480712891,1.0511655807495117,40.490692138671875,27.261589050292969,0.00029718878795392811,0.23655727505683899,-0.071107089519500732,0.86432880163192749,0.93152445554733276,0.89569580554962158,1.1760852336883545,9.9491682052612305,0,0,0,0
100,365,876000,-10.151572227478027,0.0055435453541576862,0.045570354908704758,53.609130859375,33.647380828857422,1.2886464595794678,38.792568206787109,28.115650177001953,0.00029667076887562871,0.26966631412506104,0.005833745002746582,0.8634076714515686,0.93779206275939941,0.86162054538726807,1.1908462047576904,10.469616889953613,0,0,0,0
